$MeshFormat
4.1 0 8
$EndMeshFormat
$PhysicalNames
2
1 2 "bc"
2 1 "material"
$EndPhysicalNames
$Entities
4 4 1 0
1 0 -0.095 0 0 
2 0.1 -0.095 0 0 
3 0.1 0.005 0 0 
4 0 0.005 0 0 
1 0 -0.095 0 0.1 -0.095 0 1 2 2 1 -2 
2 0.1 -0.095 0 0.1 0.005000000000000004 0 1 2 2 2 -3 
3 0 0.005 0 0.1 0.005 0 1 2 2 3 -4 
4 0 -0.095 0 0 0.004999999999999998 0 1 2 2 4 -1 
1 0 -0.095 0 0.1 0.005000000000000004 0 1 1 4 1 2 3 4 
$EndEntities
$Nodes
9 10201 1 10201
0 1 0 1
1
0 -0.095 0
0 2 0 1
2
0.1 -0.095 0
0 3 0 1
3
0.1 0.005 0
0 4 0 1
4
0 0.005 0
1 1 0 99
5
6
7
8
9
10
11
12
13
14
15
16
17
18
19
20
21
22
23
24
25
26
27
28
29
30
31
32
33
34
35
36
37
38
39
40
41
42
43
44
45
46
47
48
49
50
51
52
53
54
55
56
57
58
59
60
61
62
63
64
65
66
67
68
69
70
71
72
73
74
75
76
77
78
79
80
81
82
83
84
85
86
87
88
89
90
91
92
93
94
95
96
97
98
99
100
101
102
103
0.0009999999999981796 -0.095 0
0.001999999999996392 -0.095 0
0.002999999999994533 -0.095 0
0.003999999999992523 -0.095 0
0.004999999999990301 -0.095 0
0.005999999999988311 -0.095 0
0.006999999999986685 -0.095 0
0.007999999999985366 -0.095 0
0.008999999999984054 -0.095 0
0.009999999999982485 -0.095 0
0.01099999999998125 -0.095 0
0.01199999999997956 -0.095 0
0.01299999999997734 -0.095 0
0.01399999999997459 -0.095 0
0.01499999999997172 -0.095 0
0.01599999999996885 -0.095 0
0.01699999999996598 -0.095 0
0.01799999999996308 -0.095 0
0.01899999999995934 -0.095 0
0.01999999999995601 -0.095 0
0.02099999999995315 -0.095 0
0.02199999999995027 -0.095 0
0.0229999999999474 -0.095 0
0.02399999999994453 -0.095 0
0.02499999999994167 -0.095 0
0.02599999999993879 -0.095 0
0.02699999999993593 -0.095 0
0.02799999999993305 -0.095 0
0.02899999999993018 -0.095 0
0.02999999999992731 -0.095 0
0.03099999999992444 -0.095 0
0.03199999999992157 -0.095 0
0.0329999999999187 -0.095 0
0.03399999999991583 -0.095 0
0.03499999999991296 -0.095 0
0.0359999999999101 -0.095 0
0.03699999999990673 -0.095 0
0.03799999999990213 -0.095 0
0.03899999999989877 -0.095 0
0.0399999999998959 -0.095 0
0.04099999999989303 -0.095 0
0.04199999999989016 -0.095 0
0.0429999999998873 -0.095 0
0.04399999999988442 -0.095 0
0.04499999999988155 -0.095 0
0.04599999999987867 -0.095 0
0.04699999999987581 -0.095 0
0.04799999999987294 -0.095 0
0.04899999999987006 -0.095 0
0.04999999999986855 -0.095 0
0.05099999999986953 -0.095 0
0.05199999999987262 -0.095 0
0.05299999999987555 -0.095 0
0.05399999999987788 -0.095 0
0.05499999999988021 -0.095 0
0.05599999999988345 -0.095 0
0.05699999999988621 -0.095 0
0.05799999999988854 -0.095 0
0.05899999999989088 -0.095 0
0.0599999999998943 -0.095 0
0.06099999999989689 -0.095 0
0.06199999999989923 -0.095 0
0.06299999999990157 -0.095 0
0.06399999999990513 -0.095 0
0.06499999999990866 -0.095 0
0.06599999999990926 -0.095 0
0.06699999999991191 -0.095 0
0.06799999999991597 -0.095 0
0.06899999999991917 -0.095 0
0.06999999999991978 -0.095 0
0.07099999999992276 -0.095 0
0.07199999999992683 -0.095 0
0.07299999999992968 -0.095 0
0.07399999999993027 -0.095 0
0.07499999999993359 -0.095 0
0.0759999999999369 -0.095 0
0.07699999999993751 -0.095 0
0.07799999999994037 -0.095 0
0.07899999999994443 -0.095 0
0.07999999999994742 -0.095 0
0.08099999999994802 -0.095 0
0.08199999999995122 -0.095 0
0.08299999999995528 -0.095 0
0.08399999999995794 -0.095 0
0.08499999999995854 -0.095 0
0.08599999999996205 -0.095 0
0.08699999999996612 -0.095 0
0.08799999999996844 -0.095 0
0.08899999999996905 -0.095 0
0.08999999999997288 -0.095 0
0.09099999999997695 -0.095 0
0.09199999999997896 -0.095 0
0.09299999999997965 -0.095 0
0.09399999999998374 -0.095 0
0.0949999999999878 -0.095 0
0.09599999999998948 -0.095 0
0.09699999999999051 -0.095 0
0.09799999999999458 -0.095 0
0.09899999999999864 -0.095 0
1 2 0 99
104
105
106
107
108
109
110
111
112
113
114
115
116
117
118
119
120
121
122
123
124
125
126
127
128
129
130
131
132
133
134
135
136
137
138
139
140
141
142
143
144
145
146
147
148
149
150
151
152
153
154
155
156
157
158
159
160
161
162
163
164
165
166
167
168
169
170
171
172
173
174
175
176
177
178
179
180
181
182
183
184
185
186
187
188
189
190
191
192
193
194
195
196
197
198
199
200
201
202
0.1 -0.09400000000000275 0
0.1 -0.09300000000000548 0
0.1 -0.09200000000000823 0
0.1 -0.09100000000001096 0
0.1 -0.09000000000001371 0
0.1 -0.08900000000001644 0
0.1 -0.08800000000001919 0
0.1 -0.08700000000002192 0
0.1 -0.08600000000002467 0
0.1 -0.08500000000002741 0
0.1 -0.08400000000003015 0
0.1 -0.08300000000003289 0
0.1 -0.08200000000003563 0
0.1 -0.08100000000003837 0
0.1 -0.08000000000004112 0
0.1 -0.07900000000004385 0
0.1 -0.0780000000000466 0
0.1 -0.07700000000004935 0
0.1 -0.07600000000005208 0
0.1 -0.07500000000005483 0
0.1 -0.07400000000005758 0
0.1 -0.07300000000006031 0
0.1 -0.07200000000006306 0
0.1 -0.0710000000000658 0
0.1 -0.07000000000006854 0
0.1 -0.06900000000007128 0
0.1 -0.06800000000007402 0
0.1 -0.06700000000007675 0
0.1 -0.0660000000000795 0
0.1 -0.06500000000008223 0
0.1 -0.06400000000008498 0
0.1 -0.06300000000008771 0
0.1 -0.06200000000009045 0
0.1 -0.06100000000009319 0
0.1 -0.06000000000009593 0
0.1 -0.05900000000009867 0
0.1 -0.05800000000010189 0
0.1 -0.05700000000010636 0
0.1 -0.05600000000010959 0
0.1 -0.05500000000011233 0
0.1 -0.05400000000011507 0
0.1 -0.05300000000011781 0
0.1 -0.05200000000012054 0
0.1 -0.05100000000012328 0
0.1 -0.05000000000012603 0
0.1 -0.04900000000012876 0
0.1 -0.0480000000001315 0
0.1 -0.04700000000013424 0
0.1 -0.04600000000013698 0
0.1 -0.04500000000013837 0
0.1 -0.04400000000013724 0
0.1 -0.04300000000013402 0
0.1 -0.04200000000013096 0
0.1 -0.04100000000012848 0
0.1 -0.04000000000012602 0
0.1 -0.03900000000012263 0
0.1 -0.03800000000011972 0
0.1 -0.03700000000011725 0
0.1 -0.03600000000011479 0
0.1 -0.03500000000011122 0
0.1 -0.03400000000010849 0
0.1 -0.03300000000010601 0
0.1 -0.03200000000010356 0
0.1 -0.03100000000009984 0
0.1 -0.03000000000009617 0
0.1 -0.02900000000009544 0
0.1 -0.02800000000009265 0
0.1 -0.02700000000008844 0
0.1 -0.02600000000008511 0
0.1 -0.02500000000008437 0
0.1 -0.02400000000008126 0
0.1 -0.02300000000007706 0
0.1 -0.02200000000007403 0
0.1 -0.02100000000007331 0
0.1 -0.02000000000006985 0
0.1 -0.01900000000006639 0
0.1 -0.01800000000006567 0
0.1 -0.01700000000006266 0
0.1 -0.01600000000005845 0
0.1 -0.01500000000005533 0
0.1 -0.01400000000005461 0
0.1 -0.01300000000005128 0
0.1 -0.01200000000004706 0
0.1 -0.01100000000004428 0
0.1 -0.01000000000004353 0
0.1 -0.009000000000039865 0
0.1 -0.008000000000035673 0
0.1 -0.007000000000033202 0
0.1 -0.006000000000032452 0
0.1 -0.005000000000028482 0
0.1 -0.004000000000024276 0
0.1 -0.003000000000022124 0
0.1 -0.00200000000002129 0
0.1 -0.001000000000017071 0
0.1 -1.287858708565182e-14 0
0.1 0.0009999999999889403 0
0.1 0.001999999999990107 0
0.1 0.002999999999994313 0
0.1 0.003999999999998519 0
1 3 0 99
203
204
205
206
207
208
209
210
211
212
213
214
215
216
217
218
219
220
221
222
223
224
225
226
227
228
229
230
231
232
233
234
235
236
237
238
239
240
241
242
243
244
245
246
247
248
249
250
251
252
253
254
255
256
257
258
259
260
261
262
263
264
265
266
267
268
269
270
271
272
273
274
275
276
277
278
279
280
281
282
283
284
285
286
287
288
289
290
291
292
293
294
295
296
297
298
299
300
301
0.09900000000000277 0.005 0
0.09800000000000554 0.005 0
0.0970000000000083 0.005 0
0.09600000000001108 0.005 0
0.09500000000001384 0.005 0
0.09400000000001661 0.005 0
0.09300000000001937 0.005 0
0.09200000000002215 0.005 0
0.09100000000002491 0.005 0
0.09000000000002767 0.005 0
0.08900000000003044 0.005 0
0.0880000000000332 0.005 0
0.08700000000003598 0.005 0
0.08600000000003874 0.005 0
0.08500000000004151 0.005 0
0.08400000000004428 0.005 0
0.08300000000004704 0.005 0
0.08200000000004981 0.005 0
0.08100000000005257 0.005 0
0.08000000000005535 0.005 0
0.07900000000005811 0.005 0
0.07800000000006088 0.005 0
0.07700000000006364 0.005 0
0.0760000000000664 0.005 0
0.07500000000006918 0.005 0
0.07400000000007194 0.005 0
0.07300000000007471 0.005 0
0.07200000000007747 0.005 0
0.07100000000008025 0.005 0
0.07000000000008301 0.005 0
0.06900000000008577 0.005 0
0.06800000000008855 0.005 0
0.06700000000009131 0.005 0
0.06600000000009407 0.005 0
0.06500000000009684 0.005 0
0.0640000000000996 0.005 0
0.06300000000010236 0.005 0
0.06200000000010514 0.005 0
0.06100000000010791 0.005 0
0.06000000000011067 0.005 0
0.05900000000011344 0.005 0
0.05800000000011621 0.005 0
0.05700000000011898 0.005 0
0.05600000000012174 0.005 0
0.0550000000001245 0.005 0
0.05400000000012727 0.005 0
0.05300000000013003 0.005 0
0.0520000000001328 0.005 0
0.05100000000013558 0.005 0
0.05000000000013698 0.005 0
0.04900000000013589 0.005 0
0.04800000000013269 0.005 0
0.04700000000012966 0.005 0
0.04600000000012721 0.005 0
0.04500000000012477 0.005 0
0.04400000000012141 0.005 0
0.04300000000011853 0.005 0
0.04200000000011609 0.005 0
0.04100000000011365 0.005 0
0.04000000000011013 0.005 0
0.03900000000010741 0.005 0
0.03800000000010496 0.005 0
0.03700000000010253 0.005 0
0.03600000000009884 0.005 0
0.0350000000000952 0.005 0
0.0340000000000945 0.005 0
0.03300000000009173 0.005 0
0.03200000000008756 0.005 0
0.03100000000008425 0.005 0
0.03000000000008354 0.005 0
0.02900000000008045 0.005 0
0.02800000000007627 0.005 0
0.02700000000007328 0.005 0
0.02600000000007258 0.005 0
0.02500000000006916 0.005 0
0.02400000000006575 0.005 0
0.02300000000006504 0.005 0
0.02200000000006205 0.005 0
0.02100000000005789 0.005 0
0.02000000000005478 0.005 0
0.01900000000005407 0.005 0
0.01800000000005078 0.005 0
0.01700000000004659 0.005 0
0.01600000000004383 0.005 0
0.01500000000004312 0.005 0
0.01400000000003948 0.005 0
0.0130000000000353 0.005 0
0.01200000000003287 0.005 0
0.01100000000003216 0.005 0
0.01000000000002819 0.005 0
0.009000000000024017 0.005 0
0.008000000000021906 0.005 0
0.007000000000021087 0.005 0
0.006000000000016908 0.005 0
0.005000000000012744 0.005 0
0.004000000000010953 0.005 0
0.0030000000000098 0.005 0
0.002000000000005636 0.005 0
0.001000000000001458 0.005 0
1 4 0 99
302
303
304
305
306
307
308
309
310
311
312
313
314
315
316
317
318
319
320
321
322
323
324
325
326
327
328
329
330
331
332
333
334
335
336
337
338
339
340
341
342
343
344
345
346
347
348
349
350
351
352
353
354
355
356
357
358
359
360
361
362
363
364
365
366
367
368
369
370
371
372
373
374
375
376
377
378
379
380
381
382
383
384
385
386
387
388
389
390
391
392
393
394
395
396
397
398
399
400
0 0.004000000000001743 0
0 0.003000000000003364 0
0 0.002000000000005188 0
0 0.001000000000007202 0
0 9.425620006719981e-15 0
0 -0.0009999999999885803 0
0 -0.001999999999986951 0
0 -0.00299999999998563 0
0 -0.003999999999984314 0
0 -0.00499999999998274 0
0 -0.005999999999981504 0
0 -0.00699999999997981 0
0 -0.007999999999977584 0
0 -0.008999999999974834 0
0 -0.009999999999971958 0
0 -0.01099999999996909 0
0 -0.01199999999996621 0
0 -0.01299999999996331 0
0 -0.01399999999995957 0
0 -0.01499999999995624 0
0 -0.01599999999995336 0
0 -0.01699999999995049 0
0 -0.01799999999994761 0
0 -0.01899999999994474 0
0 -0.01999999999994186 0
0 -0.02099999999993899 0
0 -0.02199999999993611 0
0 -0.02299999999993323 0
0 -0.02399999999993035 0
0 -0.02499999999992747 0
0 -0.0259999999999246 0
0 -0.02699999999992172 0
0 -0.02799999999991884 0
0 -0.02899999999991596 0
0 -0.02999999999991309 0
0 -0.03099999999991021 0
0 -0.03199999999990685 0
0 -0.03299999999990224 0
0 -0.03399999999989887 0
0 -0.034999999999896 0
0 -0.03599999999989312 0
0 -0.03699999999989024 0
0 -0.03799999999988737 0
0 -0.03899999999988448 0
0 -0.03999999999988161 0
0 -0.04099999999987873 0
0 -0.04199999999987585 0
0 -0.04299999999987298 0
0 -0.04399999999987009 0
0 -0.04499999999986858 0
0 -0.04599999999986955 0
0 -0.04699999999987264 0
0 -0.04799999999987557 0
0 -0.04899999999987791 0
0 -0.04999999999988024 0
0 -0.05099999999988347 0
0 -0.05199999999988623 0
0 -0.05299999999988857 0
0 -0.0539999999998909 0
0 -0.05499999999989432 0
0 -0.05599999999989692 0
0 -0.05699999999989925 0
0 -0.05799999999990158 0
0 -0.05899999999990516 0
0 -0.05999999999990867 0
0 -0.06099999999990929 0
0 -0.06199999999991194 0
0 -0.062999999999916 0
0 -0.06399999999991919 0
0 -0.06499999999991979 0
0 -0.06599999999992277 0
0 -0.06699999999992684 0
0 -0.0679999999999297 0
0 -0.0689999999999303 0
0 -0.0699999999999336 0
0 -0.07099999999993692 0
0 -0.07199999999993752 0
0 -0.07299999999994039 0
0 -0.07399999999994444 0
0 -0.07499999999994744 0
0 -0.07599999999994804 0
0 -0.07699999999995123 0
0 -0.0779999999999553 0
0 -0.07899999999995795 0
0 -0.07999999999995855 0
0 -0.08099999999996207 0
0 -0.08199999999996614 0
0 -0.08299999999996846 0
0 -0.08399999999996906 0
0 -0.0849999999999729 0
0 -0.08599999999997697 0
0 -0.08699999999997898 0
0 -0.08799999999997968 0
0 -0.08899999999998376 0
0 -0.08999999999998781 0
0 -0.09099999999998949 0
0 -0.09199999999999053 0
0 -0.09299999999999459 0
0 -0.09399999999999865 0
2 1 0 9801
401
402
403
404
405
406
407
408
409
410
411
412
413
414
415
416
417
418
419
420
421
422
423
424
425
426
427
428
429
430
431
432
433
434
435
436
437
438
439
440
441
442
443
444
445
446
447
448
449
450
451
452
453
454
455
456
457
458
459
460
461
462
463
464
465
466
467
468
469
470
471
472
473
474
475
476
477
478
479
480
481
482
483
484
485
486
487
488
489
490
491
492
493
494
495
496
497
498
499
500
501
502
503
504
505
506
507
508
509
510
511
512
513
514
515
516
517
518
519
520
521
522
523
524
525
526
527
528
529
530
531
532
533
534
535
536
537
538
539
540
541
542
543
544
545
546
547
548
549
550
551
552
553
554
555
556
557
558
559
560
561
562
563
564
565
566
567
568
569
570
571
572
573
574
575
576
577
578
579
580
581
582
583
584
585
586
587
588
589
590
591
592
593
594
595
596
597
598
599
600
601
602
603
604
605
606
607
608
609
610
611
612
613
614
615
616
617
618
619
620
621
622
623
624
625
626
627
628
629
630
631
632
633
634
635
636
637
638
639
640
641
642
643
644
645
646
647
648
649
650
651
652
653
654
655
656
657
658
659
660
661
662
663
664
665
666
667
668
669
670
671
672
673
674
675
676
677
678
679
680
681
682
683
684
685
686
687
688
689
690
691
692
693
694
695
696
697
698
699
700
701
702
703
704
705
706
707
708
709
710
711
712
713
714
715
716
717
718
719
720
721
722
723
724
725
726
727
728
729
730
731
732
733
734
735
736
737
738
739
740
741
742
743
744
745
746
747
748
749
750
751
752
753
754
755
756
757
758
759
760
761
762
763
764
765
766
767
768
769
770
771
772
773
774
775
776
777
778
779
780
781
782
783
784
785
786
787
788
789
790
791
792
793
794
795
796
797
798
799
800
801
802
803
804
805
806
807
808
809
810
811
812
813
814
815
816
817
818
819
820
821
822
823
824
825
826
827
828
829
830
831
832
833
834
835
836
837
838
839
840
841
842
843
844
845
846
847
848
849
850
851
852
853
854
855
856
857
858
859
860
861
862
863
864
865
866
867
868
869
870
871
872
873
874
875
876
877
878
879
880
881
882
883
884
885
886
887
888
889
890
891
892
893
894
895
896
897
898
899
900
901
902
903
904
905
906
907
908
909
910
911
912
913
914
915
916
917
918
919
920
921
922
923
924
925
926
927
928
929
930
931
932
933
934
935
936
937
938
939
940
941
942
943
944
945
946
947
948
949
950
951
952
953
954
955
956
957
958
959
960
961
962
963
964
965
966
967
968
969
970
971
972
973
974
975
976
977
978
979
980
981
982
983
984
985
986
987
988
989
990
991
992
993
994
995
996
997
998
999
1000
1001
1002
1003
1004
1005
1006
1007
1008
1009
1010
1011
1012
1013
1014
1015
1016
1017
1018
1019
1020
1021
1022
1023
1024
1025
1026
1027
1028
1029
1030
1031
1032
1033
1034
1035
1036
1037
1038
1039
1040
1041
1042
1043
1044
1045
1046
1047
1048
1049
1050
1051
1052
1053
1054
1055
1056
1057
1058
1059
1060
1061
1062
1063
1064
1065
1066
1067
1068
1069
1070
1071
1072
1073
1074
1075
1076
1077
1078
1079
1080
1081
1082
1083
1084
1085
1086
1087
1088
1089
1090
1091
1092
1093
1094
1095
1096
1097
1098
1099
1100
1101
1102
1103
1104
1105
1106
1107
1108
1109
1110
1111
1112
1113
1114
1115
1116
1117
1118
1119
1120
1121
1122
1123
1124
1125
1126
1127
1128
1129
1130
1131
1132
1133
1134
1135
1136
1137
1138
1139
1140
1141
1142
1143
1144
1145
1146
1147
1148
1149
1150
1151
1152
1153
1154
1155
1156
1157
1158
1159
1160
1161
1162
1163
1164
1165
1166
1167
1168
1169
1170
1171
1172
1173
1174
1175
1176
1177
1178
1179
1180
1181
1182
1183
1184
1185
1186
1187
1188
1189
1190
1191
1192
1193
1194
1195
1196
1197
1198
1199
1200
1201
1202
1203
1204
1205
1206
1207
1208
1209
1210
1211
1212
1213
1214
1215
1216
1217
1218
1219
1220
1221
1222
1223
1224
1225
1226
1227
1228
1229
1230
1231
1232
1233
1234
1235
1236
1237
1238
1239
1240
1241
1242
1243
1244
1245
1246
1247
1248
1249
1250
1251
1252
1253
1254
1255
1256
1257
1258
1259
1260
1261
1262
1263
1264
1265
1266
1267
1268
1269
1270
1271
1272
1273
1274
1275
1276
1277
1278
1279
1280
1281
1282
1283
1284
1285
1286
1287
1288
1289
1290
1291
1292
1293
1294
1295
1296
1297
1298
1299
1300
1301
1302
1303
1304
1305
1306
1307
1308
1309
1310
1311
1312
1313
1314
1315
1316
1317
1318
1319
1320
1321
1322
1323
1324
1325
1326
1327
1328
1329
1330
1331
1332
1333
1334
1335
1336
1337
1338
1339
1340
1341
1342
1343
1344
1345
1346
1347
1348
1349
1350
1351
1352
1353
1354
1355
1356
1357
1358
1359
1360
1361
1362
1363
1364
1365
1366
1367
1368
1369
1370
1371
1372
1373
1374
1375
1376
1377
1378
1379
1380
1381
1382
1383
1384
1385
1386
1387
1388
1389
1390
1391
1392
1393
1394
1395
1396
1397
1398
1399
1400
1401
1402
1403
1404
1405
1406
1407
1408
1409
1410
1411
1412
1413
1414
1415
1416
1417
1418
1419
1420
1421
1422
1423
1424
1425
1426
1427
1428
1429
1430
1431
1432
1433
1434
1435
1436
1437
1438
1439
1440
1441
1442
1443
1444
1445
1446
1447
1448
1449
1450
1451
1452
1453
1454
1455
1456
1457
1458
1459
1460
1461
1462
1463
1464
1465
1466
1467
1468
1469
1470
1471
1472
1473
1474
1475
1476
1477
1478
1479
1480
1481
1482
1483
1484
1485
1486
1487
1488
1489
1490
1491
1492
1493
1494
1495
1496
1497
1498
1499
1500
1501
1502
1503
1504
1505
1506
1507
1508
1509
1510
1511
1512
1513
1514
1515
1516
1517
1518
1519
1520
1521
1522
1523
1524
1525
1526
1527
1528
1529
1530
1531
1532
1533
1534
1535
1536
1537
1538
1539
1540
1541
1542
1543
1544
1545
1546
1547
1548
1549
1550
1551
1552
1553
1554
1555
1556
1557
1558
1559
1560
1561
1562
1563
1564
1565
1566
1567
1568
1569
1570
1571
1572
1573
1574
1575
1576
1577
1578
1579
1580
1581
1582
1583
1584
1585
1586
1587
1588
1589
1590
1591
1592
1593
1594
1595
1596
1597
1598
1599
1600
1601
1602
1603
1604
1605
1606
1607
1608
1609
1610
1611
1612
1613
1614
1615
1616
1617
1618
1619
1620
1621
1622
1623
1624
1625
1626
1627
1628
1629
1630
1631
1632
1633
1634
1635
1636
1637
1638
1639
1640
1641
1642
1643
1644
1645
1646
1647
1648
1649
1650
1651
1652
1653
1654
1655
1656
1657
1658
1659
1660
1661
1662
1663
1664
1665
1666
1667
1668
1669
1670
1671
1672
1673
1674
1675
1676
1677
1678
1679
1680
1681
1682
1683
1684
1685
1686
1687
1688
1689
1690
1691
1692
1693
1694
1695
1696
1697
1698
1699
1700
1701
1702
1703
1704
1705
1706
1707
1708
1709
1710
1711
1712
1713
1714
1715
1716
1717
1718
1719
1720
1721
1722
1723
1724
1725
1726
1727
1728
1729
1730
1731
1732
1733
1734
1735
1736
1737
1738
1739
1740
1741
1742
1743
1744
1745
1746
1747
1748
1749
1750
1751
1752
1753
1754
1755
1756
1757
1758
1759
1760
1761
1762
1763
1764
1765
1766
1767
1768
1769
1770
1771
1772
1773
1774
1775
1776
1777
1778
1779
1780
1781
1782
1783
1784
1785
1786
1787
1788
1789
1790
1791
1792
1793
1794
1795
1796
1797
1798
1799
1800
1801
1802
1803
1804
1805
1806
1807
1808
1809
1810
1811
1812
1813
1814
1815
1816
1817
1818
1819
1820
1821
1822
1823
1824
1825
1826
1827
1828
1829
1830
1831
1832
1833
1834
1835
1836
1837
1838
1839
1840
1841
1842
1843
1844
1845
1846
1847
1848
1849
1850
1851
1852
1853
1854
1855
1856
1857
1858
1859
1860
1861
1862
1863
1864
1865
1866
1867
1868
1869
1870
1871
1872
1873
1874
1875
1876
1877
1878
1879
1880
1881
1882
1883
1884
1885
1886
1887
1888
1889
1890
1891
1892
1893
1894
1895
1896
1897
1898
1899
1900
1901
1902
1903
1904
1905
1906
1907
1908
1909
1910
1911
1912
1913
1914
1915
1916
1917
1918
1919
1920
1921
1922
1923
1924
1925
1926
1927
1928
1929
1930
1931
1932
1933
1934
1935
1936
1937
1938
1939
1940
1941
1942
1943
1944
1945
1946
1947
1948
1949
1950
1951
1952
1953
1954
1955
1956
1957
1958
1959
1960
1961
1962
1963
1964
1965
1966
1967
1968
1969
1970
1971
1972
1973
1974
1975
1976
1977
1978
1979
1980
1981
1982
1983
1984
1985
1986
1987
1988
1989
1990
1991
1992
1993
1994
1995
1996
1997
1998
1999
2000
2001
2002
2003
2004
2005
2006
2007
2008
2009
2010
2011
2012
2013
2014
2015
2016
2017
2018
2019
2020
2021
2022
2023
2024
2025
2026
2027
2028
2029
2030
2031
2032
2033
2034
2035
2036
2037
2038
2039
2040
2041
2042
2043
2044
2045
2046
2047
2048
2049
2050
2051
2052
2053
2054
2055
2056
2057
2058
2059
2060
2061
2062
2063
2064
2065
2066
2067
2068
2069
2070
2071
2072
2073
2074
2075
2076
2077
2078
2079
2080
2081
2082
2083
2084
2085
2086
2087
2088
2089
2090
2091
2092
2093
2094
2095
2096
2097
2098
2099
2100
2101
2102
2103
2104
2105
2106
2107
2108
2109
2110
2111
2112
2113
2114
2115
2116
2117
2118
2119
2120
2121
2122
2123
2124
2125
2126
2127
2128
2129
2130
2131
2132
2133
2134
2135
2136
2137
2138
2139
2140
2141
2142
2143
2144
2145
2146
2147
2148
2149
2150
2151
2152
2153
2154
2155
2156
2157
2158
2159
2160
2161
2162
2163
2164
2165
2166
2167
2168
2169
2170
2171
2172
2173
2174
2175
2176
2177
2178
2179
2180
2181
2182
2183
2184
2185
2186
2187
2188
2189
2190
2191
2192
2193
2194
2195
2196
2197
2198
2199
2200
2201
2202
2203
2204
2205
2206
2207
2208
2209
2210
2211
2212
2213
2214
2215
2216
2217
2218
2219
2220
2221
2222
2223
2224
2225
2226
2227
2228
2229
2230
2231
2232
2233
2234
2235
2236
2237
2238
2239
2240
2241
2242
2243
2244
2245
2246
2247
2248
2249
2250
2251
2252
2253
2254
2255
2256
2257
2258
2259
2260
2261
2262
2263
2264
2265
2266
2267
2268
2269
2270
2271
2272
2273
2274
2275
2276
2277
2278
2279
2280
2281
2282
2283
2284
2285
2286
2287
2288
2289
2290
2291
2292
2293
2294
2295
2296
2297
2298
2299
2300
2301
2302
2303
2304
2305
2306
2307
2308
2309
2310
2311
2312
2313
2314
2315
2316
2317
2318
2319
2320
2321
2322
2323
2324
2325
2326
2327
2328
2329
2330
2331
2332
2333
2334
2335
2336
2337
2338
2339
2340
2341
2342
2343
2344
2345
2346
2347
2348
2349
2350
2351
2352
2353
2354
2355
2356
2357
2358
2359
2360
2361
2362
2363
2364
2365
2366
2367
2368
2369
2370
2371
2372
2373
2374
2375
2376
2377
2378
2379
2380
2381
2382
2383
2384
2385
2386
2387
2388
2389
2390
2391
2392
2393
2394
2395
2396
2397
2398
2399
2400
2401
2402
2403
2404
2405
2406
2407
2408
2409
2410
2411
2412
2413
2414
2415
2416
2417
2418
2419
2420
2421
2422
2423
2424
2425
2426
2427
2428
2429
2430
2431
2432
2433
2434
2435
2436
2437
2438
2439
2440
2441
2442
2443
2444
2445
2446
2447
2448
2449
2450
2451
2452
2453
2454
2455
2456
2457
2458
2459
2460
2461
2462
2463
2464
2465
2466
2467
2468
2469
2470
2471
2472
2473
2474
2475
2476
2477
2478
2479
2480
2481
2482
2483
2484
2485
2486
2487
2488
2489
2490
2491
2492
2493
2494
2495
2496
2497
2498
2499
2500
2501
2502
2503
2504
2505
2506
2507
2508
2509
2510
2511
2512
2513
2514
2515
2516
2517
2518
2519
2520
2521
2522
2523
2524
2525
2526
2527
2528
2529
2530
2531
2532
2533
2534
2535
2536
2537
2538
2539
2540
2541
2542
2543
2544
2545
2546
2547
2548
2549
2550
2551
2552
2553
2554
2555
2556
2557
2558
2559
2560
2561
2562
2563
2564
2565
2566
2567
2568
2569
2570
2571
2572
2573
2574
2575
2576
2577
2578
2579
2580
2581
2582
2583
2584
2585
2586
2587
2588
2589
2590
2591
2592
2593
2594
2595
2596
2597
2598
2599
2600
2601
2602
2603
2604
2605
2606
2607
2608
2609
2610
2611
2612
2613
2614
2615
2616
2617
2618
2619
2620
2621
2622
2623
2624
2625
2626
2627
2628
2629
2630
2631
2632
2633
2634
2635
2636
2637
2638
2639
2640
2641
2642
2643
2644
2645
2646
2647
2648
2649
2650
2651
2652
2653
2654
2655
2656
2657
2658
2659
2660
2661
2662
2663
2664
2665
2666
2667
2668
2669
2670
2671
2672
2673
2674
2675
2676
2677
2678
2679
2680
2681
2682
2683
2684
2685
2686
2687
2688
2689
2690
2691
2692
2693
2694
2695
2696
2697
2698
2699
2700
2701
2702
2703
2704
2705
2706
2707
2708
2709
2710
2711
2712
2713
2714
2715
2716
2717
2718
2719
2720
2721
2722
2723
2724
2725
2726
2727
2728
2729
2730
2731
2732
2733
2734
2735
2736
2737
2738
2739
2740
2741
2742
2743
2744
2745
2746
2747
2748
2749
2750
2751
2752
2753
2754
2755
2756
2757
2758
2759
2760
2761
2762
2763
2764
2765
2766
2767
2768
2769
2770
2771
2772
2773
2774
2775
2776
2777
2778
2779
2780
2781
2782
2783
2784
2785
2786
2787
2788
2789
2790
2791
2792
2793
2794
2795
2796
2797
2798
2799
2800
2801
2802
2803
2804
2805
2806
2807
2808
2809
2810
2811
2812
2813
2814
2815
2816
2817
2818
2819
2820
2821
2822
2823
2824
2825
2826
2827
2828
2829
2830
2831
2832
2833
2834
2835
2836
2837
2838
2839
2840
2841
2842
2843
2844
2845
2846
2847
2848
2849
2850
2851
2852
2853
2854
2855
2856
2857
2858
2859
2860
2861
2862
2863
2864
2865
2866
2867
2868
2869
2870
2871
2872
2873
2874
2875
2876
2877
2878
2879
2880
2881
2882
2883
2884
2885
2886
2887
2888
2889
2890
2891
2892
2893
2894
2895
2896
2897
2898
2899
2900
2901
2902
2903
2904
2905
2906
2907
2908
2909
2910
2911
2912
2913
2914
2915
2916
2917
2918
2919
2920
2921
2922
2923
2924
2925
2926
2927
2928
2929
2930
2931
2932
2933
2934
2935
2936
2937
2938
2939
2940
2941
2942
2943
2944
2945
2946
2947
2948
2949
2950
2951
2952
2953
2954
2955
2956
2957
2958
2959
2960
2961
2962
2963
2964
2965
2966
2967
2968
2969
2970
2971
2972
2973
2974
2975
2976
2977
2978
2979
2980
2981
2982
2983
2984
2985
2986
2987
2988
2989
2990
2991
2992
2993
2994
2995
2996
2997
2998
2999
3000
3001
3002
3003
3004
3005
3006
3007
3008
3009
3010
3011
3012
3013
3014
3015
3016
3017
3018
3019
3020
3021
3022
3023
3024
3025
3026
3027
3028
3029
3030
3031
3032
3033
3034
3035
3036
3037
3038
3039
3040
3041
3042
3043
3044
3045
3046
3047
3048
3049
3050
3051
3052
3053
3054
3055
3056
3057
3058
3059
3060
3061
3062
3063
3064
3065
3066
3067
3068
3069
3070
3071
3072
3073
3074
3075
3076
3077
3078
3079
3080
3081
3082
3083
3084
3085
3086
3087
3088
3089
3090
3091
3092
3093
3094
3095
3096
3097
3098
3099
3100
3101
3102
3103
3104
3105
3106
3107
3108
3109
3110
3111
3112
3113
3114
3115
3116
3117
3118
3119
3120
3121
3122
3123
3124
3125
3126
3127
3128
3129
3130
3131
3132
3133
3134
3135
3136
3137
3138
3139
3140
3141
3142
3143
3144
3145
3146
3147
3148
3149
3150
3151
3152
3153
3154
3155
3156
3157
3158
3159
3160
3161
3162
3163
3164
3165
3166
3167
3168
3169
3170
3171
3172
3173
3174
3175
3176
3177
3178
3179
3180
3181
3182
3183
3184
3185
3186
3187
3188
3189
3190
3191
3192
3193
3194
3195
3196
3197
3198
3199
3200
3201
3202
3203
3204
3205
3206
3207
3208
3209
3210
3211
3212
3213
3214
3215
3216
3217
3218
3219
3220
3221
3222
3223
3224
3225
3226
3227
3228
3229
3230
3231
3232
3233
3234
3235
3236
3237
3238
3239
3240
3241
3242
3243
3244
3245
3246
3247
3248
3249
3250
3251
3252
3253
3254
3255
3256
3257
3258
3259
3260
3261
3262
3263
3264
3265
3266
3267
3268
3269
3270
3271
3272
3273
3274
3275
3276
3277
3278
3279
3280
3281
3282
3283
3284
3285
3286
3287
3288
3289
3290
3291
3292
3293
3294
3295
3296
3297
3298
3299
3300
3301
3302
3303
3304
3305
3306
3307
3308
3309
3310
3311
3312
3313
3314
3315
3316
3317
3318
3319
3320
3321
3322
3323
3324
3325
3326
3327
3328
3329
3330
3331
3332
3333
3334
3335
3336
3337
3338
3339
3340
3341
3342
3343
3344
3345
3346
3347
3348
3349
3350
3351
3352
3353
3354
3355
3356
3357
3358
3359
3360
3361
3362
3363
3364
3365
3366
3367
3368
3369
3370
3371
3372
3373
3374
3375
3376
3377
3378
3379
3380
3381
3382
3383
3384
3385
3386
3387
3388
3389
3390
3391
3392
3393
3394
3395
3396
3397
3398
3399
3400
3401
3402
3403
3404
3405
3406
3407
3408
3409
3410
3411
3412
3413
3414
3415
3416
3417
3418
3419
3420
3421
3422
3423
3424
3425
3426
3427
3428
3429
3430
3431
3432
3433
3434
3435
3436
3437
3438
3439
3440
3441
3442
3443
3444
3445
3446
3447
3448
3449
3450
3451
3452
3453
3454
3455
3456
3457
3458
3459
3460
3461
3462
3463
3464
3465
3466
3467
3468
3469
3470
3471
3472
3473
3474
3475
3476
3477
3478
3479
3480
3481
3482
3483
3484
3485
3486
3487
3488
3489
3490
3491
3492
3493
3494
3495
3496
3497
3498
3499
3500
3501
3502
3503
3504
3505
3506
3507
3508
3509
3510
3511
3512
3513
3514
3515
3516
3517
3518
3519
3520
3521
3522
3523
3524
3525
3526
3527
3528
3529
3530
3531
3532
3533
3534
3535
3536
3537
3538
3539
3540
3541
3542
3543
3544
3545
3546
3547
3548
3549
3550
3551
3552
3553
3554
3555
3556
3557
3558
3559
3560
3561
3562
3563
3564
3565
3566
3567
3568
3569
3570
3571
3572
3573
3574
3575
3576
3577
3578
3579
3580
3581
3582
3583
3584
3585
3586
3587
3588
3589
3590
3591
3592
3593
3594
3595
3596
3597
3598
3599
3600
3601
3602
3603
3604
3605
3606
3607
3608
3609
3610
3611
3612
3613
3614
3615
3616
3617
3618
3619
3620
3621
3622
3623
3624
3625
3626
3627
3628
3629
3630
3631
3632
3633
3634
3635
3636
3637
3638
3639
3640
3641
3642
3643
3644
3645
3646
3647
3648
3649
3650
3651
3652
3653
3654
3655
3656
3657
3658
3659
3660
3661
3662
3663
3664
3665
3666
3667
3668
3669
3670
3671
3672
3673
3674
3675
3676
3677
3678
3679
3680
3681
3682
3683
3684
3685
3686
3687
3688
3689
3690
3691
3692
3693
3694
3695
3696
3697
3698
3699
3700
3701
3702
3703
3704
3705
3706
3707
3708
3709
3710
3711
3712
3713
3714
3715
3716
3717
3718
3719
3720
3721
3722
3723
3724
3725
3726
3727
3728
3729
3730
3731
3732
3733
3734
3735
3736
3737
3738
3739
3740
3741
3742
3743
3744
3745
3746
3747
3748
3749
3750
3751
3752
3753
3754
3755
3756
3757
3758
3759
3760
3761
3762
3763
3764
3765
3766
3767
3768
3769
3770
3771
3772
3773
3774
3775
3776
3777
3778
3779
3780
3781
3782
3783
3784
3785
3786
3787
3788
3789
3790
3791
3792
3793
3794
3795
3796
3797
3798
3799
3800
3801
3802
3803
3804
3805
3806
3807
3808
3809
3810
3811
3812
3813
3814
3815
3816
3817
3818
3819
3820
3821
3822
3823
3824
3825
3826
3827
3828
3829
3830
3831
3832
3833
3834
3835
3836
3837
3838
3839
3840
3841
3842
3843
3844
3845
3846
3847
3848
3849
3850
3851
3852
3853
3854
3855
3856
3857
3858
3859
3860
3861
3862
3863
3864
3865
3866
3867
3868
3869
3870
3871
3872
3873
3874
3875
3876
3877
3878
3879
3880
3881
3882
3883
3884
3885
3886
3887
3888
3889
3890
3891
3892
3893
3894
3895
3896
3897
3898
3899
3900
3901
3902
3903
3904
3905
3906
3907
3908
3909
3910
3911
3912
3913
3914
3915
3916
3917
3918
3919
3920
3921
3922
3923
3924
3925
3926
3927
3928
3929
3930
3931
3932
3933
3934
3935
3936
3937
3938
3939
3940
3941
3942
3943
3944
3945
3946
3947
3948
3949
3950
3951
3952
3953
3954
3955
3956
3957
3958
3959
3960
3961
3962
3963
3964
3965
3966
3967
3968
3969
3970
3971
3972
3973
3974
3975
3976
3977
3978
3979
3980
3981
3982
3983
3984
3985
3986
3987
3988
3989
3990
3991
3992
3993
3994
3995
3996
3997
3998
3999
4000
4001
4002
4003
4004
4005
4006
4007
4008
4009
4010
4011
4012
4013
4014
4015
4016
4017
4018
4019
4020
4021
4022
4023
4024
4025
4026
4027
4028
4029
4030
4031
4032
4033
4034
4035
4036
4037
4038
4039
4040
4041
4042
4043
4044
4045
4046
4047
4048
4049
4050
4051
4052
4053
4054
4055
4056
4057
4058
4059
4060
4061
4062
4063
4064
4065
4066
4067
4068
4069
4070
4071
4072
4073
4074
4075
4076
4077
4078
4079
4080
4081
4082
4083
4084
4085
4086
4087
4088
4089
4090
4091
4092
4093
4094
4095
4096
4097
4098
4099
4100
4101
4102
4103
4104
4105
4106
4107
4108
4109
4110
4111
4112
4113
4114
4115
4116
4117
4118
4119
4120
4121
4122
4123
4124
4125
4126
4127
4128
4129
4130
4131
4132
4133
4134
4135
4136
4137
4138
4139
4140
4141
4142
4143
4144
4145
4146
4147
4148
4149
4150
4151
4152
4153
4154
4155
4156
4157
4158
4159
4160
4161
4162
4163
4164
4165
4166
4167
4168
4169
4170
4171
4172
4173
4174
4175
4176
4177
4178
4179
4180
4181
4182
4183
4184
4185
4186
4187
4188
4189
4190
4191
4192
4193
4194
4195
4196
4197
4198
4199
4200
4201
4202
4203
4204
4205
4206
4207
4208
4209
4210
4211
4212
4213
4214
4215
4216
4217
4218
4219
4220
4221
4222
4223
4224
4225
4226
4227
4228
4229
4230
4231
4232
4233
4234
4235
4236
4237
4238
4239
4240
4241
4242
4243
4244
4245
4246
4247
4248
4249
4250
4251
4252
4253
4254
4255
4256
4257
4258
4259
4260
4261
4262
4263
4264
4265
4266
4267
4268
4269
4270
4271
4272
4273
4274
4275
4276
4277
4278
4279
4280
4281
4282
4283
4284
4285
4286
4287
4288
4289
4290
4291
4292
4293
4294
4295
4296
4297
4298
4299
4300
4301
4302
4303
4304
4305
4306
4307
4308
4309
4310
4311
4312
4313
4314
4315
4316
4317
4318
4319
4320
4321
4322
4323
4324
4325
4326
4327
4328
4329
4330
4331
4332
4333
4334
4335
4336
4337
4338
4339
4340
4341
4342
4343
4344
4345
4346
4347
4348
4349
4350
4351
4352
4353
4354
4355
4356
4357
4358
4359
4360
4361
4362
4363
4364
4365
4366
4367
4368
4369
4370
4371
4372
4373
4374
4375
4376
4377
4378
4379
4380
4381
4382
4383
4384
4385
4386
4387
4388
4389
4390
4391
4392
4393
4394
4395
4396
4397
4398
4399
4400
4401
4402
4403
4404
4405
4406
4407
4408
4409
4410
4411
4412
4413
4414
4415
4416
4417
4418
4419
4420
4421
4422
4423
4424
4425
4426
4427
4428
4429
4430
4431
4432
4433
4434
4435
4436
4437
4438
4439
4440
4441
4442
4443
4444
4445
4446
4447
4448
4449
4450
4451
4452
4453
4454
4455
4456
4457
4458
4459
4460
4461
4462
4463
4464
4465
4466
4467
4468
4469
4470
4471
4472
4473
4474
4475
4476
4477
4478
4479
4480
4481
4482
4483
4484
4485
4486
4487
4488
4489
4490
4491
4492
4493
4494
4495
4496
4497
4498
4499
4500
4501
4502
4503
4504
4505
4506
4507
4508
4509
4510
4511
4512
4513
4514
4515
4516
4517
4518
4519
4520
4521
4522
4523
4524
4525
4526
4527
4528
4529
4530
4531
4532
4533
4534
4535
4536
4537
4538
4539
4540
4541
4542
4543
4544
4545
4546
4547
4548
4549
4550
4551
4552
4553
4554
4555
4556
4557
4558
4559
4560
4561
4562
4563
4564
4565
4566
4567
4568
4569
4570
4571
4572
4573
4574
4575
4576
4577
4578
4579
4580
4581
4582
4583
4584
4585
4586
4587
4588
4589
4590
4591
4592
4593
4594
4595
4596
4597
4598
4599
4600
4601
4602
4603
4604
4605
4606
4607
4608
4609
4610
4611
4612
4613
4614
4615
4616
4617
4618
4619
4620
4621
4622
4623
4624
4625
4626
4627
4628
4629
4630
4631
4632
4633
4634
4635
4636
4637
4638
4639
4640
4641
4642
4643
4644
4645
4646
4647
4648
4649
4650
4651
4652
4653
4654
4655
4656
4657
4658
4659
4660
4661
4662
4663
4664
4665
4666
4667
4668
4669
4670
4671
4672
4673
4674
4675
4676
4677
4678
4679
4680
4681
4682
4683
4684
4685
4686
4687
4688
4689
4690
4691
4692
4693
4694
4695
4696
4697
4698
4699
4700
4701
4702
4703
4704
4705
4706
4707
4708
4709
4710
4711
4712
4713
4714
4715
4716
4717
4718
4719
4720
4721
4722
4723
4724
4725
4726
4727
4728
4729
4730
4731
4732
4733
4734
4735
4736
4737
4738
4739
4740
4741
4742
4743
4744
4745
4746
4747
4748
4749
4750
4751
4752
4753
4754
4755
4756
4757
4758
4759
4760
4761
4762
4763
4764
4765
4766
4767
4768
4769
4770
4771
4772
4773
4774
4775
4776
4777
4778
4779
4780
4781
4782
4783
4784
4785
4786
4787
4788
4789
4790
4791
4792
4793
4794
4795
4796
4797
4798
4799
4800
4801
4802
4803
4804
4805
4806
4807
4808
4809
4810
4811
4812
4813
4814
4815
4816
4817
4818
4819
4820
4821
4822
4823
4824
4825
4826
4827
4828
4829
4830
4831
4832
4833
4834
4835
4836
4837
4838
4839
4840
4841
4842
4843
4844
4845
4846
4847
4848
4849
4850
4851
4852
4853
4854
4855
4856
4857
4858
4859
4860
4861
4862
4863
4864
4865
4866
4867
4868
4869
4870
4871
4872
4873
4874
4875
4876
4877
4878
4879
4880
4881
4882
4883
4884
4885
4886
4887
4888
4889
4890
4891
4892
4893
4894
4895
4896
4897
4898
4899
4900
4901
4902
4903
4904
4905
4906
4907
4908
4909
4910
4911
4912
4913
4914
4915
4916
4917
4918
4919
4920
4921
4922
4923
4924
4925
4926
4927
4928
4929
4930
4931
4932
4933
4934
4935
4936
4937
4938
4939
4940
4941
4942
4943
4944
4945
4946
4947
4948
4949
4950
4951
4952
4953
4954
4955
4956
4957
4958
4959
4960
4961
4962
4963
4964
4965
4966
4967
4968
4969
4970
4971
4972
4973
4974
4975
4976
4977
4978
4979
4980
4981
4982
4983
4984
4985
4986
4987
4988
4989
4990
4991
4992
4993
4994
4995
4996
4997
4998
4999
5000
5001
5002
5003
5004
5005
5006
5007
5008
5009
5010
5011
5012
5013
5014
5015
5016
5017
5018
5019
5020
5021
5022
5023
5024
5025
5026
5027
5028
5029
5030
5031
5032
5033
5034
5035
5036
5037
5038
5039
5040
5041
5042
5043
5044
5045
5046
5047
5048
5049
5050
5051
5052
5053
5054
5055
5056
5057
5058
5059
5060
5061
5062
5063
5064
5065
5066
5067
5068
5069
5070
5071
5072
5073
5074
5075
5076
5077
5078
5079
5080
5081
5082
5083
5084
5085
5086
5087
5088
5089
5090
5091
5092
5093
5094
5095
5096
5097
5098
5099
5100
5101
5102
5103
5104
5105
5106
5107
5108
5109
5110
5111
5112
5113
5114
5115
5116
5117
5118
5119
5120
5121
5122
5123
5124
5125
5126
5127
5128
5129
5130
5131
5132
5133
5134
5135
5136
5137
5138
5139
5140
5141
5142
5143
5144
5145
5146
5147
5148
5149
5150
5151
5152
5153
5154
5155
5156
5157
5158
5159
5160
5161
5162
5163
5164
5165
5166
5167
5168
5169
5170
5171
5172
5173
5174
5175
5176
5177
5178
5179
5180
5181
5182
5183
5184
5185
5186
5187
5188
5189
5190
5191
5192
5193
5194
5195
5196
5197
5198
5199
5200
5201
5202
5203
5204
5205
5206
5207
5208
5209
5210
5211
5212
5213
5214
5215
5216
5217
5218
5219
5220
5221
5222
5223
5224
5225
5226
5227
5228
5229
5230
5231
5232
5233
5234
5235
5236
5237
5238
5239
5240
5241
5242
5243
5244
5245
5246
5247
5248
5249
5250
5251
5252
5253
5254
5255
5256
5257
5258
5259
5260
5261
5262
5263
5264
5265
5266
5267
5268
5269
5270
5271
5272
5273
5274
5275
5276
5277
5278
5279
5280
5281
5282
5283
5284
5285
5286
5287
5288
5289
5290
5291
5292
5293
5294
5295
5296
5297
5298
5299
5300
5301
5302
5303
5304
5305
5306
5307
5308
5309
5310
5311
5312
5313
5314
5315
5316
5317
5318
5319
5320
5321
5322
5323
5324
5325
5326
5327
5328
5329
5330
5331
5332
5333
5334
5335
5336
5337
5338
5339
5340
5341
5342
5343
5344
5345
5346
5347
5348
5349
5350
5351
5352
5353
5354
5355
5356
5357
5358
5359
5360
5361
5362
5363
5364
5365
5366
5367
5368
5369
5370
5371
5372
5373
5374
5375
5376
5377
5378
5379
5380
5381
5382
5383
5384
5385
5386
5387
5388
5389
5390
5391
5392
5393
5394
5395
5396
5397
5398
5399
5400
5401
5402
5403
5404
5405
5406
5407
5408
5409
5410
5411
5412
5413
5414
5415
5416
5417
5418
5419
5420
5421
5422
5423
5424
5425
5426
5427
5428
5429
5430
5431
5432
5433
5434
5435
5436
5437
5438
5439
5440
5441
5442
5443
5444
5445
5446
5447
5448
5449
5450
5451
5452
5453
5454
5455
5456
5457
5458
5459
5460
5461
5462
5463
5464
5465
5466
5467
5468
5469
5470
5471
5472
5473
5474
5475
5476
5477
5478
5479
5480
5481
5482
5483
5484
5485
5486
5487
5488
5489
5490
5491
5492
5493
5494
5495
5496
5497
5498
5499
5500
5501
5502
5503
5504
5505
5506
5507
5508
5509
5510
5511
5512
5513
5514
5515
5516
5517
5518
5519
5520
5521
5522
5523
5524
5525
5526
5527
5528
5529
5530
5531
5532
5533
5534
5535
5536
5537
5538
5539
5540
5541
5542
5543
5544
5545
5546
5547
5548
5549
5550
5551
5552
5553
5554
5555
5556
5557
5558
5559
5560
5561
5562
5563
5564
5565
5566
5567
5568
5569
5570
5571
5572
5573
5574
5575
5576
5577
5578
5579
5580
5581
5582
5583
5584
5585
5586
5587
5588
5589
5590
5591
5592
5593
5594
5595
5596
5597
5598
5599
5600
5601
5602
5603
5604
5605
5606
5607
5608
5609
5610
5611
5612
5613
5614
5615
5616
5617
5618
5619
5620
5621
5622
5623
5624
5625
5626
5627
5628
5629
5630
5631
5632
5633
5634
5635
5636
5637
5638
5639
5640
5641
5642
5643
5644
5645
5646
5647
5648
5649
5650
5651
5652
5653
5654
5655
5656
5657
5658
5659
5660
5661
5662
5663
5664
5665
5666
5667
5668
5669
5670
5671
5672
5673
5674
5675
5676
5677
5678
5679
5680
5681
5682
5683
5684
5685
5686
5687
5688
5689
5690
5691
5692
5693
5694
5695
5696
5697
5698
5699
5700
5701
5702
5703
5704
5705
5706
5707
5708
5709
5710
5711
5712
5713
5714
5715
5716
5717
5718
5719
5720
5721
5722
5723
5724
5725
5726
5727
5728
5729
5730
5731
5732
5733
5734
5735
5736
5737
5738
5739
5740
5741
5742
5743
5744
5745
5746
5747
5748
5749
5750
5751
5752
5753
5754
5755
5756
5757
5758
5759
5760
5761
5762
5763
5764
5765
5766
5767
5768
5769
5770
5771
5772
5773
5774
5775
5776
5777
5778
5779
5780
5781
5782
5783
5784
5785
5786
5787
5788
5789
5790
5791
5792
5793
5794
5795
5796
5797
5798
5799
5800
5801
5802
5803
5804
5805
5806
5807
5808
5809
5810
5811
5812
5813
5814
5815
5816
5817
5818
5819
5820
5821
5822
5823
5824
5825
5826
5827
5828
5829
5830
5831
5832
5833
5834
5835
5836
5837
5838
5839
5840
5841
5842
5843
5844
5845
5846
5847
5848
5849
5850
5851
5852
5853
5854
5855
5856
5857
5858
5859
5860
5861
5862
5863
5864
5865
5866
5867
5868
5869
5870
5871
5872
5873
5874
5875
5876
5877
5878
5879
5880
5881
5882
5883
5884
5885
5886
5887
5888
5889
5890
5891
5892
5893
5894
5895
5896
5897
5898
5899
5900
5901
5902
5903
5904
5905
5906
5907
5908
5909
5910
5911
5912
5913
5914
5915
5916
5917
5918
5919
5920
5921
5922
5923
5924
5925
5926
5927
5928
5929
5930
5931
5932
5933
5934
5935
5936
5937
5938
5939
5940
5941
5942
5943
5944
5945
5946
5947
5948
5949
5950
5951
5952
5953
5954
5955
5956
5957
5958
5959
5960
5961
5962
5963
5964
5965
5966
5967
5968
5969
5970
5971
5972
5973
5974
5975
5976
5977
5978
5979
5980
5981
5982
5983
5984
5985
5986
5987
5988
5989
5990
5991
5992
5993
5994
5995
5996
5997
5998
5999
6000
6001
6002
6003
6004
6005
6006
6007
6008
6009
6010
6011
6012
6013
6014
6015
6016
6017
6018
6019
6020
6021
6022
6023
6024
6025
6026
6027
6028
6029
6030
6031
6032
6033
6034
6035
6036
6037
6038
6039
6040
6041
6042
6043
6044
6045
6046
6047
6048
6049
6050
6051
6052
6053
6054
6055
6056
6057
6058
6059
6060
6061
6062
6063
6064
6065
6066
6067
6068
6069
6070
6071
6072
6073
6074
6075
6076
6077
6078
6079
6080
6081
6082
6083
6084
6085
6086
6087
6088
6089
6090
6091
6092
6093
6094
6095
6096
6097
6098
6099
6100
6101
6102
6103
6104
6105
6106
6107
6108
6109
6110
6111
6112
6113
6114
6115
6116
6117
6118
6119
6120
6121
6122
6123
6124
6125
6126
6127
6128
6129
6130
6131
6132
6133
6134
6135
6136
6137
6138
6139
6140
6141
6142
6143
6144
6145
6146
6147
6148
6149
6150
6151
6152
6153
6154
6155
6156
6157
6158
6159
6160
6161
6162
6163
6164
6165
6166
6167
6168
6169
6170
6171
6172
6173
6174
6175
6176
6177
6178
6179
6180
6181
6182
6183
6184
6185
6186
6187
6188
6189
6190
6191
6192
6193
6194
6195
6196
6197
6198
6199
6200
6201
6202
6203
6204
6205
6206
6207
6208
6209
6210
6211
6212
6213
6214
6215
6216
6217
6218
6219
6220
6221
6222
6223
6224
6225
6226
6227
6228
6229
6230
6231
6232
6233
6234
6235
6236
6237
6238
6239
6240
6241
6242
6243
6244
6245
6246
6247
6248
6249
6250
6251
6252
6253
6254
6255
6256
6257
6258
6259
6260
6261
6262
6263
6264
6265
6266
6267
6268
6269
6270
6271
6272
6273
6274
6275
6276
6277
6278
6279
6280
6281
6282
6283
6284
6285
6286
6287
6288
6289
6290
6291
6292
6293
6294
6295
6296
6297
6298
6299
6300
6301
6302
6303
6304
6305
6306
6307
6308
6309
6310
6311
6312
6313
6314
6315
6316
6317
6318
6319
6320
6321
6322
6323
6324
6325
6326
6327
6328
6329
6330
6331
6332
6333
6334
6335
6336
6337
6338
6339
6340
6341
6342
6343
6344
6345
6346
6347
6348
6349
6350
6351
6352
6353
6354
6355
6356
6357
6358
6359
6360
6361
6362
6363
6364
6365
6366
6367
6368
6369
6370
6371
6372
6373
6374
6375
6376
6377
6378
6379
6380
6381
6382
6383
6384
6385
6386
6387
6388
6389
6390
6391
6392
6393
6394
6395
6396
6397
6398
6399
6400
6401
6402
6403
6404
6405
6406
6407
6408
6409
6410
6411
6412
6413
6414
6415
6416
6417
6418
6419
6420
6421
6422
6423
6424
6425
6426
6427
6428
6429
6430
6431
6432
6433
6434
6435
6436
6437
6438
6439
6440
6441
6442
6443
6444
6445
6446
6447
6448
6449
6450
6451
6452
6453
6454
6455
6456
6457
6458
6459
6460
6461
6462
6463
6464
6465
6466
6467
6468
6469
6470
6471
6472
6473
6474
6475
6476
6477
6478
6479
6480
6481
6482
6483
6484
6485
6486
6487
6488
6489
6490
6491
6492
6493
6494
6495
6496
6497
6498
6499
6500
6501
6502
6503
6504
6505
6506
6507
6508
6509
6510
6511
6512
6513
6514
6515
6516
6517
6518
6519
6520
6521
6522
6523
6524
6525
6526
6527
6528
6529
6530
6531
6532
6533
6534
6535
6536
6537
6538
6539
6540
6541
6542
6543
6544
6545
6546
6547
6548
6549
6550
6551
6552
6553
6554
6555
6556
6557
6558
6559
6560
6561
6562
6563
6564
6565
6566
6567
6568
6569
6570
6571
6572
6573
6574
6575
6576
6577
6578
6579
6580
6581
6582
6583
6584
6585
6586
6587
6588
6589
6590
6591
6592
6593
6594
6595
6596
6597
6598
6599
6600
6601
6602
6603
6604
6605
6606
6607
6608
6609
6610
6611
6612
6613
6614
6615
6616
6617
6618
6619
6620
6621
6622
6623
6624
6625
6626
6627
6628
6629
6630
6631
6632
6633
6634
6635
6636
6637
6638
6639
6640
6641
6642
6643
6644
6645
6646
6647
6648
6649
6650
6651
6652
6653
6654
6655
6656
6657
6658
6659
6660
6661
6662
6663
6664
6665
6666
6667
6668
6669
6670
6671
6672
6673
6674
6675
6676
6677
6678
6679
6680
6681
6682
6683
6684
6685
6686
6687
6688
6689
6690
6691
6692
6693
6694
6695
6696
6697
6698
6699
6700
6701
6702
6703
6704
6705
6706
6707
6708
6709
6710
6711
6712
6713
6714
6715
6716
6717
6718
6719
6720
6721
6722
6723
6724
6725
6726
6727
6728
6729
6730
6731
6732
6733
6734
6735
6736
6737
6738
6739
6740
6741
6742
6743
6744
6745
6746
6747
6748
6749
6750
6751
6752
6753
6754
6755
6756
6757
6758
6759
6760
6761
6762
6763
6764
6765
6766
6767
6768
6769
6770
6771
6772
6773
6774
6775
6776
6777
6778
6779
6780
6781
6782
6783
6784
6785
6786
6787
6788
6789
6790
6791
6792
6793
6794
6795
6796
6797
6798
6799
6800
6801
6802
6803
6804
6805
6806
6807
6808
6809
6810
6811
6812
6813
6814
6815
6816
6817
6818
6819
6820
6821
6822
6823
6824
6825
6826
6827
6828
6829
6830
6831
6832
6833
6834
6835
6836
6837
6838
6839
6840
6841
6842
6843
6844
6845
6846
6847
6848
6849
6850
6851
6852
6853
6854
6855
6856
6857
6858
6859
6860
6861
6862
6863
6864
6865
6866
6867
6868
6869
6870
6871
6872
6873
6874
6875
6876
6877
6878
6879
6880
6881
6882
6883
6884
6885
6886
6887
6888
6889
6890
6891
6892
6893
6894
6895
6896
6897
6898
6899
6900
6901
6902
6903
6904
6905
6906
6907
6908
6909
6910
6911
6912
6913
6914
6915
6916
6917
6918
6919
6920
6921
6922
6923
6924
6925
6926
6927
6928
6929
6930
6931
6932
6933
6934
6935
6936
6937
6938
6939
6940
6941
6942
6943
6944
6945
6946
6947
6948
6949
6950
6951
6952
6953
6954
6955
6956
6957
6958
6959
6960
6961
6962
6963
6964
6965
6966
6967
6968
6969
6970
6971
6972
6973
6974
6975
6976
6977
6978
6979
6980
6981
6982
6983
6984
6985
6986
6987
6988
6989
6990
6991
6992
6993
6994
6995
6996
6997
6998
6999
7000
7001
7002
7003
7004
7005
7006
7007
7008
7009
7010
7011
7012
7013
7014
7015
7016
7017
7018
7019
7020
7021
7022
7023
7024
7025
7026
7027
7028
7029
7030
7031
7032
7033
7034
7035
7036
7037
7038
7039
7040
7041
7042
7043
7044
7045
7046
7047
7048
7049
7050
7051
7052
7053
7054
7055
7056
7057
7058
7059
7060
7061
7062
7063
7064
7065
7066
7067
7068
7069
7070
7071
7072
7073
7074
7075
7076
7077
7078
7079
7080
7081
7082
7083
7084
7085
7086
7087
7088
7089
7090
7091
7092
7093
7094
7095
7096
7097
7098
7099
7100
7101
7102
7103
7104
7105
7106
7107
7108
7109
7110
7111
7112
7113
7114
7115
7116
7117
7118
7119
7120
7121
7122
7123
7124
7125
7126
7127
7128
7129
7130
7131
7132
7133
7134
7135
7136
7137
7138
7139
7140
7141
7142
7143
7144
7145
7146
7147
7148
7149
7150
7151
7152
7153
7154
7155
7156
7157
7158
7159
7160
7161
7162
7163
7164
7165
7166
7167
7168
7169
7170
7171
7172
7173
7174
7175
7176
7177
7178
7179
7180
7181
7182
7183
7184
7185
7186
7187
7188
7189
7190
7191
7192
7193
7194
7195
7196
7197
7198
7199
7200
7201
7202
7203
7204
7205
7206
7207
7208
7209
7210
7211
7212
7213
7214
7215
7216
7217
7218
7219
7220
7221
7222
7223
7224
7225
7226
7227
7228
7229
7230
7231
7232
7233
7234
7235
7236
7237
7238
7239
7240
7241
7242
7243
7244
7245
7246
7247
7248
7249
7250
7251
7252
7253
7254
7255
7256
7257
7258
7259
7260
7261
7262
7263
7264
7265
7266
7267
7268
7269
7270
7271
7272
7273
7274
7275
7276
7277
7278
7279
7280
7281
7282
7283
7284
7285
7286
7287
7288
7289
7290
7291
7292
7293
7294
7295
7296
7297
7298
7299
7300
7301
7302
7303
7304
7305
7306
7307
7308
7309
7310
7311
7312
7313
7314
7315
7316
7317
7318
7319
7320
7321
7322
7323
7324
7325
7326
7327
7328
7329
7330
7331
7332
7333
7334
7335
7336
7337
7338
7339
7340
7341
7342
7343
7344
7345
7346
7347
7348
7349
7350
7351
7352
7353
7354
7355
7356
7357
7358
7359
7360
7361
7362
7363
7364
7365
7366
7367
7368
7369
7370
7371
7372
7373
7374
7375
7376
7377
7378
7379
7380
7381
7382
7383
7384
7385
7386
7387
7388
7389
7390
7391
7392
7393
7394
7395
7396
7397
7398
7399
7400
7401
7402
7403
7404
7405
7406
7407
7408
7409
7410
7411
7412
7413
7414
7415
7416
7417
7418
7419
7420
7421
7422
7423
7424
7425
7426
7427
7428
7429
7430
7431
7432
7433
7434
7435
7436
7437
7438
7439
7440
7441
7442
7443
7444
7445
7446
7447
7448
7449
7450
7451
7452
7453
7454
7455
7456
7457
7458
7459
7460
7461
7462
7463
7464
7465
7466
7467
7468
7469
7470
7471
7472
7473
7474
7475
7476
7477
7478
7479
7480
7481
7482
7483
7484
7485
7486
7487
7488
7489
7490
7491
7492
7493
7494
7495
7496
7497
7498
7499
7500
7501
7502
7503
7504
7505
7506
7507
7508
7509
7510
7511
7512
7513
7514
7515
7516
7517
7518
7519
7520
7521
7522
7523
7524
7525
7526
7527
7528
7529
7530
7531
7532
7533
7534
7535
7536
7537
7538
7539
7540
7541
7542
7543
7544
7545
7546
7547
7548
7549
7550
7551
7552
7553
7554
7555
7556
7557
7558
7559
7560
7561
7562
7563
7564
7565
7566
7567
7568
7569
7570
7571
7572
7573
7574
7575
7576
7577
7578
7579
7580
7581
7582
7583
7584
7585
7586
7587
7588
7589
7590
7591
7592
7593
7594
7595
7596
7597
7598
7599
7600
7601
7602
7603
7604
7605
7606
7607
7608
7609
7610
7611
7612
7613
7614
7615
7616
7617
7618
7619
7620
7621
7622
7623
7624
7625
7626
7627
7628
7629
7630
7631
7632
7633
7634
7635
7636
7637
7638
7639
7640
7641
7642
7643
7644
7645
7646
7647
7648
7649
7650
7651
7652
7653
7654
7655
7656
7657
7658
7659
7660
7661
7662
7663
7664
7665
7666
7667
7668
7669
7670
7671
7672
7673
7674
7675
7676
7677
7678
7679
7680
7681
7682
7683
7684
7685
7686
7687
7688
7689
7690
7691
7692
7693
7694
7695
7696
7697
7698
7699
7700
7701
7702
7703
7704
7705
7706
7707
7708
7709
7710
7711
7712
7713
7714
7715
7716
7717
7718
7719
7720
7721
7722
7723
7724
7725
7726
7727
7728
7729
7730
7731
7732
7733
7734
7735
7736
7737
7738
7739
7740
7741
7742
7743
7744
7745
7746
7747
7748
7749
7750
7751
7752
7753
7754
7755
7756
7757
7758
7759
7760
7761
7762
7763
7764
7765
7766
7767
7768
7769
7770
7771
7772
7773
7774
7775
7776
7777
7778
7779
7780
7781
7782
7783
7784
7785
7786
7787
7788
7789
7790
7791
7792
7793
7794
7795
7796
7797
7798
7799
7800
7801
7802
7803
7804
7805
7806
7807
7808
7809
7810
7811
7812
7813
7814
7815
7816
7817
7818
7819
7820
7821
7822
7823
7824
7825
7826
7827
7828
7829
7830
7831
7832
7833
7834
7835
7836
7837
7838
7839
7840
7841
7842
7843
7844
7845
7846
7847
7848
7849
7850
7851
7852
7853
7854
7855
7856
7857
7858
7859
7860
7861
7862
7863
7864
7865
7866
7867
7868
7869
7870
7871
7872
7873
7874
7875
7876
7877
7878
7879
7880
7881
7882
7883
7884
7885
7886
7887
7888
7889
7890
7891
7892
7893
7894
7895
7896
7897
7898
7899
7900
7901
7902
7903
7904
7905
7906
7907
7908
7909
7910
7911
7912
7913
7914
7915
7916
7917
7918
7919
7920
7921
7922
7923
7924
7925
7926
7927
7928
7929
7930
7931
7932
7933
7934
7935
7936
7937
7938
7939
7940
7941
7942
7943
7944
7945
7946
7947
7948
7949
7950
7951
7952
7953
7954
7955
7956
7957
7958
7959
7960
7961
7962
7963
7964
7965
7966
7967
7968
7969
7970
7971
7972
7973
7974
7975
7976
7977
7978
7979
7980
7981
7982
7983
7984
7985
7986
7987
7988
7989
7990
7991
7992
7993
7994
7995
7996
7997
7998
7999
8000
8001
8002
8003
8004
8005
8006
8007
8008
8009
8010
8011
8012
8013
8014
8015
8016
8017
8018
8019
8020
8021
8022
8023
8024
8025
8026
8027
8028
8029
8030
8031
8032
8033
8034
8035
8036
8037
8038
8039
8040
8041
8042
8043
8044
8045
8046
8047
8048
8049
8050
8051
8052
8053
8054
8055
8056
8057
8058
8059
8060
8061
8062
8063
8064
8065
8066
8067
8068
8069
8070
8071
8072
8073
8074
8075
8076
8077
8078
8079
8080
8081
8082
8083
8084
8085
8086
8087
8088
8089
8090
8091
8092
8093
8094
8095
8096
8097
8098
8099
8100
8101
8102
8103
8104
8105
8106
8107
8108
8109
8110
8111
8112
8113
8114
8115
8116
8117
8118
8119
8120
8121
8122
8123
8124
8125
8126
8127
8128
8129
8130
8131
8132
8133
8134
8135
8136
8137
8138
8139
8140
8141
8142
8143
8144
8145
8146
8147
8148
8149
8150
8151
8152
8153
8154
8155
8156
8157
8158
8159
8160
8161
8162
8163
8164
8165
8166
8167
8168
8169
8170
8171
8172
8173
8174
8175
8176
8177
8178
8179
8180
8181
8182
8183
8184
8185
8186
8187
8188
8189
8190
8191
8192
8193
8194
8195
8196
8197
8198
8199
8200
8201
8202
8203
8204
8205
8206
8207
8208
8209
8210
8211
8212
8213
8214
8215
8216
8217
8218
8219
8220
8221
8222
8223
8224
8225
8226
8227
8228
8229
8230
8231
8232
8233
8234
8235
8236
8237
8238
8239
8240
8241
8242
8243
8244
8245
8246
8247
8248
8249
8250
8251
8252
8253
8254
8255
8256
8257
8258
8259
8260
8261
8262
8263
8264
8265
8266
8267
8268
8269
8270
8271
8272
8273
8274
8275
8276
8277
8278
8279
8280
8281
8282
8283
8284
8285
8286
8287
8288
8289
8290
8291
8292
8293
8294
8295
8296
8297
8298
8299
8300
8301
8302
8303
8304
8305
8306
8307
8308
8309
8310
8311
8312
8313
8314
8315
8316
8317
8318
8319
8320
8321
8322
8323
8324
8325
8326
8327
8328
8329
8330
8331
8332
8333
8334
8335
8336
8337
8338
8339
8340
8341
8342
8343
8344
8345
8346
8347
8348
8349
8350
8351
8352
8353
8354
8355
8356
8357
8358
8359
8360
8361
8362
8363
8364
8365
8366
8367
8368
8369
8370
8371
8372
8373
8374
8375
8376
8377
8378
8379
8380
8381
8382
8383
8384
8385
8386
8387
8388
8389
8390
8391
8392
8393
8394
8395
8396
8397
8398
8399
8400
8401
8402
8403
8404
8405
8406
8407
8408
8409
8410
8411
8412
8413
8414
8415
8416
8417
8418
8419
8420
8421
8422
8423
8424
8425
8426
8427
8428
8429
8430
8431
8432
8433
8434
8435
8436
8437
8438
8439
8440
8441
8442
8443
8444
8445
8446
8447
8448
8449
8450
8451
8452
8453
8454
8455
8456
8457
8458
8459
8460
8461
8462
8463
8464
8465
8466
8467
8468
8469
8470
8471
8472
8473
8474
8475
8476
8477
8478
8479
8480
8481
8482
8483
8484
8485
8486
8487
8488
8489
8490
8491
8492
8493
8494
8495
8496
8497
8498
8499
8500
8501
8502
8503
8504
8505
8506
8507
8508
8509
8510
8511
8512
8513
8514
8515
8516
8517
8518
8519
8520
8521
8522
8523
8524
8525
8526
8527
8528
8529
8530
8531
8532
8533
8534
8535
8536
8537
8538
8539
8540
8541
8542
8543
8544
8545
8546
8547
8548
8549
8550
8551
8552
8553
8554
8555
8556
8557
8558
8559
8560
8561
8562
8563
8564
8565
8566
8567
8568
8569
8570
8571
8572
8573
8574
8575
8576
8577
8578
8579
8580
8581
8582
8583
8584
8585
8586
8587
8588
8589
8590
8591
8592
8593
8594
8595
8596
8597
8598
8599
8600
8601
8602
8603
8604
8605
8606
8607
8608
8609
8610
8611
8612
8613
8614
8615
8616
8617
8618
8619
8620
8621
8622
8623
8624
8625
8626
8627
8628
8629
8630
8631
8632
8633
8634
8635
8636
8637
8638
8639
8640
8641
8642
8643
8644
8645
8646
8647
8648
8649
8650
8651
8652
8653
8654
8655
8656
8657
8658
8659
8660
8661
8662
8663
8664
8665
8666
8667
8668
8669
8670
8671
8672
8673
8674
8675
8676
8677
8678
8679
8680
8681
8682
8683
8684
8685
8686
8687
8688
8689
8690
8691
8692
8693
8694
8695
8696
8697
8698
8699
8700
8701
8702
8703
8704
8705
8706
8707
8708
8709
8710
8711
8712
8713
8714
8715
8716
8717
8718
8719
8720
8721
8722
8723
8724
8725
8726
8727
8728
8729
8730
8731
8732
8733
8734
8735
8736
8737
8738
8739
8740
8741
8742
8743
8744
8745
8746
8747
8748
8749
8750
8751
8752
8753
8754
8755
8756
8757
8758
8759
8760
8761
8762
8763
8764
8765
8766
8767
8768
8769
8770
8771
8772
8773
8774
8775
8776
8777
8778
8779
8780
8781
8782
8783
8784
8785
8786
8787
8788
8789
8790
8791
8792
8793
8794
8795
8796
8797
8798
8799
8800
8801
8802
8803
8804
8805
8806
8807
8808
8809
8810
8811
8812
8813
8814
8815
8816
8817
8818
8819
8820
8821
8822
8823
8824
8825
8826
8827
8828
8829
8830
8831
8832
8833
8834
8835
8836
8837
8838
8839
8840
8841
8842
8843
8844
8845
8846
8847
8848
8849
8850
8851
8852
8853
8854
8855
8856
8857
8858
8859
8860
8861
8862
8863
8864
8865
8866
8867
8868
8869
8870
8871
8872
8873
8874
8875
8876
8877
8878
8879
8880
8881
8882
8883
8884
8885
8886
8887
8888
8889
8890
8891
8892
8893
8894
8895
8896
8897
8898
8899
8900
8901
8902
8903
8904
8905
8906
8907
8908
8909
8910
8911
8912
8913
8914
8915
8916
8917
8918
8919
8920
8921
8922
8923
8924
8925
8926
8927
8928
8929
8930
8931
8932
8933
8934
8935
8936
8937
8938
8939
8940
8941
8942
8943
8944
8945
8946
8947
8948
8949
8950
8951
8952
8953
8954
8955
8956
8957
8958
8959
8960
8961
8962
8963
8964
8965
8966
8967
8968
8969
8970
8971
8972
8973
8974
8975
8976
8977
8978
8979
8980
8981
8982
8983
8984
8985
8986
8987
8988
8989
8990
8991
8992
8993
8994
8995
8996
8997
8998
8999
9000
9001
9002
9003
9004
9005
9006
9007
9008
9009
9010
9011
9012
9013
9014
9015
9016
9017
9018
9019
9020
9021
9022
9023
9024
9025
9026
9027
9028
9029
9030
9031
9032
9033
9034
9035
9036
9037
9038
9039
9040
9041
9042
9043
9044
9045
9046
9047
9048
9049
9050
9051
9052
9053
9054
9055
9056
9057
9058
9059
9060
9061
9062
9063
9064
9065
9066
9067
9068
9069
9070
9071
9072
9073
9074
9075
9076
9077
9078
9079
9080
9081
9082
9083
9084
9085
9086
9087
9088
9089
9090
9091
9092
9093
9094
9095
9096
9097
9098
9099
9100
9101
9102
9103
9104
9105
9106
9107
9108
9109
9110
9111
9112
9113
9114
9115
9116
9117
9118
9119
9120
9121
9122
9123
9124
9125
9126
9127
9128
9129
9130
9131
9132
9133
9134
9135
9136
9137
9138
9139
9140
9141
9142
9143
9144
9145
9146
9147
9148
9149
9150
9151
9152
9153
9154
9155
9156
9157
9158
9159
9160
9161
9162
9163
9164
9165
9166
9167
9168
9169
9170
9171
9172
9173
9174
9175
9176
9177
9178
9179
9180
9181
9182
9183
9184
9185
9186
9187
9188
9189
9190
9191
9192
9193
9194
9195
9196
9197
9198
9199
9200
9201
9202
9203
9204
9205
9206
9207
9208
9209
9210
9211
9212
9213
9214
9215
9216
9217
9218
9219
9220
9221
9222
9223
9224
9225
9226
9227
9228
9229
9230
9231
9232
9233
9234
9235
9236
9237
9238
9239
9240
9241
9242
9243
9244
9245
9246
9247
9248
9249
9250
9251
9252
9253
9254
9255
9256
9257
9258
9259
9260
9261
9262
9263
9264
9265
9266
9267
9268
9269
9270
9271
9272
9273
9274
9275
9276
9277
9278
9279
9280
9281
9282
9283
9284
9285
9286
9287
9288
9289
9290
9291
9292
9293
9294
9295
9296
9297
9298
9299
9300
9301
9302
9303
9304
9305
9306
9307
9308
9309
9310
9311
9312
9313
9314
9315
9316
9317
9318
9319
9320
9321
9322
9323
9324
9325
9326
9327
9328
9329
9330
9331
9332
9333
9334
9335
9336
9337
9338
9339
9340
9341
9342
9343
9344
9345
9346
9347
9348
9349
9350
9351
9352
9353
9354
9355
9356
9357
9358
9359
9360
9361
9362
9363
9364
9365
9366
9367
9368
9369
9370
9371
9372
9373
9374
9375
9376
9377
9378
9379
9380
9381
9382
9383
9384
9385
9386
9387
9388
9389
9390
9391
9392
9393
9394
9395
9396
9397
9398
9399
9400
9401
9402
9403
9404
9405
9406
9407
9408
9409
9410
9411
9412
9413
9414
9415
9416
9417
9418
9419
9420
9421
9422
9423
9424
9425
9426
9427
9428
9429
9430
9431
9432
9433
9434
9435
9436
9437
9438
9439
9440
9441
9442
9443
9444
9445
9446
9447
9448
9449
9450
9451
9452
9453
9454
9455
9456
9457
9458
9459
9460
9461
9462
9463
9464
9465
9466
9467
9468
9469
9470
9471
9472
9473
9474
9475
9476
9477
9478
9479
9480
9481
9482
9483
9484
9485
9486
9487
9488
9489
9490
9491
9492
9493
9494
9495
9496
9497
9498
9499
9500
9501
9502
9503
9504
9505
9506
9507
9508
9509
9510
9511
9512
9513
9514
9515
9516
9517
9518
9519
9520
9521
9522
9523
9524
9525
9526
9527
9528
9529
9530
9531
9532
9533
9534
9535
9536
9537
9538
9539
9540
9541
9542
9543
9544
9545
9546
9547
9548
9549
9550
9551
9552
9553
9554
9555
9556
9557
9558
9559
9560
9561
9562
9563
9564
9565
9566
9567
9568
9569
9570
9571
9572
9573
9574
9575
9576
9577
9578
9579
9580
9581
9582
9583
9584
9585
9586
9587
9588
9589
9590
9591
9592
9593
9594
9595
9596
9597
9598
9599
9600
9601
9602
9603
9604
9605
9606
9607
9608
9609
9610
9611
9612
9613
9614
9615
9616
9617
9618
9619
9620
9621
9622
9623
9624
9625
9626
9627
9628
9629
9630
9631
9632
9633
9634
9635
9636
9637
9638
9639
9640
9641
9642
9643
9644
9645
9646
9647
9648
9649
9650
9651
9652
9653
9654
9655
9656
9657
9658
9659
9660
9661
9662
9663
9664
9665
9666
9667
9668
9669
9670
9671
9672
9673
9674
9675
9676
9677
9678
9679
9680
9681
9682
9683
9684
9685
9686
9687
9688
9689
9690
9691
9692
9693
9694
9695
9696
9697
9698
9699
9700
9701
9702
9703
9704
9705
9706
9707
9708
9709
9710
9711
9712
9713
9714
9715
9716
9717
9718
9719
9720
9721
9722
9723
9724
9725
9726
9727
9728
9729
9730
9731
9732
9733
9734
9735
9736
9737
9738
9739
9740
9741
9742
9743
9744
9745
9746
9747
9748
9749
9750
9751
9752
9753
9754
9755
9756
9757
9758
9759
9760
9761
9762
9763
9764
9765
9766
9767
9768
9769
9770
9771
9772
9773
9774
9775
9776
9777
9778
9779
9780
9781
9782
9783
9784
9785
9786
9787
9788
9789
9790
9791
9792
9793
9794
9795
9796
9797
9798
9799
9800
9801
9802
9803
9804
9805
9806
9807
9808
9809
9810
9811
9812
9813
9814
9815
9816
9817
9818
9819
9820
9821
9822
9823
9824
9825
9826
9827
9828
9829
9830
9831
9832
9833
9834
9835
9836
9837
9838
9839
9840
9841
9842
9843
9844
9845
9846
9847
9848
9849
9850
9851
9852
9853
9854
9855
9856
9857
9858
9859
9860
9861
9862
9863
9864
9865
9866
9867
9868
9869
9870
9871
9872
9873
9874
9875
9876
9877
9878
9879
9880
9881
9882
9883
9884
9885
9886
9887
9888
9889
9890
9891
9892
9893
9894
9895
9896
9897
9898
9899
9900
9901
9902
9903
9904
9905
9906
9907
9908
9909
9910
9911
9912
9913
9914
9915
9916
9917
9918
9919
9920
9921
9922
9923
9924
9925
9926
9927
9928
9929
9930
9931
9932
9933
9934
9935
9936
9937
9938
9939
9940
9941
9942
9943
9944
9945
9946
9947
9948
9949
9950
9951
9952
9953
9954
9955
9956
9957
9958
9959
9960
9961
9962
9963
9964
9965
9966
9967
9968
9969
9970
9971
9972
9973
9974
9975
9976
9977
9978
9979
9980
9981
9982
9983
9984
9985
9986
9987
9988
9989
9990
9991
9992
9993
9994
9995
9996
9997
9998
9999
10000
10001
10002
10003
10004
10005
10006
10007
10008
10009
10010
10011
10012
10013
10014
10015
10016
10017
10018
10019
10020
10021
10022
10023
10024
10025
10026
10027
10028
10029
10030
10031
10032
10033
10034
10035
10036
10037
10038
10039
10040
10041
10042
10043
10044
10045
10046
10047
10048
10049
10050
10051
10052
10053
10054
10055
10056
10057
10058
10059
10060
10061
10062
10063
10064
10065
10066
10067
10068
10069
10070
10071
10072
10073
10074
10075
10076
10077
10078
10079
10080
10081
10082
10083
10084
10085
10086
10087
10088
10089
10090
10091
10092
10093
10094
10095
10096
10097
10098
10099
10100
10101
10102
10103
10104
10105
10106
10107
10108
10109
10110
10111
10112
10113
10114
10115
10116
10117
10118
10119
10120
10121
10122
10123
10124
10125
10126
10127
10128
10129
10130
10131
10132
10133
10134
10135
10136
10137
10138
10139
10140
10141
10142
10143
10144
10145
10146
10147
10148
10149
10150
10151
10152
10153
10154
10155
10156
10157
10158
10159
10160
10161
10162
10163
10164
10165
10166
10167
10168
10169
10170
10171
10172
10173
10174
10175
10176
10177
10178
10179
10180
10181
10182
10183
10184
10185
10186
10187
10188
10189
10190
10191
10192
10193
10194
10195
10196
10197
10198
10199
10200
10201
0.0009999999999982124 -0.09399999999999871 0
0.0009999999999982453 -0.0929999999999947 0
0.0009999999999982781 -0.09199999999999073 0
0.0009999999999983104 -0.09099999999998971 0
0.0009999999999983436 -0.08999999999998805 0
0.0009999999999983763 -0.08899999999998409 0
0.0009999999999984091 -0.08799999999998008 0
0.000999999999998442 -0.08699999999997941 0
0.0009999999999984745 -0.08599999999997746 0
0.0009999999999985075 -0.08499999999997344 0
0.00099999999999854 -0.08399999999996965 0
0.000999999999998573 -0.0829999999999691 0
0.000999999999998606 -0.08199999999996685 0
0.0009999999999986389 -0.08099999999996282 0
0.0009999999999986714 -0.07999999999995938 0
0.0009999999999987044 -0.07899999999995877 0
0.0009999999999987367 -0.0779999999999562 0
0.0009999999999987697 -0.07699999999995218 0
0.0009999999999988022 -0.07599999999994907 0
0.0009999999999988356 -0.07499999999994851 0
0.0009999999999988679 -0.07399999999994561 0
0.0009999999999989009 -0.0729999999999416 0
0.0009999999999989338 -0.07199999999993878 0
0.0009999999999989663 -0.07099999999993824 0
0.0009999999999989993 -0.06999999999993496 0
0.0009999999999990318 -0.06899999999993171 0
0.0009999999999990646 -0.06799999999993114 0
0.0009999999999990977 -0.06699999999992835 0
0.0009999999999991303 -0.06599999999992433 0
0.0009999999999991632 -0.06499999999992143 0
0.0009999999999991958 -0.06399999999992087 0
0.0009999999999992287 -0.06299999999991775 0
0.0009999999999992617 -0.06199999999991374 0
0.0009999999999992942 -0.06099999999991112 0
0.0009999999999993272 -0.05999999999991053 0
0.0009999999999993597 -0.05899999999990711 0
0.0009999999999993927 -0.05799999999990359 0
0.0009999999999994256 -0.05699999999990132 0
0.0009999999999994581 -0.05599999999989903 0
0.0009999999999994911 -0.05499999999989649 0
0.0009999999999995236 -0.05399999999989314 0
0.0009999999999995566 -0.05299999999989085 0
0.0009999999999995895 -0.05199999999988859 0
0.0009999999999996221 -0.05099999999988588 0
0.0009999999999996548 -0.04999999999988271 0
0.0009999999999996876 -0.04899999999988042 0
0.0009999999999997205 -0.04799999999987813 0
0.0009999999999997535 -0.04699999999987525 0
0.0009999999999997862 -0.04599999999987223 0
0.0009999999999998187 -0.04499999999987128 0
0.0009999999999998515 -0.04399999999987277 0
0.0009999999999998844 -0.0429999999998756 0
0.0009999999999999174 -0.04199999999987839 0
0.0009999999999999504 -0.04099999999988124 0
0.0009999999999999825 -0.03999999999988405 0
0.001000000000000015 -0.03899999999988688 0
0.001000000000000048 -0.03799999999988969 0
0.001000000000000081 -0.03699999999989251 0
0.001000000000000114 -0.03599999999989534 0
0.001000000000000146 -0.03499999999989815 0
0.001000000000000179 -0.03399999999990095 0
0.001000000000000212 -0.03299999999990427 0
0.001000000000000245 -0.03199999999990883 0
0.001000000000000278 -0.03099999999991211 0
0.001000000000000311 -0.02999999999991493 0
0.001000000000000343 -0.02899999999991776 0
0.001000000000000376 -0.02799999999992058 0
0.001000000000000409 -0.02699999999992338 0
0.001000000000000442 -0.02599999999992621 0
0.001000000000000475 -0.02499999999992904 0
0.001000000000000507 -0.02399999999993185 0
0.00100000000000054 -0.02299999999993467 0
0.001000000000000573 -0.02199999999993749 0
0.001000000000000606 -0.02099999999994033 0
0.001000000000000638 -0.01999999999994315 0
0.001000000000000671 -0.01899999999994596 0
0.001000000000000704 -0.01799999999994879 0
0.001000000000000737 -0.01699999999995161 0
0.00100000000000077 -0.01599999999995442 0
0.001000000000000802 -0.01499999999995723 0
0.001000000000000835 -0.01399999999996052 0
0.001000000000000868 -0.01299999999996419 0
0.001000000000000901 -0.01199999999996702 0
0.001000000000000934 -0.01099999999996984 0
0.001000000000000966 -0.009999999999972673 0
0.001000000000000999 -0.008999999999975486 0
0.001000000000001032 -0.007999999999978163 0
0.001000000000001064 -0.006999999999980345 0
0.001000000000001097 -0.005999999999982015 0
0.00100000000000113 -0.004999999999983196 0
0.001000000000001163 -0.003999999999984715 0
0.001000000000001196 -0.002999999999985994 0
0.001000000000001229 -0.001999999999987295 0
0.001000000000001261 -0.0009999999999888648 0
0.001000000000001294 9.202708040056962e-15 0
0.001000000000001327 0.001000000000007018 0
0.00100000000000136 0.002000000000005037 0
0.001000000000001393 0.003000000000003274 0
0.001000000000001425 0.004000000000001711 0
0.001999999999996485 -0.09399999999999872 0
0.001999999999996577 -0.09299999999999481 0
0.00199999999999667 -0.09199999999999089 0
0.001999999999996761 -0.09099999999998994 0
0.001999999999996855 -0.08999999999998831 0
0.001999999999996946 -0.08899999999998442 0
0.001999999999997039 -0.08799999999998047 0
0.001999999999997132 -0.08699999999997984 0
0.001999999999997224 -0.08599999999997793 0
0.001999999999997317 -0.084999999999974 0
0.001999999999997408 -0.08399999999997027 0
0.001999999999997502 -0.08299999999996975 0
0.001999999999997594 -0.0819999999999675 0
0.001999999999997686 -0.0809999999999636 0
0.001999999999997778 -0.07999999999996019 0
0.001999999999997871 -0.07899999999995964 0
0.001999999999997963 -0.07799999999995713 0
0.001999999999998056 -0.07699999999995319 0
0.001999999999998148 -0.07599999999995011 0
0.001999999999998241 -0.07499999999994959 0
0.001999999999998333 -0.07399999999994671 0
0.001999999999998426 -0.07299999999994278 0
0.001999999999998518 -0.07199999999994003 0
0.001999999999998611 -0.0709999999999395 0
0.001999999999998702 -0.06999999999993628 0
0.001999999999998796 -0.06899999999993313 0
0.001999999999998888 -0.06799999999993259 0
0.00199999999999898 -0.06699999999992985 0
0.001999999999999072 -0.0659999999999259 0
0.001999999999999165 -0.06499999999992305 0
0.001999999999999258 -0.06399999999992252 0
0.00199999999999935 -0.06299999999991945 0
0.001999999999999442 -0.06199999999991553 0
0.001999999999999535 -0.06099999999991298 0
0.001999999999999627 -0.05999999999991241 0
0.00199999999999972 -0.05899999999990905 0
0.001999999999999812 -0.0579999999999056 0
0.001999999999999905 -0.0569999999999034 0
0.001999999999999997 -0.05599999999990118 0
0.00200000000000009 -0.0549999999998987 0
0.002000000000000182 -0.05399999999989537 0
0.002000000000000275 -0.05299999999989315 0
0.002000000000000367 -0.05199999999989092 0
0.00200000000000046 -0.05099999999988826 0
0.002000000000000552 -0.04999999999988514 0
0.002000000000000644 -0.04899999999988292 0
0.002000000000000737 -0.0479999999998807 0
0.002000000000000829 -0.04699999999987788 0
0.002000000000000922 -0.04599999999987488 0
0.002000000000001014 -0.04499999999987397 0
0.002000000000001107 -0.04399999999987544 0
0.002000000000001199 -0.0429999999998782 0
0.002000000000001291 -0.04199999999988096 0
0.002000000000001383 -0.04099999999988373 0
0.002000000000001476 -0.03999999999988649 0
0.002000000000001569 -0.03899999999988925 0
0.002000000000001661 -0.037999999999892 0
0.002000000000001754 -0.03699999999989476 0
0.002000000000001846 -0.03599999999989756 0
0.002000000000001938 -0.03499999999990031 0
0.002000000000002031 -0.03399999999990306 0
0.002000000000002123 -0.03299999999990632 0
0.002000000000002215 -0.03199999999991079 0
0.002000000000002309 -0.03099999999991401 0
0.0020000000000024 -0.02999999999991676 0
0.002000000000002493 -0.02899999999991956 0
0.002000000000002586 -0.02799999999992231 0
0.002000000000002678 -0.02699999999992506 0
0.00200000000000277 -0.02599999999992781 0
0.002000000000002863 -0.02499999999993061 0
0.002000000000002956 -0.02399999999993336 0
0.002000000000003047 -0.02299999999993611 0
0.00200000000000314 -0.02199999999993886 0
0.002000000000003233 -0.02099999999994168 0
0.002000000000003325 -0.01999999999994442 0
0.002000000000003417 -0.01899999999994718 0
0.002000000000003509 -0.01799999999994997 0
0.002000000000003602 -0.01699999999995273 0
0.002000000000003695 -0.01599999999995546 0
0.002000000000003787 -0.01499999999995822 0
0.00200000000000388 -0.01399999999996147 0
0.002000000000003972 -0.01299999999996507 0
0.002000000000004064 -0.01199999999996783 0
0.002000000000004156 -0.01099999999997059 0
0.002000000000004249 -0.009999999999973384 0
0.002000000000004341 -0.008999999999976128 0
0.002000000000004434 -0.007999999999978743 0
0.002000000000004526 -0.00699999999998088 0
0.00200000000000462 -0.005999999999982522 0
0.002000000000004712 -0.004999999999983654 0
0.002000000000004803 -0.003999999999985113 0
0.002000000000004896 -0.002999999999986359 0
0.002000000000004989 -0.001999999999987637 0
0.002000000000005081 -0.0009999999999891502 0
0.002000000000005173 8.979796073393942e-15 0
0.002000000000005266 0.001000000000006836 0
0.002000000000005359 0.002000000000004886 0
0.002000000000005451 0.003000000000003183 0
0.002000000000005544 0.004000000000001679 0
0.002999999999994686 -0.09399999999999878 0
0.002999999999994839 -0.09299999999999492 0
0.002999999999994992 -0.09199999999999108 0
0.002999999999995144 -0.09099999999999016 0
0.002999999999995297 -0.08999999999998858 0
0.00299999999999545 -0.08899999999998476 0
0.002999999999995601 -0.0879999999999809 0
0.002999999999995754 -0.08699999999998026 0
0.002999999999995907 -0.0859999999999784 0
0.00299999999999606 -0.08499999999997453 0
0.002999999999996212 -0.08399999999997089 0
0.002999999999996365 -0.08299999999997042 0
0.002999999999996518 -0.08199999999996822 0
0.002999999999996671 -0.08099999999996439 0
0.002999999999996824 -0.07999999999996103 0
0.002999999999996976 -0.07899999999996048 0
0.002999999999997129 -0.07799999999995803 0
0.002999999999997282 -0.07699999999995417 0
0.002999999999997434 -0.07599999999995115 0
0.002999999999997587 -0.07499999999995065 0
0.002999999999997739 -0.07399999999994782 0
0.002999999999997892 -0.07299999999994397 0
0.002999999999998045 -0.07199999999994126 0
0.002999999999998197 -0.0709999999999408 0
0.00299999999999835 -0.06999999999993767 0
0.002999999999998503 -0.06899999999993454 0
0.002999999999998655 -0.06799999999993403 0
0.002999999999998808 -0.06699999999993135 0
0.002999999999998961 -0.06599999999992748 0
0.002999999999999114 -0.06499999999992466 0
0.002999999999999266 -0.0639999999999242 0
0.002999999999999418 -0.06299999999992115 0
0.002999999999999571 -0.06199999999991729 0
0.002999999999999723 -0.0609999999999148 0
0.002999999999999877 -0.05999999999991429 0
0.00300000000000003 -0.05899999999991096 0
0.003000000000000181 -0.05799999999990759 0
0.003000000000000335 -0.05699999999990546 0
0.003000000000000488 -0.0559999999999033 0
0.003000000000000641 -0.05499999999990086 0
0.003000000000000793 -0.05399999999989761 0
0.003000000000000945 -0.05299999999989545 0
0.003000000000001098 -0.05199999999989326 0
0.003000000000001251 -0.05099999999989067 0
0.003000000000001403 -0.04999999999988761 0
0.003000000000001556 -0.04899999999988545 0
0.003000000000001708 -0.04799999999988325 0
0.003000000000001861 -0.04699999999988049 0
0.003000000000002014 -0.04599999999987758 0
0.003000000000002167 -0.04499999999987667 0
0.003000000000002319 -0.04399999999987811 0
0.003000000000002472 -0.04299999999988081 0
0.003000000000002625 -0.04199999999988351 0
0.003000000000002777 -0.04099999999988623 0
0.003000000000002931 -0.03999999999988894 0
0.003000000000003084 -0.03899999999989162 0
0.003000000000003234 -0.03799999999989434 0
0.003000000000003389 -0.03699999999989704 0
0.003000000000003541 -0.03599999999989979 0
0.003000000000003694 -0.03499999999990246 0
0.003000000000003846 -0.03399999999990515 0
0.003000000000003999 -0.03299999999990833 0
0.003000000000004151 -0.03199999999991275 0
0.003000000000004305 -0.0309999999999159 0
0.003000000000004457 -0.02999999999991859 0
0.003000000000004611 -0.02899999999992135 0
0.003000000000004762 -0.02799999999992405 0
0.003000000000004916 -0.02699999999992672 0
0.003000000000005068 -0.02599999999992942 0
0.003000000000005221 -0.02499999999993218 0
0.003000000000005373 -0.02399999999993487 0
0.003000000000005526 -0.02299999999993755 0
0.003000000000005679 -0.02199999999994024 0
0.003000000000005831 -0.02099999999994301 0
0.003000000000005984 -0.0199999999999457 0
0.003000000000006137 -0.01899999999994839 0
0.00300000000000629 -0.01799999999995116 0
0.003000000000006442 -0.01699999999995385 0
0.003000000000006595 -0.01599999999995652 0
0.003000000000006748 -0.01499999999995921 0
0.0030000000000069 -0.01399999999996242 0
0.003000000000007053 -0.01299999999996595 0
0.003000000000007205 -0.01199999999996864 0
0.003000000000007358 -0.01099999999997134 0
0.003000000000007511 -0.009999999999974109 0
0.003000000000007664 -0.00899999999997678 0
0.003000000000007816 -0.007999999999979326 0
0.003000000000007969 -0.006999999999981413 0
0.003000000000008122 -0.005999999999983032 0
0.003000000000008274 -0.004999999999984113 0
0.003000000000008427 -0.003999999999985512 0
0.00300000000000858 -0.002999999999986723 0
0.003000000000008732 -0.001999999999987982 0
0.003000000000008884 -0.0009999999999894347 0
0.003000000000009038 8.756884106730922e-15 0
0.00300000000000919 0.001000000000006654 0
0.003000000000009343 0.002000000000004735 0
0.003000000000009496 0.003000000000003093 0
0.003000000000009648 0.004000000000001646 0
0.003999999999992706 -0.09399999999999882 0
0.00399999999999289 -0.09299999999999503 0
0.003999999999993076 -0.09199999999999124 0
0.00399999999999326 -0.09099999999999038 0
0.003999999999993444 -0.08999999999998884 0
0.003999999999993629 -0.08899999999998506 0
0.003999999999993812 -0.08799999999998127 0
0.003999999999993997 -0.08699999999998068 0
0.00399999999999418 -0.08599999999997889 0
0.003999999999994365 -0.08499999999997507 0
0.00399999999999455 -0.08399999999997149 0
0.003999999999994734 -0.08299999999997104 0
0.003999999999994918 -0.08199999999996892 0
0.003999999999995104 -0.08099999999996516 0
0.003999999999995288 -0.07999999999996187 0
0.003999999999995472 -0.07899999999996139 0
0.003999999999995655 -0.07799999999995892 0
0.003999999999995841 -0.07699999999995515 0
0.003999999999996025 -0.0759999999999522 0
0.00399999999999621 -0.07499999999995176 0
0.003999999999996393 -0.07399999999994898 0
0.003999999999996578 -0.07299999999994519 0
0.003999999999996762 -0.07199999999994254 0
0.003999999999996946 -0.07099999999994208 0
0.00399999999999713 -0.06999999999993901 0
0.003999999999997315 -0.06899999999993593 0
0.003999999999997499 -0.06799999999993547 0
0.003999999999997683 -0.06699999999993285 0
0.003999999999997866 -0.06599999999992902 0
0.003999999999998053 -0.0649999999999263 0
0.003999999999998237 -0.06399999999992585 0
0.003999999999998421 -0.06299999999992287 0
0.003999999999998604 -0.06199999999991906 0
0.003999999999998788 -0.06099999999991663 0
0.003999999999998972 -0.05999999999991618 0
0.003999999999999156 -0.0589999999999129 0
0.003999999999999342 -0.0579999999999096 0
0.003999999999999525 -0.05699999999990753 0
0.003999999999999711 -0.05599999999990542 0
0.003999999999999895 -0.05499999999990306 0
0.004000000000000079 -0.05399999999989985 0
0.004000000000000264 -0.05299999999989772 0
0.004000000000000447 -0.0519999999998956 0
0.004000000000000632 -0.05099999999989306 0
0.004000000000000815 -0.04999999999989008 0
0.004000000000001 -0.04899999999988795 0
0.004000000000001184 -0.04799999999988581 0
0.00400000000000137 -0.0469999999998831 0
0.004000000000001554 -0.04599999999988023 0
0.004000000000001738 -0.04499999999987937 0
0.004000000000001921 -0.04399999999988077 0
0.004000000000002105 -0.04299999999988342 0
0.004000000000002291 -0.04199999999988606 0
0.004000000000002476 -0.04099999999988873 0
0.00400000000000266 -0.03999999999989137 0
0.004000000000002844 -0.03899999999989401 0
0.004000000000003028 -0.03799999999989666 0
0.004000000000003212 -0.03699999999989931 0
0.004000000000003396 -0.035999999999902 0
0.004000000000003581 -0.03499999999990461 0
0.004000000000003765 -0.03399999999990725 0
0.004000000000003949 -0.0329999999999104 0
0.004000000000004135 -0.03199999999991471 0
0.004000000000004319 -0.03099999999991779 0
0.004000000000004503 -0.02999999999992042 0
0.004000000000004686 -0.02899999999992315 0
0.00400000000000487 -0.0279999999999258 0
0.004000000000005056 -0.02699999999992839 0
0.00400000000000524 -0.02599999999993102 0
0.004000000000005424 -0.02499999999993375 0
0.004000000000005608 -0.02399999999993638 0
0.004000000000005793 -0.02299999999993899 0
0.004000000000005977 -0.02199999999994163 0
0.004000000000006161 -0.02099999999994435 0
0.004000000000006345 -0.01999999999994699 0
0.004000000000006529 -0.01899999999994962 0
0.004000000000006713 -0.01799999999995234 0
0.004000000000006898 -0.01699999999995498 0
0.004000000000007082 -0.01599999999995757 0
0.004000000000007268 -0.0149999999999602 0
0.004000000000007452 -0.01399999999996337 0
0.004000000000007635 -0.01299999999996683 0
0.004000000000007819 -0.01199999999996945 0
0.004000000000008005 -0.01099999999997209 0
0.004000000000008187 -0.009999999999974824 0
0.004000000000008373 -0.008999999999977436 0
0.004000000000008557 -0.007999999999979909 0
0.004000000000008742 -0.006999999999981949 0
0.004000000000008926 -0.005999999999983541 0
0.00400000000000911 -0.004999999999984569 0
0.004000000000009294 -0.003999999999985914 0
0.004000000000009478 -0.002999999999987089 0
0.004000000000009662 -0.001999999999988325 0
0.004000000000009847 -0.00099999999998972 0
0.004000000000010031 8.533972140067903e-15 0
0.004000000000010217 0.001000000000006471 0
0.004000000000010401 0.002000000000004585 0
0.004000000000010584 0.003000000000003002 0
0.004000000000010768 0.004000000000001613 0
0.004999999999990526 -0.09399999999999882 0
0.00499999999999075 -0.09299999999999514 0
0.004999999999990974 -0.09199999999999142 0
0.004999999999991198 -0.0909999999999906 0
0.004999999999991423 -0.08999999999998907 0
0.004999999999991647 -0.08899999999998537 0
0.004999999999991874 -0.08799999999998168 0
0.004999999999992098 -0.08699999999998113 0
0.004999999999992321 -0.08599999999997936 0
0.004999999999992545 -0.08499999999997564 0
0.004999999999992769 -0.0839999999999721 0
0.004999999999992994 -0.08299999999997168 0
0.00499999999999322 -0.08199999999996962 0
0.004999999999993443 -0.08099999999996589 0
0.004999999999993667 -0.07999999999996268 0
0.004999999999993891 -0.07899999999996221 0
0.004999999999994114 -0.07799999999995987 0
0.00499999999999434 -0.07699999999995613 0
0.004999999999994563 -0.07599999999995324 0
0.00499999999999479 -0.07499999999995281 0
0.004999999999995014 -0.07399999999995009 0
0.004999999999995239 -0.07299999999994636 0
0.004999999999995463 -0.07199999999994376 0
0.004999999999995688 -0.07099999999994336 0
0.004999999999995912 -0.06999999999994035 0
0.004999999999996136 -0.06899999999993735 0
0.004999999999996362 -0.06799999999993692 0
0.004999999999996585 -0.06699999999993433 0
0.004999999999996811 -0.06599999999993059 0
0.004999999999997035 -0.06499999999992789 0
0.00499999999999726 -0.06399999999992749 0
0.004999999999997484 -0.06299999999992459 0
0.004999999999997708 -0.06199999999992088 0
0.004999999999997933 -0.06099999999991849 0
0.004999999999998157 -0.05999999999991804 0
0.004999999999998381 -0.05899999999991484 0
0.004999999999998605 -0.05799999999991162 0
0.00499999999999883 -0.0569999999999096 0
0.004999999999999054 -0.05599999999990754 0
0.004999999999999279 -0.05499999999990521 0
0.004999999999999503 -0.05399999999990211 0
0.004999999999999727 -0.05299999999990003 0
0.004999999999999952 -0.05199999999989795 0
0.005000000000000176 -0.05099999999989548 0
0.0050000000000004 -0.04999999999989253 0
0.005000000000000625 -0.04899999999989044 0
0.005000000000000849 -0.04799999999988836 0
0.005000000000001073 -0.04699999999988572 0
0.005000000000001299 -0.04599999999988293 0
0.005000000000001522 -0.04499999999988206 0
0.005000000000001746 -0.04399999999988344 0
0.005000000000001972 -0.04299999999988603 0
0.005000000000002195 -0.04199999999988861 0
0.005000000000002421 -0.04099999999989123 0
0.005000000000002645 -0.03999999999989382 0
0.00500000000000287 -0.0389999999998964 0
0.005000000000003092 -0.03799999999989896 0
0.005000000000003318 -0.03699999999990159 0
0.005000000000003543 -0.03599999999990421 0
0.005000000000003767 -0.03499999999990676 0
0.005000000000003991 -0.03399999999990934 0
0.005000000000004216 -0.03299999999991243 0
0.00500000000000444 -0.03199999999991669 0
0.005000000000004666 -0.03099999999991969 0
0.005000000000004889 -0.02999999999992224 0
0.005000000000005115 -0.02899999999992494 0
0.005000000000005339 -0.02799999999992753 0
0.005000000000005562 -0.02699999999993005 0
0.005000000000005786 -0.02599999999993262 0
0.005000000000006012 -0.02499999999993532 0
0.005000000000006236 -0.02399999999993789 0
0.005000000000006461 -0.02299999999994042 0
0.005000000000006684 -0.021999999999943 0
0.005000000000006909 -0.02099999999994571 0
0.005000000000007133 -0.01999999999994827 0
0.005000000000007358 -0.01899999999995082 0
0.005000000000007582 -0.01799999999995352 0
0.005000000000007807 -0.0169999999999561 0
0.005000000000008031 -0.01599999999995862 0
0.005000000000008255 -0.01499999999996119 0
0.00500000000000848 -0.01399999999996432 0
0.005000000000008704 -0.01299999999996771 0
0.005000000000008928 -0.01199999999997026 0
0.005000000000009153 -0.01099999999997285 0
0.005000000000009379 -0.009999999999975539 0
0.0050000000000096 -0.008999999999978088 0
0.005000000000009826 -0.007999999999980486 0
0.005000000000010052 -0.006999999999982479 0
0.005000000000010276 -0.005999999999984051 0
0.005000000000010499 -0.004999999999985027 0
0.005000000000010725 -0.003999999999986313 0
0.005000000000010948 -0.002999999999987454 0
0.005000000000011173 -0.001999999999988669 0
0.005000000000011398 -0.0009999999999900054 0
0.005000000000011622 8.310192811666894e-15 0
0.005000000000011846 0.001000000000006288 0
0.00500000000001207 0.002000000000004434 0
0.005000000000012295 0.003000000000002912 0
0.00500000000001252 0.004000000000001583 0
0.005999999999988598 -0.09399999999999889 0
0.005999999999988883 -0.09299999999999525 0
0.005999999999989169 -0.09199999999999159 0
0.005999999999989456 -0.09099999999999077 0
0.00599999999998974 -0.08999999999998934 0
0.005999999999990025 -0.08899999999998572 0
0.005999999999990313 -0.08799999999998206 0
0.005999999999990597 -0.08699999999998156 0
0.005999999999990886 -0.08599999999997986 0
0.00599999999999117 -0.08499999999997618 0
0.005999999999991455 -0.08399999999997271 0
0.005999999999991742 -0.08299999999997235 0
0.005999999999992029 -0.0819999999999703 0
0.005999999999992313 -0.08099999999996665 0
0.005999999999992601 -0.07999999999996349 0
0.005999999999992887 -0.0789999999999631 0
0.005999999999993172 -0.07799999999996078 0
0.005999999999993457 -0.07699999999995712 0
0.005999999999993744 -0.07599999999995428 0
0.00599999999999403 -0.07499999999995387 0
0.005999999999994316 -0.07399999999995123 0
0.005999999999994603 -0.07299999999994759 0
0.005999999999994888 -0.07199999999994504 0
0.005999999999995175 -0.07099999999994468 0
0.005999999999995461 -0.06999999999994168 0
0.005999999999995746 -0.06899999999993876 0
0.005999999999996032 -0.06799999999993836 0
0.005999999999996317 -0.06699999999993585 0
0.005999999999996604 -0.06599999999993214 0
0.005999999999996891 -0.06499999999992954 0
0.005999999999997175 -0.06399999999992916 0
0.005999999999997461 -0.0629999999999263 0
0.005999999999997748 -0.06199999999992264 0
0.005999999999998036 -0.06099999999992033 0
0.005999999999998321 -0.0599999999999199 0
0.005999999999998605 -0.05899999999991677 0
0.005999999999998891 -0.05799999999991361 0
0.005999999999999177 -0.05699999999991167 0
0.005999999999999462 -0.05599999999990967 0
0.00599999999999975 -0.05499999999990741 0
0.006000000000000036 -0.05399999999990434 0
0.006000000000000323 -0.05299999999990231 0
0.006000000000000608 -0.05199999999990029 0
0.006000000000000894 -0.05099999999989786 0
0.006000000000001178 -0.04999999999989499 0
0.006000000000001465 -0.04899999999989296 0
0.006000000000001751 -0.04799999999989093 0
0.006000000000002038 -0.04699999999988834 0
0.006000000000002324 -0.0459999999998856 0
0.006000000000002611 -0.04499999999988477 0
0.006000000000002895 -0.04399999999988613 0
0.006000000000003181 -0.04299999999988864 0
0.006000000000003467 -0.04199999999989115 0
0.006000000000003752 -0.04099999999989373 0
0.006000000000004039 -0.03999999999989627 0
0.006000000000004324 -0.03899999999989878 0
0.006000000000004613 -0.03799999999990131 0
0.006000000000004897 -0.03699999999990385 0
0.006000000000005183 -0.03599999999990643 0
0.00600000000000547 -0.03499999999990891 0
0.006000000000005757 -0.03399999999991144 0
0.00600000000000604 -0.03299999999991446 0
0.006000000000006328 -0.03199999999991865 0
0.006000000000006613 -0.03099999999992159 0
0.006000000000006898 -0.02999999999992407 0
0.006000000000007187 -0.02899999999992674 0
0.00600000000000747 -0.02799999999992927 0
0.006000000000007756 -0.02699999999993172 0
0.006000000000008043 -0.02599999999993423 0
0.006000000000008328 -0.02499999999993689 0
0.006000000000008616 -0.0239999999999394 0
0.006000000000008899 -0.02299999999994187 0
0.006000000000009187 -0.02199999999994439 0
0.006000000000009473 -0.02099999999994705 0
0.006000000000009759 -0.01999999999994954 0
0.006000000000010045 -0.01899999999995204 0
0.006000000000010331 -0.01799999999995471 0
0.006000000000010618 -0.01699999999995721 0
0.006000000000010902 -0.01599999999995966 0
0.00600000000001119 -0.01499999999996218 0
0.006000000000011474 -0.01399999999996527 0
0.00600000000001176 -0.01299999999996859 0
0.006000000000012047 -0.01199999999997106 0
0.006000000000012333 -0.0109999999999736 0
0.006000000000012619 -0.009999999999976254 0
0.006000000000012906 -0.008999999999978733 0
0.006000000000013189 -0.007999999999981071 0
0.006000000000013476 -0.006999999999983015 0
0.006000000000013763 -0.005999999999984561 0
0.006000000000014049 -0.004999999999985485 0
0.006000000000014335 -0.003999999999986712 0
0.006000000000014621 -0.002999999999987817 0
0.006000000000014906 -0.001999999999989011 0
0.006000000000015194 -0.0009999999999902899 0
0.006000000000015478 8.088148206741863e-15 0
0.006000000000015764 0.001000000000006105 0
0.00600000000001605 0.002000000000004282 0
0.006000000000016336 0.003000000000002821 0
0.006000000000016623 0.004000000000001552 0
0.006999999999987029 -0.09399999999999895 0
0.006999999999987374 -0.09299999999999538 0
0.006999999999987718 -0.09199999999999178 0
0.006999999999988062 -0.090999999999991 0
0.006999999999988406 -0.0899999999999896 0
0.00699999999998875 -0.08899999999998603 0
0.006999999999989093 -0.08799999999998245 0
0.006999999999989437 -0.08699999999998197 0
0.006999999999989783 -0.08599999999998034 0
0.006999999999990126 -0.08499999999997672 0
0.00699999999999047 -0.08399999999997333 0
0.006999999999990814 -0.08299999999997296 0
0.006999999999991159 -0.081999999999971 0
0.006999999999991503 -0.08099999999996743 0
0.006999999999991846 -0.07999999999996432 0
0.006999999999992191 -0.07899999999996393 0
0.006999999999992532 -0.07799999999996168 0
0.006999999999992879 -0.07699999999995806 0
0.006999999999993221 -0.07599999999995533 0
0.006999999999993566 -0.07499999999995494 0
0.006999999999993909 -0.07399999999995238 0
0.006999999999994254 -0.07299999999994876 0
0.006999999999994598 -0.0719999999999463 0
0.006999999999994943 -0.07099999999994597 0
0.006999999999995286 -0.06999999999994308 0
0.00699999999999563 -0.06899999999994016 0
0.006999999999995973 -0.0679999999999398 0
0.006999999999996318 -0.06699999999993735 0
0.006999999999996662 -0.06599999999993372 0
0.006999999999997007 -0.06499999999993114 0
0.00699999999999735 -0.06399999999993079 0
0.006999999999997694 -0.062999999999928 0
0.006999999999998037 -0.06199999999992442 0
0.006999999999998383 -0.06099999999992216 0
0.006999999999998726 -0.05999999999992178 0
0.006999999999999069 -0.05899999999991871 0
0.006999999999999413 -0.05799999999991563 0
0.006999999999999756 -0.05699999999991373 0
0.007000000000000103 -0.05599999999991181 0
0.007000000000000447 -0.05499999999990957 0
0.007000000000000791 -0.05399999999990659 0
0.007000000000001135 -0.05299999999990462 0
0.007000000000001479 -0.05199999999990264 0
0.007000000000001821 -0.05099999999990026 0
0.007000000000002168 -0.04999999999989744 0
0.007000000000002509 -0.04899999999989547 0
0.007000000000002855 -0.04799999999989349 0
0.007000000000003198 -0.04699999999989095 0
0.007000000000003542 -0.04599999999988826 0
0.007000000000003886 -0.04499999999988747 0
0.007000000000004232 -0.04399999999988879 0
0.007000000000004574 -0.04299999999989125 0
0.007000000000004919 -0.04199999999989372 0
0.007000000000005262 -0.04099999999989623 0
0.007000000000005606 -0.03999999999989873 0
0.007000000000005949 -0.03899999999990115 0
0.007000000000006294 -0.03799999999990362 0
0.007000000000006637 -0.03699999999990611 0
0.007000000000006982 -0.03599999999990863 0
0.007000000000007328 -0.03499999999991106 0
0.00700000000000767 -0.03399999999991354 0
0.007000000000008014 -0.0329999999999165 0
0.007000000000008357 -0.03199999999992062 0
0.007000000000008703 -0.03099999999992347 0
0.007000000000009048 -0.02999999999992591 0
0.007000000000009391 -0.02899999999992852 0
0.007000000000009735 -0.027999999999931 0
0.007000000000010078 -0.02699999999993339 0
0.007000000000010421 -0.02599999999993583 0
0.007000000000010767 -0.02499999999993845 0
0.007000000000011108 -0.0239999999999409 0
0.007000000000011455 -0.0229999999999433 0
0.0070000000000118 -0.02199999999994576 0
0.007000000000012142 -0.02099999999994838 0
0.007000000000012487 -0.01999999999995082 0
0.007000000000012829 -0.01899999999995326 0
0.007000000000013173 -0.01799999999995588 0
0.007000000000013521 -0.01699999999995834 0
0.007000000000013863 -0.01599999999996072 0
0.007000000000014208 -0.01499999999996317 0
0.00700000000001455 -0.01399999999996622 0
0.007000000000014894 -0.01299999999996946 0
0.007000000000015239 -0.01199999999997187 0
0.007000000000015584 -0.01099999999997435 0
0.007000000000015926 -0.009999999999976967 0
0.007000000000016271 -0.008999999999979382 0
0.007000000000016614 -0.00799999999998165 0
0.007000000000016958 -0.006999999999983548 0
0.007000000000017302 -0.005999999999985072 0
0.007000000000017647 -0.00499999999998594 0
0.007000000000017992 -0.00399999999998711 0
0.007000000000018335 -0.002999999999988182 0
0.00700000000001868 -0.001999999999989355 0
0.007000000000019022 -0.0009999999999905744 0
0.007000000000019366 7.864368878340855e-15 0
0.007000000000019709 0.001000000000005923 0
0.007000000000020058 0.002000000000004133 0
0.0070000000000204 0.003000000000002731 0
0.007000000000020743 0.004000000000001517 0
0.00799999999998573 -0.09399999999999897 0
0.007999999999986096 -0.09299999999999546 0
0.007999999999986464 -0.09199999999999196 0
0.007999999999986828 -0.0909999999999912 0
0.007999999999987193 -0.08999999999998985 0
0.00799999999998756 -0.08899999999998637 0
0.007999999999987923 -0.08799999999998284 0
0.007999999999988289 -0.08699999999998241 0
0.007999999999988657 -0.08599999999998077 0
0.007999999999989021 -0.08499999999997722 0
0.007999999999989385 -0.08399999999997391 0
0.00799999999998975 -0.08299999999997362 0
0.007999999999990117 -0.08199999999997169 0
0.007999999999990482 -0.08099999999996819 0
0.007999999999990844 -0.07999999999996517 0
0.00799999999999121 -0.07899999999996481 0
0.007999999999991578 -0.0779999999999626 0
0.007999999999991942 -0.07699999999995906 0
0.007999999999992308 -0.07599999999995634 0
0.007999999999992676 -0.07499999999995603 0
0.007999999999993039 -0.07399999999995348 0
0.007999999999993406 -0.07299999999994997 0
0.007999999999993771 -0.07199999999994754 0
0.007999999999994133 -0.07099999999994726 0
0.007999999999994499 -0.0699999999999444 0
0.007999999999994867 -0.06899999999994161 0
0.007999999999995231 -0.06799999999994126 0
0.007999999999995599 -0.06699999999993884 0
0.007999999999995963 -0.06599999999993529 0
0.007999999999996328 -0.06499999999993275 0
0.00799999999999669 -0.06399999999993247 0
0.00799999999999706 -0.06299999999992972 0
0.007999999999997424 -0.06199999999992622 0
0.00799999999999779 -0.06099999999992398 0
0.007999999999998153 -0.05999999999992366 0
0.00799999999999852 -0.05899999999992064 0
0.007999999999998885 -0.05799999999991761 0
0.007999999999999253 -0.05699999999991583 0
0.007999999999999617 -0.05599999999991394 0
0.007999999999999981 -0.05499999999991177 0
0.008000000000000345 -0.05399999999990883 0
0.008000000000000713 -0.05299999999990691 0
0.008000000000001077 -0.05199999999990498 0
0.008000000000001445 -0.05099999999990265 0
0.008000000000001808 -0.0499999999998999 0
0.008000000000002174 -0.04899999999989797 0
0.008000000000002538 -0.04799999999989605 0
0.008000000000002906 -0.04699999999989357 0
0.00800000000000327 -0.04599999999989095 0
0.008000000000003636 -0.04499999999989016 0
0.008000000000004002 -0.04399999999989146 0
0.008000000000004366 -0.04299999999989385 0
0.008000000000004731 -0.04199999999989626 0
0.008000000000005099 -0.04099999999989872 0
0.008000000000005463 -0.03999999999990115 0
0.008000000000005831 -0.03899999999990354 0
0.008000000000006195 -0.03799999999990595 0
0.008000000000006559 -0.03699999999990839 0
0.008000000000006923 -0.03599999999991086 0
0.008000000000007291 -0.03499999999991321 0
0.008000000000007656 -0.03399999999991563 0
0.00800000000000802 -0.03299999999991853 0
0.008000000000008388 -0.03199999999992259 0
0.00800000000000875 -0.03099999999992537 0
0.008000000000009116 -0.02999999999992774 0
0.008000000000009484 -0.02899999999993033 0
0.008000000000009848 -0.02799999999993274 0
0.008000000000010212 -0.02699999999993507 0
0.00800000000001058 -0.02599999999993744 0
0.008000000000010945 -0.02499999999994003 0
0.008000000000011309 -0.02399999999994241 0
0.008000000000011677 -0.02299999999994474 0
0.008000000000012041 -0.02199999999994713 0
0.008000000000012405 -0.02099999999994973 0
0.008000000000012769 -0.0199999999999521 0
0.008000000000013137 -0.01899999999995447 0
0.008000000000013502 -0.01799999999995706 0
0.008000000000013866 -0.01699999999995946 0
0.008000000000014234 -0.01599999999996177 0
0.008000000000014598 -0.01499999999996417 0
0.00800000000001496 -0.01399999999996717 0
0.008000000000015326 -0.01299999999997034 0
0.008000000000015694 -0.01199999999997268 0
0.008000000000016059 -0.0109999999999751 0
0.008000000000016423 -0.009999999999977683 0
0.008000000000016791 -0.008999999999980034 0
0.008000000000017155 -0.00799999999998223 0
0.008000000000017519 -0.006999999999984082 0
0.008000000000017887 -0.005999999999985581 0
0.008000000000018251 -0.004999999999986398 0
0.008000000000018615 -0.003999999999987509 0
0.008000000000018983 -0.00299999999998855 0
0.008000000000019348 -0.001999999999989698 0
0.008000000000019712 -0.0009999999999908598 0
0.00800000000002008 7.640589549939847e-15 0
0.008000000000020444 0.001000000000005741 0
0.008000000000020808 0.002000000000003982 0
0.008000000000021174 0.00300000000000264 0
0.008000000000021542 0.004000000000001485 0
0.008999999999984453 -0.09399999999999903 0
0.008999999999984853 -0.09299999999999559 0
0.008999999999985251 -0.09199999999999213 0
0.008999999999985648 -0.09099999999999145 0
0.00899999999998605 -0.08999999999999013 0
0.008999999999986451 -0.08899999999998671 0
0.008999999999986852 -0.08799999999998323 0
0.008999999999987247 -0.08699999999998284 0
0.008999999999987652 -0.08599999999998127 0
0.008999999999988049 -0.08499999999997779 0
0.008999999999988448 -0.08399999999997454 0
0.008999999999988852 -0.08299999999997427 0
0.008999999999989251 -0.08199999999997241 0
0.008999999999989648 -0.08099999999996893 0
0.008999999999990049 -0.07999999999996599 0
0.008999999999990448 -0.07899999999996565 0
0.008999999999990845 -0.07799999999996352 0
0.008999999999991244 -0.07699999999996007 0
0.008999999999991647 -0.07599999999995742 0
0.008999999999992044 -0.0749999999999571 0
0.008999999999992445 -0.07399999999995466 0
0.008999999999992844 -0.07299999999995119 0
0.008999999999993244 -0.07199999999994883 0
0.008999999999993642 -0.07099999999994851 0
0.008999999999994041 -0.06999999999994572 0
0.008999999999994443 -0.06899999999994297 0
0.008999999999994844 -0.0679999999999427 0
0.008999999999995241 -0.06699999999994033 0
0.008999999999995645 -0.06599999999993686 0
0.008999999999996039 -0.06499999999993439 0
0.008999999999996438 -0.06399999999993414 0
0.00899999999999684 -0.06299999999993144 0
0.008999999999997239 -0.061999999999928 0
0.00899999999999764 -0.06099999999992584 0
0.008999999999998041 -0.05999999999992552 0
0.00899999999999844 -0.05899999999992259 0
0.008999999999998841 -0.05799999999991962 0
0.00899999999999924 -0.05699999999991789 0
0.00899999999999964 -0.05599999999991605 0
0.009000000000000037 -0.05499999999991395 0
0.009000000000000438 -0.05399999999991106 0
0.009000000000000839 -0.0529999999999092 0
0.009000000000001236 -0.05199999999990731 0
0.009000000000001635 -0.05099999999990505 0
0.009000000000002034 -0.04999999999990235 0
0.009000000000002437 -0.04899999999990049 0
0.009000000000002832 -0.0479999999998986 0
0.009000000000003235 -0.04699999999989619 0
0.009000000000003635 -0.04599999999989362 0
0.009000000000004034 -0.04499999999989285 0
0.009000000000004432 -0.04399999999989414 0
0.009000000000004834 -0.04299999999989647 0
0.009000000000005233 -0.04199999999989881 0
0.009000000000005632 -0.04099999999990122 0
0.009000000000006031 -0.0399999999999036 0
0.009000000000006433 -0.03899999999990591 0
0.009000000000006831 -0.03799999999990827 0
0.009000000000007231 -0.03699999999991066 0
0.00900000000000763 -0.03599999999991308 0
0.009000000000008029 -0.03499999999991536 0
0.00900000000000843 -0.03399999999991774 0
0.009000000000008827 -0.03299999999992058 0
0.00900000000000923 -0.03199999999992455 0
0.009000000000009629 -0.03099999999992727 0
0.009000000000010028 -0.02999999999992957 0
0.009000000000010427 -0.02899999999993213 0
0.009000000000010826 -0.02799999999993449 0
0.009000000000011228 -0.02699999999993673 0
0.009000000000011627 -0.02599999999993904 0
0.009000000000012026 -0.02499999999994159 0
0.009000000000012425 -0.02399999999994393 0
0.009000000000012826 -0.02299999999994619 0
0.009000000000013223 -0.02199999999994852 0
0.009000000000013627 -0.02099999999995107 0
0.009000000000014026 -0.01999999999995339 0
0.009000000000014424 -0.01899999999995569 0
0.009000000000014824 -0.01799999999995824 0
0.009000000000015225 -0.01699999999996059 0
0.009000000000015621 -0.01599999999996283 0
0.009000000000016023 -0.01499999999996515 0
0.009000000000016422 -0.01399999999996812 0
0.009000000000016823 -0.01299999999997123 0
0.009000000000017222 -0.01199999999997349 0
0.009000000000017621 -0.01099999999997586 0
0.009000000000018021 -0.009999999999978396 0
0.00900000000001842 -0.008999999999980687 0
0.009000000000018821 -0.007999999999982811 0
0.009000000000019222 -0.006999999999984616 0
0.009000000000019619 -0.005999999999986088 0
0.009000000000020021 -0.004999999999986857 0
0.009000000000020419 -0.003999999999987912 0
0.009000000000020819 -0.002999999999988913 0
0.00900000000002122 -0.001999999999990043 0
0.009000000000021617 -0.0009999999999911443 0
0.00900000000002202 7.418544945014816e-15 0
0.009000000000022414 0.001000000000005558 0
0.009000000000022818 0.00200000000000383 0
0.009000000000023217 0.003000000000002549 0
0.009000000000023614 0.004000000000001453 0
0.009999999999982939 -0.09399999999999904 0
0.009999999999983399 -0.0929999999999957 0
0.009999999999983857 -0.09199999999999228 0
0.009999999999984313 -0.09099999999999166 0
0.009999999999984771 -0.08999999999999041 0
0.009999999999985229 -0.08899999999998703 0
0.009999999999985684 -0.08799999999998363 0
0.009999999999986138 -0.08699999999998329 0
0.009999999999986598 -0.08599999999998173 0
0.009999999999987056 -0.08499999999997833 0
0.009999999999987515 -0.08399999999997514 0
0.00999999999998797 -0.08299999999997491 0
0.00999999999998843 -0.08199999999997307 0
0.009999999999988886 -0.08099999999996972 0
0.00999999999998934 -0.07999999999996681 0
0.0099999999999898 -0.07899999999996653 0
0.009999999999990256 -0.07799999999996443 0
0.009999999999990712 -0.07699999999996103 0
0.009999999999991169 -0.07599999999995843 0
0.009999999999991627 -0.07499999999995818 0
0.009999999999992085 -0.07399999999995575 0
0.009999999999992544 -0.07299999999995238 0
0.009999999999993001 -0.07199999999995008 0
0.009999999999993455 -0.07099999999994981 0
0.009999999999993913 -0.06999999999994712 0
0.009999999999994368 -0.06899999999994437 0
0.009999999999994827 -0.06799999999994413 0
0.009999999999995285 -0.06699999999994187 0
0.009999999999995743 -0.06599999999993841 0
0.009999999999996199 -0.06499999999993604 0
0.009999999999996656 -0.06399999999993579 0
0.00999999999999711 -0.06299999999993317 0
0.00999999999999757 -0.06199999999992978 0
0.00999999999999803 -0.06099999999992768 0
0.009999999999998488 -0.05999999999992741 0
0.00999999999999894 -0.05899999999992452 0
0.0099999999999994 -0.05799999999992161 0
0.009999999999999856 -0.05699999999991995 0
0.01000000000000031 -0.05599999999991818 0
0.01000000000000077 -0.05499999999991612 0
0.01000000000000123 -0.05399999999991331 0
0.01000000000000168 -0.05299999999991149 0
0.01000000000000214 -0.05199999999990967 0
0.0100000000000026 -0.05099999999990746 0
0.01000000000000306 -0.04999999999990482 0
0.01000000000000351 -0.04899999999990299 0
0.01000000000000397 -0.04799999999990116 0
0.01000000000000443 -0.04699999999989879 0
0.01000000000000488 -0.04599999999989628 0
0.01000000000000534 -0.04499999999989555 0
0.0100000000000058 -0.04399999999989681 0
0.01000000000000625 -0.04299999999989908 0
0.01000000000000671 -0.04199999999990135 0
0.01000000000000717 -0.04099999999990372 0
0.01000000000000763 -0.03999999999990607 0
0.01000000000000808 -0.0389999999999083 0
0.01000000000000854 -0.03799999999991059 0
0.01000000000000899 -0.03699999999991293 0
0.01000000000000945 -0.03599999999991529 0
0.01000000000000991 -0.03499999999991751 0
0.01000000000001037 -0.03399999999991982 0
0.01000000000001083 -0.03299999999992261 0
0.01000000000001128 -0.03199999999992652 0
0.01000000000001174 -0.03099999999992918 0
0.01000000000001219 -0.0299999999999314 0
0.01000000000001265 -0.02899999999993392 0
0.01000000000001311 -0.02799999999993623 0
0.01000000000001357 -0.02699999999993839 0
0.01000000000001403 -0.02599999999994066 0
0.01000000000001448 -0.02499999999994316 0
0.01000000000001494 -0.02399999999994544 0
0.0100000000000154 -0.02299999999994761 0
0.01000000000001585 -0.02199999999994989 0
0.01000000000001631 -0.02099999999995242 0
0.01000000000001677 -0.01999999999995466 0
0.01000000000001722 -0.01899999999995692 0
0.01000000000001768 -0.01799999999995942 0
0.01000000000001814 -0.0169999999999617 0
0.0100000000000186 -0.01599999999996387 0
0.01000000000001905 -0.01499999999996614 0
0.01000000000001951 -0.01399999999996907 0
0.01000000000001997 -0.01299999999997211 0
0.01000000000002042 -0.0119999999999743 0
0.01000000000002088 -0.01099999999997661 0
0.01000000000002134 -0.009999999999979118 0
0.0100000000000218 -0.008999999999981332 0
0.01000000000002225 -0.007999999999983392 0
0.01000000000002271 -0.006999999999985149 0
0.01000000000002316 -0.005999999999986595 0
0.01000000000002362 -0.004999999999987314 0
0.01000000000002408 -0.003999999999988312 0
0.01000000000002454 -0.002999999999989277 0
0.010000000000025 -0.001999999999990385 0
0.01000000000002545 -0.0009999999999914296 0
0.01000000000002591 7.194765616613807e-15 0
0.01000000000002637 0.001000000000005375 0
0.01000000000002683 0.002000000000003679 0
0.01000000000002728 0.003000000000002459 0
0.01000000000002774 0.004000000000001421 0
0.01099999999998177 -0.09399999999999911 0
0.01099999999998227 -0.09299999999999582 0
0.01099999999998278 -0.09199999999999248 0
0.01099999999998329 -0.09099999999999188 0
0.0109999999999838 -0.08999999999999066 0
0.01099999999998431 -0.08899999999998737 0
0.01099999999998482 -0.08799999999998404 0
0.01099999999998533 -0.08699999999998369 0
0.01099999999998584 -0.08599999999998223 0
0.01099999999998634 -0.0849999999999789 0
0.01099999999998686 -0.08399999999997575 0
0.01099999999998736 -0.08299999999997554 0
0.01099999999998787 -0.08199999999997382 0
0.01099999999998839 -0.0809999999999705 0
0.01099999999998889 -0.07999999999996764 0
0.0109999999999894 -0.07899999999996737 0
0.01099999999998991 -0.07799999999996531 0
0.01099999999999042 -0.07699999999996202 0
0.01099999999999093 -0.07599999999995947 0
0.01099999999999144 -0.07499999999995924 0
0.01099999999999195 -0.07399999999995689 0
0.01099999999999245 -0.07299999999995357 0
0.01099999999999296 -0.07199999999995133 0
0.01099999999999347 -0.07099999999995112 0
0.01099999999999398 -0.06999999999994845 0
0.01099999999999449 -0.06899999999994581 0
0.010999999999995 -0.06799999999994558 0
0.01099999999999551 -0.06699999999994334 0
0.01099999999999602 -0.06599999999993998 0
0.01099999999999653 -0.06499999999993765 0
0.01099999999999704 -0.06399999999993744 0
0.01099999999999755 -0.06299999999993489 0
0.01099999999999805 -0.06199999999993156 0
0.01099999999999856 -0.06099999999992951 0
0.01099999999999907 -0.05999999999992927 0
0.01099999999999958 -0.05899999999992644 0
0.01100000000000009 -0.05799999999992362 0
0.0110000000000006 -0.05699999999992204 0
0.01100000000000111 -0.05599999999992029 0
0.01100000000000162 -0.05499999999991831 0
0.01100000000000213 -0.05399999999991554 0
0.01100000000000264 -0.05299999999991379 0
0.01100000000000315 -0.05199999999991201 0
0.01100000000000366 -0.05099999999990985 0
0.01100000000000417 -0.04999999999990727 0
0.01100000000000467 -0.04899999999990549 0
0.01100000000000518 -0.04799999999990372 0
0.01100000000000569 -0.04699999999990141 0
0.0110000000000062 -0.04599999999989896 0
0.01100000000000671 -0.04499999999989825 0
0.01100000000000722 -0.04399999999989948 0
0.01100000000000773 -0.04299999999990169 0
0.01100000000000824 -0.04199999999990391 0
0.01100000000000875 -0.04099999999990621 0
0.01100000000000925 -0.0399999999999085 0
0.01100000000000977 -0.03899999999991069 0
0.01100000000001027 -0.03799999999991292 0
0.01100000000001078 -0.0369999999999152 0
0.01100000000001129 -0.03599999999991752 0
0.0110000000000118 -0.03499999999991969 0
0.01100000000001231 -0.03399999999992193 0
0.01100000000001282 -0.03299999999992465 0
0.01100000000001333 -0.03199999999992847 0
0.01100000000001384 -0.03099999999993107 0
0.01100000000001435 -0.02999999999993323 0
0.01100000000001486 -0.02899999999993572 0
0.01100000000001537 -0.02799999999993796 0
0.01100000000001587 -0.02699999999994006 0
0.01100000000001638 -0.02599999999994225 0
0.01100000000001689 -0.02499999999994473 0
0.0110000000000174 -0.02399999999994695 0
0.01100000000001791 -0.02299999999994905 0
0.01100000000001842 -0.02199999999995127 0
0.01100000000001893 -0.02099999999995376 0
0.01100000000001944 -0.01999999999995594 0
0.01100000000001995 -0.01899999999995812 0
0.01100000000002046 -0.0179999999999606 0
0.01100000000002097 -0.01699999999996282 0
0.01100000000002147 -0.01599999999996492 0
0.01100000000002198 -0.01499999999996714 0
0.01100000000002249 -0.01399999999997002 0
0.011000000000023 -0.01299999999997299 0
0.01100000000002351 -0.0119999999999751 0
0.01100000000002402 -0.01099999999997736 0
0.01100000000002453 -0.009999999999979834 0
0.01100000000002504 -0.008999999999981986 0
0.01100000000002555 -0.00799999999998397 0
0.01100000000002605 -0.006999999999985681 0
0.01100000000002657 -0.005999999999987108 0
0.01100000000002707 -0.004999999999987772 0
0.01100000000002758 -0.00399999999998871 0
0.01100000000002809 -0.002999999999989642 0
0.0110000000000286 -0.00199999999999073 0
0.01100000000002911 -0.0009999999999917141 0
0.01100000000002962 6.970986288212799e-15 0
0.01100000000003013 0.001000000000005192 0
0.01100000000003064 0.002000000000003528 0
0.01100000000003114 0.003000000000002368 0
0.01100000000003166 0.004000000000001389 0
0.0119999999999801 -0.09399999999999913 0
0.01199999999998063 -0.09299999999999592 0
0.01199999999998116 -0.09199999999999266 0
0.0119999999999817 -0.0909999999999921 0
0.01199999999998223 -0.08999999999999091 0
0.01199999999998276 -0.08899999999998766 0
0.01199999999998329 -0.08799999999998445 0
0.01199999999998383 -0.08699999999998412 0
0.01199999999998436 -0.08599999999998273 0
0.01199999999998489 -0.08499999999997947 0
0.01199999999998542 -0.0839999999999764 0
0.01199999999998596 -0.0829999999999762 0
0.01199999999998649 -0.08199999999997447 0
0.01199999999998702 -0.08099999999997125 0
0.01199999999998756 -0.07999999999996847 0
0.01199999999998809 -0.07899999999996825 0
0.01199999999998863 -0.07799999999996626 0
0.01199999999998916 -0.076999999999963 0
0.01199999999998969 -0.07599999999996053 0
0.01199999999999023 -0.07499999999996031 0
0.01199999999999075 -0.07399999999995802 0
0.01199999999999129 -0.07299999999995477 0
0.01199999999999182 -0.07199999999995256 0
0.01199999999999236 -0.07099999999995241 0
0.01199999999999289 -0.06999999999994978 0
0.01199999999999342 -0.06899999999994719 0
0.01199999999999396 -0.06799999999994702 0
0.01199999999999449 -0.06699999999994483 0
0.01199999999999502 -0.06599999999994156 0
0.01199999999999556 -0.06499999999993927 0
0.01199999999999609 -0.06399999999993912 0
0.01199999999999662 -0.06299999999993661 0
0.01199999999999716 -0.06199999999993336 0
0.01199999999999769 -0.06099999999993135 0
0.01199999999999822 -0.05999999999993114 0
0.01199999999999875 -0.05899999999992838 0
0.01199999999999929 -0.05799999999992565 0
0.01199999999999982 -0.05699999999992411 0
0.01200000000000035 -0.05599999999992243 0
0.01200000000000088 -0.05499999999992047 0
0.01200000000000142 -0.05399999999991779 0
0.01200000000000195 -0.05299999999991607 0
0.01200000000000249 -0.05199999999991435 0
0.01200000000000302 -0.05099999999991225 0
0.01200000000000355 -0.04999999999990974 0
0.01200000000000408 -0.04899999999990802 0
0.01200000000000462 -0.04799999999990628 0
0.01200000000000515 -0.04699999999990403 0
0.01200000000000568 -0.04599999999990165 0
0.01200000000000622 -0.04499999999990095 0
0.01200000000000675 -0.04399999999990215 0
0.01200000000000728 -0.04299999999990431 0
0.01200000000000782 -0.04199999999990646 0
0.01200000000000835 -0.04099999999990871 0
0.01200000000000888 -0.03999999999991095 0
0.01200000000000942 -0.03899999999991307 0
0.01200000000000995 -0.03799999999991525 0
0.01200000000001048 -0.03699999999991749 0
0.01200000000001102 -0.03599999999991972 0
0.01200000000001155 -0.03499999999992182 0
0.01200000000001208 -0.03399999999992401 0
0.01200000000001262 -0.03299999999992669 0
0.01200000000001315 -0.03199999999993045 0
0.01200000000001368 -0.03099999999993297 0
0.01200000000001421 -0.02999999999993507 0
0.01200000000001475 -0.02899999999993751 0
0.01200000000001528 -0.02799999999993971 0
0.01200000000001582 -0.02699999999994173 0
0.01200000000001635 -0.02599999999994386 0
0.01200000000001688 -0.0249999999999463 0
0.01200000000001741 -0.02399999999994845 0
0.01200000000001795 -0.02299999999995049 0
0.01200000000001848 -0.02199999999995266 0
0.01200000000001901 -0.0209999999999551 0
0.01200000000001954 -0.01999999999995723 0
0.01200000000002008 -0.01899999999995935 0
0.01200000000002061 -0.01799999999996178 0
0.01200000000002115 -0.01699999999996395 0
0.01200000000002168 -0.01599999999996598 0
0.01200000000002221 -0.01499999999996813 0
0.01200000000002274 -0.01399999999997097 0
0.01200000000002328 -0.01299999999997386 0
0.01200000000002381 -0.01199999999997591 0
0.01200000000002435 -0.01099999999997811 0
0.01200000000002488 -0.009999999999980549 0
0.01200000000002541 -0.008999999999982638 0
0.01200000000002594 -0.007999999999984554 0
0.01200000000002648 -0.006999999999986215 0
0.01200000000002701 -0.005999999999987619 0
0.01200000000002754 -0.004999999999988231 0
0.01200000000002808 -0.003999999999989109 0
0.01200000000002861 -0.002999999999990008 0
0.01200000000002914 -0.001999999999991074 0
0.01200000000002967 -0.0009999999999919995 0
0.01200000000003021 6.748941683287768e-15 0
0.01200000000003074 0.001000000000005011 0
0.01200000000003128 0.002000000000003378 0
0.01200000000003181 0.003000000000002278 0
0.01200000000003234 0.004000000000001357 0
0.01299999999997792 -0.09399999999999918 0
0.0129999999999785 -0.09299999999999602 0
0.01299999999997908 -0.09199999999999287 0
0.01299999999997966 -0.09099999999999231 0
0.01299999999998024 -0.08999999999999114 0
0.01299999999998082 -0.08899999999998802 0
0.0129999999999814 -0.08799999999998484 0
0.01299999999998198 -0.08699999999998456 0
0.01299999999998256 -0.08599999999998317 0
0.01299999999998314 -0.08499999999997999 0
0.01299999999998372 -0.08399999999997698 0
0.0129999999999843 -0.08299999999997686 0
0.01299999999998488 -0.08199999999997518 0
0.01299999999998546 -0.080999999999972 0
0.01299999999998603 -0.07999999999996929 0
0.01299999999998661 -0.07899999999996909 0
0.0129999999999872 -0.07799999999996714 0
0.01299999999998777 -0.076999999999964 0
0.01299999999998836 -0.07599999999996153 0
0.01299999999998893 -0.07499999999996143 0
0.01299999999998951 -0.07399999999995914 0
0.01299999999999009 -0.07299999999995598 0
0.01299999999999067 -0.07199999999995382 0
0.01299999999999125 -0.07099999999995368 0
0.01299999999999183 -0.06999999999995114 0
0.01299999999999241 -0.06899999999994862 0
0.01299999999999299 -0.06799999999994846 0
0.01299999999999357 -0.06699999999994632 0
0.01299999999999415 -0.06599999999994313 0
0.01299999999999473 -0.06499999999994092 0
0.01299999999999531 -0.06399999999994077 0
0.01299999999999589 -0.06299999999993833 0
0.01299999999999647 -0.06199999999993513 0
0.01299999999999705 -0.06099999999993319 0
0.01299999999999763 -0.05999999999993301 0
0.01299999999999821 -0.05899999999993032 0
0.01299999999999879 -0.05799999999992764 0
0.01299999999999937 -0.05699999999992617 0
0.01299999999999995 -0.05599999999992455 0
0.01300000000000053 -0.05499999999992266 0
0.01300000000000111 -0.05399999999992003 0
0.01300000000000168 -0.05299999999991837 0
0.01300000000000227 -0.0519999999999167 0
0.01300000000000285 -0.05099999999991466 0
0.01300000000000342 -0.04999999999991218 0
0.013000000000004 -0.04899999999991052 0
0.01300000000000458 -0.04799999999990884 0
0.01300000000000516 -0.04699999999990665 0
0.01300000000000574 -0.0459999999999043 0
0.01300000000000632 -0.04499999999990365 0
0.0130000000000069 -0.04399999999990482 0
0.01300000000000748 -0.0429999999999069 0
0.01300000000000806 -0.04199999999990901 0
0.01300000000000864 -0.04099999999991121 0
0.01300000000000922 -0.03999999999991338 0
0.0130000000000098 -0.03899999999991544 0
0.01300000000001038 -0.03799999999991757 0
0.01300000000001096 -0.03699999999991974 0
0.01300000000001154 -0.03599999999992193 0
0.01300000000001212 -0.03499999999992398 0
0.01300000000001269 -0.03399999999992612 0
0.01300000000001328 -0.03299999999992873 0
0.01300000000001386 -0.03199999999993243 0
0.01300000000001444 -0.03099999999993486 0
0.01300000000001502 -0.02999999999993688 0
0.0130000000000156 -0.0289999999999393 0
0.01300000000001618 -0.02799999999994143 0
0.01300000000001676 -0.0269999999999434 0
0.01300000000001733 -0.02599999999994547 0
0.01300000000001791 -0.02499999999994787 0
0.01300000000001849 -0.02399999999994996 0
0.01300000000001907 -0.02299999999995193 0
0.01300000000001965 -0.02199999999995404 0
0.01300000000002023 -0.02099999999995645 0
0.01300000000002081 -0.01999999999995851 0
0.01300000000002139 -0.01899999999996056 0
0.01300000000002197 -0.01799999999996296 0
0.01300000000002255 -0.01699999999996507 0
0.01300000000002313 -0.01599999999996703 0
0.01300000000002371 -0.01499999999996912 0
0.01300000000002429 -0.01399999999997192 0
0.01300000000002487 -0.01299999999997475 0
0.01300000000002545 -0.01199999999997672 0
0.01300000000002603 -0.01099999999997886 0
0.01300000000002661 -0.009999999999981263 0
0.01300000000002719 -0.008999999999983285 0
0.01300000000002777 -0.007999999999985137 0
0.01300000000002835 -0.006999999999986748 0
0.01300000000002893 -0.005999999999988129 0
0.01300000000002951 -0.004999999999988686 0
0.01300000000003008 -0.003999999999989508 0
0.01300000000003067 -0.002999999999990372 0
0.01300000000003124 -0.001999999999991415 0
0.01300000000003182 -0.0009999999999922831 0
0.0130000000000324 6.526897078362737e-15 0
0.01300000000003299 0.001000000000004827 0
0.01300000000003356 0.002000000000003227 0
0.01300000000003414 0.003000000000002188 0
0.01300000000003472 0.004000000000001325 0
0.01399999999997524 -0.09399999999999921 0
0.01399999999997589 -0.09299999999999613 0
0.01399999999997653 -0.09199999999999302 0
0.01399999999997719 -0.09099999999999249 0
0.01399999999997784 -0.08999999999999139 0
0.01399999999997849 -0.08899999999998831 0
0.01399999999997914 -0.08799999999998524 0
0.01399999999997978 -0.08699999999998499 0
0.01399999999998043 -0.08599999999998367 0
0.01399999999998108 -0.08499999999998049 0
0.01399999999998173 -0.08399999999997758 0
0.01399999999998238 -0.08299999999997749 0
0.01399999999998303 -0.08199999999997586 0
0.01399999999998367 -0.08099999999997276 0
0.01399999999998433 -0.0799999999999701 0
0.01399999999998497 -0.07899999999996997 0
0.01399999999998562 -0.07799999999996808 0
0.01399999999998627 -0.07699999999996496 0
0.01399999999998692 -0.07599999999996258 0
0.01399999999998757 -0.07499999999996246 0
0.01399999999998822 -0.07399999999996031 0
0.01399999999998886 -0.07299999999995718 0
0.01399999999998952 -0.0719999999999551 0
0.01399999999999016 -0.07099999999995496 0
0.01399999999999081 -0.06999999999995249 0
0.01399999999999146 -0.06899999999995002 0
0.01399999999999211 -0.06799999999994991 0
0.01399999999999276 -0.06699999999994784 0
0.01399999999999341 -0.06599999999994467 0
0.01399999999999406 -0.06499999999994253 0
0.0139999999999947 -0.06399999999994241 0
0.01399999999999536 -0.06299999999994005 0
0.01399999999999601 -0.06199999999993693 0
0.01399999999999666 -0.06099999999993504 0
0.0139999999999973 -0.0599999999999349 0
0.01399999999999795 -0.05899999999993225 0
0.0139999999999986 -0.05799999999992964 0
0.01399999999999925 -0.05699999999992825 0
0.0139999999999999 -0.05599999999992668 0
0.01400000000000055 -0.05499999999992484 0
0.0140000000000012 -0.05399999999992228 0
0.01400000000000184 -0.05299999999992066 0
0.01400000000000249 -0.05199999999991903 0
0.01400000000000315 -0.05099999999991706 0
0.01400000000000379 -0.04999999999991464 0
0.01400000000000444 -0.04899999999991304 0
0.01400000000000509 -0.04799999999991139 0
0.01400000000000574 -0.04699999999990927 0
0.01400000000000639 -0.04599999999990698 0
0.01400000000000704 -0.04499999999990633 0
0.01400000000000769 -0.0439999999999075 0
0.01400000000000834 -0.04299999999990953 0
0.01400000000000898 -0.04199999999991157 0
0.01400000000000963 -0.04099999999991371 0
0.01400000000001028 -0.03999999999991584 0
0.01400000000001093 -0.03899999999991782 0
0.01400000000001158 -0.0379999999999199 0
0.01400000000001222 -0.03699999999992202 0
0.01400000000001288 -0.03599999999992416 0
0.01400000000001353 -0.03499999999992611 0
0.01400000000001418 -0.03399999999992821 0
0.01400000000001482 -0.03299999999993077 0
0.01400000000001547 -0.03199999999993439 0
0.01400000000001612 -0.03099999999993676 0
0.01400000000001677 -0.02999999999993874 0
0.01400000000001742 -0.0289999999999411 0
0.01400000000001807 -0.02799999999994317 0
0.01400000000001872 -0.02699999999994506 0
0.01400000000001937 -0.02599999999994707 0
0.01400000000002001 -0.02499999999994944 0
0.01400000000002066 -0.02399999999995148 0
0.01400000000002131 -0.02299999999995337 0
0.01400000000002196 -0.02199999999995542 0
0.01400000000002261 -0.02099999999995779 0
0.01400000000002326 -0.01999999999995979 0
0.01400000000002391 -0.01899999999996178 0
0.01400000000002456 -0.01799999999996414 0
0.0140000000000252 -0.01699999999996619 0
0.01400000000002585 -0.01599999999996808 0
0.0140000000000265 -0.01499999999997011 0
0.01400000000002715 -0.01399999999997288 0
0.0140000000000278 -0.01299999999997563 0
0.01400000000002845 -0.01199999999997753 0
0.0140000000000291 -0.01099999999997961 0
0.01400000000002975 -0.009999999999981978 0
0.0140000000000304 -0.008999999999983938 0
0.01400000000003104 -0.007999999999985715 0
0.0140000000000317 -0.006999999999987285 0
0.01400000000003234 -0.005999999999988634 0
0.01400000000003299 -0.004999999999989143 0
0.01400000000003364 -0.003999999999989907 0
0.01400000000003429 -0.002999999999990738 0
0.01400000000003494 -0.001999999999991759 0
0.01400000000003559 -0.0009999999999925685 0
0.01400000000003624 6.303117749961729e-15 0
0.01400000000003689 0.001000000000004645 0
0.01400000000003754 0.002000000000003077 0
0.01400000000003819 0.003000000000002097 0
0.01400000000003883 0.004000000000001291 0
0.01499999999997244 -0.09399999999999928 0
0.01499999999997315 -0.09299999999999622 0
0.01499999999997386 -0.09199999999999318 0
0.01499999999997458 -0.09099999999999271 0
0.01499999999997529 -0.08999999999999167 0
0.014999999999976 -0.08899999999998867 0
0.01499999999997672 -0.0879999999999856 0
0.01499999999997743 -0.08699999999998544 0
0.01499999999997815 -0.08599999999998416 0
0.01499999999997886 -0.08499999999998105 0
0.01499999999997957 -0.0839999999999782 0
0.01499999999998029 -0.08299999999997812 0
0.014999999999981 -0.08199999999997658 0
0.01499999999998172 -0.08099999999997355 0
0.01499999999998243 -0.07999999999997094 0
0.01499999999998314 -0.0789999999999708 0
0.01499999999998386 -0.07799999999996897 0
0.01499999999998457 -0.07699999999996596 0
0.01499999999998529 -0.07599999999996365 0
0.014999999999986 -0.07499999999996354 0
0.01499999999998671 -0.07399999999996142 0
0.01499999999998743 -0.07299999999995836 0
0.01499999999998814 -0.07199999999995636 0
0.01499999999998886 -0.07099999999995626 0
0.01499999999998957 -0.06999999999995384 0
0.01499999999999028 -0.06899999999995143 0
0.014999999999991 -0.06799999999995135 0
0.01499999999999171 -0.06699999999994936 0
0.01499999999999243 -0.06599999999994625 0
0.01499999999999314 -0.06499999999994414 0
0.01499999999999386 -0.06399999999994406 0
0.01499999999999457 -0.06299999999994177 0
0.01499999999999528 -0.06199999999993872 0
0.014999999999996 -0.06099999999993687 0
0.01499999999999671 -0.05999999999993676 0
0.01499999999999742 -0.05899999999993419 0
0.01499999999999814 -0.05799999999993163 0
0.01499999999999885 -0.0569999999999303 0
0.01499999999999956 -0.05599999999992881 0
0.01500000000000028 -0.05499999999992702 0
0.015000000000001 -0.05399999999992451 0
0.01500000000000171 -0.05299999999992296 0
0.01500000000000242 -0.05199999999992139 0
0.01500000000000314 -0.05099999999991944 0
0.01500000000000385 -0.04999999999991709 0
0.01500000000000456 -0.04899999999991553 0
0.01500000000000528 -0.04799999999991394 0
0.01500000000000599 -0.04699999999991188 0
0.01500000000000671 -0.04599999999990967 0
0.01500000000000742 -0.04499999999990905 0
0.01500000000000814 -0.04399999999991016 0
0.01500000000000884 -0.04299999999991213 0
0.01500000000000956 -0.04199999999991411 0
0.01500000000001027 -0.04099999999991621 0
0.01500000000001099 -0.03999999999991827 0
0.0150000000000117 -0.03899999999992021 0
0.01500000000001242 -0.03799999999992222 0
0.01500000000001313 -0.03699999999992427 0
0.01500000000001385 -0.03599999999992638 0
0.01500000000001456 -0.03499999999992828 0
0.01500000000001527 -0.03399999999993032 0
0.01500000000001599 -0.0329999999999328 0
0.0150000000000167 -0.03199999999993636 0
0.01500000000001741 -0.03099999999993866 0
0.01500000000001813 -0.02999999999994055 0
0.01500000000001884 -0.02899999999994289 0
0.01500000000001955 -0.02799999999994491 0
0.01500000000002027 -0.02699999999994672 0
0.01500000000002098 -0.02599999999994868 0
0.0150000000000217 -0.02499999999995101 0
0.01500000000002242 -0.02399999999995298 0
0.01500000000002313 -0.0229999999999548 0
0.01500000000002384 -0.02199999999995679 0
0.01500000000002455 -0.02099999999995913 0
0.01500000000002527 -0.01999999999996106 0
0.01500000000002598 -0.01899999999996299 0
0.0150000000000267 -0.01799999999996532 0
0.01500000000002741 -0.01699999999996732 0
0.01500000000002812 -0.01599999999996913 0
0.01500000000002884 -0.0149999999999711 0
0.01500000000002955 -0.01399999999997382 0
0.01500000000003027 -0.01299999999997651 0
0.01500000000003098 -0.01199999999997834 0
0.01500000000003169 -0.01099999999998037 0
0.01500000000003241 -0.009999999999982691 0
0.01500000000003312 -0.008999999999984586 0
0.01500000000003384 -0.007999999999986294 0
0.01500000000003455 -0.00699999999998782 0
0.01500000000003527 -0.005999999999989147 0
0.01500000000003598 -0.0049999999999896 0
0.0150000000000367 -0.00399999999999031 0
0.01500000000003741 -0.002999999999991104 0
0.01500000000003812 -0.001999999999992102 0
0.01500000000003883 -0.000999999999992853 0
0.01500000000003955 6.07933842156072e-15 0
0.01500000000004026 0.001000000000004463 0
0.01500000000004097 0.002000000000002926 0
0.01500000000004169 0.003000000000002007 0
0.0150000000000424 0.004000000000001259 0
0.0159999999999696 -0.09399999999999931 0
0.01599999999997035 -0.09299999999999635 0
0.0159999999999711 -0.09199999999999334 0
0.01599999999997185 -0.09099999999999292 0
0.0159999999999726 -0.08999999999999195 0
0.01599999999997335 -0.08899999999998898 0
0.0159999999999741 -0.08799999999998601 0
0.01599999999997485 -0.08699999999998584 0
0.01599999999997559 -0.08599999999998462 0
0.01599999999997635 -0.0849999999999816 0
0.0159999999999771 -0.0839999999999788 0
0.01599999999997785 -0.08299999999997879 0
0.0159999999999786 -0.08199999999997724 0
0.01599999999997935 -0.0809999999999743 0
0.0159999999999801 -0.07999999999997177 0
0.01599999999998085 -0.07899999999997169 0
0.01599999999998159 -0.0779999999999699 0
0.01599999999998235 -0.07699999999996694 0
0.0159999999999831 -0.07599999999996467 0
0.01599999999998384 -0.07499999999996461 0
0.0159999999999846 -0.07399999999996253 0
0.01599999999998535 -0.07299999999995958 0
0.01599999999998609 -0.0719999999999576 0
0.01599999999998684 -0.07099999999995757 0
0.01599999999998759 -0.06999999999995517 0
0.01599999999998834 -0.06899999999995286 0
0.01599999999998909 -0.06799999999995279 0
0.01599999999998984 -0.06699999999995082 0
0.0159999999999906 -0.06599999999994785 0
0.01599999999999134 -0.06499999999994578 0
0.0159999999999921 -0.06399999999994574 0
0.01599999999999284 -0.06299999999994349 0
0.01599999999999359 -0.06199999999994049 0
0.01599999999999435 -0.06099999999993871 0
0.01599999999999509 -0.05999999999993864 0
0.01599999999999584 -0.05899999999993614 0
0.01599999999999659 -0.05799999999993363 0
0.01599999999999734 -0.05699999999993238 0
0.01599999999999809 -0.05599999999993092 0
0.01599999999999884 -0.0549999999999292 0
0.01599999999999959 -0.05399999999992675 0
0.01600000000000034 -0.05299999999992525 0
0.01600000000000109 -0.05199999999992372 0
0.01600000000000184 -0.05099999999992183 0
0.01600000000000259 -0.04999999999991955 0
0.01600000000000334 -0.04899999999991804 0
0.01600000000000409 -0.04799999999991653 0
0.01600000000000484 -0.0469999999999145 0
0.01600000000000559 -0.04599999999991233 0
0.01600000000000634 -0.04499999999991175 0
0.01600000000000709 -0.04399999999991283 0
0.01600000000000784 -0.04299999999991475 0
0.01600000000000859 -0.04199999999991667 0
0.01600000000000934 -0.04099999999991871 0
0.01600000000001009 -0.03999999999992072 0
0.01600000000001084 -0.0389999999999226 0
0.01600000000001159 -0.03799999999992454 0
0.01600000000001234 -0.03699999999992655 0
0.01600000000001309 -0.0359999999999286 0
0.01600000000001384 -0.03499999999993043 0
0.01600000000001459 -0.03399999999993239 0
0.01600000000001534 -0.03299999999993485 0
0.01600000000001608 -0.03199999999993834 0
0.01600000000001683 -0.03099999999994055 0
0.01600000000001758 -0.02999999999994238 0
0.01600000000001833 -0.02899999999994469 0
0.01600000000001908 -0.02799999999994665 0
0.01600000000001983 -0.0269999999999484 0
0.01600000000002058 -0.02599999999995028 0
0.01600000000002133 -0.02499999999995257 0
0.01600000000002209 -0.02399999999995449 0
0.01600000000002283 -0.02299999999995624 0
0.01600000000002359 -0.02199999999995818 0
0.01600000000002433 -0.02099999999996047 0
0.01600000000002508 -0.01999999999996234 0
0.01600000000002583 -0.01899999999996421 0
0.01600000000002658 -0.0179999999999665 0
0.01600000000002733 -0.01699999999996843 0
0.01600000000002808 -0.01599999999997018 0
0.01600000000002883 -0.01499999999997209 0
0.01600000000002958 -0.01399999999997478 0
0.01600000000003033 -0.01299999999997739 0
0.01600000000003108 -0.01199999999997915 0
0.01600000000003184 -0.01099999999998112 0
0.01600000000003258 -0.009999999999983408 0
0.01600000000003333 -0.008999999999985239 0
0.01600000000003408 -0.007999999999986877 0
0.01600000000003483 -0.006999999999988353 0
0.01600000000003558 -0.005999999999989654 0
0.01600000000003633 -0.004999999999990059 0
0.01600000000003707 -0.003999999999990708 0
0.01600000000003783 -0.002999999999991467 0
0.01600000000003858 -0.001999999999992445 0
0.01600000000003933 -0.0009999999999931392 0
0.01600000000004008 5.857293816635689e-15 0
0.01600000000004083 0.00100000000000428 0
0.01600000000004157 0.002000000000002775 0
0.01600000000004233 0.003000000000001916 0
0.01600000000004307 0.004000000000001228 0
0.01699999999996678 -0.09399999999999933 0
0.01699999999996759 -0.09299999999999643 0
0.0169999999999684 -0.09199999999999352 0
0.01699999999996921 -0.09099999999999314 0
0.01699999999997001 -0.0899999999999922 0
0.01699999999997082 -0.08899999999998931 0
0.01699999999997162 -0.08799999999998639 0
0.01699999999997243 -0.08699999999998628 0
0.01699999999997324 -0.08599999999998509 0
0.01699999999997404 -0.08499999999998216 0
0.01699999999997485 -0.08399999999997945 0
0.01699999999997566 -0.08299999999997938 0
0.01699999999997647 -0.08199999999997798 0
0.01699999999997727 -0.08099999999997504 0
0.01699999999997807 -0.07999999999997255 0
0.01699999999997888 -0.07899999999997252 0
0.01699999999997969 -0.0779999999999708 0
0.01699999999998049 -0.07699999999996789 0
0.0169999999999813 -0.07599999999996571 0
0.0169999999999821 -0.07499999999996568 0
0.01699999999998292 -0.07399999999996368 0
0.01699999999998371 -0.07299999999996076 0
0.01699999999998452 -0.07199999999995886 0
0.01699999999998533 -0.07099999999995886 0
0.01699999999998613 -0.06999999999995656 0
0.01699999999998694 -0.06899999999995424 0
0.01699999999998775 -0.06799999999995424 0
0.01699999999998856 -0.06699999999995233 0
0.01699999999998936 -0.06599999999994939 0
0.01699999999999017 -0.06499999999994741 0
0.01699999999999097 -0.06399999999994739 0
0.01699999999999178 -0.06299999999994521 0
0.01699999999999259 -0.0619999999999423 0
0.01699999999999339 -0.06099999999994055 0
0.0169999999999942 -0.05999999999994051 0
0.016999999999995 -0.05899999999993807 0
0.01699999999999581 -0.05799999999993564 0
0.01699999999999661 -0.05699999999993446 0
0.01699999999999742 -0.05599999999993307 0
0.01699999999999822 -0.05499999999993138 0
0.01699999999999903 -0.053999999999929 0
0.01699999999999984 -0.05299999999992754 0
0.01700000000000064 -0.05199999999992606 0
0.01700000000000145 -0.05099999999992424 0
0.01700000000000226 -0.04999999999992203 0
0.01700000000000306 -0.04899999999992056 0
0.01700000000000387 -0.04799999999991908 0
0.01700000000000467 -0.04699999999991711 0
0.01700000000000548 -0.04599999999991502 0
0.01700000000000629 -0.04499999999991444 0
0.01700000000000709 -0.0439999999999155 0
0.0170000000000079 -0.04299999999991737 0
0.01700000000000871 -0.04199999999991923 0
0.01700000000000951 -0.0409999999999212 0
0.01700000000001032 -0.03999999999992315 0
0.01700000000001112 -0.03899999999992496 0
0.01700000000001193 -0.03799999999992686 0
0.01700000000001273 -0.03699999999992882 0
0.01700000000001354 -0.03599999999993082 0
0.01700000000001435 -0.03499999999993258 0
0.01700000000001515 -0.0339999999999345 0
0.01700000000001596 -0.03299999999993687 0
0.01700000000001676 -0.03199999999994031 0
0.01700000000001757 -0.03099999999994243 0
0.01700000000001837 -0.02999999999994421 0
0.01700000000001918 -0.02899999999994648 0
0.01700000000001999 -0.02799999999994839 0
0.01700000000002079 -0.02699999999995006 0
0.0170000000000216 -0.02599999999995188 0
0.0170000000000224 -0.02499999999995414 0
0.01700000000002322 -0.023999999999956 0
0.01700000000002402 -0.02299999999995768 0
0.01700000000002483 -0.02199999999995956 0
0.01700000000002563 -0.02099999999996181 0
0.01700000000002643 -0.01999999999996362 0
0.01700000000002725 -0.01899999999996542 0
0.01700000000002806 -0.01799999999996769 0
0.01700000000002886 -0.01699999999996955 0
0.01700000000002966 -0.01599999999997124 0
0.01700000000003047 -0.01499999999997309 0
0.01700000000003128 -0.01399999999997572 0
0.01700000000003208 -0.01299999999997826 0
0.01700000000003289 -0.01199999999997996 0
0.01700000000003369 -0.01099999999998187 0
0.0170000000000345 -0.009999999999984129 0
0.0170000000000353 -0.008999999999985887 0
0.01700000000003611 -0.007999999999987462 0
0.01700000000003691 -0.006999999999988887 0
0.01700000000003772 -0.005999999999990163 0
0.01700000000003853 -0.004999999999990517 0
0.01700000000003933 -0.003999999999991107 0
0.01700000000004015 -0.002999999999991833 0
0.01700000000004095 -0.001999999999992788 0
0.01700000000004176 -0.0009999999999934237 0
0.01700000000004256 5.633514488234681e-15 0
0.01700000000004337 0.001000000000004096 0
0.01700000000004417 0.002000000000002625 0
0.01700000000004498 0.003000000000001825 0
0.01700000000004578 0.004000000000001195 0
0.01799999999996396 -0.09399999999999939 0
0.01799999999996484 -0.09299999999999654 0
0.01799999999996571 -0.09199999999999371 0
0.01799999999996659 -0.09099999999999339 0
0.01799999999996746 -0.08999999999999247 0
0.01799999999996834 -0.08899999999998964 0
0.01799999999996921 -0.0879999999999868 0
0.0179999999999701 -0.08699999999998671 0
0.01799999999997097 -0.08599999999998557 0
0.01799999999997184 -0.0849999999999827 0
0.01799999999997273 -0.08399999999998005 0
0.0179999999999736 -0.08299999999998009 0
0.01799999999997448 -0.08199999999997865 0
0.01799999999997536 -0.08099999999997581 0
0.01799999999997624 -0.07999999999997341 0
0.01799999999997711 -0.0789999999999734 0
0.01799999999997799 -0.07799999999997174 0
0.01799999999997887 -0.07699999999996889 0
0.01799999999997974 -0.07599999999996675 0
0.01799999999998063 -0.07499999999996677 0
0.0179999999999815 -0.07399999999996482 0
0.01799999999998238 -0.07299999999996197 0
0.01799999999998325 -0.0719999999999601 0
0.01799999999998413 -0.07099999999996014 0
0.01799999999998501 -0.06999999999995789 0
0.01799999999998589 -0.06899999999995569 0
0.01799999999998676 -0.06799999999995568 0
0.01799999999998764 -0.06699999999995383 0
0.01799999999998851 -0.06599999999995097 0
0.01799999999998939 -0.06499999999994902 0
0.01799999999999027 -0.06399999999994906 0
0.01799999999999114 -0.06299999999994692 0
0.01799999999999203 -0.06199999999994408 0
0.0179999999999929 -0.06099999999994241 0
0.01799999999999377 -0.05999999999994237 0
0.01799999999999465 -0.05899999999994 0
0.01799999999999553 -0.05799999999993764 0
0.0179999999999964 -0.05699999999993653 0
0.01799999999999728 -0.05599999999993519 0
0.01799999999999816 -0.05499999999993355 0
0.01799999999999903 -0.05399999999993125 0
0.01799999999999992 -0.05299999999992983 0
0.01800000000000079 -0.05199999999992841 0
0.01800000000000167 -0.05099999999992665 0
0.01800000000000254 -0.04999999999992447 0
0.01800000000000342 -0.04899999999992306 0
0.0180000000000043 -0.04799999999992165 0
0.01800000000000517 -0.04699999999991973 0
0.01800000000000605 -0.04599999999991769 0
0.01800000000000693 -0.04499999999991714 0
0.01800000000000781 -0.04399999999991817 0
0.01800000000000868 -0.04299999999991996 0
0.01800000000000956 -0.04199999999992177 0
0.01800000000001044 -0.04099999999992369 0
0.01800000000001131 -0.0399999999999256 0
0.01800000000001219 -0.03899999999992734 0
0.01800000000001307 -0.03799999999992919 0
0.01800000000001395 -0.03699999999993109 0
0.01800000000001482 -0.03599999999993303 0
0.0180000000000157 -0.03499999999993474 0
0.01800000000001658 -0.0339999999999366 0
0.01800000000001745 -0.03299999999993892 0
0.01800000000001833 -0.03199999999994227 0
0.01800000000001921 -0.03099999999994434 0
0.01800000000002008 -0.02999999999994604 0
0.01800000000002096 -0.02899999999994828 0
0.01800000000002183 -0.02799999999995013 0
0.01800000000002271 -0.02699999999995174 0
0.01800000000002359 -0.02599999999995349 0
0.01800000000002447 -0.02499999999995571 0
0.01800000000002534 -0.02399999999995751 0
0.01800000000002622 -0.02299999999995912 0
0.0180000000000271 -0.02199999999996093 0
0.01800000000002798 -0.02099999999996316 0
0.01800000000002885 -0.01999999999996491 0
0.01800000000002973 -0.01899999999996664 0
0.01800000000003061 -0.01799999999996887 0
0.01800000000003149 -0.01699999999997068 0
0.01800000000003237 -0.01599999999997228 0
0.01800000000003324 -0.01499999999997408 0
0.01800000000003411 -0.01399999999997668 0
0.018000000000035 -0.01299999999997914 0
0.01800000000003587 -0.01199999999998076 0
0.01800000000003675 -0.01099999999998262 0
0.01800000000003762 -0.009999999999984844 0
0.0180000000000385 -0.00899999999998654 0
0.01800000000003937 -0.007999999999988036 0
0.01800000000004025 -0.006999999999989423 0
0.01800000000004114 -0.005999999999990674 0
0.01800000000004201 -0.004999999999990973 0
0.01800000000004289 -0.003999999999991505 0
0.01800000000004376 -0.002999999999992198 0
0.01800000000004464 -0.001999999999993132 0
0.01800000000004552 -0.0009999999999937086 0
0.0180000000000464 5.410602521571661e-15 0
0.01800000000004727 0.001000000000003914 0
0.01800000000004814 0.002000000000002472 0
0.01800000000004902 0.003000000000001735 0
0.0180000000000499 0.004000000000001163 0
0.01899999999996029 -0.09399999999999945 0
0.01899999999996124 -0.0929999999999967 0
0.01899999999996219 -0.09199999999999391 0
0.01899999999996313 -0.0909999999999936 0
0.01899999999996408 -0.08999999999999272 0
0.01899999999996502 -0.08899999999998996 0
0.01899999999996597 -0.08799999999998724 0
0.01899999999996692 -0.08699999999998712 0
0.01899999999996787 -0.08599999999998606 0
0.01899999999996882 -0.08499999999998324 0
0.01899999999996977 -0.08399999999998066 0
0.01899999999997071 -0.08299999999998069 0
0.01899999999997166 -0.08199999999997935 0
0.0189999999999726 -0.08099999999997659 0
0.01899999999997356 -0.07999999999997422 0
0.0189999999999745 -0.07899999999997426 0
0.01899999999997545 -0.07799999999997265 0
0.0189999999999764 -0.07699999999996986 0
0.01899999999997734 -0.07599999999996782 0
0.0189999999999783 -0.07499999999996784 0
0.01899999999997923 -0.07399999999996595 0
0.01899999999998019 -0.07299999999996319 0
0.01899999999998114 -0.07199999999996137 0
0.01899999999998208 -0.07099999999996143 0
0.01899999999998303 -0.06999999999995921 0
0.01899999999998397 -0.06899999999995707 0
0.01899999999998492 -0.06799999999995712 0
0.01899999999998587 -0.06699999999995532 0
0.01899999999998681 -0.06599999999995254 0
0.01899999999998776 -0.06499999999995064 0
0.0189999999999887 -0.06399999999995072 0
0.01899999999998965 -0.06299999999994862 0
0.01899999999999061 -0.06199999999994585 0
0.01899999999999155 -0.06099999999994422 0
0.0189999999999925 -0.05999999999994426 0
0.01899999999999345 -0.05899999999994192 0
0.0189999999999944 -0.05799999999993965 0
0.01899999999999535 -0.05699999999993861 0
0.01899999999999629 -0.05599999999993731 0
0.01899999999999724 -0.05499999999993575 0
0.01899999999999819 -0.05399999999993348 0
0.01899999999999914 -0.05299999999993213 0
0.01900000000000008 -0.05199999999993075 0
0.01900000000000103 -0.05099999999992902 0
0.01900000000000198 -0.04999999999992694 0
0.01900000000000292 -0.04899999999992558 0
0.01900000000000387 -0.0479999999999242 0
0.01900000000000482 -0.04699999999992235 0
0.01900000000000576 -0.04599999999992036 0
0.01900000000000671 -0.04499999999991985 0
0.01900000000000765 -0.04399999999992085 0
0.01900000000000861 -0.04299999999992259 0
0.01900000000000955 -0.04199999999992431 0
0.0190000000000105 -0.0409999999999262 0
0.01900000000001145 -0.03999999999992804 0
0.0190000000000124 -0.03899999999992973 0
0.01900000000001334 -0.0379999999999315 0
0.01900000000001429 -0.03699999999993336 0
0.01900000000001523 -0.03599999999993525 0
0.01900000000001618 -0.03499999999993689 0
0.01900000000001713 -0.03399999999993869 0
0.01900000000001808 -0.03299999999994095 0
0.01900000000001902 -0.03199999999994421 0
0.01900000000001997 -0.03099999999994622 0
0.01900000000002092 -0.02999999999994787 0
0.01900000000002187 -0.02899999999995007 0
0.01900000000002281 -0.02799999999995186 0
0.01900000000002376 -0.0269999999999534 0
0.01900000000002471 -0.02599999999995509 0
0.01900000000002565 -0.02499999999995728 0
0.0190000000000266 -0.02399999999995902 0
0.01900000000002755 -0.02299999999996056 0
0.0190000000000285 -0.02199999999996232 0
0.01900000000002944 -0.02099999999996451 0
0.01900000000003039 -0.01999999999996618 0
0.01900000000003134 -0.01899999999996786 0
0.01900000000003229 -0.01799999999997005 0
0.01900000000003323 -0.0169999999999718 0
0.01900000000003418 -0.01599999999997333 0
0.01900000000003513 -0.01499999999997506 0
0.01900000000003608 -0.01399999999997762 0
0.01900000000003702 -0.01299999999998002 0
0.01900000000003797 -0.01199999999998158 0
0.01900000000003892 -0.01099999999998337 0
0.01900000000003986 -0.009999999999985559 0
0.01900000000004081 -0.008999999999987192 0
0.01900000000004176 -0.00799999999998862 0
0.01900000000004271 -0.006999999999989957 0
0.01900000000004365 -0.005999999999991184 0
0.0190000000000446 -0.004999999999991431 0
0.01900000000004555 -0.003999999999991905 0
0.0190000000000465 -0.002999999999992564 0
0.01900000000004744 -0.001999999999993476 0
0.01900000000004839 -0.0009999999999939935 0
0.01900000000004934 5.188124235777636e-15 0
0.01900000000005029 0.001000000000003732 0
0.01900000000005123 0.002000000000002322 0
0.01900000000005217 0.003000000000001645 0
0.01900000000005312 0.004000000000001131 0
0.019999999999957 -0.09399999999999947 0
0.01999999999995799 -0.09299999999999678 0
0.01999999999995897 -0.09199999999999407 0
0.01999999999995996 -0.09099999999999382 0
0.01999999999996096 -0.08999999999999295 0
0.01999999999996194 -0.08899999999999031 0
0.01999999999996293 -0.08799999999998762 0
0.01999999999996392 -0.08699999999998755 0
0.0199999999999649 -0.08599999999998653 0
0.01999999999996589 -0.08499999999998378 0
0.01999999999996688 -0.08399999999998127 0
0.01999999999996786 -0.08299999999998134 0
0.01999999999996885 -0.08199999999998005 0
0.01999999999996984 -0.08099999999997733 0
0.01999999999997082 -0.07999999999997506 0
0.01999999999997182 -0.07899999999997512 0
0.0199999999999728 -0.07799999999997355 0
0.01999999999997379 -0.07699999999997084 0
0.01999999999997477 -0.07599999999996883 0
0.01999999999997577 -0.0749999999999689 0
0.01999999999997675 -0.07399999999996708 0
0.01999999999997774 -0.07299999999996436 0
0.01999999999997873 -0.07199999999996262 0
0.01999999999997971 -0.07099999999996269 0
0.01999999999998071 -0.06999999999996061 0
0.01999999999998169 -0.0689999999999585 0
0.01999999999998268 -0.06799999999995858 0
0.01999999999998366 -0.06699999999995683 0
0.01999999999998466 -0.06599999999995412 0
0.01999999999998564 -0.06499999999995228 0
0.01999999999998663 -0.06399999999995236 0
0.01999999999998762 -0.06299999999995035 0
0.0199999999999886 -0.06199999999994767 0
0.0199999999999896 -0.06099999999994608 0
0.01999999999999059 -0.05999999999994612 0
0.01999999999999157 -0.05899999999994386 0
0.01999999999999256 -0.05799999999994166 0
0.01999999999999355 -0.05699999999994067 0
0.01999999999999453 -0.05599999999993945 0
0.01999999999999552 -0.05499999999993792 0
0.01999999999999651 -0.05399999999993574 0
0.01999999999999749 -0.05299999999993441 0
0.01999999999999849 -0.0519999999999331 0
0.01999999999999948 -0.05099999999993145 0
0.02000000000000046 -0.04999999999992939 0
0.02000000000000145 -0.04899999999992809 0
0.02000000000000243 -0.04799999999992673 0
0.02000000000000342 -0.04699999999992496 0
0.0200000000000044 -0.04599999999992305 0
0.0200000000000054 -0.04499999999992253 0
0.02000000000000639 -0.04399999999992351 0
0.02000000000000737 -0.0429999999999252 0
0.02000000000000836 -0.04199999999992687 0
0.02000000000000935 -0.04099999999992869 0
0.02000000000001034 -0.03999999999993049 0
0.02000000000001133 -0.03899999999993212 0
0.02000000000001231 -0.03799999999993384 0
0.0200000000000133 -0.03699999999993563 0
0.02000000000001428 -0.03599999999993746 0
0.02000000000001527 -0.03499999999993904 0
0.02000000000001626 -0.03399999999994079 0
0.02000000000001725 -0.03299999999994298 0
0.02000000000001824 -0.03199999999994618 0
0.02000000000001922 -0.03099999999994814 0
0.02000000000002021 -0.02999999999994971 0
0.0200000000000212 -0.02899999999995186 0
0.02000000000002219 -0.0279999999999536 0
0.02000000000002318 -0.02699999999995506 0
0.02000000000002417 -0.0259999999999567 0
0.02000000000002515 -0.02499999999995885 0
0.02000000000002614 -0.02399999999996052 0
0.02000000000002712 -0.022999999999962 0
0.02000000000002811 -0.02199999999996369 0
0.0200000000000291 -0.02099999999996585 0
0.02000000000003009 -0.01999999999996746 0
0.02000000000003108 -0.01899999999996907 0
0.02000000000003206 -0.01799999999997123 0
0.02000000000003305 -0.01699999999997293 0
0.02000000000003404 -0.01599999999997439 0
0.02000000000003502 -0.01499999999997605 0
0.02000000000003602 -0.01399999999997858 0
0.020000000000037 -0.01299999999998091 0
0.02000000000003798 -0.01199999999998238 0
0.02000000000003897 -0.01099999999998412 0
0.02000000000003996 -0.009999999999986272 0
0.02000000000004095 -0.008999999999987841 0
0.02000000000004194 -0.007999999999989203 0
0.02000000000004293 -0.006999999999990488 0
0.02000000000004391 -0.005999999999991694 0
0.0200000000000449 -0.00499999999999189 0
0.02000000000004589 -0.003999999999992308 0
0.02000000000004688 -0.002999999999992928 0
0.02000000000004786 -0.001999999999993819 0
0.02000000000004885 -0.0009999999999942776 0
0.02000000000004984 4.965212269114616e-15 0
0.02000000000005082 0.00100000000000355 0
0.02000000000005181 0.002000000000002172 0
0.0200000000000528 0.003000000000001554 0
0.02000000000005379 0.0040000000000011 0
0.02099999999995419 -0.0939999999999995 0
0.02099999999995524 -0.09299999999999689 0
0.02099999999995629 -0.09199999999999425 0
0.02099999999995734 -0.09099999999999403 0
0.02099999999995839 -0.08999999999999325 0
0.02099999999995943 -0.08899999999999061 0
0.02099999999996047 -0.087999999999988 0
0.02099999999996153 -0.086999999999988 0
0.02099999999996258 -0.08599999999998699 0
0.02099999999996362 -0.08499999999998432 0
0.02099999999996467 -0.08399999999998191 0
0.02099999999996572 -0.08299999999998202 0
0.02099999999996676 -0.08199999999998074 0
0.02099999999996781 -0.0809999999999781 0
0.02099999999996886 -0.07999999999997591 0
0.0209999999999699 -0.07899999999997598 0
0.02099999999997095 -0.07799999999997448 0
0.020999999999972 -0.07699999999997183 0
0.02099999999997305 -0.07599999999996988 0
0.0209999999999741 -0.07499999999996999 0
0.02099999999997515 -0.0739999999999682 0
0.02099999999997619 -0.07299999999996556 0
0.02099999999997724 -0.07199999999996387 0
0.02099999999997829 -0.07099999999996401 0
0.02099999999997933 -0.06999999999996194 0
0.02099999999998038 -0.06899999999995993 0
0.02099999999998143 -0.06799999999996001 0
0.02099999999998248 -0.06699999999995833 0
0.02099999999998352 -0.06599999999995568 0
0.02099999999998457 -0.06499999999995391 0
0.02099999999998562 -0.06399999999995404 0
0.02099999999998666 -0.06299999999995204 0
0.02099999999998771 -0.06199999999994943 0
0.02099999999998876 -0.06099999999994792 0
0.02099999999998982 -0.059999999999948 0
0.02099999999999086 -0.0589999999999458 0
0.0209999999999919 -0.05799999999994366 0
0.02099999999999295 -0.05699999999994274 0
0.020999999999994 -0.05599999999994159 0
0.02099999999999505 -0.0549999999999401 0
0.02099999999999609 -0.05399999999993797 0
0.02099999999999714 -0.05299999999993671 0
0.02099999999999819 -0.05199999999993543 0
0.02099999999999923 -0.05099999999993384 0
0.02100000000000028 -0.04999999999993185 0
0.02100000000000132 -0.04899999999993059 0
0.02100000000000238 -0.04799999999992932 0
0.02100000000000342 -0.04699999999992759 0
0.02100000000000447 -0.0459999999999257 0
0.02100000000000551 -0.04499999999992525 0
0.02100000000000656 -0.0439999999999262 0
0.02100000000000761 -0.0429999999999278 0
0.02100000000000866 -0.04199999999992943 0
0.02100000000000971 -0.0409999999999312 0
0.02100000000001075 -0.03999999999993292 0
0.0210000000000118 -0.0389999999999345 0
0.02100000000001285 -0.03799999999993617 0
0.0210000000000139 -0.0369999999999379 0
0.02100000000001494 -0.03599999999993968 0
0.02100000000001599 -0.03499999999994119 0
0.02100000000001704 -0.03399999999994288 0
0.02100000000001809 -0.03299999999994504 0
0.02100000000001914 -0.03199999999994816 0
0.02100000000002018 -0.03099999999995004 0
0.02100000000002123 -0.02999999999995154 0
0.02100000000002228 -0.02899999999995366 0
0.02100000000002332 -0.02799999999995535 0
0.02100000000002437 -0.02699999999995673 0
0.02100000000002542 -0.02599999999995831 0
0.02100000000002647 -0.02499999999996042 0
0.02100000000002751 -0.02399999999996204 0
0.02100000000002857 -0.02299999999996343 0
0.02100000000002961 -0.02199999999996508 0
0.02100000000003066 -0.02099999999996719 0
0.02100000000003171 -0.01999999999996874 0
0.02100000000003275 -0.0189999999999703 0
0.0210000000000338 -0.01799999999997241 0
0.02100000000003486 -0.01699999999997404 0
0.0210000000000359 -0.01599999999997544 0
0.02100000000003694 -0.01499999999997705 0
0.02100000000003799 -0.01399999999997952 0
0.02100000000003903 -0.01299999999998178 0
0.02100000000004008 -0.01199999999998319 0
0.02100000000004113 -0.01099999999998488 0
0.02100000000004218 -0.009999999999986986 0
0.02100000000004322 -0.008999999999988488 0
0.02100000000004427 -0.007999999999989783 0
0.02100000000004532 -0.006999999999991024 0
0.02100000000004637 -0.005999999999992201 0
0.02100000000004741 -0.004999999999992346 0
0.02100000000004847 -0.003999999999992706 0
0.02100000000004951 -0.002999999999993292 0
0.02100000000005056 -0.001999999999994162 0
0.02100000000005161 -0.0009999999999945634 0
0.02100000000005265 4.741866621582602e-15 0
0.0210000000000537 0.001000000000003366 0
0.02100000000005475 0.002000000000002021 0
0.0210000000000558 0.003000000000001463 0
0.02100000000005684 0.004000000000001065 0
0.0219999999999514 -0.09399999999999954 0
0.02199999999995251 -0.09299999999999699 0
0.02199999999995363 -0.09199999999999442 0
0.02199999999995475 -0.09099999999999425 0
0.02199999999995586 -0.08999999999999352 0
0.02199999999995698 -0.08899999999999095 0
0.0219999999999581 -0.08799999999998838 0
0.02199999999995922 -0.08699999999998842 0
0.02199999999996033 -0.08599999999998748 0
0.02199999999996145 -0.08499999999998489 0
0.02199999999996256 -0.08399999999998251 0
0.02199999999996369 -0.08299999999998266 0
0.0219999999999648 -0.08199999999998141 0
0.02199999999996592 -0.08099999999997887 0
0.02199999999996705 -0.07999999999997674 0
0.02199999999996816 -0.07899999999997682 0
0.02199999999996928 -0.07799999999997539 0
0.0219999999999704 -0.07699999999997283 0
0.02199999999997151 -0.07599999999997091 0
0.02199999999997263 -0.07499999999997108 0
0.02199999999997375 -0.07399999999996935 0
0.02199999999997487 -0.07299999999996679 0
0.02199999999997598 -0.07199999999996515 0
0.0219999999999771 -0.07099999999996527 0
0.02199999999997822 -0.06999999999996327 0
0.02199999999997933 -0.06899999999996131 0
0.02199999999998045 -0.06799999999996145 0
0.02199999999998158 -0.06699999999995983 0
0.02199999999998269 -0.06599999999995723 0
0.0219999999999838 -0.06499999999995552 0
0.02199999999998493 -0.06399999999995568 0
0.02199999999998604 -0.06299999999995376 0
0.02199999999998716 -0.0619999999999512 0
0.02199999999998828 -0.06099999999994975 0
0.0219999999999894 -0.05999999999994986 0
0.02199999999999051 -0.05899999999994774 0
0.02199999999999163 -0.05799999999994565 0
0.02199999999999275 -0.05699999999994482 0
0.02199999999999386 -0.05599999999994369 0
0.02199999999999499 -0.05499999999994228 0
0.02199999999999611 -0.05399999999994022 0
0.02199999999999722 -0.05299999999993899 0
0.02199999999999833 -0.05199999999993778 0
0.02199999999999946 -0.05099999999993623 0
0.02200000000000057 -0.04999999999993431 0
0.02200000000000169 -0.0489999999999331 0
0.02200000000000281 -0.04799999999993187 0
0.02200000000000393 -0.04699999999993019 0
0.02200000000000505 -0.04599999999992838 0
0.02200000000000616 -0.04499999999992792 0
0.02200000000000728 -0.04399999999992887 0
0.02200000000000839 -0.04299999999993041 0
0.02200000000000952 -0.04199999999993196 0
0.02200000000001064 -0.04099999999993368 0
0.02200000000001175 -0.03999999999993537 0
0.02200000000001287 -0.03899999999993688 0
0.02200000000001399 -0.03799999999993847 0
0.0220000000000151 -0.03699999999994017 0
0.02200000000001622 -0.03599999999994188 0
0.02200000000001734 -0.03499999999994335 0
0.02200000000001846 -0.03399999999994498 0
0.02200000000001958 -0.03299999999994706 0
0.0220000000000207 -0.03199999999995013 0
0.02200000000002181 -0.03099999999995192 0
0.02200000000002293 -0.02999999999995338 0
0.02200000000002405 -0.02899999999995546 0
0.02200000000002517 -0.02799999999995708 0
0.02200000000002628 -0.02699999999995839 0
0.02200000000002741 -0.02599999999995992 0
0.02200000000002852 -0.02499999999996199 0
0.02200000000002964 -0.02399999999996355 0
0.02200000000003075 -0.02299999999996487 0
0.02200000000003188 -0.02199999999996645 0
0.02200000000003299 -0.02099999999996854 0
0.02200000000003411 -0.01999999999997003 0
0.02200000000003522 -0.01899999999997151 0
0.02200000000003635 -0.01799999999997359 0
0.02200000000003746 -0.01699999999997516 0
0.02200000000003858 -0.01599999999997648 0
0.0220000000000397 -0.01499999999997804 0
0.02200000000004081 -0.01399999999998047 0
0.02200000000004194 -0.01299999999998266 0
0.02200000000004304 -0.011999999999984 0
0.02200000000004417 -0.01099999999998563 0
0.02200000000004528 -0.009999999999987701 0
0.0220000000000464 -0.008999999999989138 0
0.02200000000004752 -0.007999999999990362 0
0.02200000000004864 -0.006999999999991558 0
0.02200000000004976 -0.005999999999992714 0
0.02200000000005087 -0.004999999999992803 0
0.02200000000005199 -0.003999999999993106 0
0.02200000000005311 -0.002999999999993657 0
0.02200000000005423 -0.001999999999994506 0
0.02200000000005535 -0.0009999999999948475 0
0.02200000000005647 4.520255697526565e-15 0
0.02200000000005758 0.001000000000003185 0
0.0220000000000587 0.00200000000000187 0
0.02200000000005982 0.003000000000001373 0
0.02200000000006093 0.004000000000001034 0
0.02299999999994858 -0.09399999999999961 0
0.02299999999994976 -0.09299999999999711 0
0.02299999999995093 -0.09199999999999461 0
0.02299999999995211 -0.09099999999999442 0
0.02299999999995329 -0.08999999999999375 0
0.02299999999995446 -0.08899999999999128 0
0.02299999999995564 -0.08799999999998878 0
0.02299999999995682 -0.08699999999998884 0
0.02299999999995799 -0.08599999999998795 0
0.02299999999995916 -0.08499999999998545 0
0.02299999999996034 -0.08399999999998312 0
0.02299999999996152 -0.08299999999998328 0
0.0229999999999627 -0.08199999999998213 0
0.02299999999996388 -0.08099999999997962 0
0.02299999999996505 -0.07999999999997756 0
0.02299999999996623 -0.0789999999999777 0
0.0229999999999674 -0.0779999999999763 0
0.02299999999996858 -0.07699999999997377 0
0.02299999999996975 -0.07599999999997196 0
0.02299999999997093 -0.07499999999997213 0
0.02299999999997211 -0.07399999999997045 0
0.02299999999997328 -0.07299999999996797 0
0.02299999999997446 -0.0719999999999664 0
0.02299999999997564 -0.07099999999996655 0
0.02299999999997682 -0.06999999999996463 0
0.02299999999997799 -0.06899999999996274 0
0.02299999999997917 -0.0679999999999629 0
0.02299999999998033 -0.06699999999996135 0
0.02299999999998152 -0.0659999999999588 0
0.02299999999998269 -0.06499999999995712 0
0.02299999999998387 -0.06399999999995733 0
0.02299999999998505 -0.06299999999995548 0
0.02299999999998622 -0.06199999999995299 0
0.0229999999999874 -0.06099999999995158 0
0.02299999999998858 -0.05999999999995175 0
0.02299999999998975 -0.05899999999994968 0
0.02299999999999093 -0.05799999999994764 0
0.0229999999999921 -0.05699999999994688 0
0.02299999999999328 -0.05599999999994582 0
0.02299999999999446 -0.05499999999994445 0
0.02299999999999564 -0.05399999999994247 0
0.02299999999999681 -0.0529999999999413 0
0.02299999999999799 -0.05199999999994011 0
0.02299999999999917 -0.05099999999993862 0
0.02300000000000034 -0.04999999999993676 0
0.02300000000000151 -0.04899999999993561 0
0.02300000000000269 -0.04799999999993443 0
0.02300000000000387 -0.04699999999993281 0
0.02300000000000504 -0.04599999999993105 0
0.02300000000000622 -0.04499999999993063 0
0.0230000000000074 -0.04399999999993154 0
0.02300000000000857 -0.04299999999993302 0
0.02300000000000975 -0.04199999999993451 0
0.02300000000001092 -0.04099999999993619 0
0.0230000000000121 -0.03999999999993782 0
0.02300000000001328 -0.03899999999993926 0
0.02300000000001445 -0.03799999999994079 0
0.02300000000001563 -0.03699999999994245 0
0.02300000000001681 -0.0359999999999441 0
0.02300000000001799 -0.03499999999994549 0
0.02300000000001916 -0.03399999999994708 0
0.02300000000002034 -0.03299999999994909 0
0.02300000000002152 -0.03199999999995209 0
0.02300000000002269 -0.03099999999995382 0
0.02300000000002387 -0.0299999999999552 0
0.02300000000002504 -0.02899999999995725 0
0.02300000000002621 -0.02799999999995881 0
0.02300000000002739 -0.02699999999996007 0
0.02300000000002857 -0.02599999999996152 0
0.02300000000002975 -0.02499999999996357 0
0.02300000000003092 -0.02399999999996505 0
0.0230000000000321 -0.02299999999996631 0
0.02300000000003328 -0.02199999999996783 0
0.02300000000003446 -0.02099999999996988 0
0.02300000000003563 -0.0199999999999713 0
0.0230000000000368 -0.01899999999997272 0
0.02300000000003798 -0.01799999999997477 0
0.02300000000003916 -0.01699999999997628 0
0.02300000000004034 -0.01599999999997754 0
0.02300000000004151 -0.01499999999997903 0
0.02300000000004269 -0.01399999999998143 0
0.02300000000004387 -0.01299999999998355 0
0.02300000000004504 -0.01199999999998481 0
0.02300000000004621 -0.01099999999998638 0
0.02300000000004739 -0.009999999999988423 0
0.02300000000004857 -0.008999999999989789 0
0.02300000000004974 -0.007999999999990945 0
0.02300000000005092 -0.006999999999992094 0
0.0230000000000521 -0.005999999999993222 0
0.02300000000005328 -0.004999999999993262 0
0.02300000000005446 -0.003999999999993505 0
0.02300000000005563 -0.002999999999994024 0
0.0230000000000568 -0.001999999999994849 0
0.02300000000005798 -0.0009999999999951337 0
0.02300000000005916 4.296476369125557e-15 0
0.02300000000006033 0.001000000000003001 0
0.02300000000006151 0.00200000000000172 0
0.02300000000006269 0.003000000000001282 0
0.02300000000006387 0.004000000000001004 0
0.02399999999994575 -0.09399999999999964 0
0.02399999999994695 -0.0929999999999972 0
0.02399999999994817 -0.09199999999999478 0
0.02399999999994938 -0.09099999999999465 0
0.02399999999995059 -0.08999999999999402 0
0.02399999999995181 -0.08899999999999159 0
0.02399999999995302 -0.08799999999998918 0
0.02399999999995423 -0.08699999999998928 0
0.02399999999995545 -0.08599999999998845 0
0.02399999999995665 -0.08499999999998595 0
0.02399999999995786 -0.0839999999999837 0
0.02399999999995907 -0.08299999999998392 0
0.02399999999996029 -0.08199999999998279 0
0.0239999999999615 -0.08099999999998037 0
0.02399999999996272 -0.07999999999997838 0
0.02399999999996393 -0.07899999999997852 0
0.02399999999996514 -0.0779999999999772 0
0.02399999999996635 -0.0769999999999748 0
0.02399999999996756 -0.07599999999997299 0
0.02399999999996878 -0.0749999999999732 0
0.02399999999996998 -0.07399999999997159 0
0.0239999999999712 -0.0729999999999692 0
0.02399999999997241 -0.07199999999996765 0
0.02399999999997363 -0.07099999999996788 0
0.02399999999997484 -0.06999999999996599 0
0.02399999999997605 -0.06899999999996415 0
0.02399999999997726 -0.06799999999996434 0
0.02399999999997848 -0.06699999999996281 0
0.02399999999997968 -0.06599999999996035 0
0.0239999999999809 -0.06499999999995876 0
0.02399999999998211 -0.06399999999995901 0
0.02399999999998333 -0.0629999999999572 0
0.02399999999998454 -0.06199999999995479 0
0.02399999999998575 -0.06099999999995342 0
0.02399999999998696 -0.05999999999995361 0
0.02399999999998817 -0.05899999999995161 0
0.02399999999998938 -0.05799999999994967 0
0.0239999999999906 -0.05699999999994896 0
0.02399999999999181 -0.05599999999994795 0
0.02399999999999302 -0.05499999999994665 0
0.02399999999999423 -0.0539999999999447 0
0.02399999999999543 -0.05299999999994358 0
0.02399999999999666 -0.05199999999994247 0
0.02399999999999786 -0.05099999999994101 0
0.02399999999999908 -0.04999999999993924 0
0.02400000000000029 -0.04899999999993811 0
0.02400000000000151 -0.04799999999993699 0
0.02400000000000272 -0.04699999999993542 0
0.02400000000000393 -0.04599999999993373 0
0.02400000000000514 -0.04499999999993332 0
0.02400000000000636 -0.0439999999999342 0
0.02400000000000756 -0.04299999999993563 0
0.02400000000000878 -0.04199999999993707 0
0.02400000000000999 -0.04099999999993867 0
0.0240000000000112 -0.03999999999994025 0
0.02400000000001241 -0.03899999999994164 0
0.02400000000001363 -0.03799999999994313 0
0.02400000000001484 -0.03699999999994471 0
0.02400000000001605 -0.03599999999994632 0
0.02400000000001726 -0.03499999999994765 0
0.02400000000001847 -0.03399999999994917 0
0.02400000000001969 -0.03299999999995115 0
0.0240000000000209 -0.03199999999995407 0
0.02400000000002211 -0.03099999999995573 0
0.02400000000002332 -0.02999999999995704 0
0.02400000000002454 -0.02899999999995904 0
0.02400000000002574 -0.02799999999996055 0
0.02400000000002696 -0.02699999999996174 0
0.02400000000002817 -0.02599999999996313 0
0.02400000000002938 -0.02499999999996513 0
0.02400000000003059 -0.02399999999996656 0
0.02400000000003181 -0.02299999999996775 0
0.02400000000003302 -0.02199999999996921 0
0.02400000000003424 -0.02099999999997123 0
0.02400000000003544 -0.01999999999997258 0
0.02400000000003665 -0.01899999999997394 0
0.02400000000003787 -0.01799999999997596 0
0.02400000000003908 -0.0169999999999774 0
0.02400000000004029 -0.01599999999997858 0
0.0240000000000415 -0.01499999999998002 0
0.02400000000004271 -0.01399999999998238 0
0.02400000000004393 -0.01299999999998442 0
0.02400000000004514 -0.01199999999998562 0
0.02400000000004635 -0.01099999999998713 0
0.02400000000004756 -0.009999999999989139 0
0.02400000000004878 -0.008999999999990439 0
0.02400000000004999 -0.007999999999991524 0
0.0240000000000512 -0.006999999999992624 0
0.02400000000005242 -0.005999999999993731 0
0.02400000000005362 -0.004999999999993718 0
0.02400000000005484 -0.003999999999993904 0
0.02400000000005605 -0.002999999999994389 0
0.02400000000005726 -0.001999999999995192 0
0.02400000000005848 -0.0009999999999954164 0
0.02400000000005969 4.072697040724549e-15 0
0.0240000000000609 0.001000000000002819 0
0.02400000000006211 0.002000000000001568 0
0.02400000000006332 0.003000000000001192 0
0.02400000000006454 0.004000000000000971 0
0.02499999999994295 -0.09399999999999965 0
0.02499999999994422 -0.09299999999999731 0
0.02499999999994549 -0.09199999999999495 0
0.02499999999994676 -0.09099999999999489 0
0.02499999999994805 -0.08999999999999429 0
0.02499999999994931 -0.08899999999999191 0
0.02499999999995059 -0.08799999999998957 0
0.02499999999995187 -0.0869999999999897 0
0.02499999999995314 -0.08599999999998892 0
0.02499999999995441 -0.08499999999998652 0
0.02499999999995568 -0.08399999999998434 0
0.02499999999995697 -0.08299999999998456 0
0.02499999999995825 -0.08199999999998352 0
0.02499999999995952 -0.08099999999998116 0
0.02499999999996079 -0.07999999999997918 0
0.02499999999996207 -0.07899999999997941 0
0.02499999999996334 -0.07799999999997814 0
0.02499999999996461 -0.07699999999997574 0
0.02499999999996589 -0.07599999999997405 0
0.02499999999996717 -0.07499999999997428 0
0.02499999999996844 -0.07399999999997274 0
0.02499999999996971 -0.07299999999997034 0
0.02499999999997099 -0.07199999999996889 0
0.02499999999997227 -0.07099999999996918 0
0.02499999999997355 -0.06999999999996731 0
0.02499999999997482 -0.06899999999996556 0
0.02499999999997609 -0.06799999999996578 0
0.02499999999997737 -0.06699999999996432 0
0.02499999999997864 -0.06599999999996195 0
0.02499999999997992 -0.0649999999999604 0
0.02499999999998119 -0.06399999999996067 0
0.02499999999998247 -0.06299999999995892 0
0.02499999999998374 -0.06199999999995656 0
0.02499999999998502 -0.06099999999995527 0
0.02499999999998629 -0.0599999999999555 0
0.02499999999998757 -0.05899999999995354 0
0.02499999999998884 -0.05799999999995168 0
0.02499999999999011 -0.05699999999995102 0
0.02499999999999139 -0.05599999999995007 0
0.02499999999999267 -0.05499999999994882 0
0.02499999999999394 -0.05399999999994693 0
0.02499999999999521 -0.05299999999994588 0
0.02499999999999648 -0.05199999999994481 0
0.02499999999999776 -0.05099999999994344 0
0.02499999999999904 -0.04999999999994167 0
0.02500000000000031 -0.04899999999994063 0
0.02500000000000159 -0.04799999999993956 0
0.02500000000000287 -0.04699999999993803 0
0.02500000000000413 -0.0459999999999364 0
0.02500000000000542 -0.04499999999993602 0
0.02500000000000669 -0.04399999999993688 0
0.02500000000000796 -0.04299999999993823 0
0.02500000000000924 -0.04199999999993963 0
0.02500000000001051 -0.04099999999994117 0
0.02500000000001178 -0.03999999999994272 0
0.02500000000001307 -0.03899999999994402 0
0.02500000000001434 -0.03799999999994545 0
0.02500000000001561 -0.03699999999994699 0
0.02500000000001688 -0.03599999999994855 0
0.02500000000001817 -0.03499999999994979 0
0.02500000000001944 -0.03399999999995127 0
0.02500000000002071 -0.03299999999995318 0
0.02500000000002199 -0.03199999999995603 0
0.02500000000002327 -0.03099999999995762 0
0.02500000000002454 -0.02999999999995887 0
0.02500000000002581 -0.02899999999996083 0
0.02500000000002708 -0.02799999999996229 0
0.02500000000002836 -0.0269999999999634 0
0.02500000000002964 -0.02599999999996473 0
0.02500000000003092 -0.02499999999996669 0
0.02500000000003219 -0.02399999999996808 0
0.02500000000003347 -0.02299999999996919 0
0.02500000000003473 -0.02199999999997059 0
0.02500000000003601 -0.02099999999997256 0
0.02500000000003728 -0.01999999999997386 0
0.02500000000003856 -0.01899999999997516 0
0.02500000000003984 -0.01799999999997713 0
0.02500000000004111 -0.01699999999997853 0
0.02500000000004239 -0.01599999999997964 0
0.02500000000004367 -0.01499999999998102 0
0.02500000000004493 -0.01399999999998333 0
0.02500000000004621 -0.0129999999999853 0
0.02500000000004748 -0.01199999999998643 0
0.02500000000004876 -0.01099999999998789 0
0.02500000000005004 -0.00999999999998985 0
0.02500000000005131 -0.008999999999991093 0
0.02500000000005259 -0.007999999999992102 0
0.02500000000005386 -0.006999999999993158 0
0.02500000000005513 -0.00599999999999424 0
0.02500000000005641 -0.004999999999994176 0
0.02500000000005768 -0.003999999999994302 0
0.02500000000005896 -0.002999999999994753 0
0.02500000000006024 -0.001999999999995537 0
0.02500000000006151 -0.0009999999999957022 0
0.02500000000006279 3.849351393192535e-15 0
0.02500000000006406 0.001000000000002636 0
0.02500000000006533 0.002000000000001418 0
0.02500000000006661 0.003000000000001102 0
0.02500000000006789 0.004000000000000937 0
0.02599999999994014 -0.09399999999999972 0
0.02599999999994147 -0.0929999999999974 0
0.0259999999999428 -0.0919999999999951 0
0.02599999999994414 -0.09099999999999511 0
0.02599999999994548 -0.08999999999999454 0
0.02599999999994682 -0.08899999999999225 0
0.02599999999994816 -0.08799999999998993 0
0.0259999999999495 -0.08699999999999011 0
0.02599999999995083 -0.08599999999998938 0
0.02599999999995217 -0.08499999999998706 0
0.0259999999999535 -0.08399999999998493 0
0.02599999999995484 -0.08299999999998524 0
0.02599999999995618 -0.08199999999998422 0
0.02599999999995752 -0.08099999999998193 0
0.02599999999995886 -0.07999999999998003 0
0.0259999999999602 -0.07899999999998027 0
0.02599999999996154 -0.07799999999997903 0
0.02599999999996287 -0.07699999999997675 0
0.02599999999996421 -0.07599999999997507 0
0.02599999999996555 -0.07499999999997535 0
0.02599999999996688 -0.07399999999997385 0
0.02599999999996823 -0.07299999999997157 0
0.02599999999996956 -0.07199999999997014 0
0.0259999999999709 -0.07099999999997043 0
0.02599999999997225 -0.06999999999996871 0
0.02599999999997357 -0.06899999999996695 0
0.02599999999997491 -0.06799999999996723 0
0.02599999999997626 -0.06699999999996585 0
0.02599999999997759 -0.0659999999999635 0
0.02599999999997893 -0.064999999999962 0
0.02599999999998027 -0.06399999999996231 0
0.0259999999999816 -0.06299999999996064 0
0.02599999999998295 -0.06199999999995837 0
0.02599999999998428 -0.0609999999999571 0
0.02599999999998561 -0.05999999999995734 0
0.02599999999998696 -0.05899999999995548 0
0.02599999999998829 -0.05799999999995367 0
0.02599999999998963 -0.05699999999995309 0
0.02599999999999097 -0.05599999999995221 0
0.0259999999999923 -0.054999999999951 0
0.02599999999999365 -0.05399999999994918 0
0.02599999999999498 -0.05299999999994816 0
0.02599999999999632 -0.05199999999994715 0
0.02599999999999766 -0.05099999999994582 0
0.025999999999999 -0.04999999999994414 0
0.02600000000000034 -0.04899999999994312 0
0.02600000000000167 -0.04799999999994212 0
0.02600000000000301 -0.04699999999994065 0
0.02600000000000435 -0.04599999999993908 0
0.02600000000000569 -0.04499999999993872 0
0.02600000000000702 -0.04399999999993956 0
0.02600000000000836 -0.04299999999994084 0
0.0260000000000097 -0.04199999999994218 0
0.02600000000001104 -0.04099999999994367 0
0.02600000000001237 -0.03999999999994516 0
0.02600000000001371 -0.03899999999994641 0
0.02600000000001505 -0.03799999999994778 0
0.02600000000001639 -0.03699999999994925 0
0.02600000000001772 -0.03599999999995077 0
0.02600000000001906 -0.03499999999995195 0
0.0260000000000204 -0.03399999999995337 0
0.02600000000002174 -0.03299999999995522 0
0.02600000000002308 -0.031999999999958 0
0.02600000000002441 -0.03099999999995952 0
0.02600000000002575 -0.0299999999999607 0
0.02600000000002709 -0.02899999999996264 0
0.02600000000002842 -0.02799999999996403 0
0.02600000000002977 -0.02699999999996507 0
0.0260000000000311 -0.02599999999996633 0
0.02600000000003245 -0.02499999999996827 0
0.02600000000003378 -0.02399999999996958 0
0.02600000000003512 -0.02299999999997063 0
0.02600000000003646 -0.02199999999997196 0
0.02600000000003779 -0.0209999999999739 0
0.02600000000003913 -0.01999999999997515 0
0.02600000000004047 -0.01899999999997637 0
0.02600000000004181 -0.01799999999997831 0
0.02600000000004314 -0.01699999999997965 0
0.02600000000004448 -0.01599999999998069 0
0.02600000000004582 -0.014999999999982 0
0.02600000000004716 -0.01399999999998427 0
0.02600000000004849 -0.01299999999998618 0
0.02600000000004984 -0.01199999999998724 0
0.02600000000005117 -0.01099999999998864 0
0.02600000000005251 -0.009999999999990567 0
0.02600000000005385 -0.008999999999991744 0
0.02600000000005518 -0.007999999999992687 0
0.02600000000005653 -0.006999999999993692 0
0.02600000000005786 -0.005999999999994752 0
0.0260000000000592 -0.004999999999994635 0
0.02600000000006054 -0.003999999999994705 0
0.02600000000006187 -0.002999999999995118 0
0.02600000000006322 -0.001999999999995879 0
0.02600000000006455 -0.0009999999999959867 0
0.02600000000006589 3.626873107398509e-15 0
0.02600000000006723 0.001000000000002453 0
0.02600000000006856 0.002000000000001267 0
0.02600000000006991 0.003000000000001011 0
0.02600000000007124 0.004000000000000906 0
0.0269999999999373 -0.09399999999999978 0
0.02699999999993867 -0.09299999999999752 0
0.02699999999994004 -0.09199999999999528 0
0.02699999999994142 -0.09099999999999532 0
0.0269999999999428 -0.08999999999999478 0
0.02699999999994417 -0.08899999999999259 0
0.02699999999994554 -0.08799999999999035 0
0.02699999999994692 -0.08699999999999056 0
0.02699999999994829 -0.08599999999998988 0
0.02699999999994966 -0.08499999999998763 0
0.02699999999995104 -0.08399999999998556 0
0.02699999999995241 -0.08299999999998588 0
0.02699999999995378 -0.0819999999999849 0
0.02699999999995515 -0.08099999999998267 0
0.02699999999995653 -0.07999999999998084 0
0.0269999999999579 -0.07899999999998114 0
0.02699999999995928 -0.07799999999997993 0
0.02699999999996065 -0.07699999999997773 0
0.02699999999996203 -0.07599999999997614 0
0.0269999999999634 -0.07499999999997643 0
0.02699999999996477 -0.073999999999975 0
0.02699999999996615 -0.07299999999997277 0
0.02699999999996752 -0.07199999999997142 0
0.0269999999999689 -0.07099999999997171 0
0.02699999999997027 -0.06999999999997003 0
0.02699999999997164 -0.06899999999996835 0
0.02699999999997301 -0.06799999999996867 0
0.02699999999997438 -0.06699999999996732 0
0.02699999999997576 -0.06599999999996506 0
0.02699999999997713 -0.06499999999996363 0
0.02699999999997851 -0.06399999999996396 0
0.02699999999997988 -0.06299999999996236 0
0.02699999999998125 -0.06199999999996015 0
0.02699999999998262 -0.06099999999995893 0
0.026999999999984 -0.05999999999995924 0
0.02699999999998538 -0.05899999999995741 0
0.02699999999998675 -0.05799999999995567 0
0.02699999999998812 -0.05699999999995518 0
0.0269999999999895 -0.05599999999995433 0
0.02699999999999087 -0.05499999999995318 0
0.02699999999999225 -0.05399999999995143 0
0.02699999999999361 -0.05299999999995046 0
0.02699999999999499 -0.0519999999999495 0
0.02699999999999636 -0.05099999999994822 0
0.02699999999999774 -0.04999999999994659 0
0.02699999999999911 -0.04899999999994564 0
0.02700000000000048 -0.04799999999994468 0
0.02700000000000186 -0.04699999999994328 0
0.02700000000000323 -0.04599999999994175 0
0.02700000000000461 -0.04499999999994143 0
0.02700000000000598 -0.04399999999994222 0
0.02700000000000736 -0.04299999999994346 0
0.02700000000000873 -0.04199999999994473 0
0.0270000000000101 -0.04099999999994617 0
0.02700000000001147 -0.0399999999999476 0
0.02700000000001285 -0.0389999999999488 0
0.02700000000001421 -0.03799999999995009 0
0.02700000000001559 -0.03699999999995152 0
0.02700000000001698 -0.03599999999995297 0
0.02700000000001834 -0.03499999999995411 0
0.02700000000001971 -0.03399999999995545 0
0.02700000000002109 -0.03299999999995725 0
0.02700000000002246 -0.03199999999995996 0
0.02700000000002383 -0.03099999999996142 0
0.02700000000002521 -0.02999999999996253 0
0.02700000000002659 -0.02899999999996443 0
0.02700000000002795 -0.02799999999996576 0
0.02700000000002933 -0.02699999999996673 0
0.0270000000000307 -0.02599999999996794 0
0.02700000000003207 -0.02499999999996984 0
0.02700000000003345 -0.02399999999997109 0
0.02700000000003482 -0.02299999999997206 0
0.0270000000000362 -0.02199999999997335 0
0.02700000000003757 -0.02099999999997525 0
0.02700000000003894 -0.01999999999997643 0
0.02700000000004032 -0.01899999999997759 0
0.02700000000004169 -0.01799999999997949 0
0.02700000000004307 -0.01699999999998077 0
0.02700000000004444 -0.01599999999998174 0
0.02700000000004581 -0.01499999999998299 0
0.02700000000004718 -0.01399999999998523 0
0.02700000000004856 -0.01299999999998706 0
0.02700000000004994 -0.01199999999998804 0
0.02700000000005131 -0.01099999999998939 0
0.02700000000005268 -0.009999999999991281 0
0.02700000000005405 -0.008999999999992393 0
0.02700000000005543 -0.007999999999993269 0
0.0270000000000568 -0.006999999999994228 0
0.02700000000005818 -0.00599999999999526 0
0.02700000000005955 -0.00499999999999509 0
0.02700000000006093 -0.003999999999995105 0
0.02700000000006229 -0.002999999999995483 0
0.02700000000006368 -0.001999999999996223 0
0.02700000000006504 -0.0009999999999962734 0
0.02700000000006642 3.403527459866496e-15 0
0.0270000000000678 0.001000000000002271 0
0.02700000000006916 0.002000000000001116 0
0.02700000000007054 0.00300000000000092 0
0.02700000000007191 0.004000000000000873 0
0.02799999999993448 -0.09399999999999979 0
0.02799999999993591 -0.09299999999999763 0
0.02799999999993735 -0.09199999999999549 0
0.02799999999993878 -0.0909999999999955 0
0.02799999999994021 -0.08999999999999503 0
0.02799999999994164 -0.08899999999999292 0
0.02799999999994307 -0.08799999999999077 0
0.02799999999994451 -0.08699999999999102 0
0.02799999999994594 -0.08599999999999035 0
0.02799999999994737 -0.08499999999998815 0
0.0279999999999488 -0.08399999999998617 0
0.02799999999995023 -0.0829999999999865 0
0.02799999999995167 -0.0819999999999856 0
0.0279999999999531 -0.08099999999998345 0
0.02799999999995453 -0.07999999999998168 0
0.02799999999995596 -0.07899999999998196 0
0.0279999999999574 -0.07799999999998086 0
0.02799999999995883 -0.07699999999997874 0
0.02799999999996026 -0.07599999999997716 0
0.02799999999996169 -0.07499999999997752 0
0.02799999999996313 -0.07399999999997613 0
0.02799999999996456 -0.07299999999997395 0
0.02799999999996599 -0.07199999999997267 0
0.02799999999996742 -0.07099999999997299 0
0.02799999999996886 -0.06999999999997138 0
0.02799999999997028 -0.06899999999996979 0
0.02799999999997172 -0.06799999999997011 0
0.02799999999997315 -0.06699999999996885 0
0.02799999999997459 -0.06599999999996663 0
0.02799999999997602 -0.06499999999996528 0
0.02799999999997745 -0.06399999999996563 0
0.02799999999997888 -0.06299999999996408 0
0.02799999999998032 -0.06199999999996191 0
0.02799999999998175 -0.06099999999996078 0
0.02799999999998318 -0.0599999999999611 0
0.02799999999998461 -0.05899999999995933 0
0.02799999999998604 -0.05799999999995767 0
0.02799999999998747 -0.05699999999995723 0
0.02799999999998891 -0.05599999999995647 0
0.02799999999999033 -0.05499999999995537 0
0.02799999999999177 -0.05399999999995366 0
0.0279999999999932 -0.05299999999995274 0
0.02799999999999463 -0.05199999999995183 0
0.02799999999999606 -0.05099999999995061 0
0.0279999999999975 -0.04999999999994906 0
0.02799999999999893 -0.04899999999994816 0
0.02800000000000037 -0.04799999999994723 0
0.02800000000000179 -0.04699999999994588 0
0.02800000000000323 -0.04599999999994443 0
0.02800000000000466 -0.04499999999994412 0
0.0280000000000061 -0.04399999999994489 0
0.02800000000000753 -0.04299999999994607 0
0.02800000000000896 -0.04199999999994729 0
0.02800000000001038 -0.04099999999994867 0
0.02800000000001182 -0.03999999999995003 0
0.02800000000001325 -0.03899999999995117 0
0.02800000000001469 -0.03799999999995243 0
0.02800000000001612 -0.0369999999999538 0
0.02800000000001755 -0.03599999999995519 0
0.02800000000001899 -0.03499999999995626 0
0.02800000000002041 -0.03399999999995757 0
0.02800000000002185 -0.0329999999999593 0
0.02800000000002328 -0.03199999999996193 0
0.02800000000002471 -0.0309999999999633 0
0.02800000000002614 -0.02999999999996436 0
0.02800000000002758 -0.02899999999996623 0
0.02800000000002901 -0.0279999999999675 0
0.02800000000003044 -0.0269999999999684 0
0.02800000000003187 -0.02599999999996954 0
0.0280000000000333 -0.02499999999997141 0
0.02800000000003473 -0.0239999999999726 0
0.02800000000003617 -0.0229999999999735 0
0.0280000000000376 -0.02199999999997472 0
0.02800000000003903 -0.0209999999999766 0
0.02800000000004047 -0.0199999999999777 0
0.0280000000000419 -0.01899999999997881 0
0.02800000000004333 -0.01799999999998067 0
0.02800000000004476 -0.01699999999998189 0
0.0280000000000462 -0.01599999999998279 0
0.02800000000004762 -0.01499999999998399 0
0.02800000000004906 -0.01399999999998618 0
0.02800000000005049 -0.01299999999998794 0
0.02800000000005193 -0.01199999999998885 0
0.02800000000005335 -0.01099999999999014 0
0.02800000000005478 -0.009999999999991996 0
0.02800000000005621 -0.00899999999999304 0
0.02800000000005765 -0.007999999999993847 0
0.02800000000005908 -0.006999999999994762 0
0.02800000000006051 -0.005999999999995766 0
0.02800000000006195 -0.004999999999995548 0
0.02800000000006338 -0.003999999999995502 0
0.02800000000006481 -0.002999999999995848 0
0.02800000000006624 -0.001999999999996565 0
0.02800000000006767 -0.0009999999999965566 0
0.02800000000006911 3.180181812334482e-15 0
0.02800000000007054 0.001000000000002089 0
0.02800000000007198 0.002000000000000965 0
0.0280000000000734 0.003000000000000829 0
0.02800000000007484 0.00400000000000084 0
0.02899999999993169 -0.09399999999999982 0
0.02899999999993319 -0.09299999999999774 0
0.02899999999993469 -0.09199999999999568 0
0.02899999999993619 -0.0909999999999957 0
0.0289999999999377 -0.08999999999999529 0
0.02899999999993921 -0.08899999999999327 0
0.02899999999994071 -0.08799999999999118 0
0.0289999999999422 -0.08699999999999146 0
0.02899999999994371 -0.08599999999999083 0
0.02899999999994521 -0.08499999999998868 0
0.02899999999994671 -0.08399999999998678 0
0.02899999999994822 -0.08299999999998715 0
0.02899999999994972 -0.08199999999998629 0
0.02899999999995122 -0.08099999999998421 0
0.02899999999995273 -0.0799999999999825 0
0.02899999999995422 -0.07899999999998286 0
0.02899999999995573 -0.07799999999998176 0
0.02899999999995723 -0.07699999999997967 0
0.02899999999995873 -0.0759999999999782 0
0.02899999999996023 -0.07499999999997857 0
0.02899999999996174 -0.07399999999997724 0
0.02899999999996324 -0.0729999999999752 0
0.02899999999996474 -0.07199999999997392 0
0.02899999999996624 -0.07099999999997431 0
0.02899999999996775 -0.06999999999997272 0
0.02899999999996925 -0.06899999999997117 0
0.02899999999997076 -0.06799999999997156 0
0.02899999999997226 -0.06699999999997031 0
0.02899999999997376 -0.06599999999996821 0
0.02899999999997526 -0.06499999999996689 0
0.02899999999997676 -0.06399999999996725 0
0.02899999999997827 -0.06299999999996581 0
0.02899999999997977 -0.06199999999996371 0
0.02899999999998127 -0.06099999999996263 0
0.02899999999998277 -0.05999999999996296 0
0.02899999999998429 -0.05899999999996128 0
0.02899999999998578 -0.05799999999995969 0
0.02899999999998728 -0.05699999999995931 0
0.02899999999998879 -0.0559999999999586 0
0.02899999999999029 -0.05499999999995754 0
0.02899999999999179 -0.0539999999999559 0
0.0289999999999933 -0.05299999999995505 0
0.0289999999999948 -0.05199999999995418 0
0.02899999999999631 -0.05099999999995303 0
0.02899999999999781 -0.04999999999995151 0
0.0289999999999993 -0.04899999999995066 0
0.02900000000000081 -0.04799999999994978 0
0.02900000000000232 -0.0469999999999485 0
0.02900000000000381 -0.04599999999994711 0
0.02900000000000532 -0.0449999999999468 0
0.02900000000000682 -0.04399999999994756 0
0.02900000000000832 -0.04299999999994868 0
0.02900000000000983 -0.04199999999994983 0
0.02900000000001133 -0.04099999999995117 0
0.02900000000001283 -0.03999999999995249 0
0.02900000000001434 -0.03899999999995354 0
0.02900000000001584 -0.03799999999995474 0
0.02900000000001734 -0.03699999999995606 0
0.02900000000001884 -0.03599999999995741 0
0.02900000000002034 -0.03499999999995841 0
0.02900000000002185 -0.03399999999995965 0
0.02900000000002335 -0.03299999999996133 0
0.02900000000002485 -0.0319999999999639 0
0.02900000000002636 -0.0309999999999652 0
0.02900000000002785 -0.02999999999996619 0
0.02900000000002936 -0.02899999999996802 0
0.02900000000003086 -0.02799999999996925 0
0.02900000000003237 -0.02699999999997007 0
0.02900000000003386 -0.02599999999997115 0
0.02900000000003537 -0.02499999999997297 0
0.02900000000003686 -0.02399999999997411 0
0.02900000000003837 -0.02299999999997494 0
0.02900000000003988 -0.02199999999997609 0
0.02900000000004138 -0.02099999999997793 0
0.02900000000004288 -0.01999999999997898 0
0.02900000000004438 -0.01899999999998002 0
0.02900000000004588 -0.01799999999998185 0
0.02900000000004739 -0.01699999999998301 0
0.0290000000000489 -0.01599999999998384 0
0.02900000000005039 -0.01499999999998497 0
0.02900000000005189 -0.01399999999998713 0
0.0290000000000534 -0.01299999999998882 0
0.0290000000000549 -0.01199999999998966 0
0.02900000000005641 -0.01099999999999089 0
0.02900000000005791 -0.009999999999992713 0
0.02900000000005941 -0.008999999999993694 0
0.02900000000006091 -0.007999999999994428 0
0.02900000000006242 -0.006999999999995295 0
0.02900000000006392 -0.005999999999996275 0
0.02900000000006542 -0.004999999999996006 0
0.02900000000006693 -0.003999999999995902 0
0.02900000000006843 -0.002999999999996214 0
0.02900000000006993 -0.001999999999996908 0
0.02900000000007143 -0.0009999999999968424 0
0.02900000000007293 2.958570888278444e-15 0
0.02900000000007443 0.001000000000001906 0
0.02900000000007594 0.002000000000000814 0
0.02900000000007744 0.003000000000000739 0
0.02900000000007895 0.004000000000000808 0
0.02999999999992887 -0.09399999999999989 0
0.02999999999993044 -0.09299999999999785 0
0.02999999999993199 -0.09199999999999585 0
0.02999999999993357 -0.09099999999999595 0
0.02999999999993512 -0.08999999999999556 0
0.02999999999993669 -0.08899999999999357 0
0.02999999999993825 -0.08799999999999154 0
0.02999999999993981 -0.08699999999999182 0
0.02999999999994137 -0.08599999999999126 0
0.02999999999994293 -0.08499999999998922 0
0.02999999999994449 -0.0839999999999874 0
0.02999999999994606 -0.08299999999998779 0
0.02999999999994762 -0.081999999999987 0
0.02999999999994918 -0.08099999999998497 0
0.02999999999995074 -0.07999999999998335 0
0.0299999999999523 -0.07899999999998369 0
0.02999999999995386 -0.07799999999998268 0
0.02999999999995543 -0.07699999999998065 0
0.02999999999995698 -0.07599999999997924 0
0.02999999999995855 -0.07499999999997968 0
0.02999999999996012 -0.0739999999999784 0
0.02999999999996168 -0.07299999999997635 0
0.02999999999996324 -0.07199999999997519 0
0.0299999999999648 -0.0709999999999756 0
0.02999999999996636 -0.06999999999997408 0
0.02999999999996793 -0.06899999999997258 0
0.02999999999996949 -0.067999999999973 0
0.02999999999997106 -0.0669999999999718 0
0.02999999999997262 -0.06599999999996978 0
0.02999999999997418 -0.06499999999996851 0
0.02999999999997575 -0.06399999999996892 0
0.0299999999999773 -0.06299999999996753 0
0.02999999999997886 -0.06199999999996551 0
0.02999999999998044 -0.06099999999996446 0
0.029999999999982 -0.05999999999996485 0
0.02999999999998355 -0.05899999999996323 0
0.02999999999998511 -0.0579999999999617 0
0.02999999999998668 -0.05699999999996139 0
0.02999999999998824 -0.05599999999996071 0
0.02999999999998981 -0.05499999999995973 0
0.02999999999999136 -0.05399999999995814 0
0.02999999999999293 -0.05299999999995735 0
0.02999999999999449 -0.05199999999995653 0
0.02999999999999605 -0.05099999999995543 0
0.02999999999999762 -0.04999999999995398 0
0.02999999999999918 -0.04899999999995318 0
0.03000000000000074 -0.04799999999995235 0
0.0300000000000023 -0.04699999999995113 0
0.03000000000000386 -0.04599999999994978 0
0.03000000000000543 -0.04499999999994952 0
0.03000000000000699 -0.04399999999995025 0
0.03000000000000854 -0.04299999999995128 0
0.03000000000001011 -0.04199999999995239 0
0.03000000000001167 -0.04099999999995366 0
0.03000000000001325 -0.03999999999995494 0
0.0300000000000148 -0.03899999999995593 0
0.03000000000001636 -0.03799999999995706 0
0.03000000000001793 -0.03699999999995834 0
0.03000000000001949 -0.03599999999995962 0
0.03000000000002105 -0.03499999999996056 0
0.03000000000002261 -0.03399999999996176 0
0.03000000000002417 -0.03299999999996336 0
0.03000000000002574 -0.03199999999996587 0
0.0300000000000273 -0.03099999999996711 0
0.03000000000002886 -0.02999999999996803 0
0.03000000000003042 -0.02899999999996981 0
0.03000000000003199 -0.02799999999997099 0
0.03000000000003354 -0.02699999999997173 0
0.03000000000003511 -0.02599999999997275 0
0.03000000000003667 -0.02499999999997454 0
0.03000000000003824 -0.02399999999997562 0
0.0300000000000398 -0.02299999999997638 0
0.03000000000004136 -0.02199999999997749 0
0.03000000000004292 -0.02099999999997929 0
0.03000000000004448 -0.01999999999998026 0
0.03000000000004605 -0.01899999999998124 0
0.03000000000004762 -0.01799999999998303 0
0.03000000000004917 -0.01699999999998413 0
0.03000000000005074 -0.01599999999998489 0
0.03000000000005229 -0.01499999999998596 0
0.03000000000005386 -0.01399999999998808 0
0.03000000000005542 -0.0129999999999897 0
0.03000000000005698 -0.01199999999999047 0
0.03000000000005855 -0.01099999999999165 0
0.03000000000006011 -0.009999999999993433 0
0.03000000000006168 -0.008999999999994342 0
0.03000000000006323 -0.007999999999995011 0
0.0300000000000648 -0.006999999999995827 0
0.03000000000006635 -0.005999999999996788 0
0.03000000000006792 -0.004999999999996462 0
0.03000000000006949 -0.003999999999996301 0
0.03000000000007105 -0.002999999999996578 0
0.03000000000007261 -0.001999999999997253 0
0.03000000000007417 -0.0009999999999971269 0
0.03000000000007573 2.73305683640146e-15 0
0.03000000000007729 0.001000000000001722 0
0.03000000000007886 0.002000000000000664 0
0.03000000000008042 0.003000000000000649 0
0.03000000000008198 0.004000000000000776 0
0.03099999999992603 -0.09399999999999992 0
0.03099999999992763 -0.09299999999999797 0
0.03099999999992924 -0.09199999999999603 0
0.03099999999993083 -0.09099999999999615 0
0.03099999999993243 -0.08999999999999581 0
0.03099999999993403 -0.08899999999999389 0
0.03099999999993562 -0.08799999999999195 0
0.03099999999993722 -0.08699999999999229 0
0.03099999999993882 -0.08599999999999178 0
0.03099999999994042 -0.08499999999998976 0
0.03099999999994203 -0.08399999999998797 0
0.03099999999994362 -0.08299999999998846 0
0.03099999999994521 -0.08199999999998769 0
0.03099999999994681 -0.08099999999998572 0
0.03099999999994841 -0.07999999999998417 0
0.03099999999995001 -0.07899999999998458 0
0.03099999999995161 -0.0779999999999836 0
0.03099999999995321 -0.07699999999998167 0
0.0309999999999548 -0.07599999999998032 0
0.0309999999999564 -0.07499999999998075 0
0.030999999999958 -0.07399999999997953 0
0.03099999999995959 -0.07299999999997757 0
0.03099999999996119 -0.07199999999997642 0
0.0309999999999628 -0.07099999999997689 0
0.03099999999996439 -0.06999999999997543 0
0.03099999999996599 -0.06899999999997401 0
0.03099999999996759 -0.06799999999997444 0
0.03099999999996918 -0.06699999999997332 0
0.03099999999997078 -0.06599999999997135 0
0.03099999999997238 -0.06499999999997012 0
0.03099999999997398 -0.06399999999997061 0
0.03099999999997558 -0.06299999999996922 0
0.03099999999997718 -0.06199999999996729 0
0.03099999999997877 -0.0609999999999663 0
0.03099999999998037 -0.05999999999996671 0
0.03099999999998197 -0.05899999999996516 0
0.03099999999998358 -0.0579999999999637 0
0.03099999999998518 -0.05699999999996345 0
0.03099999999998676 -0.05599999999996286 0
0.03099999999998836 -0.0549999999999619 0
0.03099999999998996 -0.05399999999996038 0
0.03099999999999156 -0.05299999999995963 0
0.03099999999999316 -0.05199999999995886 0
0.03099999999999476 -0.05099999999995782 0
0.03099999999999635 -0.04999999999995643 0
0.03099999999999796 -0.04899999999995568 0
0.03099999999999955 -0.04799999999995491 0
0.03100000000000116 -0.04699999999995374 0
0.03100000000000274 -0.04599999999995245 0
0.03100000000000435 -0.04499999999995221 0
0.03100000000000595 -0.04399999999995291 0
0.03100000000000754 -0.04299999999995389 0
0.03100000000000913 -0.04199999999995495 0
0.03100000000001075 -0.04099999999995615 0
0.03100000000001234 -0.03999999999995738 0
0.03100000000001394 -0.03899999999995832 0
0.03100000000001553 -0.0379999999999594 0
0.03100000000001713 -0.0369999999999606 0
0.03100000000001873 -0.03599999999996184 0
0.03100000000002032 -0.03499999999996271 0
0.03100000000002192 -0.03399999999996384 0
0.03100000000002352 -0.03299999999996541 0
0.03100000000002512 -0.03199999999996784 0
0.03100000000002672 -0.030999999999969 0
0.03100000000002831 -0.02999999999996985 0
0.03100000000002992 -0.02899999999997161 0
0.03100000000003152 -0.02799999999997272 0
0.03100000000003312 -0.0269999999999734 0
0.03100000000003471 -0.02599999999997435 0
0.03100000000003631 -0.02499999999997611 0
0.03100000000003791 -0.02399999999997712 0
0.0310000000000395 -0.02299999999997782 0
0.03100000000004111 -0.02199999999997886 0
0.0310000000000427 -0.02099999999998062 0
0.0310000000000443 -0.01999999999998155 0
0.03100000000004589 -0.01899999999998246 0
0.03100000000004749 -0.01799999999998421 0
0.03100000000004909 -0.01699999999998526 0
0.03100000000005068 -0.01599999999998595 0
0.03100000000005229 -0.01499999999998696 0
0.03100000000005389 -0.01399999999998903 0
0.03100000000005549 -0.01299999999999058 0
0.03100000000005708 -0.01199999999999128 0
0.03100000000005868 -0.0109999999999924 0
0.03100000000006027 -0.009999999999994149 0
0.03100000000006187 -0.008999999999994991 0
0.03100000000006348 -0.00799999999999559 0
0.03100000000006508 -0.00699999999999636 0
0.03100000000006668 -0.005999999999997298 0
0.03100000000006826 -0.004999999999996922 0
0.03100000000006987 -0.003999999999996701 0
0.03100000000007146 -0.002999999999996943 0
0.03100000000007307 -0.001999999999997596 0
0.03100000000007467 -0.0009999999999974122 0
0.03100000000007626 2.510578550607434e-15 0
0.03100000000007786 0.001000000000001541 0
0.03100000000007946 0.002000000000000513 0
0.03100000000008106 0.003000000000000558 0
0.03100000000008266 0.004000000000000743 0
0.03199999999992324 -0.09399999999999994 0
0.03199999999992489 -0.09299999999999807 0
0.03199999999992655 -0.0919999999999962 0
0.03199999999992822 -0.09099999999999638 0
0.03199999999992987 -0.08999999999999607 0
0.03199999999993153 -0.08899999999999422 0
0.03199999999993319 -0.08799999999999233 0
0.03199999999993485 -0.08699999999999274 0
0.03199999999993651 -0.08599999999999225 0
0.03199999999993818 -0.08499999999999033 0
0.03199999999993982 -0.08399999999998861 0
0.03199999999994149 -0.08299999999998908 0
0.03199999999994315 -0.08199999999998837 0
0.03199999999994482 -0.08099999999998649 0
0.03199999999994647 -0.07999999999998497 0
0.03199999999994813 -0.07899999999998542 0
0.03199999999994978 -0.07799999999998451 0
0.03199999999995145 -0.0769999999999826 0
0.03199999999995311 -0.07599999999998132 0
0.03199999999995477 -0.07499999999998179 0
0.03199999999995644 -0.07399999999998066 0
0.0319999999999581 -0.07299999999997878 0
0.03199999999995975 -0.07199999999997769 0
0.0319999999999614 -0.07099999999997816 0
0.03199999999996307 -0.06999999999997676 0
0.03199999999996472 -0.06899999999997539 0
0.03199999999996638 -0.06799999999997589 0
0.03199999999996805 -0.06699999999997483 0
0.03199999999996971 -0.06599999999997291 0
0.03199999999997137 -0.06499999999997177 0
0.03199999999997304 -0.06399999999997226 0
0.03199999999997469 -0.06299999999997094 0
0.03199999999997635 -0.06199999999996905 0
0.031999999999978 -0.06099999999996814 0
0.03199999999997966 -0.05999999999996859 0
0.03199999999998134 -0.05899999999996708 0
0.03199999999998298 -0.05799999999996569 0
0.03199999999998464 -0.05699999999996552 0
0.03199999999998631 -0.05599999999996496 0
0.03199999999998797 -0.05499999999996408 0
0.03199999999998963 -0.05399999999996263 0
0.03199999999999129 -0.05299999999996193 0
0.03199999999999294 -0.05199999999996122 0
0.0319999999999946 -0.0509999999999602 0
0.03199999999999627 -0.04999999999995889 0
0.03199999999999793 -0.04899999999995817 0
0.03199999999999958 -0.04799999999995747 0
0.03200000000000124 -0.04699999999995635 0
0.0320000000000029 -0.04599999999995513 0
0.03200000000000457 -0.04499999999995492 0
0.03200000000000623 -0.04399999999995557 0
0.03200000000000789 -0.04299999999995651 0
0.03200000000000955 -0.04199999999995748 0
0.03200000000001121 -0.04099999999995866 0
0.03200000000001287 -0.03999999999995982 0
0.03200000000001453 -0.0389999999999607 0
0.03200000000001618 -0.03799999999996172 0
0.03200000000001786 -0.03699999999996288 0
0.03200000000001949 -0.03599999999996406 0
0.03200000000002116 -0.03499999999996486 0
0.03200000000002282 -0.03399999999996595 0
0.03200000000002447 -0.03299999999996744 0
0.03200000000002615 -0.0319999999999698 0
0.03200000000002779 -0.0309999999999709 0
0.03200000000002946 -0.02999999999997168 0
0.03200000000003112 -0.0289999999999734 0
0.03200000000003279 -0.02799999999997445 0
0.03200000000003446 -0.02699999999997508 0
0.03200000000003609 -0.02599999999997596 0
0.03200000000003776 -0.02499999999997768 0
0.03200000000003943 -0.02399999999997864 0
0.03200000000004109 -0.02299999999997926 0
0.03200000000004274 -0.02199999999998025 0
0.0320000000000444 -0.02099999999998197 0
0.03200000000004605 -0.01999999999998282 0
0.03200000000004773 -0.01899999999998368 0
0.03200000000004938 -0.01799999999998539 0
0.03200000000005104 -0.01699999999998638 0
0.0320000000000527 -0.01599999999998699 0
0.03200000000005437 -0.01499999999998795 0
0.03200000000005603 -0.01399999999998999 0
0.03200000000005768 -0.01299999999999146 0
0.03200000000005934 -0.01199999999999208 0
0.03200000000006099 -0.01099999999999315 0
0.03200000000006265 -0.009999999999994864 0
0.03200000000006432 -0.008999999999995642 0
0.03200000000006598 -0.00799999999999617 0
0.03200000000006763 -0.006999999999996894 0
0.03200000000006931 -0.005999999999997807 0
0.03200000000007095 -0.00499999999999738 0
0.03200000000007262 -0.003999999999997102 0
0.03200000000007428 -0.002999999999997307 0
0.03200000000007595 -0.00199999999999794 0
0.0320000000000776 -0.0009999999999976976 0
0.03200000000007925 2.288100264813409e-15 0
0.03200000000008092 0.001000000000001358 0
0.03200000000008259 0.002000000000000361 0
0.03200000000008425 0.003000000000000468 0
0.0320000000000859 0.004000000000000711 0
0.03299999999992042 -0.094 0
0.03299999999992216 -0.0929999999999982 0
0.0329999999999239 -0.09199999999999636 0
0.03299999999992562 -0.09099999999999661 0
0.03299999999992736 -0.08999999999999635 0
0.03299999999992908 -0.08899999999999453 0
0.03299999999993081 -0.08799999999999274 0
0.03299999999993253 -0.08699999999999311 0
0.03299999999993426 -0.08599999999999274 0
0.032999999999936 -0.0849999999999909 0
0.03299999999993773 -0.08399999999998918 0
0.03299999999993947 -0.08299999999998972 0
0.03299999999994119 -0.08199999999998908 0
0.03299999999994292 -0.08099999999998726 0
0.03299999999994466 -0.07999999999998579 0
0.03299999999994639 -0.07899999999998626 0
0.03299999999994811 -0.07799999999998541 0
0.03299999999994985 -0.07699999999998361 0
0.03299999999995157 -0.07599999999998236 0
0.0329999999999533 -0.07499999999998287 0
0.03299999999995504 -0.07399999999998182 0
0.03299999999995677 -0.07299999999997997 0
0.03299999999995849 -0.07199999999997894 0
0.03299999999996023 -0.07099999999997944 0
0.03299999999996195 -0.06999999999997814 0
0.03299999999996368 -0.06899999999997682 0
0.03299999999996542 -0.06799999999997733 0
0.03299999999996715 -0.06699999999997631 0
0.03299999999996887 -0.06599999999997451 0
0.03299999999997061 -0.0649999999999734 0
0.03299999999997234 -0.06399999999997392 0
0.03299999999997406 -0.06299999999997266 0
0.0329999999999758 -0.06199999999997087 0
0.03299999999997753 -0.06099999999996997 0
0.03299999999997925 -0.05999999999997046 0
0.03299999999998099 -0.05899999999996902 0
0.03299999999998272 -0.0579999999999677 0
0.03299999999998444 -0.05699999999996758 0
0.03299999999998618 -0.05599999999996709 0
0.03299999999998791 -0.05499999999996627 0
0.03299999999998965 -0.05399999999996486 0
0.03299999999999137 -0.05299999999996421 0
0.0329999999999931 -0.05199999999996355 0
0.03299999999999484 -0.05099999999996262 0
0.03299999999999656 -0.04999999999996133 0
0.03299999999999829 -0.0489999999999607 0
0.03300000000000003 -0.04799999999996003 0
0.03300000000000175 -0.04699999999995898 0
0.03300000000000348 -0.04599999999995779 0
0.03300000000000522 -0.04499999999995761 0
0.03300000000000694 -0.04399999999995825 0
0.03300000000000868 -0.04299999999995911 0
0.03300000000001041 -0.04199999999996003 0
0.03300000000001213 -0.04099999999996115 0
0.03300000000001387 -0.03999999999996227 0
0.0330000000000156 -0.03899999999996306 0
0.03300000000001733 -0.03799999999996403 0
0.03300000000001907 -0.03699999999996515 0
0.03300000000002079 -0.03599999999996627 0
0.03300000000002251 -0.03499999999996701 0
0.03300000000002425 -0.03399999999996803 0
0.03300000000002598 -0.03299999999996948 0
0.03300000000002772 -0.03199999999997177 0
0.03300000000002945 -0.03099999999997279 0
0.03300000000003117 -0.02999999999997351 0
0.03300000000003289 -0.0289999999999752 0
0.03300000000003463 -0.02799999999997619 0
0.03300000000003636 -0.02699999999997674 0
0.03300000000003808 -0.02599999999997757 0
0.03300000000003983 -0.02499999999997925 0
0.03300000000004155 -0.02399999999998015 0
0.03300000000004329 -0.0229999999999807 0
0.03300000000004501 -0.02199999999998162 0
0.03300000000004674 -0.02099999999998331 0
0.03300000000004848 -0.0199999999999841 0
0.0330000000000502 -0.01899999999998489 0
0.03300000000005193 -0.01799999999998658 0
0.03300000000005366 -0.0169999999999875 0
0.0330000000000554 -0.01599999999998804 0
0.03300000000005712 -0.01499999999998894 0
0.03300000000005885 -0.01399999999999093 0
0.03300000000006059 -0.01299999999999234 0
0.03300000000006231 -0.01199999999999289 0
0.03300000000006405 -0.0109999999999939 0
0.03300000000006578 -0.00999999999999558 0
0.0330000000000675 -0.008999999999996296 0
0.03300000000006924 -0.007999999999996751 0
0.03300000000007097 -0.006999999999997429 0
0.03300000000007269 -0.005999999999998314 0
0.03300000000007443 -0.004999999999997833 0
0.03300000000007616 -0.0039999999999975 0
0.0330000000000779 -0.002999999999997671 0
0.03300000000007963 -0.001999999999998282 0
0.03300000000008135 -0.0009999999999979817 0
0.03300000000008307 2.064754617281395e-15 0
0.03300000000008481 0.001000000000001175 0
0.03300000000008654 0.002000000000000211 0
0.03300000000008826 0.003000000000000377 0
0.03300000000009001 0.004000000000000678 0
0.03399999999991762 -0.09400000000000004 0
0.03399999999991939 -0.09299999999999831 0
0.0339999999999212 -0.09199999999999658 0
0.03399999999992298 -0.09099999999999682 0
0.03399999999992476 -0.0899999999999966 0
0.03399999999992655 -0.08899999999999486 0
0.03399999999992834 -0.08799999999999311 0
0.03399999999993013 -0.08699999999999355 0
0.03399999999993191 -0.08599999999999322 0
0.0339999999999337 -0.08499999999999144 0
0.03399999999993548 -0.08399999999998983 0
0.03399999999993727 -0.08299999999999037 0
0.03399999999993906 -0.08199999999998976 0
0.03399999999994085 -0.08099999999998804 0
0.03399999999994264 -0.07999999999998662 0
0.03399999999994441 -0.07899999999998712 0
0.03399999999994621 -0.07799999999998634 0
0.033999999999948 -0.07699999999998459 0
0.03399999999994979 -0.0759999999999834 0
0.03399999999995156 -0.07499999999998395 0
0.03399999999995335 -0.0739999999999829 0
0.03399999999995514 -0.07299999999998118 0
0.03399999999995693 -0.07199999999998019 0
0.03399999999995871 -0.07099999999998076 0
0.0339999999999605 -0.06999999999997948 0
0.03399999999996229 -0.06899999999997823 0
0.03399999999996407 -0.06799999999997877 0
0.03399999999996586 -0.06699999999997784 0
0.03399999999996765 -0.06599999999997605 0
0.03399999999996944 -0.06499999999997501 0
0.03399999999997121 -0.06399999999997559 0
0.033999999999973 -0.06299999999997438 0
0.03399999999997479 -0.06199999999997263 0
0.03399999999997657 -0.06099999999997181 0
0.03399999999997837 -0.05999999999997234 0
0.03399999999998015 -0.05899999999997096 0
0.03399999999998194 -0.05799999999996969 0
0.03399999999998373 -0.05699999999996967 0
0.03399999999998551 -0.05599999999996924 0
0.0339999999999873 -0.05499999999996844 0
0.03399999999998909 -0.05399999999996712 0
0.03399999999999088 -0.0529999999999665 0
0.03399999999999265 -0.05199999999996589 0
0.03399999999999444 -0.05099999999996499 0
0.03399999999999623 -0.0499999999999638 0
0.03399999999999802 -0.04899999999996318 0
0.03399999999999981 -0.04799999999996259 0
0.03400000000000159 -0.04699999999996158 0
0.03400000000000339 -0.04599999999996047 0
0.03400000000000516 -0.04499999999996031 0
0.03400000000000695 -0.04399999999996092 0
0.03400000000000874 -0.04299999999996174 0
0.03400000000001051 -0.04199999999996259 0
0.03400000000001232 -0.04099999999996366 0
0.0340000000000141 -0.03999999999996471 0
0.03400000000001589 -0.03899999999996545 0
0.03400000000001768 -0.03799999999996637 0
0.03400000000001945 -0.03699999999996741 0
0.03400000000002124 -0.03599999999996849 0
0.03400000000002303 -0.03499999999996917 0
0.03400000000002482 -0.03399999999997014 0
0.03400000000002661 -0.03299999999997151 0
0.03400000000002839 -0.03199999999997373 0
0.03400000000003018 -0.03099999999997469 0
0.03400000000003197 -0.02999999999997534 0
0.03400000000003375 -0.02899999999997699 0
0.03400000000003554 -0.02799999999997794 0
0.03400000000003733 -0.02699999999997841 0
0.0340000000000391 -0.02599999999997917 0
0.03400000000004089 -0.02499999999998081 0
0.03400000000004268 -0.02399999999998165 0
0.03400000000004447 -0.02299999999998214 0
0.03400000000004625 -0.02199999999998299 0
0.03400000000004804 -0.02099999999998465 0
0.03400000000004982 -0.01999999999998538 0
0.03400000000005162 -0.01899999999998611 0
0.0340000000000534 -0.01799999999998775 0
0.03400000000005519 -0.01699999999998863 0
0.03400000000005697 -0.0159999999999891 0
0.03400000000005877 -0.01499999999998992 0
0.03400000000006056 -0.01399999999999188 0
0.03400000000006233 -0.01299999999999322 0
0.03400000000006412 -0.0119999999999937 0
0.03400000000006591 -0.01099999999999465 0
0.03400000000006768 -0.009999999999996291 0
0.03400000000006947 -0.008999999999996944 0
0.03400000000007127 -0.007999999999997334 0
0.03400000000007305 -0.006999999999997964 0
0.03400000000007485 -0.005999999999998827 0
0.03400000000007663 -0.004999999999998291 0
0.03400000000007842 -0.0039999999999979 0
0.03400000000008021 -0.002999999999998038 0
0.03400000000008198 -0.001999999999998627 0
0.03400000000008378 -0.000999999999998267 0
0.03400000000008557 1.842710012356363e-15 0
0.03400000000008734 0.001000000000000993 0
0.03400000000008915 0.00200000000000006 0
0.03400000000009092 0.003000000000000286 0
0.03400000000009271 0.004000000000000647 0
0.03499999999991479 -0.09400000000000008 0
0.03499999999991661 -0.09299999999999843 0
0.03499999999991842 -0.09199999999999674 0
0.03499999999992025 -0.09099999999999703 0
0.03499999999992209 -0.08999999999999685 0
0.0349999999999239 -0.08899999999999519 0
0.03499999999992572 -0.08799999999999351 0
0.03499999999992755 -0.08699999999999401 0
0.03499999999992937 -0.08599999999999368 0
0.03499999999993119 -0.08499999999999196 0
0.03499999999993302 -0.08399999999999043 0
0.03499999999993483 -0.08299999999999101 0
0.03499999999993666 -0.08199999999999047 0
0.03499999999993849 -0.08099999999998879 0
0.03499999999994031 -0.07999999999998746 0
0.03499999999994211 -0.078999999999988 0
0.03499999999994394 -0.07799999999998725 0
0.03499999999994576 -0.07699999999998555 0
0.03499999999994759 -0.07599999999998444 0
0.03499999999994942 -0.07499999999998502 0
0.03499999999995123 -0.07399999999998405 0
0.03499999999995304 -0.07299999999998234 0
0.03499999999995488 -0.07199999999998147 0
0.0349999999999567 -0.07099999999998206 0
0.03499999999995852 -0.06999999999998083 0
0.03499999999996035 -0.06899999999997962 0
0.03499999999996217 -0.06799999999998022 0
0.03499999999996398 -0.06699999999997931 0
0.03499999999996582 -0.0659999999999776 0
0.03499999999996763 -0.06499999999997662 0
0.03499999999996946 -0.06399999999997723 0
0.03499999999997128 -0.06299999999997608 0
0.0349999999999731 -0.06199999999997441 0
0.03499999999997493 -0.06099999999997364 0
0.03499999999997675 -0.05999999999997421 0
0.03499999999997857 -0.0589999999999729 0
0.03499999999998039 -0.05799999999997169 0
0.03499999999998222 -0.05699999999997175 0
0.03499999999998404 -0.05599999999997135 0
0.03499999999998585 -0.05499999999997061 0
0.03499999999998767 -0.05399999999996934 0
0.03499999999998951 -0.05299999999996881 0
0.03499999999999132 -0.05199999999996824 0
0.03499999999999315 -0.0509999999999674 0
0.03499999999999497 -0.04999999999996626 0
0.0349999999999968 -0.0489999999999657 0
0.03499999999999862 -0.04799999999996515 0
0.03500000000000044 -0.0469999999999642 0
0.03500000000000227 -0.04599999999996315 0
0.03500000000000408 -0.04499999999996301 0
0.03500000000000591 -0.0439999999999636 0
0.03500000000000773 -0.04299999999996434 0
0.03500000000000954 -0.04199999999996513 0
0.03500000000001138 -0.04099999999996614 0
0.03500000000001319 -0.03999999999996715 0
0.03500000000001501 -0.03899999999996784 0
0.03500000000001684 -0.03799999999996868 0
0.03500000000001866 -0.03699999999996968 0
0.03500000000002049 -0.03599999999997072 0
0.03500000000002231 -0.03499999999997132 0
0.03500000000002413 -0.03399999999997222 0
0.03500000000002595 -0.03299999999997356 0
0.03500000000002778 -0.03199999999997569 0
0.0350000000000296 -0.03099999999997657 0
0.03500000000003142 -0.02999999999997718 0
0.03500000000003324 -0.02899999999997879 0
0.03500000000003507 -0.02799999999997967 0
0.03500000000003688 -0.02699999999998007 0
0.0350000000000387 -0.02599999999998078 0
0.03500000000004053 -0.02499999999998238 0
0.03500000000004235 -0.02399999999998316 0
0.03500000000004418 -0.02299999999998357 0
0.035000000000046 -0.02199999999998439 0
0.03500000000004782 -0.02099999999998599 0
0.03500000000004964 -0.01999999999998666 0
0.03500000000005147 -0.01899999999998732 0
0.03500000000005329 -0.01799999999998894 0
0.03500000000005512 -0.01699999999998974 0
0.03500000000005694 -0.01599999999999015 0
0.03500000000005875 -0.01499999999999093 0
0.03500000000006057 -0.01399999999999283 0
0.0350000000000624 -0.0129999999999941 0
0.03500000000006422 -0.01199999999999451 0
0.03500000000006605 -0.0109999999999954 0
0.03500000000006787 -0.009999999999997008 0
0.03500000000006969 -0.008999999999997593 0
0.03500000000007151 -0.007999999999997915 0
0.03500000000007334 -0.006999999999998499 0
0.03500000000007516 -0.005999999999999334 0
0.03500000000007698 -0.00499999999999875 0
0.03500000000007879 -0.003999999999998298 0
0.03500000000008063 -0.002999999999998402 0
0.03500000000008244 -0.00199999999999897 0
0.03500000000008426 -0.0009999999999985524 0
0.03500000000008609 1.619364364824349e-15 0
0.03500000000008791 0.00100000000000081 0
0.03500000000008973 0.00199999999999991 0
0.03500000000009156 0.003000000000000197 0
0.03500000000009339 0.004000000000000615 0
0.03599999999991198 -0.09400000000000013 0
0.03599999999991387 -0.09299999999999851 0
0.03599999999991576 -0.09199999999999689 0
0.03599999999991764 -0.09099999999999724 0
0.03599999999991955 -0.08999999999999712 0
0.03599999999992142 -0.08899999999999553 0
0.03599999999992331 -0.08799999999999393 0
0.0359999999999252 -0.08699999999999443 0
0.03599999999992708 -0.08599999999999416 0
0.03599999999992899 -0.08499999999999248 0
0.03599999999993086 -0.08399999999999104 0
0.03599999999993275 -0.08299999999999166 0
0.03599999999993463 -0.08199999999999118 0
0.03599999999993652 -0.08099999999998955 0
0.03599999999993841 -0.07999999999998827 0
0.0359999999999403 -0.07899999999998884 0
0.03599999999994218 -0.07799999999998815 0
0.03599999999994407 -0.07699999999998655 0
0.03599999999994596 -0.07599999999998548 0
0.03599999999994784 -0.07499999999998612 0
0.03599999999994973 -0.07399999999998517 0
0.03599999999995161 -0.07299999999998356 0
0.03599999999995351 -0.0719999999999827 0
0.03599999999995539 -0.07099999999998333 0
0.03599999999995727 -0.06999999999998219 0
0.03599999999995918 -0.06899999999998105 0
0.03599999999996106 -0.06799999999998166 0
0.03599999999996294 -0.06699999999998084 0
0.03599999999996482 -0.06599999999997919 0
0.03599999999996672 -0.06499999999997828 0
0.03599999999996861 -0.06399999999997889 0
0.03599999999997049 -0.06299999999997782 0
0.03599999999997238 -0.06199999999997621 0
0.03599999999997427 -0.06099999999997549 0
0.03599999999997616 -0.05999999999997608 0
0.03599999999997804 -0.05899999999997481 0
0.03599999999997993 -0.0579999999999737 0
0.03599999999998182 -0.05699999999997379 0
0.0359999999999837 -0.05599999999997347 0
0.0359999999999856 -0.05499999999997279 0
0.03599999999998748 -0.05399999999997159 0
0.03599999999998937 -0.0529999999999711 0
0.03599999999999125 -0.05199999999997058 0
0.03599999999999313 -0.05099999999996979 0
0.03599999999999502 -0.04999999999996871 0
0.03599999999999691 -0.04899999999996821 0
0.0359999999999988 -0.04799999999996771 0
0.03600000000000069 -0.04699999999996682 0
0.03600000000000259 -0.04599999999996583 0
0.03600000000000447 -0.04499999999996571 0
0.03600000000000635 -0.04399999999996626 0
0.03600000000000824 -0.04299999999996695 0
0.03600000000001013 -0.04199999999996769 0
0.03600000000001202 -0.04099999999996865 0
0.0360000000000139 -0.03999999999996959 0
0.03600000000001578 -0.03899999999997022 0
0.03600000000001768 -0.037999999999971 0
0.03600000000001956 -0.03699999999997195 0
0.03600000000002145 -0.03599999999997292 0
0.03600000000002334 -0.03499999999997347 0
0.03600000000002523 -0.03399999999997433 0
0.03600000000002711 -0.03299999999997559 0
0.036000000000029 -0.03199999999997766 0
0.03600000000003089 -0.03099999999997849 0
0.03600000000003278 -0.029999999999979 0
0.03600000000003466 -0.02899999999998058 0
0.03600000000003654 -0.02799999999998141 0
0.03600000000003844 -0.02699999999998174 0
0.03600000000004033 -0.02599999999998238 0
0.03600000000004221 -0.02499999999998396 0
0.03600000000004409 -0.02399999999998467 0
0.03600000000004599 -0.022999999999985 0
0.03600000000004787 -0.02199999999998576 0
0.03600000000004976 -0.02099999999998733 0
0.03600000000005165 -0.01999999999998794 0
0.03600000000005354 -0.01899999999998854 0
0.03600000000005543 -0.01799999999999012 0
0.03600000000005731 -0.01699999999999087 0
0.0360000000000592 -0.0159999999999912 0
0.03600000000006109 -0.01499999999999191 0
0.03600000000006299 -0.01399999999999378 0
0.03600000000006486 -0.01299999999999498 0
0.03600000000006675 -0.01199999999999532 0
0.03600000000006863 -0.01099999999999616 0
0.03600000000007052 -0.009999999999997723 0
0.03600000000007243 -0.00899999999999824 0
0.0360000000000743 -0.007999999999998494 0
0.03600000000007619 -0.00699999999999903 0
0.03600000000007808 -0.005999999999999846 0
0.03600000000007996 -0.004999999999999206 0
0.03600000000008186 -0.003999999999998701 0
0.03600000000008374 -0.002999999999998768 0
0.03600000000008562 -0.001999999999999314 0
0.03600000000008751 -0.000999999999998836 0
0.0360000000000894 1.396886079030324e-15 0
0.03600000000009128 0.001000000000000627 0
0.03600000000009317 0.001999999999999758 0
0.03600000000009506 0.003000000000000105 0
0.03600000000009695 0.004000000000000583 0
0.0369999999999087 -0.09400000000000017 0
0.03699999999991065 -0.09299999999999864 0
0.0369999999999126 -0.09199999999999707 0
0.03699999999991457 -0.09099999999999744 0
0.03699999999991652 -0.08999999999999737 0
0.03699999999991849 -0.08899999999999586 0
0.03699999999992044 -0.08799999999999433 0
0.03699999999992239 -0.08699999999999483 0
0.03699999999992434 -0.08599999999999461 0
0.03699999999992631 -0.08499999999999305 0
0.03699999999992828 -0.08399999999999164 0
0.03699999999993022 -0.0829999999999923 0
0.03699999999993218 -0.08199999999999184 0
0.03699999999993414 -0.0809999999999903 0
0.03699999999993612 -0.07999999999998912 0
0.03699999999993806 -0.07899999999998972 0
0.03699999999994002 -0.07799999999998906 0
0.03699999999994198 -0.07699999999998752 0
0.03699999999994393 -0.07599999999998654 0
0.03699999999994589 -0.07499999999998719 0
0.03699999999994785 -0.0739999999999863 0
0.0369999999999498 -0.07299999999998477 0
0.03699999999995176 -0.07199999999998397 0
0.03699999999995373 -0.0709999999999846 0
0.03699999999995569 -0.06999999999998353 0
0.03699999999995764 -0.06899999999998246 0
0.0369999999999596 -0.0679999999999831 0
0.03699999999996156 -0.06699999999998232 0
0.03699999999996351 -0.06599999999998075 0
0.03699999999996547 -0.06499999999997991 0
0.03699999999996743 -0.06399999999998054 0
0.03699999999996939 -0.06299999999997952 0
0.03699999999997134 -0.06199999999997796 0
0.0369999999999733 -0.06099999999997732 0
0.03699999999997527 -0.05999999999997795 0
0.03699999999997722 -0.05899999999997677 0
0.03699999999997918 -0.05799999999997572 0
0.03699999999998114 -0.05699999999997589 0
0.0369999999999831 -0.0559999999999756 0
0.03699999999998505 -0.05499999999997498 0
0.03699999999998701 -0.05399999999997383 0
0.03699999999998897 -0.05299999999997339 0
0.03699999999999092 -0.05199999999997293 0
0.03699999999999289 -0.05099999999997219 0
0.03699999999999483 -0.04999999999997119 0
0.0369999999999968 -0.04899999999997073 0
0.03699999999999876 -0.04799999999997027 0
0.03700000000000072 -0.04699999999996942 0
0.03700000000000266 -0.04599999999996849 0
0.03700000000000463 -0.0449999999999684 0
0.03700000000000659 -0.04399999999996894 0
0.03700000000000855 -0.04299999999996956 0
0.0370000000000105 -0.04199999999997023 0
0.03700000000001246 -0.04099999999997114 0
0.03700000000001443 -0.03999999999997204 0
0.03700000000001638 -0.0389999999999726 0
0.03700000000001832 -0.03799999999997333 0
0.0370000000000203 -0.03699999999997423 0
0.03700000000002226 -0.03599999999997514 0
0.03700000000002421 -0.03499999999997563 0
0.03700000000002617 -0.03399999999997642 0
0.03700000000002813 -0.03299999999997762 0
0.03700000000003009 -0.03199999999997963 0
0.03700000000003204 -0.03099999999998037 0
0.037000000000034 -0.02999999999998084 0
0.03700000000003597 -0.02899999999998237 0
0.03700000000003791 -0.02799999999998315 0
0.03700000000003988 -0.0269999999999834 0
0.03700000000004184 -0.02599999999998398 0
0.0370000000000438 -0.02499999999998552 0
0.03700000000004575 -0.02399999999998619 0
0.0370000000000477 -0.02299999999998645 0
0.03700000000004967 -0.02199999999998713 0
0.03700000000005162 -0.02099999999998868 0
0.03700000000005358 -0.01999999999998922 0
0.03700000000005554 -0.01899999999998976 0
0.03700000000005751 -0.0179999999999913 0
0.03700000000005945 -0.01699999999999199 0
0.03700000000006142 -0.01599999999999225 0
0.03700000000006336 -0.0149999999999929 0
0.03700000000006533 -0.01399999999999474 0
0.03700000000006729 -0.01299999999999586 0
0.03700000000006925 -0.01199999999999612 0
0.03700000000007121 -0.01099999999999691 0
0.03700000000007316 -0.009999999999998435 0
0.03700000000007511 -0.008999999999998894 0
0.03700000000007707 -0.007999999999999077 0
0.03700000000007905 -0.006999999999999566 0
0.03700000000008099 -0.006000000000000354 0
0.03700000000008296 -0.004999999999999665 0
0.03700000000008492 -0.0039999999999991 0
0.03700000000008687 -0.002999999999999132 0
0.03700000000008883 -0.001999999999999657 0
0.03700000000009079 -0.0009999999999991205 0
0.03700000000009274 1.172239388891327e-15 0
0.0370000000000947 0.001000000000000445 0
0.03700000000009666 0.001999999999999608 0
0.03700000000009861 0.003000000000000015 0
0.03700000000010058 0.00400000000000055 0
0.03799999999990415 -0.09400000000000019 0
0.03799999999990619 -0.09299999999999875 0
0.03799999999990822 -0.09199999999999724 0
0.03799999999991024 -0.09099999999999767 0
0.03799999999991227 -0.08999999999999762 0
0.0379999999999143 -0.08899999999999617 0
0.03799999999991632 -0.08799999999999474 0
0.03799999999991836 -0.08699999999999528 0
0.03799999999992039 -0.08599999999999511 0
0.0379999999999224 -0.08499999999999362 0
0.03799999999992444 -0.08399999999999229 0
0.03799999999992645 -0.08299999999999294 0
0.03799999999992849 -0.08199999999999255 0
0.03799999999993052 -0.08099999999999108 0
0.03799999999993256 -0.07999999999998995 0
0.03799999999993457 -0.07899999999999056 0
0.03799999999993661 -0.07799999999998999 0
0.03799999999993864 -0.07699999999998848 0
0.03799999999994066 -0.07599999999998758 0
0.03799999999994269 -0.07499999999998823 0
0.03799999999994472 -0.07399999999998745 0
0.03799999999994676 -0.07299999999998594 0
0.03799999999994878 -0.07199999999998521 0
0.03799999999995081 -0.07099999999998588 0
0.03799999999995284 -0.06999999999998489 0
0.03799999999995486 -0.06899999999998388 0
0.0379999999999569 -0.06799999999998455 0
0.03799999999995893 -0.06699999999998381 0
0.03799999999996095 -0.06599999999998232 0
0.03799999999996298 -0.0649999999999815 0
0.037999999999965 -0.06399999999998221 0
0.03799999999996703 -0.06299999999998124 0
0.03799999999996906 -0.06199999999997977 0
0.03799999999997108 -0.06099999999997917 0
0.03799999999997311 -0.05999999999997983 0
0.03799999999997515 -0.05899999999997869 0
0.03799999999997718 -0.05799999999997771 0
0.0379999999999792 -0.05699999999997797 0
0.03799999999998123 -0.05599999999997773 0
0.03799999999998326 -0.05499999999997716 0
0.0379999999999853 -0.05399999999997607 0
0.03799999999998731 -0.05299999999997568 0
0.03799999999998935 -0.05199999999997526 0
0.03799999999999137 -0.05099999999997461 0
0.03799999999999339 -0.04999999999997363 0
0.03799999999999543 -0.04899999999997325 0
0.03799999999999745 -0.04799999999997283 0
0.03799999999999949 -0.04699999999997205 0
0.03800000000000152 -0.04599999999997117 0
0.03800000000000353 -0.04499999999997109 0
0.03800000000000558 -0.0439999999999716 0
0.0380000000000076 -0.04299999999997217 0
0.03800000000000962 -0.04199999999997279 0
0.03800000000001166 -0.04099999999997364 0
0.03800000000001369 -0.03999999999997449 0
0.03800000000001572 -0.03899999999997499 0
0.03800000000001774 -0.03799999999997566 0
0.03800000000001977 -0.0369999999999765 0
0.03800000000002179 -0.03599999999997736 0
0.03800000000002382 -0.03499999999997778 0
0.03800000000002585 -0.03399999999997853 0
0.03800000000002789 -0.03299999999997968 0
0.03800000000002991 -0.03199999999998161 0
0.03800000000003194 -0.03099999999998226 0
0.03800000000003396 -0.02999999999998267 0
0.038000000000036 -0.02899999999998417 0
0.03800000000003803 -0.02799999999998488 0
0.03800000000004006 -0.02699999999998507 0
0.03800000000004208 -0.0259999999999856 0
0.03800000000004411 -0.0249999999999871 0
0.03800000000004614 -0.02399999999998768 0
0.03800000000004817 -0.02299999999998789 0
0.0380000000000502 -0.02199999999998852 0
0.03800000000005223 -0.02099999999999002 0
0.03800000000005425 -0.0199999999999905 0
0.03800000000005628 -0.01899999999999097 0
0.03800000000005831 -0.01799999999999248 0
0.03800000000006033 -0.01699999999999311 0
0.03800000000006237 -0.0159999999999933 0
0.03800000000006439 -0.01499999999999389 0
0.03800000000006643 -0.01399999999999568 0
0.03800000000006845 -0.01299999999999673 0
0.03800000000007048 -0.01199999999999694 0
0.0380000000000725 -0.01099999999999766 0
0.03800000000007452 -0.009999999999999159 0
0.03800000000007656 -0.008999999999999543 0
0.0380000000000786 -0.007999999999999657 0
0.03800000000008062 -0.0070000000000001 0
0.03800000000008265 -0.006000000000000866 0
0.03800000000008468 -0.005000000000000119 0
0.03800000000008671 -0.003999999999999499 0
0.03800000000008874 -0.002999999999999496 0
0.03800000000009076 -0.002000000000000001 0
0.03800000000009279 -0.0009999999999994072 0
0.03800000000009482 9.501947839662961e-16 0
0.03800000000009685 0.001000000000000262 0
0.03800000000009887 0.001999999999999457 0
0.0380000000001009 0.002999999999999925 0
0.03800000000010294 0.004000000000000517 0
0.03899999999990086 -0.09400000000000024 0
0.03899999999990295 -0.09299999999999885 0
0.03899999999990502 -0.09199999999999744 0
0.03899999999990712 -0.09099999999999787 0
0.0389999999999092 -0.08999999999999787 0
0.03899999999991129 -0.08899999999999653 0
0.03899999999991337 -0.08799999999999511 0
0.03899999999991546 -0.08699999999999572 0
0.03899999999991755 -0.08599999999999559 0
0.03899999999991963 -0.08499999999999416 0
0.03899999999992172 -0.08399999999999287 0
0.0389999999999238 -0.08299999999999362 0
0.0389999999999259 -0.08199999999999324 0
0.03899999999992799 -0.08099999999999183 0
0.03899999999993007 -0.07999999999999079 0
0.03899999999993216 -0.07899999999999142 0
0.03899999999993425 -0.07799999999999091 0
0.03899999999993633 -0.07699999999998948 0
0.03899999999993841 -0.07599999999998862 0
0.03899999999994051 -0.07499999999998934 0
0.03899999999994259 -0.07399999999998856 0
0.03899999999994467 -0.07299999999998716 0
0.03899999999994675 -0.07199999999998646 0
0.03899999999994883 -0.07099999999998721 0
0.03899999999995094 -0.06999999999998623 0
0.03899999999995301 -0.06899999999998527 0
0.03899999999995511 -0.06799999999998599 0
0.03899999999995719 -0.06699999999998532 0
0.03899999999995927 -0.06599999999998388 0
0.03899999999996135 -0.06499999999998315 0
0.03899999999996345 -0.06399999999998386 0
0.03899999999996553 -0.06299999999998296 0
0.03899999999996762 -0.06199999999998157 0
0.03899999999996971 -0.06099999999998101 0
0.03899999999997179 -0.05999999999998169 0
0.03899999999997387 -0.05899999999998062 0
0.03899999999997596 -0.0579999999999797 0
0.03899999999997805 -0.05699999999998001 0
0.03899999999998014 -0.05599999999997986 0
0.03899999999998223 -0.05499999999997934 0
0.0389999999999843 -0.05399999999997832 0
0.03899999999998639 -0.05299999999997797 0
0.03899999999998848 -0.05199999999997761 0
0.03899999999999058 -0.050999999999977 0
0.03899999999999266 -0.04999999999997608 0
0.03899999999999474 -0.04899999999997574 0
0.03899999999999683 -0.04799999999997537 0
0.03899999999999892 -0.04699999999997467 0
0.03900000000000101 -0.04599999999997385 0
0.03900000000000309 -0.0449999999999738 0
0.03900000000000518 -0.04399999999997427 0
0.03900000000000726 -0.04299999999997479 0
0.03900000000000934 -0.04199999999997534 0
0.03900000000001144 -0.04099999999997615 0
0.03900000000001352 -0.03999999999997692 0
0.03900000000001561 -0.03899999999997735 0
0.0390000000000177 -0.03799999999997799 0
0.03900000000001978 -0.03699999999997877 0
0.03900000000002186 -0.03599999999997958 0
0.03900000000002395 -0.03499999999997994 0
0.03900000000002605 -0.03399999999998062 0
0.03900000000002813 -0.0329999999999817 0
0.03900000000003021 -0.03199999999998357 0
0.03900000000003229 -0.03099999999998416 0
0.03900000000003438 -0.0299999999999845 0
0.03900000000003647 -0.02899999999998596 0
0.03900000000003857 -0.02799999999998663 0
0.03900000000004065 -0.02699999999998674 0
0.03900000000004274 -0.0259999999999872 0
0.03900000000004481 -0.02499999999998866 0
0.03900000000004691 -0.0239999999999892 0
0.03900000000004899 -0.02299999999998932 0
0.03900000000005107 -0.02199999999998989 0
0.03900000000005317 -0.02099999999999137 0
0.03900000000005525 -0.01999999999999179 0
0.03900000000005734 -0.01899999999999219 0
0.03900000000005941 -0.01799999999999365 0
0.03900000000006151 -0.01699999999999424 0
0.03900000000006361 -0.01599999999999435 0
0.03900000000006568 -0.01499999999999489 0
0.03900000000006777 -0.01399999999999664 0
0.03900000000006985 -0.01299999999999761 0
0.03900000000007194 -0.01199999999999774 0
0.03900000000007404 -0.01099999999999841 0
0.03900000000007613 -0.009999999999999874 0
0.0390000000000782 -0.009000000000000195 0
0.03900000000008029 -0.008000000000000236 0
0.03900000000008236 -0.007000000000000634 0
0.03900000000008445 -0.006000000000001372 0
0.03900000000008654 -0.005000000000000579 0
0.03900000000008864 -0.003999999999999898 0
0.03900000000009073 -0.002999999999999861 0
0.0390000000000928 -0.002000000000000343 0
0.03900000000009488 -0.0009999999999996908 0
0.03900000000009697 7.268491364342822e-16 0
0.03900000000009906 0.001000000000000079 0
0.03900000000010116 0.001999999999999307 0
0.03900000000010324 0.002999999999999834 0
0.03900000000010533 0.004000000000000486 0
0.03999999999989804 -0.09400000000000028 0
0.03999999999990018 -0.09299999999999897 0
0.03999999999990232 -0.09199999999999763 0
0.03999999999990447 -0.09099999999999808 0
0.03999999999990661 -0.08999999999999815 0
0.03999999999990875 -0.08899999999999685 0
0.03999999999991088 -0.0879999999999955 0
0.03999999999991304 -0.08699999999999618 0
0.03999999999991517 -0.08599999999999605 0
0.03999999999991733 -0.0849999999999947 0
0.03999999999991946 -0.0839999999999935 0
0.03999999999992162 -0.08299999999999422 0
0.03999999999992376 -0.08199999999999397 0
0.03999999999992589 -0.08099999999999259 0
0.03999999999992804 -0.07999999999999158 0
0.03999999999993018 -0.07899999999999228 0
0.03999999999993231 -0.07799999999999183 0
0.03999999999993447 -0.07699999999999049 0
0.0399999999999366 -0.07599999999998967 0
0.03999999999993875 -0.07499999999999039 0
0.03999999999994089 -0.07399999999998969 0
0.03999999999994303 -0.07299999999998834 0
0.03999999999994518 -0.07199999999998774 0
0.03999999999994731 -0.0709999999999885 0
0.03999999999994945 -0.06999999999998759 0
0.03999999999995161 -0.06899999999998667 0
0.03999999999995375 -0.06799999999998743 0
0.03999999999995589 -0.06699999999998681 0
0.03999999999995801 -0.06599999999998545 0
0.03999999999996016 -0.06499999999998479 0
0.0399999999999623 -0.06399999999998553 0
0.03999999999996445 -0.06299999999998468 0
0.0399999999999666 -0.06199999999998334 0
0.03999999999996873 -0.06099999999998285 0
0.03999999999997088 -0.05999999999998356 0
0.03999999999997304 -0.05899999999998258 0
0.03999999999997515 -0.05799999999998171 0
0.03999999999997731 -0.0569999999999821 0
0.03999999999997945 -0.05599999999998198 0
0.03999999999998159 -0.05499999999998152 0
0.03999999999998374 -0.05399999999998056 0
0.03999999999998589 -0.05299999999998028 0
0.03999999999998802 -0.05199999999997996 0
0.03999999999999015 -0.0509999999999794 0
0.03999999999999231 -0.04999999999997854 0
0.03999999999999444 -0.04899999999997825 0
0.03999999999999658 -0.04799999999997794 0
0.03999999999999873 -0.04699999999997728 0
0.04000000000000088 -0.04599999999997651 0
0.04000000000000301 -0.0449999999999765 0
0.04000000000000516 -0.04399999999997695 0
0.04000000000000729 -0.04299999999997739 0
0.04000000000000943 -0.0419999999999779 0
0.04000000000001158 -0.04099999999997863 0
0.04000000000001372 -0.03999999999997937 0
0.04000000000001586 -0.03899999999997975 0
0.04000000000001801 -0.0379999999999803 0
0.04000000000002016 -0.03699999999998103 0
0.0400000000000223 -0.0359999999999818 0
0.04000000000002443 -0.03499999999998207 0
0.04000000000002657 -0.03399999999998272 0
0.04000000000002872 -0.03299999999998376 0
0.04000000000003088 -0.03199999999998553 0
0.04000000000003302 -0.03099999999998606 0
0.04000000000003515 -0.02999999999998632 0
0.04000000000003729 -0.02899999999998776 0
0.04000000000003942 -0.02799999999998835 0
0.04000000000004157 -0.02699999999998841 0
0.04000000000004372 -0.0259999999999888 0
0.04000000000004586 -0.02499999999999023 0
0.040000000000048 -0.02399999999999071 0
0.04000000000005014 -0.02299999999999076 0
0.04000000000005229 -0.02199999999999128 0
0.04000000000005444 -0.02099999999999271 0
0.04000000000005658 -0.01999999999999307 0
0.04000000000005871 -0.0189999999999934 0
0.04000000000006087 -0.01799999999999484 0
0.04000000000006299 -0.01699999999999535 0
0.04000000000006516 -0.01599999999999539 0
0.04000000000006729 -0.01499999999999588 0
0.04000000000006943 -0.01399999999999758 0
0.04000000000007157 -0.0129999999999985 0
0.04000000000007371 -0.01199999999999856 0
0.04000000000007586 -0.01099999999999916 0
0.04000000000007801 -0.01000000000000059 0
0.04000000000008014 -0.009000000000000848 0
0.04000000000008228 -0.008000000000000817 0
0.04000000000008443 -0.007000000000001168 0
0.04000000000008657 -0.006000000000001881 0
0.04000000000008871 -0.005000000000001037 0
0.04000000000009086 -0.004000000000000298 0
0.040000000000093 -0.003000000000000228 0
0.04000000000009513 -0.002000000000000687 0
0.04000000000009728 -0.0009999999999999762 0
0.04000000000009941 5.030698080332741e-16 0
0.04000000000010157 0.0009999999999998966 0
0.0400000000001037 0.001999999999999155 0
0.04000000000010584 0.002999999999999744 0
0.04000000000010798 0.004000000000000454 0
0.04099999999989525 -0.09400000000000033 0
0.04099999999989745 -0.09299999999999906 0
0.04099999999989964 -0.09199999999999781 0
0.04099999999990186 -0.09099999999999832 0
0.04099999999990405 -0.0899999999999984 0
0.04099999999990626 -0.08899999999999716 0
0.04099999999990848 -0.08799999999999589 0
0.04099999999991068 -0.08699999999999654 0
0.0409999999999129 -0.08599999999999657 0
0.0409999999999151 -0.0849999999999952 0
0.0409999999999173 -0.08399999999999411 0
0.0409999999999195 -0.0829999999999949 0
0.04099999999992172 -0.08199999999999463 0
0.04099999999992391 -0.08099999999999336 0
0.04099999999992613 -0.07999999999999242 0
0.04099999999992834 -0.07899999999999315 0
0.04099999999993054 -0.07799999999999274 0
0.04099999999993274 -0.07699999999999146 0
0.04099999999993496 -0.07599999999999067 0
0.04099999999993715 -0.07499999999999148 0
0.04099999999993936 -0.07399999999999085 0
0.04099999999994158 -0.07299999999998956 0
0.04099999999994378 -0.07199999999998898 0
0.04099999999994598 -0.07099999999998977 0
0.04099999999994818 -0.06999999999998893 0
0.0409999999999504 -0.06899999999998811 0
0.0409999999999526 -0.06799999999998887 0
0.04099999999995481 -0.06699999999998832 0
0.04099999999995701 -0.06599999999998701 0
0.04099999999995921 -0.06499999999998637 0
0.04099999999996143 -0.06399999999998719 0
0.04099999999996363 -0.0629999999999864 0
0.04099999999996584 -0.06199999999998512 0
0.04099999999996804 -0.06099999999998469 0
0.04099999999997025 -0.05999999999998544 0
0.04099999999997246 -0.05899999999998452 0
0.04099999999997466 -0.05799999999998372 0
0.04099999999997687 -0.05699999999998416 0
0.04099999999997909 -0.0559999999999841 0
0.04099999999998129 -0.05499999999998371 0
0.04099999999998349 -0.05399999999998279 0
0.04099999999998569 -0.05299999999998256 0
0.04099999999998789 -0.05199999999998229 0
0.0409999999999901 -0.05099999999998179 0
0.04099999999999231 -0.049999999999981 0
0.04099999999999451 -0.04899999999998076 0
0.04099999999999673 -0.0479999999999805 0
0.04099999999999894 -0.04699999999997989 0
0.04100000000000113 -0.04599999999997919 0
0.04100000000000334 -0.0449999999999792 0
0.04100000000000555 -0.04399999999997962 0
0.04100000000000777 -0.04299999999998001 0
0.04100000000000996 -0.04199999999998045 0
0.04100000000001218 -0.04099999999998113 0
0.04100000000001437 -0.03999999999998181 0
0.04100000000001659 -0.03899999999998213 0
0.04100000000001879 -0.03799999999998263 0
0.04100000000002099 -0.0369999999999833 0
0.04100000000002319 -0.035999999999984 0
0.04100000000002541 -0.03499999999998424 0
0.04100000000002761 -0.03399999999998481 0
0.04100000000002981 -0.03299999999998578 0
0.04100000000003202 -0.0319999999999875 0
0.04100000000003423 -0.03099999999998795 0
0.04100000000003643 -0.02999999999998815 0
0.04100000000003864 -0.02899999999998955 0
0.04100000000004085 -0.0279999999999901 0
0.04100000000004305 -0.02699999999999008 0
0.04100000000004526 -0.02599999999999041 0
0.04100000000004746 -0.0249999999999918 0
0.04100000000004967 -0.02399999999999222 0
0.04100000000005186 -0.0229999999999922 0
0.04100000000005408 -0.02199999999999265 0
0.04100000000005629 -0.02099999999999405 0
0.0410000000000585 -0.01999999999999434 0
0.0410000000000607 -0.01899999999999463 0
0.04100000000006292 -0.01799999999999602 0
0.04100000000006511 -0.01699999999999647 0
0.04100000000006732 -0.01599999999999645 0
0.04100000000006952 -0.01499999999999686 0
0.04100000000007174 -0.01399999999999854 0
0.04100000000007393 -0.01299999999999938 0
0.04100000000007615 -0.01199999999999936 0
0.04100000000007836 -0.01099999999999992 0
0.04100000000008057 -0.0100000000000013 0
0.04100000000008276 -0.009000000000001495 0
0.04100000000008498 -0.008000000000001402 0
0.04100000000008717 -0.007000000000001699 0
0.04100000000008938 -0.006000000000002396 0
0.04100000000009158 -0.005000000000001493 0
0.0410000000000938 -0.004000000000000697 0
0.041000000000096 -0.003000000000000592 0
0.0410000000000982 -0.00200000000000103 0
0.04100000000010041 -0.001000000000000261 0
0.04100000000010263 2.810252031082427e-16 0
0.04100000000010483 0.0009999999999997138 0
0.04100000000010703 0.001999999999999006 0
0.04100000000010924 0.002999999999999654 0
0.04100000000011144 0.004000000000000422 0
0.04199999999989242 -0.09400000000000036 0
0.04199999999989468 -0.09299999999999921 0
0.04199999999989695 -0.09199999999999797 0
0.04199999999989921 -0.09099999999999853 0
0.04199999999990145 -0.08999999999999868 0
0.04199999999990371 -0.08899999999999747 0
0.04199999999990599 -0.08799999999999629 0
0.04199999999990824 -0.08699999999999698 0
0.0419999999999105 -0.085999999999997 0
0.04199999999991277 -0.08499999999999579 0
0.04199999999991502 -0.08399999999999472 0
0.04199999999991728 -0.08299999999999554 0
0.04199999999991954 -0.08199999999999535 0
0.04199999999992179 -0.08099999999999415 0
0.04199999999992406 -0.07999999999999322 0
0.0419999999999263 -0.07899999999999402 0
0.04199999999992858 -0.07799999999999364 0
0.04199999999993084 -0.07699999999999244 0
0.04199999999993309 -0.07599999999999173 0
0.04199999999993535 -0.07499999999999256 0
0.04199999999993761 -0.07399999999999197 0
0.04199999999993986 -0.07299999999999077 0
0.04199999999994213 -0.07199999999999024 0
0.04199999999994439 -0.07099999999999104 0
0.04199999999994664 -0.06999999999999025 0
0.04199999999994891 -0.0689999999999895 0
0.04199999999995117 -0.06799999999999032 0
0.04199999999995341 -0.0669999999999898 0
0.04199999999995568 -0.0659999999999886 0
0.04199999999995795 -0.064999999999988 0
0.04199999999996021 -0.06399999999998882 0
0.04199999999996246 -0.06299999999998812 0
0.04199999999996473 -0.06199999999998691 0
0.04199999999996697 -0.06099999999998652 0
0.04199999999996923 -0.05999999999998732 0
0.04199999999997151 -0.05899999999998642 0
0.04199999999997376 -0.05799999999998572 0
0.04199999999997601 -0.05699999999998623 0
0.04199999999997828 -0.05599999999998623 0
0.04199999999998055 -0.05499999999998588 0
0.0419999999999828 -0.05399999999998505 0
0.04199999999998506 -0.05299999999998486 0
0.04199999999998731 -0.05199999999998464 0
0.04199999999998957 -0.0509999999999842 0
0.04199999999999182 -0.04999999999998347 0
0.04199999999999408 -0.04899999999998327 0
0.04199999999999635 -0.04799999999998306 0
0.04199999999999861 -0.04699999999998252 0
0.04200000000000087 -0.04599999999998187 0
0.04200000000000312 -0.04499999999998189 0
0.04200000000000539 -0.04399999999998229 0
0.04200000000000764 -0.04299999999998262 0
0.0420000000000099 -0.041999999999983 0
0.04200000000001217 -0.04099999999998363 0
0.04200000000001441 -0.03999999999998425 0
0.04200000000001668 -0.03899999999998451 0
0.04200000000001894 -0.03799999999998495 0
0.0420000000000212 -0.03699999999998558 0
0.04200000000002346 -0.03599999999998622 0
0.04200000000002571 -0.03499999999998639 0
0.04200000000002797 -0.0339999999999869 0
0.04200000000003024 -0.03299999999998782 0
0.0420000000000325 -0.03199999999998946 0
0.04200000000003476 -0.03099999999998986 0
0.04200000000003701 -0.02999999999998999 0
0.04200000000003929 -0.02899999999999135 0
0.04200000000004153 -0.02799999999999184 0
0.04200000000004379 -0.02699999999999175 0
0.04200000000004606 -0.02599999999999202 0
0.0420000000000483 -0.02499999999999337 0
0.04200000000005057 -0.02399999999999373 0
0.04200000000005283 -0.02299999999999365 0
0.04200000000005509 -0.02199999999999403 0
0.04200000000005735 -0.0209999999999954 0
0.04200000000005961 -0.01999999999999562 0
0.04200000000006188 -0.01899999999999584 0
0.04200000000006413 -0.0179999999999972 0
0.04200000000006639 -0.0169999999999976 0
0.04200000000006866 -0.01599999999999751 0
0.0420000000000709 -0.01499999999999786 0
0.04200000000007317 -0.01399999999999948 0
0.04200000000007543 -0.01300000000000025 0
0.04200000000007769 -0.01200000000000017 0
0.04200000000007995 -0.01100000000000067 0
0.0420000000000822 -0.01000000000000202 0
0.04200000000008448 -0.009000000000002145 0
0.04200000000008672 -0.008000000000001981 0
0.04200000000008897 -0.007000000000002234 0
0.04200000000009124 -0.006000000000002901 0
0.04200000000009349 -0.005000000000001951 0
0.04200000000009577 -0.004000000000001096 0
0.04200000000009801 -0.003000000000000957 0
0.04200000000010028 -0.002000000000001374 0
0.04200000000010255 -0.001000000000000546 0
0.04200000000010479 5.767955557622884e-17 0
0.04200000000010706 0.0009999999999995321 0
0.04200000000010931 0.001999999999998854 0
0.04200000000011157 0.002999999999999563 0
0.04200000000011384 0.00400000000000039 0
0.04299999999988961 -0.0940000000000004 0
0.04299999999989192 -0.09299999999999929 0
0.04299999999989423 -0.09199999999999814 0
0.04299999999989654 -0.09099999999999873 0
0.04299999999989887 -0.08999999999999894 0
0.04299999999990117 -0.0889999999999978 0
0.04299999999990348 -0.08799999999999666 0
0.04299999999990579 -0.08699999999999747 0
0.0429999999999081 -0.08599999999999751 0
0.04299999999991042 -0.08499999999999631 0
0.04299999999991274 -0.08399999999999533 0
0.04299999999991504 -0.08299999999999617 0
0.04299999999991736 -0.08199999999999601 0
0.04299999999991967 -0.08099999999999488 0
0.04299999999992198 -0.07999999999999406 0
0.04299999999992429 -0.07899999999999487 0
0.04299999999992661 -0.07799999999999456 0
0.04299999999992891 -0.07699999999999345 0
0.04299999999993123 -0.07599999999999278 0
0.04299999999993354 -0.0749999999999936 0
0.04299999999993584 -0.07399999999999313 0
0.04299999999993815 -0.07299999999999195 0
0.04299999999994047 -0.07199999999999152 0
0.04299999999994279 -0.07099999999999236 0
0.04299999999994511 -0.06999999999999164 0
0.04299999999994741 -0.06899999999999094 0
0.04299999999994973 -0.06799999999999176 0
0.04299999999995203 -0.06699999999999133 0
0.04299999999995435 -0.06599999999999015 0
0.04299999999995666 -0.06499999999998962 0
0.04299999999995897 -0.0639999999999905 0
0.04299999999996129 -0.06299999999998984 0
0.04299999999996361 -0.06199999999998871 0
0.04299999999996591 -0.06099999999998837 0
0.04299999999996823 -0.05999999999998919 0
0.04299999999997055 -0.05899999999998837 0
0.04299999999997285 -0.05799999999998773 0
0.04299999999997517 -0.05699999999998832 0
0.04299999999997749 -0.05599999999998834 0
0.04299999999997979 -0.05499999999998807 0
0.04299999999998211 -0.05399999999998729 0
0.04299999999998441 -0.05299999999998714 0
0.04299999999998673 -0.05199999999998698 0
0.04299999999998903 -0.0509999999999866 0
0.04299999999999135 -0.04999999999998592 0
0.04299999999999367 -0.04899999999998578 0
0.04299999999999597 -0.04799999999998561 0
0.04299999999999829 -0.04699999999998514 0
0.04300000000000061 -0.04599999999998455 0
0.04300000000000291 -0.04499999999998458 0
0.04300000000000523 -0.04399999999998497 0
0.04300000000000755 -0.04299999999998523 0
0.04300000000000985 -0.04199999999998554 0
0.04300000000001215 -0.04099999999998612 0
0.04300000000001448 -0.03999999999998671 0
0.04300000000001679 -0.03899999999998689 0
0.04300000000001911 -0.03799999999998727 0
0.04300000000002142 -0.03699999999998786 0
0.04300000000002373 -0.03599999999998844 0
0.04300000000002603 -0.03499999999998854 0
0.04300000000002835 -0.033999999999989 0
0.04300000000003067 -0.03299999999998986 0
0.04300000000003297 -0.03199999999999143 0
0.04300000000003529 -0.03099999999999176 0
0.04300000000003761 -0.02999999999999181 0
0.04300000000003991 -0.02899999999999315 0
0.04300000000004223 -0.02799999999999358 0
0.04300000000004454 -0.02699999999999341 0
0.04300000000004685 -0.02599999999999361 0
0.04300000000004917 -0.02499999999999494 0
0.04300000000005147 -0.02399999999999523 0
0.04300000000005379 -0.02299999999999507 0
0.0430000000000561 -0.02199999999999542 0
0.04300000000005842 -0.02099999999999674 0
0.04300000000006073 -0.0199999999999969 0
0.04300000000006304 -0.01899999999999706 0
0.04300000000006536 -0.01799999999999838 0
0.04300000000006766 -0.01699999999999872 0
0.04300000000006997 -0.01599999999999855 0
0.04300000000007229 -0.01499999999999885 0
0.0430000000000746 -0.01400000000000044 0
0.04300000000007691 -0.01300000000000113 0
0.04300000000007922 -0.01200000000000098 0
0.04300000000008154 -0.01100000000000142 0
0.04300000000008385 -0.01000000000000273 0
0.04300000000008615 -0.009000000000002797 0
0.04300000000008848 -0.008000000000002559 0
0.04300000000009079 -0.007000000000002768 0
0.04300000000009309 -0.006000000000003412 0
0.04300000000009542 -0.005000000000002411 0
0.04300000000009772 -0.004000000000001498 0
0.04300000000010003 -0.00300000000000132 0
0.04300000000010234 -0.002000000000001718 0
0.04300000000010466 -0.001000000000000831 0
0.04300000000010697 -1.643650493488025e-16 0
0.04300000000010928 0.0009999999999993482 0
0.0430000000001116 0.001999999999998703 0
0.04300000000011391 0.002999999999999472 0
0.04300000000011622 0.004000000000000357 0
0.04399999999988679 -0.09400000000000043 0
0.04399999999988914 -0.09299999999999937 0
0.04399999999989151 -0.09199999999999833 0
0.0439999999998939 -0.09099999999999896 0
0.04399999999989626 -0.08999999999999918 0
0.04399999999989863 -0.08899999999999814 0
0.04399999999990099 -0.08799999999999709 0
0.04399999999990338 -0.08699999999999788 0
0.04399999999990574 -0.08599999999999797 0
0.04399999999990811 -0.08499999999999687 0
0.04399999999991049 -0.08399999999999593 0
0.04399999999991286 -0.08299999999999683 0
0.04399999999991522 -0.08199999999999673 0
0.04399999999991761 -0.08099999999999564 0
0.04399999999991998 -0.07999999999999488 0
0.04399999999992233 -0.07899999999999573 0
0.04399999999992471 -0.07799999999999545 0
0.04399999999992708 -0.07699999999999441 0
0.04399999999992944 -0.07599999999999382 0
0.04399999999993183 -0.0749999999999947 0
0.04399999999993418 -0.07399999999999422 0
0.04399999999993655 -0.07299999999999318 0
0.04399999999993894 -0.07199999999999275 0
0.04399999999994128 -0.07099999999999365 0
0.04399999999994365 -0.06999999999999297 0
0.04399999999994603 -0.06899999999999232 0
0.04399999999994841 -0.0679999999999932 0
0.04399999999995077 -0.06699999999999283 0
0.04399999999995315 -0.06599999999999169 0
0.04399999999995552 -0.06499999999999127 0
0.04399999999995789 -0.06399999999999213 0
0.04399999999996025 -0.06299999999999156 0
0.04399999999996262 -0.06199999999999049 0
0.043999999999965 -0.0609999999999902 0
0.04399999999996737 -0.05999999999999106 0
0.04399999999996973 -0.05899999999999031 0
0.0439999999999721 -0.05799999999998973 0
0.04399999999997446 -0.05699999999999036 0
0.04399999999997685 -0.05599999999999049 0
0.04399999999997921 -0.05499999999999024 0
0.0439999999999816 -0.05399999999998952 0
0.04399999999998396 -0.05299999999998944 0
0.04399999999998633 -0.05199999999998933 0
0.04399999999998869 -0.05099999999998897 0
0.04399999999999107 -0.04999999999998839 0
0.04399999999999343 -0.04899999999998828 0
0.04399999999999581 -0.04799999999998817 0
0.04399999999999817 -0.04699999999998774 0
0.04400000000000055 -0.04599999999998722 0
0.04400000000000291 -0.04499999999998729 0
0.04400000000000528 -0.04399999999998763 0
0.04400000000000766 -0.04299999999998784 0
0.04400000000001003 -0.0419999999999881 0
0.04400000000001239 -0.04099999999998862 0
0.04400000000001476 -0.03999999999998914 0
0.04400000000001714 -0.03899999999998926 0
0.0440000000000195 -0.0379999999999896 0
0.04400000000002187 -0.03699999999999012 0
0.04400000000002424 -0.03599999999999065 0
0.04400000000002662 -0.03499999999999069 0
0.04400000000002899 -0.03399999999999109 0
0.04400000000003136 -0.03299999999999188 0
0.04400000000003372 -0.0319999999999934 0
0.04400000000003609 -0.03099999999999364 0
0.04400000000003847 -0.02999999999999365 0
0.04400000000004083 -0.02899999999999494 0
0.0440000000000432 -0.02799999999999531 0
0.04400000000004557 -0.02699999999999507 0
0.04400000000004795 -0.02599999999999522 0
0.04400000000005032 -0.02499999999999651 0
0.04400000000005268 -0.02399999999999674 0
0.04400000000005506 -0.02299999999999652 0
0.04400000000005742 -0.02199999999999679 0
0.0440000000000598 -0.02099999999999809 0
0.04400000000006217 -0.01999999999999819 0
0.04400000000006452 -0.01899999999999827 0
0.04400000000006692 -0.01799999999999956 0
0.04400000000006928 -0.01699999999999985 0
0.04400000000007164 -0.0159999999999996 0
0.04400000000007402 -0.01499999999999984 0
0.04400000000007638 -0.01400000000000138 0
0.04400000000007875 -0.01300000000000202 0
0.04400000000008113 -0.01200000000000179 0
0.0440000000000835 -0.01100000000000217 0
0.04400000000008586 -0.01000000000000345 0
0.04400000000008823 -0.00900000000000345 0
0.04400000000009061 -0.008000000000003142 0
0.04400000000009298 -0.007000000000003302 0
0.04400000000009534 -0.006000000000003921 0
0.04400000000009772 -0.005000000000002868 0
0.04400000000010008 -0.004000000000001897 0
0.04400000000010246 -0.003000000000001687 0
0.04400000000010482 -0.002000000000002061 0
0.04400000000010719 -0.001000000000001115 0
0.04400000000010956 -3.89011739487799e-16 0
0.04400000000011194 0.0009999999999991661 0
0.04400000000011429 0.001999999999998552 0
0.04400000000011668 0.002999999999999382 0
0.04400000000011904 0.004000000000000324 0
0.04499999999988399 -0.0940000000000005 0
0.04499999999988642 -0.0929999999999995 0
0.04499999999988885 -0.09199999999999851 0
0.04499999999989129 -0.09099999999999915 0
0.04499999999989372 -0.08999999999999946 0
0.04499999999989614 -0.08899999999999847 0
0.04499999999989858 -0.08799999999999746 0
0.04499999999990102 -0.08699999999999826 0
0.04499999999990346 -0.08599999999999844 0
0.04499999999990589 -0.08499999999999745 0
0.0449999999999083 -0.08399999999999655 0
0.04499999999991074 -0.08299999999999746 0
0.04499999999991316 -0.08199999999999739 0
0.04499999999991559 -0.08099999999999642 0
0.04499999999991802 -0.07999999999999573 0
0.04499999999992046 -0.07899999999999656 0
0.04499999999992289 -0.07799999999999636 0
0.04499999999992533 -0.07699999999999538 0
0.04499999999992775 -0.07599999999999484 0
0.0449999999999302 -0.07499999999999578 0
0.04499999999993264 -0.07399999999999535 0
0.04499999999993507 -0.07299999999999432 0
0.04499999999993749 -0.07199999999999401 0
0.04499999999993993 -0.07099999999999493 0
0.04499999999994235 -0.0699999999999943 0
0.04499999999994477 -0.06899999999999373 0
0.04499999999994721 -0.06799999999999465 0
0.04499999999994964 -0.06699999999999433 0
0.04499999999995209 -0.06599999999999329 0
0.04499999999995451 -0.06499999999999287 0
0.04499999999995696 -0.0639999999999938 0
0.04499999999995938 -0.06299999999999328 0
0.04499999999996181 -0.06199999999999228 0
0.04499999999996425 -0.06099999999999205 0
0.04499999999996669 -0.05999999999999294 0
0.04499999999996911 -0.05899999999999224 0
0.04499999999997154 -0.05799999999999173 0
0.04499999999997396 -0.05699999999999245 0
0.0449999999999764 -0.05599999999999263 0
0.04499999999997883 -0.05499999999999242 0
0.04499999999998126 -0.05399999999999177 0
0.04499999999998369 -0.05299999999999173 0
0.04499999999998612 -0.05199999999999166 0
0.04499999999998856 -0.05099999999999139 0
0.04499999999999099 -0.04999999999999083 0
0.04499999999999342 -0.04899999999999079 0
0.04499999999999587 -0.04799999999999075 0
0.04499999999999829 -0.04699999999999035 0
0.04500000000000073 -0.0459999999999899 0
0.04500000000000316 -0.04499999999998999 0
0.04500000000000558 -0.04399999999999031 0
0.04500000000000801 -0.04299999999999045 0
0.04500000000001045 -0.04199999999999064 0
0.04500000000001288 -0.04099999999999112 0
0.04500000000001533 -0.03999999999999159 0
0.04500000000001775 -0.03899999999999165 0
0.04500000000002018 -0.03799999999999193 0
0.04500000000002261 -0.03699999999999239 0
0.04500000000002505 -0.03599999999999287 0
0.04500000000002748 -0.03499999999999284 0
0.04500000000002992 -0.03399999999999321 0
0.04500000000003234 -0.03299999999999394 0
0.04500000000003479 -0.03199999999999537 0
0.04500000000003721 -0.03099999999999555 0
0.04500000000003963 -0.02999999999999547 0
0.04500000000004207 -0.02899999999999672 0
0.04500000000004451 -0.02799999999999706 0
0.04500000000004694 -0.02699999999999674 0
0.04500000000004937 -0.02599999999999683 0
0.04500000000005179 -0.02499999999999808 0
0.04500000000005423 -0.02399999999999826 0
0.04500000000005668 -0.02299999999999796 0
0.04500000000005909 -0.02199999999999818 0
0.04500000000006153 -0.02099999999999943 0
0.04500000000006397 -0.01999999999999946 0
0.0450000000000664 -0.0189999999999995 0
0.04500000000006882 -0.01800000000000074 0
0.04500000000007125 -0.01700000000000096 0
0.0450000000000737 -0.01600000000000066 0
0.04500000000007612 -0.01500000000000083 0
0.04500000000007856 -0.01400000000000234 0
0.04500000000008099 -0.0130000000000029 0
0.04500000000008341 -0.01200000000000259 0
0.04500000000008585 -0.01100000000000292 0
0.04500000000008828 -0.01000000000000417 0
0.04500000000009071 -0.009000000000004097 0
0.04500000000009315 -0.008000000000003726 0
0.04500000000009558 -0.007000000000003836 0
0.045000000000098 -0.006000000000004431 0
0.04500000000010045 -0.005000000000003326 0
0.04500000000010288 -0.004000000000002296 0
0.04500000000010531 -0.003000000000002053 0
0.04500000000010775 -0.002000000000002405 0
0.04500000000011016 -0.0010000000000014 0
0.0450000000001126 -6.123573870198129e-16 0
0.04500000000011505 0.0009999999999989835 0
0.04500000000011747 0.001999999999998401 0
0.04500000000011991 0.002999999999999291 0
0.04500000000012234 0.004000000000000292 0
0.04599999999988115 -0.09400000000000053 0
0.04599999999988365 -0.09299999999999958 0
0.04599999999988612 -0.09199999999999868 0
0.04599999999988863 -0.09099999999999937 0
0.0459999999998911 -0.08999999999999971 0
0.04599999999989358 -0.0889999999999988 0
0.04599999999989607 -0.0879999999999979 0
0.04599999999989857 -0.08699999999999873 0
0.04599999999990104 -0.08599999999999895 0
0.04599999999990353 -0.08499999999999794 0
0.045999999999906 -0.08399999999999716 0
0.0459999999999085 -0.0829999999999981 0
0.04599999999991097 -0.08199999999999813 0
0.04599999999991347 -0.08099999999999717 0
0.04599999999991596 -0.07999999999999653 0
0.04599999999991844 -0.07899999999999746 0
0.04599999999992092 -0.07799999999999729 0
0.04599999999992342 -0.07699999999999638 0
0.04599999999992591 -0.07599999999999589 0
0.04599999999992836 -0.07499999999999685 0
0.04599999999993087 -0.07399999999999653 0
0.04599999999993336 -0.07299999999999555 0
0.04599999999993584 -0.07199999999999526 0
0.04599999999993831 -0.07099999999999622 0
0.04599999999994082 -0.0699999999999957 0
0.04599999999994329 -0.06899999999999516 0
0.04599999999994578 -0.06799999999999609 0
0.04599999999994826 -0.06699999999999583 0
0.04599999999995075 -0.06599999999999487 0
0.04599999999995323 -0.06499999999999449 0
0.04599999999995572 -0.06399999999999546 0
0.04599999999995821 -0.06299999999999498 0
0.04599999999996068 -0.06199999999999407 0
0.04599999999996317 -0.06099999999999388 0
0.04599999999996567 -0.0599999999999948 0
0.04599999999996815 -0.05899999999999418 0
0.04599999999997062 -0.05799999999999372 0
0.0459999999999731 -0.0569999999999945 0
0.0459999999999756 -0.05599999999999474 0
0.04599999999997807 -0.05499999999999459 0
0.04599999999998057 -0.053999999999994 0
0.04599999999998305 -0.05299999999999401 0
0.04599999999998555 -0.051999999999994 0
0.04599999999998804 -0.05099999999999379 0
0.0459999999999905 -0.04999999999999331 0
0.04599999999999299 -0.04899999999999331 0
0.04599999999999549 -0.04799999999999331 0
0.04599999999999797 -0.04699999999999298 0
0.04600000000000046 -0.04599999999999257 0
0.04600000000000294 -0.04499999999999267 0
0.04600000000000543 -0.04399999999999298 0
0.04600000000000791 -0.04299999999999306 0
0.04600000000001039 -0.0419999999999932 0
0.04600000000001289 -0.04099999999999362 0
0.04600000000001536 -0.03999999999999403 0
0.04600000000001785 -0.03899999999999405 0
0.04600000000002034 -0.03799999999999425 0
0.04600000000002283 -0.03699999999999466 0
0.0460000000000253 -0.03599999999999509 0
0.04600000000002778 -0.03499999999999501 0
0.04600000000003028 -0.03399999999999529 0
0.04600000000003278 -0.03299999999999597 0
0.04600000000003525 -0.03199999999999734 0
0.04600000000003773 -0.03099999999999745 0
0.04600000000004022 -0.02999999999999731 0
0.04600000000004272 -0.02899999999999852 0
0.0460000000000452 -0.02799999999999879 0
0.04600000000004768 -0.02699999999999841 0
0.04600000000005017 -0.02599999999999843 0
0.04600000000005265 -0.02499999999999965 0
0.04600000000005512 -0.02399999999999976 0
0.04600000000005762 -0.02299999999999939 0
0.0460000000000601 -0.02199999999999955 0
0.04600000000006259 -0.02100000000000077 0
0.04600000000006507 -0.02000000000000074 0
0.04600000000006756 -0.0190000000000007 0
0.04600000000007005 -0.01800000000000192 0
0.04600000000007252 -0.01700000000000208 0
0.04600000000007502 -0.01600000000000171 0
0.04600000000007751 -0.01500000000000182 0
0.04600000000008 -0.01400000000000329 0
0.04600000000008248 -0.01300000000000377 0
0.04600000000008496 -0.01200000000000341 0
0.04600000000008744 -0.01100000000000367 0
0.04600000000008993 -0.01000000000000488 0
0.04600000000009241 -0.009000000000004747 0
0.0460000000000949 -0.008000000000004301 0
0.04600000000009739 -0.007000000000004367 0
0.04600000000009986 -0.006000000000004942 0
0.04600000000010235 -0.00500000000000378 0
0.04600000000010485 -0.004000000000002695 0
0.04600000000010733 -0.003000000000002416 0
0.04600000000010981 -0.002000000000002748 0
0.0460000000001123 -0.001000000000001685 0
0.04600000000011478 -8.352693536828326e-16 0
0.04600000000011727 0.0009999999999988013 0
0.04600000000011976 0.001999999999998251 0
0.04600000000012224 0.0029999999999992 0
0.04600000000012473 0.00400000000000026 0
0.04699999999987835 -0.09400000000000057 0
0.04699999999988089 -0.09299999999999974 0
0.04699999999988343 -0.09199999999999883 0
0.04699999999988597 -0.0909999999999996 0
0.04699999999988849 -0.08999999999999997 0
0.04699999999989105 -0.08899999999999914 0
0.04699999999989357 -0.08799999999999827 0
0.04699999999989611 -0.08699999999999915 0
0.04699999999989865 -0.0859999999999994 0
0.04699999999990119 -0.08499999999999849 0
0.04699999999990374 -0.08399999999999777 0
0.04699999999990628 -0.08299999999999876 0
0.04699999999990882 -0.0819999999999988 0
0.04699999999991135 -0.08099999999999793 0
0.04699999999991389 -0.07999999999999738 0
0.04699999999991642 -0.07899999999999828 0
0.04699999999991897 -0.0779999999999982 0
0.04699999999992149 -0.07699999999999733 0
0.04699999999992403 -0.07599999999999693 0
0.04699999999992659 -0.0749999999999979 0
0.04699999999992912 -0.07399999999999761 0
0.04699999999993165 -0.07299999999999676 0
0.04699999999993419 -0.0719999999999965 0
0.04699999999993673 -0.07099999999999752 0
0.04699999999993927 -0.06999999999999701 0
0.04699999999994182 -0.06899999999999654 0
0.04699999999994436 -0.06799999999999753 0
0.04699999999994689 -0.06699999999999731 0
0.04699999999994943 -0.06599999999999642 0
0.04699999999995196 -0.06499999999999612 0
0.04699999999995449 -0.06399999999999714 0
0.04699999999995704 -0.06299999999999673 0
0.04699999999995959 -0.06199999999999583 0
0.04699999999996211 -0.06099999999999572 0
0.04699999999996465 -0.05999999999999668 0
0.0469999999999672 -0.05899999999999612 0
0.04699999999996973 -0.05799999999999574 0
0.04699999999997227 -0.05699999999999658 0
0.04699999999997481 -0.05599999999999687 0
0.04699999999997736 -0.05499999999999678 0
0.04699999999997989 -0.05399999999999625 0
0.04699999999998242 -0.05299999999999631 0
0.04699999999998496 -0.05199999999999634 0
0.0469999999999875 -0.05099999999999619 0
0.04699999999999005 -0.04999999999999576 0
0.04699999999999259 -0.0489999999999958 0
0.04699999999999513 -0.04799999999999586 0
0.04699999999999765 -0.04699999999999559 0
0.0470000000000002 -0.04599999999999525 0
0.04700000000000274 -0.04499999999999538 0
0.04700000000000529 -0.04399999999999565 0
0.04700000000000781 -0.04299999999999566 0
0.04700000000001035 -0.04199999999999575 0
0.0470000000000129 -0.04099999999999612 0
0.04700000000001543 -0.03999999999999649 0
0.04700000000001796 -0.03899999999999641 0
0.0470000000000205 -0.03799999999999655 0
0.04700000000002305 -0.03699999999999693 0
0.04700000000002558 -0.03599999999999731 0
0.04700000000002813 -0.03499999999999716 0
0.04700000000003068 -0.03399999999999739 0
0.0470000000000332 -0.03299999999999802 0
0.04700000000003574 -0.03199999999999931 0
0.04700000000003826 -0.03099999999999933 0
0.04700000000004081 -0.02999999999999914 0
0.04700000000004334 -0.02900000000000032 0
0.04700000000004589 -0.02800000000000052 0
0.04700000000004844 -0.02700000000000008 0
0.04700000000005097 -0.02600000000000004 0
0.0470000000000535 -0.02500000000000122 0
0.04700000000005604 -0.02400000000000127 0
0.04700000000005859 -0.02300000000000083 0
0.04700000000006112 -0.02200000000000094 0
0.04700000000006366 -0.02100000000000212 0
0.0470000000000662 -0.02000000000000202 0
0.04700000000006874 -0.01900000000000192 0
0.04700000000007128 -0.01800000000000311 0
0.04700000000007382 -0.0170000000000032 0
0.04700000000007635 -0.01600000000000276 0
0.0470000000000789 -0.01500000000000281 0
0.04700000000008142 -0.01400000000000424 0
0.04700000000008397 -0.01300000000000465 0
0.0470000000000865 -0.01200000000000421 0
0.04700000000008905 -0.01100000000000443 0
0.04700000000009159 -0.0100000000000056 0
0.04700000000009412 -0.009000000000005398 0
0.04700000000009667 -0.008000000000004885 0
0.04700000000009918 -0.007000000000004905 0
0.04700000000010174 -0.00600000000000545 0
0.04700000000010428 -0.005000000000004239 0
0.04700000000010682 -0.004000000000003095 0
0.04700000000010936 -0.003000000000002781 0
0.0470000000001119 -0.002000000000003091 0
0.04700000000011442 -0.001000000000001971 0
0.04700000000011698 -1.057313958607864e-15 0
0.0470000000001195 0.0009999999999986183 0
0.04700000000012204 0.001999999999998099 0
0.04700000000012458 0.002999999999999109 0
0.04700000000012712 0.004000000000000229 0
0.04799999999987554 -0.09400000000000061 0
0.04799999999987814 -0.09299999999999982 0
0.04799999999988073 -0.09199999999999901 0
0.04799999999988332 -0.09099999999999983 0
0.04799999999988593 -0.09000000000000025 0
0.04799999999988853 -0.08899999999999944 0
0.04799999999989112 -0.08799999999999868 0
0.04799999999989371 -0.08699999999999959 0
0.04799999999989631 -0.0859999999999999 0
0.04799999999989893 -0.08499999999999905 0
0.0479999999999015 -0.08399999999999838 0
0.04799999999990411 -0.08299999999999938 0
0.04799999999990671 -0.0819999999999995 0
0.04799999999990929 -0.0809999999999987 0
0.04799999999991191 -0.0799999999999982 0
0.04799999999991449 -0.07899999999999918 0
0.04799999999991709 -0.07799999999999914 0
0.0479999999999197 -0.07699999999999832 0
0.04799999999992229 -0.07599999999999796 0
0.04799999999992489 -0.07499999999999898 0
0.04799999999992747 -0.07399999999999878 0
0.04799999999993008 -0.07299999999999796 0
0.04799999999993267 -0.07199999999999779 0
0.04799999999993529 -0.07099999999999883 0
0.04799999999993788 -0.06999999999999837 0
0.04799999999994047 -0.06899999999999795 0
0.04799999999994307 -0.06799999999999898 0
0.04799999999994566 -0.06699999999999881 0
0.04799999999994826 -0.06599999999999799 0
0.04799999999995085 -0.06499999999999777 0
0.04799999999995347 -0.06399999999999881 0
0.04799999999995606 -0.06299999999999842 0
0.04799999999995865 -0.06199999999999762 0
0.04799999999996125 -0.06099999999999757 0
0.04799999999996386 -0.05999999999999855 0
0.04799999999996644 -0.05899999999999805 0
0.04799999999996905 -0.05799999999999774 0
0.04799999999997163 -0.05699999999999868 0
0.04799999999997424 -0.05599999999999899 0
0.04799999999997684 -0.05499999999999895 0
0.04799999999997944 -0.05399999999999849 0
0.04799999999998204 -0.0529999999999986 0
0.04799999999998462 -0.05199999999999869 0
0.04799999999998722 -0.05099999999999857 0
0.04799999999998984 -0.04999999999999822 0
0.04799999999999242 -0.04899999999999833 0
0.04799999999999503 -0.04799999999999842 0
0.04799999999999762 -0.04699999999999821 0
0.04800000000000022 -0.04599999999999791 0
0.04800000000000282 -0.04499999999999807 0
0.04800000000000541 -0.04399999999999832 0
0.048000000000008 -0.04299999999999828 0
0.04800000000001061 -0.04199999999999831 0
0.04800000000001321 -0.04099999999999861 0
0.04800000000001579 -0.03999999999999893 0
0.04800000000001839 -0.0389999999999988 0
0.04800000000002099 -0.0379999999999989 0
0.04800000000002358 -0.03699999999999919 0
0.04800000000002618 -0.03599999999999952 0
0.04800000000002878 -0.0349999999999993 0
0.04800000000003139 -0.03399999999999948 0
0.04800000000003398 -0.03300000000000006 0
0.04800000000003658 -0.03200000000000127 0
0.04800000000003918 -0.03100000000000122 0
0.04800000000004178 -0.03000000000000097 0
0.04800000000004438 -0.02900000000000212 0
0.04800000000004696 -0.02800000000000226 0
0.04800000000004957 -0.02700000000000175 0
0.04800000000005217 -0.02600000000000164 0
0.04800000000005476 -0.02500000000000278 0
0.04800000000005737 -0.02400000000000279 0
0.04800000000005996 -0.02300000000000227 0
0.04800000000006256 -0.02200000000000231 0
0.04800000000006515 -0.02100000000000346 0
0.04800000000006775 -0.0200000000000033 0
0.04800000000007035 -0.01900000000000314 0
0.04800000000007293 -0.01800000000000429 0
0.04800000000007554 -0.01700000000000433 0
0.04800000000007814 -0.01600000000000381 0
0.04800000000008073 -0.0150000000000038 0
0.04800000000008334 -0.01400000000000519 0
0.04800000000008593 -0.01300000000000553 0
0.04800000000008853 -0.01200000000000502 0
0.04800000000009113 -0.01100000000000518 0
0.04800000000009373 -0.01000000000000631 0
0.04800000000009631 -0.009000000000006048 0
0.04800000000009891 -0.008000000000005468 0
0.04800000000010152 -0.007000000000005438 0
0.04800000000010411 -0.006000000000005959 0
0.04800000000010671 -0.005000000000004696 0
0.0480000000001093 -0.004000000000003496 0
0.04800000000011191 -0.003000000000003146 0
0.04800000000011451 -0.002000000000003434 0
0.04800000000011709 -0.001000000000002256 0
0.0480000000001197 -1.280659606139878e-15 0
0.04800000000012231 0.0009999999999984357 0
0.04800000000012489 0.001999999999997948 0
0.04800000000012749 0.00299999999999902 0
0.04800000000013008 0.004000000000000195 0
0.04899999999987272 -0.09400000000000065 0
0.04899999999987537 -0.09299999999999996 0
0.04899999999987804 -0.09199999999999919 0
0.0489999999998807 -0.09100000000000004 0
0.04899999999988335 -0.09000000000000048 0
0.04899999999988602 -0.08899999999999977 0
0.04899999999988866 -0.08799999999999902 0
0.04899999999989133 -0.08700000000000001 0
0.048999999999894 -0.08600000000000035 0
0.04899999999989663 -0.08499999999999959 0
0.04899999999989931 -0.08399999999999898 0
0.04899999999990196 -0.08300000000000005 0
0.04899999999990462 -0.08200000000000018 0
0.04899999999990727 -0.08099999999999945 0
0.04899999999990994 -0.07999999999999902 0
0.04899999999991259 -0.079 0
0.04899999999991526 -0.07800000000000003 0
0.04899999999991792 -0.07699999999999931 0
0.04899999999992057 -0.075999999999999 0
0.04899999999992322 -0.07500000000000004 0
0.04899999999992589 -0.07399999999999987 0
0.04899999999992855 -0.07299999999999916 0
0.04899999999993122 -0.07199999999999904 0
0.04899999999993386 -0.0710000000000001 0
0.04899999999993652 -0.06999999999999973 0
0.04899999999993918 -0.06899999999999937 0
0.04899999999994184 -0.06800000000000042 0
0.04899999999994449 -0.06700000000000031 0
0.04899999999994715 -0.06599999999999955 0
0.04899999999994982 -0.06499999999999936 0
0.04899999999995246 -0.06400000000000046 0
0.04899999999995513 -0.06300000000000014 0
0.0489999999999578 -0.06199999999999941 0
0.04899999999996046 -0.0609999999999994 0
0.04899999999996311 -0.06000000000000043 0
0.04899999999996577 -0.05899999999999998 0
0.04899999999996843 -0.05799999999999974 0
0.04899999999997108 -0.05700000000000073 0
0.04899999999997374 -0.05600000000000111 0
0.04899999999997639 -0.05500000000000113 0
0.04899999999997907 -0.05400000000000073 0
0.04899999999998171 -0.0530000000000009 0
0.04899999999998437 -0.05200000000000103 0
0.04899999999998703 -0.05100000000000098 0
0.04899999999998968 -0.05000000000000068 0
0.04899999999999234 -0.04900000000000083 0
0.04899999999999501 -0.04800000000000097 0
0.04899999999999766 -0.04700000000000082 0
0.04900000000000033 -0.04600000000000059 0
0.04900000000000299 -0.04500000000000078 0
0.04900000000000565 -0.044000000000001 0
0.04900000000000829 -0.0430000000000009 0
0.04900000000001097 -0.04200000000000085 0
0.04900000000001362 -0.04100000000000111 0
0.04900000000001628 -0.04000000000000137 0
0.04900000000001894 -0.03900000000000117 0
0.0490000000000216 -0.03800000000000122 0
0.04900000000002425 -0.03700000000000148 0
0.04900000000002688 -0.03600000000000174 0
0.04900000000002956 -0.03500000000000145 0
0.04900000000003223 -0.03400000000000158 0
0.04900000000003488 -0.03300000000000208 0
0.04900000000003754 -0.03200000000000324 0
0.04900000000004019 -0.03100000000000313 0
0.04900000000004286 -0.0300000000000028 0
0.04900000000004552 -0.02900000000000391 0
0.04900000000004816 -0.028000000000004 0
0.04900000000005084 -0.02700000000000341 0
0.04900000000005349 -0.02600000000000324 0
0.04900000000005614 -0.02500000000000435 0
0.04900000000005882 -0.02400000000000429 0
0.04900000000006147 -0.0230000000000037 0
0.04900000000006412 -0.02200000000000369 0
0.04900000000006677 -0.0210000000000048 0
0.04900000000006945 -0.02000000000000458 0
0.0490000000000721 -0.01900000000000436 0
0.04900000000007476 -0.01800000000000547 0
0.04900000000007741 -0.01700000000000545 0
0.04900000000008007 -0.01600000000000486 0
0.04900000000008273 -0.01500000000000479 0
0.0490000000000854 -0.01400000000000614 0
0.04900000000008804 -0.01300000000000641 0
0.0490000000000907 -0.01200000000000582 0
0.04900000000009336 -0.01100000000000594 0
0.04900000000009602 -0.01000000000000703 0
0.04900000000009869 -0.009000000000006699 0
0.04900000000010134 -0.008000000000006047 0
0.049000000000104 -0.00700000000000597 0
0.04900000000010667 -0.006000000000006466 0
0.04900000000010931 -0.005000000000005155 0
0.04900000000011196 -0.004000000000003896 0
0.04900000000011463 -0.003000000000003511 0
0.0490000000001173 -0.002000000000003779 0
0.04900000000011994 -0.00100000000000254 0
0.0490000000001226 -1.503137891933903e-15 0
0.04900000000012525 0.000999999999998254 0
0.04900000000012791 0.001999999999997798 0
0.04900000000013058 0.002999999999998929 0
0.04900000000013324 0.004000000000000163 0
0.04999999999987124 -0.09400000000000069 0
0.04999999999987393 -0.09300000000000003 0
0.0499999999998766 -0.09199999999999939 0
0.04999999999987929 -0.09100000000000023 0
0.04999999999988197 -0.09000000000000073 0
0.04999999999988466 -0.08900000000000011 0
0.04999999999988734 -0.08799999999999944 0
0.04999999999989004 -0.08700000000000045 0
0.04999999999989271 -0.08600000000000083 0
0.04999999999989539 -0.08500000000000016 0
0.04999999999989808 -0.0839999999999996 0
0.04999999999990076 -0.08300000000000068 0
0.04999999999990344 -0.08200000000000089 0
0.04999999999990613 -0.08100000000000025 0
0.04999999999990881 -0.07999999999999984 0
0.0499999999999115 -0.07900000000000089 0
0.04999999999991418 -0.07800000000000094 0
0.04999999999991686 -0.07700000000000029 0
0.04999999999991955 -0.07600000000000007 0
0.04999999999992223 -0.07500000000000112 0
0.04999999999992494 -0.074000000000001 0
0.0499999999999276 -0.07300000000000033 0
0.04999999999993028 -0.07200000000000029 0
0.04999999999993297 -0.07100000000000138 0
0.04999999999993565 -0.07000000000000108 0
0.04999999999993836 -0.06900000000000076 0
0.04999999999994102 -0.06800000000000186 0
0.04999999999994371 -0.06700000000000181 0
0.04999999999994639 -0.06600000000000114 0
0.04999999999994909 -0.06500000000000097 0
0.04999999999995177 -0.06400000000000208 0
0.04999999999995445 -0.06300000000000186 0
0.04999999999995715 -0.06200000000000119 0
0.04999999999995983 -0.06100000000000123 0
0.0499999999999625 -0.0600000000000023 0
0.0499999999999652 -0.05900000000000192 0
0.04999999999996788 -0.05800000000000175 0
0.04999999999997055 -0.0570000000000028 0
0.04999999999997325 -0.05600000000000326 0
0.04999999999997592 -0.05500000000000334 0
0.0499999999999786 -0.05400000000000297 0
0.04999999999998129 -0.0530000000000032 0
0.04999999999998397 -0.05200000000000338 0
0.04999999999998667 -0.05100000000000338 0
0.04999999999998936 -0.05000000000000314 0
0.04999999999999204 -0.04900000000000333 0
0.04999999999999472 -0.04800000000000354 0
0.04999999999999739 -0.04700000000000343 0
0.05000000000000009 -0.04600000000000326 0
0.05000000000000276 -0.04500000000000347 0
0.05000000000000544 -0.04400000000000368 0
0.05000000000000814 -0.04300000000000349 0
0.05000000000001081 -0.0420000000000034 0
0.05000000000001351 -0.04100000000000361 0
0.05000000000001618 -0.04000000000000381 0
0.05000000000001888 -0.03900000000000356 0
0.05000000000002155 -0.03800000000000354 0
0.05000000000002425 -0.03700000000000373 0
0.05000000000002693 -0.03600000000000396 0
0.0500000000000296 -0.03500000000000361 0
0.0500000000000323 -0.03400000000000367 0
0.05000000000003497 -0.03300000000000412 0
0.05000000000003767 -0.03200000000000521 0
0.05000000000004035 -0.03100000000000502 0
0.05000000000004303 -0.03000000000000463 0
0.05000000000004572 -0.02900000000000571 0
0.0500000000000484 -0.02800000000000574 0
0.05000000000005109 -0.02700000000000508 0
0.05000000000005377 -0.02600000000000486 0
0.05000000000005645 -0.02500000000000592 0
0.05000000000005914 -0.0240000000000058 0
0.05000000000006184 -0.02300000000000514 0
0.05000000000006451 -0.02200000000000507 0
0.05000000000006719 -0.02100000000000614 0
0.05000000000006988 -0.02000000000000586 0
0.05000000000007256 -0.01900000000000557 0
0.05000000000007523 -0.01800000000000665 0
0.05000000000007793 -0.01700000000000657 0
0.0500000000000806 -0.01600000000000591 0
0.05000000000008328 -0.01500000000000579 0
0.05000000000008598 -0.01400000000000709 0
0.05000000000008865 -0.0130000000000073 0
0.05000000000009135 -0.01200000000000664 0
0.05000000000009402 -0.01100000000000668 0
0.05000000000009672 -0.01000000000000774 0
0.0500000000000994 -0.009000000000007349 0
0.05000000000010207 -0.008000000000006627 0
0.05000000000010477 -0.007000000000006505 0
0.05000000000010746 -0.006000000000006978 0
0.05000000000011014 -0.005000000000005612 0
0.05000000000011282 -0.004000000000004295 0
0.05000000000011551 -0.003000000000003875 0
0.05000000000011819 -0.002000000000004122 0
0.05000000000012087 -0.001000000000002825 0
0.05000000000012356 -1.7277845820729e-15 0
0.05000000000012624 0.0009999999999980706 0
0.05000000000012891 0.001999999999997648 0
0.05000000000013161 0.002999999999998839 0
0.05000000000013431 0.004000000000000132 0
0.0509999999998722 -0.09400000000000075 0
0.05099999999987487 -0.09300000000000012 0
0.05099999999987752 -0.09199999999999958 0
0.05099999999988016 -0.09100000000000046 0
0.05099999999988284 -0.09000000000000101 0
0.0509999999998855 -0.08900000000000041 0
0.05099999999988816 -0.08799999999999984 0
0.05099999999989081 -0.08700000000000088 0
0.05099999999989346 -0.08600000000000134 0
0.05099999999989614 -0.08500000000000071 0
0.05099999999989881 -0.08400000000000021 0
0.05099999999990145 -0.08300000000000132 0
0.05099999999990413 -0.08200000000000156 0
0.05099999999990679 -0.081000000000001 0
0.05099999999990943 -0.08000000000000065 0
0.05099999999991209 -0.07900000000000172 0
0.05099999999991477 -0.07800000000000187 0
0.05099999999991743 -0.07700000000000126 0
0.05099999999992007 -0.07600000000000109 0
0.05099999999992274 -0.07500000000000222 0
0.05099999999992539 -0.07400000000000218 0
0.05099999999992807 -0.07300000000000155 0
0.05099999999993073 -0.07200000000000153 0
0.05099999999993338 -0.07100000000000266 0
0.05099999999993605 -0.07000000000000241 0
0.0509999999999387 -0.0690000000000022 0
0.05099999999994137 -0.06800000000000331 0
0.05099999999994402 -0.06700000000000332 0
0.05099999999994668 -0.06600000000000268 0
0.05099999999994936 -0.06500000000000264 0
0.05099999999995201 -0.06400000000000376 0
0.05099999999995468 -0.06300000000000358 0
0.05099999999995732 -0.06200000000000299 0
0.05099999999995999 -0.06100000000000308 0
0.05099999999996264 -0.06000000000000417 0
0.0509999999999653 -0.05900000000000385 0
0.05099999999996799 -0.05800000000000374 0
0.05099999999997064 -0.05700000000000488 0
0.05099999999997329 -0.05600000000000537 0
0.05099999999997596 -0.0550000000000055 0
0.05099999999997862 -0.05400000000000522 0
0.05099999999998126 -0.05300000000000549 0
0.05099999999998393 -0.05200000000000574 0
0.05099999999998659 -0.05100000000000576 0
0.05099999999998926 -0.0500000000000056 0
0.05099999999999193 -0.04900000000000585 0
0.05099999999999458 -0.0480000000000061 0
0.05099999999999722 -0.04700000000000606 0
0.05099999999999989 -0.04600000000000593 0
0.05100000000000256 -0.04500000000000618 0
0.05100000000000521 -0.04400000000000634 0
0.05100000000000789 -0.0430000000000061 0
0.05100000000001054 -0.04200000000000596 0
0.0510000000000132 -0.04100000000000611 0
0.05100000000001587 -0.04000000000000626 0
0.05100000000001852 -0.03900000000000594 0
0.05100000000002117 -0.03800000000000586 0
0.05100000000002384 -0.03700000000000601 0
0.0510000000000265 -0.03600000000000617 0
0.05100000000002915 -0.03500000000000576 0
0.05100000000003182 -0.03400000000000578 0
0.05100000000003449 -0.03300000000000616 0
0.05100000000003714 -0.03200000000000716 0
0.0510000000000398 -0.03100000000000692 0
0.05100000000004246 -0.03000000000000647 0
0.05100000000004512 -0.02900000000000751 0
0.0510000000000478 -0.02800000000000748 0
0.05100000000005045 -0.02700000000000674 0
0.0510000000000531 -0.02600000000000647 0
0.05100000000005575 -0.02500000000000749 0
0.05100000000005842 -0.0240000000000073 0
0.05100000000006109 -0.02300000000000658 0
0.05100000000006374 -0.02200000000000645 0
0.05100000000006641 -0.02100000000000749 0
0.05100000000006907 -0.02000000000000714 0
0.05100000000007172 -0.01900000000000679 0
0.05100000000007439 -0.01800000000000783 0
0.05100000000007705 -0.0170000000000077 0
0.05100000000007971 -0.01600000000000696 0
0.05100000000008238 -0.01500000000000677 0
0.05100000000008503 -0.01400000000000804 0
0.0510000000000877 -0.01300000000000817 0
0.05100000000009034 -0.01200000000000744 0
0.05100000000009301 -0.01100000000000743 0
0.05100000000009568 -0.01000000000000846 0
0.05100000000009833 -0.009000000000007998 0
0.051000000000101 -0.00800000000000721 0
0.05100000000010365 -0.007000000000007041 0
0.05100000000010631 -0.006000000000007489 0
0.05100000000010897 -0.005000000000006071 0
0.05100000000011163 -0.004000000000004693 0
0.0510000000001143 -0.003000000000004242 0
0.05100000000011696 -0.002000000000004466 0
0.05100000000011962 -0.00100000000000311 0
0.05100000000012227 -1.949829186997931e-15 0
0.05100000000012492 0.000999999999997888 0
0.05100000000012759 0.001999999999997497 0
0.05100000000013026 0.002999999999998748 0
0.05100000000013293 0.004000000000000099 0
0.05199999999987523 -0.09400000000000078 0
0.05199999999987783 -0.09300000000000024 0
0.05199999999988043 -0.09199999999999975 0
0.05199999999988303 -0.09100000000000066 0
0.05199999999988564 -0.09000000000000127 0
0.05199999999988825 -0.08900000000000075 0
0.05199999999989084 -0.08800000000000022 0
0.05199999999989345 -0.0870000000000013 0
0.05199999999989604 -0.08600000000000177 0
0.05199999999989863 -0.0850000000000012 0
0.05199999999990124 -0.08400000000000082 0
0.05199999999990383 -0.08300000000000196 0
0.05199999999990645 -0.08200000000000229 0
0.05199999999990904 -0.08100000000000175 0
0.05199999999991164 -0.0800000000000015 0
0.05199999999991425 -0.07900000000000261 0
0.05199999999991686 -0.07800000000000278 0
0.05199999999991946 -0.07700000000000226 0
0.05199999999992205 -0.07600000000000214 0
0.05199999999992466 -0.07500000000000326 0
0.05199999999992724 -0.07400000000000329 0
0.05199999999992986 -0.07300000000000276 0
0.05199999999993246 -0.07200000000000278 0
0.05199999999993507 -0.07100000000000399 0
0.05199999999993767 -0.07000000000000373 0
0.05199999999994026 -0.0690000000000036 0
0.05199999999994288 -0.06800000000000475 0
0.05199999999994546 -0.06700000000000482 0
0.05199999999994809 -0.06600000000000424 0
0.05199999999995067 -0.06500000000000426 0
0.05199999999995328 -0.0640000000000054 0
0.05199999999995588 -0.06300000000000527 0
0.05199999999995847 -0.06200000000000477 0
0.05199999999996109 -0.06100000000000491 0
0.05199999999996367 -0.06000000000000603 0
0.05199999999996631 -0.05900000000000579 0
0.0519999999999689 -0.05800000000000575 0
0.05199999999997149 -0.05700000000000693 0
0.05199999999997409 -0.0560000000000075 0
0.0519999999999767 -0.05500000000000769 0
0.0519999999999793 -0.05400000000000747 0
0.0519999999999819 -0.05300000000000778 0
0.0519999999999845 -0.05200000000000807 0
0.0519999999999871 -0.05100000000000816 0
0.05199999999998971 -0.05000000000000804 0
0.0519999999999923 -0.04900000000000835 0
0.05199999999999491 -0.04800000000000865 0
0.05199999999999752 -0.04700000000000867 0
0.05200000000000011 -0.04600000000000862 0
0.05200000000000272 -0.04500000000000887 0
0.05200000000000532 -0.044000000000009 0
0.0520000000000079 -0.04300000000000871 0
0.05200000000001051 -0.04200000000000851 0
0.05200000000001313 -0.04100000000000861 0
0.05200000000001573 -0.0400000000000087 0
0.05200000000001834 -0.03900000000000833 0
0.05200000000002092 -0.03800000000000819 0
0.05200000000002353 -0.03700000000000828 0
0.05200000000002612 -0.03600000000000839 0
0.05200000000002872 -0.03500000000000791 0
0.05200000000003133 -0.03400000000000786 0
0.05200000000003394 -0.0330000000000082 0
0.05200000000003654 -0.03200000000000914 0
0.05200000000003913 -0.03100000000000882 0
0.05200000000004174 -0.0300000000000083 0
0.05200000000004434 -0.0290000000000093 0
0.05200000000004694 -0.02800000000000921 0
0.05200000000004953 -0.02700000000000841 0
0.05200000000005214 -0.02600000000000806 0
0.05200000000005476 -0.02500000000000906 0
0.05200000000005735 -0.02400000000000882 0
0.05200000000005996 -0.02300000000000802 0
0.05200000000006255 -0.02200000000000782 0
0.05200000000006516 -0.02100000000000884 0
0.05200000000006774 -0.02000000000000842 0
0.05200000000007036 -0.01900000000000801 0
0.05200000000007296 -0.01800000000000901 0
0.05200000000007557 -0.01700000000000881 0
0.05200000000007816 -0.01600000000000801 0
0.05200000000008076 -0.01500000000000776 0
0.05200000000008337 -0.01400000000000899 0
0.05200000000008598 -0.01300000000000905 0
0.05200000000008856 -0.01200000000000826 0
0.05200000000009117 -0.01100000000000819 0
0.05200000000009378 -0.01000000000000918 0
0.05200000000009639 -0.00900000000000865 0
0.05200000000009897 -0.008000000000007791 0
0.05200000000010158 -0.007000000000007574 0
0.05200000000010419 -0.006000000000007997 0
0.05200000000010678 -0.005000000000006524 0
0.05200000000010938 -0.004000000000005092 0
0.05200000000011198 -0.003000000000004607 0
0.0520000000001146 -0.00200000000000481 0
0.0520000000001172 -0.001000000000003396 0
0.0520000000001198 -2.172741153660951e-15 0
0.05200000000012239 0.0009999999999977054 0
0.052000000000125 0.001999999999997346 0
0.0520000000001276 0.002999999999998657 0
0.05200000000013019 0.004000000000000066 0
0.0529999999998781 -0.09400000000000082 0
0.05299999999988064 -0.09300000000000033 0
0.05299999999988318 -0.09199999999999992 0
0.05299999999988571 -0.09100000000000086 0
0.05299999999988828 -0.09000000000000152 0
0.05299999999989082 -0.08900000000000108 0
0.05299999999989335 -0.08800000000000059 0
0.05299999999989592 -0.08700000000000171 0
0.05299999999989846 -0.08600000000000226 0
0.052999999999901 -0.08500000000000177 0
0.05299999999990354 -0.08400000000000143 0
0.05299999999990609 -0.0830000000000026 0
0.05299999999990863 -0.08200000000000296 0
0.05299999999991117 -0.08100000000000251 0
0.05299999999991373 -0.08000000000000232 0
0.05299999999991626 -0.07900000000000344 0
0.05299999999991881 -0.07800000000000366 0
0.05299999999992136 -0.07700000000000323 0
0.05299999999992391 -0.07600000000000318 0
0.05299999999992645 -0.07500000000000435 0
0.05299999999992899 -0.0740000000000044 0
0.05299999999993154 -0.07300000000000395 0
0.05299999999993407 -0.07200000000000406 0
0.05299999999993663 -0.07100000000000527 0
0.05299999999993917 -0.07000000000000511 0
0.05299999999994171 -0.06900000000000504 0
0.05299999999994425 -0.06800000000000619 0
0.05299999999994679 -0.06700000000000632 0
0.05299999999994935 -0.0660000000000058 0
0.05299999999995189 -0.06500000000000587 0
0.05299999999995444 -0.06400000000000707 0
0.05299999999995698 -0.06300000000000699 0
0.05299999999995952 -0.06200000000000654 0
0.05299999999996207 -0.06100000000000676 0
0.0529999999999646 -0.06000000000000794 0
0.05299999999996716 -0.05900000000000771 0
0.05299999999996971 -0.05800000000000776 0
0.05299999999997226 -0.05700000000000902 0
0.05299999999997479 -0.05600000000000963 0
0.05299999999997733 -0.05500000000000986 0
0.0529999999999799 -0.0540000000000097 0
0.05299999999998242 -0.05300000000001007 0
0.05299999999998498 -0.05200000000001041 0
0.05299999999998752 -0.05100000000001058 0
0.05299999999999007 -0.05000000000001052 0
0.0529999999999926 -0.04900000000001086 0
0.05299999999999516 -0.04800000000001121 0
0.0529999999999977 -0.04700000000001128 0
0.05300000000000024 -0.04600000000001127 0
0.05300000000000279 -0.04500000000001157 0
0.05300000000000533 -0.04400000000001168 0
0.05300000000000789 -0.04300000000001133 0
0.05300000000001043 -0.04200000000001105 0
0.05300000000001297 -0.0410000000000111 0
0.05300000000001551 -0.04000000000001115 0
0.05300000000001806 -0.0390000000000107 0
0.0530000000000206 -0.0380000000000105 0
0.05300000000002314 -0.03700000000001055 0
0.05300000000002569 -0.03600000000001061 0
0.05300000000002825 -0.03500000000001006 0
0.0530000000000308 -0.03400000000000997 0
0.05300000000003333 -0.03300000000001023 0
0.05300000000003588 -0.0320000000000111 0
0.05300000000003842 -0.03100000000001071 0
0.05300000000004096 -0.03000000000001013 0
0.05300000000004351 -0.0290000000000111 0
0.05300000000004605 -0.02800000000001095 0
0.05300000000004859 -0.02700000000001007 0
0.05300000000005115 -0.02600000000000968 0
0.05300000000005368 -0.02500000000001063 0
0.05300000000005623 -0.02400000000001033 0
0.05300000000005878 -0.02300000000000946 0
0.05300000000006132 -0.02200000000000921 0
0.05300000000006388 -0.02100000000001017 0
0.05300000000006641 -0.0200000000000097 0
0.05300000000006896 -0.01900000000000922 0
0.0530000000000715 -0.01800000000001019 0
0.05300000000007404 -0.01700000000000994 0
0.0530000000000766 -0.01600000000000907 0
0.05300000000007912 -0.01500000000000876 0
0.05300000000008167 -0.01400000000000994 0
0.05300000000008423 -0.01300000000000993 0
0.05300000000008677 -0.01200000000000906 0
0.0530000000000893 -0.01100000000000894 0
0.05300000000009186 -0.01000000000000989 0
0.0530000000000944 -0.009000000000009299 0
0.05300000000009694 -0.008000000000008367 0
0.0530000000000995 -0.007000000000008107 0
0.05300000000010203 -0.006000000000008508 0
0.05300000000010459 -0.005000000000006983 0
0.05300000000010713 -0.004000000000005495 0
0.05300000000010968 -0.003000000000004971 0
0.05300000000011222 -0.002000000000005151 0
0.05300000000011475 -0.00100000000000368 0
0.05300000000011731 -2.395653120323971e-15 0
0.05300000000011985 0.0009999999999975233 0
0.05300000000012239 0.001999999999997195 0
0.05300000000012494 0.002999999999998567 0
0.05300000000012749 0.004000000000000035 0
0.05399999999988039 -0.09400000000000086 0
0.05399999999988286 -0.09300000000000046 0
0.05399999999988535 -0.09200000000000007 0
0.05399999999988786 -0.09100000000000111 0
0.05399999999989033 -0.09000000000000179 0
0.05399999999989284 -0.08900000000000141 0
0.05399999999989535 -0.08800000000000105 0
0.05399999999989784 -0.08700000000000216 0
0.05399999999990032 -0.08600000000000275 0
0.05399999999990282 -0.08500000000000231 0
0.05399999999990532 -0.08400000000000203 0
0.0539999999999078 -0.08300000000000327 0
0.05399999999991031 -0.08200000000000367 0
0.05399999999991279 -0.08100000000000331 0
0.05399999999991528 -0.08000000000000317 0
0.05399999999991778 -0.07900000000000433 0
0.05399999999992027 -0.07800000000000459 0
0.05399999999992278 -0.0770000000000042 0
0.05399999999992527 -0.07600000000000423 0
0.05399999999992777 -0.07500000000000544 0
0.05399999999993026 -0.07400000000000556 0
0.05399999999993275 -0.07300000000000517 0
0.05399999999993524 -0.07200000000000531 0
0.05399999999993774 -0.07100000000000654 0
0.05399999999994023 -0.07000000000000645 0
0.05399999999994273 -0.06900000000000643 0
0.05399999999994522 -0.06800000000000764 0
0.05399999999994769 -0.06700000000000782 0
0.05399999999995021 -0.06600000000000739 0
0.0539999999999527 -0.0650000000000075 0
0.05399999999995518 -0.06400000000000873 0
0.05399999999995768 -0.06300000000000872 0
0.05399999999996019 -0.06200000000000833 0
0.05399999999996266 -0.06100000000000859 0
0.05399999999996517 -0.06000000000000978 0
0.05399999999996765 -0.05900000000000966 0
0.05399999999997016 -0.05800000000000977 0
0.05399999999997265 -0.05700000000001108 0
0.05399999999997514 -0.05600000000001175 0
0.05399999999997762 -0.05500000000001205 0
0.05399999999998012 -0.05400000000001196 0
0.05399999999998262 -0.05300000000001236 0
0.05399999999998512 -0.05200000000001276 0
0.05399999999998761 -0.05100000000001297 0
0.0539999999999901 -0.05000000000001296 0
0.0539999999999926 -0.04900000000001338 0
0.05399999999999509 -0.04800000000001377 0
0.05399999999999759 -0.0470000000000139 0
0.05400000000000009 -0.04600000000001396 0
0.05400000000000257 -0.04500000000001426 0
0.05400000000000507 -0.04400000000001436 0
0.05400000000000756 -0.04300000000001394 0
0.05400000000001005 -0.0420000000000136 0
0.05400000000001255 -0.0410000000000136 0
0.05400000000001505 -0.04000000000001359 0
0.05400000000001753 -0.03900000000001308 0
0.05400000000002003 -0.03800000000001283 0
0.05400000000002253 -0.03700000000001282 0
0.05400000000002501 -0.03600000000001283 0
0.05400000000002753 -0.03500000000001222 0
0.05400000000003002 -0.03400000000001205 0
0.0540000000000325 -0.03300000000001227 0
0.05400000000003499 -0.03200000000001307 0
0.05400000000003748 -0.0310000000000126 0
0.05400000000003999 -0.03000000000001196 0
0.05400000000004249 -0.02900000000001289 0
0.05400000000004498 -0.02800000000001269 0
0.05400000000004748 -0.02700000000001175 0
0.05400000000004995 -0.02600000000001128 0
0.05400000000005244 -0.0250000000000122 0
0.05400000000005495 -0.02400000000001183 0
0.05400000000005745 -0.0230000000000109 0
0.05400000000005994 -0.02200000000001058 0
0.05400000000006244 -0.02100000000001151 0
0.05400000000006491 -0.02000000000001098 0
0.05400000000006741 -0.01900000000001044 0
0.05400000000006991 -0.01800000000001137 0
0.05400000000007241 -0.01700000000001106 0
0.0540000000000749 -0.01600000000001011 0
0.0540000000000774 -0.01500000000000975 0
0.05400000000007988 -0.01400000000001089 0
0.05400000000008237 -0.01300000000001081 0
0.05400000000008488 -0.01200000000000987 0
0.05400000000008737 -0.01100000000000969 0
0.05400000000008987 -0.01000000000001061 0
0.05400000000009236 -0.009000000000009951 0
0.05400000000009485 -0.008000000000008951 0
0.05400000000009734 -0.007000000000008643 0
0.05400000000009984 -0.006000000000009014 0
0.05400000000010233 -0.00500000000000744 0
0.05400000000010483 -0.004000000000005893 0
0.05400000000010732 -0.003000000000005335 0
0.05400000000010981 -0.002000000000005494 0
0.05400000000011233 -0.001000000000003965 0
0.0540000000001148 -2.61856508698699e-15 0
0.05400000000011729 0.0009999999999973403 0
0.05400000000011979 0.001999999999997045 0
0.05400000000012228 0.002999999999998476 0
0.05400000000012478 0.004000000000000002 0
0.05499999999988266 -0.09400000000000089 0
0.0549999999998851 -0.09300000000000058 0
0.05499999999988754 -0.09200000000000026 0
0.05499999999988998 -0.09100000000000132 0
0.05499999999989242 -0.09000000000000202 0
0.05499999999989486 -0.08900000000000174 0
0.05499999999989733 -0.08800000000000144 0
0.05499999999989977 -0.08700000000000262 0
0.0549999999999022 -0.08600000000000321 0
0.05499999999990465 -0.08500000000000288 0
0.05499999999990709 -0.08400000000000266 0
0.05499999999990952 -0.0830000000000039 0
0.05499999999991197 -0.08200000000000433 0
0.05499999999991441 -0.08100000000000405 0
0.05499999999991685 -0.08000000000000397 0
0.05499999999991929 -0.07900000000000516 0
0.05499999999992176 -0.0780000000000055 0
0.05499999999992419 -0.0770000000000052 0
0.05499999999992664 -0.07600000000000524 0
0.05499999999992907 -0.07500000000000649 0
0.05499999999993151 -0.07400000000000666 0
0.05499999999993396 -0.07300000000000634 0
0.05499999999993639 -0.07200000000000656 0
0.05499999999993885 -0.07100000000000782 0
0.05499999999994129 -0.07000000000000781 0
0.05499999999994373 -0.06900000000000782 0
0.05499999999994616 -0.06800000000000908 0
0.05499999999994862 -0.0670000000000093 0
0.05499999999995105 -0.06600000000000897 0
0.0549999999999535 -0.06500000000000915 0
0.05499999999995596 -0.0640000000000104 0
0.05499999999995839 -0.06300000000001044 0
0.05499999999996083 -0.06200000000001011 0
0.05499999999996327 -0.06100000000001043 0
0.05499999999996572 -0.06000000000001166 0
0.05499999999996816 -0.05900000000001159 0
0.0549999999999706 -0.05800000000001176 0
0.05499999999997306 -0.05700000000001315 0
0.05499999999997549 -0.05600000000001389 0
0.05499999999997794 -0.05500000000001423 0
0.05499999999998037 -0.05400000000001418 0
0.05499999999998281 -0.05300000000001465 0
0.05499999999998526 -0.0520000000000151 0
0.05499999999998771 -0.05100000000001538 0
0.05499999999999015 -0.05000000000001542 0
0.0549999999999926 -0.04900000000001588 0
0.05499999999999504 -0.04800000000001634 0
0.05499999999999747 -0.04700000000001652 0
0.05499999999999991 -0.04600000000001663 0
0.05500000000000237 -0.04500000000001696 0
0.0550000000000048 -0.04400000000001702 0
0.05500000000000725 -0.04300000000001655 0
0.05500000000000969 -0.04200000000001616 0
0.05500000000001214 -0.0410000000000161 0
0.05500000000001458 -0.04000000000001603 0
0.05500000000001702 -0.03900000000001547 0
0.05500000000001946 -0.03800000000001516 0
0.05500000000002191 -0.03700000000001508 0
0.05500000000002435 -0.03600000000001505 0
0.05500000000002679 -0.03500000000001436 0
0.05500000000002923 -0.03400000000001416 0
0.05500000000003168 -0.03300000000001432 0
0.05500000000003412 -0.03200000000001505 0
0.05500000000003656 -0.03100000000001452 0
0.055000000000039 -0.03000000000001379 0
0.05500000000004145 -0.02900000000001468 0
0.05500000000004389 -0.02800000000001444 0
0.05500000000004633 -0.02700000000001342 0
0.05500000000004877 -0.02600000000001288 0
0.05500000000005122 -0.02500000000001377 0
0.05500000000005366 -0.02400000000001334 0
0.0550000000000561 -0.02300000000001233 0
0.05500000000005855 -0.02200000000001196 0
0.05500000000006099 -0.02100000000001286 0
0.05500000000006343 -0.02000000000001226 0
0.05500000000006587 -0.01900000000001165 0
0.05500000000006831 -0.01800000000001255 0
0.05500000000007076 -0.01700000000001219 0
0.0550000000000732 -0.01600000000001116 0
0.05500000000007564 -0.01500000000001074 0
0.05500000000007809 -0.01400000000001184 0
0.05500000000008053 -0.01300000000001169 0
0.05500000000008297 -0.01200000000001068 0
0.05500000000008541 -0.01100000000001044 0
0.05500000000008785 -0.01000000000001132 0
0.05500000000009031 -0.0090000000000106 0
0.05500000000009274 -0.008000000000009534 0
0.05500000000009518 -0.007000000000009178 0
0.05500000000009764 -0.006000000000009524 0
0.05500000000010007 -0.005000000000007898 0
0.05500000000010252 -0.004000000000006292 0
0.05500000000010496 -0.003000000000005702 0
0.05500000000010741 -0.002000000000005838 0
0.05500000000010986 -0.00100000000000425 0
0.05500000000011228 -2.84147705365001e-15 0
0.05500000000011473 0.0009999999999971577 0
0.05500000000011718 0.001999999999996894 0
0.05500000000011962 0.002999999999998386 0
0.05500000000012205 0.003999999999999969 0
0.05599999999988583 -0.09400000000000094 0
0.05599999999988822 -0.09300000000000069 0
0.0559999999998906 -0.09200000000000044 0
0.05599999999989297 -0.09100000000000154 0
0.05599999999989536 -0.09000000000000229 0
0.05599999999989774 -0.08900000000000205 0
0.05599999999990014 -0.08800000000000183 0
0.05599999999990252 -0.08700000000000301 0
0.05599999999990489 -0.08600000000000373 0
0.05599999999990728 -0.08500000000000342 0
0.05599999999990966 -0.08400000000000327 0
0.05599999999991206 -0.08300000000000456 0
0.05599999999991442 -0.08200000000000507 0
0.0559999999999168 -0.0810000000000048 0
0.05599999999991919 -0.08000000000000479 0
0.05599999999992157 -0.07900000000000605 0
0.05599999999992396 -0.07800000000000641 0
0.05599999999992634 -0.07700000000000617 0
0.05599999999992873 -0.0760000000000063 0
0.05599999999993109 -0.07500000000000757 0
0.05599999999993349 -0.07400000000000781 0
0.05599999999993588 -0.07300000000000754 0
0.05599999999993827 -0.07200000000000781 0
0.05599999999994065 -0.07100000000000913 0
0.05599999999994303 -0.07000000000000917 0
0.0559999999999454 -0.06900000000000926 0
0.05599999999994779 -0.06800000000001052 0
0.05599999999995017 -0.06700000000001081 0
0.05599999999995256 -0.06600000000001051 0
0.05599999999995494 -0.06500000000001074 0
0.05599999999995732 -0.06400000000001203 0
0.05599999999995969 -0.06300000000001216 0
0.05599999999996208 -0.0620000000000119 0
0.05599999999996447 -0.06100000000001227 0
0.05599999999996685 -0.06000000000001354 0
0.05599999999996924 -0.05900000000001353 0
0.05599999999997161 -0.05800000000001376 0
0.05599999999997399 -0.05700000000001523 0
0.05599999999997637 -0.056000000000016 0
0.05599999999997877 -0.05500000000001641 0
0.05599999999998115 -0.05400000000001643 0
0.05599999999998353 -0.05300000000001696 0
0.05599999999998592 -0.05200000000001745 0
0.05599999999998831 -0.05100000000001776 0
0.05599999999999068 -0.05000000000001787 0
0.05599999999999306 -0.04900000000001839 0
0.05599999999999544 -0.0480000000000189 0
0.05599999999999783 -0.04700000000001913 0
0.05600000000000022 -0.0460000000000193 0
0.0560000000000026 -0.04500000000001967 0
0.05600000000000498 -0.04400000000001969 0
0.05600000000000736 -0.04300000000001916 0
0.05600000000000974 -0.04200000000001871 0
0.05600000000001212 -0.0410000000000186 0
0.05600000000001451 -0.04000000000001847 0
0.0560000000000169 -0.03900000000001785 0
0.05600000000001927 -0.03800000000001749 0
0.05600000000002166 -0.03700000000001736 0
0.05600000000002404 -0.03600000000001725 0
0.05600000000002642 -0.03500000000001652 0
0.0560000000000288 -0.03400000000001624 0
0.05600000000003119 -0.03300000000001634 0
0.05600000000003357 -0.03200000000001702 0
0.05600000000003597 -0.0310000000000164 0
0.05600000000003833 -0.03000000000001563 0
0.05600000000004073 -0.02900000000001647 0
0.0560000000000431 -0.02800000000001617 0
0.05600000000004549 -0.02700000000001508 0
0.05600000000004786 -0.02600000000001449 0
0.05600000000005026 -0.02500000000001534 0
0.05600000000005265 -0.02400000000001485 0
0.05600000000005501 -0.02300000000001378 0
0.05600000000005739 -0.02200000000001335 0
0.05600000000005978 -0.02100000000001421 0
0.05600000000006217 -0.02000000000001353 0
0.05600000000006455 -0.01900000000001287 0
0.05600000000006693 -0.01800000000001373 0
0.05600000000006933 -0.0170000000000133 0
0.05600000000007169 -0.01600000000001222 0
0.05600000000007409 -0.01500000000001173 0
0.05600000000007646 -0.01400000000001279 0
0.05600000000007885 -0.01300000000001257 0
0.05600000000008123 -0.01200000000001149 0
0.05600000000008362 -0.01100000000001119 0
0.05600000000008599 -0.01000000000001204 0
0.05600000000008837 -0.009000000000011247 0
0.05600000000009075 -0.008000000000010114 0
0.05600000000009314 -0.007000000000009712 0
0.05600000000009553 -0.006000000000010035 0
0.05600000000009792 -0.005000000000008356 0
0.0560000000001003 -0.004000000000006693 0
0.05600000000010268 -0.003000000000006066 0
0.05600000000010505 -0.002000000000006182 0
0.05600000000010744 -0.001000000000004535 0
0.05600000000010983 -3.063955339444036e-15 0
0.05600000000011221 0.0009999999999969747 0
0.0560000000001146 0.001999999999996743 0
0.05600000000011698 0.002999999999998295 0
0.05600000000011936 0.003999999999999938 0
0.05699999999988854 -0.094000000000001 0
0.05699999999989086 -0.09300000000000079 0
0.05699999999989318 -0.09200000000000062 0
0.05699999999989551 -0.09100000000000176 0
0.05699999999989785 -0.09000000000000258 0
0.05699999999990019 -0.08900000000000238 0
0.05699999999990252 -0.08800000000000222 0
0.05699999999990484 -0.08700000000000344 0
0.05699999999990716 -0.08600000000000417 0
0.05699999999990949 -0.08500000000000395 0
0.05699999999991182 -0.08400000000000389 0
0.05699999999991415 -0.08300000000000518 0
0.05699999999991648 -0.08200000000000572 0
0.05699999999991881 -0.08100000000000558 0
0.05699999999992111 -0.08000000000000564 0
0.05699999999992346 -0.0790000000000069 0
0.05699999999992578 -0.07800000000000734 0
0.05699999999992811 -0.07700000000000715 0
0.05699999999993043 -0.07600000000000734 0
0.05699999999993276 -0.07500000000000864 0
0.0569999999999351 -0.07400000000000895 0
0.05699999999993742 -0.07300000000000877 0
0.05699999999993975 -0.07200000000000906 0
0.05699999999994209 -0.07100000000001042 0
0.0569999999999444 -0.07000000000001051 0
0.05699999999994673 -0.06900000000001065 0
0.05699999999994906 -0.06800000000001197 0
0.05699999999995138 -0.0670000000000123 0
0.05699999999995371 -0.06600000000001209 0
0.05699999999995604 -0.06500000000001235 0
0.05699999999995836 -0.0640000000000137 0
0.05699999999996069 -0.06300000000001388 0
0.05699999999996302 -0.06200000000001368 0
0.05699999999996534 -0.06100000000001411 0
0.05699999999996769 -0.06000000000001541 0
0.05699999999997001 -0.05900000000001546 0
0.05699999999997232 -0.05800000000001577 0
0.05699999999997465 -0.05700000000001729 0
0.05699999999997699 -0.05600000000001814 0
0.05699999999997932 -0.0550000000000186 0
0.05699999999998165 -0.05400000000001867 0
0.05699999999998396 -0.05300000000001924 0
0.0569999999999863 -0.05200000000001978 0
0.05699999999998863 -0.05100000000002017 0
0.05699999999999097 -0.05000000000002033 0
0.05699999999999328 -0.04900000000002089 0
0.05699999999999561 -0.04800000000002144 0
0.05699999999999794 -0.04700000000002175 0
0.05700000000000028 -0.046000000000022 0
0.05700000000000259 -0.04500000000002236 0
0.05700000000000492 -0.04400000000002237 0
0.05700000000000724 -0.04300000000002177 0
0.05700000000000957 -0.04200000000002126 0
0.0570000000000119 -0.0410000000000211 0
0.05700000000001423 -0.04000000000002091 0
0.05700000000001655 -0.03900000000002024 0
0.05700000000001888 -0.03800000000001981 0
0.05700000000002121 -0.03700000000001964 0
0.05700000000002354 -0.03600000000001948 0
0.05700000000002586 -0.03500000000001868 0
0.05700000000002819 -0.03400000000001835 0
0.05700000000003053 -0.03300000000001839 0
0.05700000000003286 -0.03200000000001898 0
0.05700000000003519 -0.03100000000001829 0
0.05700000000003751 -0.03000000000001744 0
0.05700000000003985 -0.02900000000001827 0
0.05700000000004217 -0.0280000000000179 0
0.0570000000000445 -0.02700000000001675 0
0.05700000000004682 -0.02600000000001609 0
0.05700000000004915 -0.0250000000000169 0
0.05700000000005148 -0.02400000000001637 0
0.0570000000000538 -0.02300000000001521 0
0.05700000000005615 -0.02200000000001472 0
0.05700000000005845 -0.02100000000001555 0
0.05700000000006078 -0.02000000000001482 0
0.05700000000006312 -0.01900000000001409 0
0.05700000000006544 -0.01800000000001491 0
0.05700000000006776 -0.01700000000001443 0
0.05700000000007009 -0.01600000000001327 0
0.05700000000007242 -0.01500000000001272 0
0.05700000000007477 -0.01400000000001374 0
0.05700000000007708 -0.01300000000001345 0
0.0570000000000794 -0.01200000000001229 0
0.05700000000008174 -0.01100000000001195 0
0.05700000000008405 -0.01000000000001275 0
0.05700000000008638 -0.009000000000011901 0
0.05700000000008872 -0.008000000000010693 0
0.05700000000009103 -0.007000000000010245 0
0.05700000000009337 -0.006000000000010544 0
0.0570000000000957 -0.005000000000008815 0
0.05700000000009803 -0.004000000000007091 0
0.05700000000010036 -0.003000000000006432 0
0.05700000000010269 -0.002000000000006524 0
0.05700000000010501 -0.00100000000000482 0
0.05700000000010735 -3.287734667845044e-15 0
0.05700000000010966 0.0009999999999967925 0
0.057000000000112 0.001999999999996592 0
0.05700000000011433 0.002999999999998205 0
0.05700000000011665 0.003999999999999905 0
0.05799999999989082 -0.09400000000000103 0
0.05799999999989308 -0.09300000000000092 0
0.05799999999989538 -0.09200000000000078 0
0.05799999999989765 -0.09100000000000197 0
0.05799999999989994 -0.09000000000000281 0
0.0579999999999022 -0.08900000000000272 0
0.05799999999990448 -0.0880000000000026 0
0.05799999999990676 -0.08700000000000388 0
0.05799999999990903 -0.08600000000000466 0
0.05799999999991131 -0.08500000000000449 0
0.05799999999991359 -0.08400000000000449 0
0.05799999999991586 -0.08300000000000583 0
0.05799999999991815 -0.08200000000000646 0
0.05799999999992043 -0.08100000000000632 0
0.0579999999999227 -0.08000000000000643 0
0.05799999999992497 -0.07900000000000777 0
0.05799999999992725 -0.07800000000000824 0
0.05799999999992954 -0.07700000000000815 0
0.0579999999999318 -0.07600000000000839 0
0.05799999999993407 -0.07500000000000971 0
0.05799999999993635 -0.07400000000001006 0
0.05799999999993863 -0.07300000000000993 0
0.0579999999999409 -0.07200000000001033 0
0.05799999999994318 -0.07100000000001169 0
0.05799999999994547 -0.07000000000001184 0
0.05799999999994773 -0.06900000000001205 0
0.05799999999995001 -0.06800000000001341 0
0.05799999999995229 -0.0670000000000138 0
0.05799999999995456 -0.06600000000001367 0
0.05799999999995685 -0.065000000000014 0
0.05799999999995913 -0.06400000000001536 0
0.05799999999996139 -0.0630000000000156 0
0.05799999999996368 -0.06200000000001549 0
0.05799999999996595 -0.06100000000001594 0
0.05799999999996823 -0.06000000000001728 0
0.05799999999997052 -0.05900000000001741 0
0.05799999999997278 -0.05800000000001777 0
0.05799999999997504 -0.05700000000001937 0
0.05799999999997733 -0.05600000000002027 0
0.05799999999997961 -0.05500000000002076 0
0.05799999999998189 -0.05400000000002091 0
0.05799999999998415 -0.05300000000002152 0
0.05799999999998646 -0.05200000000002214 0
0.05799999999998872 -0.05100000000002256 0
0.057999999999991 -0.0500000000000228 0
0.05799999999999328 -0.0490000000000234 0
0.05799999999999554 -0.048000000000024 0
0.05799999999999782 -0.04700000000002436 0
0.05800000000000011 -0.04600000000002465 0
0.05800000000000238 -0.04500000000002505 0
0.05800000000000466 -0.04400000000002505 0
0.05800000000000693 -0.04300000000002438 0
0.05800000000000921 -0.04200000000002381 0
0.05800000000001149 -0.04100000000002359 0
0.05800000000001377 -0.04000000000002335 0
0.05800000000001604 -0.03900000000002262 0
0.05800000000001832 -0.03800000000002213 0
0.0580000000000206 -0.0370000000000219 0
0.05800000000002287 -0.03600000000002168 0
0.05800000000002515 -0.03500000000002082 0
0.05800000000002742 -0.03400000000002044 0
0.05800000000002969 -0.03300000000002042 0
0.05800000000003197 -0.03200000000002095 0
0.05800000000003425 -0.03100000000002019 0
0.05800000000003652 -0.03000000000001929 0
0.0580000000000388 -0.02900000000002007 0
0.05800000000004107 -0.02800000000001965 0
0.05800000000004335 -0.02700000000001842 0
0.05800000000004564 -0.02600000000001769 0
0.0580000000000479 -0.02500000000001847 0
0.05800000000005019 -0.02400000000001787 0
0.05800000000005245 -0.02300000000001665 0
0.05800000000005474 -0.02200000000001611 0
0.05800000000005701 -0.02100000000001689 0
0.05800000000005928 -0.02000000000001611 0
0.05800000000006156 -0.0190000000000153 0
0.05800000000006385 -0.01800000000001609 0
0.05800000000006611 -0.01700000000001554 0
0.05800000000006841 -0.01600000000001432 0
0.05800000000007066 -0.01500000000001371 0
0.05800000000007297 -0.01400000000001469 0
0.05800000000007524 -0.01300000000001433 0
0.0580000000000775 -0.0120000000000131 0
0.05800000000007978 -0.0110000000000127 0
0.05800000000008206 -0.01000000000001347 0
0.05800000000008433 -0.009000000000012552 0
0.05800000000008661 -0.008000000000011274 0
0.0580000000000889 -0.007000000000010779 0
0.05800000000009117 -0.006000000000011051 0
0.05800000000009345 -0.005000000000009269 0
0.05800000000009572 -0.00400000000000749 0
0.05800000000009799 -0.003000000000006795 0
0.05800000000010028 -0.002000000000006869 0
0.05800000000010256 -0.001000000000005104 0
0.05800000000010483 -3.510646634508063e-15 0
0.05800000000010711 0.0009999999999966095 0
0.05800000000010938 0.001999999999996441 0
0.05800000000011166 0.002999999999998114 0
0.05800000000011394 0.003999999999999873 0
0.0589999999998931 -0.09400000000000104 0
0.05899999999989532 -0.09300000000000103 0
0.05899999999989756 -0.09200000000000096 0
0.05899999999989979 -0.09100000000000216 0
0.05899999999990201 -0.09000000000000306 0
0.05899999999990423 -0.08900000000000306 0
0.05899999999990647 -0.08800000000000301 0
0.05899999999990868 -0.08700000000000434 0
0.05899999999991091 -0.08600000000000514 0
0.05899999999991312 -0.08500000000000503 0
0.05899999999991534 -0.08400000000000508 0
0.05899999999991759 -0.08300000000000649 0
0.05899999999991981 -0.08200000000000716 0
0.05899999999992203 -0.08100000000000711 0
0.05899999999992427 -0.08000000000000727 0
0.05899999999992649 -0.07900000000000861 0
0.05899999999992872 -0.07800000000000916 0
0.05899999999993094 -0.07700000000000913 0
0.05899999999993316 -0.07600000000000941 0
0.05899999999993538 -0.07500000000001079 0
0.05899999999993761 -0.07400000000001122 0
0.05899999999993985 -0.07300000000001115 0
0.05899999999994207 -0.07200000000001158 0
0.05899999999994428 -0.07100000000001298 0
0.05899999999994653 -0.07000000000001325 0
0.05899999999994875 -0.06900000000001347 0
0.05899999999995098 -0.06800000000001485 0
0.05899999999995321 -0.06700000000001531 0
0.05899999999995542 -0.06600000000001524 0
0.05899999999995764 -0.06500000000001563 0
0.05899999999995988 -0.064000000000017 0
0.0589999999999621 -0.06300000000001732 0
0.05899999999996432 -0.06200000000001726 0
0.05899999999996655 -0.06100000000001779 0
0.05899999999996877 -0.06000000000001914 0
0.05899999999997099 -0.05900000000001933 0
0.05899999999997323 -0.05800000000001978 0
0.05899999999997545 -0.05700000000002143 0
0.05899999999997768 -0.05600000000002237 0
0.05899999999997991 -0.05500000000002296 0
0.05899999999998212 -0.05400000000002315 0
0.05899999999998435 -0.05300000000002382 0
0.05899999999998656 -0.05200000000002447 0
0.05899999999998881 -0.05100000000002494 0
0.05899999999999103 -0.05000000000002525 0
0.05899999999999325 -0.04900000000002593 0
0.0589999999999955 -0.04800000000002658 0
0.05899999999999769 -0.04700000000002699 0
0.05899999999999993 -0.04600000000002733 0
0.05900000000000218 -0.04500000000002776 0
0.05900000000000438 -0.0440000000000277 0
0.05900000000000662 -0.043000000000027 0
0.05900000000000883 -0.04200000000002636 0
0.05900000000001107 -0.04100000000002609 0
0.05900000000001329 -0.0400000000000258 0
0.05900000000001551 -0.03900000000002499 0
0.05900000000001773 -0.03800000000002446 0
0.05900000000001997 -0.03700000000002417 0
0.05900000000002219 -0.03600000000002391 0
0.05900000000002442 -0.03500000000002298 0
0.05900000000002665 -0.03400000000002254 0
0.05900000000002888 -0.03300000000002248 0
0.0590000000000311 -0.03200000000002291 0
0.05900000000003333 -0.03100000000002209 0
0.05900000000003555 -0.03000000000002111 0
0.05900000000003778 -0.02900000000002185 0
0.05900000000003999 -0.02800000000002139 0
0.05900000000004221 -0.02700000000002008 0
0.05900000000004445 -0.0260000000000193 0
0.05900000000004667 -0.02500000000002004 0
0.0590000000000489 -0.02400000000001938 0
0.05900000000005112 -0.0230000000000181 0
0.05900000000005334 -0.02200000000001748 0
0.05900000000005558 -0.02100000000001823 0
0.05900000000005782 -0.02000000000001738 0
0.05900000000006002 -0.01900000000001652 0
0.05900000000006226 -0.01800000000001726 0
0.05900000000006448 -0.01700000000001667 0
0.05900000000006671 -0.01600000000001536 0
0.05900000000006893 -0.0150000000000147 0
0.05900000000007116 -0.01400000000001564 0
0.05900000000007338 -0.01300000000001521 0
0.0590000000000756 -0.01200000000001391 0
0.05900000000007782 -0.01100000000001345 0
0.05900000000008004 -0.01000000000001419 0
0.0590000000000823 -0.009000000000013201 0
0.0590000000000845 -0.008000000000011859 0
0.05900000000008673 -0.007000000000011315 0
0.05900000000008896 -0.006000000000011564 0
0.05900000000009117 -0.005000000000009727 0
0.05900000000009343 -0.004000000000007892 0
0.05900000000009565 -0.003000000000007158 0
0.05900000000009786 -0.002000000000007212 0
0.05900000000010008 -0.00100000000000539 0
0.05900000000010231 -3.73377544160558e-15 0
0.05900000000010454 0.0009999999999964274 0
0.05900000000010677 0.00199999999999629 0
0.05900000000010899 0.002999999999998025 0
0.05900000000011121 0.00399999999999984 0
0.05999999999989645 -0.0940000000000011 0
0.05999999999989864 -0.09300000000000115 0
0.05999999999990077 -0.09200000000000114 0
0.05999999999990294 -0.0910000000000024 0
0.05999999999990513 -0.09000000000000334 0
0.05999999999990729 -0.08900000000000335 0
0.05999999999990945 -0.08800000000000339 0
0.0599999999999116 -0.08700000000000471 0
0.05999999999991378 -0.0860000000000056 0
0.05999999999991593 -0.0850000000000056 0
0.05999999999991811 -0.08400000000000571 0
0.05999999999992028 -0.08300000000000714 0
0.05999999999992243 -0.08200000000000784 0
0.05999999999992459 -0.08100000000000786 0
0.05999999999992677 -0.08000000000000809 0
0.05999999999992892 -0.07900000000000947 0
0.05999999999993108 -0.07800000000001006 0
0.05999999999993325 -0.07700000000001009 0
0.05999999999993542 -0.07600000000001045 0
0.05999999999993758 -0.07500000000001188 0
0.05999999999993974 -0.07400000000001232 0
0.05999999999994191 -0.07300000000001236 0
0.05999999999994406 -0.07200000000001283 0
0.05999999999994622 -0.07100000000001423 0
0.05999999999994839 -0.07000000000001456 0
0.05999999999995055 -0.06900000000001486 0
0.05999999999995272 -0.0680000000000163 0
0.05999999999995487 -0.06700000000001681 0
0.05999999999995707 -0.0660000000000168 0
0.05999999999995921 -0.06500000000001727 0
0.05999999999996138 -0.06400000000001865 0
0.05999999999996354 -0.06300000000001904 0
0.05999999999996571 -0.06200000000001903 0
0.05999999999996786 -0.06100000000001962 0
0.05999999999997002 -0.06000000000002102 0
0.05999999999997219 -0.05900000000002128 0
0.05999999999997435 -0.05800000000002178 0
0.05999999999997652 -0.0570000000000235 0
0.05999999999997869 -0.05600000000002452 0
0.05999999999998085 -0.05500000000002513 0
0.05999999999998301 -0.0540000000000254 0
0.05999999999998518 -0.05300000000002611 0
0.05999999999998733 -0.05200000000002681 0
0.05999999999998951 -0.05100000000002736 0
0.05999999999999166 -0.0500000000000277 0
0.05999999999999382 -0.04900000000002842 0
0.05999999999999599 -0.04800000000002914 0
0.05999999999999817 -0.04700000000002959 0
0.06000000000000034 -0.04600000000003001 0
0.0600000000000025 -0.04500000000003047 0
0.06000000000000466 -0.04400000000003038 0
0.06000000000000683 -0.04300000000002962 0
0.060000000000009 -0.04200000000002892 0
0.06000000000001115 -0.04100000000002859 0
0.06000000000001329 -0.04000000000002826 0
0.06000000000001547 -0.03900000000002737 0
0.06000000000001762 -0.03800000000002678 0
0.06000000000001979 -0.03700000000002644 0
0.06000000000002197 -0.03600000000002612 0
0.06000000000002413 -0.03500000000002512 0
0.06000000000002629 -0.03400000000002464 0
0.06000000000002845 -0.0330000000000245 0
0.06000000000003062 -0.03200000000002488 0
0.06000000000003278 -0.03100000000002398 0
0.06000000000003494 -0.03000000000002294 0
0.06000000000003711 -0.02900000000002366 0
0.06000000000003927 -0.02800000000002312 0
0.06000000000004144 -0.02700000000002175 0
0.0600000000000436 -0.02600000000002091 0
0.06000000000004577 -0.02500000000002161 0
0.06000000000004793 -0.02400000000002089 0
0.0600000000000501 -0.02300000000001952 0
0.06000000000005225 -0.02200000000001886 0
0.0600000000000544 -0.02100000000001958 0
0.06000000000005658 -0.02000000000001866 0
0.06000000000005874 -0.01900000000001773 0
0.06000000000006092 -0.01800000000001846 0
0.06000000000006306 -0.01700000000001779 0
0.06000000000006524 -0.01600000000001642 0
0.0600000000000674 -0.0150000000000157 0
0.06000000000006955 -0.01400000000001659 0
0.06000000000007172 -0.01300000000001609 0
0.06000000000007389 -0.01200000000001472 0
0.06000000000007605 -0.01100000000001421 0
0.06000000000007821 -0.0100000000000149 0
0.06000000000008038 -0.009000000000013851 0
0.06000000000008254 -0.008000000000012438 0
0.06000000000008471 -0.007000000000011846 0
0.06000000000008689 -0.006000000000012076 0
0.06000000000008904 -0.005000000000010185 0
0.0600000000000912 -0.004000000000008291 0
0.06000000000009337 -0.003000000000007525 0
0.06000000000009553 -0.002000000000007555 0
0.0600000000000977 -0.001000000000005675 0
0.06000000000009986 -3.957121089137594e-15 0
0.06000000000010203 0.0009999999999962446 0
0.06000000000010419 0.001999999999996139 0
0.06000000000010635 0.002999999999997933 0
0.06000000000010852 0.003999999999999809 0
0.06099999999989901 -0.09400000000000114 0
0.06099999999990112 -0.09300000000000126 0
0.06099999999990324 -0.09200000000000134 0
0.06099999999990533 -0.09100000000000259 0
0.06099999999990745 -0.09000000000000358 0
0.06099999999990955 -0.08900000000000369 0
0.06099999999991166 -0.08800000000000377 0
0.06099999999991377 -0.08700000000000517 0
0.06099999999991588 -0.0860000000000061 0
0.06099999999991801 -0.08500000000000617 0
0.06099999999992012 -0.08400000000000632 0
0.06099999999992223 -0.08300000000000776 0
0.06099999999992431 -0.08200000000000855 0
0.06099999999992645 -0.08100000000000863 0
0.06099999999992854 -0.08000000000000894 0
0.06099999999993066 -0.07900000000001034 0
0.06099999999993275 -0.07800000000001099 0
0.06099999999993488 -0.07700000000001109 0
0.06099999999993699 -0.0760000000000115 0
0.0609999999999391 -0.07500000000001293 0
0.06099999999994121 -0.07400000000001346 0
0.06099999999994332 -0.07300000000001354 0
0.06099999999994541 -0.07200000000001411 0
0.06099999999994753 -0.07100000000001554 0
0.06099999999994966 -0.0700000000000159 0
0.06099999999995177 -0.06900000000001631 0
0.06099999999995388 -0.06800000000001774 0
0.06099999999995598 -0.06700000000001831 0
0.0609999999999581 -0.06600000000001835 0
0.0609999999999602 -0.06500000000001885 0
0.06099999999996231 -0.06400000000002033 0
0.06099999999996442 -0.06300000000002073 0
0.06099999999996654 -0.06200000000002082 0
0.06099999999996863 -0.06100000000002147 0
0.06099999999997074 -0.06000000000002289 0
0.06099999999997286 -0.05900000000002321 0
0.06099999999997496 -0.05800000000002378 0
0.06099999999997709 -0.05700000000002559 0
0.06099999999997919 -0.05600000000002665 0
0.06099999999998131 -0.05500000000002732 0
0.06099999999998341 -0.05400000000002763 0
0.06099999999998551 -0.0530000000000284 0
0.06099999999998763 -0.05200000000002916 0
0.06099999999998975 -0.05100000000002976 0
0.06099999999999185 -0.05000000000003017 0
0.06099999999999395 -0.04900000000003094 0
0.06099999999999608 -0.04800000000003168 0
0.06099999999999819 -0.04700000000003221 0
0.06100000000000029 -0.04600000000003268 0
0.0610000000000024 -0.04500000000003315 0
0.0610000000000045 -0.04400000000003305 0
0.06100000000000662 -0.04300000000003222 0
0.06100000000000874 -0.04200000000003146 0
0.06100000000001084 -0.04100000000003109 0
0.06100000000001294 -0.04000000000003069 0
0.06100000000001505 -0.03900000000002975 0
0.06100000000001717 -0.03800000000002909 0
0.0610000000000193 -0.0370000000000287 0
0.0610000000000214 -0.03600000000002836 0
0.06100000000002351 -0.03500000000002729 0
0.06100000000002562 -0.03400000000002673 0
0.06100000000002773 -0.03300000000002654 0
0.06100000000002982 -0.03200000000002684 0
0.06100000000003193 -0.03100000000002588 0
0.06100000000003405 -0.03000000000002477 0
0.06100000000003616 -0.02900000000002545 0
0.06100000000003828 -0.02800000000002486 0
0.06100000000004038 -0.02700000000002343 0
0.0610000000000425 -0.02600000000002251 0
0.06100000000004462 -0.02500000000002318 0
0.0610000000000467 -0.02400000000002241 0
0.06100000000004883 -0.02300000000002097 0
0.06100000000005093 -0.02200000000002024 0
0.06100000000005305 -0.02100000000002093 0
0.06100000000005516 -0.02000000000001994 0
0.06100000000005727 -0.01900000000001895 0
0.06100000000005937 -0.01800000000001963 0
0.06100000000006149 -0.01700000000001891 0
0.06100000000006359 -0.01600000000001747 0
0.0610000000000657 -0.01500000000001668 0
0.06100000000006781 -0.01400000000001754 0
0.06100000000006993 -0.01300000000001697 0
0.06100000000007203 -0.01200000000001552 0
0.06100000000007415 -0.01100000000001495 0
0.06100000000007625 -0.01000000000001562 0
0.06100000000007837 -0.009000000000014502 0
0.06100000000008048 -0.008000000000013018 0
0.06100000000008258 -0.007000000000012378 0
0.0610000000000847 -0.006000000000012582 0
0.0610000000000868 -0.005000000000010642 0
0.0610000000000889 -0.00400000000000869 0
0.06100000000009102 -0.003000000000007892 0
0.06100000000009314 -0.002000000000007898 0
0.06100000000009524 -0.001000000000005959 0
0.06100000000009734 -4.17959937493162e-15 0
0.06100000000009947 0.0009999999999960615 0
0.06100000000010156 0.001999999999995988 0
0.06100000000010369 0.002999999999997843 0
0.0610000000001058 0.003999999999999777 0
0.06199999999990128 -0.09400000000000119 0
0.06199999999990335 -0.09300000000000137 0
0.0619999999999054 -0.09200000000000151 0
0.06199999999990747 -0.09100000000000283 0
0.06199999999990951 -0.09000000000000385 0
0.06199999999991158 -0.08900000000000402 0
0.06199999999991365 -0.08800000000000419 0
0.06199999999991569 -0.0870000000000056 0
0.06199999999991775 -0.08600000000000656 0
0.06199999999991983 -0.08500000000000671 0
0.06199999999992188 -0.08400000000000693 0
0.06199999999992395 -0.08300000000000844 0
0.06199999999992598 -0.08200000000000923 0
0.06199999999992805 -0.0810000000000094 0
0.0619999999999301 -0.08000000000000976 0
0.06199999999993219 -0.07900000000001121 0
0.06199999999993424 -0.07800000000001189 0
0.06199999999993629 -0.07700000000001207 0
0.06199999999993836 -0.07600000000001256 0
0.0619999999999404 -0.07500000000001403 0
0.06199999999994246 -0.0740000000000146 0
0.06199999999994452 -0.07300000000001476 0
0.06199999999994659 -0.07200000000001533 0
0.06199999999994864 -0.07100000000001686 0
0.0619999999999507 -0.07000000000001726 0
0.06199999999995277 -0.06900000000001769 0
0.06199999999995482 -0.06800000000001918 0
0.06199999999995688 -0.06700000000001981 0
0.06199999999995892 -0.0660000000000199 0
0.061999999999961 -0.06500000000002049 0
0.06199999999996306 -0.064000000000022 0
0.0619999999999651 -0.06300000000002245 0
0.06199999999996717 -0.06200000000002261 0
0.06199999999996924 -0.0610000000000233 0
0.06199999999997129 -0.06000000000002478 0
0.06199999999997335 -0.05900000000002514 0
0.06199999999997542 -0.05800000000002579 0
0.06199999999997748 -0.05700000000002765 0
0.06199999999997954 -0.05600000000002877 0
0.0619999999999816 -0.05500000000002948 0
0.06199999999998364 -0.05400000000002988 0
0.0619999999999857 -0.05300000000003071 0
0.06199999999998777 -0.05200000000003151 0
0.06199999999998984 -0.05100000000003215 0
0.06199999999999188 -0.05000000000003263 0
0.06199999999999394 -0.04900000000003344 0
0.061999999999996 -0.04800000000003425 0
0.06199999999999806 -0.04700000000003483 0
0.06200000000000014 -0.04600000000003535 0
0.06200000000000219 -0.04500000000003585 0
0.06200000000000425 -0.04400000000003573 0
0.06200000000000631 -0.04300000000003483 0
0.06200000000000836 -0.04200000000003403 0
0.06200000000001041 -0.04100000000003359 0
0.06200000000001247 -0.04000000000003315 0
0.06200000000001454 -0.03900000000003214 0
0.06200000000001661 -0.03800000000003143 0
0.06200000000001867 -0.03700000000003099 0
0.06200000000002071 -0.03600000000003056 0
0.06200000000002277 -0.03500000000002943 0
0.06200000000002482 -0.03400000000002883 0
0.06200000000002689 -0.03300000000002858 0
0.06200000000002896 -0.03200000000002881 0
0.06200000000003101 -0.03100000000002778 0
0.06200000000003306 -0.03000000000002661 0
0.06200000000003512 -0.02900000000002723 0
0.06200000000003717 -0.02800000000002659 0
0.06200000000003926 -0.02700000000002509 0
0.06200000000004131 -0.02600000000002412 0
0.06200000000004336 -0.02500000000002475 0
0.06200000000004542 -0.02400000000002391 0
0.06200000000004748 -0.02300000000002241 0
0.06200000000004954 -0.02200000000002162 0
0.0620000000000516 -0.02100000000002226 0
0.06200000000005366 -0.02000000000002123 0
0.06200000000005571 -0.01900000000002017 0
0.06200000000005777 -0.01800000000002081 0
0.06200000000005985 -0.01700000000002003 0
0.0620000000000619 -0.01600000000001852 0
0.06200000000006396 -0.01500000000001767 0
0.06200000000006602 -0.01400000000001849 0
0.06200000000006808 -0.01300000000001785 0
0.06200000000007015 -0.01200000000001634 0
0.0620000000000722 -0.01100000000001571 0
0.06200000000007426 -0.01000000000001633 0
0.06200000000007631 -0.00900000000001515 0
0.06200000000007836 -0.008000000000013599 0
0.06200000000008045 -0.007000000000012914 0
0.06200000000008248 -0.006000000000013094 0
0.06200000000008456 -0.005000000000011101 0
0.0620000000000866 -0.004000000000009089 0
0.06200000000008868 -0.003000000000008256 0
0.06200000000009072 -0.002000000000008242 0
0.0620000000000928 -0.001000000000006244 0
0.06200000000009485 -4.402728182029136e-15 0
0.06200000000009691 0.0009999999999958794 0
0.06200000000009896 0.001999999999995837 0
0.062000000000101 0.002999999999997752 0
0.06200000000010309 0.003999999999999743 0
0.06299999999990355 -0.09400000000000121 0
0.06299999999990558 -0.09300000000000147 0
0.06299999999990759 -0.09200000000000169 0
0.0629999999999096 -0.09100000000000304 0
0.0629999999999116 -0.09000000000000412 0
0.0629999999999136 -0.08900000000000435 0
0.06299999999991562 -0.0880000000000046 0
0.06299999999991762 -0.08700000000000604 0
0.06299999999991963 -0.08600000000000704 0
0.06299999999992162 -0.08500000000000721 0
0.06299999999992366 -0.08400000000000754 0
0.06299999999992564 -0.08300000000000904 0
0.06299999999992764 -0.08200000000000994 0
0.06299999999992967 -0.08100000000001016 0
0.06299999999993168 -0.08000000000001059 0
0.06299999999993368 -0.07900000000001206 0
0.06299999999993569 -0.07800000000001282 0
0.06299999999993773 -0.07700000000001303 0
0.06299999999993972 -0.07600000000001358 0
0.06299999999994171 -0.07500000000001508 0
0.06299999999994373 -0.07400000000001572 0
0.06299999999994574 -0.07300000000001594 0
0.06299999999994774 -0.07200000000001659 0
0.06299999999994975 -0.07100000000001812 0
0.06299999999995176 -0.07000000000001862 0
0.06299999999995376 -0.06900000000001912 0
0.0629999999999558 -0.06800000000002063 0
0.0629999999999578 -0.06700000000002129 0
0.0629999999999598 -0.06600000000002153 0
0.06299999999996178 -0.06500000000002212 0
0.06299999999996381 -0.06400000000002368 0
0.06299999999996582 -0.06300000000002418 0
0.06299999999996783 -0.0620000000000244 0
0.06299999999996983 -0.06100000000002515 0
0.06299999999997183 -0.06000000000002663 0
0.06299999999997383 -0.05900000000002708 0
0.06299999999997585 -0.05800000000002777 0
0.06299999999997785 -0.05700000000002972 0
0.06299999999997985 -0.0560000000000309 0
0.06299999999998189 -0.05500000000003167 0
0.06299999999998387 -0.05400000000003211 0
0.06299999999998587 -0.05300000000003299 0
0.06299999999998791 -0.05200000000003384 0
0.0629999999999899 -0.05100000000003455 0
0.06299999999999191 -0.05000000000003507 0
0.06299999999999392 -0.04900000000003594 0
0.06299999999999593 -0.0480000000000368 0
0.06299999999999796 -0.04700000000003745 0
0.06299999999999996 -0.04600000000003804 0
0.06300000000000196 -0.04500000000003854 0
0.06300000000000394 -0.04400000000003839 0
0.06300000000000597 -0.04300000000003743 0
0.06300000000000801 -0.04200000000003658 0
0.06300000000000999 -0.04100000000003608 0
0.06300000000001199 -0.0400000000000356 0
0.06300000000001399 -0.03900000000003452 0
0.06300000000001599 -0.03800000000003373 0
0.06300000000001803 -0.03700000000003325 0
0.06300000000002001 -0.03600000000003278 0
0.06300000000002204 -0.03500000000003159 0
0.06300000000002404 -0.03400000000003093 0
0.06300000000002608 -0.03300000000003061 0
0.06300000000002806 -0.03200000000003079 0
0.06300000000003006 -0.03100000000002967 0
0.0630000000000321 -0.03000000000002843 0
0.06300000000003408 -0.02900000000002904 0
0.06300000000003608 -0.02800000000002834 0
0.06300000000003809 -0.02700000000002676 0
0.06300000000004011 -0.02600000000002572 0
0.06300000000004211 -0.02500000000002632 0
0.06300000000004413 -0.02400000000002542 0
0.06300000000004613 -0.02300000000002384 0
0.06300000000004814 -0.02200000000002301 0
0.06300000000005017 -0.0210000000000236 0
0.06300000000005215 -0.0200000000000225 0
0.06300000000005417 -0.01900000000002138 0
0.06300000000005619 -0.018000000000022 0
0.06300000000005818 -0.01700000000002115 0
0.06300000000006017 -0.01600000000001957 0
0.06300000000006221 -0.01500000000001867 0
0.0630000000000642 -0.01400000000001944 0
0.0630000000000662 -0.01300000000001873 0
0.06300000000006824 -0.01200000000001714 0
0.06300000000007022 -0.01100000000001646 0
0.06300000000007222 -0.01000000000001705 0
0.06300000000007425 -0.009000000000015797 0
0.06300000000007626 -0.00800000000001418 0
0.06300000000007824 -0.007000000000013449 0
0.06300000000008027 -0.0060000000000136 0
0.06300000000008228 -0.005000000000011559 0
0.06300000000008427 -0.004000000000009489 0
0.06300000000008629 -0.003000000000008621 0
0.0630000000000883 -0.002000000000008584 0
0.0630000000000903 -0.001000000000006529 0
0.06300000000009232 -4.625640148692156e-15 0
0.06300000000009431 0.0009999999999956966 0
0.06300000000009633 0.001999999999995687 0
0.06300000000009834 0.002999999999997661 0
0.06300000000010034 0.003999999999999712 0
0.0639999999999071 -0.09400000000000128 0
0.063999999999909 -0.09300000000000157 0
0.06399999999991096 -0.09200000000000184 0
0.0639999999999129 -0.09100000000000326 0
0.06399999999991487 -0.09000000000000437 0
0.06399999999991682 -0.08900000000000469 0
0.06399999999991876 -0.088000000000005 0
0.0639999999999207 -0.08700000000000645 0
0.0639999999999226 -0.08600000000000747 0
0.06399999999992459 -0.08500000000000776 0
0.06399999999992653 -0.08400000000000814 0
0.06399999999992848 -0.08300000000000972 0
0.06399999999993042 -0.08200000000001061 0
0.06399999999993236 -0.0810000000000109 0
0.0639999999999343 -0.0800000000000114 0
0.06399999999993625 -0.07900000000001292 0
0.06399999999993818 -0.07800000000001371 0
0.06399999999994013 -0.07700000000001403 0
0.06399999999994206 -0.07600000000001461 0
0.06399999999994402 -0.07500000000001614 0
0.06399999999994596 -0.07400000000001686 0
0.0639999999999479 -0.07300000000001715 0
0.06399999999994985 -0.07200000000001786 0
0.06399999999995179 -0.07100000000001941 0
0.06399999999995376 -0.07000000000001995 0
0.0639999999999557 -0.06900000000002053 0
0.06399999999995765 -0.06800000000002207 0
0.06399999999995959 -0.06700000000002281 0
0.06399999999996153 -0.06600000000002307 0
0.06399999999996347 -0.06500000000002373 0
0.06399999999996542 -0.0640000000000253 0
0.06399999999996736 -0.0630000000000259 0
0.0639999999999693 -0.0620000000000262 0
0.06399999999997125 -0.06100000000002698 0
0.06399999999997322 -0.06000000000002852 0
0.06399999999997513 -0.05900000000002899 0
0.06399999999997708 -0.0580000000000298 0
0.06399999999997905 -0.0570000000000318 0
0.06399999999998096 -0.05600000000003302 0
0.0639999999999829 -0.05500000000003383 0
0.06399999999998487 -0.05400000000003436 0
0.06399999999998682 -0.05300000000003529 0
0.06399999999998876 -0.05200000000003618 0
0.0639999999999907 -0.05100000000003694 0
0.06399999999999265 -0.05000000000003755 0
0.06399999999999459 -0.04900000000003847 0
0.06399999999999653 -0.04800000000003939 0
0.06399999999999847 -0.04700000000004006 0
0.06400000000000042 -0.0460000000000407 0
0.06400000000000236 -0.04500000000004125 0
0.06400000000000433 -0.04400000000004106 0
0.06400000000000625 -0.04300000000004005 0
0.06400000000000822 -0.04200000000003913 0
0.06400000000001016 -0.04100000000003859 0
0.0640000000000121 -0.04000000000003803 0
0.06400000000001405 -0.03900000000003689 0
0.06400000000001599 -0.03800000000003607 0
0.06400000000001793 -0.03700000000003551 0
0.06400000000001987 -0.036000000000035 0
0.06400000000002182 -0.03500000000003374 0
0.06400000000002376 -0.03400000000003304 0
0.0640000000000257 -0.03300000000003266 0
0.06400000000002765 -0.03200000000003274 0
0.06400000000002959 -0.03100000000003157 0
0.06400000000003153 -0.03000000000003027 0
0.06400000000003347 -0.02900000000003084 0
0.06400000000003542 -0.02800000000003007 0
0.06400000000003736 -0.02700000000002842 0
0.06400000000003929 -0.02600000000002733 0
0.06400000000004127 -0.02500000000002789 0
0.06400000000004319 -0.02400000000002693 0
0.06400000000004516 -0.02300000000002529 0
0.0640000000000471 -0.02200000000002438 0
0.06400000000004905 -0.02100000000002495 0
0.06400000000005099 -0.02000000000002377 0
0.06400000000005293 -0.0190000000000226 0
0.06400000000005487 -0.01800000000002318 0
0.06400000000005682 -0.01700000000002228 0
0.06400000000005875 -0.01600000000002062 0
0.0640000000000607 -0.01500000000001966 0
0.06400000000006265 -0.0140000000000204 0
0.06400000000006459 -0.01300000000001961 0
0.06400000000006656 -0.01200000000001796 0
0.06400000000006847 -0.01100000000001721 0
0.06400000000007044 -0.01000000000001776 0
0.06400000000007239 -0.009000000000016451 0
0.06400000000007433 -0.008000000000014759 0
0.06400000000007627 -0.007000000000013983 0
0.06400000000007822 -0.006000000000014109 0
0.06400000000008016 -0.005000000000012017 0
0.0640000000000821 -0.004000000000009891 0
0.06400000000008403 -0.003000000000008984 0
0.06400000000008599 -0.002000000000008928 0
0.06400000000008793 -0.001000000000006814 0
0.06400000000008987 -4.849202636658667e-15 0
0.06400000000009182 0.0009999999999955142 0
0.06400000000009376 0.001999999999995535 0
0.0640000000000957 0.002999999999997571 0
0.06400000000009765 0.003999999999999681 0
0.06499999999991053 -0.09400000000000133 0
0.06499999999991241 -0.09300000000000168 0
0.06499999999991431 -0.09200000000000204 0
0.06499999999991618 -0.09100000000000344 0
0.06499999999991807 -0.09000000000000462 0
0.06499999999991993 -0.08900000000000502 0
0.06499999999992184 -0.08800000000000538 0
0.0649999999999237 -0.08700000000000689 0
0.06499999999992559 -0.08600000000000799 0
0.06499999999992745 -0.08500000000000832 0
0.06499999999992935 -0.08400000000000878 0
0.06499999999993124 -0.08300000000001036 0
0.06499999999993313 -0.0820000000000113 0
0.06499999999993501 -0.08100000000001169 0
0.06499999999993689 -0.0800000000000122 0
0.06499999999993875 -0.07900000000001377 0
0.06499999999994067 -0.07800000000001464 0
0.06499999999994253 -0.077000000000015 0
0.06499999999994442 -0.07600000000001567 0
0.0649999999999463 -0.07500000000001725 0
0.06499999999994815 -0.074000000000018 0
0.06499999999995006 -0.07300000000001836 0
0.06499999999995194 -0.0720000000000191 0
0.06499999999995382 -0.07100000000002071 0
0.0649999999999557 -0.07000000000002131 0
0.06499999999995759 -0.06900000000002192 0
0.06499999999995947 -0.06800000000002351 0
0.06499999999996135 -0.0670000000000243 0
0.06499999999996323 -0.06600000000002461 0
0.06499999999996509 -0.06500000000002534 0
0.06499999999996697 -0.06400000000002697 0
0.06499999999996886 -0.06300000000002759 0
0.06499999999997075 -0.06200000000002797 0
0.06499999999997264 -0.06100000000002882 0
0.06499999999997449 -0.06000000000003038 0
0.06499999999997638 -0.05900000000003095 0
0.06499999999997827 -0.0580000000000318 0
0.06499999999998017 -0.05700000000003386 0
0.06499999999998204 -0.05600000000003516 0
0.06499999999998392 -0.05500000000003603 0
0.06499999999998579 -0.0540000000000366 0
0.06499999999998769 -0.05300000000003758 0
0.06499999999998957 -0.05200000000003852 0
0.06499999999999145 -0.05100000000003935 0
0.06499999999999334 -0.05000000000003999 0
0.06499999999999523 -0.04900000000004097 0
0.0649999999999971 -0.04800000000004194 0
0.06499999999999898 -0.04700000000004267 0
0.06500000000000085 -0.04600000000004337 0
0.06500000000000272 -0.04500000000004394 0
0.06500000000000461 -0.04400000000004374 0
0.06500000000000651 -0.04300000000004265 0
0.0650000000000084 -0.04200000000004166 0
0.06500000000001029 -0.04100000000004109 0
0.06500000000001216 -0.04000000000004049 0
0.06500000000001402 -0.03900000000003928 0
0.06500000000001592 -0.03800000000003839 0
0.06500000000001779 -0.03700000000003778 0
0.06500000000001965 -0.0360000000000372 0
0.06500000000002154 -0.03500000000003589 0
0.06500000000002344 -0.03400000000003512 0
0.06500000000002532 -0.03300000000003469 0
0.0650000000000272 -0.03200000000003471 0
0.06500000000002909 -0.03100000000003347 0
0.06500000000003098 -0.0300000000000321 0
0.06500000000003288 -0.02900000000003263 0
0.06500000000003472 -0.02800000000003181 0
0.06500000000003661 -0.02700000000003009 0
0.0650000000000385 -0.02600000000002893 0
0.06500000000004039 -0.02500000000002946 0
0.06500000000004225 -0.02400000000002844 0
0.06500000000004413 -0.02300000000002672 0
0.06500000000004602 -0.02200000000002575 0
0.06500000000004792 -0.02100000000002629 0
0.0650000000000498 -0.02000000000002505 0
0.06500000000005166 -0.01900000000002382 0
0.06500000000005354 -0.01800000000002435 0
0.06500000000005543 -0.0170000000000234 0
0.06500000000005732 -0.01600000000002167 0
0.06500000000005922 -0.01500000000002065 0
0.06500000000006106 -0.01400000000002134 0
0.06500000000006295 -0.01300000000002049 0
0.06500000000006485 -0.01200000000001876 0
0.06500000000006674 -0.01100000000001796 0
0.06500000000006863 -0.01000000000001848 0
0.06500000000007052 -0.009000000000017105 0
0.06500000000007237 -0.00800000000001534 0
0.06500000000007425 -0.007000000000014513 0
0.06500000000007615 -0.00600000000001462 0
0.065000000000078 -0.005000000000012472 0
0.06500000000007988 -0.00400000000001029 0
0.06500000000008177 -0.003000000000009351 0
0.06500000000008366 -0.002000000000009273 0
0.06500000000008556 -0.001000000000007099 0
0.06500000000008742 -5.072981965059675e-15 0
0.06500000000008931 0.0009999999999953312 0
0.06500000000009119 0.001999999999995385 0
0.06500000000009304 0.002999999999997481 0
0.06500000000009497 0.003999999999999646 0
0.0659999999999111 -0.09400000000000136 0
0.06599999999991292 -0.09300000000000178 0
0.06599999999991481 -0.09200000000000223 0
0.06599999999991664 -0.09100000000000369 0
0.0659999999999185 -0.09000000000000491 0
0.06599999999992033 -0.08900000000000532 0
0.06599999999992219 -0.08800000000000577 0
0.06599999999992404 -0.08700000000000732 0
0.06599999999992588 -0.08600000000000849 0
0.06599999999992774 -0.08500000000000887 0
0.0659999999999296 -0.08400000000000936 0
0.06599999999993143 -0.083000000000011 0
0.06599999999993326 -0.08200000000001201 0
0.06599999999993512 -0.08100000000001246 0
0.06599999999993698 -0.08000000000001305 0
0.06599999999993882 -0.07900000000001461 0
0.06599999999994068 -0.07800000000001554 0
0.06599999999994251 -0.077000000000016 0
0.06599999999994437 -0.07600000000001671 0
0.06599999999994623 -0.07500000000001832 0
0.06599999999994806 -0.07400000000001911 0
0.0659999999999499 -0.07300000000001954 0
0.06599999999995178 -0.07200000000002038 0
0.06599999999995361 -0.071000000000022 0
0.06599999999995547 -0.07000000000002268 0
0.0659999999999573 -0.06900000000002338 0
0.06599999999995916 -0.06800000000002496 0
0.06599999999996101 -0.0670000000000258 0
0.06599999999996285 -0.06600000000002618 0
0.06599999999996471 -0.06500000000002699 0
0.06599999999996654 -0.06400000000002862 0
0.06599999999996842 -0.06300000000002931 0
0.06599999999997024 -0.06200000000002975 0
0.06599999999997209 -0.06100000000003067 0
0.06599999999997391 -0.06000000000003226 0
0.06599999999997579 -0.05900000000003288 0
0.06599999999997765 -0.05800000000003381 0
0.06599999999997948 -0.05700000000003595 0
0.06599999999998134 -0.05600000000003728 0
0.06599999999998317 -0.05500000000003819 0
0.06599999999998503 -0.05400000000003884 0
0.06599999999998686 -0.05300000000003988 0
0.06599999999998872 -0.05200000000004087 0
0.06599999999999057 -0.05100000000004174 0
0.06599999999999244 -0.05000000000004247 0
0.06599999999999427 -0.04900000000004347 0
0.0659999999999961 -0.04800000000004449 0
0.06599999999999799 -0.04700000000004529 0
0.06599999999999982 -0.04600000000004605 0
0.06600000000000165 -0.04500000000004665 0
0.06600000000000349 -0.04400000000004642 0
0.06600000000000537 -0.04300000000004527 0
0.06600000000000721 -0.04200000000004422 0
0.06600000000000904 -0.04100000000004358 0
0.0660000000000109 -0.04000000000004292 0
0.06600000000001276 -0.03900000000004167 0
0.06600000000001459 -0.03800000000004072 0
0.06600000000001645 -0.03700000000004006 0
0.06600000000001831 -0.03600000000003942 0
0.06600000000002014 -0.03500000000003804 0
0.066000000000022 -0.03400000000003723 0
0.06600000000002383 -0.03300000000003672 0
0.06600000000002569 -0.03200000000003668 0
0.06600000000002751 -0.03100000000003536 0
0.06600000000002938 -0.03000000000003393 0
0.06600000000003124 -0.02900000000003443 0
0.06600000000003307 -0.02800000000003354 0
0.06600000000003493 -0.02700000000003176 0
0.06600000000003679 -0.02600000000003054 0
0.06600000000003862 -0.02500000000003103 0
0.06600000000004048 -0.02400000000002995 0
0.06600000000004232 -0.02300000000002816 0
0.06600000000004418 -0.02200000000002714 0
0.06600000000004601 -0.02100000000002764 0
0.06600000000004787 -0.02000000000002634 0
0.06600000000004971 -0.01900000000002504 0
0.06600000000005156 -0.01800000000002554 0
0.06600000000005342 -0.01700000000002452 0
0.06600000000005525 -0.01600000000002273 0
0.06600000000005711 -0.01500000000002164 0
0.06600000000005894 -0.0140000000000223 0
0.0660000000000608 -0.01300000000002137 0
0.06600000000006266 -0.01200000000001957 0
0.06600000000006449 -0.01100000000001872 0
0.06600000000006633 -0.0100000000000192 0
0.06600000000006821 -0.009000000000017754 0
0.06600000000007004 -0.008000000000015923 0
0.06600000000007188 -0.007000000000015051 0
0.06600000000007374 -0.006000000000015131 0
0.0660000000000756 -0.005000000000012929 0
0.06600000000007743 -0.004000000000010689 0
0.06600000000007929 -0.003000000000009717 0
0.06600000000008115 -0.002000000000009616 0
0.06600000000008298 -0.001000000000007384 0
0.06600000000008481 -5.295026569984707e-15 0
0.06600000000008666 0.0009999999999951484 0
0.06600000000008853 0.001999999999995235 0
0.06600000000009036 0.00299999999999739 0
0.06600000000009222 0.003999999999999615 0
0.0669999999999137 -0.09400000000000139 0
0.0669999999999155 -0.0930000000000019 0
0.06699999999991728 -0.0920000000000024 0
0.06699999999991911 -0.09100000000000391 0
0.06699999999992086 -0.09000000000000515 0
0.06699999999992266 -0.08900000000000566 0
0.06699999999992447 -0.08800000000000617 0
0.06699999999992624 -0.08700000000000774 0
0.06699999999992805 -0.08600000000000894 0
0.06699999999992985 -0.08500000000000943 0
0.06699999999993166 -0.08400000000000998 0
0.06699999999993346 -0.08300000000001165 0
0.06699999999993521 -0.08200000000001272 0
0.06699999999993704 -0.0810000000000132 0
0.06699999999993882 -0.08000000000001387 0
0.06699999999994062 -0.0790000000000155 0
0.06699999999994243 -0.07800000000001647 0
0.0669999999999442 -0.07700000000001697 0
0.06699999999994601 -0.07600000000001773 0
0.06699999999994778 -0.07500000000001937 0
0.06699999999994959 -0.07400000000002027 0
0.06699999999995139 -0.07300000000002074 0
0.06699999999995317 -0.07200000000002163 0
0.06699999999995496 -0.07100000000002328 0
0.06699999999995675 -0.07000000000002402 0
0.06699999999995855 -0.06900000000002475 0
0.06699999999996033 -0.0680000000000264 0
0.06699999999996213 -0.0670000000000273 0
0.06699999999996394 -0.06600000000002776 0
0.06699999999996574 -0.06500000000002863 0
0.06699999999996752 -0.06400000000003027 0
0.06699999999996933 -0.06300000000003103 0
0.0669999999999711 -0.06200000000003152 0
0.0669999999999729 -0.0610000000000325 0
0.0669999999999747 -0.06000000000003413 0
0.06699999999997648 -0.05900000000003482 0
0.06699999999997829 -0.05800000000003581 0
0.06699999999998009 -0.05700000000003801 0
0.06699999999998187 -0.0560000000000394 0
0.06699999999998367 -0.05500000000004038 0
0.06699999999998545 -0.05400000000004108 0
0.06699999999998725 -0.05300000000004217 0
0.06699999999998905 -0.05200000000004322 0
0.06699999999999086 -0.05100000000004415 0
0.06699999999999262 -0.05000000000004491 0
0.06699999999999444 -0.04900000000004599 0
0.06699999999999623 -0.04800000000004703 0
0.06699999999999802 -0.04700000000004791 0
0.06699999999999984 -0.04600000000004872 0
0.06700000000000161 -0.04500000000004934 0
0.0670000000000034 -0.04400000000004908 0
0.06700000000000521 -0.04300000000004787 0
0.06700000000000698 -0.04200000000004678 0
0.06700000000000879 -0.04100000000004608 0
0.06700000000001059 -0.04000000000004537 0
0.06700000000001237 -0.03900000000004405 0
0.06700000000001417 -0.03800000000004303 0
0.06700000000001598 -0.03700000000004233 0
0.06700000000001775 -0.03600000000004164 0
0.06700000000001953 -0.03500000000004019 0
0.06700000000002133 -0.03400000000003931 0
0.06700000000002314 -0.03300000000003876 0
0.06700000000002491 -0.03200000000003864 0
0.06700000000002672 -0.03100000000003726 0
0.06700000000002852 -0.03000000000003575 0
0.06700000000003033 -0.02900000000003622 0
0.0670000000000321 -0.0280000000000353 0
0.06700000000003391 -0.02700000000003342 0
0.06700000000003568 -0.02600000000003214 0
0.06700000000003749 -0.0250000000000326 0
0.06700000000003929 -0.02400000000003145 0
0.06700000000004107 -0.0230000000000296 0
0.06700000000004287 -0.02200000000002851 0
0.06700000000004468 -0.02100000000002898 0
0.06700000000004645 -0.02000000000002762 0
0.06700000000004826 -0.01900000000002625 0
0.06700000000005006 -0.01800000000002672 0
0.06700000000005184 -0.01700000000002565 0
0.06700000000005364 -0.01600000000002378 0
0.06700000000005545 -0.01500000000002264 0
0.06700000000005722 -0.01400000000002324 0
0.067000000000059 -0.01300000000002225 0
0.0670000000000608 -0.01200000000002038 0
0.06700000000006262 -0.01100000000001946 0
0.06700000000006438 -0.01000000000001991 0
0.06700000000006619 -0.009000000000018403 0
0.06700000000006799 -0.008000000000016504 0
0.06700000000006977 -0.007000000000015579 0
0.06700000000007157 -0.00600000000001564 0
0.06700000000007338 -0.005000000000013387 0
0.06700000000007515 -0.004000000000011088 0
0.06700000000007696 -0.003000000000010081 0
0.06700000000007876 -0.002000000000009956 0
0.06700000000008054 -0.001000000000007667 0
0.06700000000008234 -5.516637494040744e-15 0
0.06700000000008415 0.0009999999999949661 0
0.06700000000008594 0.001999999999995084 0
0.06700000000008773 0.0029999999999973 0
0.0670000000000895 0.003999999999999584 0
0.06799999999991768 -0.09400000000000144 0
0.06799999999991943 -0.09300000000000201 0
0.06799999999992117 -0.09200000000000257 0
0.06799999999992287 -0.09100000000000409 0
0.06799999999992458 -0.09000000000000538 0
0.06799999999992633 -0.08900000000000596 0
0.06799999999992806 -0.08800000000000655 0
0.06799999999992977 -0.08700000000000815 0
0.0679999999999315 -0.08600000000000944 0
0.06799999999993322 -0.08500000000000994 0
0.06799999999993495 -0.08400000000001059 0
0.06799999999993667 -0.08300000000001226 0
0.06799999999993839 -0.08200000000001338 0
0.06799999999994014 -0.08100000000001395 0
0.06799999999994186 -0.08000000000001471 0
0.06799999999994358 -0.07900000000001633 0
0.0679999999999453 -0.07800000000001739 0
0.06799999999994703 -0.07700000000001796 0
0.06799999999994877 -0.07600000000001876 0
0.06799999999995049 -0.07500000000002047 0
0.06799999999995221 -0.0740000000000214 0
0.06799999999995393 -0.07300000000002192 0
0.06799999999995565 -0.07200000000002288 0
0.0679999999999574 -0.07100000000002459 0
0.06799999999995912 -0.07000000000002535 0
0.06799999999996084 -0.06900000000002617 0
0.06799999999996256 -0.06800000000002784 0
0.06799999999996428 -0.06700000000002879 0
0.06799999999996603 -0.06600000000002935 0
0.06799999999996775 -0.06500000000003023 0
0.06799999999996947 -0.06400000000003192 0
0.06799999999997119 -0.06300000000003275 0
0.06799999999997292 -0.06200000000003331 0
0.06799999999997464 -0.06100000000003433 0
0.06799999999997636 -0.06000000000003602 0
0.06799999999997811 -0.05900000000003675 0
0.06799999999997983 -0.05800000000003781 0
0.06799999999998155 -0.05700000000004008 0
0.06799999999998327 -0.05600000000004153 0
0.06799999999998502 -0.05500000000004256 0
0.06799999999998671 -0.05400000000004333 0
0.06799999999998846 -0.05300000000004445 0
0.06799999999999018 -0.05200000000004557 0
0.06799999999999189 -0.05100000000004654 0
0.06799999999999361 -0.05000000000004737 0
0.06799999999999537 -0.0490000000000485 0
0.06799999999999706 -0.04800000000004959 0
0.06799999999999881 -0.04700000000005053 0
0.06800000000000053 -0.0460000000000514 0
0.06800000000000225 -0.04500000000005203 0
0.068000000000004 -0.04400000000005175 0
0.06800000000000572 -0.04300000000005048 0
0.06800000000000744 -0.04200000000004931 0
0.06800000000000916 -0.04100000000004857 0
0.06800000000001089 -0.0400000000000478 0
0.06800000000001261 -0.03900000000004642 0
0.06800000000001433 -0.03800000000004536 0
0.06800000000001605 -0.0370000000000446 0
0.0680000000000178 -0.03600000000004386 0
0.06800000000001952 -0.03500000000004234 0
0.06800000000002124 -0.03400000000004141 0
0.06800000000002299 -0.0330000000000408 0
0.06800000000002471 -0.03200000000004061 0
0.06800000000002643 -0.03100000000003916 0
0.06800000000002814 -0.03000000000003758 0
0.06800000000002987 -0.02900000000003801 0
0.06800000000003159 -0.02800000000003702 0
0.06800000000003331 -0.02700000000003508 0
0.06800000000003506 -0.02600000000003375 0
0.06800000000003675 -0.02500000000003416 0
0.0680000000000385 -0.02400000000003297 0
0.06800000000004022 -0.02300000000003104 0
0.06800000000004197 -0.02200000000002989 0
0.06800000000004369 -0.02100000000003032 0
0.06800000000004541 -0.0200000000000289 0
0.06800000000004713 -0.01900000000002747 0
0.06800000000004885 -0.0180000000000279 0
0.06800000000005058 -0.01700000000002676 0
0.0680000000000523 -0.01600000000002483 0
0.06800000000005402 -0.01500000000002362 0
0.06800000000005574 -0.0140000000000242 0
0.06800000000005749 -0.01300000000002312 0
0.06800000000005919 -0.01200000000002119 0
0.06800000000006093 -0.01100000000002022 0
0.06800000000006268 -0.01000000000002063 0
0.0680000000000644 -0.009000000000019055 0
0.06800000000006612 -0.008000000000017082 0
0.06800000000006784 -0.007000000000016114 0
0.06800000000006956 -0.006000000000016146 0
0.06800000000007128 -0.005000000000013842 0
0.06800000000007299 -0.004000000000011486 0
0.06800000000007472 -0.003000000000010445 0
0.06800000000007647 -0.002000000000010301 0
0.06800000000007819 -0.001000000000007953 0
0.06800000000007991 -5.740633662876249e-15 0
0.06800000000008166 0.0009999999999947837 0
0.06800000000008338 0.001999999999994932 0
0.0680000000000851 0.002999999999997209 0
0.06800000000008681 0.003999999999999551 0
0.06899999999992083 -0.09400000000000147 0
0.0689999999999225 -0.09300000000000212 0
0.06899999999992419 -0.09200000000000273 0
0.06899999999992582 -0.09100000000000431 0
0.06899999999992748 -0.09000000000000567 0
0.06899999999992919 -0.0890000000000063 0
0.06899999999993081 -0.08800000000000695 0
0.06899999999993248 -0.08700000000000861 0
0.06899999999993418 -0.08600000000000987 0
0.06899999999993582 -0.0850000000000105 0
0.06899999999993749 -0.08400000000001122 0
0.06899999999993918 -0.08300000000001294 0
0.06899999999994082 -0.08200000000001412 0
0.06899999999994247 -0.08100000000001474 0
0.06899999999994416 -0.08000000000001553 0
0.0689999999999458 -0.07900000000001721 0
0.06899999999994749 -0.0780000000000183 0
0.06899999999994913 -0.0770000000000189 0
0.06899999999995082 -0.07600000000001982 0
0.06899999999995247 -0.07500000000002152 0
0.06899999999995417 -0.07400000000002252 0
0.06899999999995582 -0.07300000000002313 0
0.0689999999999575 -0.07200000000002416 0
0.06899999999995915 -0.07100000000002585 0
0.06899999999996081 -0.07000000000002671 0
0.06899999999996249 -0.06900000000002759 0
0.06899999999996416 -0.06800000000002929 0
0.0689999999999658 -0.06700000000003029 0
0.06899999999996748 -0.06600000000003091 0
0.06899999999996914 -0.06500000000003185 0
0.06899999999997081 -0.0640000000000336 0
0.06899999999997249 -0.06300000000003447 0
0.06899999999997414 -0.06200000000003511 0
0.0689999999999758 -0.06100000000003618 0
0.06899999999997747 -0.06000000000003788 0
0.06899999999997915 -0.0590000000000387 0
0.0689999999999808 -0.0580000000000398 0
0.06899999999998248 -0.05700000000004216 0
0.06899999999998414 -0.05600000000004365 0
0.06899999999998581 -0.05500000000004474 0
0.06899999999998746 -0.05400000000004557 0
0.06899999999998914 -0.05300000000004675 0
0.06899999999999079 -0.05200000000004791 0
0.06899999999999247 -0.05100000000004893 0
0.06899999999999412 -0.05000000000004982 0
0.0689999999999958 -0.04900000000005101 0
0.06899999999999747 -0.04800000000005215 0
0.06899999999999912 -0.04700000000005315 0
0.0690000000000008 -0.04600000000005407 0
0.06900000000000245 -0.04500000000005474 0
0.06900000000000413 -0.04400000000005443 0
0.06900000000000578 -0.04300000000005309 0
0.06900000000000744 -0.04200000000005187 0
0.06900000000000911 -0.04100000000005107 0
0.0690000000000108 -0.04000000000005025 0
0.06900000000001244 -0.0390000000000488 0
0.06900000000001411 -0.03800000000004769 0
0.06900000000001578 -0.03700000000004686 0
0.06900000000001744 -0.03600000000004609 0
0.0690000000000191 -0.03500000000004449 0
0.06900000000002077 -0.0340000000000435 0
0.06900000000002243 -0.03300000000004284 0
0.06900000000002413 -0.03200000000004258 0
0.06900000000002576 -0.03100000000004105 0
0.06900000000002746 -0.03000000000003942 0
0.06900000000002909 -0.02900000000003981 0
0.06900000000003077 -0.02800000000003876 0
0.06900000000003245 -0.02700000000003676 0
0.0690000000000341 -0.02600000000003535 0
0.06900000000003578 -0.02500000000003573 0
0.06900000000003745 -0.02400000000003448 0
0.0690000000000391 -0.02300000000003248 0
0.06900000000004078 -0.02200000000003128 0
0.06900000000004242 -0.02100000000003166 0
0.06900000000004411 -0.02000000000003018 0
0.06900000000004577 -0.01900000000002868 0
0.06900000000004744 -0.01800000000002908 0
0.06900000000004912 -0.01700000000002787 0
0.06900000000005077 -0.01600000000002588 0
0.06900000000005245 -0.01500000000002461 0
0.0690000000000541 -0.01400000000002514 0
0.06900000000005577 -0.013000000000024 0
0.06900000000005743 -0.012000000000022 0
0.0690000000000591 -0.01100000000002097 0
0.06900000000006076 -0.01000000000002134 0
0.06900000000006243 -0.009000000000019708 0
0.06900000000006409 -0.008000000000017665 0
0.06900000000006577 -0.00700000000001665 0
0.06900000000006744 -0.006000000000016656 0
0.0690000000000691 -0.005000000000014302 0
0.06900000000007075 -0.004000000000011888 0
0.06900000000007242 -0.00300000000001081 0
0.06900000000007411 -0.002000000000010644 0
0.06900000000007578 -0.001000000000008239 0
0.06900000000007746 -5.963328789104771e-15 0
0.06900000000007908 0.0009999999999946018 0
0.06900000000008079 0.001999999999994782 0
0.06900000000008245 0.002999999999997119 0
0.06900000000008412 0.003999999999999519 0
0.06999999999992142 -0.09400000000000151 0
0.06999999999992305 -0.09300000000000221 0
0.06999999999992466 -0.09200000000000289 0
0.06999999999992629 -0.09100000000000454 0
0.06999999999992793 -0.09000000000000596 0
0.0699999999999296 -0.08900000000000663 0
0.06999999999993117 -0.08800000000000736 0
0.06999999999993282 -0.08700000000000904 0
0.06999999999993446 -0.08600000000001039 0
0.0699999999999361 -0.08500000000001104 0
0.06999999999993771 -0.08400000000001182 0
0.06999999999993936 -0.08300000000001358 0
0.06999999999994098 -0.08200000000001477 0
0.06999999999994264 -0.08100000000001548 0
0.06999999999994426 -0.08000000000001636 0
0.0699999999999459 -0.07900000000001804 0
0.06999999999994752 -0.07800000000001922 0
0.06999999999994916 -0.07700000000001991 0
0.06999999999995077 -0.07600000000002087 0
0.06999999999995243 -0.07500000000002259 0
0.06999999999995406 -0.07400000000002366 0
0.06999999999995569 -0.07300000000002434 0
0.06999999999995732 -0.07200000000002538 0
0.06999999999995897 -0.07100000000002714 0
0.06999999999996057 -0.07000000000002805 0
0.06999999999996222 -0.06900000000002897 0
0.06999999999996384 -0.06800000000003073 0
0.06999999999996551 -0.06700000000003178 0
0.06999999999996713 -0.06600000000003244 0
0.06999999999996873 -0.0650000000000335 0
0.06999999999997041 -0.06400000000003526 0
0.06999999999997202 -0.06300000000003619 0
0.06999999999997365 -0.06200000000003691 0
0.06999999999997529 -0.06100000000003801 0
0.06999999999997693 -0.06000000000003974 0
0.06999999999997854 -0.05900000000004062 0
0.06999999999998018 -0.0580000000000418 0
0.06999999999998181 -0.05700000000004422 0
0.06999999999998345 -0.05600000000004578 0
0.06999999999998509 -0.05500000000004693 0
0.0699999999999867 -0.05400000000004781 0
0.06999999999998834 -0.05300000000004903 0
0.06999999999998997 -0.05200000000005025 0
0.0699999999999916 -0.05100000000005134 0
0.06999999999999325 -0.05000000000005229 0
0.06999999999999489 -0.04900000000005351 0
0.0699999999999965 -0.04800000000005473 0
0.06999999999999813 -0.04700000000005575 0
0.06999999999999978 -0.04600000000005674 0
0.07000000000000138 -0.04500000000005744 0
0.07000000000000305 -0.0440000000000571 0
0.07000000000000466 -0.0430000000000557 0
0.07000000000000629 -0.04200000000005443 0
0.07000000000000792 -0.04100000000005358 0
0.07000000000000957 -0.04000000000005269 0
0.07000000000001121 -0.03900000000005119 0
0.07000000000001282 -0.03800000000005 0
0.07000000000001445 -0.03700000000004914 0
0.07000000000001609 -0.03600000000004829 0
0.0700000000000177 -0.03500000000004665 0
0.07000000000001937 -0.0340000000000456 0
0.07000000000002098 -0.03300000000004488 0
0.07000000000002261 -0.03200000000004455 0
0.07000000000002425 -0.03100000000004295 0
0.07000000000002586 -0.03000000000004125 0
0.07000000000002753 -0.02900000000004161 0
0.07000000000002914 -0.0280000000000405 0
0.07000000000003077 -0.02700000000003843 0
0.07000000000003241 -0.02600000000003696 0
0.07000000000003405 -0.0250000000000373 0
0.07000000000003569 -0.02400000000003598 0
0.0700000000000373 -0.02300000000003391 0
0.07000000000003893 -0.02200000000003265 0
0.07000000000004057 -0.02100000000003301 0
0.07000000000004218 -0.02000000000003146 0
0.07000000000004385 -0.0190000000000299 0
0.07000000000004546 -0.01800000000003025 0
0.07000000000004709 -0.01700000000002901 0
0.07000000000004873 -0.01600000000002693 0
0.07000000000005034 -0.0150000000000256 0
0.07000000000005201 -0.0140000000000261 0
0.07000000000005362 -0.01300000000002488 0
0.07000000000005525 -0.0120000000000228 0
0.07000000000005689 -0.01100000000002172 0
0.07000000000005852 -0.01000000000002206 0
0.07000000000006017 -0.009000000000020356 0
0.0700000000000618 -0.008000000000018244 0
0.07000000000006341 -0.007000000000017184 0
0.07000000000006505 -0.006000000000017167 0
0.07000000000006669 -0.005000000000014761 0
0.07000000000006833 -0.004000000000012287 0
0.07000000000006994 -0.003000000000011174 0
0.07000000000007162 -0.002000000000010988 0
0.07000000000007321 -0.001000000000008524 0
0.07000000000007485 -6.187541798374774e-15 0
0.07000000000007649 0.000999999999994419 0
0.07000000000007808 0.001999999999994631 0
0.07000000000007973 0.002999999999997028 0
0.07000000000008139 0.003999999999999487 0
0.07099999999992433 -0.09400000000000155 0
0.07099999999992591 -0.09300000000000236 0
0.07099999999992751 -0.09200000000000308 0
0.07099999999992908 -0.09100000000000474 0
0.07099999999993062 -0.09000000000000619 0
0.07099999999993219 -0.08900000000000696 0
0.07099999999993378 -0.08800000000000777 0
0.07099999999993535 -0.08700000000000944 0
0.07099999999993696 -0.08600000000001086 0
0.07099999999993852 -0.08500000000001161 0
0.07099999999994011 -0.08400000000001241 0
0.07099999999994169 -0.0830000000000142 0
0.07099999999994323 -0.0820000000000155 0
0.07099999999994482 -0.08100000000001625 0
0.07099999999994637 -0.08000000000001718 0
0.07099999999994797 -0.07900000000001894 0
0.07099999999994952 -0.07800000000002009 0
0.07099999999995109 -0.07700000000002089 0
0.0709999999999527 -0.0760000000000219 0
0.07099999999995425 -0.0750000000000237 0
0.07099999999995585 -0.07400000000002477 0
0.07099999999995742 -0.07300000000002553 0
0.07099999999995897 -0.07200000000002665 0
0.07099999999996054 -0.07100000000002844 0
0.07099999999996214 -0.07000000000002937 0
0.07099999999996372 -0.06900000000003043 0
0.07099999999996527 -0.06800000000003217 0
0.07099999999996687 -0.06700000000003328 0
0.07099999999996844 -0.06600000000003403 0
0.07099999999997002 -0.06500000000003513 0
0.0709999999999716 -0.06400000000003693 0
0.07099999999997315 -0.06300000000003791 0
0.07099999999997474 -0.06200000000003869 0
0.07099999999997628 -0.06100000000003984 0
0.07099999999997787 -0.06000000000004162 0
0.07099999999997945 -0.05900000000004255 0
0.07099999999998104 -0.05800000000004382 0
0.07099999999998262 -0.05700000000004629 0
0.0709999999999842 -0.05600000000004791 0
0.07099999999998576 -0.05500000000004911 0
0.07099999999998734 -0.05400000000005004 0
0.07099999999998889 -0.05300000000005132 0
0.07099999999999047 -0.05200000000005258 0
0.07099999999999206 -0.05100000000005373 0
0.07099999999999362 -0.05000000000005476 0
0.07099999999999522 -0.04900000000005601 0
0.07099999999999679 -0.04800000000005729 0
0.07099999999999836 -0.04700000000005838 0
0.07099999999999994 -0.04600000000005942 0
0.07100000000000151 -0.04500000000006014 0
0.07100000000000307 -0.04400000000005976 0
0.07100000000000466 -0.04300000000005831 0
0.07100000000000624 -0.04200000000005697 0
0.07100000000000782 -0.04100000000005607 0
0.07100000000000936 -0.04000000000005514 0
0.07100000000001096 -0.03900000000005357 0
0.07100000000001251 -0.03800000000005232 0
0.07100000000001409 -0.03700000000005142 0
0.07100000000001568 -0.03600000000005051 0
0.07100000000001726 -0.0350000000000488 0
0.07100000000001881 -0.03400000000004769 0
0.07100000000002039 -0.03300000000004693 0
0.07100000000002198 -0.03200000000004653 0
0.07100000000002356 -0.03100000000004485 0
0.07100000000002511 -0.03000000000004308 0
0.07100000000002669 -0.0290000000000434 0
0.07100000000002828 -0.02800000000004223 0
0.07100000000002986 -0.0270000000000401 0
0.07100000000003141 -0.02600000000003856 0
0.071000000000033 -0.02500000000003887 0
0.07100000000003458 -0.02400000000003749 0
0.07100000000003616 -0.02300000000003535 0
0.07100000000003774 -0.02200000000003404 0
0.0710000000000393 -0.02100000000003435 0
0.07100000000004088 -0.02000000000003274 0
0.07100000000004246 -0.01900000000003112 0
0.07100000000004401 -0.01800000000003144 0
0.0710000000000456 -0.01700000000003013 0
0.07100000000004718 -0.01600000000002798 0
0.07100000000004873 -0.01500000000002659 0
0.07100000000005031 -0.01400000000002704 0
0.0710000000000519 -0.01300000000002577 0
0.07100000000005348 -0.01200000000002362 0
0.07100000000005505 -0.01100000000002248 0
0.0710000000000566 -0.01000000000002277 0
0.0710000000000582 -0.009000000000021005 0
0.07100000000005978 -0.008000000000018824 0
0.07100000000006136 -0.007000000000017719 0
0.07100000000006296 -0.006000000000017677 0
0.07100000000006451 -0.005000000000015215 0
0.07100000000006609 -0.004000000000012688 0
0.07100000000006766 -0.003000000000011539 0
0.07100000000006922 -0.002000000000011332 0
0.0710000000000708 -0.001000000000008808 0
0.07100000000007238 -6.411321126775782e-15 0
0.07100000000007392 0.0009999999999942353 0
0.07100000000007552 0.001999999999994481 0
0.07100000000007708 0.002999999999996937 0
0.07100000000007868 0.003999999999999455 0
0.07199999999992836 -0.09400000000000161 0
0.07199999999992981 -0.09300000000000244 0
0.07199999999993136 -0.09200000000000329 0
0.07199999999993284 -0.09100000000000497 0
0.07199999999993434 -0.09000000000000644 0
0.07199999999993587 -0.0890000000000073 0
0.07199999999993734 -0.08800000000000816 0
0.07199999999993889 -0.08700000000000989 0
0.07199999999994036 -0.0860000000000113 0
0.0719999999999419 -0.08500000000001215 0
0.0719999999999434 -0.08400000000001302 0
0.07199999999994489 -0.08300000000001487 0
0.07199999999994643 -0.08200000000001617 0
0.07199999999994791 -0.081000000000017 0
0.07199999999994944 -0.08000000000001802 0
0.07199999999995095 -0.07900000000001978 0
0.07199999999995244 -0.07800000000002105 0
0.07199999999995393 -0.07700000000002187 0
0.07199999999995546 -0.07600000000002292 0
0.07199999999995693 -0.07500000000002476 0
0.07199999999995846 -0.07400000000002593 0
0.07199999999995996 -0.07300000000002677 0
0.0719999999999615 -0.0720000000000279 0
0.071999999999963 -0.07100000000002975 0
0.07199999999996445 -0.07000000000003073 0
0.07199999999996599 -0.0690000000000318 0
0.07199999999996749 -0.06800000000003362 0
0.07199999999996898 -0.0670000000000348 0
0.0719999999999705 -0.06600000000003561 0
0.071999999999972 -0.06500000000003674 0
0.07199999999997354 -0.06400000000003858 0
0.07199999999997504 -0.06300000000003964 0
0.07199999999997653 -0.06200000000004047 0
0.07199999999997805 -0.06100000000004169 0
0.07199999999997955 -0.06000000000004348 0
0.07199999999998105 -0.0590000000000445 0
0.07199999999998255 -0.05800000000004583 0
0.07199999999998408 -0.05700000000004838 0
0.07199999999998558 -0.05600000000005002 0
0.07199999999998709 -0.05500000000005128 0
0.07199999999998857 -0.05400000000005228 0
0.07199999999999009 -0.05300000000005363 0
0.0719999999999916 -0.05200000000005493 0
0.0719999999999931 -0.05100000000005613 0
0.07199999999999462 -0.05000000000005719 0
0.07199999999999612 -0.04900000000005852 0
0.07199999999999764 -0.04800000000005984 0
0.07199999999999913 -0.04700000000006099 0
0.07200000000000065 -0.0460000000000621 0
0.07200000000000213 -0.04500000000006282 0
0.07200000000000364 -0.04400000000006243 0
0.07200000000000516 -0.04300000000006091 0
0.07200000000000664 -0.04200000000005953 0
0.07200000000000817 -0.04100000000005857 0
0.07200000000000967 -0.04000000000005758 0
0.07200000000001117 -0.03900000000005596 0
0.07200000000001268 -0.03800000000005466 0
0.07200000000001419 -0.03700000000005368 0
0.07200000000001569 -0.03600000000005273 0
0.07200000000001719 -0.03500000000005096 0
0.07200000000001872 -0.0340000000000498 0
0.07200000000002023 -0.03300000000004896 0
0.07200000000002174 -0.03200000000004848 0
0.07200000000002324 -0.03100000000004674 0
0.07200000000002474 -0.03000000000004491 0
0.07200000000002624 -0.02900000000004519 0
0.07200000000002776 -0.02800000000004398 0
0.07200000000002926 -0.02700000000004176 0
0.07200000000003078 -0.02600000000004016 0
0.07200000000003226 -0.02500000000004043 0
0.07200000000003379 -0.024000000000039 0
0.0720000000000353 -0.02300000000003679 0
0.07200000000003678 -0.02200000000003541 0
0.07200000000003828 -0.0210000000000357 0
0.07200000000003982 -0.02000000000003402 0
0.07200000000004131 -0.01900000000003233 0
0.07200000000004281 -0.01800000000003262 0
0.07200000000004432 -0.01700000000003125 0
0.07200000000004581 -0.01600000000002903 0
0.07200000000004733 -0.01500000000002759 0
0.07200000000004886 -0.014000000000028 0
0.07200000000005037 -0.01300000000002665 0
0.07200000000005186 -0.01200000000002442 0
0.07200000000005335 -0.01100000000002323 0
0.07200000000005487 -0.01000000000002349 0
0.07200000000005635 -0.009000000000021656 0
0.07200000000005785 -0.008000000000019408 0
0.07200000000005939 -0.007000000000018253 0
0.0720000000000609 -0.006000000000018187 0
0.07200000000006242 -0.005000000000015673 0
0.07200000000006392 -0.004000000000013085 0
0.0720000000000654 -0.003000000000011906 0
0.0720000000000669 -0.002000000000011674 0
0.07200000000006843 -0.001000000000009093 0
0.07200000000006992 -6.634666774307796e-15 0
0.07200000000007147 0.0009999999999940534 0
0.07200000000007296 0.00199999999999433 0
0.07200000000007446 0.002999999999996847 0
0.07200000000007596 0.003999999999999421 0
0.07299999999993113 -0.09400000000000164 0
0.07299999999993258 -0.09300000000000255 0
0.07299999999993402 -0.09200000000000344 0
0.07299999999993546 -0.09100000000000517 0
0.07299999999993693 -0.0900000000000067 0
0.07299999999993836 -0.08900000000000763 0
0.07299999999993982 -0.08800000000000856 0
0.07299999999994126 -0.08700000000001032 0
0.07299999999994274 -0.08600000000001183 0
0.07299999999994419 -0.08500000000001266 0
0.07299999999994562 -0.08400000000001365 0
0.07299999999994707 -0.08300000000001552 0
0.07299999999994855 -0.08200000000001689 0
0.07299999999994998 -0.08100000000001779 0
0.07299999999995142 -0.08000000000001883 0
0.07299999999995291 -0.07900000000002065 0
0.07299999999995435 -0.07800000000002194 0
0.07299999999995579 -0.07700000000002286 0
0.07299999999995722 -0.07600000000002399 0
0.07299999999995868 -0.07500000000002584 0
0.07299999999996011 -0.07400000000002704 0
0.0729999999999616 -0.07300000000002793 0
0.07299999999996303 -0.07200000000002915 0
0.07299999999996451 -0.07100000000003101 0
0.07299999999996595 -0.07000000000003211 0
0.07299999999996738 -0.06900000000003322 0
0.07299999999996885 -0.06800000000003506 0
0.0729999999999703 -0.06700000000003629 0
0.07299999999997174 -0.06600000000003715 0
0.0729999999999732 -0.06500000000003836 0
0.07299999999997467 -0.06400000000004023 0
0.07299999999997611 -0.06300000000004136 0
0.07299999999997754 -0.06200000000004224 0
0.072999999999979 -0.06100000000004353 0
0.07299999999998046 -0.06000000000004536 0
0.07299999999998191 -0.05900000000004642 0
0.07299999999998334 -0.05800000000004782 0
0.07299999999998481 -0.05700000000005043 0
0.07299999999998626 -0.05600000000005216 0
0.07299999999998769 -0.05500000000005346 0
0.07299999999998914 -0.05400000000005454 0
0.0729999999999906 -0.05300000000005592 0
0.07299999999999204 -0.05200000000005728 0
0.07299999999999351 -0.05100000000005854 0
0.07299999999999494 -0.05000000000005966 0
0.07299999999999643 -0.04900000000006104 0
0.07299999999999784 -0.0480000000000624 0
0.07299999999999932 -0.0470000000000636 0
0.07300000000000076 -0.04600000000006477 0
0.0730000000000022 -0.04500000000006552 0
0.07300000000000365 -0.04400000000006512 0
0.0730000000000051 -0.04300000000006354 0
0.07300000000000655 -0.04200000000006208 0
0.073000000000008 -0.04100000000006106 0
0.07300000000000947 -0.04000000000006002 0
0.07300000000001092 -0.03900000000005833 0
0.07300000000001236 -0.03800000000005699 0
0.0730000000000138 -0.03700000000005595 0
0.07300000000001525 -0.03600000000005493 0
0.0730000000000167 -0.0350000000000531 0
0.07300000000001815 -0.03400000000005188 0
0.0730000000000196 -0.033000000000051 0
0.07300000000002106 -0.03200000000005045 0
0.07300000000002251 -0.03100000000004862 0
0.07300000000002395 -0.03000000000004674 0
0.07300000000002541 -0.02900000000004698 0
0.07300000000002686 -0.02800000000004571 0
0.07300000000002831 -0.02700000000004342 0
0.07300000000002975 -0.02600000000004177 0
0.07300000000003123 -0.02500000000004201 0
0.07300000000003266 -0.02400000000004052 0
0.07300000000003411 -0.02300000000003823 0
0.07300000000003555 -0.02200000000003679 0
0.07300000000003701 -0.02100000000003703 0
0.07300000000003845 -0.0200000000000353 0
0.07300000000003991 -0.01900000000003355 0
0.07300000000004135 -0.01800000000003379 0
0.07300000000004281 -0.01700000000003237 0
0.07300000000004427 -0.01600000000003008 0
0.07300000000004571 -0.01500000000002857 0
0.07300000000004715 -0.01400000000002894 0
0.07300000000004861 -0.01300000000002752 0
0.07300000000005008 -0.01200000000002524 0
0.07300000000005152 -0.01100000000002398 0
0.07300000000005297 -0.01000000000002421 0
0.07300000000005442 -0.009000000000022304 0
0.07300000000005587 -0.008000000000019991 0
0.07300000000005731 -0.007000000000018787 0
0.07300000000005875 -0.006000000000018697 0
0.0730000000000602 -0.005000000000016132 0
0.07300000000006168 -0.004000000000013485 0
0.07300000000006313 -0.00300000000001227 0
0.07300000000006457 -0.002000000000012019 0
0.07300000000006604 -0.001000000000009378 0
0.07300000000006747 -6.856928219667324e-15 0
0.07300000000006891 0.0009999999999938715 0
0.07300000000007037 0.001999999999994179 0
0.07300000000007181 0.002999999999996756 0
0.07300000000007324 0.003999999999999389 0
0.07399999999993172 -0.09400000000000169 0
0.07399999999993313 -0.09300000000000266 0
0.07399999999993453 -0.09200000000000363 0
0.07399999999993592 -0.09100000000000537 0
0.07399999999993734 -0.09000000000000695 0
0.07399999999993877 -0.08900000000000796 0
0.07399999999994017 -0.08800000000000893 0
0.07399999999994161 -0.08700000000001078 0
0.073999999999943 -0.08600000000001225 0
0.07399999999994443 -0.08500000000001322 0
0.07399999999994585 -0.08400000000001426 0
0.07399999999994726 -0.08300000000001616 0
0.07399999999994869 -0.08200000000001753 0
0.07399999999995008 -0.08100000000001854 0
0.07399999999995152 -0.08000000000001964 0
0.07399999999995295 -0.07900000000002151 0
0.07399999999995435 -0.07800000000002286 0
0.07399999999995577 -0.07700000000002381 0
0.07399999999995718 -0.07600000000002503 0
0.07399999999995861 -0.07500000000002691 0
0.07399999999996003 -0.07400000000002815 0
0.07399999999996143 -0.07300000000002914 0
0.07399999999996285 -0.07200000000003041 0
0.07399999999996426 -0.0710000000000323 0
0.07399999999996568 -0.07000000000003344 0
0.07399999999996711 -0.06900000000003464 0
0.07399999999996851 -0.0680000000000365 0
0.07399999999996994 -0.06700000000003779 0
0.07399999999997134 -0.06600000000003874 0
0.07399999999997275 -0.06500000000004 0
0.07399999999997417 -0.06400000000004187 0
0.0739999999999756 -0.06300000000004308 0
0.073999999999977 -0.06200000000004401 0
0.07399999999997842 -0.06100000000004538 0
0.07399999999997983 -0.06000000000004724 0
0.07399999999998125 -0.05900000000004835 0
0.07399999999998269 -0.05800000000004982 0
0.07399999999998411 -0.05700000000005251 0
0.07399999999998549 -0.0560000000000543 0
0.07399999999998695 -0.05500000000005565 0
0.07399999999998837 -0.05400000000005677 0
0.07399999999998977 -0.05300000000005821 0
0.07399999999999118 -0.05200000000005962 0
0.0739999999999926 -0.05100000000006092 0
0.07399999999999402 -0.05000000000006211 0
0.07399999999999543 -0.04900000000006354 0
0.07399999999999686 -0.04800000000006496 0
0.07399999999999826 -0.04700000000006623 0
0.07399999999999969 -0.04600000000006745 0
0.07400000000000111 -0.04500000000006823 0
0.07400000000000251 -0.04400000000006779 0
0.07400000000000392 -0.04300000000006615 0
0.07400000000000534 -0.04200000000006464 0
0.07400000000000675 -0.04100000000006355 0
0.07400000000000817 -0.04000000000006246 0
0.07400000000000959 -0.03900000000006072 0
0.074000000000011 -0.0380000000000593 0
0.07400000000001244 -0.03700000000005822 0
0.07400000000001385 -0.03600000000005715 0
0.07400000000001525 -0.03500000000005526 0
0.07400000000001666 -0.03400000000005399 0
0.07400000000001811 -0.03300000000005303 0
0.07400000000001949 -0.0320000000000524 0
0.07400000000002094 -0.03100000000005054 0
0.07400000000002233 -0.03000000000004857 0
0.07400000000002374 -0.02900000000004878 0
0.07400000000002516 -0.02800000000004745 0
0.0740000000000266 -0.02700000000004509 0
0.07400000000002802 -0.02600000000004338 0
0.07400000000002943 -0.02500000000004357 0
0.07400000000003085 -0.02400000000004202 0
0.07400000000003228 -0.02300000000003966 0
0.07400000000003369 -0.02200000000003817 0
0.07400000000003509 -0.02100000000003838 0
0.07400000000003652 -0.02000000000003658 0
0.07400000000003794 -0.01900000000003477 0
0.07400000000003935 -0.01800000000003497 0
0.07400000000004076 -0.0170000000000335 0
0.07400000000004217 -0.01600000000003113 0
0.0740000000000436 -0.01500000000002957 0
0.07400000000004502 -0.01400000000002989 0
0.07400000000004642 -0.0130000000000284 0
0.07400000000004786 -0.01200000000002604 0
0.07400000000004925 -0.01100000000002473 0
0.07400000000005071 -0.01000000000002492 0
0.07400000000005209 -0.009000000000022953 0
0.07400000000005352 -0.008000000000020571 0
0.07400000000005492 -0.007000000000019322 0
0.07400000000005637 -0.006000000000019207 0
0.07400000000005777 -0.005000000000016588 0
0.07400000000005919 -0.004000000000013885 0
0.07400000000006057 -0.003000000000012635 0
0.07400000000006203 -0.002000000000012361 0
0.0740000000000634 -0.001000000000009662 0
0.07400000000006486 -7.079840186330344e-15 0
0.07400000000006626 0.0009999999999936878 0
0.07400000000006769 0.001999999999994027 0
0.07400000000006909 0.002999999999996665 0
0.07400000000007051 0.003999999999999358 0
0.07499999999993495 -0.09400000000000171 0
0.07499999999993633 -0.09300000000000277 0
0.07499999999993766 -0.09200000000000379 0
0.074999999999939 -0.09100000000000559 0
0.07499999999994036 -0.09000000000000723 0
0.07499999999994177 -0.08900000000000827 0
0.0749999999999431 -0.08800000000000933 0
0.07499999999994444 -0.08700000000001118 0
0.0749999999999458 -0.08600000000001276 0
0.07499999999994716 -0.08500000000001375 0
0.07499999999994851 -0.08400000000001487 0
0.07499999999994983 -0.08300000000001678 0
0.07499999999995124 -0.08200000000001828 0
0.07499999999995255 -0.08100000000001931 0
0.07499999999995394 -0.08000000000002049 0
0.07499999999995528 -0.07900000000002239 0
0.07499999999995663 -0.07800000000002376 0
0.07499999999995799 -0.07700000000002481 0
0.07499999999995935 -0.07600000000002606 0
0.07499999999996071 -0.07500000000002797 0
0.07499999999996206 -0.07400000000002932 0
0.07499999999996343 -0.07300000000003035 0
0.07499999999996479 -0.07200000000003168 0
0.07499999999996615 -0.07100000000003362 0
0.07499999999996748 -0.07000000000003478 0
0.07499999999996884 -0.06900000000003602 0
0.07499999999997022 -0.06800000000003795 0
0.07499999999997155 -0.06700000000003929 0
0.07499999999997289 -0.06600000000004029 0
0.07499999999997425 -0.06500000000004164 0
0.07499999999997561 -0.06400000000004355 0
0.07499999999997697 -0.0630000000000448 0
0.07499999999997833 -0.06200000000004582 0
0.07499999999997969 -0.06100000000004722 0
0.07499999999998105 -0.06000000000004911 0
0.07499999999998241 -0.0590000000000503 0
0.07499999999998375 -0.0580000000000518 0
0.07499999999998511 -0.05700000000005458 0
0.07499999999998648 -0.05600000000005641 0
0.07499999999998784 -0.05500000000005783 0
0.07499999999998919 -0.05400000000005902 0
0.07499999999999056 -0.0530000000000605 0
0.07499999999999191 -0.05200000000006197 0
0.07499999999999324 -0.05100000000006333 0
0.07499999999999463 -0.05000000000006458 0
0.07499999999999596 -0.04900000000006606 0
0.07499999999999732 -0.04800000000006752 0
0.07499999999999868 -0.04700000000006885 0
0.07500000000000004 -0.04600000000007012 0
0.07500000000000139 -0.04500000000007092 0
0.07500000000000273 -0.04400000000007045 0
0.07500000000000409 -0.04300000000006876 0
0.07500000000000545 -0.04200000000006718 0
0.07500000000000681 -0.04100000000006606 0
0.07500000000000817 -0.04000000000006491 0
0.0750000000000095 -0.0390000000000631 0
0.07500000000001089 -0.03800000000006162 0
0.07500000000001222 -0.03700000000006049 0
0.07500000000001358 -0.03600000000005938 0
0.07500000000001494 -0.03500000000005741 0
0.07500000000001628 -0.03400000000005608 0
0.07500000000001766 -0.03300000000005506 0
0.075000000000019 -0.03200000000005438 0
0.07500000000002036 -0.03100000000005243 0
0.07500000000002172 -0.0300000000000504 0
0.07500000000002308 -0.02900000000005057 0
0.07500000000002445 -0.02800000000004919 0
0.07500000000002577 -0.02700000000004675 0
0.07500000000002716 -0.02600000000004498 0
0.07500000000002849 -0.02500000000004515 0
0.07500000000002988 -0.02400000000004352 0
0.07500000000003121 -0.02300000000004111 0
0.07500000000003257 -0.02200000000003955 0
0.07500000000003393 -0.02100000000003972 0
0.07500000000003529 -0.02000000000003786 0
0.07500000000003666 -0.01900000000003598 0
0.07500000000003798 -0.01800000000003616 0
0.07500000000003935 -0.01700000000003461 0
0.07500000000004071 -0.01600000000003218 0
0.07500000000004207 -0.01500000000003056 0
0.07500000000004342 -0.01400000000003085 0
0.07500000000004475 -0.01300000000002929 0
0.07500000000004614 -0.01200000000002685 0
0.07500000000004749 -0.01100000000002548 0
0.07500000000004885 -0.01000000000002564 0
0.07500000000005021 -0.009000000000023605 0
0.07500000000005157 -0.00800000000002115 0
0.07500000000005291 -0.007000000000019857 0
0.07500000000005425 -0.006000000000019714 0
0.07500000000005565 -0.005000000000017046 0
0.07500000000005698 -0.004000000000014286 0
0.07500000000005834 -0.003000000000012999 0
0.0750000000000597 -0.002000000000012706 0
0.07500000000006106 -0.001000000000009948 0
0.07500000000006242 -7.302318472124369e-15 0
0.07500000000006375 0.0009999999999935054 0
0.07500000000006514 0.001999999999993876 0
0.07500000000006646 0.002999999999996576 0
0.07500000000006786 0.003999999999999325 0
0.07599999999993816 -0.09400000000000175 0
0.07599999999993948 -0.09300000000000287 0
0.07599999999994081 -0.09200000000000402 0
0.07599999999994207 -0.09100000000000581 0
0.07599999999994339 -0.09000000000000749 0
0.07599999999994465 -0.0890000000000086 0
0.07599999999994596 -0.08800000000000972 0
0.07599999999994726 -0.0870000000000116 0
0.07599999999994854 -0.08600000000001325 0
0.07599999999994986 -0.08500000000001433 0
0.07599999999995116 -0.08400000000001552 0
0.07599999999995245 -0.08300000000001742 0
0.07599999999995377 -0.08200000000001895 0
0.07599999999995505 -0.08100000000002007 0
0.07599999999995634 -0.0800000000000213 0
0.07599999999995762 -0.0790000000000232 0
0.07599999999995892 -0.07800000000002467 0
0.07599999999996022 -0.0770000000000258 0
0.07599999999996152 -0.07600000000002709 0
0.07599999999996282 -0.07500000000002907 0
0.07599999999996411 -0.07400000000003043 0
0.07599999999996539 -0.07300000000003151 0
0.07599999999996668 -0.07200000000003293 0
0.075999999999968 -0.0710000000000349 0
0.07599999999996927 -0.07000000000003614 0
0.07599999999997055 -0.06900000000003745 0
0.07599999999997188 -0.06800000000003939 0
0.07599999999997317 -0.06700000000004079 0
0.07599999999997445 -0.06600000000004189 0
0.07599999999997574 -0.06500000000004322 0
0.07599999999997702 -0.0640000000000452 0
0.07599999999997833 -0.06300000000004649 0
0.07599999999997964 -0.06200000000004761 0
0.07599999999998094 -0.06100000000004906 0
0.07599999999998225 -0.06000000000005099 0
0.07599999999998353 -0.05900000000005224 0
0.07599999999998483 -0.05800000000005382 0
0.07599999999998613 -0.05700000000005664 0
0.07599999999998741 -0.05600000000005854 0
0.07599999999998872 -0.05500000000006 0
0.07599999999998999 -0.05400000000006126 0
0.07599999999999132 -0.0530000000000628 0
0.0759999999999926 -0.0520000000000643 0
0.07599999999999386 -0.05100000000006573 0
0.0759999999999952 -0.05000000000006703 0
0.07599999999999647 -0.04900000000006855 0
0.07599999999999776 -0.04800000000007008 0
0.07599999999999907 -0.04700000000007145 0
0.07600000000000037 -0.04600000000007279 0
0.07600000000000165 -0.04500000000007363 0
0.07600000000000294 -0.04400000000007312 0
0.07600000000000426 -0.04300000000007137 0
0.07600000000000556 -0.04200000000006972 0
0.07600000000000684 -0.04100000000006854 0
0.07600000000000813 -0.04000000000006736 0
0.07600000000000941 -0.03900000000006548 0
0.07600000000001073 -0.03800000000006394 0
0.07600000000001202 -0.03700000000006277 0
0.07600000000001331 -0.03600000000006159 0
0.07600000000001461 -0.03500000000005957 0
0.07600000000001592 -0.03400000000005818 0
0.07600000000001721 -0.03300000000005711 0
0.07600000000001848 -0.03200000000005635 0
0.07600000000001979 -0.03100000000005432 0
0.07600000000002109 -0.03000000000005224 0
0.07600000000002237 -0.02900000000005237 0
0.07600000000002367 -0.02800000000005094 0
0.07600000000002495 -0.02700000000004843 0
0.07600000000002627 -0.02600000000004659 0
0.07600000000002757 -0.02500000000004671 0
0.07600000000002884 -0.02400000000004504 0
0.07600000000003014 -0.02300000000004254 0
0.07600000000003146 -0.02200000000004092 0
0.07600000000003272 -0.02100000000004107 0
0.07600000000003404 -0.02000000000003913 0
0.07600000000003534 -0.0190000000000372 0
0.07600000000003662 -0.01800000000003734 0
0.07600000000003793 -0.01700000000003573 0
0.07600000000003922 -0.01600000000003323 0
0.07600000000004051 -0.01500000000003155 0
0.07600000000004181 -0.0140000000000318 0
0.0760000000000431 -0.01300000000003017 0
0.07600000000004439 -0.01200000000002766 0
0.07600000000004567 -0.01100000000002624 0
0.07600000000004699 -0.01000000000002635 0
0.07600000000004827 -0.009000000000024258 0
0.07600000000004957 -0.008000000000021733 0
0.07600000000005087 -0.00700000000002039 0
0.07600000000005215 -0.006000000000020224 0
0.07600000000005346 -0.005000000000017506 0
0.07600000000005476 -0.004000000000014685 0
0.07600000000005604 -0.003000000000013365 0
0.07600000000005736 -0.002000000000013049 0
0.07600000000005866 -0.001000000000010233 0
0.07600000000005992 -7.525230438787389e-15 0
0.07600000000006123 0.0009999999999933229 0
0.07600000000006253 0.001999999999993726 0
0.07600000000006381 0.002999999999996486 0
0.07600000000006511 0.003999999999999292 0
0.07699999999993876 -0.0940000000000018 0
0.07699999999994001 -0.09300000000000296 0
0.0769999999999413 -0.09200000000000418 0
0.07699999999994253 -0.09100000000000603 0
0.07699999999994384 -0.09000000000000771 0
0.07699999999994508 -0.08900000000000893 0
0.07699999999994633 -0.0880000000000101 0
0.07699999999994762 -0.08700000000001207 0
0.07699999999994886 -0.08600000000001372 0
0.07699999999995011 -0.08500000000001487 0
0.07699999999995139 -0.08400000000001609 0
0.07699999999995263 -0.08300000000001809 0
0.07699999999995391 -0.08200000000001965 0
0.07699999999995516 -0.08100000000002083 0
0.07699999999995641 -0.08000000000002214 0
0.07699999999995769 -0.07900000000002408 0
0.07699999999995896 -0.0780000000000256 0
0.07699999999996021 -0.0770000000000268 0
0.07699999999996149 -0.07600000000002816 0
0.07699999999996274 -0.07500000000003014 0
0.07699999999996399 -0.07400000000003155 0
0.07699999999996526 -0.07300000000003275 0
0.07699999999996653 -0.07200000000003418 0
0.07699999999996779 -0.07100000000003617 0
0.07699999999996907 -0.07000000000003749 0
0.07699999999997031 -0.06900000000003885 0
0.07699999999997156 -0.06800000000004083 0
0.07699999999997281 -0.06700000000004229 0
0.07699999999997409 -0.06600000000004344 0
0.07699999999997534 -0.06500000000004488 0
0.07699999999997661 -0.06400000000004687 0
0.07699999999997788 -0.06300000000004821 0
0.07699999999997914 -0.0620000000000494 0
0.07699999999998039 -0.06100000000005089 0
0.07699999999998164 -0.06000000000005287 0
0.07699999999998292 -0.05900000000005417 0
0.07699999999998416 -0.05800000000005584 0
0.07699999999998544 -0.05700000000005873 0
0.07699999999998669 -0.05600000000006067 0
0.07699999999998797 -0.05500000000006217 0
0.07699999999998922 -0.0540000000000635 0
0.07699999999999046 -0.05300000000006509 0
0.07699999999999174 -0.05200000000006665 0
0.07699999999999299 -0.05100000000006814 0
0.07699999999999427 -0.05000000000006949 0
0.07699999999999554 -0.04900000000007106 0
0.07699999999999677 -0.04800000000007262 0
0.07699999999999804 -0.04700000000007407 0
0.07699999999999929 -0.04600000000007547 0
0.07700000000000057 -0.04500000000007631 0
0.07700000000000184 -0.04400000000007579 0
0.07700000000000309 -0.04300000000007399 0
0.07700000000000437 -0.04200000000007228 0
0.07700000000000562 -0.04100000000007104 0
0.0770000000000069 -0.04000000000006981 0
0.07700000000000815 -0.03900000000006786 0
0.07700000000000942 -0.03800000000006627 0
0.07700000000001067 -0.03700000000006503 0
0.07700000000001192 -0.0360000000000638 0
0.0770000000000132 -0.03500000000006172 0
0.07700000000001445 -0.03400000000006028 0
0.07700000000001572 -0.03300000000005914 0
0.07700000000001697 -0.03200000000005832 0
0.07700000000001825 -0.03100000000005623 0
0.0770000000000195 -0.03000000000005407 0
0.07700000000002075 -0.02900000000005416 0
0.07700000000002202 -0.02800000000005267 0
0.07700000000002327 -0.0270000000000501 0
0.07700000000002456 -0.02600000000004819 0
0.0770000000000258 -0.02500000000004829 0
0.07700000000002707 -0.02400000000004655 0
0.07700000000002832 -0.02300000000004397 0
0.07700000000002957 -0.02200000000004231 0
0.07700000000003085 -0.0210000000000424 0
0.0770000000000321 -0.02000000000004042 0
0.07700000000003338 -0.01900000000003842 0
0.07700000000003462 -0.01800000000003853 0
0.0770000000000359 -0.01700000000003686 0
0.07700000000003715 -0.01600000000003428 0
0.0770000000000384 -0.01500000000003254 0
0.07700000000003969 -0.01400000000003274 0
0.07700000000004095 -0.01300000000003105 0
0.0770000000000422 -0.01200000000002847 0
0.07700000000004345 -0.01100000000002699 0
0.07700000000004473 -0.01000000000002707 0
0.077000000000046 -0.009000000000024906 0
0.07700000000004723 -0.008000000000022312 0
0.0770000000000485 -0.007000000000020924 0
0.07700000000004978 -0.006000000000020731 0
0.07700000000005103 -0.00500000000001796 0
0.07700000000005229 -0.004000000000015084 0
0.07700000000005355 -0.00300000000001373 0
0.07700000000005483 -0.002000000000013392 0
0.07700000000005609 -0.001000000000010518 0
0.07700000000005734 -7.749660288491889e-15 0
0.0770000000000586 0.0009999999999931407 0
0.07700000000005985 0.001999999999993575 0
0.07700000000006109 0.002999999999996394 0
0.07700000000006238 0.003999999999999261 0
0.07799999999994156 -0.09400000000000185 0
0.07799999999994277 -0.09300000000000307 0
0.07799999999994398 -0.09200000000000433 0
0.0779999999999452 -0.09100000000000626 0
0.07799999999994642 -0.090000000000008 0
0.07799999999994757 -0.08900000000000924 0
0.07799999999994883 -0.08800000000001051 0
0.07799999999995001 -0.08700000000001244 0
0.07799999999995122 -0.08600000000001422 0
0.07799999999995241 -0.08500000000001544 0
0.07799999999995362 -0.0840000000000167 0
0.07799999999995483 -0.08300000000001874 0
0.07799999999995605 -0.08200000000002033 0
0.07799999999995724 -0.08100000000002161 0
0.07799999999995846 -0.08000000000002298 0
0.07799999999995966 -0.07900000000002493 0
0.07799999999996085 -0.07800000000002651 0
0.07799999999996207 -0.07700000000002777 0
0.07799999999996327 -0.07600000000002917 0
0.0779999999999645 -0.07500000000003119 0
0.07799999999996568 -0.07400000000003269 0
0.07799999999996687 -0.07300000000003391 0
0.07799999999996809 -0.07200000000003542 0
0.07799999999996929 -0.07100000000003745 0
0.07799999999997051 -0.07000000000003885 0
0.0779999999999717 -0.06900000000004025 0
0.0779999999999729 -0.06800000000004228 0
0.07799999999997412 -0.06700000000004379 0
0.07799999999997531 -0.06600000000004498 0
0.0779999999999765 -0.06500000000004651 0
0.07799999999997773 -0.06400000000004855 0
0.07799999999997892 -0.06300000000004993 0
0.07799999999998014 -0.06200000000005119 0
0.07799999999998133 -0.06100000000005272 0
0.07799999999998253 -0.06000000000005472 0
0.07799999999998375 -0.0590000000000561 0
0.07799999999998497 -0.05800000000005785 0
0.07799999999998616 -0.05700000000006079 0
0.07799999999998738 -0.05600000000006278 0
0.07799999999998858 -0.05500000000006435 0
0.07799999999998977 -0.05400000000006574 0
0.07799999999999097 -0.05300000000006738 0
0.07799999999999219 -0.05200000000006898 0
0.07799999999999341 -0.05100000000007052 0
0.0779999999999946 -0.05000000000007195 0
0.07799999999999582 -0.04900000000007358 0
0.07799999999999699 -0.04800000000007518 0
0.07799999999999821 -0.04700000000007669 0
0.07799999999999943 -0.04600000000007814 0
0.07800000000000062 -0.045000000000079 0
0.07800000000000182 -0.04400000000007848 0
0.07800000000000304 -0.04300000000007659 0
0.07800000000000426 -0.04200000000007484 0
0.07800000000000545 -0.04100000000007356 0
0.07800000000000665 -0.04000000000007225 0
0.07800000000000787 -0.03900000000007025 0
0.07800000000000906 -0.03800000000006858 0
0.07800000000001026 -0.03700000000006729 0
0.07800000000001148 -0.03600000000006602 0
0.07800000000001267 -0.03500000000006386 0
0.07800000000001386 -0.03400000000006237 0
0.07800000000001509 -0.03300000000006117 0
0.07800000000001631 -0.03200000000006029 0
0.0780000000000175 -0.03100000000005812 0
0.07800000000001869 -0.0300000000000559 0
0.07800000000001991 -0.02900000000005596 0
0.07800000000002111 -0.0280000000000544 0
0.0780000000000223 -0.02700000000005176 0
0.07800000000002352 -0.02600000000004979 0
0.07800000000002472 -0.02500000000004986 0
0.07800000000002594 -0.02400000000004805 0
0.07800000000002713 -0.02300000000004542 0
0.07800000000002835 -0.02200000000004368 0
0.07800000000002955 -0.02100000000004375 0
0.07800000000003077 -0.02000000000004169 0
0.07800000000003196 -0.01900000000003963 0
0.07800000000003318 -0.01800000000003971 0
0.07800000000003438 -0.01700000000003798 0
0.07800000000003557 -0.01600000000003533 0
0.07800000000003679 -0.01500000000003353 0
0.07800000000003798 -0.0140000000000337 0
0.07800000000003918 -0.01300000000003192 0
0.0780000000000404 -0.01200000000002927 0
0.07800000000004159 -0.01100000000002774 0
0.07800000000004283 -0.01000000000002778 0
0.07800000000004401 -0.009000000000025557 0
0.07800000000004523 -0.008000000000022888 0
0.07800000000004642 -0.007000000000021453 0
0.07800000000004761 -0.006000000000021244 0
0.07800000000004884 -0.005000000000018418 0
0.07800000000005003 -0.004000000000015482 0
0.07800000000005125 -0.003000000000014096 0
0.07800000000005244 -0.002000000000013736 0
0.07800000000005367 -0.001000000000010803 0
0.07800000000005487 -7.97170489341692e-15 0
0.07800000000005605 0.0009999999999929575 0
0.07800000000005729 0.001999999999993425 0
0.07800000000005847 0.002999999999996305 0
0.07800000000005967 0.003999999999999228 0
0.07899999999994559 -0.09400000000000187 0
0.07899999999994674 -0.09300000000000318 0
0.07899999999994785 -0.09200000000000451 0
0.07899999999994899 -0.09100000000000649 0
0.07899999999995014 -0.09000000000000825 0
0.07899999999995128 -0.08900000000000956 0
0.0789999999999524 -0.08800000000001094 0
0.07899999999995352 -0.08700000000001287 0
0.07899999999995469 -0.08600000000001466 0
0.07899999999995581 -0.08500000000001595 0
0.07899999999995695 -0.08400000000001732 0
0.07899999999995806 -0.08300000000001936 0
0.07899999999995921 -0.08200000000002104 0
0.07899999999996035 -0.08100000000002237 0
0.07899999999996149 -0.08000000000002377 0
0.07899999999996264 -0.07900000000002579 0
0.07899999999996377 -0.07800000000002744 0
0.07899999999996489 -0.07700000000002874 0
0.07899999999996606 -0.07600000000003024 0
0.07899999999996719 -0.07500000000003228 0
0.0789999999999683 -0.0740000000000338 0
0.07899999999996943 -0.07300000000003512 0
0.07899999999997061 -0.07200000000003669 0
0.07899999999997172 -0.07100000000003877 0
0.07899999999997284 -0.07000000000004021 0
0.07899999999997398 -0.06900000000004168 0
0.07899999999997515 -0.06800000000004372 0
0.07899999999997627 -0.06700000000004527 0
0.07899999999997741 -0.06600000000004659 0
0.07899999999997853 -0.0650000000000481 0
0.07899999999997968 -0.06400000000005018 0
0.07899999999998081 -0.06300000000005164 0
0.07899999999998196 -0.06200000000005296 0
0.07899999999998308 -0.06100000000005458 0
0.07899999999998422 -0.06000000000005661 0
0.07899999999998536 -0.05900000000005803 0
0.0789999999999865 -0.05800000000005984 0
0.07899999999998764 -0.05700000000006287 0
0.07899999999998877 -0.05600000000006492 0
0.0789999999999899 -0.05500000000006656 0
0.07899999999999102 -0.05400000000006799 0
0.0789999999999922 -0.05300000000006968 0
0.07899999999999333 -0.05200000000007134 0
0.07899999999999446 -0.05100000000007292 0
0.07899999999999557 -0.05000000000007441 0
0.07899999999999674 -0.04900000000007608 0
0.07899999999999786 -0.04800000000007777 0
0.07899999999999902 -0.04700000000007931 0
0.07900000000000013 -0.04600000000008082 0
0.07900000000000128 -0.04500000000008171 0
0.0790000000000024 -0.04400000000008115 0
0.07900000000000354 -0.04300000000007921 0
0.07900000000000468 -0.04200000000007738 0
0.07900000000000582 -0.04100000000007605 0
0.07900000000000695 -0.04000000000007471 0
0.07900000000000809 -0.03900000000007262 0
0.07900000000000923 -0.03800000000007092 0
0.07900000000001037 -0.03700000000006957 0
0.07900000000001151 -0.03600000000006824 0
0.07900000000001264 -0.03500000000006602 0
0.07900000000001378 -0.03400000000006446 0
0.07900000000001492 -0.03300000000006321 0
0.07900000000001606 -0.03200000000006226 0
0.07900000000001717 -0.03100000000006 0
0.07900000000001833 -0.03000000000005773 0
0.07900000000001946 -0.02900000000005775 0
0.07900000000002061 -0.02800000000005615 0
0.07900000000002173 -0.02700000000005343 0
0.07900000000002287 -0.02600000000005141 0
0.07900000000002401 -0.02500000000005143 0
0.07900000000002515 -0.02400000000004957 0
0.07900000000002629 -0.02300000000004685 0
0.07900000000002744 -0.02200000000004507 0
0.07900000000002855 -0.02100000000004509 0
0.07900000000002969 -0.02000000000004299 0
0.07900000000003082 -0.01900000000004085 0
0.07900000000003196 -0.01800000000004089 0
0.07900000000003311 -0.0170000000000391 0
0.07900000000003424 -0.01600000000003639 0
0.07900000000003538 -0.01500000000003452 0
0.07900000000003649 -0.01400000000003465 0
0.07900000000003765 -0.0130000000000328 0
0.0790000000000388 -0.01200000000003008 0
0.07900000000003994 -0.01100000000002849 0
0.07900000000004108 -0.0100000000000285 0
0.0790000000000422 -0.009000000000026208 0
0.07900000000004331 -0.008000000000023473 0
0.07900000000004448 -0.007000000000021993 0
0.0790000000000456 -0.006000000000021754 0
0.07900000000004677 -0.005000000000018875 0
0.07900000000004788 -0.004000000000015882 0
0.07900000000004904 -0.00300000000001446 0
0.07900000000005016 -0.002000000000014078 0
0.07900000000005131 -0.001000000000011088 0
0.07900000000005243 -8.195267381383431e-15 0
0.07900000000005357 0.0009999999999927753 0
0.07900000000005471 0.001999999999993274 0
0.07900000000005587 0.002999999999996213 0
0.07900000000005697 0.003999999999999195 0
0.07999999999994852 -0.09400000000000194 0
0.07999999999994958 -0.09300000000000329 0
0.07999999999995065 -0.09200000000000468 0
0.07999999999995172 -0.0910000000000067 0
0.07999999999995283 -0.09000000000000852 0
0.0799999999999539 -0.0890000000000099 0
0.07999999999995498 -0.08800000000001133 0
0.07999999999995605 -0.08700000000001333 0
0.07999999999995711 -0.08600000000001515 0
0.07999999999995823 -0.08500000000001648 0
0.07999999999995931 -0.08400000000001794 0
0.07999999999996038 -0.08300000000002 0
0.07999999999996146 -0.08200000000002175 0
0.07999999999996252 -0.08100000000002311 0
0.0799999999999636 -0.08000000000002462 0
0.07999999999996471 -0.07900000000002666 0
0.07999999999996577 -0.07800000000002831 0
0.07999999999996688 -0.07700000000002973 0
0.0799999999999679 -0.07600000000003125 0
0.07999999999996898 -0.07500000000003336 0
0.07999999999997011 -0.07400000000003498 0
0.07999999999997115 -0.07300000000003633 0
0.07999999999997223 -0.07200000000003794 0
0.07999999999997331 -0.07100000000004003 0
0.0799999999999744 -0.07000000000004153 0
0.07999999999997548 -0.06900000000004305 0
0.07999999999997655 -0.06800000000004516 0
0.07999999999997763 -0.06700000000004679 0
0.0799999999999787 -0.06600000000004816 0
0.07999999999997981 -0.06500000000004971 0
0.07999999999998088 -0.06400000000005183 0
0.07999999999998196 -0.06300000000005335 0
0.07999999999998304 -0.06200000000005474 0
0.07999999999998413 -0.06100000000005641 0
0.07999999999998519 -0.06000000000005847 0
0.07999999999998628 -0.05900000000005996 0
0.07999999999998736 -0.05800000000006182 0
0.07999999999998841 -0.05700000000006495 0
0.07999999999998954 -0.05600000000006704 0
0.07999999999999062 -0.05500000000006872 0
0.07999999999999169 -0.05400000000007022 0
0.07999999999999274 -0.05300000000007197 0
0.07999999999999383 -0.05200000000007368 0
0.07999999999999491 -0.05100000000007533 0
0.07999999999999599 -0.05000000000007687 0
0.07999999999999707 -0.0490000000000786 0
0.07999999999999813 -0.04800000000008032 0
0.07999999999999921 -0.04700000000008192 0
0.08000000000000029 -0.0460000000000835 0
0.08000000000000138 -0.04500000000008441 0
0.08000000000000246 -0.04400000000008381 0
0.08000000000000354 -0.04300000000008181 0
0.08000000000000462 -0.04200000000007992 0
0.08000000000000571 -0.04100000000007854 0
0.08000000000000679 -0.04000000000007714 0
0.08000000000000784 -0.039000000000075 0
0.08000000000000895 -0.03800000000007325 0
0.08000000000001001 -0.03700000000007184 0
0.08000000000001109 -0.03600000000007045 0
0.08000000000001217 -0.03500000000006816 0
0.08000000000001325 -0.03400000000006656 0
0.08000000000001434 -0.03300000000006525 0
0.08000000000001543 -0.03200000000006421 0
0.08000000000001652 -0.03100000000006191 0
0.08000000000001756 -0.03000000000005956 0
0.08000000000001864 -0.02900000000005954 0
0.08000000000001972 -0.02800000000005788 0
0.08000000000002082 -0.02700000000005509 0
0.08000000000002189 -0.02600000000005301 0
0.08000000000002298 -0.02500000000005299 0
0.08000000000002407 -0.02400000000005108 0
0.08000000000002513 -0.02300000000004829 0
0.08000000000002622 -0.02200000000004644 0
0.08000000000002729 -0.02100000000004644 0
0.08000000000002837 -0.02000000000004426 0
0.08000000000002944 -0.01900000000004207 0
0.08000000000003052 -0.01800000000004207 0
0.08000000000003162 -0.01700000000004022 0
0.08000000000003268 -0.01600000000003744 0
0.08000000000003378 -0.01500000000003551 0
0.08000000000003485 -0.0140000000000356 0
0.08000000000003595 -0.01300000000003368 0
0.080000000000037 -0.01200000000003089 0
0.0800000000000381 -0.01100000000002924 0
0.08000000000003916 -0.01000000000002922 0
0.08000000000004028 -0.00900000000002686 0
0.08000000000004132 -0.008000000000024056 0
0.0800000000000424 -0.007000000000022525 0
0.08000000000004349 -0.006000000000022258 0
0.08000000000004455 -0.005000000000019334 0
0.08000000000004565 -0.004000000000016281 0
0.08000000000004671 -0.003000000000014823 0
0.08000000000004778 -0.002000000000014423 0
0.08000000000004888 -0.001000000000011372 0
0.08000000000004995 -8.417745667177456e-15 0
0.08000000000005103 0.0009999999999925917 0
0.08000000000005209 0.001999999999993122 0
0.08000000000005321 0.002999999999996123 0
0.08000000000005425 0.003999999999999164 0
0.08099999999994906 -0.09400000000000196 0
0.08099999999995011 -0.0930000000000034 0
0.08099999999995114 -0.09200000000000487 0
0.08099999999995219 -0.09100000000000689 0
0.08099999999995328 -0.09000000000000878 0
0.0809999999999543 -0.08900000000001024 0
0.08099999999995533 -0.08800000000001171 0
0.08099999999995638 -0.08700000000001376 0
0.08099999999995744 -0.08600000000001559 0
0.08099999999995851 -0.08500000000001703 0
0.08099999999995953 -0.08400000000001856 0
0.08099999999996055 -0.08300000000002064 0
0.0809999999999616 -0.08200000000002243 0
0.08099999999996266 -0.0810000000000239 0
0.08099999999996371 -0.08000000000002545 0
0.08099999999996474 -0.07900000000002752 0
0.08099999999996578 -0.07800000000002927 0
0.08099999999996682 -0.07700000000003071 0
0.08099999999996788 -0.07600000000003233 0
0.08099999999996893 -0.07500000000003441 0
0.08099999999996998 -0.07400000000003609 0
0.08099999999997101 -0.07300000000003751 0
0.08099999999997207 -0.07200000000003919 0
0.08099999999997309 -0.07100000000004132 0
0.08099999999997418 -0.07000000000004286 0
0.08099999999997518 -0.0690000000000445 0
0.08099999999997626 -0.06800000000004661 0
0.08099999999997731 -0.06700000000004827 0
0.08099999999997834 -0.06600000000004971 0
0.08099999999997939 -0.06500000000005135 0
0.08099999999998042 -0.06400000000005347 0
0.08099999999998149 -0.06300000000005508 0
0.08099999999998253 -0.06200000000005652 0
0.08099999999998356 -0.06100000000005824 0
0.08099999999998461 -0.06000000000006036 0
0.08099999999998564 -0.05900000000006191 0
0.08099999999998669 -0.05800000000006384 0
0.08099999999998775 -0.057000000000067 0
0.08099999999998878 -0.05600000000006917 0
0.08099999999998983 -0.05500000000007091 0
0.08099999999999088 -0.05400000000007247 0
0.08099999999999194 -0.05300000000007425 0
0.08099999999999299 -0.05200000000007601 0
0.08099999999999402 -0.05100000000007772 0
0.08099999999999508 -0.05000000000007931 0
0.0809999999999961 -0.0490000000000811 0
0.08099999999999716 -0.04800000000008288 0
0.08099999999999821 -0.04700000000008452 0
0.08099999999999924 -0.04600000000008616 0
0.08100000000000027 -0.04500000000008712 0
0.08100000000000132 -0.04400000000008648 0
0.08100000000000238 -0.04300000000008443 0
0.08100000000000343 -0.04200000000008249 0
0.08100000000000449 -0.04100000000008103 0
0.08100000000000554 -0.04000000000007958 0
0.08100000000000657 -0.03900000000007738 0
0.08100000000000762 -0.03800000000007557 0
0.08100000000000865 -0.03700000000007412 0
0.0810000000000097 -0.03600000000007267 0
0.08100000000001076 -0.03500000000007034 0
0.08100000000001178 -0.03400000000006866 0
0.08100000000001284 -0.03300000000006729 0
0.08100000000001389 -0.03200000000006618 0
0.08100000000001492 -0.03100000000006381 0
0.08100000000001598 -0.03000000000006139 0
0.08100000000001703 -0.02900000000006134 0
0.08100000000001809 -0.02800000000005962 0
0.08100000000001911 -0.02700000000005676 0
0.08100000000002017 -0.02600000000005461 0
0.08100000000002122 -0.02500000000005456 0
0.08100000000002225 -0.02400000000005258 0
0.0810000000000233 -0.02300000000004974 0
0.08100000000002436 -0.02200000000004782 0
0.08100000000002539 -0.02100000000004778 0
0.08100000000002644 -0.02000000000004554 0
0.08100000000002747 -0.01900000000004328 0
0.08100000000002852 -0.01800000000004325 0
0.08100000000002958 -0.01700000000004134 0
0.08100000000003064 -0.01600000000003849 0
0.08100000000003169 -0.0150000000000365 0
0.08100000000003268 -0.01400000000003655 0
0.08100000000003374 -0.01300000000003457 0
0.08100000000003479 -0.0120000000000317 0
0.08100000000003585 -0.01100000000002999 0
0.0810000000000369 -0.01000000000002993 0
0.08100000000003793 -0.009000000000027505 0
0.08100000000003896 -0.008000000000024635 0
0.08100000000004001 -0.007000000000023058 0
0.08100000000004107 -0.006000000000022776 0
0.08100000000004212 -0.005000000000019791 0
0.08100000000004318 -0.004000000000016685 0
0.08100000000004423 -0.003000000000015189 0
0.08100000000004523 -0.002000000000014767 0
0.08100000000004628 -0.001000000000011658 0
0.08100000000004734 -8.640874474274973e-15 0
0.08100000000004839 0.00099999999999241 0
0.08100000000004945 0.001999999999992971 0
0.08100000000005048 0.002999999999996033 0
0.08100000000005152 0.003999999999999131 0
0.08199999999995222 -0.094000000000002 0
0.08199999999995319 -0.09300000000000352 0
0.08199999999995419 -0.09200000000000504 0
0.08199999999995516 -0.09100000000000712 0
0.08199999999995616 -0.09000000000000903 0
0.08199999999995713 -0.08900000000001057 0
0.08199999999995813 -0.0880000000000121 0
0.08199999999995912 -0.08700000000001418 0
0.0819999999999601 -0.08600000000001609 0
0.08199999999996108 -0.08500000000001759 0
0.08199999999996208 -0.08400000000001914 0
0.08199999999996305 -0.08300000000002132 0
0.08199999999996405 -0.0820000000000231 0
0.08199999999996505 -0.08100000000002464 0
0.08199999999996602 -0.08000000000002624 0
0.08199999999996702 -0.07900000000002838 0
0.08199999999996797 -0.07800000000003014 0
0.08199999999996896 -0.07700000000003167 0
0.08199999999996994 -0.07600000000003336 0
0.08199999999997093 -0.0750000000000355 0
0.0819999999999719 -0.07400000000003722 0
0.08199999999997289 -0.07300000000003873 0
0.0819999999999739 -0.07200000000004048 0
0.08199999999997487 -0.07100000000004261 0
0.08199999999997587 -0.07000000000004426 0
0.08199999999997687 -0.06900000000004589 0
0.08199999999997784 -0.06800000000004805 0
0.08199999999997884 -0.06700000000004977 0
0.08199999999997981 -0.06600000000005128 0
0.08199999999998081 -0.06500000000005299 0
0.08199999999998181 -0.06400000000005515 0
0.08199999999998279 -0.06300000000005679 0
0.08199999999998378 -0.06200000000005831 0
0.08199999999998475 -0.06100000000006009 0
0.08199999999998572 -0.06000000000006221 0
0.08199999999998672 -0.05900000000006383 0
0.08199999999998769 -0.05800000000006585 0
0.08199999999998867 -0.05700000000006908 0
0.08199999999998966 -0.05600000000007132 0
0.08199999999999066 -0.05500000000007308 0
0.08199999999999164 -0.05400000000007472 0
0.08199999999999261 -0.05300000000007656 0
0.08199999999999363 -0.05200000000007837 0
0.0819999999999946 -0.05100000000008013 0
0.0819999999999956 -0.05000000000008179 0
0.08199999999999658 -0.0490000000000836 0
0.08199999999999755 -0.04800000000008542 0
0.08199999999999855 -0.04700000000008715 0
0.08199999999999952 -0.04600000000008883 0
0.08200000000000049 -0.04500000000008981 0
0.08200000000000149 -0.04400000000008916 0
0.08200000000000249 -0.04300000000008703 0
0.08200000000000349 -0.04200000000008504 0
0.08200000000000449 -0.04100000000008355 0
0.08200000000000546 -0.04000000000008204 0
0.08200000000000643 -0.03900000000007977 0
0.0820000000000074 -0.03800000000007788 0
0.0820000000000084 -0.03700000000007638 0
0.0820000000000094 -0.03600000000007489 0
0.08200000000001037 -0.03500000000007247 0
0.08200000000001137 -0.03400000000007076 0
0.08200000000001234 -0.03300000000006933 0
0.08200000000001334 -0.03200000000006815 0
0.08200000000001431 -0.0310000000000657 0
0.08200000000001531 -0.03000000000006323 0
0.08200000000001631 -0.02900000000006314 0
0.08200000000001728 -0.02800000000006135 0
0.08200000000001825 -0.02700000000005842 0
0.08200000000001925 -0.02600000000005621 0
0.08200000000002025 -0.02500000000005613 0
0.08200000000002122 -0.02400000000005409 0
0.08200000000002219 -0.02300000000005116 0
0.08200000000002319 -0.02200000000004921 0
0.08200000000002419 -0.02100000000004912 0
0.08200000000002516 -0.02000000000004681 0
0.08200000000002614 -0.0190000000000445 0
0.08200000000002713 -0.01800000000004443 0
0.08200000000002813 -0.01700000000004246 0
0.08200000000002911 -0.01600000000003954 0
0.08200000000003012 -0.0150000000000375 0
0.08200000000003108 -0.0140000000000375 0
0.08200000000003208 -0.01300000000003544 0
0.08200000000003305 -0.0120000000000325 0
0.08200000000003405 -0.01100000000003075 0
0.08200000000003502 -0.01000000000003065 0
0.08200000000003602 -0.009000000000028157 0
0.08200000000003702 -0.008000000000025216 0
0.08200000000003796 -0.007000000000023592 0
0.08200000000003896 -0.00600000000002328 0
0.08200000000003996 -0.00500000000002025 0
0.08200000000004096 -0.004000000000017083 0
0.08200000000004193 -0.003000000000015554 0
0.0820000000000429 -0.00200000000001511 0
0.08200000000004389 -0.001000000000011943 0
0.08200000000004491 -8.863786440937993e-15 0
0.08200000000004583 0.0009999999999922267 0
0.08200000000004684 0.001999999999992821 0
0.08200000000004783 0.002999999999995942 0
0.08200000000004884 0.003999999999999099 0
0.08299999999995621 -0.09400000000000205 0
0.08299999999995711 -0.09300000000000364 0
0.08299999999995807 -0.09200000000000523 0
0.08299999999995894 -0.09100000000000733 0
0.08299999999995986 -0.09000000000000928 0
0.0829999999999608 -0.08900000000001088 0
0.08299999999996172 -0.0880000000000125 0
0.08299999999996263 -0.08700000000001459 0
0.08299999999996355 -0.0860000000000166 0
0.08299999999996446 -0.08500000000001814 0
0.08299999999996537 -0.08400000000001978 0
0.08299999999996628 -0.08300000000002196 0
0.08299999999996722 -0.08200000000002382 0
0.08299999999996813 -0.08100000000002543 0
0.08299999999996904 -0.08000000000002706 0
0.08299999999997 -0.0790000000000292 0
0.08299999999997087 -0.07800000000003109 0
0.08299999999997179 -0.07700000000003268 0
0.08299999999997271 -0.07600000000003437 0
0.08299999999997362 -0.07500000000003658 0
0.08299999999997454 -0.07400000000003837 0
0.08299999999997545 -0.07300000000003991 0
0.08299999999997638 -0.0720000000000417 0
0.08299999999997733 -0.07100000000004389 0
0.08299999999997823 -0.0700000000000456 0
0.08299999999997913 -0.0690000000000473 0
0.08299999999998005 -0.06800000000004949 0
0.08299999999998096 -0.06700000000005128 0
0.08299999999998189 -0.06600000000005282 0
0.08299999999998282 -0.06500000000005463 0
0.08299999999998374 -0.0640000000000568 0
0.08299999999998464 -0.06300000000005851 0
0.08299999999998557 -0.06200000000006011 0
0.08299999999998649 -0.06100000000006194 0
0.08299999999998739 -0.06000000000006408 0
0.08299999999998831 -0.05900000000006578 0
0.08299999999998922 -0.05800000000006785 0
0.08299999999999014 -0.05700000000007115 0
0.08299999999999105 -0.05600000000007342 0
0.08299999999999198 -0.05500000000007527 0
0.08299999999999291 -0.05400000000007695 0
0.08299999999999381 -0.05300000000007885 0
0.08299999999999472 -0.0520000000000807 0
0.08299999999999566 -0.05100000000008251 0
0.08299999999999658 -0.05000000000008423 0
0.08299999999999749 -0.04900000000008613 0
0.08299999999999839 -0.048000000000088 0
0.08299999999999932 -0.04700000000008978 0
0.08300000000000023 -0.04600000000009152 0
0.08300000000000117 -0.04500000000009251 0
0.08300000000000207 -0.04400000000009183 0
0.08300000000000299 -0.04300000000008965 0
0.0830000000000039 -0.04200000000008759 0
0.08300000000000482 -0.04100000000008603 0
0.08300000000000574 -0.04000000000008447 0
0.08300000000000665 -0.03900000000008215 0
0.08300000000000757 -0.03800000000008022 0
0.08300000000000848 -0.03700000000007864 0
0.0830000000000094 -0.03600000000007711 0
0.08300000000001034 -0.03500000000007464 0
0.08300000000001123 -0.03400000000007285 0
0.08300000000001218 -0.03300000000007138 0
0.08300000000001306 -0.03200000000007012 0
0.08300000000001402 -0.0310000000000676 0
0.08300000000001492 -0.03000000000006504 0
0.08300000000001585 -0.02900000000006494 0
0.08300000000001677 -0.0280000000000631 0
0.08300000000001767 -0.02700000000006009 0
0.08300000000001859 -0.02600000000005783 0
0.0830000000000195 -0.02500000000005769 0
0.08300000000002042 -0.0240000000000556 0
0.08300000000002135 -0.02300000000005261 0
0.08300000000002226 -0.02200000000005058 0
0.08300000000002319 -0.02100000000005047 0
0.0830000000000241 -0.0200000000000481 0
0.083000000000025 -0.01900000000004572 0
0.08300000000002594 -0.0180000000000456 0
0.08300000000002686 -0.01700000000004359 0
0.08300000000002777 -0.01600000000004059 0
0.08300000000002869 -0.01500000000003848 0
0.08300000000002961 -0.01400000000003845 0
0.08300000000003052 -0.01300000000003632 0
0.08300000000003144 -0.01200000000003332 0
0.08300000000003237 -0.0110000000000315 0
0.08300000000003327 -0.01000000000003136 0
0.08300000000003419 -0.009000000000028811 0
0.0830000000000351 -0.008000000000025799 0
0.08300000000003603 -0.007000000000024127 0
0.08300000000003695 -0.006000000000023789 0
0.08300000000003788 -0.005000000000020704 0
0.08300000000003878 -0.004000000000017482 0
0.08300000000003972 -0.00300000000001592 0
0.08300000000004061 -0.002000000000015452 0
0.08300000000004155 -0.001000000000012227 0
0.08300000000004243 -9.086373146949267e-15 0
0.08300000000004337 0.0009999999999920448 0
0.08300000000004429 0.001999999999992671 0
0.0830000000000452 0.002999999999995851 0
0.08300000000004612 0.003999999999999067 0
0.08399999999995877 -0.09400000000000211 0
0.08399999999995966 -0.09300000000000375 0
0.08399999999996056 -0.09200000000000541 0
0.0839999999999614 -0.09100000000000752 0
0.08399999999996226 -0.09000000000000956 0
0.08399999999996313 -0.08900000000001121 0
0.08399999999996399 -0.08800000000001287 0
0.08399999999996488 -0.08700000000001505 0
0.08399999999996571 -0.08600000000001704 0
0.08399999999996657 -0.08500000000001867 0
0.08399999999996745 -0.08400000000002038 0
0.08399999999996834 -0.08300000000002258 0
0.08399999999996918 -0.0820000000000245 0
0.08399999999997004 -0.08100000000002615 0
0.08399999999997088 -0.08000000000002792 0
0.08399999999997176 -0.07900000000003009 0
0.08399999999997265 -0.07800000000003197 0
0.08399999999997347 -0.07700000000003365 0
0.08399999999997435 -0.07600000000003541 0
0.08399999999997521 -0.07500000000003763 0
0.08399999999997608 -0.07400000000003946 0
0.08399999999997693 -0.07300000000004112 0
0.08399999999997781 -0.07200000000004297 0
0.08399999999997869 -0.07100000000004519 0
0.08399999999997954 -0.07000000000004693 0
0.0839999999999804 -0.06900000000004873 0
0.08399999999998126 -0.06800000000005094 0
0.08399999999998213 -0.0670000000000528 0
0.08399999999998299 -0.0660000000000544 0
0.08399999999998387 -0.06500000000005621 0
0.0839999999999847 -0.06400000000005847 0
0.08399999999998559 -0.06300000000006023 0
0.08399999999998642 -0.06200000000006189 0
0.08399999999998731 -0.06100000000006377 0
0.08399999999998817 -0.06000000000006596 0
0.08399999999998903 -0.05900000000006771 0
0.0839999999999899 -0.05800000000006986 0
0.08399999999999075 -0.05700000000007321 0
0.08399999999999161 -0.05600000000007555 0
0.0839999999999925 -0.05500000000007745 0
0.08399999999999333 -0.05400000000007919 0
0.0839999999999942 -0.05300000000008114 0
0.08399999999999508 -0.05200000000008305 0
0.08399999999999594 -0.05100000000008491 0
0.0839999999999968 -0.0500000000000867 0
0.08399999999999763 -0.04900000000008863 0
0.08399999999999853 -0.04800000000009056 0
0.08399999999999938 -0.04700000000009238 0
0.08400000000000024 -0.04600000000009419 0
0.0840000000000011 -0.0450000000000952 0
0.08400000000000196 -0.04400000000009448 0
0.08400000000000285 -0.04300000000009225 0
0.08400000000000368 -0.04200000000009015 0
0.08400000000000457 -0.04100000000008853 0
0.0840000000000054 -0.04000000000008691 0
0.08400000000000629 -0.03900000000008454 0
0.08400000000000715 -0.03800000000008253 0
0.08400000000000801 -0.03700000000008092 0
0.08400000000000887 -0.03600000000007934 0
0.08400000000000973 -0.03500000000007678 0
0.08400000000001062 -0.03400000000007494 0
0.0840000000000115 -0.03300000000007341 0
0.08400000000001234 -0.03200000000007208 0
0.0840000000000132 -0.0310000000000695 0
0.08400000000001406 -0.03000000000006688 0
0.08400000000001492 -0.02900000000006673 0
0.08400000000001578 -0.02800000000006484 0
0.08400000000001666 -0.02700000000006177 0
0.08400000000001751 -0.02600000000005942 0
0.08400000000001841 -0.02500000000005927 0
0.08400000000001924 -0.02400000000005711 0
0.08400000000002009 -0.02300000000005405 0
0.08400000000002096 -0.02200000000005197 0
0.08400000000002185 -0.02100000000005181 0
0.08400000000002268 -0.02000000000004938 0
0.08400000000002356 -0.01900000000004694 0
0.08400000000002442 -0.01800000000004678 0
0.08400000000002528 -0.01700000000004471 0
0.08400000000002614 -0.01600000000004165 0
0.084000000000027 -0.01500000000003948 0
0.0840000000000279 -0.0140000000000394 0
0.08400000000002875 -0.0130000000000372 0
0.08400000000002961 -0.01200000000003412 0
0.08400000000003047 -0.01100000000003225 0
0.08400000000003134 -0.01000000000003208 0
0.0840000000000322 -0.009000000000029458 0
0.08400000000003306 -0.008000000000026377 0
0.08400000000003392 -0.007000000000024661 0
0.08400000000003478 -0.006000000000024298 0
0.08400000000003567 -0.005000000000021161 0
0.08400000000003649 -0.00400000000001788 0
0.08400000000003738 -0.003000000000016284 0
0.08400000000003822 -0.002000000000015797 0
0.0840000000000391 -0.001000000000012512 0
0.08400000000003996 -9.309935634915778e-15 0
0.08400000000004083 0.0009999999999918622 0
0.08400000000004169 0.00199999999999252 0
0.08400000000004255 0.00299999999999576 0
0.08400000000004343 0.003999999999999036 0
0.08499999999995939 -0.09400000000000212 0
0.08499999999996019 -0.09300000000000386 0
0.08499999999996102 -0.09200000000000556 0
0.08499999999996186 -0.09100000000000776 0
0.08499999999996269 -0.09000000000000981 0
0.08499999999996352 -0.08900000000001154 0
0.08499999999996435 -0.08800000000001328 0
0.08499999999996519 -0.08700000000001548 0
0.08499999999996601 -0.08600000000001755 0
0.08499999999996682 -0.08500000000001923 0
0.08499999999996768 -0.084000000000021 0
0.08499999999996849 -0.08300000000002322 0
0.08499999999996932 -0.08200000000002519 0
0.08499999999997018 -0.08100000000002694 0
0.08499999999997099 -0.08000000000002876 0
0.08499999999997185 -0.07900000000003093 0
0.08499999999997261 -0.07800000000003289 0
0.08499999999997349 -0.07700000000003461 0
0.08499999999997428 -0.07600000000003648 0
0.08499999999997512 -0.07500000000003872 0
0.08499999999997596 -0.07400000000004062 0
0.08499999999997679 -0.07300000000004234 0
0.08499999999997766 -0.07200000000004422 0
0.08499999999997845 -0.0710000000000465 0
0.08499999999997924 -0.07000000000004832 0
0.08499999999998012 -0.0690000000000501 0
0.08499999999998095 -0.06800000000005238 0
0.08499999999998176 -0.06700000000005428 0
0.08499999999998262 -0.06600000000005599 0
0.08499999999998342 -0.06500000000005784 0
0.08499999999998425 -0.06400000000006013 0
0.08499999999998512 -0.06300000000006195 0
0.08499999999998592 -0.06200000000006367 0
0.08499999999998675 -0.0610000000000656 0
0.08499999999998759 -0.06000000000006783 0
0.08499999999998842 -0.05900000000006964 0
0.08499999999998925 -0.05800000000007186 0
0.08499999999999006 -0.0570000000000753 0
0.08499999999999089 -0.05600000000007766 0
0.08499999999999172 -0.05500000000007964 0
0.08499999999999255 -0.05400000000008143 0
0.08499999999999339 -0.05300000000008342 0
0.08499999999999422 -0.05200000000008539 0
0.08499999999999505 -0.05100000000008732 0
0.08499999999999588 -0.05000000000008915 0
0.08499999999999669 -0.04900000000009114 0
0.08499999999999752 -0.04800000000009311 0
0.08499999999999838 -0.04700000000009499 0
0.08499999999999919 -0.04600000000009685 0
0.08500000000000002 -0.0450000000000979 0
0.08500000000000085 -0.04400000000009717 0
0.08500000000000169 -0.04300000000009487 0
0.08500000000000252 -0.0420000000000927 0
0.08500000000000335 -0.04100000000009103 0
0.08500000000000418 -0.04000000000008936 0
0.08500000000000502 -0.0390000000000869 0
0.08500000000000582 -0.03800000000008484 0
0.08500000000000665 -0.0370000000000832 0
0.08500000000000749 -0.03600000000008154 0
0.08500000000000832 -0.03500000000007894 0
0.08500000000000915 -0.03400000000007706 0
0.08500000000000998 -0.03300000000007545 0
0.08500000000001082 -0.03200000000007406 0
0.08500000000001165 -0.03100000000007139 0
0.08500000000001248 -0.03000000000006871 0
0.08500000000001331 -0.02900000000006852 0
0.08500000000001412 -0.02800000000006657 0
0.08500000000001498 -0.02700000000006343 0
0.08500000000001579 -0.02600000000006104 0
0.08500000000001665 -0.02500000000006083 0
0.08500000000001745 -0.02400000000005862 0
0.08500000000001828 -0.02300000000005548 0
0.08500000000001912 -0.02200000000005334 0
0.08500000000001991 -0.02100000000005316 0
0.08500000000002078 -0.02000000000005066 0
0.08500000000002159 -0.01900000000004815 0
0.08500000000002242 -0.01800000000004796 0
0.08500000000002327 -0.01700000000004583 0
0.08500000000002408 -0.0160000000000427 0
0.08500000000002492 -0.01500000000004047 0
0.08500000000002575 -0.01400000000004035 0
0.08500000000002658 -0.01300000000003808 0
0.08500000000002741 -0.01200000000003494 0
0.08500000000002826 -0.011000000000033 0
0.08500000000002908 -0.01000000000003279 0
0.08500000000002991 -0.009000000000030107 0
0.08500000000003075 -0.008000000000026954 0
0.08500000000003158 -0.007000000000025192 0
0.08500000000003238 -0.006000000000024812 0
0.08500000000003322 -0.00500000000002162 0
0.08500000000003405 -0.00400000000001828 0
0.08500000000003484 -0.003000000000016649 0
0.08500000000003569 -0.002000000000016141 0
0.08500000000003652 -0.001000000000012797 0
0.08500000000003734 -9.53338970266504e-15 0
0.08500000000003818 0.0009999999999916796 0
0.08500000000003902 0.001999999999992369 0
0.08500000000003985 0.00299999999999567 0
0.08500000000004068 0.003999999999999003 0
0.08599999999996281 -0.09400000000000217 0
0.08599999999996358 -0.09300000000000397 0
0.08599999999996434 -0.09200000000000576 0
0.08599999999996515 -0.09100000000000799 0
0.08599999999996588 -0.09000000000001004 0
0.08599999999996666 -0.08900000000001188 0
0.08599999999996742 -0.08800000000001368 0
0.08599999999996823 -0.08700000000001593 0
0.08599999999996896 -0.08600000000001798 0
0.08599999999996975 -0.08500000000001977 0
0.0859999999999705 -0.08400000000002157 0
0.08599999999997127 -0.08300000000002386 0
0.08599999999997203 -0.0820000000000259 0
0.08599999999997278 -0.0810000000000277 0
0.08599999999997354 -0.08000000000002958 0
0.08599999999997429 -0.07900000000003181 0
0.08599999999997511 -0.07800000000003383 0
0.08599999999997585 -0.07700000000003564 0
0.08599999999997662 -0.0760000000000375 0
0.08599999999997739 -0.07500000000003981 0
0.08599999999997818 -0.07400000000004175 0
0.08599999999997893 -0.0730000000000435 0
0.08599999999997969 -0.07200000000004546 0
0.08599999999998047 -0.07100000000004779 0
0.08599999999998124 -0.07000000000004965 0
0.08599999999998198 -0.06900000000005155 0
0.08599999999998277 -0.06800000000005382 0
0.08599999999998352 -0.06700000000005578 0
0.0859999999999843 -0.06600000000005754 0
0.08599999999998506 -0.0650000000000595 0
0.08599999999998581 -0.0640000000000618 0
0.08599999999998659 -0.06300000000006367 0
0.08599999999998736 -0.06200000000006545 0
0.08599999999998813 -0.06100000000006744 0
0.08599999999998889 -0.06000000000006971 0
0.08599999999998964 -0.05900000000007159 0
0.08599999999999042 -0.05800000000007386 0
0.08599999999999119 -0.05700000000007735 0
0.08599999999999194 -0.05600000000007981 0
0.08599999999999275 -0.0550000000000818 0
0.0859999999999935 -0.05400000000008368 0
0.08599999999999426 -0.05300000000008571 0
0.08599999999999502 -0.05200000000008774 0
0.0859999999999958 -0.05100000000008971 0
0.08599999999999658 -0.05000000000009161 0
0.08599999999999733 -0.04900000000009365 0
0.08599999999999808 -0.04800000000009567 0
0.08599999999999886 -0.04700000000009762 0
0.08599999999999963 -0.04600000000009954 0
0.0860000000000004 -0.0450000000001006 0
0.08600000000000116 -0.04400000000009985 0
0.08600000000000191 -0.04300000000009747 0
0.08600000000000269 -0.04200000000009525 0
0.08600000000000346 -0.04100000000009352 0
0.08600000000000424 -0.0400000000000918 0
0.08600000000000502 -0.03900000000008929 0
0.08600000000000577 -0.03800000000008718 0
0.08600000000000652 -0.03700000000008547 0
0.08600000000000729 -0.03600000000008376 0
0.08600000000000807 -0.03500000000008109 0
0.08600000000000882 -0.03400000000007913 0
0.0860000000000096 -0.03300000000007749 0
0.08600000000001036 -0.03200000000007602 0
0.08600000000001112 -0.03100000000007328 0
0.08600000000001191 -0.03000000000007054 0
0.08600000000001268 -0.02900000000007031 0
0.08600000000001344 -0.0280000000000683 0
0.0860000000000142 -0.0270000000000651 0
0.08600000000001497 -0.02600000000006264 0
0.08600000000001574 -0.02500000000006241 0
0.08600000000001651 -0.02400000000006012 0
0.08600000000001727 -0.02300000000005693 0
0.08600000000001803 -0.02200000000005472 0
0.08600000000001883 -0.02100000000005449 0
0.08600000000001957 -0.02000000000005193 0
0.08600000000002034 -0.01900000000004937 0
0.08600000000002113 -0.01800000000004914 0
0.08600000000002189 -0.01700000000004695 0
0.08600000000002264 -0.01600000000004375 0
0.0860000000000234 -0.01500000000004146 0
0.08600000000002417 -0.0140000000000413 0
0.08600000000002496 -0.01300000000003896 0
0.08600000000002569 -0.01200000000003574 0
0.08600000000002644 -0.01100000000003375 0
0.08600000000002722 -0.01000000000003351 0
0.08600000000002801 -0.009000000000030759 0
0.08600000000002879 -0.008000000000027539 0
0.08600000000002955 -0.007000000000025726 0
0.0860000000000303 -0.00600000000002532 0
0.08600000000003105 -0.005000000000022079 0
0.08600000000003184 -0.004000000000018682 0
0.08600000000003261 -0.003000000000017014 0
0.0860000000000334 -0.002000000000016483 0
0.08600000000003413 -0.001000000000013082 0
0.08600000000003488 -9.755651148024569e-15 0
0.08600000000003566 0.0009999999999914964 0
0.08600000000003644 0.001999999999992218 0
0.08600000000003721 0.00299999999999558 0
0.08600000000003799 0.00399999999999897 0
0.08699999999996685 -0.09400000000000222 0
0.08699999999996752 -0.09300000000000409 0
0.08699999999996821 -0.09200000000000597 0
0.08699999999996892 -0.09100000000000821 0
0.08699999999996962 -0.09000000000001032 0
0.08699999999997031 -0.08900000000001218 0
0.08699999999997103 -0.08800000000001407 0
0.08699999999997172 -0.08700000000001633 0
0.08699999999997242 -0.08600000000001848 0
0.08699999999997308 -0.08500000000002031 0
0.08699999999997379 -0.08400000000002221 0
0.08699999999997451 -0.08300000000002455 0
0.08699999999997519 -0.08200000000002659 0
0.0869999999999759 -0.08100000000002844 0
0.08699999999997658 -0.08000000000003038 0
0.0869999999999773 -0.07900000000003264 0
0.086999999999978 -0.07800000000003469 0
0.08699999999997869 -0.07700000000003658 0
0.08699999999997941 -0.07600000000003855 0
0.08699999999998009 -0.07500000000004085 0
0.08699999999998077 -0.07400000000004286 0
0.08699999999998151 -0.07300000000004471 0
0.0869999999999822 -0.07200000000004675 0
0.08699999999998288 -0.07100000000004904 0
0.08699999999998358 -0.07000000000005097 0
0.0869999999999843 -0.06900000000005295 0
0.08699999999998498 -0.06800000000005527 0
0.0869999999999857 -0.06700000000005729 0
0.08699999999998638 -0.06600000000005909 0
0.08699999999998709 -0.06500000000006111 0
0.08699999999998777 -0.06400000000006342 0
0.08699999999998848 -0.06300000000006539 0
0.08699999999998918 -0.06200000000006722 0
0.08699999999998989 -0.06100000000006929 0
0.08699999999999057 -0.06000000000007158 0
0.08699999999999126 -0.05900000000007352 0
0.08699999999999196 -0.05800000000007585 0
0.08699999999999267 -0.05700000000007944 0
0.08699999999999335 -0.05600000000008193 0
0.08699999999999405 -0.05500000000008397 0
0.08699999999999478 -0.05400000000008592 0
0.08699999999999547 -0.05300000000008801 0
0.08699999999999616 -0.05200000000009008 0
0.08699999999999683 -0.0510000000000921 0
0.08699999999999754 -0.05000000000009409 0
0.08699999999999827 -0.04900000000009615 0
0.08699999999999897 -0.04800000000009823 0
0.08699999999999965 -0.04700000000010023 0
0.08700000000000033 -0.0460000000001022 0
0.08700000000000105 -0.0450000000001033 0
0.08700000000000176 -0.04400000000010251 0
0.08700000000000244 -0.04300000000010008 0
0.08700000000000316 -0.04200000000009779 0
0.08700000000000382 -0.04100000000009602 0
0.08700000000000453 -0.04000000000009424 0
0.08700000000000523 -0.03900000000009168 0
0.08700000000000596 -0.03800000000008952 0
0.08700000000000666 -0.03700000000008773 0
0.08700000000000735 -0.03600000000008599 0
0.08700000000000803 -0.03500000000008324 0
0.08700000000000874 -0.03400000000008125 0
0.08700000000000942 -0.03300000000007951 0
0.08700000000001015 -0.032000000000078 0
0.08700000000001085 -0.03100000000007519 0
0.08700000000001153 -0.03000000000007238 0
0.08700000000001226 -0.0290000000000721 0
0.08700000000001293 -0.02800000000007005 0
0.08700000000001361 -0.02700000000006677 0
0.08700000000001433 -0.02600000000006424 0
0.08700000000001504 -0.02500000000006397 0
0.08700000000001572 -0.02400000000006164 0
0.08700000000001643 -0.02300000000005836 0
0.08700000000001713 -0.0220000000000561 0
0.0870000000000178 -0.02100000000005584 0
0.08700000000001852 -0.02000000000005321 0
0.08700000000001923 -0.01900000000005059 0
0.08700000000001992 -0.01800000000005032 0
0.0870000000000206 -0.01700000000004807 0
0.0870000000000213 -0.0160000000000448 0
0.08700000000002203 -0.01500000000004246 0
0.08700000000002268 -0.01400000000004225 0
0.08700000000002341 -0.01300000000003984 0
0.08700000000002411 -0.01200000000003655 0
0.08700000000002479 -0.0110000000000345 0
0.08700000000002552 -0.01000000000003423 0
0.08700000000002621 -0.009000000000031413 0
0.0870000000000269 -0.008000000000028124 0
0.0870000000000276 -0.00700000000002626 0
0.08700000000002829 -0.006000000000025827 0
0.08700000000002898 -0.005000000000022536 0
0.08700000000002968 -0.004000000000019081 0
0.08700000000003041 -0.003000000000017379 0
0.08700000000003107 -0.002000000000016828 0
0.0870000000000318 -0.001000000000013366 0
0.08700000000003252 -9.97845469447034e-15 0
0.08700000000003318 0.0009999999999913149 0
0.0870000000000339 0.001999999999992066 0
0.08700000000003458 0.00299999999999549 0
0.0870000000000353 0.003999999999998938 0
0.08799999999996908 -0.09400000000000226 0
0.08799999999996971 -0.09300000000000419 0
0.08799999999997035 -0.09200000000000613 0
0.08799999999997102 -0.09100000000000841 0
0.08799999999997166 -0.09000000000001059 0
0.08799999999997231 -0.0890000000000125 0
0.08799999999997299 -0.08800000000001446 0
0.08799999999997361 -0.08700000000001676 0
0.08799999999997425 -0.08600000000001894 0
0.0879999999999749 -0.08500000000002086 0
0.08799999999997554 -0.08400000000002281 0
0.08799999999997624 -0.08300000000002514 0
0.08799999999997685 -0.08200000000002731 0
0.08799999999997751 -0.08100000000002922 0
0.08799999999997815 -0.08000000000003121 0
0.0879999999999788 -0.07900000000003354 0
0.08799999999997946 -0.07800000000003567 0
0.08799999999998009 -0.07700000000003757 0
0.08799999999998076 -0.07600000000003958 0
0.08799999999998137 -0.07500000000004196 0
0.08799999999998205 -0.07400000000004403 0
0.08799999999998268 -0.07300000000004592 0
0.08799999999998334 -0.07200000000004797 0
0.08799999999998398 -0.07100000000005033 0
0.08799999999998462 -0.07000000000005233 0
0.08799999999998526 -0.06900000000005438 0
0.08799999999998592 -0.06800000000005671 0
0.08799999999998656 -0.06700000000005876 0
0.0879999999999872 -0.06600000000006066 0
0.08799999999998787 -0.06500000000006272 0
0.0879999999999885 -0.06400000000006507 0
0.08799999999998914 -0.06300000000006711 0
0.08799999999998981 -0.06200000000006902 0
0.08799999999999045 -0.06100000000007112 0
0.08799999999999111 -0.06000000000007345 0
0.08799999999999175 -0.05900000000007546 0
0.08799999999999239 -0.05800000000007786 0
0.08799999999999306 -0.0570000000000815 0
0.08799999999999369 -0.05600000000008406 0
0.08799999999999436 -0.05500000000008617 0
0.087999999999995 -0.05400000000008816 0
0.08799999999999564 -0.0530000000000903 0
0.08799999999999628 -0.05200000000009241 0
0.08799999999999694 -0.0510000000000945 0
0.08799999999999758 -0.05000000000009652 0
0.08799999999999822 -0.04900000000009867 0
0.08799999999999888 -0.0480000000001008 0
0.08799999999999952 -0.04700000000010285 0
0.08800000000000019 -0.04600000000010488 0
0.08800000000000083 -0.045000000000106 0
0.08800000000000147 -0.04400000000010517 0
0.0880000000000021 -0.04300000000010269 0
0.08800000000000277 -0.04200000000010035 0
0.08800000000000341 -0.04100000000009852 0
0.08800000000000405 -0.04000000000009668 0
0.08800000000000471 -0.03900000000009406 0
0.08800000000000538 -0.03800000000009184 0
0.08800000000000599 -0.03700000000009 0
0.08800000000000666 -0.03600000000008818 0
0.08800000000000729 -0.03500000000008539 0
0.08800000000000793 -0.03400000000008332 0
0.0880000000000086 -0.03300000000008155 0
0.08800000000000924 -0.03200000000007995 0
0.08800000000000988 -0.03100000000007707 0
0.08800000000001054 -0.03000000000007421 0
0.08800000000001118 -0.02900000000007391 0
0.08800000000001182 -0.02800000000007178 0
0.08800000000001248 -0.02700000000006843 0
0.08800000000001312 -0.02600000000006585 0
0.08800000000001378 -0.02500000000006555 0
0.08800000000001443 -0.02400000000006315 0
0.08800000000001507 -0.0230000000000598 0
0.0880000000000157 -0.02200000000005748 0
0.08800000000001637 -0.02100000000005718 0
0.08800000000001701 -0.02000000000005449 0
0.08800000000001765 -0.0190000000000518 0
0.08800000000001831 -0.01800000000005151 0
0.08800000000001898 -0.0170000000000492 0
0.08800000000001959 -0.01600000000004584 0
0.08800000000002026 -0.01500000000004344 0
0.08800000000002089 -0.0140000000000432 0
0.08800000000002153 -0.01300000000004072 0
0.0880000000000222 -0.01200000000003735 0
0.08800000000002288 -0.01100000000003526 0
0.08800000000002348 -0.01000000000003494 0
0.08800000000002414 -0.009000000000032062 0
0.08800000000002481 -0.008000000000028703 0
0.08800000000002543 -0.007000000000026795 0
0.08800000000002609 -0.006000000000026337 0
0.08800000000002672 -0.005000000000022994 0
0.08800000000002736 -0.00400000000001948 0
0.08800000000002803 -0.003000000000017745 0
0.08800000000002869 -0.00200000000001717 0
0.0880000000000293 -0.00100000000001365 0
0.08800000000002997 -1.020093298026437e-14 0
0.08800000000003061 0.0009999999999911317 0
0.08800000000003125 0.001999999999991917 0
0.08800000000003191 0.002999999999995399 0
0.08800000000003257 0.003999999999998905 0
0.08899999999996967 -0.09400000000000228 0
0.08899999999997031 -0.09300000000000429 0
0.08899999999997092 -0.09200000000000629 0
0.08899999999997149 -0.09100000000000862 0
0.0889999999999721 -0.09000000000001084 0
0.08899999999997271 -0.08900000000001285 0
0.08899999999997332 -0.08800000000001487 0
0.08899999999997396 -0.08700000000001719 0
0.0889999999999746 -0.08600000000001942 0
0.08899999999997522 -0.08500000000002141 0
0.08899999999997579 -0.08400000000002344 0
0.0889999999999764 -0.08300000000002582 0
0.08899999999997703 -0.08200000000002799 0
0.08899999999997762 -0.08100000000002999 0
0.08899999999997826 -0.08000000000003205 0
0.08899999999997885 -0.07900000000003436 0
0.08899999999997951 -0.07800000000003654 0
0.08899999999998014 -0.07700000000003855 0
0.08899999999998072 -0.07600000000004065 0
0.08899999999998132 -0.07500000000004302 0
0.08899999999998194 -0.07400000000004513 0
0.08899999999998254 -0.07300000000004712 0
0.08899999999998318 -0.07200000000004925 0
0.08899999999998379 -0.07100000000005165 0
0.0889999999999844 -0.07000000000005369 0
0.08899999999998505 -0.06900000000005578 0
0.0889999999999856 -0.06800000000005815 0
0.08899999999998626 -0.06700000000006028 0
0.08899999999998688 -0.06600000000006226 0
0.08899999999998745 -0.06500000000006434 0
0.0889999999999881 -0.06400000000006675 0
0.08899999999998871 -0.06300000000006883 0
0.08899999999998931 -0.0620000000000708 0
0.08899999999998995 -0.06100000000007295 0
0.08899999999999053 -0.06000000000007532 0
0.08899999999999117 -0.05900000000007739 0
0.08899999999999175 -0.05800000000007986 0
0.08899999999999236 -0.05700000000008357 0
0.088999999999993 -0.05600000000008619 0
0.08899999999999361 -0.05500000000008835 0
0.08899999999999422 -0.0540000000000904 0
0.08899999999999483 -0.0530000000000926 0
0.08899999999999544 -0.05200000000009478 0
0.08899999999999608 -0.05100000000009691 0
0.08899999999999669 -0.05000000000009899 0
0.0889999999999973 -0.04900000000010118 0
0.08899999999999791 -0.04800000000010336 0
0.08899999999999852 -0.04700000000010545 0
0.08899999999999912 -0.04600000000010755 0
0.08899999999999975 -0.0450000000001087 0
0.08900000000000036 -0.04400000000010786 0
0.08900000000000099 -0.0430000000001053 0
0.08900000000000161 -0.0420000000001029 0
0.08900000000000219 -0.04100000000010103 0
0.0890000000000028 -0.04000000000009912 0
0.08900000000000344 -0.03900000000009642 0
0.08900000000000405 -0.03800000000009415 0
0.08900000000000466 -0.03700000000009227 0
0.08900000000000527 -0.0360000000000904 0
0.08900000000000588 -0.03500000000008755 0
0.0890000000000065 -0.03400000000008544 0
0.08900000000000714 -0.0330000000000836 0
0.08900000000000774 -0.03200000000008193 0
0.08900000000000835 -0.03100000000007897 0
0.08900000000000897 -0.03000000000007604 0
0.08900000000000957 -0.0290000000000757 0
0.08900000000001018 -0.02800000000007352 0
0.08900000000001079 -0.02700000000007009 0
0.0890000000000114 -0.02600000000006745 0
0.08900000000001203 -0.02500000000006711 0
0.08900000000001262 -0.02400000000006466 0
0.08900000000001325 -0.02300000000006124 0
0.08900000000001386 -0.02200000000005886 0
0.08900000000001448 -0.02100000000005853 0
0.08900000000001509 -0.02000000000005578 0
0.08900000000001575 -0.01900000000005302 0
0.08900000000001632 -0.01800000000005269 0
0.08900000000001693 -0.01700000000005032 0
0.08900000000001758 -0.01600000000004689 0
0.08900000000001818 -0.01500000000004443 0
0.0890000000000188 -0.01400000000004415 0
0.08900000000001941 -0.0130000000000416 0
0.08900000000002001 -0.01200000000003817 0
0.08900000000002063 -0.01100000000003601 0
0.08900000000002123 -0.01000000000003566 0
0.08900000000002185 -0.009000000000032711 0
0.08900000000002245 -0.008000000000029282 0
0.08900000000002306 -0.007000000000027329 0
0.0890000000000237 -0.006000000000026847 0
0.0890000000000243 -0.005000000000023453 0
0.08900000000002492 -0.004000000000019879 0
0.08900000000002553 -0.00300000000001811 0
0.08900000000002617 -0.002000000000017514 0
0.08900000000002679 -0.001000000000013937 0
0.08900000000002736 -1.042492914909987e-14 0
0.08900000000002802 0.0009999999999909495 0
0.08900000000002863 0.001999999999991766 0
0.08900000000002924 0.002999999999995309 0
0.08900000000002983 0.003999999999998873 0
0.08999999999997343 -0.09400000000000232 0
0.08999999999997396 -0.0930000000000044 0
0.08999999999997454 -0.09200000000000644 0
0.08999999999997506 -0.0910000000000088 0
0.0899999999999756 -0.09000000000001111 0
0.08999999999997618 -0.08900000000001318 0
0.08999999999997671 -0.08800000000001527 0
0.08999999999997729 -0.08700000000001763 0
0.08999999999997782 -0.08600000000001992 0
0.08999999999997835 -0.08500000000002195 0
0.0899999999999789 -0.08400000000002403 0
0.08999999999997946 -0.08300000000002644 0
0.08999999999997998 -0.08200000000002869 0
0.08999999999998057 -0.08100000000003076 0
0.0899999999999811 -0.08000000000003286 0
0.08999999999998164 -0.07900000000003525 0
0.08999999999998221 -0.07800000000003748 0
0.08999999999998273 -0.07700000000003952 0
0.08999999999998329 -0.07600000000004166 0
0.08999999999998384 -0.07500000000004407 0
0.08999999999998437 -0.07400000000004626 0
0.08999999999998493 -0.07300000000004833 0
0.08999999999998548 -0.07200000000005048 0
0.08999999999998604 -0.07100000000005294 0
0.08999999999998659 -0.07000000000005503 0
0.08999999999998712 -0.06900000000005717 0
0.08999999999998769 -0.0680000000000596 0
0.08999999999998823 -0.06700000000006177 0
0.08999999999998878 -0.06600000000006383 0
0.08999999999998932 -0.065000000000066 0
0.08999999999998987 -0.06400000000006842 0
0.08999999999999042 -0.06300000000007051 0
0.08999999999999095 -0.06200000000007261 0
0.0899999999999915 -0.0610000000000748 0
0.08999999999999206 -0.06000000000007721 0
0.08999999999999259 -0.05900000000007933 0
0.08999999999999317 -0.05800000000008187 0
0.08999999999999372 -0.05700000000008566 0
0.08999999999999422 -0.05600000000008832 0
0.08999999999999478 -0.05500000000009053 0
0.08999999999999533 -0.05400000000009265 0
0.08999999999999586 -0.05300000000009491 0
0.08999999999999644 -0.05200000000009711 0
0.089999999999997 -0.05100000000009931 0
0.08999999999999755 -0.05000000000010144 0
0.08999999999999808 -0.04900000000010369 0
0.08999999999999864 -0.04800000000010591 0
0.08999999999999916 -0.04700000000010807 0
0.08999999999999972 -0.04600000000011022 0
0.09000000000000027 -0.0450000000001114 0
0.09000000000000083 -0.04400000000011053 0
0.09000000000000138 -0.04300000000010791 0
0.09000000000000194 -0.04200000000010543 0
0.09000000000000247 -0.04100000000010352 0
0.09000000000000299 -0.04000000000010158 0
0.09000000000000355 -0.03900000000009882 0
0.0900000000000041 -0.03800000000009648 0
0.09000000000000466 -0.03700000000009454 0
0.09000000000000521 -0.03600000000009262 0
0.09000000000000577 -0.0350000000000897 0
0.0900000000000063 -0.03400000000008752 0
0.09000000000000685 -0.03300000000008563 0
0.09000000000000741 -0.03200000000008388 0
0.09000000000000793 -0.03100000000008088 0
0.09000000000000849 -0.03000000000007787 0
0.09000000000000904 -0.0290000000000775 0
0.09000000000000961 -0.02800000000007526 0
0.09000000000001013 -0.02700000000007176 0
0.09000000000001068 -0.02600000000006905 0
0.09000000000001121 -0.02500000000006868 0
0.09000000000001177 -0.02400000000006617 0
0.09000000000001232 -0.02300000000006268 0
0.09000000000001288 -0.02200000000006024 0
0.09000000000001343 -0.02100000000005987 0
0.090000000000014 -0.02000000000005706 0
0.09000000000001451 -0.01900000000005424 0
0.09000000000001507 -0.01800000000005387 0
0.09000000000001564 -0.01700000000005144 0
0.09000000000001615 -0.01600000000004795 0
0.09000000000001671 -0.01500000000004542 0
0.09000000000001726 -0.0140000000000451 0
0.09000000000001782 -0.01300000000004248 0
0.09000000000001837 -0.01200000000003897 0
0.0900000000000189 -0.01100000000003677 0
0.09000000000001945 -0.01000000000003637 0
0.09000000000001997 -0.00900000000003336 0
0.09000000000002054 -0.008000000000029863 0
0.09000000000002109 -0.007000000000027863 0
0.09000000000002165 -0.006000000000027358 0
0.0900000000000222 -0.005000000000023906 0
0.09000000000002276 -0.004000000000020278 0
0.09000000000002328 -0.003000000000018473 0
0.09000000000002384 -0.002000000000017856 0
0.09000000000002437 -0.001000000000014222 0
0.09000000000002492 -1.064832900674051e-14 0
0.09000000000002548 0.0009999999999907665 0
0.09000000000002603 0.001999999999991615 0
0.09000000000002659 0.002999999999995217 0
0.09000000000002714 0.003999999999998841 0
0.09099999999997742 -0.09400000000000237 0
0.09099999999997789 -0.09300000000000451 0
0.09099999999997839 -0.09200000000000665 0
0.09099999999997885 -0.09100000000000903 0
0.09099999999997935 -0.09000000000001136 0
0.09099999999997982 -0.08900000000001351 0
0.09099999999998029 -0.08800000000001565 0
0.09099999999998079 -0.08700000000001804 0
0.09099999999998126 -0.08600000000002039 0
0.09099999999998176 -0.08500000000002247 0
0.09099999999998222 -0.08400000000002467 0
0.09099999999998271 -0.08300000000002709 0
0.09099999999998315 -0.08200000000002937 0
0.09099999999998366 -0.08100000000003151 0
0.09099999999998414 -0.0800000000000337 0
0.09099999999998459 -0.07900000000003608 0
0.09099999999998509 -0.07800000000003837 0
0.09099999999998558 -0.07700000000004049 0
0.09099999999998604 -0.07600000000004271 0
0.09099999999998652 -0.07500000000004517 0
0.09099999999998702 -0.0740000000000474 0
0.09099999999998749 -0.07300000000004951 0
0.09099999999998799 -0.07200000000005173 0
0.09099999999998847 -0.07100000000005423 0
0.09099999999998892 -0.07000000000005639 0
0.09099999999998944 -0.06900000000005861 0
0.09099999999998991 -0.06800000000006104 0
0.09099999999999037 -0.06700000000006326 0
0.09099999999999085 -0.06600000000006537 0
0.09099999999999132 -0.06500000000006759 0
0.09099999999999181 -0.06400000000007007 0
0.09099999999999231 -0.06300000000007228 0
0.09099999999999277 -0.0620000000000744 0
0.09099999999999324 -0.06100000000007665 0
0.09099999999999375 -0.06000000000007907 0
0.09099999999999422 -0.05900000000008125 0
0.09099999999999471 -0.05800000000008387 0
0.09099999999999517 -0.05700000000008772 0
0.09099999999999561 -0.05600000000009044 0
0.09099999999999613 -0.0550000000000927 0
0.09099999999999663 -0.05400000000009488 0
0.09099999999999707 -0.05300000000009718 0
0.09099999999999757 -0.05200000000009945 0
0.09099999999999807 -0.05100000000010169 0
0.09099999999999853 -0.05000000000010391 0
0.090999999999999 -0.0490000000001062 0
0.09099999999999948 -0.04800000000010847 0
0.09099999999999996 -0.0470000000001107 0
0.09100000000000046 -0.0460000000001129 0
0.0910000000000009 -0.04500000000011409 0
0.09100000000000139 -0.0440000000001132 0
0.09100000000000186 -0.04300000000011051 0
0.09100000000000233 -0.042000000000108 0
0.09100000000000283 -0.04100000000010602 0
0.09100000000000333 -0.04000000000010401 0
0.09100000000000383 -0.0390000000001012 0
0.09100000000000429 -0.03800000000009881 0
0.09100000000000474 -0.03700000000009681 0
0.09100000000000522 -0.03600000000009485 0
0.09100000000000572 -0.03500000000009185 0
0.0910000000000062 -0.03400000000008963 0
0.09100000000000666 -0.03300000000008767 0
0.09100000000000717 -0.03200000000008586 0
0.09100000000000763 -0.03100000000008277 0
0.0910000000000081 -0.03000000000007969 0
0.09100000000000862 -0.02900000000007929 0
0.09100000000000909 -0.028000000000077 0
0.09100000000000956 -0.02700000000007343 0
0.09100000000001006 -0.02600000000007066 0
0.09100000000001049 -0.02500000000007025 0
0.091000000000011 -0.02400000000006767 0
0.09100000000001149 -0.02300000000006411 0
0.09100000000001193 -0.02200000000006161 0
0.09100000000001245 -0.02100000000006122 0
0.09100000000001292 -0.02000000000005833 0
0.09100000000001339 -0.01900000000005544 0
0.09100000000001389 -0.01800000000005505 0
0.09100000000001437 -0.01700000000005256 0
0.09100000000001482 -0.016000000000049 0
0.09100000000001532 -0.01500000000004641 0
0.09100000000001579 -0.01400000000004605 0
0.09100000000001628 -0.01300000000004336 0
0.09100000000001673 -0.01200000000003978 0
0.09100000000001722 -0.01100000000003751 0
0.09100000000001772 -0.01000000000003709 0
0.09100000000001822 -0.00900000000003401 0
0.09100000000001866 -0.008000000000030445 0
0.09100000000001916 -0.007000000000028398 0
0.09100000000001963 -0.006000000000027867 0
0.09100000000002009 -0.005000000000024364 0
0.09100000000002061 -0.004000000000020681 0
0.09100000000002106 -0.003000000000018837 0
0.09100000000002155 -0.0020000000000182 0
0.09100000000002205 -0.001000000000014506 0
0.09100000000002249 -1.087107834307766e-14 0
0.09100000000002299 0.0009999999999905833 0
0.09100000000002346 0.001999999999991464 0
0.09100000000002392 0.002999999999995127 0
0.09100000000002444 0.003999999999998811 0
0.0919999999999794 -0.0940000000000024 0
0.09199999999997982 -0.09300000000000462 0
0.09199999999998028 -0.09200000000000681 0
0.09199999999998068 -0.09100000000000925 0
0.09199999999998112 -0.09000000000001161 0
0.09199999999998157 -0.08900000000001382 0
0.09199999999998199 -0.08800000000001604 0
0.09199999999998242 -0.08700000000001848 0
0.09199999999998285 -0.08600000000002087 0
0.09199999999998326 -0.08500000000002304 0
0.09199999999998372 -0.08400000000002528 0
0.09199999999998412 -0.08300000000002775 0
0.09199999999998457 -0.08200000000003009 0
0.09199999999998501 -0.08100000000003227 0
0.09199999999998545 -0.0800000000000345 0
0.09199999999998587 -0.07900000000003699 0
0.09199999999998629 -0.0780000000000393 0
0.09199999999998673 -0.07700000000004149 0
0.09199999999998718 -0.07600000000004375 0
0.09199999999998759 -0.07500000000004624 0
0.09199999999998804 -0.07400000000004851 0
0.09199999999998845 -0.07300000000005073 0
0.09199999999998887 -0.07200000000005301 0
0.09199999999998934 -0.07100000000005548 0
0.09199999999998976 -0.07000000000005775 0
0.0919999999999902 -0.06900000000006001 0
0.09199999999999064 -0.06800000000006248 0
0.09199999999999108 -0.06700000000006477 0
0.09199999999999149 -0.06600000000006696 0
0.09199999999999191 -0.06500000000006924 0
0.09199999999999234 -0.06400000000007175 0
0.09199999999999278 -0.06300000000007397 0
0.09199999999999323 -0.06200000000007616 0
0.09199999999999364 -0.06100000000007848 0
0.09199999999999406 -0.06000000000008095 0
0.0919999999999945 -0.05900000000008319 0
0.09199999999999495 -0.05800000000008586 0
0.09199999999999539 -0.05700000000008979 0
0.09199999999999578 -0.05600000000009257 0
0.09199999999999622 -0.05500000000009489 0
0.09199999999999667 -0.05400000000009713 0
0.09199999999999708 -0.05300000000009947 0
0.09199999999999753 -0.05200000000010181 0
0.09199999999999797 -0.05100000000010409 0
0.09199999999999839 -0.05000000000010635 0
0.09199999999999883 -0.04900000000010869 0
0.09199999999999928 -0.04800000000011102 0
0.09199999999999969 -0.04700000000011331 0
0.09200000000000011 -0.04600000000011558 0
0.09200000000000055 -0.04500000000011679 0
0.092000000000001 -0.04400000000011586 0
0.09200000000000141 -0.04300000000011314 0
0.09200000000000183 -0.04200000000011054 0
0.09200000000000227 -0.04100000000010851 0
0.09200000000000272 -0.04000000000010646 0
0.09200000000000313 -0.03900000000010358 0
0.09200000000000358 -0.03800000000010112 0
0.092000000000004 -0.03700000000009909 0
0.09200000000000444 -0.03600000000009705 0
0.09200000000000488 -0.03500000000009401 0
0.0920000000000053 -0.03400000000009171 0
0.09200000000000574 -0.03300000000008971 0
0.09200000000000616 -0.03200000000008782 0
0.0920000000000066 -0.03100000000008466 0
0.09200000000000705 -0.03000000000008154 0
0.09200000000000746 -0.02900000000008108 0
0.09200000000000788 -0.02800000000007874 0
0.09200000000000833 -0.02700000000007511 0
0.09200000000000877 -0.02600000000007226 0
0.09200000000000919 -0.02500000000007183 0
0.0920000000000096 -0.02400000000006919 0
0.09200000000001006 -0.02300000000006556 0
0.09200000000001048 -0.022000000000063 0
0.09200000000001093 -0.02100000000006255 0
0.09200000000001134 -0.02000000000005961 0
0.09200000000001178 -0.01900000000005667 0
0.09200000000001221 -0.01800000000005623 0
0.09200000000001265 -0.01700000000005368 0
0.09200000000001307 -0.01600000000005005 0
0.09200000000001349 -0.01500000000004741 0
0.09200000000001392 -0.01400000000004701 0
0.09200000000001438 -0.01300000000004423 0
0.09200000000001482 -0.01200000000004059 0
0.09200000000001524 -0.01100000000003827 0
0.09200000000001565 -0.0100000000000378 0
0.0920000000000161 -0.009000000000034659 0
0.09200000000001654 -0.008000000000031022 0
0.09200000000001696 -0.007000000000028931 0
0.09200000000001737 -0.006000000000028376 0
0.09200000000001782 -0.005000000000024821 0
0.09200000000001825 -0.00400000000002108 0
0.09200000000001871 -0.003000000000019204 0
0.09200000000001912 -0.002000000000018545 0
0.09200000000001957 -0.001000000000014791 0
0.09200000000001998 -1.109436978050105e-14 0
0.09200000000002043 0.0009999999999904014 0
0.09200000000002087 0.001999999999991313 0
0.09200000000002126 0.002999999999995037 0
0.0920000000000217 0.003999999999998777 0
0.09299999999998006 -0.09400000000000247 0
0.09299999999998045 -0.09300000000000475 0
0.09299999999998085 -0.09200000000000701 0
0.09299999999998122 -0.09100000000000948 0
0.09299999999998164 -0.09000000000001189 0
0.09299999999998203 -0.08900000000001415 0
0.09299999999998242 -0.08800000000001643 0
0.09299999999998286 -0.08700000000001892 0
0.09299999999998322 -0.08600000000002136 0
0.09299999999998362 -0.0850000000000236 0
0.09299999999998404 -0.08400000000002589 0
0.09299999999998443 -0.0830000000000284 0
0.0929999999999848 -0.08200000000003076 0
0.09299999999998523 -0.08100000000003306 0
0.09299999999998561 -0.08000000000003536 0
0.09299999999998602 -0.0790000000000378 0
0.09299999999998641 -0.07800000000004022 0
0.09299999999998679 -0.07700000000004247 0
0.0929999999999872 -0.07600000000004481 0
0.09299999999998758 -0.07500000000004729 0
0.092999999999988 -0.07400000000004969 0
0.09299999999998838 -0.07300000000005191 0
0.09299999999998879 -0.07200000000005426 0
0.09299999999998923 -0.0710000000000568 0
0.09299999999998958 -0.07000000000005908 0
0.09299999999998999 -0.06900000000006141 0
0.09299999999999035 -0.06800000000006393 0
0.09299999999999077 -0.06700000000006627 0
0.09299999999999116 -0.06600000000006853 0
0.09299999999999159 -0.06500000000007088 0
0.09299999999999201 -0.06400000000007341 0
0.09299999999999237 -0.06300000000007569 0
0.09299999999999278 -0.06200000000007795 0
0.09299999999999317 -0.06100000000008031 0
0.09299999999999356 -0.06000000000008281 0
0.09299999999999395 -0.05900000000008513 0
0.09299999999999436 -0.05800000000008788 0
0.09299999999999477 -0.05700000000009185 0
0.09299999999999517 -0.0560000000000947 0
0.09299999999999556 -0.05500000000009706 0
0.09299999999999593 -0.05400000000009936 0
0.09299999999999636 -0.05300000000010176 0
0.0929999999999967 -0.05200000000010414 0
0.09299999999999714 -0.05100000000010649 0
0.0929999999999975 -0.05000000000010882 0
0.09299999999999795 -0.04900000000011121 0
0.09299999999999833 -0.04800000000011358 0
0.09299999999999871 -0.04700000000011592 0
0.0929999999999991 -0.04600000000011824 0
0.09299999999999953 -0.04500000000011948 0
0.09299999999999992 -0.04400000000011853 0
0.0930000000000003 -0.04300000000011574 0
0.09300000000000071 -0.04200000000011309 0
0.0930000000000011 -0.041000000000111 0
0.0930000000000015 -0.04000000000010891 0
0.09300000000000191 -0.03900000000010598 0
0.0930000000000023 -0.03800000000010344 0
0.09300000000000272 -0.03700000000010135 0
0.09300000000000309 -0.03600000000009927 0
0.0930000000000035 -0.03500000000009616 0
0.09300000000000387 -0.03400000000009382 0
0.0930000000000043 -0.03300000000009175 0
0.09300000000000469 -0.0320000000000898 0
0.09300000000000506 -0.03100000000008657 0
0.09300000000000548 -0.03000000000008335 0
0.09300000000000587 -0.02900000000008287 0
0.09300000000000626 -0.02800000000008047 0
0.09300000000000666 -0.02700000000007677 0
0.09300000000000708 -0.02600000000007387 0
0.09300000000000747 -0.02500000000007339 0
0.09300000000000787 -0.0240000000000707 0
0.09300000000000826 -0.02300000000006699 0
0.09300000000000865 -0.02200000000006437 0
0.09300000000000905 -0.0210000000000639 0
0.09300000000000944 -0.0200000000000609 0
0.09300000000000982 -0.01900000000005788 0
0.09300000000001026 -0.01800000000005741 0
0.09300000000001064 -0.0170000000000548 0
0.09300000000001105 -0.0160000000000511 0
0.09300000000001143 -0.01500000000004839 0
0.09300000000001181 -0.01400000000004796 0
0.09300000000001224 -0.01300000000004512 0
0.09300000000001264 -0.0120000000000414 0
0.09300000000001304 -0.01100000000003902 0
0.09300000000001341 -0.01000000000003852 0
0.09300000000001381 -0.009000000000035313 0
0.09300000000001418 -0.008000000000031607 0
0.09300000000001458 -0.007000000000029465 0
0.09300000000001502 -0.006000000000028887 0
0.09300000000001542 -0.00500000000002528 0
0.09300000000001581 -0.004000000000021478 0
0.09300000000001619 -0.003000000000019568 0
0.09300000000001658 -0.002000000000018886 0
0.09300000000001697 -0.001000000000015076 0
0.09300000000001739 -1.131711911683819e-14 0
0.0930000000000178 0.0009999999999902181 0
0.09300000000001819 0.001999999999991162 0
0.09300000000001858 0.002999999999994947 0
0.09300000000001898 0.003999999999998745 0
0.09399999999998407 -0.0940000000000025 0
0.09399999999998437 -0.09300000000000484 0
0.09399999999998471 -0.09200000000000716 0
0.09399999999998504 -0.0910000000000097 0
0.09399999999998537 -0.09000000000001215 0
0.09399999999998571 -0.08900000000001448 0
0.09399999999998604 -0.08800000000001683 0
0.0939999999999864 -0.08700000000001934 0
0.09399999999998669 -0.08600000000002181 0
0.09399999999998701 -0.08500000000002414 0
0.09399999999998737 -0.0840000000000265 0
0.09399999999998768 -0.08300000000002901 0
0.09399999999998798 -0.08200000000003148 0
0.09399999999998834 -0.08100000000003381 0
0.09399999999998863 -0.08000000000003618 0
0.09399999999998898 -0.07900000000003868 0
0.09399999999998934 -0.07800000000004112 0
0.09399999999998963 -0.07700000000004344 0
0.09399999999998999 -0.07600000000004584 0
0.09399999999999031 -0.0750000000000484 0
0.09399999999999062 -0.0740000000000508 0
0.09399999999999095 -0.07300000000005312 0
0.09399999999999131 -0.07200000000005552 0
0.09399999999999162 -0.0710000000000581 0
0.09399999999999195 -0.07000000000006042 0
0.09399999999999228 -0.06900000000006283 0
0.09399999999999262 -0.06800000000006537 0
0.09399999999999295 -0.06700000000006776 0
0.09399999999999328 -0.06600000000007009 0
0.09399999999999359 -0.06500000000007249 0
0.09399999999999392 -0.06400000000007504 0
0.09399999999999424 -0.0630000000000774 0
0.09399999999999459 -0.06200000000007976 0
0.09399999999999492 -0.06100000000008216 0
0.09399999999999525 -0.06000000000008469 0
0.09399999999999556 -0.05900000000008707 0
0.09399999999999589 -0.05800000000008988 0
0.09399999999999623 -0.05700000000009392 0
0.09399999999999656 -0.05600000000009682 0
0.09399999999999689 -0.05500000000009925 0
0.09399999999999722 -0.05400000000010162 0
0.09399999999999753 -0.05300000000010405 0
0.09399999999999786 -0.05200000000010647 0
0.0939999999999982 -0.05100000000010888 0
0.09399999999999853 -0.05000000000011127 0
0.09399999999999883 -0.04900000000011371 0
0.09399999999999917 -0.04800000000011615 0
0.09399999999999953 -0.04700000000011854 0
0.09399999999999983 -0.04600000000012094 0
0.09400000000000017 -0.04500000000012217 0
0.0940000000000005 -0.04400000000012122 0
0.09400000000000083 -0.04300000000011835 0
0.09400000000000117 -0.04200000000011566 0
0.0940000000000015 -0.04100000000011349 0
0.09400000000000183 -0.04000000000011136 0
0.09400000000000214 -0.03900000000010835 0
0.09400000000000247 -0.03800000000010578 0
0.0940000000000028 -0.03700000000010362 0
0.09400000000000314 -0.03600000000010148 0
0.09400000000000347 -0.03500000000009831 0
0.09400000000000377 -0.03400000000009592 0
0.09400000000000411 -0.03300000000009378 0
0.09400000000000444 -0.03200000000009177 0
0.09400000000000477 -0.03100000000008846 0
0.09400000000000511 -0.03000000000008518 0
0.09400000000000541 -0.02900000000008468 0
0.09400000000000577 -0.02800000000008222 0
0.09400000000000611 -0.02700000000007843 0
0.09400000000000641 -0.02600000000007548 0
0.09400000000000674 -0.02500000000007496 0
0.09400000000000708 -0.0240000000000722 0
0.09400000000000742 -0.02300000000006843 0
0.09400000000000774 -0.02200000000006575 0
0.09400000000000805 -0.02100000000006524 0
0.09400000000000838 -0.02000000000006218 0
0.09400000000000872 -0.0190000000000591 0
0.09400000000000905 -0.01800000000005859 0
0.09400000000000938 -0.01700000000005593 0
0.09400000000000973 -0.01600000000005216 0
0.09400000000001005 -0.01500000000004938 0
0.09400000000001038 -0.01400000000004891 0
0.09400000000001071 -0.01300000000004599 0
0.09400000000001102 -0.0120000000000422 0
0.09400000000001135 -0.01100000000003977 0
0.09400000000001169 -0.01000000000003924 0
0.09400000000001202 -0.009000000000035965 0
0.09400000000001232 -0.00800000000003219 0
0.09400000000001266 -0.00700000000003 0
0.09400000000001299 -0.006000000000029395 0
0.09400000000001331 -0.005000000000025738 0
0.09400000000001367 -0.004000000000021878 0
0.094000000000014 -0.003000000000019935 0
0.09400000000001434 -0.002000000000019229 0
0.09400000000001466 -0.001000000000015361 0
0.09400000000001497 -1.153992266328396e-14 0
0.09400000000001529 0.0009999999999900356 0
0.09400000000001563 0.001999999999991011 0
0.09400000000001593 0.002999999999994856 0
0.09400000000001626 0.003999999999998713 0
0.09499999999998807 -0.09400000000000254 0
0.09499999999998833 -0.09300000000000498 0
0.09499999999998858 -0.09200000000000734 0
0.09499999999998884 -0.09100000000000992 0
0.09499999999998909 -0.09000000000001239 0
0.09499999999998937 -0.0890000000000148 0
0.09499999999998962 -0.0880000000000172 0
0.09499999999998987 -0.08700000000001976 0
0.09499999999999018 -0.08600000000002231 0
0.09499999999999041 -0.08500000000002467 0
0.09499999999999066 -0.08400000000002711 0
0.09499999999999094 -0.0830000000000297 0
0.09499999999999117 -0.08200000000003214 0
0.09499999999999145 -0.08100000000003454 0
0.09499999999999173 -0.08000000000003703 0
0.09499999999999195 -0.07900000000003954 0
0.09499999999999223 -0.07800000000004202 0
0.09499999999999248 -0.07700000000004444 0
0.09499999999999276 -0.07600000000004686 0
0.09499999999999302 -0.07500000000004947 0
0.09499999999999328 -0.07400000000005193 0
0.09499999999999353 -0.0730000000000543 0
0.09499999999999378 -0.07200000000005675 0
0.09499999999999406 -0.07100000000005938 0
0.09499999999999431 -0.07000000000006178 0
0.09499999999999457 -0.0690000000000642 0
0.09499999999999484 -0.06800000000006681 0
0.0949999999999951 -0.06700000000006927 0
0.09499999999999535 -0.06600000000007165 0
0.09499999999999562 -0.0650000000000741 0
0.09499999999999588 -0.0640000000000767 0
0.09499999999999613 -0.0630000000000791 0
0.09499999999999642 -0.06200000000008153 0
0.09499999999999667 -0.061000000000084 0
0.09499999999999689 -0.06000000000008656 0
0.09499999999999721 -0.059000000000089 0
0.09499999999999742 -0.05800000000009188 0
0.0949999999999977 -0.05700000000009601 0
0.09499999999999795 -0.05600000000009896 0
0.0949999999999982 -0.05500000000010142 0
0.09499999999999847 -0.05400000000010385 0
0.09499999999999878 -0.05300000000010635 0
0.09499999999999899 -0.05200000000010882 0
0.09499999999999928 -0.0510000000001113 0
0.09499999999999953 -0.05000000000011373 0
0.09499999999999975 -0.04900000000011621 0
0.09500000000000003 -0.0480000000001187 0
0.09500000000000031 -0.04700000000012117 0
0.09500000000000056 -0.0460000000001236 0
0.09500000000000082 -0.04500000000012489 0
0.09500000000000108 -0.04400000000012388 0
0.09500000000000136 -0.04300000000012096 0
0.09500000000000161 -0.04200000000011821 0
0.09500000000000186 -0.04100000000011601 0
0.09500000000000211 -0.0400000000001138 0
0.09500000000000239 -0.03900000000011072 0
0.09500000000000265 -0.0380000000001081 0
0.09500000000000292 -0.0370000000001059 0
0.09500000000000317 -0.0360000000001037 0
0.09500000000000343 -0.03500000000010045 0
0.09500000000000369 -0.03400000000009801 0
0.09500000000000394 -0.03300000000009583 0
0.09500000000000419 -0.03200000000009372 0
0.09500000000000447 -0.03100000000009035 0
0.09500000000000472 -0.03000000000008701 0
0.09500000000000497 -0.02900000000008647 0
0.09500000000000525 -0.02800000000008396 0
0.0950000000000055 -0.02700000000008011 0
0.09500000000000575 -0.02600000000007709 0
0.09500000000000604 -0.02500000000007653 0
0.0950000000000063 -0.02400000000007371 0
0.09500000000000655 -0.02300000000006987 0
0.0950000000000068 -0.02200000000006714 0
0.09500000000000708 -0.02100000000006659 0
0.0950000000000073 -0.02000000000006345 0
0.09500000000000758 -0.01900000000006032 0
0.09500000000000786 -0.01800000000005977 0
0.09500000000000813 -0.01700000000005705 0
0.09500000000000836 -0.0160000000000532 0
0.09500000000000863 -0.01500000000005038 0
0.09500000000000888 -0.01400000000004986 0
0.09500000000000913 -0.01300000000004687 0
0.09500000000000941 -0.01200000000004302 0
0.09500000000000969 -0.01100000000004052 0
0.09500000000000991 -0.01000000000003995 0
0.09500000000001019 -0.009000000000036614 0
0.09500000000001046 -0.008000000000032767 0
0.09500000000001071 -0.007000000000030533 0
0.09500000000001096 -0.006000000000029903 0
0.09500000000001124 -0.005000000000026196 0
0.09500000000001151 -0.004000000000022275 0
0.09500000000001174 -0.003000000000020298 0
0.09500000000001203 -0.002000000000019573 0
0.09500000000001231 -0.001000000000015645 0
0.09500000000001252 -1.17628617350013e-14 0
0.0950000000000128 0.0009999999999898534 0
0.09500000000001307 0.001999999999990861 0
0.0950000000000133 0.002999999999994766 0
0.09500000000001357 0.00399999999999868 0
0.09599999999998968 -0.09400000000000257 0
0.09599999999998991 -0.09300000000000508 0
0.09599999999999013 -0.09200000000000751 0
0.09599999999999036 -0.09100000000001011 0
0.09599999999999054 -0.09000000000001265 0
0.09599999999999076 -0.08900000000001512 0
0.095999999999991 -0.08800000000001762 0
0.09599999999999123 -0.0870000000000202 0
0.09599999999999141 -0.08600000000002274 0
0.09599999999999163 -0.08500000000002521 0
0.09599999999999187 -0.08400000000002772 0
0.09599999999999205 -0.0830000000000303 0
0.09599999999999229 -0.08200000000003287 0
0.09599999999999252 -0.08100000000003534 0
0.09599999999999272 -0.08000000000003782 0
0.09599999999999292 -0.0790000000000404 0
0.09599999999999316 -0.07800000000004295 0
0.09599999999999337 -0.07700000000004542 0
0.09599999999999356 -0.0760000000000479 0
0.09599999999999381 -0.07500000000005051 0
0.09599999999999402 -0.07400000000005308 0
0.09599999999999424 -0.07300000000005552 0
0.09599999999999446 -0.072000000000058 0
0.09599999999999466 -0.07100000000006064 0
0.09599999999999488 -0.07000000000006314 0
0.0959999999999951 -0.06900000000006568 0
0.09599999999999528 -0.06800000000006826 0
0.09599999999999555 -0.06700000000007075 0
0.09599999999999573 -0.06600000000007321 0
0.09599999999999596 -0.06500000000007572 0
0.09599999999999617 -0.06400000000007836 0
0.09599999999999639 -0.06300000000008082 0
0.09599999999999657 -0.06200000000008332 0
0.0959999999999968 -0.06100000000008583 0
0.09599999999999705 -0.06000000000008845 0
0.09599999999999725 -0.05900000000009092 0
0.09599999999999745 -0.05800000000009389 0
0.09599999999999768 -0.05700000000009807 0
0.09599999999999789 -0.05600000000010106 0
0.09599999999999811 -0.05500000000010362 0
0.09599999999999832 -0.05400000000010608 0
0.09599999999999853 -0.05300000000010864 0
0.09599999999999875 -0.05200000000011117 0
0.09599999999999898 -0.05100000000011368 0
0.0959999999999992 -0.05000000000011619 0
0.09599999999999941 -0.04900000000011875 0
0.09599999999999964 -0.04800000000012126 0
0.09599999999999985 -0.04700000000012377 0
0.09600000000000007 -0.04600000000012627 0
0.09600000000000028 -0.04500000000012758 0
0.09600000000000049 -0.04400000000012655 0
0.09600000000000071 -0.04300000000012359 0
0.09600000000000093 -0.04200000000012077 0
0.09600000000000113 -0.0410000000001185 0
0.09600000000000135 -0.04000000000011624 0
0.09600000000000156 -0.03900000000011311 0
0.09600000000000178 -0.03800000000011041 0
0.096000000000002 -0.03700000000010816 0
0.09600000000000224 -0.03600000000010593 0
0.09600000000000246 -0.03500000000010262 0
0.09600000000000267 -0.03400000000010009 0
0.09600000000000283 -0.03300000000009786 0
0.09600000000000308 -0.03200000000009569 0
0.09600000000000329 -0.03100000000009226 0
0.09600000000000351 -0.03000000000008884 0
0.09600000000000372 -0.02900000000008826 0
0.09600000000000394 -0.02800000000008569 0
0.09600000000000418 -0.02700000000008177 0
0.0960000000000044 -0.02600000000007869 0
0.09600000000000458 -0.0250000000000781 0
0.09600000000000479 -0.02400000000007522 0
0.096000000000005 -0.02300000000007131 0
0.09600000000000522 -0.02200000000006851 0
0.09600000000000546 -0.02100000000006793 0
0.09600000000000568 -0.02000000000006473 0
0.0960000000000059 -0.01900000000006153 0
0.09600000000000611 -0.01800000000006095 0
0.09600000000000632 -0.01700000000005816 0
0.09600000000000652 -0.01600000000005426 0
0.09600000000000675 -0.01500000000005137 0
0.09600000000000698 -0.01400000000005081 0
0.09600000000000718 -0.01300000000004776 0
0.09600000000000738 -0.01200000000004382 0
0.09600000000000761 -0.01100000000004127 0
0.09600000000000784 -0.01000000000004067 0
0.09600000000000805 -0.009000000000037263 0
0.09600000000000829 -0.008000000000033347 0
0.09600000000000848 -0.007000000000031067 0
0.09600000000000869 -0.006000000000030413 0
0.0960000000000089 -0.005000000000026651 0
0.09600000000000912 -0.004000000000022676 0
0.09600000000000934 -0.003000000000020661 0
0.09600000000000955 -0.002000000000019917 0
0.09600000000000977 -0.00100000000001593 0
0.09600000000001001 -1.198569238650138e-14 0
0.09600000000001022 0.0009999999999896702 0
0.09600000000001045 0.001999999999990709 0
0.09600000000001063 0.002999999999994674 0
0.09600000000001085 0.003999999999998647 0
0.0969999999999907 -0.0940000000000026 0
0.09699999999999087 -0.09300000000000516 0
0.09699999999999108 -0.09200000000000769 0
0.09699999999999122 -0.09100000000001034 0
0.0969999999999914 -0.09000000000001292 0
0.09699999999999158 -0.08900000000001544 0
0.09699999999999176 -0.08800000000001802 0
0.09699999999999193 -0.0870000000000206 0
0.09699999999999212 -0.08600000000002325 0
0.0969999999999923 -0.08500000000002575 0
0.09699999999999245 -0.08400000000002833 0
0.09699999999999266 -0.08300000000003097 0
0.09699999999999284 -0.08200000000003353 0
0.09699999999999304 -0.08100000000003611 0
0.09699999999999318 -0.08000000000003867 0
0.09699999999999337 -0.07900000000004126 0
0.09699999999999354 -0.07800000000004387 0
0.0969999999999937 -0.07700000000004638 0
0.09699999999999388 -0.07600000000004896 0
0.09699999999999406 -0.07500000000005159 0
0.09699999999999423 -0.07400000000005419 0
0.09699999999999438 -0.07300000000005671 0
0.09699999999999459 -0.07200000000005928 0
0.09699999999999476 -0.07100000000006196 0
0.09699999999999495 -0.07000000000006447 0
0.09699999999999515 -0.06900000000006705 0
0.09699999999999531 -0.0680000000000697 0
0.09699999999999548 -0.06700000000007225 0
0.09699999999999565 -0.0660000000000748 0
0.09699999999999584 -0.06500000000007736 0
0.09699999999999601 -0.06400000000008001 0
0.0969999999999962 -0.06300000000008255 0
0.09699999999999637 -0.06200000000008511 0
0.09699999999999656 -0.06100000000008766 0
0.09699999999999673 -0.0600000000000903 0
0.09699999999999689 -0.05900000000009287 0
0.09699999999999706 -0.05800000000009589 0
0.09699999999999726 -0.05700000000010014 0
0.09699999999999745 -0.05600000000010322 0
0.09699999999999762 -0.05500000000010578 0
0.09699999999999784 -0.05400000000010833 0
0.09699999999999798 -0.05300000000011094 0
0.09699999999999814 -0.05200000000011351 0
0.09699999999999834 -0.05100000000011609 0
0.0969999999999985 -0.05000000000011865 0
0.0969999999999987 -0.04900000000012124 0
0.09699999999999888 -0.04800000000012383 0
0.09699999999999906 -0.04700000000012639 0
0.09699999999999923 -0.04600000000012895 0
0.09699999999999942 -0.04500000000013028 0
0.09699999999999959 -0.04400000000012922 0
0.09699999999999978 -0.04300000000012619 0
0.09699999999999995 -0.04200000000012331 0
0.09700000000000011 -0.04100000000012101 0
0.09700000000000028 -0.0400000000001187 0
0.09700000000000047 -0.0390000000001155 0
0.09700000000000067 -0.03800000000011274 0
0.09700000000000084 -0.03700000000011042 0
0.097000000000001 -0.03600000000010814 0
0.09700000000000117 -0.03500000000010477 0
0.09700000000000136 -0.0340000000001022 0
0.09700000000000156 -0.03300000000009989 0
0.0970000000000017 -0.03200000000009767 0
0.09700000000000189 -0.03100000000009415 0
0.09700000000000211 -0.03000000000009067 0
0.09700000000000225 -0.02900000000009006 0
0.09700000000000245 -0.02800000000008743 0
0.09700000000000261 -0.02700000000008344 0
0.09700000000000279 -0.0260000000000803 0
0.09700000000000296 -0.02500000000007967 0
0.09700000000000311 -0.02400000000007673 0
0.09700000000000333 -0.02300000000007274 0
0.0970000000000035 -0.02200000000006988 0
0.09700000000000365 -0.02100000000006927 0
0.09700000000000386 -0.02000000000006602 0
0.09700000000000403 -0.01900000000006274 0
0.09700000000000422 -0.01800000000006213 0
0.09700000000000439 -0.01700000000005929 0
0.09700000000000455 -0.0160000000000553 0
0.09700000000000474 -0.01500000000005236 0
0.09700000000000492 -0.01400000000005176 0
0.09700000000000511 -0.01300000000004864 0
0.09700000000000528 -0.01200000000004463 0
0.09700000000000544 -0.01100000000004202 0
0.09700000000000564 -0.01000000000004138 0
0.09700000000000583 -0.009000000000037913 0
0.097000000000006 -0.00800000000003393 0
0.09700000000000616 -0.007000000000031601 0
0.09700000000000633 -0.006000000000030922 0
0.09700000000000653 -0.005000000000027109 0
0.09700000000000672 -0.004000000000023077 0
0.09700000000000689 -0.003000000000021029 0
0.09700000000000705 -0.00200000000002026 0
0.09700000000000722 -0.001000000000016215 0
0.09700000000000741 -1.221012223620588e-14 0
0.09700000000000758 0.0009999999999894876 0
0.09700000000000777 0.001999999999990558 0
0.09700000000000794 0.002999999999994584 0
0.09700000000000811 0.003999999999998616 0
0.09799999999999469 -0.09400000000000265 0
0.09799999999999481 -0.09300000000000527 0
0.09799999999999491 -0.09200000000000789 0
0.09799999999999501 -0.09100000000001054 0
0.09799999999999513 -0.09000000000001318 0
0.09799999999999527 -0.08900000000001579 0
0.09799999999999534 -0.08800000000001842 0
0.09799999999999544 -0.08700000000002103 0
0.09799999999999554 -0.08600000000002371 0
0.09799999999999566 -0.0850000000000263 0
0.09799999999999578 -0.08400000000002895 0
0.09799999999999588 -0.0830000000000316 0
0.09799999999999602 -0.08200000000003425 0
0.09799999999999612 -0.08100000000003686 0
0.09799999999999623 -0.08000000000003947 0
0.09799999999999631 -0.07900000000004211 0
0.09799999999999645 -0.0780000000000448 0
0.09799999999999655 -0.07700000000004739 0
0.09799999999999665 -0.07600000000005 0
0.0979999999999968 -0.07500000000005266 0
0.09799999999999684 -0.0740000000000553 0
0.09799999999999695 -0.07300000000005792 0
0.0979999999999971 -0.07200000000006053 0
0.0979999999999972 -0.07100000000006325 0
0.09799999999999731 -0.07000000000006582 0
0.09799999999999742 -0.06900000000006845 0
0.09799999999999753 -0.06800000000007114 0
0.09799999999999767 -0.06700000000007376 0
0.09799999999999776 -0.06600000000007637 0
0.09799999999999787 -0.06500000000007898 0
0.09799999999999796 -0.06400000000008169 0
0.09799999999999809 -0.06300000000008427 0
0.0979999999999982 -0.06200000000008689 0
0.0979999999999983 -0.06100000000008951 0
0.09799999999999841 -0.06000000000009219 0
0.09799999999999855 -0.0590000000000948 0
0.09799999999999863 -0.05800000000009789 0
0.09799999999999873 -0.05700000000010223 0
0.09799999999999885 -0.05600000000010534 0
0.09799999999999898 -0.05500000000010798 0
0.09799999999999906 -0.05400000000011058 0
0.0979999999999992 -0.05300000000011322 0
0.0979999999999993 -0.05200000000011585 0
0.09799999999999939 -0.05100000000011849 0
0.0979999999999995 -0.05000000000012111 0
0.09799999999999963 -0.04900000000012376 0
0.09799999999999973 -0.04800000000012639 0
0.09799999999999984 -0.04700000000012901 0
0.09799999999999995 -0.04600000000013162 0
0.09800000000000007 -0.04500000000013298 0
0.09800000000000017 -0.04400000000013191 0
0.09800000000000027 -0.0430000000001288 0
0.09800000000000039 -0.04200000000012587 0
0.09800000000000049 -0.04100000000012349 0
0.09800000000000063 -0.04000000000012113 0
0.09800000000000073 -0.03900000000011787 0
0.09800000000000082 -0.03800000000011507 0
0.09800000000000096 -0.0370000000001127 0
0.09800000000000103 -0.03600000000011037 0
0.09800000000000116 -0.03500000000010692 0
0.09800000000000127 -0.03400000000010428 0
0.09800000000000136 -0.03300000000010193 0
0.0980000000000015 -0.03200000000009962 0
0.0980000000000016 -0.03100000000009605 0
0.09800000000000167 -0.03000000000009251 0
0.09800000000000178 -0.02900000000009186 0
0.09800000000000192 -0.02800000000008917 0
0.098000000000002 -0.0270000000000851 0
0.09800000000000213 -0.02600000000008189 0
0.09800000000000224 -0.02500000000008124 0
0.09800000000000235 -0.02400000000007824 0
0.09800000000000246 -0.02300000000007418 0
0.09800000000000257 -0.02200000000007127 0
0.09800000000000268 -0.02100000000007061 0
0.09800000000000278 -0.0200000000000673 0
0.0980000000000029 -0.01900000000006397 0
0.098000000000003 -0.01800000000006331 0
0.09800000000000311 -0.0170000000000604 0
0.09800000000000324 -0.01600000000005635 0
0.09800000000000333 -0.01500000000005335 0
0.09800000000000346 -0.0140000000000527 0
0.09800000000000356 -0.01300000000004952 0
0.09800000000000367 -0.01200000000004544 0
0.09800000000000378 -0.01100000000004278 0
0.0980000000000039 -0.0100000000000421 0
0.09800000000000401 -0.009000000000038562 0
0.09800000000000411 -0.008000000000034509 0
0.09800000000000422 -0.007000000000032134 0
0.09800000000000435 -0.006000000000031433 0
0.09800000000000446 -0.005000000000027567 0
0.09800000000000457 -0.004000000000023477 0
0.09800000000000465 -0.003000000000021392 0
0.09800000000000479 -0.002000000000020604 0
0.09800000000000487 -0.0010000000000165 0
0.09800000000000499 -1.243288512507018e-14 0
0.09800000000000512 0.0009999999999893057 0
0.09800000000000519 0.001999999999990408 0
0.09800000000000532 0.002999999999994495 0
0.09800000000000543 0.003999999999998583 0
0.09899999999999869 -0.09400000000000272 0
0.09899999999999873 -0.09300000000000538 0
0.09899999999999876 -0.09200000000000806 0
0.09899999999999881 -0.09100000000001075 0
0.09899999999999887 -0.09000000000001344 0
0.09899999999999887 -0.08900000000001612 0
0.09899999999999892 -0.08800000000001881 0
0.09899999999999898 -0.08700000000002148 0
0.09899999999999903 -0.0860000000000242 0
0.09899999999999903 -0.08500000000002685 0
0.09899999999999912 -0.08400000000002954 0
0.09899999999999916 -0.08300000000003224 0
0.0989999999999992 -0.08200000000003493 0
0.0989999999999992 -0.0810000000000376 0
0.09899999999999928 -0.08000000000004029 0
0.09899999999999931 -0.07900000000004297 0
0.09899999999999934 -0.07800000000004569 0
0.09899999999999939 -0.07700000000004836 0
0.09899999999999945 -0.07600000000005103 0
0.09899999999999948 -0.07500000000005376 0
0.09899999999999953 -0.07400000000005647 0
0.09899999999999953 -0.07300000000005913 0
0.09899999999999959 -0.07200000000006179 0
0.09899999999999963 -0.07100000000006454 0
0.09899999999999969 -0.07000000000006719 0
0.0989999999999997 -0.06900000000006987 0
0.09899999999999977 -0.06800000000007259 0
0.0989999999999998 -0.06700000000007525 0
0.09899999999999988 -0.0660000000000779 0
0.09899999999999988 -0.06500000000008059 0
0.09899999999999992 -0.06400000000008334 0
0.09899999999999999 -0.06300000000008599 0
0.09900000000000002 -0.06200000000008866 0
0.09900000000000003 -0.06100000000009136 0
0.09900000000000009 -0.06000000000009405 0
0.09900000000000012 -0.05900000000009672 0
0.09900000000000017 -0.05800000000009988 0
0.0990000000000002 -0.05700000000010427 0
0.09900000000000025 -0.05600000000010744 0
0.09900000000000031 -0.05500000000011015 0
0.09900000000000034 -0.05400000000011281 0
0.09900000000000038 -0.05300000000011553 0
0.09900000000000042 -0.05200000000011819 0
0.09900000000000048 -0.05100000000012087 0
0.0990000000000005 -0.05000000000012356 0
0.09900000000000053 -0.04900000000012626 0
0.0990000000000006 -0.04800000000012895 0
0.09900000000000062 -0.04700000000013162 0
0.09900000000000064 -0.04600000000013428 0
0.09900000000000071 -0.04500000000013567 0
0.09900000000000075 -0.04400000000013458 0
0.09900000000000078 -0.0430000000001314 0
0.09900000000000084 -0.0420000000001284 0
0.09900000000000087 -0.041000000000126 0
0.09900000000000089 -0.04000000000012358 0
0.09900000000000098 -0.03900000000012026 0
0.09900000000000098 -0.03800000000011738 0
0.09900000000000103 -0.03700000000011498 0
0.09900000000000106 -0.03600000000011257 0
0.09900000000000113 -0.03500000000010906 0
0.09900000000000117 -0.03400000000010639 0
0.0990000000000012 -0.03300000000010396 0
0.09900000000000127 -0.03200000000010159 0
0.09900000000000131 -0.03100000000009794 0
0.09900000000000131 -0.03000000000009435 0
0.09900000000000136 -0.02900000000009365 0
0.09900000000000142 -0.0280000000000909 0
0.09900000000000142 -0.02700000000008676 0
0.0990000000000015 -0.0260000000000835 0
0.09900000000000153 -0.0250000000000828 0
0.09900000000000159 -0.02400000000007975 0
0.09900000000000159 -0.02300000000007562 0
0.09900000000000164 -0.02200000000007265 0
0.09900000000000171 -0.02100000000007196 0
0.09900000000000173 -0.02000000000006857 0
0.09900000000000175 -0.01900000000006518 0
0.09900000000000181 -0.01800000000006449 0
0.09900000000000186 -0.01700000000006153 0
0.09900000000000192 -0.01600000000005741 0
0.09900000000000192 -0.01500000000005434 0
0.09900000000000199 -0.01400000000005366 0
0.09900000000000204 -0.01300000000005039 0
0.09900000000000207 -0.01200000000004625 0
0.09900000000000209 -0.01100000000004353 0
0.09900000000000214 -0.01000000000004281 0
0.0990000000000022 -0.009000000000039209 0
0.09900000000000224 -0.00800000000003509 0
0.09900000000000228 -0.007000000000032668 0
0.09900000000000231 -0.006000000000031943 0
0.09900000000000236 -0.005000000000028025 0
0.09900000000000242 -0.004000000000023876 0
0.09900000000000242 -0.00300000000002176 0
0.09900000000000247 -0.002000000000020947 0
0.09900000000000253 -0.001000000000016786 0
0.09900000000000259 -1.265532275328274e-14 0
0.09900000000000259 0.000999999999989122 0
0.09900000000000264 0.001999999999990257 0
0.0990000000000027 0.002999999999994404 0
0.09900000000000272 0.00399999999999855 0
$EndNodes
$Elements
5 20400 1 20400
1 1 1 100
1 1 5 
2 5 6 
3 6 7 
4 7 8 
5 8 9 
6 9 10 
7 10 11 
8 11 12 
9 12 13 
10 13 14 
11 14 15 
12 15 16 
13 16 17 
14 17 18 
15 18 19 
16 19 20 
17 20 21 
18 21 22 
19 22 23 
20 23 24 
21 24 25 
22 25 26 
23 26 27 
24 27 28 
25 28 29 
26 29 30 
27 30 31 
28 31 32 
29 32 33 
30 33 34 
31 34 35 
32 35 36 
33 36 37 
34 37 38 
35 38 39 
36 39 40 
37 40 41 
38 41 42 
39 42 43 
40 43 44 
41 44 45 
42 45 46 
43 46 47 
44 47 48 
45 48 49 
46 49 50 
47 50 51 
48 51 52 
49 52 53 
50 53 54 
51 54 55 
52 55 56 
53 56 57 
54 57 58 
55 58 59 
56 59 60 
57 60 61 
58 61 62 
59 62 63 
60 63 64 
61 64 65 
62 65 66 
63 66 67 
64 67 68 
65 68 69 
66 69 70 
67 70 71 
68 71 72 
69 72 73 
70 73 74 
71 74 75 
72 75 76 
73 76 77 
74 77 78 
75 78 79 
76 79 80 
77 80 81 
78 81 82 
79 82 83 
80 83 84 
81 84 85 
82 85 86 
83 86 87 
84 87 88 
85 88 89 
86 89 90 
87 90 91 
88 91 92 
89 92 93 
90 93 94 
91 94 95 
92 95 96 
93 96 97 
94 97 98 
95 98 99 
96 99 100 
97 100 101 
98 101 102 
99 102 103 
100 103 2 
1 2 1 100
101 2 104 
102 104 105 
103 105 106 
104 106 107 
105 107 108 
106 108 109 
107 109 110 
108 110 111 
109 111 112 
110 112 113 
111 113 114 
112 114 115 
113 115 116 
114 116 117 
115 117 118 
116 118 119 
117 119 120 
118 120 121 
119 121 122 
120 122 123 
121 123 124 
122 124 125 
123 125 126 
124 126 127 
125 127 128 
126 128 129 
127 129 130 
128 130 131 
129 131 132 
130 132 133 
131 133 134 
132 134 135 
133 135 136 
134 136 137 
135 137 138 
136 138 139 
137 139 140 
138 140 141 
139 141 142 
140 142 143 
141 143 144 
142 144 145 
143 145 146 
144 146 147 
145 147 148 
146 148 149 
147 149 150 
148 150 151 
149 151 152 
150 152 153 
151 153 154 
152 154 155 
153 155 156 
154 156 157 
155 157 158 
156 158 159 
157 159 160 
158 160 161 
159 161 162 
160 162 163 
161 163 164 
162 164 165 
163 165 166 
164 166 167 
165 167 168 
166 168 169 
167 169 170 
168 170 171 
169 171 172 
170 172 173 
171 173 174 
172 174 175 
173 175 176 
174 176 177 
175 177 178 
176 178 179 
177 179 180 
178 180 181 
179 181 182 
180 182 183 
181 183 184 
182 184 185 
183 185 186 
184 186 187 
185 187 188 
186 188 189 
187 189 190 
188 190 191 
189 191 192 
190 192 193 
191 193 194 
192 194 195 
193 195 196 
194 196 197 
195 197 198 
196 198 199 
197 199 200 
198 200 201 
199 201 202 
200 202 3 
1 3 1 100
201 3 203 
202 203 204 
203 204 205 
204 205 206 
205 206 207 
206 207 208 
207 208 209 
208 209 210 
209 210 211 
210 211 212 
211 212 213 
212 213 214 
213 214 215 
214 215 216 
215 216 217 
216 217 218 
217 218 219 
218 219 220 
219 220 221 
220 221 222 
221 222 223 
222 223 224 
223 224 225 
224 225 226 
225 226 227 
226 227 228 
227 228 229 
228 229 230 
229 230 231 
230 231 232 
231 232 233 
232 233 234 
233 234 235 
234 235 236 
235 236 237 
236 237 238 
237 238 239 
238 239 240 
239 240 241 
240 241 242 
241 242 243 
242 243 244 
243 244 245 
244 245 246 
245 246 247 
246 247 248 
247 248 249 
248 249 250 
249 250 251 
250 251 252 
251 252 253 
252 253 254 
253 254 255 
254 255 256 
255 256 257 
256 257 258 
257 258 259 
258 259 260 
259 260 261 
260 261 262 
261 262 263 
262 263 264 
263 264 265 
264 265 266 
265 266 267 
266 267 268 
267 268 269 
268 269 270 
269 270 271 
270 271 272 
271 272 273 
272 273 274 
273 274 275 
274 275 276 
275 276 277 
276 277 278 
277 278 279 
278 279 280 
279 280 281 
280 281 282 
281 282 283 
282 283 284 
283 284 285 
284 285 286 
285 286 287 
286 287 288 
287 288 289 
288 289 290 
289 290 291 
290 291 292 
291 292 293 
292 293 294 
293 294 295 
294 295 296 
295 296 297 
296 297 298 
297 298 299 
298 299 300 
299 300 301 
300 301 4 
1 4 1 100
301 4 302 
302 302 303 
303 303 304 
304 304 305 
305 305 306 
306 306 307 
307 307 308 
308 308 309 
309 309 310 
310 310 311 
311 311 312 
312 312 313 
313 313 314 
314 314 315 
315 315 316 
316 316 317 
317 317 318 
318 318 319 
319 319 320 
320 320 321 
321 321 322 
322 322 323 
323 323 324 
324 324 325 
325 325 326 
326 326 327 
327 327 328 
328 328 329 
329 329 330 
330 330 331 
331 331 332 
332 332 333 
333 333 334 
334 334 335 
335 335 336 
336 336 337 
337 337 338 
338 338 339 
339 339 340 
340 340 341 
341 341 342 
342 342 343 
343 343 344 
344 344 345 
345 345 346 
346 346 347 
347 347 348 
348 348 349 
349 349 350 
350 350 351 
351 351 352 
352 352 353 
353 353 354 
354 354 355 
355 355 356 
356 356 357 
357 357 358 
358 358 359 
359 359 360 
360 360 361 
361 361 362 
362 362 363 
363 363 364 
364 364 365 
365 365 366 
366 366 367 
367 367 368 
368 368 369 
369 369 370 
370 370 371 
371 371 372 
372 372 373 
373 373 374 
374 374 375 
375 375 376 
376 376 377 
377 377 378 
378 378 379 
379 379 380 
380 380 381 
381 381 382 
382 382 383 
383 383 384 
384 384 385 
385 385 386 
386 386 387 
387 387 388 
388 388 389 
389 389 390 
390 390 391 
391 391 392 
392 392 393 
393 393 394 
394 394 395 
395 395 396 
396 396 397 
397 397 398 
398 398 399 
399 399 400 
400 400 1 
2 1 2 20000
401 1 5 400 
402 400 5 401 
403 400 401 399 
404 399 401 402 
405 399 402 398 
406 398 402 403 
407 398 403 397 
408 397 403 404 
409 397 404 396 
410 396 404 405 
411 396 405 395 
412 395 405 406 
413 395 406 394 
414 394 406 407 
415 394 407 393 
416 393 407 408 
417 393 408 392 
418 392 408 409 
419 392 409 391 
420 391 409 410 
421 391 410 390 
422 390 410 411 
423 390 411 389 
424 389 411 412 
425 389 412 388 
426 388 412 413 
427 388 413 387 
428 387 413 414 
429 387 414 386 
430 386 414 415 
431 386 415 385 
432 385 415 416 
433 385 416 384 
434 384 416 417 
435 384 417 383 
436 383 417 418 
437 383 418 382 
438 382 418 419 
439 382 419 381 
440 381 419 420 
441 381 420 380 
442 380 420 421 
443 380 421 379 
444 379 421 422 
445 379 422 378 
446 378 422 423 
447 378 423 377 
448 377 423 424 
449 377 424 376 
450 376 424 425 
451 376 425 375 
452 375 425 426 
453 375 426 374 
454 374 426 427 
455 374 427 373 
456 373 427 428 
457 373 428 372 
458 372 428 429 
459 372 429 371 
460 371 429 430 
461 371 430 370 
462 370 430 431 
463 370 431 369 
464 369 431 432 
465 369 432 368 
466 368 432 433 
467 368 433 367 
468 367 433 434 
469 367 434 366 
470 366 434 435 
471 366 435 365 
472 365 435 436 
473 365 436 364 
474 364 436 437 
475 364 437 363 
476 363 437 438 
477 363 438 362 
478 362 438 439 
479 362 439 361 
480 361 439 440 
481 361 440 360 
482 360 440 441 
483 360 441 359 
484 359 441 442 
485 359 442 358 
486 358 442 443 
487 358 443 357 
488 357 443 444 
489 357 444 356 
490 356 444 445 
491 356 445 355 
492 355 445 446 
493 355 446 354 
494 354 446 447 
495 354 447 353 
496 353 447 448 
497 353 448 352 
498 352 448 449 
499 352 449 351 
500 351 449 450 
501 351 450 350 
502 350 450 451 
503 350 451 349 
504 349 451 452 
505 349 452 348 
506 348 452 453 
507 348 453 347 
508 347 453 454 
509 347 454 346 
510 346 454 455 
511 346 455 345 
512 345 455 456 
513 345 456 344 
514 344 456 457 
515 344 457 343 
516 343 457 458 
517 343 458 342 
518 342 458 459 
519 342 459 341 
520 341 459 460 
521 341 460 340 
522 340 460 461 
523 340 461 339 
524 339 461 462 
525 339 462 338 
526 338 462 463 
527 338 463 337 
528 337 463 464 
529 337 464 336 
530 336 464 465 
531 336 465 335 
532 335 465 466 
533 335 466 334 
534 334 466 467 
535 334 467 333 
536 333 467 468 
537 333 468 332 
538 332 468 469 
539 332 469 331 
540 331 469 470 
541 331 470 330 
542 330 470 471 
543 330 471 329 
544 329 471 472 
545 329 472 328 
546 328 472 473 
547 328 473 327 
548 327 473 474 
549 327 474 326 
550 326 474 475 
551 326 475 325 
552 325 475 476 
553 325 476 324 
554 324 476 477 
555 324 477 323 
556 323 477 478 
557 323 478 322 
558 322 478 479 
559 322 479 321 
560 321 479 480 
561 321 480 320 
562 320 480 481 
563 320 481 319 
564 319 481 482 
565 319 482 318 
566 318 482 483 
567 318 483 317 
568 317 483 484 
569 317 484 316 
570 316 484 485 
571 316 485 315 
572 315 485 486 
573 315 486 314 
574 314 486 487 
575 314 487 313 
576 313 487 488 
577 313 488 312 
578 312 488 489 
579 312 489 311 
580 311 489 490 
581 311 490 310 
582 310 490 491 
583 310 491 309 
584 309 491 492 
585 309 492 308 
586 308 492 493 
587 308 493 307 
588 307 493 494 
589 307 494 306 
590 306 494 495 
591 306 495 305 
592 305 495 496 
593 305 496 304 
594 304 496 497 
595 304 497 303 
596 303 497 498 
597 303 498 302 
598 302 498 499 
599 302 499 4 
600 4 499 301 
601 5 6 401 
602 401 6 500 
603 401 500 402 
604 402 500 501 
605 402 501 403 
606 403 501 502 
607 403 502 404 
608 404 502 503 
609 404 503 405 
610 405 503 504 
611 405 504 406 
612 406 504 505 
613 406 505 407 
614 407 505 506 
615 407 506 408 
616 408 506 507 
617 408 507 409 
618 409 507 508 
619 409 508 410 
620 410 508 509 
621 410 509 411 
622 411 509 510 
623 411 510 412 
624 412 510 511 
625 412 511 413 
626 413 511 512 
627 413 512 414 
628 414 512 513 
629 414 513 415 
630 415 513 514 
631 415 514 416 
632 416 514 515 
633 416 515 417 
634 417 515 516 
635 417 516 418 
636 418 516 517 
637 418 517 419 
638 419 517 518 
639 419 518 420 
640 420 518 519 
641 420 519 421 
642 421 519 520 
643 421 520 422 
644 422 520 521 
645 422 521 423 
646 423 521 522 
647 423 522 424 
648 424 522 523 
649 424 523 425 
650 425 523 524 
651 425 524 426 
652 426 524 525 
653 426 525 427 
654 427 525 526 
655 427 526 428 
656 428 526 527 
657 428 527 429 
658 429 527 528 
659 429 528 430 
660 430 528 529 
661 430 529 431 
662 431 529 530 
663 431 530 432 
664 432 530 531 
665 432 531 433 
666 433 531 532 
667 433 532 434 
668 434 532 533 
669 434 533 435 
670 435 533 534 
671 435 534 436 
672 436 534 535 
673 436 535 437 
674 437 535 536 
675 437 536 438 
676 438 536 537 
677 438 537 439 
678 439 537 538 
679 439 538 440 
680 440 538 539 
681 440 539 441 
682 441 539 540 
683 441 540 442 
684 442 540 541 
685 442 541 443 
686 443 541 542 
687 443 542 444 
688 444 542 543 
689 444 543 445 
690 445 543 544 
691 445 544 446 
692 446 544 545 
693 446 545 447 
694 447 545 546 
695 447 546 448 
696 448 546 547 
697 448 547 449 
698 449 547 548 
699 449 548 450 
700 450 548 549 
701 450 549 451 
702 451 549 550 
703 451 550 452 
704 452 550 551 
705 452 551 453 
706 453 551 552 
707 453 552 454 
708 454 552 553 
709 454 553 455 
710 455 553 554 
711 455 554 456 
712 456 554 555 
713 456 555 457 
714 457 555 556 
715 457 556 458 
716 458 556 557 
717 458 557 459 
718 459 557 558 
719 459 558 460 
720 460 558 559 
721 460 559 461 
722 461 559 560 
723 461 560 462 
724 462 560 561 
725 462 561 463 
726 463 561 562 
727 463 562 464 
728 464 562 563 
729 464 563 465 
730 465 563 564 
731 465 564 466 
732 466 564 565 
733 466 565 467 
734 467 565 566 
735 467 566 468 
736 468 566 567 
737 468 567 469 
738 469 567 568 
739 469 568 470 
740 470 568 569 
741 470 569 471 
742 471 569 570 
743 471 570 472 
744 472 570 571 
745 472 571 473 
746 473 571 572 
747 473 572 474 
748 474 572 573 
749 474 573 475 
750 475 573 574 
751 475 574 476 
752 476 574 575 
753 476 575 477 
754 477 575 576 
755 477 576 478 
756 478 576 577 
757 478 577 479 
758 479 577 578 
759 479 578 480 
760 480 578 579 
761 480 579 481 
762 481 579 580 
763 481 580 482 
764 482 580 581 
765 482 581 483 
766 483 581 582 
767 483 582 484 
768 484 582 583 
769 484 583 485 
770 485 583 584 
771 485 584 486 
772 486 584 585 
773 486 585 487 
774 487 585 586 
775 487 586 488 
776 488 586 587 
777 488 587 489 
778 489 587 588 
779 489 588 490 
780 490 588 589 
781 490 589 491 
782 491 589 590 
783 491 590 492 
784 492 590 591 
785 492 591 493 
786 493 591 592 
787 493 592 494 
788 494 592 593 
789 494 593 495 
790 495 593 594 
791 495 594 496 
792 496 594 595 
793 496 595 497 
794 497 595 596 
795 497 596 498 
796 498 596 597 
797 498 597 499 
798 499 597 598 
799 499 598 301 
800 301 598 300 
801 6 7 500 
802 500 7 599 
803 500 599 501 
804 501 599 600 
805 501 600 502 
806 502 600 601 
807 502 601 503 
808 503 601 602 
809 503 602 504 
810 504 602 603 
811 504 603 505 
812 505 603 604 
813 505 604 506 
814 506 604 605 
815 506 605 507 
816 507 605 606 
817 507 606 508 
818 508 606 607 
819 508 607 509 
820 509 607 608 
821 509 608 510 
822 510 608 609 
823 510 609 511 
824 511 609 610 
825 511 610 512 
826 512 610 611 
827 512 611 513 
828 513 611 612 
829 513 612 514 
830 514 612 613 
831 514 613 515 
832 515 613 614 
833 515 614 516 
834 516 614 615 
835 516 615 517 
836 517 615 616 
837 517 616 518 
838 518 616 617 
839 518 617 519 
840 519 617 618 
841 519 618 520 
842 520 618 619 
843 520 619 521 
844 521 619 620 
845 521 620 522 
846 522 620 621 
847 522 621 523 
848 523 621 622 
849 523 622 524 
850 524 622 623 
851 524 623 525 
852 525 623 624 
853 525 624 526 
854 526 624 625 
855 526 625 527 
856 527 625 626 
857 527 626 528 
858 528 626 627 
859 528 627 529 
860 529 627 628 
861 529 628 530 
862 530 628 629 
863 530 629 531 
864 531 629 630 
865 531 630 532 
866 532 630 631 
867 532 631 533 
868 533 631 632 
869 533 632 534 
870 534 632 633 
871 534 633 535 
872 535 633 634 
873 535 634 536 
874 536 634 635 
875 536 635 537 
876 537 635 636 
877 537 636 538 
878 538 636 637 
879 538 637 539 
880 539 637 638 
881 539 638 540 
882 540 638 639 
883 540 639 541 
884 541 639 640 
885 541 640 542 
886 542 640 641 
887 542 641 543 
888 543 641 642 
889 543 642 544 
890 544 642 643 
891 544 643 545 
892 545 643 644 
893 545 644 546 
894 546 644 645 
895 546 645 547 
896 547 645 646 
897 547 646 548 
898 548 646 647 
899 548 647 549 
900 549 647 648 
901 549 648 550 
902 550 648 649 
903 550 649 551 
904 551 649 650 
905 551 650 552 
906 552 650 651 
907 552 651 553 
908 553 651 652 
909 553 652 554 
910 554 652 653 
911 554 653 555 
912 555 653 654 
913 555 654 556 
914 556 654 655 
915 556 655 557 
916 557 655 656 
917 557 656 558 
918 558 656 657 
919 558 657 559 
920 559 657 658 
921 559 658 560 
922 560 658 659 
923 560 659 561 
924 561 659 660 
925 561 660 562 
926 562 660 661 
927 562 661 563 
928 563 661 662 
929 563 662 564 
930 564 662 663 
931 564 663 565 
932 565 663 664 
933 565 664 566 
934 566 664 665 
935 566 665 567 
936 567 665 666 
937 567 666 568 
938 568 666 667 
939 568 667 569 
940 569 667 668 
941 569 668 570 
942 570 668 669 
943 570 669 571 
944 571 669 670 
945 571 670 572 
946 572 670 671 
947 572 671 573 
948 573 671 672 
949 573 672 574 
950 574 672 673 
951 574 673 575 
952 575 673 674 
953 575 674 576 
954 576 674 675 
955 576 675 577 
956 577 675 676 
957 577 676 578 
958 578 676 677 
959 578 677 579 
960 579 677 678 
961 579 678 580 
962 580 678 679 
963 580 679 581 
964 581 679 680 
965 581 680 582 
966 582 680 681 
967 582 681 583 
968 583 681 682 
969 583 682 584 
970 584 682 683 
971 584 683 585 
972 585 683 684 
973 585 684 586 
974 586 684 685 
975 586 685 587 
976 587 685 686 
977 587 686 588 
978 588 686 687 
979 588 687 589 
980 589 687 688 
981 589 688 590 
982 590 688 689 
983 590 689 591 
984 591 689 690 
985 591 690 592 
986 592 690 691 
987 592 691 593 
988 593 691 692 
989 593 692 594 
990 594 692 693 
991 594 693 595 
992 595 693 694 
993 595 694 596 
994 596 694 695 
995 596 695 597 
996 597 695 696 
997 597 696 598 
998 598 696 697 
999 598 697 300 
1000 300 697 299 
1001 7 8 599 
1002 599 8 698 
1003 599 698 600 
1004 600 698 699 
1005 600 699 601 
1006 601 699 700 
1007 601 700 602 
1008 602 700 701 
1009 602 701 603 
1010 603 701 702 
1011 603 702 604 
1012 604 702 703 
1013 604 703 605 
1014 605 703 704 
1015 605 704 606 
1016 606 704 705 
1017 606 705 607 
1018 607 705 706 
1019 607 706 608 
1020 608 706 707 
1021 608 707 609 
1022 609 707 708 
1023 609 708 610 
1024 610 708 709 
1025 610 709 611 
1026 611 709 710 
1027 611 710 612 
1028 612 710 711 
1029 612 711 613 
1030 613 711 712 
1031 613 712 614 
1032 614 712 713 
1033 614 713 615 
1034 615 713 714 
1035 615 714 616 
1036 616 714 715 
1037 616 715 617 
1038 617 715 716 
1039 617 716 618 
1040 618 716 717 
1041 618 717 619 
1042 619 717 718 
1043 619 718 620 
1044 620 718 719 
1045 620 719 621 
1046 621 719 720 
1047 621 720 622 
1048 622 720 721 
1049 622 721 623 
1050 623 721 722 
1051 623 722 624 
1052 624 722 723 
1053 624 723 625 
1054 625 723 724 
1055 625 724 626 
1056 626 724 725 
1057 626 725 627 
1058 627 725 726 
1059 627 726 628 
1060 628 726 727 
1061 628 727 629 
1062 629 727 728 
1063 629 728 630 
1064 630 728 729 
1065 630 729 631 
1066 631 729 730 
1067 631 730 632 
1068 632 730 731 
1069 632 731 633 
1070 633 731 732 
1071 633 732 634 
1072 634 732 733 
1073 634 733 635 
1074 635 733 734 
1075 635 734 636 
1076 636 734 735 
1077 636 735 637 
1078 637 735 736 
1079 637 736 638 
1080 638 736 737 
1081 638 737 639 
1082 639 737 738 
1083 639 738 640 
1084 640 738 739 
1085 640 739 641 
1086 641 739 740 
1087 641 740 642 
1088 642 740 741 
1089 642 741 643 
1090 643 741 742 
1091 643 742 644 
1092 644 742 743 
1093 644 743 645 
1094 645 743 744 
1095 645 744 646 
1096 646 744 745 
1097 646 745 647 
1098 647 745 746 
1099 647 746 648 
1100 648 746 747 
1101 648 747 649 
1102 649 747 748 
1103 649 748 650 
1104 650 748 749 
1105 650 749 651 
1106 651 749 750 
1107 651 750 652 
1108 652 750 751 
1109 652 751 653 
1110 653 751 752 
1111 653 752 654 
1112 654 752 753 
1113 654 753 655 
1114 655 753 754 
1115 655 754 656 
1116 656 754 755 
1117 656 755 657 
1118 657 755 756 
1119 657 756 658 
1120 658 756 757 
1121 658 757 659 
1122 659 757 758 
1123 659 758 660 
1124 660 758 759 
1125 660 759 661 
1126 661 759 760 
1127 661 760 662 
1128 662 760 761 
1129 662 761 663 
1130 663 761 762 
1131 663 762 664 
1132 664 762 763 
1133 664 763 665 
1134 665 763 764 
1135 665 764 666 
1136 666 764 765 
1137 666 765 667 
1138 667 765 766 
1139 667 766 668 
1140 668 766 767 
1141 668 767 669 
1142 669 767 768 
1143 669 768 670 
1144 670 768 769 
1145 670 769 671 
1146 671 769 770 
1147 671 770 672 
1148 672 770 771 
1149 672 771 673 
1150 673 771 772 
1151 673 772 674 
1152 674 772 773 
1153 674 773 675 
1154 675 773 774 
1155 675 774 676 
1156 676 774 775 
1157 676 775 677 
1158 677 775 776 
1159 677 776 678 
1160 678 776 777 
1161 678 777 679 
1162 679 777 778 
1163 679 778 680 
1164 680 778 779 
1165 680 779 681 
1166 681 779 780 
1167 681 780 682 
1168 682 780 781 
1169 682 781 683 
1170 683 781 782 
1171 683 782 684 
1172 684 782 783 
1173 684 783 685 
1174 685 783 784 
1175 685 784 686 
1176 686 784 785 
1177 686 785 687 
1178 687 785 786 
1179 687 786 688 
1180 688 786 787 
1181 688 787 689 
1182 689 787 788 
1183 689 788 690 
1184 690 788 789 
1185 690 789 691 
1186 691 789 790 
1187 691 790 692 
1188 692 790 791 
1189 692 791 693 
1190 693 791 792 
1191 693 792 694 
1192 694 792 793 
1193 694 793 695 
1194 695 793 794 
1195 695 794 696 
1196 696 794 795 
1197 696 795 697 
1198 697 795 796 
1199 697 796 299 
1200 299 796 298 
1201 8 9 698 
1202 698 9 797 
1203 698 797 699 
1204 699 797 798 
1205 699 798 700 
1206 700 798 799 
1207 700 799 701 
1208 701 799 800 
1209 701 800 702 
1210 702 800 801 
1211 702 801 703 
1212 703 801 802 
1213 703 802 704 
1214 704 802 803 
1215 704 803 705 
1216 705 803 804 
1217 705 804 706 
1218 706 804 805 
1219 706 805 707 
1220 707 805 806 
1221 707 806 708 
1222 708 806 807 
1223 708 807 709 
1224 709 807 808 
1225 709 808 710 
1226 710 808 809 
1227 710 809 711 
1228 711 809 810 
1229 711 810 712 
1230 712 810 811 
1231 712 811 713 
1232 713 811 812 
1233 713 812 714 
1234 714 812 813 
1235 714 813 715 
1236 715 813 814 
1237 715 814 716 
1238 716 814 815 
1239 716 815 717 
1240 717 815 816 
1241 717 816 718 
1242 718 816 817 
1243 718 817 719 
1244 719 817 818 
1245 719 818 720 
1246 720 818 819 
1247 720 819 721 
1248 721 819 820 
1249 721 820 722 
1250 722 820 821 
1251 722 821 723 
1252 723 821 822 
1253 723 822 724 
1254 724 822 823 
1255 724 823 725 
1256 725 823 824 
1257 725 824 726 
1258 726 824 825 
1259 726 825 727 
1260 727 825 826 
1261 727 826 728 
1262 728 826 827 
1263 728 827 729 
1264 729 827 828 
1265 729 828 730 
1266 730 828 829 
1267 730 829 731 
1268 731 829 830 
1269 731 830 732 
1270 732 830 831 
1271 732 831 733 
1272 733 831 832 
1273 733 832 734 
1274 734 832 833 
1275 734 833 735 
1276 735 833 834 
1277 735 834 736 
1278 736 834 835 
1279 736 835 737 
1280 737 835 836 
1281 737 836 738 
1282 738 836 837 
1283 738 837 739 
1284 739 837 838 
1285 739 838 740 
1286 740 838 839 
1287 740 839 741 
1288 741 839 840 
1289 741 840 742 
1290 742 840 841 
1291 742 841 743 
1292 743 841 842 
1293 743 842 744 
1294 744 842 843 
1295 744 843 745 
1296 745 843 844 
1297 745 844 746 
1298 746 844 845 
1299 746 845 747 
1300 747 845 846 
1301 747 846 748 
1302 748 846 847 
1303 748 847 749 
1304 749 847 848 
1305 749 848 750 
1306 750 848 849 
1307 750 849 751 
1308 751 849 850 
1309 751 850 752 
1310 752 850 851 
1311 752 851 753 
1312 753 851 852 
1313 753 852 754 
1314 754 852 853 
1315 754 853 755 
1316 755 853 854 
1317 755 854 756 
1318 756 854 855 
1319 756 855 757 
1320 757 855 856 
1321 757 856 758 
1322 758 856 857 
1323 758 857 759 
1324 759 857 858 
1325 759 858 760 
1326 760 858 859 
1327 760 859 761 
1328 761 859 860 
1329 761 860 762 
1330 762 860 861 
1331 762 861 763 
1332 763 861 862 
1333 763 862 764 
1334 764 862 863 
1335 764 863 765 
1336 765 863 864 
1337 765 864 766 
1338 766 864 865 
1339 766 865 767 
1340 767 865 866 
1341 767 866 768 
1342 768 866 867 
1343 768 867 769 
1344 769 867 868 
1345 769 868 770 
1346 770 868 869 
1347 770 869 771 
1348 771 869 870 
1349 771 870 772 
1350 772 870 871 
1351 772 871 773 
1352 773 871 872 
1353 773 872 774 
1354 774 872 873 
1355 774 873 775 
1356 775 873 874 
1357 775 874 776 
1358 776 874 875 
1359 776 875 777 
1360 777 875 876 
1361 777 876 778 
1362 778 876 877 
1363 778 877 779 
1364 779 877 878 
1365 779 878 780 
1366 780 878 879 
1367 780 879 781 
1368 781 879 880 
1369 781 880 782 
1370 782 880 881 
1371 782 881 783 
1372 783 881 882 
1373 783 882 784 
1374 784 882 883 
1375 784 883 785 
1376 785 883 884 
1377 785 884 786 
1378 786 884 885 
1379 786 885 787 
1380 787 885 886 
1381 787 886 788 
1382 788 886 887 
1383 788 887 789 
1384 789 887 888 
1385 789 888 790 
1386 790 888 889 
1387 790 889 791 
1388 791 889 890 
1389 791 890 792 
1390 792 890 891 
1391 792 891 793 
1392 793 891 892 
1393 793 892 794 
1394 794 892 893 
1395 794 893 795 
1396 795 893 894 
1397 795 894 796 
1398 796 894 895 
1399 796 895 298 
1400 298 895 297 
1401 9 10 797 
1402 797 10 896 
1403 797 896 798 
1404 798 896 897 
1405 798 897 799 
1406 799 897 898 
1407 799 898 800 
1408 800 898 899 
1409 800 899 801 
1410 801 899 900 
1411 801 900 802 
1412 802 900 901 
1413 802 901 803 
1414 803 901 902 
1415 803 902 804 
1416 804 902 903 
1417 804 903 805 
1418 805 903 904 
1419 805 904 806 
1420 806 904 905 
1421 806 905 807 
1422 807 905 906 
1423 807 906 808 
1424 808 906 907 
1425 808 907 809 
1426 809 907 908 
1427 809 908 810 
1428 810 908 909 
1429 810 909 811 
1430 811 909 910 
1431 811 910 812 
1432 812 910 911 
1433 812 911 813 
1434 813 911 912 
1435 813 912 814 
1436 814 912 913 
1437 814 913 815 
1438 815 913 914 
1439 815 914 816 
1440 816 914 915 
1441 816 915 817 
1442 817 915 916 
1443 817 916 818 
1444 818 916 917 
1445 818 917 819 
1446 819 917 918 
1447 819 918 820 
1448 820 918 919 
1449 820 919 821 
1450 821 919 920 
1451 821 920 822 
1452 822 920 921 
1453 822 921 823 
1454 823 921 922 
1455 823 922 824 
1456 824 922 923 
1457 824 923 825 
1458 825 923 924 
1459 825 924 826 
1460 826 924 925 
1461 826 925 827 
1462 827 925 926 
1463 827 926 828 
1464 828 926 927 
1465 828 927 829 
1466 829 927 928 
1467 829 928 830 
1468 830 928 929 
1469 830 929 831 
1470 831 929 930 
1471 831 930 832 
1472 832 930 931 
1473 832 931 833 
1474 833 931 932 
1475 833 932 834 
1476 834 932 933 
1477 834 933 835 
1478 835 933 934 
1479 835 934 836 
1480 836 934 935 
1481 836 935 837 
1482 837 935 936 
1483 837 936 838 
1484 838 936 937 
1485 838 937 839 
1486 839 937 938 
1487 839 938 840 
1488 840 938 939 
1489 840 939 841 
1490 841 939 940 
1491 841 940 842 
1492 842 940 941 
1493 842 941 843 
1494 843 941 942 
1495 843 942 844 
1496 844 942 943 
1497 844 943 845 
1498 845 943 944 
1499 845 944 846 
1500 846 944 945 
1501 846 945 847 
1502 847 945 946 
1503 847 946 848 
1504 848 946 947 
1505 848 947 849 
1506 849 947 948 
1507 849 948 850 
1508 850 948 949 
1509 850 949 851 
1510 851 949 950 
1511 851 950 852 
1512 852 950 951 
1513 852 951 853 
1514 853 951 952 
1515 853 952 854 
1516 854 952 953 
1517 854 953 855 
1518 855 953 954 
1519 855 954 856 
1520 856 954 955 
1521 856 955 857 
1522 857 955 956 
1523 857 956 858 
1524 858 956 957 
1525 858 957 859 
1526 859 957 958 
1527 859 958 860 
1528 860 958 959 
1529 860 959 861 
1530 861 959 960 
1531 861 960 862 
1532 862 960 961 
1533 862 961 863 
1534 863 961 962 
1535 863 962 864 
1536 864 962 963 
1537 864 963 865 
1538 865 963 964 
1539 865 964 866 
1540 866 964 965 
1541 866 965 867 
1542 867 965 966 
1543 867 966 868 
1544 868 966 967 
1545 868 967 869 
1546 869 967 968 
1547 869 968 870 
1548 870 968 969 
1549 870 969 871 
1550 871 969 970 
1551 871 970 872 
1552 872 970 971 
1553 872 971 873 
1554 873 971 972 
1555 873 972 874 
1556 874 972 973 
1557 874 973 875 
1558 875 973 974 
1559 875 974 876 
1560 876 974 975 
1561 876 975 877 
1562 877 975 976 
1563 877 976 878 
1564 878 976 977 
1565 878 977 879 
1566 879 977 978 
1567 879 978 880 
1568 880 978 979 
1569 880 979 881 
1570 881 979 980 
1571 881 980 882 
1572 882 980 981 
1573 882 981 883 
1574 883 981 982 
1575 883 982 884 
1576 884 982 983 
1577 884 983 885 
1578 885 983 984 
1579 885 984 886 
1580 886 984 985 
1581 886 985 887 
1582 887 985 986 
1583 887 986 888 
1584 888 986 987 
1585 888 987 889 
1586 889 987 988 
1587 889 988 890 
1588 890 988 989 
1589 890 989 891 
1590 891 989 990 
1591 891 990 892 
1592 892 990 991 
1593 892 991 893 
1594 893 991 992 
1595 893 992 894 
1596 894 992 993 
1597 894 993 895 
1598 895 993 994 
1599 895 994 297 
1600 297 994 296 
1601 10 11 896 
1602 896 11 995 
1603 896 995 897 
1604 897 995 996 
1605 897 996 898 
1606 898 996 997 
1607 898 997 899 
1608 899 997 998 
1609 899 998 900 
1610 900 998 999 
1611 900 999 901 
1612 901 999 1000 
1613 901 1000 902 
1614 902 1000 1001 
1615 902 1001 903 
1616 903 1001 1002 
1617 903 1002 904 
1618 904 1002 1003 
1619 904 1003 905 
1620 905 1003 1004 
1621 905 1004 906 
1622 906 1004 1005 
1623 906 1005 907 
1624 907 1005 1006 
1625 907 1006 908 
1626 908 1006 1007 
1627 908 1007 909 
1628 909 1007 1008 
1629 909 1008 910 
1630 910 1008 1009 
1631 910 1009 911 
1632 911 1009 1010 
1633 911 1010 912 
1634 912 1010 1011 
1635 912 1011 913 
1636 913 1011 1012 
1637 913 1012 914 
1638 914 1012 1013 
1639 914 1013 915 
1640 915 1013 1014 
1641 915 1014 916 
1642 916 1014 1015 
1643 916 1015 917 
1644 917 1015 1016 
1645 917 1016 918 
1646 918 1016 1017 
1647 918 1017 919 
1648 919 1017 1018 
1649 919 1018 920 
1650 920 1018 1019 
1651 920 1019 921 
1652 921 1019 1020 
1653 921 1020 922 
1654 922 1020 1021 
1655 922 1021 923 
1656 923 1021 1022 
1657 923 1022 924 
1658 924 1022 1023 
1659 924 1023 925 
1660 925 1023 1024 
1661 925 1024 926 
1662 926 1024 1025 
1663 926 1025 927 
1664 927 1025 1026 
1665 927 1026 928 
1666 928 1026 1027 
1667 928 1027 929 
1668 929 1027 1028 
1669 929 1028 930 
1670 930 1028 1029 
1671 930 1029 931 
1672 931 1029 1030 
1673 931 1030 932 
1674 932 1030 1031 
1675 932 1031 933 
1676 933 1031 1032 
1677 933 1032 934 
1678 934 1032 1033 
1679 934 1033 935 
1680 935 1033 1034 
1681 935 1034 936 
1682 936 1034 1035 
1683 936 1035 937 
1684 937 1035 1036 
1685 937 1036 938 
1686 938 1036 1037 
1687 938 1037 939 
1688 939 1037 1038 
1689 939 1038 940 
1690 940 1038 1039 
1691 940 1039 941 
1692 941 1039 1040 
1693 941 1040 942 
1694 942 1040 1041 
1695 942 1041 943 
1696 943 1041 1042 
1697 943 1042 944 
1698 944 1042 1043 
1699 944 1043 945 
1700 945 1043 1044 
1701 945 1044 946 
1702 946 1044 1045 
1703 946 1045 947 
1704 947 1045 1046 
1705 947 1046 948 
1706 948 1046 1047 
1707 948 1047 949 
1708 949 1047 1048 
1709 949 1048 950 
1710 950 1048 1049 
1711 950 1049 951 
1712 951 1049 1050 
1713 951 1050 952 
1714 952 1050 1051 
1715 952 1051 953 
1716 953 1051 1052 
1717 953 1052 954 
1718 954 1052 1053 
1719 954 1053 955 
1720 955 1053 1054 
1721 955 1054 956 
1722 956 1054 1055 
1723 956 1055 957 
1724 957 1055 1056 
1725 957 1056 958 
1726 958 1056 1057 
1727 958 1057 959 
1728 959 1057 1058 
1729 959 1058 960 
1730 960 1058 1059 
1731 960 1059 961 
1732 961 1059 1060 
1733 961 1060 962 
1734 962 1060 1061 
1735 962 1061 963 
1736 963 1061 1062 
1737 963 1062 964 
1738 964 1062 1063 
1739 964 1063 965 
1740 965 1063 1064 
1741 965 1064 966 
1742 966 1064 1065 
1743 966 1065 967 
1744 967 1065 1066 
1745 967 1066 968 
1746 968 1066 1067 
1747 968 1067 969 
1748 969 1067 1068 
1749 969 1068 970 
1750 970 1068 1069 
1751 970 1069 971 
1752 971 1069 1070 
1753 971 1070 972 
1754 972 1070 1071 
1755 972 1071 973 
1756 973 1071 1072 
1757 973 1072 974 
1758 974 1072 1073 
1759 974 1073 975 
1760 975 1073 1074 
1761 975 1074 976 
1762 976 1074 1075 
1763 976 1075 977 
1764 977 1075 1076 
1765 977 1076 978 
1766 978 1076 1077 
1767 978 1077 979 
1768 979 1077 1078 
1769 979 1078 980 
1770 980 1078 1079 
1771 980 1079 981 
1772 981 1079 1080 
1773 981 1080 982 
1774 982 1080 1081 
1775 982 1081 983 
1776 983 1081 1082 
1777 983 1082 984 
1778 984 1082 1083 
1779 984 1083 985 
1780 985 1083 1084 
1781 985 1084 986 
1782 986 1084 1085 
1783 986 1085 987 
1784 987 1085 1086 
1785 987 1086 988 
1786 988 1086 1087 
1787 988 1087 989 
1788 989 1087 1088 
1789 989 1088 990 
1790 990 1088 1089 
1791 990 1089 991 
1792 991 1089 1090 
1793 991 1090 992 
1794 992 1090 1091 
1795 992 1091 993 
1796 993 1091 1092 
1797 993 1092 994 
1798 994 1092 1093 
1799 994 1093 296 
1800 296 1093 295 
1801 11 12 995 
1802 995 12 1094 
1803 995 1094 996 
1804 996 1094 1095 
1805 996 1095 997 
1806 997 1095 1096 
1807 997 1096 998 
1808 998 1096 1097 
1809 998 1097 999 
1810 999 1097 1098 
1811 999 1098 1000 
1812 1000 1098 1099 
1813 1000 1099 1001 
1814 1001 1099 1100 
1815 1001 1100 1002 
1816 1002 1100 1101 
1817 1002 1101 1003 
1818 1003 1101 1102 
1819 1003 1102 1004 
1820 1004 1102 1103 
1821 1004 1103 1005 
1822 1005 1103 1104 
1823 1005 1104 1006 
1824 1006 1104 1105 
1825 1006 1105 1007 
1826 1007 1105 1106 
1827 1007 1106 1008 
1828 1008 1106 1107 
1829 1008 1107 1009 
1830 1009 1107 1108 
1831 1009 1108 1010 
1832 1010 1108 1109 
1833 1010 1109 1011 
1834 1011 1109 1110 
1835 1011 1110 1012 
1836 1012 1110 1111 
1837 1012 1111 1013 
1838 1013 1111 1112 
1839 1013 1112 1014 
1840 1014 1112 1113 
1841 1014 1113 1015 
1842 1015 1113 1114 
1843 1015 1114 1016 
1844 1016 1114 1115 
1845 1016 1115 1017 
1846 1017 1115 1116 
1847 1017 1116 1018 
1848 1018 1116 1117 
1849 1018 1117 1019 
1850 1019 1117 1118 
1851 1019 1118 1020 
1852 1020 1118 1119 
1853 1020 1119 1021 
1854 1021 1119 1120 
1855 1021 1120 1022 
1856 1022 1120 1121 
1857 1022 1121 1023 
1858 1023 1121 1122 
1859 1023 1122 1024 
1860 1024 1122 1123 
1861 1024 1123 1025 
1862 1025 1123 1124 
1863 1025 1124 1026 
1864 1026 1124 1125 
1865 1026 1125 1027 
1866 1027 1125 1126 
1867 1027 1126 1028 
1868 1028 1126 1127 
1869 1028 1127 1029 
1870 1029 1127 1128 
1871 1029 1128 1030 
1872 1030 1128 1129 
1873 1030 1129 1031 
1874 1031 1129 1130 
1875 1031 1130 1032 
1876 1032 1130 1131 
1877 1032 1131 1033 
1878 1033 1131 1132 
1879 1033 1132 1034 
1880 1034 1132 1133 
1881 1034 1133 1035 
1882 1035 1133 1134 
1883 1035 1134 1036 
1884 1036 1134 1135 
1885 1036 1135 1037 
1886 1037 1135 1136 
1887 1037 1136 1038 
1888 1038 1136 1137 
1889 1038 1137 1039 
1890 1039 1137 1138 
1891 1039 1138 1040 
1892 1040 1138 1139 
1893 1040 1139 1041 
1894 1041 1139 1140 
1895 1041 1140 1042 
1896 1042 1140 1141 
1897 1042 1141 1043 
1898 1043 1141 1142 
1899 1043 1142 1044 
1900 1044 1142 1143 
1901 1044 1143 1045 
1902 1045 1143 1144 
1903 1045 1144 1046 
1904 1046 1144 1145 
1905 1046 1145 1047 
1906 1047 1145 1146 
1907 1047 1146 1048 
1908 1048 1146 1147 
1909 1048 1147 1049 
1910 1049 1147 1148 
1911 1049 1148 1050 
1912 1050 1148 1149 
1913 1050 1149 1051 
1914 1051 1149 1150 
1915 1051 1150 1052 
1916 1052 1150 1151 
1917 1052 1151 1053 
1918 1053 1151 1152 
1919 1053 1152 1054 
1920 1054 1152 1153 
1921 1054 1153 1055 
1922 1055 1153 1154 
1923 1055 1154 1056 
1924 1056 1154 1155 
1925 1056 1155 1057 
1926 1057 1155 1156 
1927 1057 1156 1058 
1928 1058 1156 1157 
1929 1058 1157 1059 
1930 1059 1157 1158 
1931 1059 1158 1060 
1932 1060 1158 1159 
1933 1060 1159 1061 
1934 1061 1159 1160 
1935 1061 1160 1062 
1936 1062 1160 1161 
1937 1062 1161 1063 
1938 1063 1161 1162 
1939 1063 1162 1064 
1940 1064 1162 1163 
1941 1064 1163 1065 
1942 1065 1163 1164 
1943 1065 1164 1066 
1944 1066 1164 1165 
1945 1066 1165 1067 
1946 1067 1165 1166 
1947 1067 1166 1068 
1948 1068 1166 1167 
1949 1068 1167 1069 
1950 1069 1167 1168 
1951 1069 1168 1070 
1952 1070 1168 1169 
1953 1070 1169 1071 
1954 1071 1169 1170 
1955 1071 1170 1072 
1956 1072 1170 1171 
1957 1072 1171 1073 
1958 1073 1171 1172 
1959 1073 1172 1074 
1960 1074 1172 1173 
1961 1074 1173 1075 
1962 1075 1173 1174 
1963 1075 1174 1076 
1964 1076 1174 1175 
1965 1076 1175 1077 
1966 1077 1175 1176 
1967 1077 1176 1078 
1968 1078 1176 1177 
1969 1078 1177 1079 
1970 1079 1177 1178 
1971 1079 1178 1080 
1972 1080 1178 1179 
1973 1080 1179 1081 
1974 1081 1179 1180 
1975 1081 1180 1082 
1976 1082 1180 1181 
1977 1082 1181 1083 
1978 1083 1181 1182 
1979 1083 1182 1084 
1980 1084 1182 1183 
1981 1084 1183 1085 
1982 1085 1183 1184 
1983 1085 1184 1086 
1984 1086 1184 1185 
1985 1086 1185 1087 
1986 1087 1185 1186 
1987 1087 1186 1088 
1988 1088 1186 1187 
1989 1088 1187 1089 
1990 1089 1187 1188 
1991 1089 1188 1090 
1992 1090 1188 1189 
1993 1090 1189 1091 
1994 1091 1189 1190 
1995 1091 1190 1092 
1996 1092 1190 1191 
1997 1092 1191 1093 
1998 1093 1191 1192 
1999 1093 1192 295 
2000 295 1192 294 
2001 12 13 1094 
2002 1094 13 1193 
2003 1094 1193 1095 
2004 1095 1193 1194 
2005 1095 1194 1096 
2006 1096 1194 1195 
2007 1096 1195 1097 
2008 1097 1195 1196 
2009 1097 1196 1098 
2010 1098 1196 1197 
2011 1098 1197 1099 
2012 1099 1197 1198 
2013 1099 1198 1100 
2014 1100 1198 1199 
2015 1100 1199 1101 
2016 1101 1199 1200 
2017 1101 1200 1102 
2018 1102 1200 1201 
2019 1102 1201 1103 
2020 1103 1201 1202 
2021 1103 1202 1104 
2022 1104 1202 1203 
2023 1104 1203 1105 
2024 1105 1203 1204 
2025 1105 1204 1106 
2026 1106 1204 1205 
2027 1106 1205 1107 
2028 1107 1205 1206 
2029 1107 1206 1108 
2030 1108 1206 1207 
2031 1108 1207 1109 
2032 1109 1207 1208 
2033 1109 1208 1110 
2034 1110 1208 1209 
2035 1110 1209 1111 
2036 1111 1209 1210 
2037 1111 1210 1112 
2038 1112 1210 1211 
2039 1112 1211 1113 
2040 1113 1211 1212 
2041 1113 1212 1114 
2042 1114 1212 1213 
2043 1114 1213 1115 
2044 1115 1213 1214 
2045 1115 1214 1116 
2046 1116 1214 1215 
2047 1116 1215 1117 
2048 1117 1215 1216 
2049 1117 1216 1118 
2050 1118 1216 1217 
2051 1118 1217 1119 
2052 1119 1217 1218 
2053 1119 1218 1120 
2054 1120 1218 1219 
2055 1120 1219 1121 
2056 1121 1219 1220 
2057 1121 1220 1122 
2058 1122 1220 1221 
2059 1122 1221 1123 
2060 1123 1221 1222 
2061 1123 1222 1124 
2062 1124 1222 1223 
2063 1124 1223 1125 
2064 1125 1223 1224 
2065 1125 1224 1126 
2066 1126 1224 1225 
2067 1126 1225 1127 
2068 1127 1225 1226 
2069 1127 1226 1128 
2070 1128 1226 1227 
2071 1128 1227 1129 
2072 1129 1227 1228 
2073 1129 1228 1130 
2074 1130 1228 1229 
2075 1130 1229 1131 
2076 1131 1229 1230 
2077 1131 1230 1132 
2078 1132 1230 1231 
2079 1132 1231 1133 
2080 1133 1231 1232 
2081 1133 1232 1134 
2082 1134 1232 1233 
2083 1134 1233 1135 
2084 1135 1233 1234 
2085 1135 1234 1136 
2086 1136 1234 1235 
2087 1136 1235 1137 
2088 1137 1235 1236 
2089 1137 1236 1138 
2090 1138 1236 1237 
2091 1138 1237 1139 
2092 1139 1237 1238 
2093 1139 1238 1140 
2094 1140 1238 1239 
2095 1140 1239 1141 
2096 1141 1239 1240 
2097 1141 1240 1142 
2098 1142 1240 1241 
2099 1142 1241 1143 
2100 1143 1241 1242 
2101 1143 1242 1144 
2102 1144 1242 1243 
2103 1144 1243 1145 
2104 1145 1243 1244 
2105 1145 1244 1146 
2106 1146 1244 1245 
2107 1146 1245 1147 
2108 1147 1245 1246 
2109 1147 1246 1148 
2110 1148 1246 1247 
2111 1148 1247 1149 
2112 1149 1247 1248 
2113 1149 1248 1150 
2114 1150 1248 1249 
2115 1150 1249 1151 
2116 1151 1249 1250 
2117 1151 1250 1152 
2118 1152 1250 1251 
2119 1152 1251 1153 
2120 1153 1251 1252 
2121 1153 1252 1154 
2122 1154 1252 1253 
2123 1154 1253 1155 
2124 1155 1253 1254 
2125 1155 1254 1156 
2126 1156 1254 1255 
2127 1156 1255 1157 
2128 1157 1255 1256 
2129 1157 1256 1158 
2130 1158 1256 1257 
2131 1158 1257 1159 
2132 1159 1257 1258 
2133 1159 1258 1160 
2134 1160 1258 1259 
2135 1160 1259 1161 
2136 1161 1259 1260 
2137 1161 1260 1162 
2138 1162 1260 1261 
2139 1162 1261 1163 
2140 1163 1261 1262 
2141 1163 1262 1164 
2142 1164 1262 1263 
2143 1164 1263 1165 
2144 1165 1263 1264 
2145 1165 1264 1166 
2146 1166 1264 1265 
2147 1166 1265 1167 
2148 1167 1265 1266 
2149 1167 1266 1168 
2150 1168 1266 1267 
2151 1168 1267 1169 
2152 1169 1267 1268 
2153 1169 1268 1170 
2154 1170 1268 1269 
2155 1170 1269 1171 
2156 1171 1269 1270 
2157 1171 1270 1172 
2158 1172 1270 1271 
2159 1172 1271 1173 
2160 1173 1271 1272 
2161 1173 1272 1174 
2162 1174 1272 1273 
2163 1174 1273 1175 
2164 1175 1273 1274 
2165 1175 1274 1176 
2166 1176 1274 1275 
2167 1176 1275 1177 
2168 1177 1275 1276 
2169 1177 1276 1178 
2170 1178 1276 1277 
2171 1178 1277 1179 
2172 1179 1277 1278 
2173 1179 1278 1180 
2174 1180 1278 1279 
2175 1180 1279 1181 
2176 1181 1279 1280 
2177 1181 1280 1182 
2178 1182 1280 1281 
2179 1182 1281 1183 
2180 1183 1281 1282 
2181 1183 1282 1184 
2182 1184 1282 1283 
2183 1184 1283 1185 
2184 1185 1283 1284 
2185 1185 1284 1186 
2186 1186 1284 1285 
2187 1186 1285 1187 
2188 1187 1285 1286 
2189 1187 1286 1188 
2190 1188 1286 1287 
2191 1188 1287 1189 
2192 1189 1287 1288 
2193 1189 1288 1190 
2194 1190 1288 1289 
2195 1190 1289 1191 
2196 1191 1289 1290 
2197 1191 1290 1192 
2198 1192 1290 1291 
2199 1192 1291 294 
2200 294 1291 293 
2201 13 14 1193 
2202 1193 14 1292 
2203 1193 1292 1194 
2204 1194 1292 1293 
2205 1194 1293 1195 
2206 1195 1293 1294 
2207 1195 1294 1196 
2208 1196 1294 1295 
2209 1196 1295 1197 
2210 1197 1295 1296 
2211 1197 1296 1198 
2212 1198 1296 1297 
2213 1198 1297 1199 
2214 1199 1297 1298 
2215 1199 1298 1200 
2216 1200 1298 1299 
2217 1200 1299 1201 
2218 1201 1299 1300 
2219 1201 1300 1202 
2220 1202 1300 1301 
2221 1202 1301 1203 
2222 1203 1301 1302 
2223 1203 1302 1204 
2224 1204 1302 1303 
2225 1204 1303 1205 
2226 1205 1303 1304 
2227 1205 1304 1206 
2228 1206 1304 1305 
2229 1206 1305 1207 
2230 1207 1305 1306 
2231 1207 1306 1208 
2232 1208 1306 1307 
2233 1208 1307 1209 
2234 1209 1307 1308 
2235 1209 1308 1210 
2236 1210 1308 1309 
2237 1210 1309 1211 
2238 1211 1309 1310 
2239 1211 1310 1212 
2240 1212 1310 1311 
2241 1212 1311 1213 
2242 1213 1311 1312 
2243 1213 1312 1214 
2244 1214 1312 1313 
2245 1214 1313 1215 
2246 1215 1313 1314 
2247 1215 1314 1216 
2248 1216 1314 1315 
2249 1216 1315 1217 
2250 1217 1315 1316 
2251 1217 1316 1218 
2252 1218 1316 1317 
2253 1218 1317 1219 
2254 1219 1317 1318 
2255 1219 1318 1220 
2256 1220 1318 1319 
2257 1220 1319 1221 
2258 1221 1319 1320 
2259 1221 1320 1222 
2260 1222 1320 1321 
2261 1222 1321 1223 
2262 1223 1321 1322 
2263 1223 1322 1224 
2264 1224 1322 1323 
2265 1224 1323 1225 
2266 1225 1323 1324 
2267 1225 1324 1226 
2268 1226 1324 1325 
2269 1226 1325 1227 
2270 1227 1325 1326 
2271 1227 1326 1228 
2272 1228 1326 1327 
2273 1228 1327 1229 
2274 1229 1327 1328 
2275 1229 1328 1230 
2276 1230 1328 1329 
2277 1230 1329 1231 
2278 1231 1329 1330 
2279 1231 1330 1232 
2280 1232 1330 1331 
2281 1232 1331 1233 
2282 1233 1331 1332 
2283 1233 1332 1234 
2284 1234 1332 1333 
2285 1234 1333 1235 
2286 1235 1333 1334 
2287 1235 1334 1236 
2288 1236 1334 1335 
2289 1236 1335 1237 
2290 1237 1335 1336 
2291 1237 1336 1238 
2292 1238 1336 1337 
2293 1238 1337 1239 
2294 1239 1337 1338 
2295 1239 1338 1240 
2296 1240 1338 1339 
2297 1240 1339 1241 
2298 1241 1339 1340 
2299 1241 1340 1242 
2300 1242 1340 1341 
2301 1242 1341 1243 
2302 1243 1341 1342 
2303 1243 1342 1244 
2304 1244 1342 1343 
2305 1244 1343 1245 
2306 1245 1343 1344 
2307 1245 1344 1246 
2308 1246 1344 1345 
2309 1246 1345 1247 
2310 1247 1345 1346 
2311 1247 1346 1248 
2312 1248 1346 1347 
2313 1248 1347 1249 
2314 1249 1347 1348 
2315 1249 1348 1250 
2316 1250 1348 1349 
2317 1250 1349 1251 
2318 1251 1349 1350 
2319 1251 1350 1252 
2320 1252 1350 1351 
2321 1252 1351 1253 
2322 1253 1351 1352 
2323 1253 1352 1254 
2324 1254 1352 1353 
2325 1254 1353 1255 
2326 1255 1353 1354 
2327 1255 1354 1256 
2328 1256 1354 1355 
2329 1256 1355 1257 
2330 1257 1355 1356 
2331 1257 1356 1258 
2332 1258 1356 1357 
2333 1258 1357 1259 
2334 1259 1357 1358 
2335 1259 1358 1260 
2336 1260 1358 1359 
2337 1260 1359 1261 
2338 1261 1359 1360 
2339 1261 1360 1262 
2340 1262 1360 1361 
2341 1262 1361 1263 
2342 1263 1361 1362 
2343 1263 1362 1264 
2344 1264 1362 1363 
2345 1264 1363 1265 
2346 1265 1363 1364 
2347 1265 1364 1266 
2348 1266 1364 1365 
2349 1266 1365 1267 
2350 1267 1365 1366 
2351 1267 1366 1268 
2352 1268 1366 1367 
2353 1268 1367 1269 
2354 1269 1367 1368 
2355 1269 1368 1270 
2356 1270 1368 1369 
2357 1270 1369 1271 
2358 1271 1369 1370 
2359 1271 1370 1272 
2360 1272 1370 1371 
2361 1272 1371 1273 
2362 1273 1371 1372 
2363 1273 1372 1274 
2364 1274 1372 1373 
2365 1274 1373 1275 
2366 1275 1373 1374 
2367 1275 1374 1276 
2368 1276 1374 1375 
2369 1276 1375 1277 
2370 1277 1375 1376 
2371 1277 1376 1278 
2372 1278 1376 1377 
2373 1278 1377 1279 
2374 1279 1377 1378 
2375 1279 1378 1280 
2376 1280 1378 1379 
2377 1280 1379 1281 
2378 1281 1379 1380 
2379 1281 1380 1282 
2380 1282 1380 1381 
2381 1282 1381 1283 
2382 1283 1381 1382 
2383 1283 1382 1284 
2384 1284 1382 1383 
2385 1284 1383 1285 
2386 1285 1383 1384 
2387 1285 1384 1286 
2388 1286 1384 1385 
2389 1286 1385 1287 
2390 1287 1385 1386 
2391 1287 1386 1288 
2392 1288 1386 1387 
2393 1288 1387 1289 
2394 1289 1387 1388 
2395 1289 1388 1290 
2396 1290 1388 1389 
2397 1290 1389 1291 
2398 1291 1389 1390 
2399 1291 1390 293 
2400 293 1390 292 
2401 14 15 1292 
2402 1292 15 1391 
2403 1292 1391 1293 
2404 1293 1391 1392 
2405 1293 1392 1294 
2406 1294 1392 1393 
2407 1294 1393 1295 
2408 1295 1393 1394 
2409 1295 1394 1296 
2410 1296 1394 1395 
2411 1296 1395 1297 
2412 1297 1395 1396 
2413 1297 1396 1298 
2414 1298 1396 1397 
2415 1298 1397 1299 
2416 1299 1397 1398 
2417 1299 1398 1300 
2418 1300 1398 1399 
2419 1300 1399 1301 
2420 1301 1399 1400 
2421 1301 1400 1302 
2422 1302 1400 1401 
2423 1302 1401 1303 
2424 1303 1401 1402 
2425 1303 1402 1304 
2426 1304 1402 1403 
2427 1304 1403 1305 
2428 1305 1403 1404 
2429 1305 1404 1306 
2430 1306 1404 1405 
2431 1306 1405 1307 
2432 1307 1405 1406 
2433 1307 1406 1308 
2434 1308 1406 1407 
2435 1308 1407 1309 
2436 1309 1407 1408 
2437 1309 1408 1310 
2438 1310 1408 1409 
2439 1310 1409 1311 
2440 1311 1409 1410 
2441 1311 1410 1312 
2442 1312 1410 1411 
2443 1312 1411 1313 
2444 1313 1411 1412 
2445 1313 1412 1314 
2446 1314 1412 1413 
2447 1314 1413 1315 
2448 1315 1413 1414 
2449 1315 1414 1316 
2450 1316 1414 1415 
2451 1316 1415 1317 
2452 1317 1415 1416 
2453 1317 1416 1318 
2454 1318 1416 1417 
2455 1318 1417 1319 
2456 1319 1417 1418 
2457 1319 1418 1320 
2458 1320 1418 1419 
2459 1320 1419 1321 
2460 1321 1419 1420 
2461 1321 1420 1322 
2462 1322 1420 1421 
2463 1322 1421 1323 
2464 1323 1421 1422 
2465 1323 1422 1324 
2466 1324 1422 1423 
2467 1324 1423 1325 
2468 1325 1423 1424 
2469 1325 1424 1326 
2470 1326 1424 1425 
2471 1326 1425 1327 
2472 1327 1425 1426 
2473 1327 1426 1328 
2474 1328 1426 1427 
2475 1328 1427 1329 
2476 1329 1427 1428 
2477 1329 1428 1330 
2478 1330 1428 1429 
2479 1330 1429 1331 
2480 1331 1429 1430 
2481 1331 1430 1332 
2482 1332 1430 1431 
2483 1332 1431 1333 
2484 1333 1431 1432 
2485 1333 1432 1334 
2486 1334 1432 1433 
2487 1334 1433 1335 
2488 1335 1433 1434 
2489 1335 1434 1336 
2490 1336 1434 1435 
2491 1336 1435 1337 
2492 1337 1435 1436 
2493 1337 1436 1338 
2494 1338 1436 1437 
2495 1338 1437 1339 
2496 1339 1437 1438 
2497 1339 1438 1340 
2498 1340 1438 1439 
2499 1340 1439 1341 
2500 1341 1439 1440 
2501 1341 1440 1342 
2502 1342 1440 1441 
2503 1342 1441 1343 
2504 1343 1441 1442 
2505 1343 1442 1344 
2506 1344 1442 1443 
2507 1344 1443 1345 
2508 1345 1443 1444 
2509 1345 1444 1346 
2510 1346 1444 1445 
2511 1346 1445 1347 
2512 1347 1445 1446 
2513 1347 1446 1348 
2514 1348 1446 1447 
2515 1348 1447 1349 
2516 1349 1447 1448 
2517 1349 1448 1350 
2518 1350 1448 1449 
2519 1350 1449 1351 
2520 1351 1449 1450 
2521 1351 1450 1352 
2522 1352 1450 1451 
2523 1352 1451 1353 
2524 1353 1451 1452 
2525 1353 1452 1354 
2526 1354 1452 1453 
2527 1354 1453 1355 
2528 1355 1453 1454 
2529 1355 1454 1356 
2530 1356 1454 1455 
2531 1356 1455 1357 
2532 1357 1455 1456 
2533 1357 1456 1358 
2534 1358 1456 1457 
2535 1358 1457 1359 
2536 1359 1457 1458 
2537 1359 1458 1360 
2538 1360 1458 1459 
2539 1360 1459 1361 
2540 1361 1459 1460 
2541 1361 1460 1362 
2542 1362 1460 1461 
2543 1362 1461 1363 
2544 1363 1461 1462 
2545 1363 1462 1364 
2546 1364 1462 1463 
2547 1364 1463 1365 
2548 1365 1463 1464 
2549 1365 1464 1366 
2550 1366 1464 1465 
2551 1366 1465 1367 
2552 1367 1465 1466 
2553 1367 1466 1368 
2554 1368 1466 1467 
2555 1368 1467 1369 
2556 1369 1467 1468 
2557 1369 1468 1370 
2558 1370 1468 1469 
2559 1370 1469 1371 
2560 1371 1469 1470 
2561 1371 1470 1372 
2562 1372 1470 1471 
2563 1372 1471 1373 
2564 1373 1471 1472 
2565 1373 1472 1374 
2566 1374 1472 1473 
2567 1374 1473 1375 
2568 1375 1473 1474 
2569 1375 1474 1376 
2570 1376 1474 1475 
2571 1376 1475 1377 
2572 1377 1475 1476 
2573 1377 1476 1378 
2574 1378 1476 1477 
2575 1378 1477 1379 
2576 1379 1477 1478 
2577 1379 1478 1380 
2578 1380 1478 1479 
2579 1380 1479 1381 
2580 1381 1479 1480 
2581 1381 1480 1382 
2582 1382 1480 1481 
2583 1382 1481 1383 
2584 1383 1481 1482 
2585 1383 1482 1384 
2586 1384 1482 1483 
2587 1384 1483 1385 
2588 1385 1483 1484 
2589 1385 1484 1386 
2590 1386 1484 1485 
2591 1386 1485 1387 
2592 1387 1485 1486 
2593 1387 1486 1388 
2594 1388 1486 1487 
2595 1388 1487 1389 
2596 1389 1487 1488 
2597 1389 1488 1390 
2598 1390 1488 1489 
2599 1390 1489 292 
2600 292 1489 291 
2601 15 16 1391 
2602 1391 16 1490 
2603 1391 1490 1392 
2604 1392 1490 1491 
2605 1392 1491 1393 
2606 1393 1491 1492 
2607 1393 1492 1394 
2608 1394 1492 1493 
2609 1394 1493 1395 
2610 1395 1493 1494 
2611 1395 1494 1396 
2612 1396 1494 1495 
2613 1396 1495 1397 
2614 1397 1495 1496 
2615 1397 1496 1398 
2616 1398 1496 1497 
2617 1398 1497 1399 
2618 1399 1497 1498 
2619 1399 1498 1400 
2620 1400 1498 1499 
2621 1400 1499 1401 
2622 1401 1499 1500 
2623 1401 1500 1402 
2624 1402 1500 1501 
2625 1402 1501 1403 
2626 1403 1501 1502 
2627 1403 1502 1404 
2628 1404 1502 1503 
2629 1404 1503 1405 
2630 1405 1503 1504 
2631 1405 1504 1406 
2632 1406 1504 1505 
2633 1406 1505 1407 
2634 1407 1505 1506 
2635 1407 1506 1408 
2636 1408 1506 1507 
2637 1408 1507 1409 
2638 1409 1507 1508 
2639 1409 1508 1410 
2640 1410 1508 1509 
2641 1410 1509 1411 
2642 1411 1509 1510 
2643 1411 1510 1412 
2644 1412 1510 1511 
2645 1412 1511 1413 
2646 1413 1511 1512 
2647 1413 1512 1414 
2648 1414 1512 1513 
2649 1414 1513 1415 
2650 1415 1513 1514 
2651 1415 1514 1416 
2652 1416 1514 1515 
2653 1416 1515 1417 
2654 1417 1515 1516 
2655 1417 1516 1418 
2656 1418 1516 1517 
2657 1418 1517 1419 
2658 1419 1517 1518 
2659 1419 1518 1420 
2660 1420 1518 1519 
2661 1420 1519 1421 
2662 1421 1519 1520 
2663 1421 1520 1422 
2664 1422 1520 1521 
2665 1422 1521 1423 
2666 1423 1521 1522 
2667 1423 1522 1424 
2668 1424 1522 1523 
2669 1424 1523 1425 
2670 1425 1523 1524 
2671 1425 1524 1426 
2672 1426 1524 1525 
2673 1426 1525 1427 
2674 1427 1525 1526 
2675 1427 1526 1428 
2676 1428 1526 1527 
2677 1428 1527 1429 
2678 1429 1527 1528 
2679 1429 1528 1430 
2680 1430 1528 1529 
2681 1430 1529 1431 
2682 1431 1529 1530 
2683 1431 1530 1432 
2684 1432 1530 1531 
2685 1432 1531 1433 
2686 1433 1531 1532 
2687 1433 1532 1434 
2688 1434 1532 1533 
2689 1434 1533 1435 
2690 1435 1533 1534 
2691 1435 1534 1436 
2692 1436 1534 1535 
2693 1436 1535 1437 
2694 1437 1535 1536 
2695 1437 1536 1438 
2696 1438 1536 1537 
2697 1438 1537 1439 
2698 1439 1537 1538 
2699 1439 1538 1440 
2700 1440 1538 1539 
2701 1440 1539 1441 
2702 1441 1539 1540 
2703 1441 1540 1442 
2704 1442 1540 1541 
2705 1442 1541 1443 
2706 1443 1541 1542 
2707 1443 1542 1444 
2708 1444 1542 1543 
2709 1444 1543 1445 
2710 1445 1543 1544 
2711 1445 1544 1446 
2712 1446 1544 1545 
2713 1446 1545 1447 
2714 1447 1545 1546 
2715 1447 1546 1448 
2716 1448 1546 1547 
2717 1448 1547 1449 
2718 1449 1547 1548 
2719 1449 1548 1450 
2720 1450 1548 1549 
2721 1450 1549 1451 
2722 1451 1549 1550 
2723 1451 1550 1452 
2724 1452 1550 1551 
2725 1452 1551 1453 
2726 1453 1551 1552 
2727 1453 1552 1454 
2728 1454 1552 1553 
2729 1454 1553 1455 
2730 1455 1553 1554 
2731 1455 1554 1456 
2732 1456 1554 1555 
2733 1456 1555 1457 
2734 1457 1555 1556 
2735 1457 1556 1458 
2736 1458 1556 1557 
2737 1458 1557 1459 
2738 1459 1557 1558 
2739 1459 1558 1460 
2740 1460 1558 1559 
2741 1460 1559 1461 
2742 1461 1559 1560 
2743 1461 1560 1462 
2744 1462 1560 1561 
2745 1462 1561 1463 
2746 1463 1561 1562 
2747 1463 1562 1464 
2748 1464 1562 1563 
2749 1464 1563 1465 
2750 1465 1563 1564 
2751 1465 1564 1466 
2752 1466 1564 1565 
2753 1466 1565 1467 
2754 1467 1565 1566 
2755 1467 1566 1468 
2756 1468 1566 1567 
2757 1468 1567 1469 
2758 1469 1567 1568 
2759 1469 1568 1470 
2760 1470 1568 1569 
2761 1470 1569 1471 
2762 1471 1569 1570 
2763 1471 1570 1472 
2764 1472 1570 1571 
2765 1472 1571 1473 
2766 1473 1571 1572 
2767 1473 1572 1474 
2768 1474 1572 1573 
2769 1474 1573 1475 
2770 1475 1573 1574 
2771 1475 1574 1476 
2772 1476 1574 1575 
2773 1476 1575 1477 
2774 1477 1575 1576 
2775 1477 1576 1478 
2776 1478 1576 1577 
2777 1478 1577 1479 
2778 1479 1577 1578 
2779 1479 1578 1480 
2780 1480 1578 1579 
2781 1480 1579 1481 
2782 1481 1579 1580 
2783 1481 1580 1482 
2784 1482 1580 1581 
2785 1482 1581 1483 
2786 1483 1581 1582 
2787 1483 1582 1484 
2788 1484 1582 1583 
2789 1484 1583 1485 
2790 1485 1583 1584 
2791 1485 1584 1486 
2792 1486 1584 1585 
2793 1486 1585 1487 
2794 1487 1585 1586 
2795 1487 1586 1488 
2796 1488 1586 1587 
2797 1488 1587 1489 
2798 1489 1587 1588 
2799 1489 1588 291 
2800 291 1588 290 
2801 16 17 1490 
2802 1490 17 1589 
2803 1490 1589 1491 
2804 1491 1589 1590 
2805 1491 1590 1492 
2806 1492 1590 1591 
2807 1492 1591 1493 
2808 1493 1591 1592 
2809 1493 1592 1494 
2810 1494 1592 1593 
2811 1494 1593 1495 
2812 1495 1593 1594 
2813 1495 1594 1496 
2814 1496 1594 1595 
2815 1496 1595 1497 
2816 1497 1595 1596 
2817 1497 1596 1498 
2818 1498 1596 1597 
2819 1498 1597 1499 
2820 1499 1597 1598 
2821 1499 1598 1500 
2822 1500 1598 1599 
2823 1500 1599 1501 
2824 1501 1599 1600 
2825 1501 1600 1502 
2826 1502 1600 1601 
2827 1502 1601 1503 
2828 1503 1601 1602 
2829 1503 1602 1504 
2830 1504 1602 1603 
2831 1504 1603 1505 
2832 1505 1603 1604 
2833 1505 1604 1506 
2834 1506 1604 1605 
2835 1506 1605 1507 
2836 1507 1605 1606 
2837 1507 1606 1508 
2838 1508 1606 1607 
2839 1508 1607 1509 
2840 1509 1607 1608 
2841 1509 1608 1510 
2842 1510 1608 1609 
2843 1510 1609 1511 
2844 1511 1609 1610 
2845 1511 1610 1512 
2846 1512 1610 1611 
2847 1512 1611 1513 
2848 1513 1611 1612 
2849 1513 1612 1514 
2850 1514 1612 1613 
2851 1514 1613 1515 
2852 1515 1613 1614 
2853 1515 1614 1516 
2854 1516 1614 1615 
2855 1516 1615 1517 
2856 1517 1615 1616 
2857 1517 1616 1518 
2858 1518 1616 1617 
2859 1518 1617 1519 
2860 1519 1617 1618 
2861 1519 1618 1520 
2862 1520 1618 1619 
2863 1520 1619 1521 
2864 1521 1619 1620 
2865 1521 1620 1522 
2866 1522 1620 1621 
2867 1522 1621 1523 
2868 1523 1621 1622 
2869 1523 1622 1524 
2870 1524 1622 1623 
2871 1524 1623 1525 
2872 1525 1623 1624 
2873 1525 1624 1526 
2874 1526 1624 1625 
2875 1526 1625 1527 
2876 1527 1625 1626 
2877 1527 1626 1528 
2878 1528 1626 1627 
2879 1528 1627 1529 
2880 1529 1627 1628 
2881 1529 1628 1530 
2882 1530 1628 1629 
2883 1530 1629 1531 
2884 1531 1629 1630 
2885 1531 1630 1532 
2886 1532 1630 1631 
2887 1532 1631 1533 
2888 1533 1631 1632 
2889 1533 1632 1534 
2890 1534 1632 1633 
2891 1534 1633 1535 
2892 1535 1633 1634 
2893 1535 1634 1536 
2894 1536 1634 1635 
2895 1536 1635 1537 
2896 1537 1635 1636 
2897 1537 1636 1538 
2898 1538 1636 1637 
2899 1538 1637 1539 
2900 1539 1637 1638 
2901 1539 1638 1540 
2902 1540 1638 1639 
2903 1540 1639 1541 
2904 1541 1639 1640 
2905 1541 1640 1542 
2906 1542 1640 1641 
2907 1542 1641 1543 
2908 1543 1641 1642 
2909 1543 1642 1544 
2910 1544 1642 1643 
2911 1544 1643 1545 
2912 1545 1643 1644 
2913 1545 1644 1546 
2914 1546 1644 1645 
2915 1546 1645 1547 
2916 1547 1645 1646 
2917 1547 1646 1548 
2918 1548 1646 1647 
2919 1548 1647 1549 
2920 1549 1647 1648 
2921 1549 1648 1550 
2922 1550 1648 1649 
2923 1550 1649 1551 
2924 1551 1649 1650 
2925 1551 1650 1552 
2926 1552 1650 1651 
2927 1552 1651 1553 
2928 1553 1651 1652 
2929 1553 1652 1554 
2930 1554 1652 1653 
2931 1554 1653 1555 
2932 1555 1653 1654 
2933 1555 1654 1556 
2934 1556 1654 1655 
2935 1556 1655 1557 
2936 1557 1655 1656 
2937 1557 1656 1558 
2938 1558 1656 1657 
2939 1558 1657 1559 
2940 1559 1657 1658 
2941 1559 1658 1560 
2942 1560 1658 1659 
2943 1560 1659 1561 
2944 1561 1659 1660 
2945 1561 1660 1562 
2946 1562 1660 1661 
2947 1562 1661 1563 
2948 1563 1661 1662 
2949 1563 1662 1564 
2950 1564 1662 1663 
2951 1564 1663 1565 
2952 1565 1663 1664 
2953 1565 1664 1566 
2954 1566 1664 1665 
2955 1566 1665 1567 
2956 1567 1665 1666 
2957 1567 1666 1568 
2958 1568 1666 1667 
2959 1568 1667 1569 
2960 1569 1667 1668 
2961 1569 1668 1570 
2962 1570 1668 1669 
2963 1570 1669 1571 
2964 1571 1669 1670 
2965 1571 1670 1572 
2966 1572 1670 1671 
2967 1572 1671 1573 
2968 1573 1671 1672 
2969 1573 1672 1574 
2970 1574 1672 1673 
2971 1574 1673 1575 
2972 1575 1673 1674 
2973 1575 1674 1576 
2974 1576 1674 1675 
2975 1576 1675 1577 
2976 1577 1675 1676 
2977 1577 1676 1578 
2978 1578 1676 1677 
2979 1578 1677 1579 
2980 1579 1677 1678 
2981 1579 1678 1580 
2982 1580 1678 1679 
2983 1580 1679 1581 
2984 1581 1679 1680 
2985 1581 1680 1582 
2986 1582 1680 1681 
2987 1582 1681 1583 
2988 1583 1681 1682 
2989 1583 1682 1584 
2990 1584 1682 1683 
2991 1584 1683 1585 
2992 1585 1683 1684 
2993 1585 1684 1586 
2994 1586 1684 1685 
2995 1586 1685 1587 
2996 1587 1685 1686 
2997 1587 1686 1588 
2998 1588 1686 1687 
2999 1588 1687 290 
3000 290 1687 289 
3001 17 18 1589 
3002 1589 18 1688 
3003 1589 1688 1590 
3004 1590 1688 1689 
3005 1590 1689 1591 
3006 1591 1689 1690 
3007 1591 1690 1592 
3008 1592 1690 1691 
3009 1592 1691 1593 
3010 1593 1691 1692 
3011 1593 1692 1594 
3012 1594 1692 1693 
3013 1594 1693 1595 
3014 1595 1693 1694 
3015 1595 1694 1596 
3016 1596 1694 1695 
3017 1596 1695 1597 
3018 1597 1695 1696 
3019 1597 1696 1598 
3020 1598 1696 1697 
3021 1598 1697 1599 
3022 1599 1697 1698 
3023 1599 1698 1600 
3024 1600 1698 1699 
3025 1600 1699 1601 
3026 1601 1699 1700 
3027 1601 1700 1602 
3028 1602 1700 1701 
3029 1602 1701 1603 
3030 1603 1701 1702 
3031 1603 1702 1604 
3032 1604 1702 1703 
3033 1604 1703 1605 
3034 1605 1703 1704 
3035 1605 1704 1606 
3036 1606 1704 1705 
3037 1606 1705 1607 
3038 1607 1705 1706 
3039 1607 1706 1608 
3040 1608 1706 1707 
3041 1608 1707 1609 
3042 1609 1707 1708 
3043 1609 1708 1610 
3044 1610 1708 1709 
3045 1610 1709 1611 
3046 1611 1709 1710 
3047 1611 1710 1612 
3048 1612 1710 1711 
3049 1612 1711 1613 
3050 1613 1711 1712 
3051 1613 1712 1614 
3052 1614 1712 1713 
3053 1614 1713 1615 
3054 1615 1713 1714 
3055 1615 1714 1616 
3056 1616 1714 1715 
3057 1616 1715 1617 
3058 1617 1715 1716 
3059 1617 1716 1618 
3060 1618 1716 1717 
3061 1618 1717 1619 
3062 1619 1717 1718 
3063 1619 1718 1620 
3064 1620 1718 1719 
3065 1620 1719 1621 
3066 1621 1719 1720 
3067 1621 1720 1622 
3068 1622 1720 1721 
3069 1622 1721 1623 
3070 1623 1721 1722 
3071 1623 1722 1624 
3072 1624 1722 1723 
3073 1624 1723 1625 
3074 1625 1723 1724 
3075 1625 1724 1626 
3076 1626 1724 1725 
3077 1626 1725 1627 
3078 1627 1725 1726 
3079 1627 1726 1628 
3080 1628 1726 1727 
3081 1628 1727 1629 
3082 1629 1727 1728 
3083 1629 1728 1630 
3084 1630 1728 1729 
3085 1630 1729 1631 
3086 1631 1729 1730 
3087 1631 1730 1632 
3088 1632 1730 1731 
3089 1632 1731 1633 
3090 1633 1731 1732 
3091 1633 1732 1634 
3092 1634 1732 1733 
3093 1634 1733 1635 
3094 1635 1733 1734 
3095 1635 1734 1636 
3096 1636 1734 1735 
3097 1636 1735 1637 
3098 1637 1735 1736 
3099 1637 1736 1638 
3100 1638 1736 1737 
3101 1638 1737 1639 
3102 1639 1737 1738 
3103 1639 1738 1640 
3104 1640 1738 1739 
3105 1640 1739 1641 
3106 1641 1739 1740 
3107 1641 1740 1642 
3108 1642 1740 1741 
3109 1642 1741 1643 
3110 1643 1741 1742 
3111 1643 1742 1644 
3112 1644 1742 1743 
3113 1644 1743 1645 
3114 1645 1743 1744 
3115 1645 1744 1646 
3116 1646 1744 1745 
3117 1646 1745 1647 
3118 1647 1745 1746 
3119 1647 1746 1648 
3120 1648 1746 1747 
3121 1648 1747 1649 
3122 1649 1747 1748 
3123 1649 1748 1650 
3124 1650 1748 1749 
3125 1650 1749 1651 
3126 1651 1749 1750 
3127 1651 1750 1652 
3128 1652 1750 1751 
3129 1652 1751 1653 
3130 1653 1751 1752 
3131 1653 1752 1654 
3132 1654 1752 1753 
3133 1654 1753 1655 
3134 1655 1753 1754 
3135 1655 1754 1656 
3136 1656 1754 1755 
3137 1656 1755 1657 
3138 1657 1755 1756 
3139 1657 1756 1658 
3140 1658 1756 1757 
3141 1658 1757 1659 
3142 1659 1757 1758 
3143 1659 1758 1660 
3144 1660 1758 1759 
3145 1660 1759 1661 
3146 1661 1759 1760 
3147 1661 1760 1662 
3148 1662 1760 1761 
3149 1662 1761 1663 
3150 1663 1761 1762 
3151 1663 1762 1664 
3152 1664 1762 1763 
3153 1664 1763 1665 
3154 1665 1763 1764 
3155 1665 1764 1666 
3156 1666 1764 1765 
3157 1666 1765 1667 
3158 1667 1765 1766 
3159 1667 1766 1668 
3160 1668 1766 1767 
3161 1668 1767 1669 
3162 1669 1767 1768 
3163 1669 1768 1670 
3164 1670 1768 1769 
3165 1670 1769 1671 
3166 1671 1769 1770 
3167 1671 1770 1672 
3168 1672 1770 1771 
3169 1672 1771 1673 
3170 1673 1771 1772 
3171 1673 1772 1674 
3172 1674 1772 1773 
3173 1674 1773 1675 
3174 1675 1773 1774 
3175 1675 1774 1676 
3176 1676 1774 1775 
3177 1676 1775 1677 
3178 1677 1775 1776 
3179 1677 1776 1678 
3180 1678 1776 1777 
3181 1678 1777 1679 
3182 1679 1777 1778 
3183 1679 1778 1680 
3184 1680 1778 1779 
3185 1680 1779 1681 
3186 1681 1779 1780 
3187 1681 1780 1682 
3188 1682 1780 1781 
3189 1682 1781 1683 
3190 1683 1781 1782 
3191 1683 1782 1684 
3192 1684 1782 1783 
3193 1684 1783 1685 
3194 1685 1783 1784 
3195 1685 1784 1686 
3196 1686 1784 1785 
3197 1686 1785 1687 
3198 1687 1785 1786 
3199 1687 1786 289 
3200 289 1786 288 
3201 18 19 1688 
3202 1688 19 1787 
3203 1688 1787 1689 
3204 1689 1787 1788 
3205 1689 1788 1690 
3206 1690 1788 1789 
3207 1690 1789 1691 
3208 1691 1789 1790 
3209 1691 1790 1692 
3210 1692 1790 1791 
3211 1692 1791 1693 
3212 1693 1791 1792 
3213 1693 1792 1694 
3214 1694 1792 1793 
3215 1694 1793 1695 
3216 1695 1793 1794 
3217 1695 1794 1696 
3218 1696 1794 1795 
3219 1696 1795 1697 
3220 1697 1795 1796 
3221 1697 1796 1698 
3222 1698 1796 1797 
3223 1698 1797 1699 
3224 1699 1797 1798 
3225 1699 1798 1700 
3226 1700 1798 1799 
3227 1700 1799 1701 
3228 1701 1799 1800 
3229 1701 1800 1702 
3230 1702 1800 1801 
3231 1702 1801 1703 
3232 1703 1801 1802 
3233 1703 1802 1704 
3234 1704 1802 1803 
3235 1704 1803 1705 
3236 1705 1803 1804 
3237 1705 1804 1706 
3238 1706 1804 1805 
3239 1706 1805 1707 
3240 1707 1805 1806 
3241 1707 1806 1708 
3242 1708 1806 1807 
3243 1708 1807 1709 
3244 1709 1807 1808 
3245 1709 1808 1710 
3246 1710 1808 1809 
3247 1710 1809 1711 
3248 1711 1809 1810 
3249 1711 1810 1712 
3250 1712 1810 1811 
3251 1712 1811 1713 
3252 1713 1811 1812 
3253 1713 1812 1714 
3254 1714 1812 1813 
3255 1714 1813 1715 
3256 1715 1813 1814 
3257 1715 1814 1716 
3258 1716 1814 1815 
3259 1716 1815 1717 
3260 1717 1815 1816 
3261 1717 1816 1718 
3262 1718 1816 1817 
3263 1718 1817 1719 
3264 1719 1817 1818 
3265 1719 1818 1720 
3266 1720 1818 1819 
3267 1720 1819 1721 
3268 1721 1819 1820 
3269 1721 1820 1722 
3270 1722 1820 1821 
3271 1722 1821 1723 
3272 1723 1821 1822 
3273 1723 1822 1724 
3274 1724 1822 1823 
3275 1724 1823 1725 
3276 1725 1823 1824 
3277 1725 1824 1726 
3278 1726 1824 1825 
3279 1726 1825 1727 
3280 1727 1825 1826 
3281 1727 1826 1728 
3282 1728 1826 1827 
3283 1728 1827 1729 
3284 1729 1827 1828 
3285 1729 1828 1730 
3286 1730 1828 1829 
3287 1730 1829 1731 
3288 1731 1829 1830 
3289 1731 1830 1732 
3290 1732 1830 1831 
3291 1732 1831 1733 
3292 1733 1831 1832 
3293 1733 1832 1734 
3294 1734 1832 1833 
3295 1734 1833 1735 
3296 1735 1833 1834 
3297 1735 1834 1736 
3298 1736 1834 1835 
3299 1736 1835 1737 
3300 1737 1835 1836 
3301 1737 1836 1738 
3302 1738 1836 1837 
3303 1738 1837 1739 
3304 1739 1837 1838 
3305 1739 1838 1740 
3306 1740 1838 1839 
3307 1740 1839 1741 
3308 1741 1839 1840 
3309 1741 1840 1742 
3310 1742 1840 1841 
3311 1742 1841 1743 
3312 1743 1841 1842 
3313 1743 1842 1744 
3314 1744 1842 1843 
3315 1744 1843 1745 
3316 1745 1843 1844 
3317 1745 1844 1746 
3318 1746 1844 1845 
3319 1746 1845 1747 
3320 1747 1845 1846 
3321 1747 1846 1748 
3322 1748 1846 1847 
3323 1748 1847 1749 
3324 1749 1847 1848 
3325 1749 1848 1750 
3326 1750 1848 1849 
3327 1750 1849 1751 
3328 1751 1849 1850 
3329 1751 1850 1752 
3330 1752 1850 1851 
3331 1752 1851 1753 
3332 1753 1851 1852 
3333 1753 1852 1754 
3334 1754 1852 1853 
3335 1754 1853 1755 
3336 1755 1853 1854 
3337 1755 1854 1756 
3338 1756 1854 1855 
3339 1756 1855 1757 
3340 1757 1855 1856 
3341 1757 1856 1758 
3342 1758 1856 1857 
3343 1758 1857 1759 
3344 1759 1857 1858 
3345 1759 1858 1760 
3346 1760 1858 1859 
3347 1760 1859 1761 
3348 1761 1859 1860 
3349 1761 1860 1762 
3350 1762 1860 1861 
3351 1762 1861 1763 
3352 1763 1861 1862 
3353 1763 1862 1764 
3354 1764 1862 1863 
3355 1764 1863 1765 
3356 1765 1863 1864 
3357 1765 1864 1766 
3358 1766 1864 1865 
3359 1766 1865 1767 
3360 1767 1865 1866 
3361 1767 1866 1768 
3362 1768 1866 1867 
3363 1768 1867 1769 
3364 1769 1867 1868 
3365 1769 1868 1770 
3366 1770 1868 1869 
3367 1770 1869 1771 
3368 1771 1869 1870 
3369 1771 1870 1772 
3370 1772 1870 1871 
3371 1772 1871 1773 
3372 1773 1871 1872 
3373 1773 1872 1774 
3374 1774 1872 1873 
3375 1774 1873 1775 
3376 1775 1873 1874 
3377 1775 1874 1776 
3378 1776 1874 1875 
3379 1776 1875 1777 
3380 1777 1875 1876 
3381 1777 1876 1778 
3382 1778 1876 1877 
3383 1778 1877 1779 
3384 1779 1877 1878 
3385 1779 1878 1780 
3386 1780 1878 1879 
3387 1780 1879 1781 
3388 1781 1879 1880 
3389 1781 1880 1782 
3390 1782 1880 1881 
3391 1782 1881 1783 
3392 1783 1881 1882 
3393 1783 1882 1784 
3394 1784 1882 1883 
3395 1784 1883 1785 
3396 1785 1883 1884 
3397 1785 1884 1786 
3398 1786 1884 1885 
3399 1786 1885 288 
3400 288 1885 287 
3401 19 20 1787 
3402 1787 20 1886 
3403 1787 1886 1788 
3404 1788 1886 1887 
3405 1788 1887 1789 
3406 1789 1887 1888 
3407 1789 1888 1790 
3408 1790 1888 1889 
3409 1790 1889 1791 
3410 1791 1889 1890 
3411 1791 1890 1792 
3412 1792 1890 1891 
3413 1792 1891 1793 
3414 1793 1891 1892 
3415 1793 1892 1794 
3416 1794 1892 1893 
3417 1794 1893 1795 
3418 1795 1893 1894 
3419 1795 1894 1796 
3420 1796 1894 1895 
3421 1796 1895 1797 
3422 1797 1895 1896 
3423 1797 1896 1798 
3424 1798 1896 1897 
3425 1798 1897 1799 
3426 1799 1897 1898 
3427 1799 1898 1800 
3428 1800 1898 1899 
3429 1800 1899 1801 
3430 1801 1899 1900 
3431 1801 1900 1802 
3432 1802 1900 1901 
3433 1802 1901 1803 
3434 1803 1901 1902 
3435 1803 1902 1804 
3436 1804 1902 1903 
3437 1804 1903 1805 
3438 1805 1903 1904 
3439 1805 1904 1806 
3440 1806 1904 1905 
3441 1806 1905 1807 
3442 1807 1905 1906 
3443 1807 1906 1808 
3444 1808 1906 1907 
3445 1808 1907 1809 
3446 1809 1907 1908 
3447 1809 1908 1810 
3448 1810 1908 1909 
3449 1810 1909 1811 
3450 1811 1909 1910 
3451 1811 1910 1812 
3452 1812 1910 1911 
3453 1812 1911 1813 
3454 1813 1911 1912 
3455 1813 1912 1814 
3456 1814 1912 1913 
3457 1814 1913 1815 
3458 1815 1913 1914 
3459 1815 1914 1816 
3460 1816 1914 1915 
3461 1816 1915 1817 
3462 1817 1915 1916 
3463 1817 1916 1818 
3464 1818 1916 1917 
3465 1818 1917 1819 
3466 1819 1917 1918 
3467 1819 1918 1820 
3468 1820 1918 1919 
3469 1820 1919 1821 
3470 1821 1919 1920 
3471 1821 1920 1822 
3472 1822 1920 1921 
3473 1822 1921 1823 
3474 1823 1921 1922 
3475 1823 1922 1824 
3476 1824 1922 1923 
3477 1824 1923 1825 
3478 1825 1923 1924 
3479 1825 1924 1826 
3480 1826 1924 1925 
3481 1826 1925 1827 
3482 1827 1925 1926 
3483 1827 1926 1828 
3484 1828 1926 1927 
3485 1828 1927 1829 
3486 1829 1927 1928 
3487 1829 1928 1830 
3488 1830 1928 1929 
3489 1830 1929 1831 
3490 1831 1929 1930 
3491 1831 1930 1832 
3492 1832 1930 1931 
3493 1832 1931 1833 
3494 1833 1931 1932 
3495 1833 1932 1834 
3496 1834 1932 1933 
3497 1834 1933 1835 
3498 1835 1933 1934 
3499 1835 1934 1836 
3500 1836 1934 1935 
3501 1836 1935 1837 
3502 1837 1935 1936 
3503 1837 1936 1838 
3504 1838 1936 1937 
3505 1838 1937 1839 
3506 1839 1937 1938 
3507 1839 1938 1840 
3508 1840 1938 1939 
3509 1840 1939 1841 
3510 1841 1939 1940 
3511 1841 1940 1842 
3512 1842 1940 1941 
3513 1842 1941 1843 
3514 1843 1941 1942 
3515 1843 1942 1844 
3516 1844 1942 1943 
3517 1844 1943 1845 
3518 1845 1943 1944 
3519 1845 1944 1846 
3520 1846 1944 1945 
3521 1846 1945 1847 
3522 1847 1945 1946 
3523 1847 1946 1848 
3524 1848 1946 1947 
3525 1848 1947 1849 
3526 1849 1947 1948 
3527 1849 1948 1850 
3528 1850 1948 1949 
3529 1850 1949 1851 
3530 1851 1949 1950 
3531 1851 1950 1852 
3532 1852 1950 1951 
3533 1852 1951 1853 
3534 1853 1951 1952 
3535 1853 1952 1854 
3536 1854 1952 1953 
3537 1854 1953 1855 
3538 1855 1953 1954 
3539 1855 1954 1856 
3540 1856 1954 1955 
3541 1856 1955 1857 
3542 1857 1955 1956 
3543 1857 1956 1858 
3544 1858 1956 1957 
3545 1858 1957 1859 
3546 1859 1957 1958 
3547 1859 1958 1860 
3548 1860 1958 1959 
3549 1860 1959 1861 
3550 1861 1959 1960 
3551 1861 1960 1862 
3552 1862 1960 1961 
3553 1862 1961 1863 
3554 1863 1961 1962 
3555 1863 1962 1864 
3556 1864 1962 1963 
3557 1864 1963 1865 
3558 1865 1963 1964 
3559 1865 1964 1866 
3560 1866 1964 1965 
3561 1866 1965 1867 
3562 1867 1965 1966 
3563 1867 1966 1868 
3564 1868 1966 1967 
3565 1868 1967 1869 
3566 1869 1967 1968 
3567 1869 1968 1870 
3568 1870 1968 1969 
3569 1870 1969 1871 
3570 1871 1969 1970 
3571 1871 1970 1872 
3572 1872 1970 1971 
3573 1872 1971 1873 
3574 1873 1971 1972 
3575 1873 1972 1874 
3576 1874 1972 1973 
3577 1874 1973 1875 
3578 1875 1973 1974 
3579 1875 1974 1876 
3580 1876 1974 1975 
3581 1876 1975 1877 
3582 1877 1975 1976 
3583 1877 1976 1878 
3584 1878 1976 1977 
3585 1878 1977 1879 
3586 1879 1977 1978 
3587 1879 1978 1880 
3588 1880 1978 1979 
3589 1880 1979 1881 
3590 1881 1979 1980 
3591 1881 1980 1882 
3592 1882 1980 1981 
3593 1882 1981 1883 
3594 1883 1981 1982 
3595 1883 1982 1884 
3596 1884 1982 1983 
3597 1884 1983 1885 
3598 1885 1983 1984 
3599 1885 1984 287 
3600 287 1984 286 
3601 20 21 1886 
3602 1886 21 1985 
3603 1886 1985 1887 
3604 1887 1985 1986 
3605 1887 1986 1888 
3606 1888 1986 1987 
3607 1888 1987 1889 
3608 1889 1987 1988 
3609 1889 1988 1890 
3610 1890 1988 1989 
3611 1890 1989 1891 
3612 1891 1989 1990 
3613 1891 1990 1892 
3614 1892 1990 1991 
3615 1892 1991 1893 
3616 1893 1991 1992 
3617 1893 1992 1894 
3618 1894 1992 1993 
3619 1894 1993 1895 
3620 1895 1993 1994 
3621 1895 1994 1896 
3622 1896 1994 1995 
3623 1896 1995 1897 
3624 1897 1995 1996 
3625 1897 1996 1898 
3626 1898 1996 1997 
3627 1898 1997 1899 
3628 1899 1997 1998 
3629 1899 1998 1900 
3630 1900 1998 1999 
3631 1900 1999 1901 
3632 1901 1999 2000 
3633 1901 2000 1902 
3634 1902 2000 2001 
3635 1902 2001 1903 
3636 1903 2001 2002 
3637 1903 2002 1904 
3638 1904 2002 2003 
3639 1904 2003 1905 
3640 1905 2003 2004 
3641 1905 2004 1906 
3642 1906 2004 2005 
3643 1906 2005 1907 
3644 1907 2005 2006 
3645 1907 2006 1908 
3646 1908 2006 2007 
3647 1908 2007 1909 
3648 1909 2007 2008 
3649 1909 2008 1910 
3650 1910 2008 2009 
3651 1910 2009 1911 
3652 1911 2009 2010 
3653 1911 2010 1912 
3654 1912 2010 2011 
3655 1912 2011 1913 
3656 1913 2011 2012 
3657 1913 2012 1914 
3658 1914 2012 2013 
3659 1914 2013 1915 
3660 1915 2013 2014 
3661 1915 2014 1916 
3662 1916 2014 2015 
3663 1916 2015 1917 
3664 1917 2015 2016 
3665 1917 2016 1918 
3666 1918 2016 2017 
3667 1918 2017 1919 
3668 1919 2017 2018 
3669 1919 2018 1920 
3670 1920 2018 2019 
3671 1920 2019 1921 
3672 1921 2019 2020 
3673 1921 2020 1922 
3674 1922 2020 2021 
3675 1922 2021 1923 
3676 1923 2021 2022 
3677 1923 2022 1924 
3678 1924 2022 2023 
3679 1924 2023 1925 
3680 1925 2023 2024 
3681 1925 2024 1926 
3682 1926 2024 2025 
3683 1926 2025 1927 
3684 1927 2025 2026 
3685 1927 2026 1928 
3686 1928 2026 2027 
3687 1928 2027 1929 
3688 1929 2027 2028 
3689 1929 2028 1930 
3690 1930 2028 2029 
3691 1930 2029 1931 
3692 1931 2029 2030 
3693 1931 2030 1932 
3694 1932 2030 2031 
3695 1932 2031 1933 
3696 1933 2031 2032 
3697 1933 2032 1934 
3698 1934 2032 2033 
3699 1934 2033 1935 
3700 1935 2033 2034 
3701 1935 2034 1936 
3702 1936 2034 2035 
3703 1936 2035 1937 
3704 1937 2035 2036 
3705 1937 2036 1938 
3706 1938 2036 2037 
3707 1938 2037 1939 
3708 1939 2037 2038 
3709 1939 2038 1940 
3710 1940 2038 2039 
3711 1940 2039 1941 
3712 1941 2039 2040 
3713 1941 2040 1942 
3714 1942 2040 2041 
3715 1942 2041 1943 
3716 1943 2041 2042 
3717 1943 2042 1944 
3718 1944 2042 2043 
3719 1944 2043 1945 
3720 1945 2043 2044 
3721 1945 2044 1946 
3722 1946 2044 2045 
3723 1946 2045 1947 
3724 1947 2045 2046 
3725 1947 2046 1948 
3726 1948 2046 2047 
3727 1948 2047 1949 
3728 1949 2047 2048 
3729 1949 2048 1950 
3730 1950 2048 2049 
3731 1950 2049 1951 
3732 1951 2049 2050 
3733 1951 2050 1952 
3734 1952 2050 2051 
3735 1952 2051 1953 
3736 1953 2051 2052 
3737 1953 2052 1954 
3738 1954 2052 2053 
3739 1954 2053 1955 
3740 1955 2053 2054 
3741 1955 2054 1956 
3742 1956 2054 2055 
3743 1956 2055 1957 
3744 1957 2055 2056 
3745 1957 2056 1958 
3746 1958 2056 2057 
3747 1958 2057 1959 
3748 1959 2057 2058 
3749 1959 2058 1960 
3750 1960 2058 2059 
3751 1960 2059 1961 
3752 1961 2059 2060 
3753 1961 2060 1962 
3754 1962 2060 2061 
3755 1962 2061 1963 
3756 1963 2061 2062 
3757 1963 2062 1964 
3758 1964 2062 2063 
3759 1964 2063 1965 
3760 1965 2063 2064 
3761 1965 2064 1966 
3762 1966 2064 2065 
3763 1966 2065 1967 
3764 1967 2065 2066 
3765 1967 2066 1968 
3766 1968 2066 2067 
3767 1968 2067 1969 
3768 1969 2067 2068 
3769 1969 2068 1970 
3770 1970 2068 2069 
3771 1970 2069 1971 
3772 1971 2069 2070 
3773 1971 2070 1972 
3774 1972 2070 2071 
3775 1972 2071 1973 
3776 1973 2071 2072 
3777 1973 2072 1974 
3778 1974 2072 2073 
3779 1974 2073 1975 
3780 1975 2073 2074 
3781 1975 2074 1976 
3782 1976 2074 2075 
3783 1976 2075 1977 
3784 1977 2075 2076 
3785 1977 2076 1978 
3786 1978 2076 2077 
3787 1978 2077 1979 
3788 1979 2077 2078 
3789 1979 2078 1980 
3790 1980 2078 2079 
3791 1980 2079 1981 
3792 1981 2079 2080 
3793 1981 2080 1982 
3794 1982 2080 2081 
3795 1982 2081 1983 
3796 1983 2081 2082 
3797 1983 2082 1984 
3798 1984 2082 2083 
3799 1984 2083 286 
3800 286 2083 285 
3801 21 22 1985 
3802 1985 22 2084 
3803 1985 2084 1986 
3804 1986 2084 2085 
3805 1986 2085 1987 
3806 1987 2085 2086 
3807 1987 2086 1988 
3808 1988 2086 2087 
3809 1988 2087 1989 
3810 1989 2087 2088 
3811 1989 2088 1990 
3812 1990 2088 2089 
3813 1990 2089 1991 
3814 1991 2089 2090 
3815 1991 2090 1992 
3816 1992 2090 2091 
3817 1992 2091 1993 
3818 1993 2091 2092 
3819 1993 2092 1994 
3820 1994 2092 2093 
3821 1994 2093 1995 
3822 1995 2093 2094 
3823 1995 2094 1996 
3824 1996 2094 2095 
3825 1996 2095 1997 
3826 1997 2095 2096 
3827 1997 2096 1998 
3828 1998 2096 2097 
3829 1998 2097 1999 
3830 1999 2097 2098 
3831 1999 2098 2000 
3832 2000 2098 2099 
3833 2000 2099 2001 
3834 2001 2099 2100 
3835 2001 2100 2002 
3836 2002 2100 2101 
3837 2002 2101 2003 
3838 2003 2101 2102 
3839 2003 2102 2004 
3840 2004 2102 2103 
3841 2004 2103 2005 
3842 2005 2103 2104 
3843 2005 2104 2006 
3844 2006 2104 2105 
3845 2006 2105 2007 
3846 2007 2105 2106 
3847 2007 2106 2008 
3848 2008 2106 2107 
3849 2008 2107 2009 
3850 2009 2107 2108 
3851 2009 2108 2010 
3852 2010 2108 2109 
3853 2010 2109 2011 
3854 2011 2109 2110 
3855 2011 2110 2012 
3856 2012 2110 2111 
3857 2012 2111 2013 
3858 2013 2111 2112 
3859 2013 2112 2014 
3860 2014 2112 2113 
3861 2014 2113 2015 
3862 2015 2113 2114 
3863 2015 2114 2016 
3864 2016 2114 2115 
3865 2016 2115 2017 
3866 2017 2115 2116 
3867 2017 2116 2018 
3868 2018 2116 2117 
3869 2018 2117 2019 
3870 2019 2117 2118 
3871 2019 2118 2020 
3872 2020 2118 2119 
3873 2020 2119 2021 
3874 2021 2119 2120 
3875 2021 2120 2022 
3876 2022 2120 2121 
3877 2022 2121 2023 
3878 2023 2121 2122 
3879 2023 2122 2024 
3880 2024 2122 2123 
3881 2024 2123 2025 
3882 2025 2123 2124 
3883 2025 2124 2026 
3884 2026 2124 2125 
3885 2026 2125 2027 
3886 2027 2125 2126 
3887 2027 2126 2028 
3888 2028 2126 2127 
3889 2028 2127 2029 
3890 2029 2127 2128 
3891 2029 2128 2030 
3892 2030 2128 2129 
3893 2030 2129 2031 
3894 2031 2129 2130 
3895 2031 2130 2032 
3896 2032 2130 2131 
3897 2032 2131 2033 
3898 2033 2131 2132 
3899 2033 2132 2034 
3900 2034 2132 2133 
3901 2034 2133 2035 
3902 2035 2133 2134 
3903 2035 2134 2036 
3904 2036 2134 2135 
3905 2036 2135 2037 
3906 2037 2135 2136 
3907 2037 2136 2038 
3908 2038 2136 2137 
3909 2038 2137 2039 
3910 2039 2137 2138 
3911 2039 2138 2040 
3912 2040 2138 2139 
3913 2040 2139 2041 
3914 2041 2139 2140 
3915 2041 2140 2042 
3916 2042 2140 2141 
3917 2042 2141 2043 
3918 2043 2141 2142 
3919 2043 2142 2044 
3920 2044 2142 2143 
3921 2044 2143 2045 
3922 2045 2143 2144 
3923 2045 2144 2046 
3924 2046 2144 2145 
3925 2046 2145 2047 
3926 2047 2145 2146 
3927 2047 2146 2048 
3928 2048 2146 2147 
3929 2048 2147 2049 
3930 2049 2147 2148 
3931 2049 2148 2050 
3932 2050 2148 2149 
3933 2050 2149 2051 
3934 2051 2149 2150 
3935 2051 2150 2052 
3936 2052 2150 2151 
3937 2052 2151 2053 
3938 2053 2151 2152 
3939 2053 2152 2054 
3940 2054 2152 2153 
3941 2054 2153 2055 
3942 2055 2153 2154 
3943 2055 2154 2056 
3944 2056 2154 2155 
3945 2056 2155 2057 
3946 2057 2155 2156 
3947 2057 2156 2058 
3948 2058 2156 2157 
3949 2058 2157 2059 
3950 2059 2157 2158 
3951 2059 2158 2060 
3952 2060 2158 2159 
3953 2060 2159 2061 
3954 2061 2159 2160 
3955 2061 2160 2062 
3956 2062 2160 2161 
3957 2062 2161 2063 
3958 2063 2161 2162 
3959 2063 2162 2064 
3960 2064 2162 2163 
3961 2064 2163 2065 
3962 2065 2163 2164 
3963 2065 2164 2066 
3964 2066 2164 2165 
3965 2066 2165 2067 
3966 2067 2165 2166 
3967 2067 2166 2068 
3968 2068 2166 2167 
3969 2068 2167 2069 
3970 2069 2167 2168 
3971 2069 2168 2070 
3972 2070 2168 2169 
3973 2070 2169 2071 
3974 2071 2169 2170 
3975 2071 2170 2072 
3976 2072 2170 2171 
3977 2072 2171 2073 
3978 2073 2171 2172 
3979 2073 2172 2074 
3980 2074 2172 2173 
3981 2074 2173 2075 
3982 2075 2173 2174 
3983 2075 2174 2076 
3984 2076 2174 2175 
3985 2076 2175 2077 
3986 2077 2175 2176 
3987 2077 2176 2078 
3988 2078 2176 2177 
3989 2078 2177 2079 
3990 2079 2177 2178 
3991 2079 2178 2080 
3992 2080 2178 2179 
3993 2080 2179 2081 
3994 2081 2179 2180 
3995 2081 2180 2082 
3996 2082 2180 2181 
3997 2082 2181 2083 
3998 2083 2181 2182 
3999 2083 2182 285 
4000 285 2182 284 
4001 22 23 2084 
4002 2084 23 2183 
4003 2084 2183 2085 
4004 2085 2183 2184 
4005 2085 2184 2086 
4006 2086 2184 2185 
4007 2086 2185 2087 
4008 2087 2185 2186 
4009 2087 2186 2088 
4010 2088 2186 2187 
4011 2088 2187 2089 
4012 2089 2187 2188 
4013 2089 2188 2090 
4014 2090 2188 2189 
4015 2090 2189 2091 
4016 2091 2189 2190 
4017 2091 2190 2092 
4018 2092 2190 2191 
4019 2092 2191 2093 
4020 2093 2191 2192 
4021 2093 2192 2094 
4022 2094 2192 2193 
4023 2094 2193 2095 
4024 2095 2193 2194 
4025 2095 2194 2096 
4026 2096 2194 2195 
4027 2096 2195 2097 
4028 2097 2195 2196 
4029 2097 2196 2098 
4030 2098 2196 2197 
4031 2098 2197 2099 
4032 2099 2197 2198 
4033 2099 2198 2100 
4034 2100 2198 2199 
4035 2100 2199 2101 
4036 2101 2199 2200 
4037 2101 2200 2102 
4038 2102 2200 2201 
4039 2102 2201 2103 
4040 2103 2201 2202 
4041 2103 2202 2104 
4042 2104 2202 2203 
4043 2104 2203 2105 
4044 2105 2203 2204 
4045 2105 2204 2106 
4046 2106 2204 2205 
4047 2106 2205 2107 
4048 2107 2205 2206 
4049 2107 2206 2108 
4050 2108 2206 2207 
4051 2108 2207 2109 
4052 2109 2207 2208 
4053 2109 2208 2110 
4054 2110 2208 2209 
4055 2110 2209 2111 
4056 2111 2209 2210 
4057 2111 2210 2112 
4058 2112 2210 2211 
4059 2112 2211 2113 
4060 2113 2211 2212 
4061 2113 2212 2114 
4062 2114 2212 2213 
4063 2114 2213 2115 
4064 2115 2213 2214 
4065 2115 2214 2116 
4066 2116 2214 2215 
4067 2116 2215 2117 
4068 2117 2215 2216 
4069 2117 2216 2118 
4070 2118 2216 2217 
4071 2118 2217 2119 
4072 2119 2217 2218 
4073 2119 2218 2120 
4074 2120 2218 2219 
4075 2120 2219 2121 
4076 2121 2219 2220 
4077 2121 2220 2122 
4078 2122 2220 2221 
4079 2122 2221 2123 
4080 2123 2221 2222 
4081 2123 2222 2124 
4082 2124 2222 2223 
4083 2124 2223 2125 
4084 2125 2223 2224 
4085 2125 2224 2126 
4086 2126 2224 2225 
4087 2126 2225 2127 
4088 2127 2225 2226 
4089 2127 2226 2128 
4090 2128 2226 2227 
4091 2128 2227 2129 
4092 2129 2227 2228 
4093 2129 2228 2130 
4094 2130 2228 2229 
4095 2130 2229 2131 
4096 2131 2229 2230 
4097 2131 2230 2132 
4098 2132 2230 2231 
4099 2132 2231 2133 
4100 2133 2231 2232 
4101 2133 2232 2134 
4102 2134 2232 2233 
4103 2134 2233 2135 
4104 2135 2233 2234 
4105 2135 2234 2136 
4106 2136 2234 2235 
4107 2136 2235 2137 
4108 2137 2235 2236 
4109 2137 2236 2138 
4110 2138 2236 2237 
4111 2138 2237 2139 
4112 2139 2237 2238 
4113 2139 2238 2140 
4114 2140 2238 2239 
4115 2140 2239 2141 
4116 2141 2239 2240 
4117 2141 2240 2142 
4118 2142 2240 2241 
4119 2142 2241 2143 
4120 2143 2241 2242 
4121 2143 2242 2144 
4122 2144 2242 2243 
4123 2144 2243 2145 
4124 2145 2243 2244 
4125 2145 2244 2146 
4126 2146 2244 2245 
4127 2146 2245 2147 
4128 2147 2245 2246 
4129 2147 2246 2148 
4130 2148 2246 2247 
4131 2148 2247 2149 
4132 2149 2247 2248 
4133 2149 2248 2150 
4134 2150 2248 2249 
4135 2150 2249 2151 
4136 2151 2249 2250 
4137 2151 2250 2152 
4138 2152 2250 2251 
4139 2152 2251 2153 
4140 2153 2251 2252 
4141 2153 2252 2154 
4142 2154 2252 2253 
4143 2154 2253 2155 
4144 2155 2253 2254 
4145 2155 2254 2156 
4146 2156 2254 2255 
4147 2156 2255 2157 
4148 2157 2255 2256 
4149 2157 2256 2158 
4150 2158 2256 2257 
4151 2158 2257 2159 
4152 2159 2257 2258 
4153 2159 2258 2160 
4154 2160 2258 2259 
4155 2160 2259 2161 
4156 2161 2259 2260 
4157 2161 2260 2162 
4158 2162 2260 2261 
4159 2162 2261 2163 
4160 2163 2261 2262 
4161 2163 2262 2164 
4162 2164 2262 2263 
4163 2164 2263 2165 
4164 2165 2263 2264 
4165 2165 2264 2166 
4166 2166 2264 2265 
4167 2166 2265 2167 
4168 2167 2265 2266 
4169 2167 2266 2168 
4170 2168 2266 2267 
4171 2168 2267 2169 
4172 2169 2267 2268 
4173 2169 2268 2170 
4174 2170 2268 2269 
4175 2170 2269 2171 
4176 2171 2269 2270 
4177 2171 2270 2172 
4178 2172 2270 2271 
4179 2172 2271 2173 
4180 2173 2271 2272 
4181 2173 2272 2174 
4182 2174 2272 2273 
4183 2174 2273 2175 
4184 2175 2273 2274 
4185 2175 2274 2176 
4186 2176 2274 2275 
4187 2176 2275 2177 
4188 2177 2275 2276 
4189 2177 2276 2178 
4190 2178 2276 2277 
4191 2178 2277 2179 
4192 2179 2277 2278 
4193 2179 2278 2180 
4194 2180 2278 2279 
4195 2180 2279 2181 
4196 2181 2279 2280 
4197 2181 2280 2182 
4198 2182 2280 2281 
4199 2182 2281 284 
4200 284 2281 283 
4201 23 24 2183 
4202 2183 24 2282 
4203 2183 2282 2184 
4204 2184 2282 2283 
4205 2184 2283 2185 
4206 2185 2283 2284 
4207 2185 2284 2186 
4208 2186 2284 2285 
4209 2186 2285 2187 
4210 2187 2285 2286 
4211 2187 2286 2188 
4212 2188 2286 2287 
4213 2188 2287 2189 
4214 2189 2287 2288 
4215 2189 2288 2190 
4216 2190 2288 2289 
4217 2190 2289 2191 
4218 2191 2289 2290 
4219 2191 2290 2192 
4220 2192 2290 2291 
4221 2192 2291 2193 
4222 2193 2291 2292 
4223 2193 2292 2194 
4224 2194 2292 2293 
4225 2194 2293 2195 
4226 2195 2293 2294 
4227 2195 2294 2196 
4228 2196 2294 2295 
4229 2196 2295 2197 
4230 2197 2295 2296 
4231 2197 2296 2198 
4232 2198 2296 2297 
4233 2198 2297 2199 
4234 2199 2297 2298 
4235 2199 2298 2200 
4236 2200 2298 2299 
4237 2200 2299 2201 
4238 2201 2299 2300 
4239 2201 2300 2202 
4240 2202 2300 2301 
4241 2202 2301 2203 
4242 2203 2301 2302 
4243 2203 2302 2204 
4244 2204 2302 2303 
4245 2204 2303 2205 
4246 2205 2303 2304 
4247 2205 2304 2206 
4248 2206 2304 2305 
4249 2206 2305 2207 
4250 2207 2305 2306 
4251 2207 2306 2208 
4252 2208 2306 2307 
4253 2208 2307 2209 
4254 2209 2307 2308 
4255 2209 2308 2210 
4256 2210 2308 2309 
4257 2210 2309 2211 
4258 2211 2309 2310 
4259 2211 2310 2212 
4260 2212 2310 2311 
4261 2212 2311 2213 
4262 2213 2311 2312 
4263 2213 2312 2214 
4264 2214 2312 2313 
4265 2214 2313 2215 
4266 2215 2313 2314 
4267 2215 2314 2216 
4268 2216 2314 2315 
4269 2216 2315 2217 
4270 2217 2315 2316 
4271 2217 2316 2218 
4272 2218 2316 2317 
4273 2218 2317 2219 
4274 2219 2317 2318 
4275 2219 2318 2220 
4276 2220 2318 2319 
4277 2220 2319 2221 
4278 2221 2319 2320 
4279 2221 2320 2222 
4280 2222 2320 2321 
4281 2222 2321 2223 
4282 2223 2321 2322 
4283 2223 2322 2224 
4284 2224 2322 2323 
4285 2224 2323 2225 
4286 2225 2323 2324 
4287 2225 2324 2226 
4288 2226 2324 2325 
4289 2226 2325 2227 
4290 2227 2325 2326 
4291 2227 2326 2228 
4292 2228 2326 2327 
4293 2228 2327 2229 
4294 2229 2327 2328 
4295 2229 2328 2230 
4296 2230 2328 2329 
4297 2230 2329 2231 
4298 2231 2329 2330 
4299 2231 2330 2232 
4300 2232 2330 2331 
4301 2232 2331 2233 
4302 2233 2331 2332 
4303 2233 2332 2234 
4304 2234 2332 2333 
4305 2234 2333 2235 
4306 2235 2333 2334 
4307 2235 2334 2236 
4308 2236 2334 2335 
4309 2236 2335 2237 
4310 2237 2335 2336 
4311 2237 2336 2238 
4312 2238 2336 2337 
4313 2238 2337 2239 
4314 2239 2337 2338 
4315 2239 2338 2240 
4316 2240 2338 2339 
4317 2240 2339 2241 
4318 2241 2339 2340 
4319 2241 2340 2242 
4320 2242 2340 2341 
4321 2242 2341 2243 
4322 2243 2341 2342 
4323 2243 2342 2244 
4324 2244 2342 2343 
4325 2244 2343 2245 
4326 2245 2343 2344 
4327 2245 2344 2246 
4328 2246 2344 2345 
4329 2246 2345 2247 
4330 2247 2345 2346 
4331 2247 2346 2248 
4332 2248 2346 2347 
4333 2248 2347 2249 
4334 2249 2347 2348 
4335 2249 2348 2250 
4336 2250 2348 2349 
4337 2250 2349 2251 
4338 2251 2349 2350 
4339 2251 2350 2252 
4340 2252 2350 2351 
4341 2252 2351 2253 
4342 2253 2351 2352 
4343 2253 2352 2254 
4344 2254 2352 2353 
4345 2254 2353 2255 
4346 2255 2353 2354 
4347 2255 2354 2256 
4348 2256 2354 2355 
4349 2256 2355 2257 
4350 2257 2355 2356 
4351 2257 2356 2258 
4352 2258 2356 2357 
4353 2258 2357 2259 
4354 2259 2357 2358 
4355 2259 2358 2260 
4356 2260 2358 2359 
4357 2260 2359 2261 
4358 2261 2359 2360 
4359 2261 2360 2262 
4360 2262 2360 2361 
4361 2262 2361 2263 
4362 2263 2361 2362 
4363 2263 2362 2264 
4364 2264 2362 2363 
4365 2264 2363 2265 
4366 2265 2363 2364 
4367 2265 2364 2266 
4368 2266 2364 2365 
4369 2266 2365 2267 
4370 2267 2365 2366 
4371 2267 2366 2268 
4372 2268 2366 2367 
4373 2268 2367 2269 
4374 2269 2367 2368 
4375 2269 2368 2270 
4376 2270 2368 2369 
4377 2270 2369 2271 
4378 2271 2369 2370 
4379 2271 2370 2272 
4380 2272 2370 2371 
4381 2272 2371 2273 
4382 2273 2371 2372 
4383 2273 2372 2274 
4384 2274 2372 2373 
4385 2274 2373 2275 
4386 2275 2373 2374 
4387 2275 2374 2276 
4388 2276 2374 2375 
4389 2276 2375 2277 
4390 2277 2375 2376 
4391 2277 2376 2278 
4392 2278 2376 2377 
4393 2278 2377 2279 
4394 2279 2377 2378 
4395 2279 2378 2280 
4396 2280 2378 2379 
4397 2280 2379 2281 
4398 2281 2379 2380 
4399 2281 2380 283 
4400 283 2380 282 
4401 24 25 2282 
4402 2282 25 2381 
4403 2282 2381 2283 
4404 2283 2381 2382 
4405 2283 2382 2284 
4406 2284 2382 2383 
4407 2284 2383 2285 
4408 2285 2383 2384 
4409 2285 2384 2286 
4410 2286 2384 2385 
4411 2286 2385 2287 
4412 2287 2385 2386 
4413 2287 2386 2288 
4414 2288 2386 2387 
4415 2288 2387 2289 
4416 2289 2387 2388 
4417 2289 2388 2290 
4418 2290 2388 2389 
4419 2290 2389 2291 
4420 2291 2389 2390 
4421 2291 2390 2292 
4422 2292 2390 2391 
4423 2292 2391 2293 
4424 2293 2391 2392 
4425 2293 2392 2294 
4426 2294 2392 2393 
4427 2294 2393 2295 
4428 2295 2393 2394 
4429 2295 2394 2296 
4430 2296 2394 2395 
4431 2296 2395 2297 
4432 2297 2395 2396 
4433 2297 2396 2298 
4434 2298 2396 2397 
4435 2298 2397 2299 
4436 2299 2397 2398 
4437 2299 2398 2300 
4438 2300 2398 2399 
4439 2300 2399 2301 
4440 2301 2399 2400 
4441 2301 2400 2302 
4442 2302 2400 2401 
4443 2302 2401 2303 
4444 2303 2401 2402 
4445 2303 2402 2304 
4446 2304 2402 2403 
4447 2304 2403 2305 
4448 2305 2403 2404 
4449 2305 2404 2306 
4450 2306 2404 2405 
4451 2306 2405 2307 
4452 2307 2405 2406 
4453 2307 2406 2308 
4454 2308 2406 2407 
4455 2308 2407 2309 
4456 2309 2407 2408 
4457 2309 2408 2310 
4458 2310 2408 2409 
4459 2310 2409 2311 
4460 2311 2409 2410 
4461 2311 2410 2312 
4462 2312 2410 2411 
4463 2312 2411 2313 
4464 2313 2411 2412 
4465 2313 2412 2314 
4466 2314 2412 2413 
4467 2314 2413 2315 
4468 2315 2413 2414 
4469 2315 2414 2316 
4470 2316 2414 2415 
4471 2316 2415 2317 
4472 2317 2415 2416 
4473 2317 2416 2318 
4474 2318 2416 2417 
4475 2318 2417 2319 
4476 2319 2417 2418 
4477 2319 2418 2320 
4478 2320 2418 2419 
4479 2320 2419 2321 
4480 2321 2419 2420 
4481 2321 2420 2322 
4482 2322 2420 2421 
4483 2322 2421 2323 
4484 2323 2421 2422 
4485 2323 2422 2324 
4486 2324 2422 2423 
4487 2324 2423 2325 
4488 2325 2423 2424 
4489 2325 2424 2326 
4490 2326 2424 2425 
4491 2326 2425 2327 
4492 2327 2425 2426 
4493 2327 2426 2328 
4494 2328 2426 2427 
4495 2328 2427 2329 
4496 2329 2427 2428 
4497 2329 2428 2330 
4498 2330 2428 2429 
4499 2330 2429 2331 
4500 2331 2429 2430 
4501 2331 2430 2332 
4502 2332 2430 2431 
4503 2332 2431 2333 
4504 2333 2431 2432 
4505 2333 2432 2334 
4506 2334 2432 2433 
4507 2334 2433 2335 
4508 2335 2433 2434 
4509 2335 2434 2336 
4510 2336 2434 2435 
4511 2336 2435 2337 
4512 2337 2435 2436 
4513 2337 2436 2338 
4514 2338 2436 2437 
4515 2338 2437 2339 
4516 2339 2437 2438 
4517 2339 2438 2340 
4518 2340 2438 2439 
4519 2340 2439 2341 
4520 2341 2439 2440 
4521 2341 2440 2342 
4522 2342 2440 2441 
4523 2342 2441 2343 
4524 2343 2441 2442 
4525 2343 2442 2344 
4526 2344 2442 2443 
4527 2344 2443 2345 
4528 2345 2443 2444 
4529 2345 2444 2346 
4530 2346 2444 2445 
4531 2346 2445 2347 
4532 2347 2445 2446 
4533 2347 2446 2348 
4534 2348 2446 2447 
4535 2348 2447 2349 
4536 2349 2447 2448 
4537 2349 2448 2350 
4538 2350 2448 2449 
4539 2350 2449 2351 
4540 2351 2449 2450 
4541 2351 2450 2352 
4542 2352 2450 2451 
4543 2352 2451 2353 
4544 2353 2451 2452 
4545 2353 2452 2354 
4546 2354 2452 2453 
4547 2354 2453 2355 
4548 2355 2453 2454 
4549 2355 2454 2356 
4550 2356 2454 2455 
4551 2356 2455 2357 
4552 2357 2455 2456 
4553 2357 2456 2358 
4554 2358 2456 2457 
4555 2358 2457 2359 
4556 2359 2457 2458 
4557 2359 2458 2360 
4558 2360 2458 2459 
4559 2360 2459 2361 
4560 2361 2459 2460 
4561 2361 2460 2362 
4562 2362 2460 2461 
4563 2362 2461 2363 
4564 2363 2461 2462 
4565 2363 2462 2364 
4566 2364 2462 2463 
4567 2364 2463 2365 
4568 2365 2463 2464 
4569 2365 2464 2366 
4570 2366 2464 2465 
4571 2366 2465 2367 
4572 2367 2465 2466 
4573 2367 2466 2368 
4574 2368 2466 2467 
4575 2368 2467 2369 
4576 2369 2467 2468 
4577 2369 2468 2370 
4578 2370 2468 2469 
4579 2370 2469 2371 
4580 2371 2469 2470 
4581 2371 2470 2372 
4582 2372 2470 2471 
4583 2372 2471 2373 
4584 2373 2471 2472 
4585 2373 2472 2374 
4586 2374 2472 2473 
4587 2374 2473 2375 
4588 2375 2473 2474 
4589 2375 2474 2376 
4590 2376 2474 2475 
4591 2376 2475 2377 
4592 2377 2475 2476 
4593 2377 2476 2378 
4594 2378 2476 2477 
4595 2378 2477 2379 
4596 2379 2477 2478 
4597 2379 2478 2380 
4598 2380 2478 2479 
4599 2380 2479 282 
4600 282 2479 281 
4601 25 26 2381 
4602 2381 26 2480 
4603 2381 2480 2382 
4604 2382 2480 2481 
4605 2382 2481 2383 
4606 2383 2481 2482 
4607 2383 2482 2384 
4608 2384 2482 2483 
4609 2384 2483 2385 
4610 2385 2483 2484 
4611 2385 2484 2386 
4612 2386 2484 2485 
4613 2386 2485 2387 
4614 2387 2485 2486 
4615 2387 2486 2388 
4616 2388 2486 2487 
4617 2388 2487 2389 
4618 2389 2487 2488 
4619 2389 2488 2390 
4620 2390 2488 2489 
4621 2390 2489 2391 
4622 2391 2489 2490 
4623 2391 2490 2392 
4624 2392 2490 2491 
4625 2392 2491 2393 
4626 2393 2491 2492 
4627 2393 2492 2394 
4628 2394 2492 2493 
4629 2394 2493 2395 
4630 2395 2493 2494 
4631 2395 2494 2396 
4632 2396 2494 2495 
4633 2396 2495 2397 
4634 2397 2495 2496 
4635 2397 2496 2398 
4636 2398 2496 2497 
4637 2398 2497 2399 
4638 2399 2497 2498 
4639 2399 2498 2400 
4640 2400 2498 2499 
4641 2400 2499 2401 
4642 2401 2499 2500 
4643 2401 2500 2402 
4644 2402 2500 2501 
4645 2402 2501 2403 
4646 2403 2501 2502 
4647 2403 2502 2404 
4648 2404 2502 2503 
4649 2404 2503 2405 
4650 2405 2503 2504 
4651 2405 2504 2406 
4652 2406 2504 2505 
4653 2406 2505 2407 
4654 2407 2505 2506 
4655 2407 2506 2408 
4656 2408 2506 2507 
4657 2408 2507 2409 
4658 2409 2507 2508 
4659 2409 2508 2410 
4660 2410 2508 2509 
4661 2410 2509 2411 
4662 2411 2509 2510 
4663 2411 2510 2412 
4664 2412 2510 2511 
4665 2412 2511 2413 
4666 2413 2511 2512 
4667 2413 2512 2414 
4668 2414 2512 2513 
4669 2414 2513 2415 
4670 2415 2513 2514 
4671 2415 2514 2416 
4672 2416 2514 2515 
4673 2416 2515 2417 
4674 2417 2515 2516 
4675 2417 2516 2418 
4676 2418 2516 2517 
4677 2418 2517 2419 
4678 2419 2517 2518 
4679 2419 2518 2420 
4680 2420 2518 2519 
4681 2420 2519 2421 
4682 2421 2519 2520 
4683 2421 2520 2422 
4684 2422 2520 2521 
4685 2422 2521 2423 
4686 2423 2521 2522 
4687 2423 2522 2424 
4688 2424 2522 2523 
4689 2424 2523 2425 
4690 2425 2523 2524 
4691 2425 2524 2426 
4692 2426 2524 2525 
4693 2426 2525 2427 
4694 2427 2525 2526 
4695 2427 2526 2428 
4696 2428 2526 2527 
4697 2428 2527 2429 
4698 2429 2527 2528 
4699 2429 2528 2430 
4700 2430 2528 2529 
4701 2430 2529 2431 
4702 2431 2529 2530 
4703 2431 2530 2432 
4704 2432 2530 2531 
4705 2432 2531 2433 
4706 2433 2531 2532 
4707 2433 2532 2434 
4708 2434 2532 2533 
4709 2434 2533 2435 
4710 2435 2533 2534 
4711 2435 2534 2436 
4712 2436 2534 2535 
4713 2436 2535 2437 
4714 2437 2535 2536 
4715 2437 2536 2438 
4716 2438 2536 2537 
4717 2438 2537 2439 
4718 2439 2537 2538 
4719 2439 2538 2440 
4720 2440 2538 2539 
4721 2440 2539 2441 
4722 2441 2539 2540 
4723 2441 2540 2442 
4724 2442 2540 2541 
4725 2442 2541 2443 
4726 2443 2541 2542 
4727 2443 2542 2444 
4728 2444 2542 2543 
4729 2444 2543 2445 
4730 2445 2543 2544 
4731 2445 2544 2446 
4732 2446 2544 2545 
4733 2446 2545 2447 
4734 2447 2545 2546 
4735 2447 2546 2448 
4736 2448 2546 2547 
4737 2448 2547 2449 
4738 2449 2547 2548 
4739 2449 2548 2450 
4740 2450 2548 2549 
4741 2450 2549 2451 
4742 2451 2549 2550 
4743 2451 2550 2452 
4744 2452 2550 2551 
4745 2452 2551 2453 
4746 2453 2551 2552 
4747 2453 2552 2454 
4748 2454 2552 2553 
4749 2454 2553 2455 
4750 2455 2553 2554 
4751 2455 2554 2456 
4752 2456 2554 2555 
4753 2456 2555 2457 
4754 2457 2555 2556 
4755 2457 2556 2458 
4756 2458 2556 2557 
4757 2458 2557 2459 
4758 2459 2557 2558 
4759 2459 2558 2460 
4760 2460 2558 2559 
4761 2460 2559 2461 
4762 2461 2559 2560 
4763 2461 2560 2462 
4764 2462 2560 2561 
4765 2462 2561 2463 
4766 2463 2561 2562 
4767 2463 2562 2464 
4768 2464 2562 2563 
4769 2464 2563 2465 
4770 2465 2563 2564 
4771 2465 2564 2466 
4772 2466 2564 2565 
4773 2466 2565 2467 
4774 2467 2565 2566 
4775 2467 2566 2468 
4776 2468 2566 2567 
4777 2468 2567 2469 
4778 2469 2567 2568 
4779 2469 2568 2470 
4780 2470 2568 2569 
4781 2470 2569 2471 
4782 2471 2569 2570 
4783 2471 2570 2472 
4784 2472 2570 2571 
4785 2472 2571 2473 
4786 2473 2571 2572 
4787 2473 2572 2474 
4788 2474 2572 2573 
4789 2474 2573 2475 
4790 2475 2573 2574 
4791 2475 2574 2476 
4792 2476 2574 2575 
4793 2476 2575 2477 
4794 2477 2575 2576 
4795 2477 2576 2478 
4796 2478 2576 2577 
4797 2478 2577 2479 
4798 2479 2577 2578 
4799 2479 2578 281 
4800 281 2578 280 
4801 26 27 2480 
4802 2480 27 2579 
4803 2480 2579 2481 
4804 2481 2579 2580 
4805 2481 2580 2482 
4806 2482 2580 2581 
4807 2482 2581 2483 
4808 2483 2581 2582 
4809 2483 2582 2484 
4810 2484 2582 2583 
4811 2484 2583 2485 
4812 2485 2583 2584 
4813 2485 2584 2486 
4814 2486 2584 2585 
4815 2486 2585 2487 
4816 2487 2585 2586 
4817 2487 2586 2488 
4818 2488 2586 2587 
4819 2488 2587 2489 
4820 2489 2587 2588 
4821 2489 2588 2490 
4822 2490 2588 2589 
4823 2490 2589 2491 
4824 2491 2589 2590 
4825 2491 2590 2492 
4826 2492 2590 2591 
4827 2492 2591 2493 
4828 2493 2591 2592 
4829 2493 2592 2494 
4830 2494 2592 2593 
4831 2494 2593 2495 
4832 2495 2593 2594 
4833 2495 2594 2496 
4834 2496 2594 2595 
4835 2496 2595 2497 
4836 2497 2595 2596 
4837 2497 2596 2498 
4838 2498 2596 2597 
4839 2498 2597 2499 
4840 2499 2597 2598 
4841 2499 2598 2500 
4842 2500 2598 2599 
4843 2500 2599 2501 
4844 2501 2599 2600 
4845 2501 2600 2502 
4846 2502 2600 2601 
4847 2502 2601 2503 
4848 2503 2601 2602 
4849 2503 2602 2504 
4850 2504 2602 2603 
4851 2504 2603 2505 
4852 2505 2603 2604 
4853 2505 2604 2506 
4854 2506 2604 2605 
4855 2506 2605 2507 
4856 2507 2605 2606 
4857 2507 2606 2508 
4858 2508 2606 2607 
4859 2508 2607 2509 
4860 2509 2607 2608 
4861 2509 2608 2510 
4862 2510 2608 2609 
4863 2510 2609 2511 
4864 2511 2609 2610 
4865 2511 2610 2512 
4866 2512 2610 2611 
4867 2512 2611 2513 
4868 2513 2611 2612 
4869 2513 2612 2514 
4870 2514 2612 2613 
4871 2514 2613 2515 
4872 2515 2613 2614 
4873 2515 2614 2516 
4874 2516 2614 2615 
4875 2516 2615 2517 
4876 2517 2615 2616 
4877 2517 2616 2518 
4878 2518 2616 2617 
4879 2518 2617 2519 
4880 2519 2617 2618 
4881 2519 2618 2520 
4882 2520 2618 2619 
4883 2520 2619 2521 
4884 2521 2619 2620 
4885 2521 2620 2522 
4886 2522 2620 2621 
4887 2522 2621 2523 
4888 2523 2621 2622 
4889 2523 2622 2524 
4890 2524 2622 2623 
4891 2524 2623 2525 
4892 2525 2623 2624 
4893 2525 2624 2526 
4894 2526 2624 2625 
4895 2526 2625 2527 
4896 2527 2625 2626 
4897 2527 2626 2528 
4898 2528 2626 2627 
4899 2528 2627 2529 
4900 2529 2627 2628 
4901 2529 2628 2530 
4902 2530 2628 2629 
4903 2530 2629 2531 
4904 2531 2629 2630 
4905 2531 2630 2532 
4906 2532 2630 2631 
4907 2532 2631 2533 
4908 2533 2631 2632 
4909 2533 2632 2534 
4910 2534 2632 2633 
4911 2534 2633 2535 
4912 2535 2633 2634 
4913 2535 2634 2536 
4914 2536 2634 2635 
4915 2536 2635 2537 
4916 2537 2635 2636 
4917 2537 2636 2538 
4918 2538 2636 2637 
4919 2538 2637 2539 
4920 2539 2637 2638 
4921 2539 2638 2540 
4922 2540 2638 2639 
4923 2540 2639 2541 
4924 2541 2639 2640 
4925 2541 2640 2542 
4926 2542 2640 2641 
4927 2542 2641 2543 
4928 2543 2641 2642 
4929 2543 2642 2544 
4930 2544 2642 2643 
4931 2544 2643 2545 
4932 2545 2643 2644 
4933 2545 2644 2546 
4934 2546 2644 2645 
4935 2546 2645 2547 
4936 2547 2645 2646 
4937 2547 2646 2548 
4938 2548 2646 2647 
4939 2548 2647 2549 
4940 2549 2647 2648 
4941 2549 2648 2550 
4942 2550 2648 2649 
4943 2550 2649 2551 
4944 2551 2649 2650 
4945 2551 2650 2552 
4946 2552 2650 2651 
4947 2552 2651 2553 
4948 2553 2651 2652 
4949 2553 2652 2554 
4950 2554 2652 2653 
4951 2554 2653 2555 
4952 2555 2653 2654 
4953 2555 2654 2556 
4954 2556 2654 2655 
4955 2556 2655 2557 
4956 2557 2655 2656 
4957 2557 2656 2558 
4958 2558 2656 2657 
4959 2558 2657 2559 
4960 2559 2657 2658 
4961 2559 2658 2560 
4962 2560 2658 2659 
4963 2560 2659 2561 
4964 2561 2659 2660 
4965 2561 2660 2562 
4966 2562 2660 2661 
4967 2562 2661 2563 
4968 2563 2661 2662 
4969 2563 2662 2564 
4970 2564 2662 2663 
4971 2564 2663 2565 
4972 2565 2663 2664 
4973 2565 2664 2566 
4974 2566 2664 2665 
4975 2566 2665 2567 
4976 2567 2665 2666 
4977 2567 2666 2568 
4978 2568 2666 2667 
4979 2568 2667 2569 
4980 2569 2667 2668 
4981 2569 2668 2570 
4982 2570 2668 2669 
4983 2570 2669 2571 
4984 2571 2669 2670 
4985 2571 2670 2572 
4986 2572 2670 2671 
4987 2572 2671 2573 
4988 2573 2671 2672 
4989 2573 2672 2574 
4990 2574 2672 2673 
4991 2574 2673 2575 
4992 2575 2673 2674 
4993 2575 2674 2576 
4994 2576 2674 2675 
4995 2576 2675 2577 
4996 2577 2675 2676 
4997 2577 2676 2578 
4998 2578 2676 2677 
4999 2578 2677 280 
5000 280 2677 279 
5001 27 28 2579 
5002 2579 28 2678 
5003 2579 2678 2580 
5004 2580 2678 2679 
5005 2580 2679 2581 
5006 2581 2679 2680 
5007 2581 2680 2582 
5008 2582 2680 2681 
5009 2582 2681 2583 
5010 2583 2681 2682 
5011 2583 2682 2584 
5012 2584 2682 2683 
5013 2584 2683 2585 
5014 2585 2683 2684 
5015 2585 2684 2586 
5016 2586 2684 2685 
5017 2586 2685 2587 
5018 2587 2685 2686 
5019 2587 2686 2588 
5020 2588 2686 2687 
5021 2588 2687 2589 
5022 2589 2687 2688 
5023 2589 2688 2590 
5024 2590 2688 2689 
5025 2590 2689 2591 
5026 2591 2689 2690 
5027 2591 2690 2592 
5028 2592 2690 2691 
5029 2592 2691 2593 
5030 2593 2691 2692 
5031 2593 2692 2594 
5032 2594 2692 2693 
5033 2594 2693 2595 
5034 2595 2693 2694 
5035 2595 2694 2596 
5036 2596 2694 2695 
5037 2596 2695 2597 
5038 2597 2695 2696 
5039 2597 2696 2598 
5040 2598 2696 2697 
5041 2598 2697 2599 
5042 2599 2697 2698 
5043 2599 2698 2600 
5044 2600 2698 2699 
5045 2600 2699 2601 
5046 2601 2699 2700 
5047 2601 2700 2602 
5048 2602 2700 2701 
5049 2602 2701 2603 
5050 2603 2701 2702 
5051 2603 2702 2604 
5052 2604 2702 2703 
5053 2604 2703 2605 
5054 2605 2703 2704 
5055 2605 2704 2606 
5056 2606 2704 2705 
5057 2606 2705 2607 
5058 2607 2705 2706 
5059 2607 2706 2608 
5060 2608 2706 2707 
5061 2608 2707 2609 
5062 2609 2707 2708 
5063 2609 2708 2610 
5064 2610 2708 2709 
5065 2610 2709 2611 
5066 2611 2709 2710 
5067 2611 2710 2612 
5068 2612 2710 2711 
5069 2612 2711 2613 
5070 2613 2711 2712 
5071 2613 2712 2614 
5072 2614 2712 2713 
5073 2614 2713 2615 
5074 2615 2713 2714 
5075 2615 2714 2616 
5076 2616 2714 2715 
5077 2616 2715 2617 
5078 2617 2715 2716 
5079 2617 2716 2618 
5080 2618 2716 2717 
5081 2618 2717 2619 
5082 2619 2717 2718 
5083 2619 2718 2620 
5084 2620 2718 2719 
5085 2620 2719 2621 
5086 2621 2719 2720 
5087 2621 2720 2622 
5088 2622 2720 2721 
5089 2622 2721 2623 
5090 2623 2721 2722 
5091 2623 2722 2624 
5092 2624 2722 2723 
5093 2624 2723 2625 
5094 2625 2723 2724 
5095 2625 2724 2626 
5096 2626 2724 2725 
5097 2626 2725 2627 
5098 2627 2725 2726 
5099 2627 2726 2628 
5100 2628 2726 2727 
5101 2628 2727 2629 
5102 2629 2727 2728 
5103 2629 2728 2630 
5104 2630 2728 2729 
5105 2630 2729 2631 
5106 2631 2729 2730 
5107 2631 2730 2632 
5108 2632 2730 2731 
5109 2632 2731 2633 
5110 2633 2731 2732 
5111 2633 2732 2634 
5112 2634 2732 2733 
5113 2634 2733 2635 
5114 2635 2733 2734 
5115 2635 2734 2636 
5116 2636 2734 2735 
5117 2636 2735 2637 
5118 2637 2735 2736 
5119 2637 2736 2638 
5120 2638 2736 2737 
5121 2638 2737 2639 
5122 2639 2737 2738 
5123 2639 2738 2640 
5124 2640 2738 2739 
5125 2640 2739 2641 
5126 2641 2739 2740 
5127 2641 2740 2642 
5128 2642 2740 2741 
5129 2642 2741 2643 
5130 2643 2741 2742 
5131 2643 2742 2644 
5132 2644 2742 2743 
5133 2644 2743 2645 
5134 2645 2743 2744 
5135 2645 2744 2646 
5136 2646 2744 2745 
5137 2646 2745 2647 
5138 2647 2745 2746 
5139 2647 2746 2648 
5140 2648 2746 2747 
5141 2648 2747 2649 
5142 2649 2747 2748 
5143 2649 2748 2650 
5144 2650 2748 2749 
5145 2650 2749 2651 
5146 2651 2749 2750 
5147 2651 2750 2652 
5148 2652 2750 2751 
5149 2652 2751 2653 
5150 2653 2751 2752 
5151 2653 2752 2654 
5152 2654 2752 2753 
5153 2654 2753 2655 
5154 2655 2753 2754 
5155 2655 2754 2656 
5156 2656 2754 2755 
5157 2656 2755 2657 
5158 2657 2755 2756 
5159 2657 2756 2658 
5160 2658 2756 2757 
5161 2658 2757 2659 
5162 2659 2757 2758 
5163 2659 2758 2660 
5164 2660 2758 2759 
5165 2660 2759 2661 
5166 2661 2759 2760 
5167 2661 2760 2662 
5168 2662 2760 2761 
5169 2662 2761 2663 
5170 2663 2761 2762 
5171 2663 2762 2664 
5172 2664 2762 2763 
5173 2664 2763 2665 
5174 2665 2763 2764 
5175 2665 2764 2666 
5176 2666 2764 2765 
5177 2666 2765 2667 
5178 2667 2765 2766 
5179 2667 2766 2668 
5180 2668 2766 2767 
5181 2668 2767 2669 
5182 2669 2767 2768 
5183 2669 2768 2670 
5184 2670 2768 2769 
5185 2670 2769 2671 
5186 2671 2769 2770 
5187 2671 2770 2672 
5188 2672 2770 2771 
5189 2672 2771 2673 
5190 2673 2771 2772 
5191 2673 2772 2674 
5192 2674 2772 2773 
5193 2674 2773 2675 
5194 2675 2773 2774 
5195 2675 2774 2676 
5196 2676 2774 2775 
5197 2676 2775 2677 
5198 2677 2775 2776 
5199 2677 2776 279 
5200 279 2776 278 
5201 28 29 2678 
5202 2678 29 2777 
5203 2678 2777 2679 
5204 2679 2777 2778 
5205 2679 2778 2680 
5206 2680 2778 2779 
5207 2680 2779 2681 
5208 2681 2779 2780 
5209 2681 2780 2682 
5210 2682 2780 2781 
5211 2682 2781 2683 
5212 2683 2781 2782 
5213 2683 2782 2684 
5214 2684 2782 2783 
5215 2684 2783 2685 
5216 2685 2783 2784 
5217 2685 2784 2686 
5218 2686 2784 2785 
5219 2686 2785 2687 
5220 2687 2785 2786 
5221 2687 2786 2688 
5222 2688 2786 2787 
5223 2688 2787 2689 
5224 2689 2787 2788 
5225 2689 2788 2690 
5226 2690 2788 2789 
5227 2690 2789 2691 
5228 2691 2789 2790 
5229 2691 2790 2692 
5230 2692 2790 2791 
5231 2692 2791 2693 
5232 2693 2791 2792 
5233 2693 2792 2694 
5234 2694 2792 2793 
5235 2694 2793 2695 
5236 2695 2793 2794 
5237 2695 2794 2696 
5238 2696 2794 2795 
5239 2696 2795 2697 
5240 2697 2795 2796 
5241 2697 2796 2698 
5242 2698 2796 2797 
5243 2698 2797 2699 
5244 2699 2797 2798 
5245 2699 2798 2700 
5246 2700 2798 2799 
5247 2700 2799 2701 
5248 2701 2799 2800 
5249 2701 2800 2702 
5250 2702 2800 2801 
5251 2702 2801 2703 
5252 2703 2801 2802 
5253 2703 2802 2704 
5254 2704 2802 2803 
5255 2704 2803 2705 
5256 2705 2803 2804 
5257 2705 2804 2706 
5258 2706 2804 2805 
5259 2706 2805 2707 
5260 2707 2805 2806 
5261 2707 2806 2708 
5262 2708 2806 2807 
5263 2708 2807 2709 
5264 2709 2807 2808 
5265 2709 2808 2710 
5266 2710 2808 2809 
5267 2710 2809 2711 
5268 2711 2809 2810 
5269 2711 2810 2712 
5270 2712 2810 2811 
5271 2712 2811 2713 
5272 2713 2811 2812 
5273 2713 2812 2714 
5274 2714 2812 2813 
5275 2714 2813 2715 
5276 2715 2813 2814 
5277 2715 2814 2716 
5278 2716 2814 2815 
5279 2716 2815 2717 
5280 2717 2815 2816 
5281 2717 2816 2718 
5282 2718 2816 2817 
5283 2718 2817 2719 
5284 2719 2817 2818 
5285 2719 2818 2720 
5286 2720 2818 2819 
5287 2720 2819 2721 
5288 2721 2819 2820 
5289 2721 2820 2722 
5290 2722 2820 2821 
5291 2722 2821 2723 
5292 2723 2821 2822 
5293 2723 2822 2724 
5294 2724 2822 2823 
5295 2724 2823 2725 
5296 2725 2823 2824 
5297 2725 2824 2726 
5298 2726 2824 2825 
5299 2726 2825 2727 
5300 2727 2825 2826 
5301 2727 2826 2728 
5302 2728 2826 2827 
5303 2728 2827 2729 
5304 2729 2827 2828 
5305 2729 2828 2730 
5306 2730 2828 2829 
5307 2730 2829 2731 
5308 2731 2829 2830 
5309 2731 2830 2732 
5310 2732 2830 2831 
5311 2732 2831 2733 
5312 2733 2831 2832 
5313 2733 2832 2734 
5314 2734 2832 2833 
5315 2734 2833 2735 
5316 2735 2833 2834 
5317 2735 2834 2736 
5318 2736 2834 2835 
5319 2736 2835 2737 
5320 2737 2835 2836 
5321 2737 2836 2738 
5322 2738 2836 2837 
5323 2738 2837 2739 
5324 2739 2837 2838 
5325 2739 2838 2740 
5326 2740 2838 2839 
5327 2740 2839 2741 
5328 2741 2839 2840 
5329 2741 2840 2742 
5330 2742 2840 2841 
5331 2742 2841 2743 
5332 2743 2841 2842 
5333 2743 2842 2744 
5334 2744 2842 2843 
5335 2744 2843 2745 
5336 2745 2843 2844 
5337 2745 2844 2746 
5338 2746 2844 2845 
5339 2746 2845 2747 
5340 2747 2845 2846 
5341 2747 2846 2748 
5342 2748 2846 2847 
5343 2748 2847 2749 
5344 2749 2847 2848 
5345 2749 2848 2750 
5346 2750 2848 2849 
5347 2750 2849 2751 
5348 2751 2849 2850 
5349 2751 2850 2752 
5350 2752 2850 2851 
5351 2752 2851 2753 
5352 2753 2851 2852 
5353 2753 2852 2754 
5354 2754 2852 2853 
5355 2754 2853 2755 
5356 2755 2853 2854 
5357 2755 2854 2756 
5358 2756 2854 2855 
5359 2756 2855 2757 
5360 2757 2855 2856 
5361 2757 2856 2758 
5362 2758 2856 2857 
5363 2758 2857 2759 
5364 2759 2857 2858 
5365 2759 2858 2760 
5366 2760 2858 2859 
5367 2760 2859 2761 
5368 2761 2859 2860 
5369 2761 2860 2762 
5370 2762 2860 2861 
5371 2762 2861 2763 
5372 2763 2861 2862 
5373 2763 2862 2764 
5374 2764 2862 2863 
5375 2764 2863 2765 
5376 2765 2863 2864 
5377 2765 2864 2766 
5378 2766 2864 2865 
5379 2766 2865 2767 
5380 2767 2865 2866 
5381 2767 2866 2768 
5382 2768 2866 2867 
5383 2768 2867 2769 
5384 2769 2867 2868 
5385 2769 2868 2770 
5386 2770 2868 2869 
5387 2770 2869 2771 
5388 2771 2869 2870 
5389 2771 2870 2772 
5390 2772 2870 2871 
5391 2772 2871 2773 
5392 2773 2871 2872 
5393 2773 2872 2774 
5394 2774 2872 2873 
5395 2774 2873 2775 
5396 2775 2873 2874 
5397 2775 2874 2776 
5398 2776 2874 2875 
5399 2776 2875 278 
5400 278 2875 277 
5401 29 30 2777 
5402 2777 30 2876 
5403 2777 2876 2778 
5404 2778 2876 2877 
5405 2778 2877 2779 
5406 2779 2877 2878 
5407 2779 2878 2780 
5408 2780 2878 2879 
5409 2780 2879 2781 
5410 2781 2879 2880 
5411 2781 2880 2782 
5412 2782 2880 2881 
5413 2782 2881 2783 
5414 2783 2881 2882 
5415 2783 2882 2784 
5416 2784 2882 2883 
5417 2784 2883 2785 
5418 2785 2883 2884 
5419 2785 2884 2786 
5420 2786 2884 2885 
5421 2786 2885 2787 
5422 2787 2885 2886 
5423 2787 2886 2788 
5424 2788 2886 2887 
5425 2788 2887 2789 
5426 2789 2887 2888 
5427 2789 2888 2790 
5428 2790 2888 2889 
5429 2790 2889 2791 
5430 2791 2889 2890 
5431 2791 2890 2792 
5432 2792 2890 2891 
5433 2792 2891 2793 
5434 2793 2891 2892 
5435 2793 2892 2794 
5436 2794 2892 2893 
5437 2794 2893 2795 
5438 2795 2893 2894 
5439 2795 2894 2796 
5440 2796 2894 2895 
5441 2796 2895 2797 
5442 2797 2895 2896 
5443 2797 2896 2798 
5444 2798 2896 2897 
5445 2798 2897 2799 
5446 2799 2897 2898 
5447 2799 2898 2800 
5448 2800 2898 2899 
5449 2800 2899 2801 
5450 2801 2899 2900 
5451 2801 2900 2802 
5452 2802 2900 2901 
5453 2802 2901 2803 
5454 2803 2901 2902 
5455 2803 2902 2804 
5456 2804 2902 2903 
5457 2804 2903 2805 
5458 2805 2903 2904 
5459 2805 2904 2806 
5460 2806 2904 2905 
5461 2806 2905 2807 
5462 2807 2905 2906 
5463 2807 2906 2808 
5464 2808 2906 2907 
5465 2808 2907 2809 
5466 2809 2907 2908 
5467 2809 2908 2810 
5468 2810 2908 2909 
5469 2810 2909 2811 
5470 2811 2909 2910 
5471 2811 2910 2812 
5472 2812 2910 2911 
5473 2812 2911 2813 
5474 2813 2911 2912 
5475 2813 2912 2814 
5476 2814 2912 2913 
5477 2814 2913 2815 
5478 2815 2913 2914 
5479 2815 2914 2816 
5480 2816 2914 2915 
5481 2816 2915 2817 
5482 2817 2915 2916 
5483 2817 2916 2818 
5484 2818 2916 2917 
5485 2818 2917 2819 
5486 2819 2917 2918 
5487 2819 2918 2820 
5488 2820 2918 2919 
5489 2820 2919 2821 
5490 2821 2919 2920 
5491 2821 2920 2822 
5492 2822 2920 2921 
5493 2822 2921 2823 
5494 2823 2921 2922 
5495 2823 2922 2824 
5496 2824 2922 2923 
5497 2824 2923 2825 
5498 2825 2923 2924 
5499 2825 2924 2826 
5500 2826 2924 2925 
5501 2826 2925 2827 
5502 2827 2925 2926 
5503 2827 2926 2828 
5504 2828 2926 2927 
5505 2828 2927 2829 
5506 2829 2927 2928 
5507 2829 2928 2830 
5508 2830 2928 2929 
5509 2830 2929 2831 
5510 2831 2929 2930 
5511 2831 2930 2832 
5512 2832 2930 2931 
5513 2832 2931 2833 
5514 2833 2931 2932 
5515 2833 2932 2834 
5516 2834 2932 2933 
5517 2834 2933 2835 
5518 2835 2933 2934 
5519 2835 2934 2836 
5520 2836 2934 2935 
5521 2836 2935 2837 
5522 2837 2935 2936 
5523 2837 2936 2838 
5524 2838 2936 2937 
5525 2838 2937 2839 
5526 2839 2937 2938 
5527 2839 2938 2840 
5528 2840 2938 2939 
5529 2840 2939 2841 
5530 2841 2939 2940 
5531 2841 2940 2842 
5532 2842 2940 2941 
5533 2842 2941 2843 
5534 2843 2941 2942 
5535 2843 2942 2844 
5536 2844 2942 2943 
5537 2844 2943 2845 
5538 2845 2943 2944 
5539 2845 2944 2846 
5540 2846 2944 2945 
5541 2846 2945 2847 
5542 2847 2945 2946 
5543 2847 2946 2848 
5544 2848 2946 2947 
5545 2848 2947 2849 
5546 2849 2947 2948 
5547 2849 2948 2850 
5548 2850 2948 2949 
5549 2850 2949 2851 
5550 2851 2949 2950 
5551 2851 2950 2852 
5552 2852 2950 2951 
5553 2852 2951 2853 
5554 2853 2951 2952 
5555 2853 2952 2854 
5556 2854 2952 2953 
5557 2854 2953 2855 
5558 2855 2953 2954 
5559 2855 2954 2856 
5560 2856 2954 2955 
5561 2856 2955 2857 
5562 2857 2955 2956 
5563 2857 2956 2858 
5564 2858 2956 2957 
5565 2858 2957 2859 
5566 2859 2957 2958 
5567 2859 2958 2860 
5568 2860 2958 2959 
5569 2860 2959 2861 
5570 2861 2959 2960 
5571 2861 2960 2862 
5572 2862 2960 2961 
5573 2862 2961 2863 
5574 2863 2961 2962 
5575 2863 2962 2864 
5576 2864 2962 2963 
5577 2864 2963 2865 
5578 2865 2963 2964 
5579 2865 2964 2866 
5580 2866 2964 2965 
5581 2866 2965 2867 
5582 2867 2965 2966 
5583 2867 2966 2868 
5584 2868 2966 2967 
5585 2868 2967 2869 
5586 2869 2967 2968 
5587 2869 2968 2870 
5588 2870 2968 2969 
5589 2870 2969 2871 
5590 2871 2969 2970 
5591 2871 2970 2872 
5592 2872 2970 2971 
5593 2872 2971 2873 
5594 2873 2971 2972 
5595 2873 2972 2874 
5596 2874 2972 2973 
5597 2874 2973 2875 
5598 2875 2973 2974 
5599 2875 2974 277 
5600 277 2974 276 
5601 30 31 2876 
5602 2876 31 2975 
5603 2876 2975 2877 
5604 2877 2975 2976 
5605 2877 2976 2878 
5606 2878 2976 2977 
5607 2878 2977 2879 
5608 2879 2977 2978 
5609 2879 2978 2880 
5610 2880 2978 2979 
5611 2880 2979 2881 
5612 2881 2979 2980 
5613 2881 2980 2882 
5614 2882 2980 2981 
5615 2882 2981 2883 
5616 2883 2981 2982 
5617 2883 2982 2884 
5618 2884 2982 2983 
5619 2884 2983 2885 
5620 2885 2983 2984 
5621 2885 2984 2886 
5622 2886 2984 2985 
5623 2886 2985 2887 
5624 2887 2985 2986 
5625 2887 2986 2888 
5626 2888 2986 2987 
5627 2888 2987 2889 
5628 2889 2987 2988 
5629 2889 2988 2890 
5630 2890 2988 2989 
5631 2890 2989 2891 
5632 2891 2989 2990 
5633 2891 2990 2892 
5634 2892 2990 2991 
5635 2892 2991 2893 
5636 2893 2991 2992 
5637 2893 2992 2894 
5638 2894 2992 2993 
5639 2894 2993 2895 
5640 2895 2993 2994 
5641 2895 2994 2896 
5642 2896 2994 2995 
5643 2896 2995 2897 
5644 2897 2995 2996 
5645 2897 2996 2898 
5646 2898 2996 2997 
5647 2898 2997 2899 
5648 2899 2997 2998 
5649 2899 2998 2900 
5650 2900 2998 2999 
5651 2900 2999 2901 
5652 2901 2999 3000 
5653 2901 3000 2902 
5654 2902 3000 3001 
5655 2902 3001 2903 
5656 2903 3001 3002 
5657 2903 3002 2904 
5658 2904 3002 3003 
5659 2904 3003 2905 
5660 2905 3003 3004 
5661 2905 3004 2906 
5662 2906 3004 3005 
5663 2906 3005 2907 
5664 2907 3005 3006 
5665 2907 3006 2908 
5666 2908 3006 3007 
5667 2908 3007 2909 
5668 2909 3007 3008 
5669 2909 3008 2910 
5670 2910 3008 3009 
5671 2910 3009 2911 
5672 2911 3009 3010 
5673 2911 3010 2912 
5674 2912 3010 3011 
5675 2912 3011 2913 
5676 2913 3011 3012 
5677 2913 3012 2914 
5678 2914 3012 3013 
5679 2914 3013 2915 
5680 2915 3013 3014 
5681 2915 3014 2916 
5682 2916 3014 3015 
5683 2916 3015 2917 
5684 2917 3015 3016 
5685 2917 3016 2918 
5686 2918 3016 3017 
5687 2918 3017 2919 
5688 2919 3017 3018 
5689 2919 3018 2920 
5690 2920 3018 3019 
5691 2920 3019 2921 
5692 2921 3019 3020 
5693 2921 3020 2922 
5694 2922 3020 3021 
5695 2922 3021 2923 
5696 2923 3021 3022 
5697 2923 3022 2924 
5698 2924 3022 3023 
5699 2924 3023 2925 
5700 2925 3023 3024 
5701 2925 3024 2926 
5702 2926 3024 3025 
5703 2926 3025 2927 
5704 2927 3025 3026 
5705 2927 3026 2928 
5706 2928 3026 3027 
5707 2928 3027 2929 
5708 2929 3027 3028 
5709 2929 3028 2930 
5710 2930 3028 3029 
5711 2930 3029 2931 
5712 2931 3029 3030 
5713 2931 3030 2932 
5714 2932 3030 3031 
5715 2932 3031 2933 
5716 2933 3031 3032 
5717 2933 3032 2934 
5718 2934 3032 3033 
5719 2934 3033 2935 
5720 2935 3033 3034 
5721 2935 3034 2936 
5722 2936 3034 3035 
5723 2936 3035 2937 
5724 2937 3035 3036 
5725 2937 3036 2938 
5726 2938 3036 3037 
5727 2938 3037 2939 
5728 2939 3037 3038 
5729 2939 3038 2940 
5730 2940 3038 3039 
5731 2940 3039 2941 
5732 2941 3039 3040 
5733 2941 3040 2942 
5734 2942 3040 3041 
5735 2942 3041 2943 
5736 2943 3041 3042 
5737 2943 3042 2944 
5738 2944 3042 3043 
5739 2944 3043 2945 
5740 2945 3043 3044 
5741 2945 3044 2946 
5742 2946 3044 3045 
5743 2946 3045 2947 
5744 2947 3045 3046 
5745 2947 3046 2948 
5746 2948 3046 3047 
5747 2948 3047 2949 
5748 2949 3047 3048 
5749 2949 3048 2950 
5750 2950 3048 3049 
5751 2950 3049 2951 
5752 2951 3049 3050 
5753 2951 3050 2952 
5754 2952 3050 3051 
5755 2952 3051 2953 
5756 2953 3051 3052 
5757 2953 3052 2954 
5758 2954 3052 3053 
5759 2954 3053 2955 
5760 2955 3053 3054 
5761 2955 3054 2956 
5762 2956 3054 3055 
5763 2956 3055 2957 
5764 2957 3055 3056 
5765 2957 3056 2958 
5766 2958 3056 3057 
5767 2958 3057 2959 
5768 2959 3057 3058 
5769 2959 3058 2960 
5770 2960 3058 3059 
5771 2960 3059 2961 
5772 2961 3059 3060 
5773 2961 3060 2962 
5774 2962 3060 3061 
5775 2962 3061 2963 
5776 2963 3061 3062 
5777 2963 3062 2964 
5778 2964 3062 3063 
5779 2964 3063 2965 
5780 2965 3063 3064 
5781 2965 3064 2966 
5782 2966 3064 3065 
5783 2966 3065 2967 
5784 2967 3065 3066 
5785 2967 3066 2968 
5786 2968 3066 3067 
5787 2968 3067 2969 
5788 2969 3067 3068 
5789 2969 3068 2970 
5790 2970 3068 3069 
5791 2970 3069 2971 
5792 2971 3069 3070 
5793 2971 3070 2972 
5794 2972 3070 3071 
5795 2972 3071 2973 
5796 2973 3071 3072 
5797 2973 3072 2974 
5798 2974 3072 3073 
5799 2974 3073 276 
5800 276 3073 275 
5801 31 32 2975 
5802 2975 32 3074 
5803 2975 3074 2976 
5804 2976 3074 3075 
5805 2976 3075 2977 
5806 2977 3075 3076 
5807 2977 3076 2978 
5808 2978 3076 3077 
5809 2978 3077 2979 
5810 2979 3077 3078 
5811 2979 3078 2980 
5812 2980 3078 3079 
5813 2980 3079 2981 
5814 2981 3079 3080 
5815 2981 3080 2982 
5816 2982 3080 3081 
5817 2982 3081 2983 
5818 2983 3081 3082 
5819 2983 3082 2984 
5820 2984 3082 3083 
5821 2984 3083 2985 
5822 2985 3083 3084 
5823 2985 3084 2986 
5824 2986 3084 3085 
5825 2986 3085 2987 
5826 2987 3085 3086 
5827 2987 3086 2988 
5828 2988 3086 3087 
5829 2988 3087 2989 
5830 2989 3087 3088 
5831 2989 3088 2990 
5832 2990 3088 3089 
5833 2990 3089 2991 
5834 2991 3089 3090 
5835 2991 3090 2992 
5836 2992 3090 3091 
5837 2992 3091 2993 
5838 2993 3091 3092 
5839 2993 3092 2994 
5840 2994 3092 3093 
5841 2994 3093 2995 
5842 2995 3093 3094 
5843 2995 3094 2996 
5844 2996 3094 3095 
5845 2996 3095 2997 
5846 2997 3095 3096 
5847 2997 3096 2998 
5848 2998 3096 3097 
5849 2998 3097 2999 
5850 2999 3097 3098 
5851 2999 3098 3000 
5852 3000 3098 3099 
5853 3000 3099 3001 
5854 3001 3099 3100 
5855 3001 3100 3002 
5856 3002 3100 3101 
5857 3002 3101 3003 
5858 3003 3101 3102 
5859 3003 3102 3004 
5860 3004 3102 3103 
5861 3004 3103 3005 
5862 3005 3103 3104 
5863 3005 3104 3006 
5864 3006 3104 3105 
5865 3006 3105 3007 
5866 3007 3105 3106 
5867 3007 3106 3008 
5868 3008 3106 3107 
5869 3008 3107 3009 
5870 3009 3107 3108 
5871 3009 3108 3010 
5872 3010 3108 3109 
5873 3010 3109 3011 
5874 3011 3109 3110 
5875 3011 3110 3012 
5876 3012 3110 3111 
5877 3012 3111 3013 
5878 3013 3111 3112 
5879 3013 3112 3014 
5880 3014 3112 3113 
5881 3014 3113 3015 
5882 3015 3113 3114 
5883 3015 3114 3016 
5884 3016 3114 3115 
5885 3016 3115 3017 
5886 3017 3115 3116 
5887 3017 3116 3018 
5888 3018 3116 3117 
5889 3018 3117 3019 
5890 3019 3117 3118 
5891 3019 3118 3020 
5892 3020 3118 3119 
5893 3020 3119 3021 
5894 3021 3119 3120 
5895 3021 3120 3022 
5896 3022 3120 3121 
5897 3022 3121 3023 
5898 3023 3121 3122 
5899 3023 3122 3024 
5900 3024 3122 3123 
5901 3024 3123 3025 
5902 3025 3123 3124 
5903 3025 3124 3026 
5904 3026 3124 3125 
5905 3026 3125 3027 
5906 3027 3125 3126 
5907 3027 3126 3028 
5908 3028 3126 3127 
5909 3028 3127 3029 
5910 3029 3127 3128 
5911 3029 3128 3030 
5912 3030 3128 3129 
5913 3030 3129 3031 
5914 3031 3129 3130 
5915 3031 3130 3032 
5916 3032 3130 3131 
5917 3032 3131 3033 
5918 3033 3131 3132 
5919 3033 3132 3034 
5920 3034 3132 3133 
5921 3034 3133 3035 
5922 3035 3133 3134 
5923 3035 3134 3036 
5924 3036 3134 3135 
5925 3036 3135 3037 
5926 3037 3135 3136 
5927 3037 3136 3038 
5928 3038 3136 3137 
5929 3038 3137 3039 
5930 3039 3137 3138 
5931 3039 3138 3040 
5932 3040 3138 3139 
5933 3040 3139 3041 
5934 3041 3139 3140 
5935 3041 3140 3042 
5936 3042 3140 3141 
5937 3042 3141 3043 
5938 3043 3141 3142 
5939 3043 3142 3044 
5940 3044 3142 3143 
5941 3044 3143 3045 
5942 3045 3143 3144 
5943 3045 3144 3046 
5944 3046 3144 3145 
5945 3046 3145 3047 
5946 3047 3145 3146 
5947 3047 3146 3048 
5948 3048 3146 3147 
5949 3048 3147 3049 
5950 3049 3147 3148 
5951 3049 3148 3050 
5952 3050 3148 3149 
5953 3050 3149 3051 
5954 3051 3149 3150 
5955 3051 3150 3052 
5956 3052 3150 3151 
5957 3052 3151 3053 
5958 3053 3151 3152 
5959 3053 3152 3054 
5960 3054 3152 3153 
5961 3054 3153 3055 
5962 3055 3153 3154 
5963 3055 3154 3056 
5964 3056 3154 3155 
5965 3056 3155 3057 
5966 3057 3155 3156 
5967 3057 3156 3058 
5968 3058 3156 3157 
5969 3058 3157 3059 
5970 3059 3157 3158 
5971 3059 3158 3060 
5972 3060 3158 3159 
5973 3060 3159 3061 
5974 3061 3159 3160 
5975 3061 3160 3062 
5976 3062 3160 3161 
5977 3062 3161 3063 
5978 3063 3161 3162 
5979 3063 3162 3064 
5980 3064 3162 3163 
5981 3064 3163 3065 
5982 3065 3163 3164 
5983 3065 3164 3066 
5984 3066 3164 3165 
5985 3066 3165 3067 
5986 3067 3165 3166 
5987 3067 3166 3068 
5988 3068 3166 3167 
5989 3068 3167 3069 
5990 3069 3167 3168 
5991 3069 3168 3070 
5992 3070 3168 3169 
5993 3070 3169 3071 
5994 3071 3169 3170 
5995 3071 3170 3072 
5996 3072 3170 3171 
5997 3072 3171 3073 
5998 3073 3171 3172 
5999 3073 3172 275 
6000 275 3172 274 
6001 32 33 3074 
6002 3074 33 3173 
6003 3074 3173 3075 
6004 3075 3173 3174 
6005 3075 3174 3076 
6006 3076 3174 3175 
6007 3076 3175 3077 
6008 3077 3175 3176 
6009 3077 3176 3078 
6010 3078 3176 3177 
6011 3078 3177 3079 
6012 3079 3177 3178 
6013 3079 3178 3080 
6014 3080 3178 3179 
6015 3080 3179 3081 
6016 3081 3179 3180 
6017 3081 3180 3082 
6018 3082 3180 3181 
6019 3082 3181 3083 
6020 3083 3181 3182 
6021 3083 3182 3084 
6022 3084 3182 3183 
6023 3084 3183 3085 
6024 3085 3183 3184 
6025 3085 3184 3086 
6026 3086 3184 3185 
6027 3086 3185 3087 
6028 3087 3185 3186 
6029 3087 3186 3088 
6030 3088 3186 3187 
6031 3088 3187 3089 
6032 3089 3187 3188 
6033 3089 3188 3090 
6034 3090 3188 3189 
6035 3090 3189 3091 
6036 3091 3189 3190 
6037 3091 3190 3092 
6038 3092 3190 3191 
6039 3092 3191 3093 
6040 3093 3191 3192 
6041 3093 3192 3094 
6042 3094 3192 3193 
6043 3094 3193 3095 
6044 3095 3193 3194 
6045 3095 3194 3096 
6046 3096 3194 3195 
6047 3096 3195 3097 
6048 3097 3195 3196 
6049 3097 3196 3098 
6050 3098 3196 3197 
6051 3098 3197 3099 
6052 3099 3197 3198 
6053 3099 3198 3100 
6054 3100 3198 3199 
6055 3100 3199 3101 
6056 3101 3199 3200 
6057 3101 3200 3102 
6058 3102 3200 3201 
6059 3102 3201 3103 
6060 3103 3201 3202 
6061 3103 3202 3104 
6062 3104 3202 3203 
6063 3104 3203 3105 
6064 3105 3203 3204 
6065 3105 3204 3106 
6066 3106 3204 3205 
6067 3106 3205 3107 
6068 3107 3205 3206 
6069 3107 3206 3108 
6070 3108 3206 3207 
6071 3108 3207 3109 
6072 3109 3207 3208 
6073 3109 3208 3110 
6074 3110 3208 3209 
6075 3110 3209 3111 
6076 3111 3209 3210 
6077 3111 3210 3112 
6078 3112 3210 3211 
6079 3112 3211 3113 
6080 3113 3211 3212 
6081 3113 3212 3114 
6082 3114 3212 3213 
6083 3114 3213 3115 
6084 3115 3213 3214 
6085 3115 3214 3116 
6086 3116 3214 3215 
6087 3116 3215 3117 
6088 3117 3215 3216 
6089 3117 3216 3118 
6090 3118 3216 3217 
6091 3118 3217 3119 
6092 3119 3217 3218 
6093 3119 3218 3120 
6094 3120 3218 3219 
6095 3120 3219 3121 
6096 3121 3219 3220 
6097 3121 3220 3122 
6098 3122 3220 3221 
6099 3122 3221 3123 
6100 3123 3221 3222 
6101 3123 3222 3124 
6102 3124 3222 3223 
6103 3124 3223 3125 
6104 3125 3223 3224 
6105 3125 3224 3126 
6106 3126 3224 3225 
6107 3126 3225 3127 
6108 3127 3225 3226 
6109 3127 3226 3128 
6110 3128 3226 3227 
6111 3128 3227 3129 
6112 3129 3227 3228 
6113 3129 3228 3130 
6114 3130 3228 3229 
6115 3130 3229 3131 
6116 3131 3229 3230 
6117 3131 3230 3132 
6118 3132 3230 3231 
6119 3132 3231 3133 
6120 3133 3231 3232 
6121 3133 3232 3134 
6122 3134 3232 3233 
6123 3134 3233 3135 
6124 3135 3233 3234 
6125 3135 3234 3136 
6126 3136 3234 3235 
6127 3136 3235 3137 
6128 3137 3235 3236 
6129 3137 3236 3138 
6130 3138 3236 3237 
6131 3138 3237 3139 
6132 3139 3237 3238 
6133 3139 3238 3140 
6134 3140 3238 3239 
6135 3140 3239 3141 
6136 3141 3239 3240 
6137 3141 3240 3142 
6138 3142 3240 3241 
6139 3142 3241 3143 
6140 3143 3241 3242 
6141 3143 3242 3144 
6142 3144 3242 3243 
6143 3144 3243 3145 
6144 3145 3243 3244 
6145 3145 3244 3146 
6146 3146 3244 3245 
6147 3146 3245 3147 
6148 3147 3245 3246 
6149 3147 3246 3148 
6150 3148 3246 3247 
6151 3148 3247 3149 
6152 3149 3247 3248 
6153 3149 3248 3150 
6154 3150 3248 3249 
6155 3150 3249 3151 
6156 3151 3249 3250 
6157 3151 3250 3152 
6158 3152 3250 3251 
6159 3152 3251 3153 
6160 3153 3251 3252 
6161 3153 3252 3154 
6162 3154 3252 3253 
6163 3154 3253 3155 
6164 3155 3253 3254 
6165 3155 3254 3156 
6166 3156 3254 3255 
6167 3156 3255 3157 
6168 3157 3255 3256 
6169 3157 3256 3158 
6170 3158 3256 3257 
6171 3158 3257 3159 
6172 3159 3257 3258 
6173 3159 3258 3160 
6174 3160 3258 3259 
6175 3160 3259 3161 
6176 3161 3259 3260 
6177 3161 3260 3162 
6178 3162 3260 3261 
6179 3162 3261 3163 
6180 3163 3261 3262 
6181 3163 3262 3164 
6182 3164 3262 3263 
6183 3164 3263 3165 
6184 3165 3263 3264 
6185 3165 3264 3166 
6186 3166 3264 3265 
6187 3166 3265 3167 
6188 3167 3265 3266 
6189 3167 3266 3168 
6190 3168 3266 3267 
6191 3168 3267 3169 
6192 3169 3267 3268 
6193 3169 3268 3170 
6194 3170 3268 3269 
6195 3170 3269 3171 
6196 3171 3269 3270 
6197 3171 3270 3172 
6198 3172 3270 3271 
6199 3172 3271 274 
6200 274 3271 273 
6201 33 34 3173 
6202 3173 34 3272 
6203 3173 3272 3174 
6204 3174 3272 3273 
6205 3174 3273 3175 
6206 3175 3273 3274 
6207 3175 3274 3176 
6208 3176 3274 3275 
6209 3176 3275 3177 
6210 3177 3275 3276 
6211 3177 3276 3178 
6212 3178 3276 3277 
6213 3178 3277 3179 
6214 3179 3277 3278 
6215 3179 3278 3180 
6216 3180 3278 3279 
6217 3180 3279 3181 
6218 3181 3279 3280 
6219 3181 3280 3182 
6220 3182 3280 3281 
6221 3182 3281 3183 
6222 3183 3281 3282 
6223 3183 3282 3184 
6224 3184 3282 3283 
6225 3184 3283 3185 
6226 3185 3283 3284 
6227 3185 3284 3186 
6228 3186 3284 3285 
6229 3186 3285 3187 
6230 3187 3285 3286 
6231 3187 3286 3188 
6232 3188 3286 3287 
6233 3188 3287 3189 
6234 3189 3287 3288 
6235 3189 3288 3190 
6236 3190 3288 3289 
6237 3190 3289 3191 
6238 3191 3289 3290 
6239 3191 3290 3192 
6240 3192 3290 3291 
6241 3192 3291 3193 
6242 3193 3291 3292 
6243 3193 3292 3194 
6244 3194 3292 3293 
6245 3194 3293 3195 
6246 3195 3293 3294 
6247 3195 3294 3196 
6248 3196 3294 3295 
6249 3196 3295 3197 
6250 3197 3295 3296 
6251 3197 3296 3198 
6252 3198 3296 3297 
6253 3198 3297 3199 
6254 3199 3297 3298 
6255 3199 3298 3200 
6256 3200 3298 3299 
6257 3200 3299 3201 
6258 3201 3299 3300 
6259 3201 3300 3202 
6260 3202 3300 3301 
6261 3202 3301 3203 
6262 3203 3301 3302 
6263 3203 3302 3204 
6264 3204 3302 3303 
6265 3204 3303 3205 
6266 3205 3303 3304 
6267 3205 3304 3206 
6268 3206 3304 3305 
6269 3206 3305 3207 
6270 3207 3305 3306 
6271 3207 3306 3208 
6272 3208 3306 3307 
6273 3208 3307 3209 
6274 3209 3307 3308 
6275 3209 3308 3210 
6276 3210 3308 3309 
6277 3210 3309 3211 
6278 3211 3309 3310 
6279 3211 3310 3212 
6280 3212 3310 3311 
6281 3212 3311 3213 
6282 3213 3311 3312 
6283 3213 3312 3214 
6284 3214 3312 3313 
6285 3214 3313 3215 
6286 3215 3313 3314 
6287 3215 3314 3216 
6288 3216 3314 3315 
6289 3216 3315 3217 
6290 3217 3315 3316 
6291 3217 3316 3218 
6292 3218 3316 3317 
6293 3218 3317 3219 
6294 3219 3317 3318 
6295 3219 3318 3220 
6296 3220 3318 3319 
6297 3220 3319 3221 
6298 3221 3319 3320 
6299 3221 3320 3222 
6300 3222 3320 3321 
6301 3222 3321 3223 
6302 3223 3321 3322 
6303 3223 3322 3224 
6304 3224 3322 3323 
6305 3224 3323 3225 
6306 3225 3323 3324 
6307 3225 3324 3226 
6308 3226 3324 3325 
6309 3226 3325 3227 
6310 3227 3325 3326 
6311 3227 3326 3228 
6312 3228 3326 3327 
6313 3228 3327 3229 
6314 3229 3327 3328 
6315 3229 3328 3230 
6316 3230 3328 3329 
6317 3230 3329 3231 
6318 3231 3329 3330 
6319 3231 3330 3232 
6320 3232 3330 3331 
6321 3232 3331 3233 
6322 3233 3331 3332 
6323 3233 3332 3234 
6324 3234 3332 3333 
6325 3234 3333 3235 
6326 3235 3333 3334 
6327 3235 3334 3236 
6328 3236 3334 3335 
6329 3236 3335 3237 
6330 3237 3335 3336 
6331 3237 3336 3238 
6332 3238 3336 3337 
6333 3238 3337 3239 
6334 3239 3337 3338 
6335 3239 3338 3240 
6336 3240 3338 3339 
6337 3240 3339 3241 
6338 3241 3339 3340 
6339 3241 3340 3242 
6340 3242 3340 3341 
6341 3242 3341 3243 
6342 3243 3341 3342 
6343 3243 3342 3244 
6344 3244 3342 3343 
6345 3244 3343 3245 
6346 3245 3343 3344 
6347 3245 3344 3246 
6348 3246 3344 3345 
6349 3246 3345 3247 
6350 3247 3345 3346 
6351 3247 3346 3248 
6352 3248 3346 3347 
6353 3248 3347 3249 
6354 3249 3347 3348 
6355 3249 3348 3250 
6356 3250 3348 3349 
6357 3250 3349 3251 
6358 3251 3349 3350 
6359 3251 3350 3252 
6360 3252 3350 3351 
6361 3252 3351 3253 
6362 3253 3351 3352 
6363 3253 3352 3254 
6364 3254 3352 3353 
6365 3254 3353 3255 
6366 3255 3353 3354 
6367 3255 3354 3256 
6368 3256 3354 3355 
6369 3256 3355 3257 
6370 3257 3355 3356 
6371 3257 3356 3258 
6372 3258 3356 3357 
6373 3258 3357 3259 
6374 3259 3357 3358 
6375 3259 3358 3260 
6376 3260 3358 3359 
6377 3260 3359 3261 
6378 3261 3359 3360 
6379 3261 3360 3262 
6380 3262 3360 3361 
6381 3262 3361 3263 
6382 3263 3361 3362 
6383 3263 3362 3264 
6384 3264 3362 3363 
6385 3264 3363 3265 
6386 3265 3363 3364 
6387 3265 3364 3266 
6388 3266 3364 3365 
6389 3266 3365 3267 
6390 3267 3365 3366 
6391 3267 3366 3268 
6392 3268 3366 3367 
6393 3268 3367 3269 
6394 3269 3367 3368 
6395 3269 3368 3270 
6396 3270 3368 3369 
6397 3270 3369 3271 
6398 3271 3369 3370 
6399 3271 3370 273 
6400 273 3370 272 
6401 34 35 3272 
6402 3272 35 3371 
6403 3272 3371 3273 
6404 3273 3371 3372 
6405 3273 3372 3274 
6406 3274 3372 3373 
6407 3274 3373 3275 
6408 3275 3373 3374 
6409 3275 3374 3276 
6410 3276 3374 3375 
6411 3276 3375 3277 
6412 3277 3375 3376 
6413 3277 3376 3278 
6414 3278 3376 3377 
6415 3278 3377 3279 
6416 3279 3377 3378 
6417 3279 3378 3280 
6418 3280 3378 3379 
6419 3280 3379 3281 
6420 3281 3379 3380 
6421 3281 3380 3282 
6422 3282 3380 3381 
6423 3282 3381 3283 
6424 3283 3381 3382 
6425 3283 3382 3284 
6426 3284 3382 3383 
6427 3284 3383 3285 
6428 3285 3383 3384 
6429 3285 3384 3286 
6430 3286 3384 3385 
6431 3286 3385 3287 
6432 3287 3385 3386 
6433 3287 3386 3288 
6434 3288 3386 3387 
6435 3288 3387 3289 
6436 3289 3387 3388 
6437 3289 3388 3290 
6438 3290 3388 3389 
6439 3290 3389 3291 
6440 3291 3389 3390 
6441 3291 3390 3292 
6442 3292 3390 3391 
6443 3292 3391 3293 
6444 3293 3391 3392 
6445 3293 3392 3294 
6446 3294 3392 3393 
6447 3294 3393 3295 
6448 3295 3393 3394 
6449 3295 3394 3296 
6450 3296 3394 3395 
6451 3296 3395 3297 
6452 3297 3395 3396 
6453 3297 3396 3298 
6454 3298 3396 3397 
6455 3298 3397 3299 
6456 3299 3397 3398 
6457 3299 3398 3300 
6458 3300 3398 3399 
6459 3300 3399 3301 
6460 3301 3399 3400 
6461 3301 3400 3302 
6462 3302 3400 3401 
6463 3302 3401 3303 
6464 3303 3401 3402 
6465 3303 3402 3304 
6466 3304 3402 3403 
6467 3304 3403 3305 
6468 3305 3403 3404 
6469 3305 3404 3306 
6470 3306 3404 3405 
6471 3306 3405 3307 
6472 3307 3405 3406 
6473 3307 3406 3308 
6474 3308 3406 3407 
6475 3308 3407 3309 
6476 3309 3407 3408 
6477 3309 3408 3310 
6478 3310 3408 3409 
6479 3310 3409 3311 
6480 3311 3409 3410 
6481 3311 3410 3312 
6482 3312 3410 3411 
6483 3312 3411 3313 
6484 3313 3411 3412 
6485 3313 3412 3314 
6486 3314 3412 3413 
6487 3314 3413 3315 
6488 3315 3413 3414 
6489 3315 3414 3316 
6490 3316 3414 3415 
6491 3316 3415 3317 
6492 3317 3415 3416 
6493 3317 3416 3318 
6494 3318 3416 3417 
6495 3318 3417 3319 
6496 3319 3417 3418 
6497 3319 3418 3320 
6498 3320 3418 3419 
6499 3320 3419 3321 
6500 3321 3419 3420 
6501 3321 3420 3322 
6502 3322 3420 3421 
6503 3322 3421 3323 
6504 3323 3421 3422 
6505 3323 3422 3324 
6506 3324 3422 3423 
6507 3324 3423 3325 
6508 3325 3423 3424 
6509 3325 3424 3326 
6510 3326 3424 3425 
6511 3326 3425 3327 
6512 3327 3425 3426 
6513 3327 3426 3328 
6514 3328 3426 3427 
6515 3328 3427 3329 
6516 3329 3427 3428 
6517 3329 3428 3330 
6518 3330 3428 3429 
6519 3330 3429 3331 
6520 3331 3429 3430 
6521 3331 3430 3332 
6522 3332 3430 3431 
6523 3332 3431 3333 
6524 3333 3431 3432 
6525 3333 3432 3334 
6526 3334 3432 3433 
6527 3334 3433 3335 
6528 3335 3433 3434 
6529 3335 3434 3336 
6530 3336 3434 3435 
6531 3336 3435 3337 
6532 3337 3435 3436 
6533 3337 3436 3338 
6534 3338 3436 3437 
6535 3338 3437 3339 
6536 3339 3437 3438 
6537 3339 3438 3340 
6538 3340 3438 3439 
6539 3340 3439 3341 
6540 3341 3439 3440 
6541 3341 3440 3342 
6542 3342 3440 3441 
6543 3342 3441 3343 
6544 3343 3441 3442 
6545 3343 3442 3344 
6546 3344 3442 3443 
6547 3344 3443 3345 
6548 3345 3443 3444 
6549 3345 3444 3346 
6550 3346 3444 3445 
6551 3346 3445 3347 
6552 3347 3445 3446 
6553 3347 3446 3348 
6554 3348 3446 3447 
6555 3348 3447 3349 
6556 3349 3447 3448 
6557 3349 3448 3350 
6558 3350 3448 3449 
6559 3350 3449 3351 
6560 3351 3449 3450 
6561 3351 3450 3352 
6562 3352 3450 3451 
6563 3352 3451 3353 
6564 3353 3451 3452 
6565 3353 3452 3354 
6566 3354 3452 3453 
6567 3354 3453 3355 
6568 3355 3453 3454 
6569 3355 3454 3356 
6570 3356 3454 3455 
6571 3356 3455 3357 
6572 3357 3455 3456 
6573 3357 3456 3358 
6574 3358 3456 3457 
6575 3358 3457 3359 
6576 3359 3457 3458 
6577 3359 3458 3360 
6578 3360 3458 3459 
6579 3360 3459 3361 
6580 3361 3459 3460 
6581 3361 3460 3362 
6582 3362 3460 3461 
6583 3362 3461 3363 
6584 3363 3461 3462 
6585 3363 3462 3364 
6586 3364 3462 3463 
6587 3364 3463 3365 
6588 3365 3463 3464 
6589 3365 3464 3366 
6590 3366 3464 3465 
6591 3366 3465 3367 
6592 3367 3465 3466 
6593 3367 3466 3368 
6594 3368 3466 3467 
6595 3368 3467 3369 
6596 3369 3467 3468 
6597 3369 3468 3370 
6598 3370 3468 3469 
6599 3370 3469 272 
6600 272 3469 271 
6601 35 36 3371 
6602 3371 36 3470 
6603 3371 3470 3372 
6604 3372 3470 3471 
6605 3372 3471 3373 
6606 3373 3471 3472 
6607 3373 3472 3374 
6608 3374 3472 3473 
6609 3374 3473 3375 
6610 3375 3473 3474 
6611 3375 3474 3376 
6612 3376 3474 3475 
6613 3376 3475 3377 
6614 3377 3475 3476 
6615 3377 3476 3378 
6616 3378 3476 3477 
6617 3378 3477 3379 
6618 3379 3477 3478 
6619 3379 3478 3380 
6620 3380 3478 3479 
6621 3380 3479 3381 
6622 3381 3479 3480 
6623 3381 3480 3382 
6624 3382 3480 3481 
6625 3382 3481 3383 
6626 3383 3481 3482 
6627 3383 3482 3384 
6628 3384 3482 3483 
6629 3384 3483 3385 
6630 3385 3483 3484 
6631 3385 3484 3386 
6632 3386 3484 3485 
6633 3386 3485 3387 
6634 3387 3485 3486 
6635 3387 3486 3388 
6636 3388 3486 3487 
6637 3388 3487 3389 
6638 3389 3487 3488 
6639 3389 3488 3390 
6640 3390 3488 3489 
6641 3390 3489 3391 
6642 3391 3489 3490 
6643 3391 3490 3392 
6644 3392 3490 3491 
6645 3392 3491 3393 
6646 3393 3491 3492 
6647 3393 3492 3394 
6648 3394 3492 3493 
6649 3394 3493 3395 
6650 3395 3493 3494 
6651 3395 3494 3396 
6652 3396 3494 3495 
6653 3396 3495 3397 
6654 3397 3495 3496 
6655 3397 3496 3398 
6656 3398 3496 3497 
6657 3398 3497 3399 
6658 3399 3497 3498 
6659 3399 3498 3400 
6660 3400 3498 3499 
6661 3400 3499 3401 
6662 3401 3499 3500 
6663 3401 3500 3402 
6664 3402 3500 3501 
6665 3402 3501 3403 
6666 3403 3501 3502 
6667 3403 3502 3404 
6668 3404 3502 3503 
6669 3404 3503 3405 
6670 3405 3503 3504 
6671 3405 3504 3406 
6672 3406 3504 3505 
6673 3406 3505 3407 
6674 3407 3505 3506 
6675 3407 3506 3408 
6676 3408 3506 3507 
6677 3408 3507 3409 
6678 3409 3507 3508 
6679 3409 3508 3410 
6680 3410 3508 3509 
6681 3410 3509 3411 
6682 3411 3509 3510 
6683 3411 3510 3412 
6684 3412 3510 3511 
6685 3412 3511 3413 
6686 3413 3511 3512 
6687 3413 3512 3414 
6688 3414 3512 3513 
6689 3414 3513 3415 
6690 3415 3513 3514 
6691 3415 3514 3416 
6692 3416 3514 3515 
6693 3416 3515 3417 
6694 3417 3515 3516 
6695 3417 3516 3418 
6696 3418 3516 3517 
6697 3418 3517 3419 
6698 3419 3517 3518 
6699 3419 3518 3420 
6700 3420 3518 3519 
6701 3420 3519 3421 
6702 3421 3519 3520 
6703 3421 3520 3422 
6704 3422 3520 3521 
6705 3422 3521 3423 
6706 3423 3521 3522 
6707 3423 3522 3424 
6708 3424 3522 3523 
6709 3424 3523 3425 
6710 3425 3523 3524 
6711 3425 3524 3426 
6712 3426 3524 3525 
6713 3426 3525 3427 
6714 3427 3525 3526 
6715 3427 3526 3428 
6716 3428 3526 3527 
6717 3428 3527 3429 
6718 3429 3527 3528 
6719 3429 3528 3430 
6720 3430 3528 3529 
6721 3430 3529 3431 
6722 3431 3529 3530 
6723 3431 3530 3432 
6724 3432 3530 3531 
6725 3432 3531 3433 
6726 3433 3531 3532 
6727 3433 3532 3434 
6728 3434 3532 3533 
6729 3434 3533 3435 
6730 3435 3533 3534 
6731 3435 3534 3436 
6732 3436 3534 3535 
6733 3436 3535 3437 
6734 3437 3535 3536 
6735 3437 3536 3438 
6736 3438 3536 3537 
6737 3438 3537 3439 
6738 3439 3537 3538 
6739 3439 3538 3440 
6740 3440 3538 3539 
6741 3440 3539 3441 
6742 3441 3539 3540 
6743 3441 3540 3442 
6744 3442 3540 3541 
6745 3442 3541 3443 
6746 3443 3541 3542 
6747 3443 3542 3444 
6748 3444 3542 3543 
6749 3444 3543 3445 
6750 3445 3543 3544 
6751 3445 3544 3446 
6752 3446 3544 3545 
6753 3446 3545 3447 
6754 3447 3545 3546 
6755 3447 3546 3448 
6756 3448 3546 3547 
6757 3448 3547 3449 
6758 3449 3547 3548 
6759 3449 3548 3450 
6760 3450 3548 3549 
6761 3450 3549 3451 
6762 3451 3549 3550 
6763 3451 3550 3452 
6764 3452 3550 3551 
6765 3452 3551 3453 
6766 3453 3551 3552 
6767 3453 3552 3454 
6768 3454 3552 3553 
6769 3454 3553 3455 
6770 3455 3553 3554 
6771 3455 3554 3456 
6772 3456 3554 3555 
6773 3456 3555 3457 
6774 3457 3555 3556 
6775 3457 3556 3458 
6776 3458 3556 3557 
6777 3458 3557 3459 
6778 3459 3557 3558 
6779 3459 3558 3460 
6780 3460 3558 3559 
6781 3460 3559 3461 
6782 3461 3559 3560 
6783 3461 3560 3462 
6784 3462 3560 3561 
6785 3462 3561 3463 
6786 3463 3561 3562 
6787 3463 3562 3464 
6788 3464 3562 3563 
6789 3464 3563 3465 
6790 3465 3563 3564 
6791 3465 3564 3466 
6792 3466 3564 3565 
6793 3466 3565 3467 
6794 3467 3565 3566 
6795 3467 3566 3468 
6796 3468 3566 3567 
6797 3468 3567 3469 
6798 3469 3567 3568 
6799 3469 3568 271 
6800 271 3568 270 
6801 36 37 3470 
6802 3470 37 3569 
6803 3470 3569 3471 
6804 3471 3569 3570 
6805 3471 3570 3472 
6806 3472 3570 3571 
6807 3472 3571 3473 
6808 3473 3571 3572 
6809 3473 3572 3474 
6810 3474 3572 3573 
6811 3474 3573 3475 
6812 3475 3573 3574 
6813 3475 3574 3476 
6814 3476 3574 3575 
6815 3476 3575 3477 
6816 3477 3575 3576 
6817 3477 3576 3478 
6818 3478 3576 3577 
6819 3478 3577 3479 
6820 3479 3577 3578 
6821 3479 3578 3480 
6822 3480 3578 3579 
6823 3480 3579 3481 
6824 3481 3579 3580 
6825 3481 3580 3482 
6826 3482 3580 3581 
6827 3482 3581 3483 
6828 3483 3581 3582 
6829 3483 3582 3484 
6830 3484 3582 3583 
6831 3484 3583 3485 
6832 3485 3583 3584 
6833 3485 3584 3486 
6834 3486 3584 3585 
6835 3486 3585 3487 
6836 3487 3585 3586 
6837 3487 3586 3488 
6838 3488 3586 3587 
6839 3488 3587 3489 
6840 3489 3587 3588 
6841 3489 3588 3490 
6842 3490 3588 3589 
6843 3490 3589 3491 
6844 3491 3589 3590 
6845 3491 3590 3492 
6846 3492 3590 3591 
6847 3492 3591 3493 
6848 3493 3591 3592 
6849 3493 3592 3494 
6850 3494 3592 3593 
6851 3494 3593 3495 
6852 3495 3593 3594 
6853 3495 3594 3496 
6854 3496 3594 3595 
6855 3496 3595 3497 
6856 3497 3595 3596 
6857 3497 3596 3498 
6858 3498 3596 3597 
6859 3498 3597 3499 
6860 3499 3597 3598 
6861 3499 3598 3500 
6862 3500 3598 3599 
6863 3500 3599 3501 
6864 3501 3599 3600 
6865 3501 3600 3502 
6866 3502 3600 3601 
6867 3502 3601 3503 
6868 3503 3601 3602 
6869 3503 3602 3504 
6870 3504 3602 3603 
6871 3504 3603 3505 
6872 3505 3603 3604 
6873 3505 3604 3506 
6874 3506 3604 3605 
6875 3506 3605 3507 
6876 3507 3605 3606 
6877 3507 3606 3508 
6878 3508 3606 3607 
6879 3508 3607 3509 
6880 3509 3607 3608 
6881 3509 3608 3510 
6882 3510 3608 3609 
6883 3510 3609 3511 
6884 3511 3609 3610 
6885 3511 3610 3512 
6886 3512 3610 3611 
6887 3512 3611 3513 
6888 3513 3611 3612 
6889 3513 3612 3514 
6890 3514 3612 3613 
6891 3514 3613 3515 
6892 3515 3613 3614 
6893 3515 3614 3516 
6894 3516 3614 3615 
6895 3516 3615 3517 
6896 3517 3615 3616 
6897 3517 3616 3518 
6898 3518 3616 3617 
6899 3518 3617 3519 
6900 3519 3617 3618 
6901 3519 3618 3520 
6902 3520 3618 3619 
6903 3520 3619 3521 
6904 3521 3619 3620 
6905 3521 3620 3522 
6906 3522 3620 3621 
6907 3522 3621 3523 
6908 3523 3621 3622 
6909 3523 3622 3524 
6910 3524 3622 3623 
6911 3524 3623 3525 
6912 3525 3623 3624 
6913 3525 3624 3526 
6914 3526 3624 3625 
6915 3526 3625 3527 
6916 3527 3625 3626 
6917 3527 3626 3528 
6918 3528 3626 3627 
6919 3528 3627 3529 
6920 3529 3627 3628 
6921 3529 3628 3530 
6922 3530 3628 3629 
6923 3530 3629 3531 
6924 3531 3629 3630 
6925 3531 3630 3532 
6926 3532 3630 3631 
6927 3532 3631 3533 
6928 3533 3631 3632 
6929 3533 3632 3534 
6930 3534 3632 3633 
6931 3534 3633 3535 
6932 3535 3633 3634 
6933 3535 3634 3536 
6934 3536 3634 3635 
6935 3536 3635 3537 
6936 3537 3635 3636 
6937 3537 3636 3538 
6938 3538 3636 3637 
6939 3538 3637 3539 
6940 3539 3637 3638 
6941 3539 3638 3540 
6942 3540 3638 3639 
6943 3540 3639 3541 
6944 3541 3639 3640 
6945 3541 3640 3542 
6946 3542 3640 3641 
6947 3542 3641 3543 
6948 3543 3641 3642 
6949 3543 3642 3544 
6950 3544 3642 3643 
6951 3544 3643 3545 
6952 3545 3643 3644 
6953 3545 3644 3546 
6954 3546 3644 3645 
6955 3546 3645 3547 
6956 3547 3645 3646 
6957 3547 3646 3548 
6958 3548 3646 3647 
6959 3548 3647 3549 
6960 3549 3647 3648 
6961 3549 3648 3550 
6962 3550 3648 3649 
6963 3550 3649 3551 
6964 3551 3649 3650 
6965 3551 3650 3552 
6966 3552 3650 3651 
6967 3552 3651 3553 
6968 3553 3651 3652 
6969 3553 3652 3554 
6970 3554 3652 3653 
6971 3554 3653 3555 
6972 3555 3653 3654 
6973 3555 3654 3556 
6974 3556 3654 3655 
6975 3556 3655 3557 
6976 3557 3655 3656 
6977 3557 3656 3558 
6978 3558 3656 3657 
6979 3558 3657 3559 
6980 3559 3657 3658 
6981 3559 3658 3560 
6982 3560 3658 3659 
6983 3560 3659 3561 
6984 3561 3659 3660 
6985 3561 3660 3562 
6986 3562 3660 3661 
6987 3562 3661 3563 
6988 3563 3661 3662 
6989 3563 3662 3564 
6990 3564 3662 3663 
6991 3564 3663 3565 
6992 3565 3663 3664 
6993 3565 3664 3566 
6994 3566 3664 3665 
6995 3566 3665 3567 
6996 3567 3665 3666 
6997 3567 3666 3568 
6998 3568 3666 3667 
6999 3568 3667 270 
7000 270 3667 269 
7001 37 38 3569 
7002 3569 38 3668 
7003 3569 3668 3570 
7004 3570 3668 3669 
7005 3570 3669 3571 
7006 3571 3669 3670 
7007 3571 3670 3572 
7008 3572 3670 3671 
7009 3572 3671 3573 
7010 3573 3671 3672 
7011 3573 3672 3574 
7012 3574 3672 3673 
7013 3574 3673 3575 
7014 3575 3673 3674 
7015 3575 3674 3576 
7016 3576 3674 3675 
7017 3576 3675 3577 
7018 3577 3675 3676 
7019 3577 3676 3578 
7020 3578 3676 3677 
7021 3578 3677 3579 
7022 3579 3677 3678 
7023 3579 3678 3580 
7024 3580 3678 3679 
7025 3580 3679 3581 
7026 3581 3679 3680 
7027 3581 3680 3582 
7028 3582 3680 3681 
7029 3582 3681 3583 
7030 3583 3681 3682 
7031 3583 3682 3584 
7032 3584 3682 3683 
7033 3584 3683 3585 
7034 3585 3683 3684 
7035 3585 3684 3586 
7036 3586 3684 3685 
7037 3586 3685 3587 
7038 3587 3685 3686 
7039 3587 3686 3588 
7040 3588 3686 3687 
7041 3588 3687 3589 
7042 3589 3687 3688 
7043 3589 3688 3590 
7044 3590 3688 3689 
7045 3590 3689 3591 
7046 3591 3689 3690 
7047 3591 3690 3592 
7048 3592 3690 3691 
7049 3592 3691 3593 
7050 3593 3691 3692 
7051 3593 3692 3594 
7052 3594 3692 3693 
7053 3594 3693 3595 
7054 3595 3693 3694 
7055 3595 3694 3596 
7056 3596 3694 3695 
7057 3596 3695 3597 
7058 3597 3695 3696 
7059 3597 3696 3598 
7060 3598 3696 3697 
7061 3598 3697 3599 
7062 3599 3697 3698 
7063 3599 3698 3600 
7064 3600 3698 3699 
7065 3600 3699 3601 
7066 3601 3699 3700 
7067 3601 3700 3602 
7068 3602 3700 3701 
7069 3602 3701 3603 
7070 3603 3701 3702 
7071 3603 3702 3604 
7072 3604 3702 3703 
7073 3604 3703 3605 
7074 3605 3703 3704 
7075 3605 3704 3606 
7076 3606 3704 3705 
7077 3606 3705 3607 
7078 3607 3705 3706 
7079 3607 3706 3608 
7080 3608 3706 3707 
7081 3608 3707 3609 
7082 3609 3707 3708 
7083 3609 3708 3610 
7084 3610 3708 3709 
7085 3610 3709 3611 
7086 3611 3709 3710 
7087 3611 3710 3612 
7088 3612 3710 3711 
7089 3612 3711 3613 
7090 3613 3711 3712 
7091 3613 3712 3614 
7092 3614 3712 3713 
7093 3614 3713 3615 
7094 3615 3713 3714 
7095 3615 3714 3616 
7096 3616 3714 3715 
7097 3616 3715 3617 
7098 3617 3715 3716 
7099 3617 3716 3618 
7100 3618 3716 3717 
7101 3618 3717 3619 
7102 3619 3717 3718 
7103 3619 3718 3620 
7104 3620 3718 3719 
7105 3620 3719 3621 
7106 3621 3719 3720 
7107 3621 3720 3622 
7108 3622 3720 3721 
7109 3622 3721 3623 
7110 3623 3721 3722 
7111 3623 3722 3624 
7112 3624 3722 3723 
7113 3624 3723 3625 
7114 3625 3723 3724 
7115 3625 3724 3626 
7116 3626 3724 3725 
7117 3626 3725 3627 
7118 3627 3725 3726 
7119 3627 3726 3628 
7120 3628 3726 3727 
7121 3628 3727 3629 
7122 3629 3727 3728 
7123 3629 3728 3630 
7124 3630 3728 3729 
7125 3630 3729 3631 
7126 3631 3729 3730 
7127 3631 3730 3632 
7128 3632 3730 3731 
7129 3632 3731 3633 
7130 3633 3731 3732 
7131 3633 3732 3634 
7132 3634 3732 3733 
7133 3634 3733 3635 
7134 3635 3733 3734 
7135 3635 3734 3636 
7136 3636 3734 3735 
7137 3636 3735 3637 
7138 3637 3735 3736 
7139 3637 3736 3638 
7140 3638 3736 3737 
7141 3638 3737 3639 
7142 3639 3737 3738 
7143 3639 3738 3640 
7144 3640 3738 3739 
7145 3640 3739 3641 
7146 3641 3739 3740 
7147 3641 3740 3642 
7148 3642 3740 3741 
7149 3642 3741 3643 
7150 3643 3741 3742 
7151 3643 3742 3644 
7152 3644 3742 3743 
7153 3644 3743 3645 
7154 3645 3743 3744 
7155 3645 3744 3646 
7156 3646 3744 3745 
7157 3646 3745 3647 
7158 3647 3745 3746 
7159 3647 3746 3648 
7160 3648 3746 3747 
7161 3648 3747 3649 
7162 3649 3747 3748 
7163 3649 3748 3650 
7164 3650 3748 3749 
7165 3650 3749 3651 
7166 3651 3749 3750 
7167 3651 3750 3652 
7168 3652 3750 3751 
7169 3652 3751 3653 
7170 3653 3751 3752 
7171 3653 3752 3654 
7172 3654 3752 3753 
7173 3654 3753 3655 
7174 3655 3753 3754 
7175 3655 3754 3656 
7176 3656 3754 3755 
7177 3656 3755 3657 
7178 3657 3755 3756 
7179 3657 3756 3658 
7180 3658 3756 3757 
7181 3658 3757 3659 
7182 3659 3757 3758 
7183 3659 3758 3660 
7184 3660 3758 3759 
7185 3660 3759 3661 
7186 3661 3759 3760 
7187 3661 3760 3662 
7188 3662 3760 3761 
7189 3662 3761 3663 
7190 3663 3761 3762 
7191 3663 3762 3664 
7192 3664 3762 3763 
7193 3664 3763 3665 
7194 3665 3763 3764 
7195 3665 3764 3666 
7196 3666 3764 3765 
7197 3666 3765 3667 
7198 3667 3765 3766 
7199 3667 3766 269 
7200 269 3766 268 
7201 38 39 3668 
7202 3668 39 3767 
7203 3668 3767 3669 
7204 3669 3767 3768 
7205 3669 3768 3670 
7206 3670 3768 3769 
7207 3670 3769 3671 
7208 3671 3769 3770 
7209 3671 3770 3672 
7210 3672 3770 3771 
7211 3672 3771 3673 
7212 3673 3771 3772 
7213 3673 3772 3674 
7214 3674 3772 3773 
7215 3674 3773 3675 
7216 3675 3773 3774 
7217 3675 3774 3676 
7218 3676 3774 3775 
7219 3676 3775 3677 
7220 3677 3775 3776 
7221 3677 3776 3678 
7222 3678 3776 3777 
7223 3678 3777 3679 
7224 3679 3777 3778 
7225 3679 3778 3680 
7226 3680 3778 3779 
7227 3680 3779 3681 
7228 3681 3779 3780 
7229 3681 3780 3682 
7230 3682 3780 3781 
7231 3682 3781 3683 
7232 3683 3781 3782 
7233 3683 3782 3684 
7234 3684 3782 3783 
7235 3684 3783 3685 
7236 3685 3783 3784 
7237 3685 3784 3686 
7238 3686 3784 3785 
7239 3686 3785 3687 
7240 3687 3785 3786 
7241 3687 3786 3688 
7242 3688 3786 3787 
7243 3688 3787 3689 
7244 3689 3787 3788 
7245 3689 3788 3690 
7246 3690 3788 3789 
7247 3690 3789 3691 
7248 3691 3789 3790 
7249 3691 3790 3692 
7250 3692 3790 3791 
7251 3692 3791 3693 
7252 3693 3791 3792 
7253 3693 3792 3694 
7254 3694 3792 3793 
7255 3694 3793 3695 
7256 3695 3793 3794 
7257 3695 3794 3696 
7258 3696 3794 3795 
7259 3696 3795 3697 
7260 3697 3795 3796 
7261 3697 3796 3698 
7262 3698 3796 3797 
7263 3698 3797 3699 
7264 3699 3797 3798 
7265 3699 3798 3700 
7266 3700 3798 3799 
7267 3700 3799 3701 
7268 3701 3799 3800 
7269 3701 3800 3702 
7270 3702 3800 3801 
7271 3702 3801 3703 
7272 3703 3801 3802 
7273 3703 3802 3704 
7274 3704 3802 3803 
7275 3704 3803 3705 
7276 3705 3803 3804 
7277 3705 3804 3706 
7278 3706 3804 3805 
7279 3706 3805 3707 
7280 3707 3805 3806 
7281 3707 3806 3708 
7282 3708 3806 3807 
7283 3708 3807 3709 
7284 3709 3807 3808 
7285 3709 3808 3710 
7286 3710 3808 3809 
7287 3710 3809 3711 
7288 3711 3809 3810 
7289 3711 3810 3712 
7290 3712 3810 3811 
7291 3712 3811 3713 
7292 3713 3811 3812 
7293 3713 3812 3714 
7294 3714 3812 3813 
7295 3714 3813 3715 
7296 3715 3813 3814 
7297 3715 3814 3716 
7298 3716 3814 3815 
7299 3716 3815 3717 
7300 3717 3815 3816 
7301 3717 3816 3718 
7302 3718 3816 3817 
7303 3718 3817 3719 
7304 3719 3817 3818 
7305 3719 3818 3720 
7306 3720 3818 3819 
7307 3720 3819 3721 
7308 3721 3819 3820 
7309 3721 3820 3722 
7310 3722 3820 3821 
7311 3722 3821 3723 
7312 3723 3821 3822 
7313 3723 3822 3724 
7314 3724 3822 3823 
7315 3724 3823 3725 
7316 3725 3823 3824 
7317 3725 3824 3726 
7318 3726 3824 3825 
7319 3726 3825 3727 
7320 3727 3825 3826 
7321 3727 3826 3728 
7322 3728 3826 3827 
7323 3728 3827 3729 
7324 3729 3827 3828 
7325 3729 3828 3730 
7326 3730 3828 3829 
7327 3730 3829 3731 
7328 3731 3829 3830 
7329 3731 3830 3732 
7330 3732 3830 3831 
7331 3732 3831 3733 
7332 3733 3831 3832 
7333 3733 3832 3734 
7334 3734 3832 3833 
7335 3734 3833 3735 
7336 3735 3833 3834 
7337 3735 3834 3736 
7338 3736 3834 3835 
7339 3736 3835 3737 
7340 3737 3835 3836 
7341 3737 3836 3738 
7342 3738 3836 3837 
7343 3738 3837 3739 
7344 3739 3837 3838 
7345 3739 3838 3740 
7346 3740 3838 3839 
7347 3740 3839 3741 
7348 3741 3839 3840 
7349 3741 3840 3742 
7350 3742 3840 3841 
7351 3742 3841 3743 
7352 3743 3841 3842 
7353 3743 3842 3744 
7354 3744 3842 3843 
7355 3744 3843 3745 
7356 3745 3843 3844 
7357 3745 3844 3746 
7358 3746 3844 3845 
7359 3746 3845 3747 
7360 3747 3845 3846 
7361 3747 3846 3748 
7362 3748 3846 3847 
7363 3748 3847 3749 
7364 3749 3847 3848 
7365 3749 3848 3750 
7366 3750 3848 3849 
7367 3750 3849 3751 
7368 3751 3849 3850 
7369 3751 3850 3752 
7370 3752 3850 3851 
7371 3752 3851 3753 
7372 3753 3851 3852 
7373 3753 3852 3754 
7374 3754 3852 3853 
7375 3754 3853 3755 
7376 3755 3853 3854 
7377 3755 3854 3756 
7378 3756 3854 3855 
7379 3756 3855 3757 
7380 3757 3855 3856 
7381 3757 3856 3758 
7382 3758 3856 3857 
7383 3758 3857 3759 
7384 3759 3857 3858 
7385 3759 3858 3760 
7386 3760 3858 3859 
7387 3760 3859 3761 
7388 3761 3859 3860 
7389 3761 3860 3762 
7390 3762 3860 3861 
7391 3762 3861 3763 
7392 3763 3861 3862 
7393 3763 3862 3764 
7394 3764 3862 3863 
7395 3764 3863 3765 
7396 3765 3863 3864 
7397 3765 3864 3766 
7398 3766 3864 3865 
7399 3766 3865 268 
7400 268 3865 267 
7401 39 40 3767 
7402 3767 40 3866 
7403 3767 3866 3768 
7404 3768 3866 3867 
7405 3768 3867 3769 
7406 3769 3867 3868 
7407 3769 3868 3770 
7408 3770 3868 3869 
7409 3770 3869 3771 
7410 3771 3869 3870 
7411 3771 3870 3772 
7412 3772 3870 3871 
7413 3772 3871 3773 
7414 3773 3871 3872 
7415 3773 3872 3774 
7416 3774 3872 3873 
7417 3774 3873 3775 
7418 3775 3873 3874 
7419 3775 3874 3776 
7420 3776 3874 3875 
7421 3776 3875 3777 
7422 3777 3875 3876 
7423 3777 3876 3778 
7424 3778 3876 3877 
7425 3778 3877 3779 
7426 3779 3877 3878 
7427 3779 3878 3780 
7428 3780 3878 3879 
7429 3780 3879 3781 
7430 3781 3879 3880 
7431 3781 3880 3782 
7432 3782 3880 3881 
7433 3782 3881 3783 
7434 3783 3881 3882 
7435 3783 3882 3784 
7436 3784 3882 3883 
7437 3784 3883 3785 
7438 3785 3883 3884 
7439 3785 3884 3786 
7440 3786 3884 3885 
7441 3786 3885 3787 
7442 3787 3885 3886 
7443 3787 3886 3788 
7444 3788 3886 3887 
7445 3788 3887 3789 
7446 3789 3887 3888 
7447 3789 3888 3790 
7448 3790 3888 3889 
7449 3790 3889 3791 
7450 3791 3889 3890 
7451 3791 3890 3792 
7452 3792 3890 3891 
7453 3792 3891 3793 
7454 3793 3891 3892 
7455 3793 3892 3794 
7456 3794 3892 3893 
7457 3794 3893 3795 
7458 3795 3893 3894 
7459 3795 3894 3796 
7460 3796 3894 3895 
7461 3796 3895 3797 
7462 3797 3895 3896 
7463 3797 3896 3798 
7464 3798 3896 3897 
7465 3798 3897 3799 
7466 3799 3897 3898 
7467 3799 3898 3800 
7468 3800 3898 3899 
7469 3800 3899 3801 
7470 3801 3899 3900 
7471 3801 3900 3802 
7472 3802 3900 3901 
7473 3802 3901 3803 
7474 3803 3901 3902 
7475 3803 3902 3804 
7476 3804 3902 3903 
7477 3804 3903 3805 
7478 3805 3903 3904 
7479 3805 3904 3806 
7480 3806 3904 3905 
7481 3806 3905 3807 
7482 3807 3905 3906 
7483 3807 3906 3808 
7484 3808 3906 3907 
7485 3808 3907 3809 
7486 3809 3907 3908 
7487 3809 3908 3810 
7488 3810 3908 3909 
7489 3810 3909 3811 
7490 3811 3909 3910 
7491 3811 3910 3812 
7492 3812 3910 3911 
7493 3812 3911 3813 
7494 3813 3911 3912 
7495 3813 3912 3814 
7496 3814 3912 3913 
7497 3814 3913 3815 
7498 3815 3913 3914 
7499 3815 3914 3816 
7500 3816 3914 3915 
7501 3816 3915 3817 
7502 3817 3915 3916 
7503 3817 3916 3818 
7504 3818 3916 3917 
7505 3818 3917 3819 
7506 3819 3917 3918 
7507 3819 3918 3820 
7508 3820 3918 3919 
7509 3820 3919 3821 
7510 3821 3919 3920 
7511 3821 3920 3822 
7512 3822 3920 3921 
7513 3822 3921 3823 
7514 3823 3921 3922 
7515 3823 3922 3824 
7516 3824 3922 3923 
7517 3824 3923 3825 
7518 3825 3923 3924 
7519 3825 3924 3826 
7520 3826 3924 3925 
7521 3826 3925 3827 
7522 3827 3925 3926 
7523 3827 3926 3828 
7524 3828 3926 3927 
7525 3828 3927 3829 
7526 3829 3927 3928 
7527 3829 3928 3830 
7528 3830 3928 3929 
7529 3830 3929 3831 
7530 3831 3929 3930 
7531 3831 3930 3832 
7532 3832 3930 3931 
7533 3832 3931 3833 
7534 3833 3931 3932 
7535 3833 3932 3834 
7536 3834 3932 3933 
7537 3834 3933 3835 
7538 3835 3933 3934 
7539 3835 3934 3836 
7540 3836 3934 3935 
7541 3836 3935 3837 
7542 3837 3935 3936 
7543 3837 3936 3838 
7544 3838 3936 3937 
7545 3838 3937 3839 
7546 3839 3937 3938 
7547 3839 3938 3840 
7548 3840 3938 3939 
7549 3840 3939 3841 
7550 3841 3939 3940 
7551 3841 3940 3842 
7552 3842 3940 3941 
7553 3842 3941 3843 
7554 3843 3941 3942 
7555 3843 3942 3844 
7556 3844 3942 3943 
7557 3844 3943 3845 
7558 3845 3943 3944 
7559 3845 3944 3846 
7560 3846 3944 3945 
7561 3846 3945 3847 
7562 3847 3945 3946 
7563 3847 3946 3848 
7564 3848 3946 3947 
7565 3848 3947 3849 
7566 3849 3947 3948 
7567 3849 3948 3850 
7568 3850 3948 3949 
7569 3850 3949 3851 
7570 3851 3949 3950 
7571 3851 3950 3852 
7572 3852 3950 3951 
7573 3852 3951 3853 
7574 3853 3951 3952 
7575 3853 3952 3854 
7576 3854 3952 3953 
7577 3854 3953 3855 
7578 3855 3953 3954 
7579 3855 3954 3856 
7580 3856 3954 3955 
7581 3856 3955 3857 
7582 3857 3955 3956 
7583 3857 3956 3858 
7584 3858 3956 3957 
7585 3858 3957 3859 
7586 3859 3957 3958 
7587 3859 3958 3860 
7588 3860 3958 3959 
7589 3860 3959 3861 
7590 3861 3959 3960 
7591 3861 3960 3862 
7592 3862 3960 3961 
7593 3862 3961 3863 
7594 3863 3961 3962 
7595 3863 3962 3864 
7596 3864 3962 3963 
7597 3864 3963 3865 
7598 3865 3963 3964 
7599 3865 3964 267 
7600 267 3964 266 
7601 40 41 3866 
7602 3866 41 3965 
7603 3866 3965 3867 
7604 3867 3965 3966 
7605 3867 3966 3868 
7606 3868 3966 3967 
7607 3868 3967 3869 
7608 3869 3967 3968 
7609 3869 3968 3870 
7610 3870 3968 3969 
7611 3870 3969 3871 
7612 3871 3969 3970 
7613 3871 3970 3872 
7614 3872 3970 3971 
7615 3872 3971 3873 
7616 3873 3971 3972 
7617 3873 3972 3874 
7618 3874 3972 3973 
7619 3874 3973 3875 
7620 3875 3973 3974 
7621 3875 3974 3876 
7622 3876 3974 3975 
7623 3876 3975 3877 
7624 3877 3975 3976 
7625 3877 3976 3878 
7626 3878 3976 3977 
7627 3878 3977 3879 
7628 3879 3977 3978 
7629 3879 3978 3880 
7630 3880 3978 3979 
7631 3880 3979 3881 
7632 3881 3979 3980 
7633 3881 3980 3882 
7634 3882 3980 3981 
7635 3882 3981 3883 
7636 3883 3981 3982 
7637 3883 3982 3884 
7638 3884 3982 3983 
7639 3884 3983 3885 
7640 3885 3983 3984 
7641 3885 3984 3886 
7642 3886 3984 3985 
7643 3886 3985 3887 
7644 3887 3985 3986 
7645 3887 3986 3888 
7646 3888 3986 3987 
7647 3888 3987 3889 
7648 3889 3987 3988 
7649 3889 3988 3890 
7650 3890 3988 3989 
7651 3890 3989 3891 
7652 3891 3989 3990 
7653 3891 3990 3892 
7654 3892 3990 3991 
7655 3892 3991 3893 
7656 3893 3991 3992 
7657 3893 3992 3894 
7658 3894 3992 3993 
7659 3894 3993 3895 
7660 3895 3993 3994 
7661 3895 3994 3896 
7662 3896 3994 3995 
7663 3896 3995 3897 
7664 3897 3995 3996 
7665 3897 3996 3898 
7666 3898 3996 3997 
7667 3898 3997 3899 
7668 3899 3997 3998 
7669 3899 3998 3900 
7670 3900 3998 3999 
7671 3900 3999 3901 
7672 3901 3999 4000 
7673 3901 4000 3902 
7674 3902 4000 4001 
7675 3902 4001 3903 
7676 3903 4001 4002 
7677 3903 4002 3904 
7678 3904 4002 4003 
7679 3904 4003 3905 
7680 3905 4003 4004 
7681 3905 4004 3906 
7682 3906 4004 4005 
7683 3906 4005 3907 
7684 3907 4005 4006 
7685 3907 4006 3908 
7686 3908 4006 4007 
7687 3908 4007 3909 
7688 3909 4007 4008 
7689 3909 4008 3910 
7690 3910 4008 4009 
7691 3910 4009 3911 
7692 3911 4009 4010 
7693 3911 4010 3912 
7694 3912 4010 4011 
7695 3912 4011 3913 
7696 3913 4011 4012 
7697 3913 4012 3914 
7698 3914 4012 4013 
7699 3914 4013 3915 
7700 3915 4013 4014 
7701 3915 4014 3916 
7702 3916 4014 4015 
7703 3916 4015 3917 
7704 3917 4015 4016 
7705 3917 4016 3918 
7706 3918 4016 4017 
7707 3918 4017 3919 
7708 3919 4017 4018 
7709 3919 4018 3920 
7710 3920 4018 4019 
7711 3920 4019 3921 
7712 3921 4019 4020 
7713 3921 4020 3922 
7714 3922 4020 4021 
7715 3922 4021 3923 
7716 3923 4021 4022 
7717 3923 4022 3924 
7718 3924 4022 4023 
7719 3924 4023 3925 
7720 3925 4023 4024 
7721 3925 4024 3926 
7722 3926 4024 4025 
7723 3926 4025 3927 
7724 3927 4025 4026 
7725 3927 4026 3928 
7726 3928 4026 4027 
7727 3928 4027 3929 
7728 3929 4027 4028 
7729 3929 4028 3930 
7730 3930 4028 4029 
7731 3930 4029 3931 
7732 3931 4029 4030 
7733 3931 4030 3932 
7734 3932 4030 4031 
7735 3932 4031 3933 
7736 3933 4031 4032 
7737 3933 4032 3934 
7738 3934 4032 4033 
7739 3934 4033 3935 
7740 3935 4033 4034 
7741 3935 4034 3936 
7742 3936 4034 4035 
7743 3936 4035 3937 
7744 3937 4035 4036 
7745 3937 4036 3938 
7746 3938 4036 4037 
7747 3938 4037 3939 
7748 3939 4037 4038 
7749 3939 4038 3940 
7750 3940 4038 4039 
7751 3940 4039 3941 
7752 3941 4039 4040 
7753 3941 4040 3942 
7754 3942 4040 4041 
7755 3942 4041 3943 
7756 3943 4041 4042 
7757 3943 4042 3944 
7758 3944 4042 4043 
7759 3944 4043 3945 
7760 3945 4043 4044 
7761 3945 4044 3946 
7762 3946 4044 4045 
7763 3946 4045 3947 
7764 3947 4045 4046 
7765 3947 4046 3948 
7766 3948 4046 4047 
7767 3948 4047 3949 
7768 3949 4047 4048 
7769 3949 4048 3950 
7770 3950 4048 4049 
7771 3950 4049 3951 
7772 3951 4049 4050 
7773 3951 4050 3952 
7774 3952 4050 4051 
7775 3952 4051 3953 
7776 3953 4051 4052 
7777 3953 4052 3954 
7778 3954 4052 4053 
7779 3954 4053 3955 
7780 3955 4053 4054 
7781 3955 4054 3956 
7782 3956 4054 4055 
7783 3956 4055 3957 
7784 3957 4055 4056 
7785 3957 4056 3958 
7786 3958 4056 4057 
7787 3958 4057 3959 
7788 3959 4057 4058 
7789 3959 4058 3960 
7790 3960 4058 4059 
7791 3960 4059 3961 
7792 3961 4059 4060 
7793 3961 4060 3962 
7794 3962 4060 4061 
7795 3962 4061 3963 
7796 3963 4061 4062 
7797 3963 4062 3964 
7798 3964 4062 4063 
7799 3964 4063 266 
7800 266 4063 265 
7801 41 42 3965 
7802 3965 42 4064 
7803 3965 4064 3966 
7804 3966 4064 4065 
7805 3966 4065 3967 
7806 3967 4065 4066 
7807 3967 4066 3968 
7808 3968 4066 4067 
7809 3968 4067 3969 
7810 3969 4067 4068 
7811 3969 4068 3970 
7812 3970 4068 4069 
7813 3970 4069 3971 
7814 3971 4069 4070 
7815 3971 4070 3972 
7816 3972 4070 4071 
7817 3972 4071 3973 
7818 3973 4071 4072 
7819 3973 4072 3974 
7820 3974 4072 4073 
7821 3974 4073 3975 
7822 3975 4073 4074 
7823 3975 4074 3976 
7824 3976 4074 4075 
7825 3976 4075 3977 
7826 3977 4075 4076 
7827 3977 4076 3978 
7828 3978 4076 4077 
7829 3978 4077 3979 
7830 3979 4077 4078 
7831 3979 4078 3980 
7832 3980 4078 4079 
7833 3980 4079 3981 
7834 3981 4079 4080 
7835 3981 4080 3982 
7836 3982 4080 4081 
7837 3982 4081 3983 
7838 3983 4081 4082 
7839 3983 4082 3984 
7840 3984 4082 4083 
7841 3984 4083 3985 
7842 3985 4083 4084 
7843 3985 4084 3986 
7844 3986 4084 4085 
7845 3986 4085 3987 
7846 3987 4085 4086 
7847 3987 4086 3988 
7848 3988 4086 4087 
7849 3988 4087 3989 
7850 3989 4087 4088 
7851 3989 4088 3990 
7852 3990 4088 4089 
7853 3990 4089 3991 
7854 3991 4089 4090 
7855 3991 4090 3992 
7856 3992 4090 4091 
7857 3992 4091 3993 
7858 3993 4091 4092 
7859 3993 4092 3994 
7860 3994 4092 4093 
7861 3994 4093 3995 
7862 3995 4093 4094 
7863 3995 4094 3996 
7864 3996 4094 4095 
7865 3996 4095 3997 
7866 3997 4095 4096 
7867 3997 4096 3998 
7868 3998 4096 4097 
7869 3998 4097 3999 
7870 3999 4097 4098 
7871 3999 4098 4000 
7872 4000 4098 4099 
7873 4000 4099 4001 
7874 4001 4099 4100 
7875 4001 4100 4002 
7876 4002 4100 4101 
7877 4002 4101 4003 
7878 4003 4101 4102 
7879 4003 4102 4004 
7880 4004 4102 4103 
7881 4004 4103 4005 
7882 4005 4103 4104 
7883 4005 4104 4006 
7884 4006 4104 4105 
7885 4006 4105 4007 
7886 4007 4105 4106 
7887 4007 4106 4008 
7888 4008 4106 4107 
7889 4008 4107 4009 
7890 4009 4107 4108 
7891 4009 4108 4010 
7892 4010 4108 4109 
7893 4010 4109 4011 
7894 4011 4109 4110 
7895 4011 4110 4012 
7896 4012 4110 4111 
7897 4012 4111 4013 
7898 4013 4111 4112 
7899 4013 4112 4014 
7900 4014 4112 4113 
7901 4014 4113 4015 
7902 4015 4113 4114 
7903 4015 4114 4016 
7904 4016 4114 4115 
7905 4016 4115 4017 
7906 4017 4115 4116 
7907 4017 4116 4018 
7908 4018 4116 4117 
7909 4018 4117 4019 
7910 4019 4117 4118 
7911 4019 4118 4020 
7912 4020 4118 4119 
7913 4020 4119 4021 
7914 4021 4119 4120 
7915 4021 4120 4022 
7916 4022 4120 4121 
7917 4022 4121 4023 
7918 4023 4121 4122 
7919 4023 4122 4024 
7920 4024 4122 4123 
7921 4024 4123 4025 
7922 4025 4123 4124 
7923 4025 4124 4026 
7924 4026 4124 4125 
7925 4026 4125 4027 
7926 4027 4125 4126 
7927 4027 4126 4028 
7928 4028 4126 4127 
7929 4028 4127 4029 
7930 4029 4127 4128 
7931 4029 4128 4030 
7932 4030 4128 4129 
7933 4030 4129 4031 
7934 4031 4129 4130 
7935 4031 4130 4032 
7936 4032 4130 4131 
7937 4032 4131 4033 
7938 4033 4131 4132 
7939 4033 4132 4034 
7940 4034 4132 4133 
7941 4034 4133 4035 
7942 4035 4133 4134 
7943 4035 4134 4036 
7944 4036 4134 4135 
7945 4036 4135 4037 
7946 4037 4135 4136 
7947 4037 4136 4038 
7948 4038 4136 4137 
7949 4038 4137 4039 
7950 4039 4137 4138 
7951 4039 4138 4040 
7952 4040 4138 4139 
7953 4040 4139 4041 
7954 4041 4139 4140 
7955 4041 4140 4042 
7956 4042 4140 4141 
7957 4042 4141 4043 
7958 4043 4141 4142 
7959 4043 4142 4044 
7960 4044 4142 4143 
7961 4044 4143 4045 
7962 4045 4143 4144 
7963 4045 4144 4046 
7964 4046 4144 4145 
7965 4046 4145 4047 
7966 4047 4145 4146 
7967 4047 4146 4048 
7968 4048 4146 4147 
7969 4048 4147 4049 
7970 4049 4147 4148 
7971 4049 4148 4050 
7972 4050 4148 4149 
7973 4050 4149 4051 
7974 4051 4149 4150 
7975 4051 4150 4052 
7976 4052 4150 4151 
7977 4052 4151 4053 
7978 4053 4151 4152 
7979 4053 4152 4054 
7980 4054 4152 4153 
7981 4054 4153 4055 
7982 4055 4153 4154 
7983 4055 4154 4056 
7984 4056 4154 4155 
7985 4056 4155 4057 
7986 4057 4155 4156 
7987 4057 4156 4058 
7988 4058 4156 4157 
7989 4058 4157 4059 
7990 4059 4157 4158 
7991 4059 4158 4060 
7992 4060 4158 4159 
7993 4060 4159 4061 
7994 4061 4159 4160 
7995 4061 4160 4062 
7996 4062 4160 4161 
7997 4062 4161 4063 
7998 4063 4161 4162 
7999 4063 4162 265 
8000 265 4162 264 
8001 42 43 4064 
8002 4064 43 4163 
8003 4064 4163 4065 
8004 4065 4163 4164 
8005 4065 4164 4066 
8006 4066 4164 4165 
8007 4066 4165 4067 
8008 4067 4165 4166 
8009 4067 4166 4068 
8010 4068 4166 4167 
8011 4068 4167 4069 
8012 4069 4167 4168 
8013 4069 4168 4070 
8014 4070 4168 4169 
8015 4070 4169 4071 
8016 4071 4169 4170 
8017 4071 4170 4072 
8018 4072 4170 4171 
8019 4072 4171 4073 
8020 4073 4171 4172 
8021 4073 4172 4074 
8022 4074 4172 4173 
8023 4074 4173 4075 
8024 4075 4173 4174 
8025 4075 4174 4076 
8026 4076 4174 4175 
8027 4076 4175 4077 
8028 4077 4175 4176 
8029 4077 4176 4078 
8030 4078 4176 4177 
8031 4078 4177 4079 
8032 4079 4177 4178 
8033 4079 4178 4080 
8034 4080 4178 4179 
8035 4080 4179 4081 
8036 4081 4179 4180 
8037 4081 4180 4082 
8038 4082 4180 4181 
8039 4082 4181 4083 
8040 4083 4181 4182 
8041 4083 4182 4084 
8042 4084 4182 4183 
8043 4084 4183 4085 
8044 4085 4183 4184 
8045 4085 4184 4086 
8046 4086 4184 4185 
8047 4086 4185 4087 
8048 4087 4185 4186 
8049 4087 4186 4088 
8050 4088 4186 4187 
8051 4088 4187 4089 
8052 4089 4187 4188 
8053 4089 4188 4090 
8054 4090 4188 4189 
8055 4090 4189 4091 
8056 4091 4189 4190 
8057 4091 4190 4092 
8058 4092 4190 4191 
8059 4092 4191 4093 
8060 4093 4191 4192 
8061 4093 4192 4094 
8062 4094 4192 4193 
8063 4094 4193 4095 
8064 4095 4193 4194 
8065 4095 4194 4096 
8066 4096 4194 4195 
8067 4096 4195 4097 
8068 4097 4195 4196 
8069 4097 4196 4098 
8070 4098 4196 4197 
8071 4098 4197 4099 
8072 4099 4197 4198 
8073 4099 4198 4100 
8074 4100 4198 4199 
8075 4100 4199 4101 
8076 4101 4199 4200 
8077 4101 4200 4102 
8078 4102 4200 4201 
8079 4102 4201 4103 
8080 4103 4201 4202 
8081 4103 4202 4104 
8082 4104 4202 4203 
8083 4104 4203 4105 
8084 4105 4203 4204 
8085 4105 4204 4106 
8086 4106 4204 4205 
8087 4106 4205 4107 
8088 4107 4205 4206 
8089 4107 4206 4108 
8090 4108 4206 4207 
8091 4108 4207 4109 
8092 4109 4207 4208 
8093 4109 4208 4110 
8094 4110 4208 4209 
8095 4110 4209 4111 
8096 4111 4209 4210 
8097 4111 4210 4112 
8098 4112 4210 4211 
8099 4112 4211 4113 
8100 4113 4211 4212 
8101 4113 4212 4114 
8102 4114 4212 4213 
8103 4114 4213 4115 
8104 4115 4213 4214 
8105 4115 4214 4116 
8106 4116 4214 4215 
8107 4116 4215 4117 
8108 4117 4215 4216 
8109 4117 4216 4118 
8110 4118 4216 4217 
8111 4118 4217 4119 
8112 4119 4217 4218 
8113 4119 4218 4120 
8114 4120 4218 4219 
8115 4120 4219 4121 
8116 4121 4219 4220 
8117 4121 4220 4122 
8118 4122 4220 4221 
8119 4122 4221 4123 
8120 4123 4221 4222 
8121 4123 4222 4124 
8122 4124 4222 4223 
8123 4124 4223 4125 
8124 4125 4223 4224 
8125 4125 4224 4126 
8126 4126 4224 4225 
8127 4126 4225 4127 
8128 4127 4225 4226 
8129 4127 4226 4128 
8130 4128 4226 4227 
8131 4128 4227 4129 
8132 4129 4227 4228 
8133 4129 4228 4130 
8134 4130 4228 4229 
8135 4130 4229 4131 
8136 4131 4229 4230 
8137 4131 4230 4132 
8138 4132 4230 4231 
8139 4132 4231 4133 
8140 4133 4231 4232 
8141 4133 4232 4134 
8142 4134 4232 4233 
8143 4134 4233 4135 
8144 4135 4233 4234 
8145 4135 4234 4136 
8146 4136 4234 4235 
8147 4136 4235 4137 
8148 4137 4235 4236 
8149 4137 4236 4138 
8150 4138 4236 4237 
8151 4138 4237 4139 
8152 4139 4237 4238 
8153 4139 4238 4140 
8154 4140 4238 4239 
8155 4140 4239 4141 
8156 4141 4239 4240 
8157 4141 4240 4142 
8158 4142 4240 4241 
8159 4142 4241 4143 
8160 4143 4241 4242 
8161 4143 4242 4144 
8162 4144 4242 4243 
8163 4144 4243 4145 
8164 4145 4243 4244 
8165 4145 4244 4146 
8166 4146 4244 4245 
8167 4146 4245 4147 
8168 4147 4245 4246 
8169 4147 4246 4148 
8170 4148 4246 4247 
8171 4148 4247 4149 
8172 4149 4247 4248 
8173 4149 4248 4150 
8174 4150 4248 4249 
8175 4150 4249 4151 
8176 4151 4249 4250 
8177 4151 4250 4152 
8178 4152 4250 4251 
8179 4152 4251 4153 
8180 4153 4251 4252 
8181 4153 4252 4154 
8182 4154 4252 4253 
8183 4154 4253 4155 
8184 4155 4253 4254 
8185 4155 4254 4156 
8186 4156 4254 4255 
8187 4156 4255 4157 
8188 4157 4255 4256 
8189 4157 4256 4158 
8190 4158 4256 4257 
8191 4158 4257 4159 
8192 4159 4257 4258 
8193 4159 4258 4160 
8194 4160 4258 4259 
8195 4160 4259 4161 
8196 4161 4259 4260 
8197 4161 4260 4162 
8198 4162 4260 4261 
8199 4162 4261 264 
8200 264 4261 263 
8201 43 44 4163 
8202 4163 44 4262 
8203 4163 4262 4164 
8204 4164 4262 4263 
8205 4164 4263 4165 
8206 4165 4263 4264 
8207 4165 4264 4166 
8208 4166 4264 4265 
8209 4166 4265 4167 
8210 4167 4265 4266 
8211 4167 4266 4168 
8212 4168 4266 4267 
8213 4168 4267 4169 
8214 4169 4267 4268 
8215 4169 4268 4170 
8216 4170 4268 4269 
8217 4170 4269 4171 
8218 4171 4269 4270 
8219 4171 4270 4172 
8220 4172 4270 4271 
8221 4172 4271 4173 
8222 4173 4271 4272 
8223 4173 4272 4174 
8224 4174 4272 4273 
8225 4174 4273 4175 
8226 4175 4273 4274 
8227 4175 4274 4176 
8228 4176 4274 4275 
8229 4176 4275 4177 
8230 4177 4275 4276 
8231 4177 4276 4178 
8232 4178 4276 4277 
8233 4178 4277 4179 
8234 4179 4277 4278 
8235 4179 4278 4180 
8236 4180 4278 4279 
8237 4180 4279 4181 
8238 4181 4279 4280 
8239 4181 4280 4182 
8240 4182 4280 4281 
8241 4182 4281 4183 
8242 4183 4281 4282 
8243 4183 4282 4184 
8244 4184 4282 4283 
8245 4184 4283 4185 
8246 4185 4283 4284 
8247 4185 4284 4186 
8248 4186 4284 4285 
8249 4186 4285 4187 
8250 4187 4285 4286 
8251 4187 4286 4188 
8252 4188 4286 4287 
8253 4188 4287 4189 
8254 4189 4287 4288 
8255 4189 4288 4190 
8256 4190 4288 4289 
8257 4190 4289 4191 
8258 4191 4289 4290 
8259 4191 4290 4192 
8260 4192 4290 4291 
8261 4192 4291 4193 
8262 4193 4291 4292 
8263 4193 4292 4194 
8264 4194 4292 4293 
8265 4194 4293 4195 
8266 4195 4293 4294 
8267 4195 4294 4196 
8268 4196 4294 4295 
8269 4196 4295 4197 
8270 4197 4295 4296 
8271 4197 4296 4198 
8272 4198 4296 4297 
8273 4198 4297 4199 
8274 4199 4297 4298 
8275 4199 4298 4200 
8276 4200 4298 4299 
8277 4200 4299 4201 
8278 4201 4299 4300 
8279 4201 4300 4202 
8280 4202 4300 4301 
8281 4202 4301 4203 
8282 4203 4301 4302 
8283 4203 4302 4204 
8284 4204 4302 4303 
8285 4204 4303 4205 
8286 4205 4303 4304 
8287 4205 4304 4206 
8288 4206 4304 4305 
8289 4206 4305 4207 
8290 4207 4305 4306 
8291 4207 4306 4208 
8292 4208 4306 4307 
8293 4208 4307 4209 
8294 4209 4307 4308 
8295 4209 4308 4210 
8296 4210 4308 4309 
8297 4210 4309 4211 
8298 4211 4309 4310 
8299 4211 4310 4212 
8300 4212 4310 4311 
8301 4212 4311 4213 
8302 4213 4311 4312 
8303 4213 4312 4214 
8304 4214 4312 4313 
8305 4214 4313 4215 
8306 4215 4313 4314 
8307 4215 4314 4216 
8308 4216 4314 4315 
8309 4216 4315 4217 
8310 4217 4315 4316 
8311 4217 4316 4218 
8312 4218 4316 4317 
8313 4218 4317 4219 
8314 4219 4317 4318 
8315 4219 4318 4220 
8316 4220 4318 4319 
8317 4220 4319 4221 
8318 4221 4319 4320 
8319 4221 4320 4222 
8320 4222 4320 4321 
8321 4222 4321 4223 
8322 4223 4321 4322 
8323 4223 4322 4224 
8324 4224 4322 4323 
8325 4224 4323 4225 
8326 4225 4323 4324 
8327 4225 4324 4226 
8328 4226 4324 4325 
8329 4226 4325 4227 
8330 4227 4325 4326 
8331 4227 4326 4228 
8332 4228 4326 4327 
8333 4228 4327 4229 
8334 4229 4327 4328 
8335 4229 4328 4230 
8336 4230 4328 4329 
8337 4230 4329 4231 
8338 4231 4329 4330 
8339 4231 4330 4232 
8340 4232 4330 4331 
8341 4232 4331 4233 
8342 4233 4331 4332 
8343 4233 4332 4234 
8344 4234 4332 4333 
8345 4234 4333 4235 
8346 4235 4333 4334 
8347 4235 4334 4236 
8348 4236 4334 4335 
8349 4236 4335 4237 
8350 4237 4335 4336 
8351 4237 4336 4238 
8352 4238 4336 4337 
8353 4238 4337 4239 
8354 4239 4337 4338 
8355 4239 4338 4240 
8356 4240 4338 4339 
8357 4240 4339 4241 
8358 4241 4339 4340 
8359 4241 4340 4242 
8360 4242 4340 4341 
8361 4242 4341 4243 
8362 4243 4341 4342 
8363 4243 4342 4244 
8364 4244 4342 4343 
8365 4244 4343 4245 
8366 4245 4343 4344 
8367 4245 4344 4246 
8368 4246 4344 4345 
8369 4246 4345 4247 
8370 4247 4345 4346 
8371 4247 4346 4248 
8372 4248 4346 4347 
8373 4248 4347 4249 
8374 4249 4347 4348 
8375 4249 4348 4250 
8376 4250 4348 4349 
8377 4250 4349 4251 
8378 4251 4349 4350 
8379 4251 4350 4252 
8380 4252 4350 4351 
8381 4252 4351 4253 
8382 4253 4351 4352 
8383 4253 4352 4254 
8384 4254 4352 4353 
8385 4254 4353 4255 
8386 4255 4353 4354 
8387 4255 4354 4256 
8388 4256 4354 4355 
8389 4256 4355 4257 
8390 4257 4355 4356 
8391 4257 4356 4258 
8392 4258 4356 4357 
8393 4258 4357 4259 
8394 4259 4357 4358 
8395 4259 4358 4260 
8396 4260 4358 4359 
8397 4260 4359 4261 
8398 4261 4359 4360 
8399 4261 4360 263 
8400 263 4360 262 
8401 44 45 4262 
8402 4262 45 4361 
8403 4262 4361 4263 
8404 4263 4361 4362 
8405 4263 4362 4264 
8406 4264 4362 4363 
8407 4264 4363 4265 
8408 4265 4363 4364 
8409 4265 4364 4266 
8410 4266 4364 4365 
8411 4266 4365 4267 
8412 4267 4365 4366 
8413 4267 4366 4268 
8414 4268 4366 4367 
8415 4268 4367 4269 
8416 4269 4367 4368 
8417 4269 4368 4270 
8418 4270 4368 4369 
8419 4270 4369 4271 
8420 4271 4369 4370 
8421 4271 4370 4272 
8422 4272 4370 4371 
8423 4272 4371 4273 
8424 4273 4371 4372 
8425 4273 4372 4274 
8426 4274 4372 4373 
8427 4274 4373 4275 
8428 4275 4373 4374 
8429 4275 4374 4276 
8430 4276 4374 4375 
8431 4276 4375 4277 
8432 4277 4375 4376 
8433 4277 4376 4278 
8434 4278 4376 4377 
8435 4278 4377 4279 
8436 4279 4377 4378 
8437 4279 4378 4280 
8438 4280 4378 4379 
8439 4280 4379 4281 
8440 4281 4379 4380 
8441 4281 4380 4282 
8442 4282 4380 4381 
8443 4282 4381 4283 
8444 4283 4381 4382 
8445 4283 4382 4284 
8446 4284 4382 4383 
8447 4284 4383 4285 
8448 4285 4383 4384 
8449 4285 4384 4286 
8450 4286 4384 4385 
8451 4286 4385 4287 
8452 4287 4385 4386 
8453 4287 4386 4288 
8454 4288 4386 4387 
8455 4288 4387 4289 
8456 4289 4387 4388 
8457 4289 4388 4290 
8458 4290 4388 4389 
8459 4290 4389 4291 
8460 4291 4389 4390 
8461 4291 4390 4292 
8462 4292 4390 4391 
8463 4292 4391 4293 
8464 4293 4391 4392 
8465 4293 4392 4294 
8466 4294 4392 4393 
8467 4294 4393 4295 
8468 4295 4393 4394 
8469 4295 4394 4296 
8470 4296 4394 4395 
8471 4296 4395 4297 
8472 4297 4395 4396 
8473 4297 4396 4298 
8474 4298 4396 4397 
8475 4298 4397 4299 
8476 4299 4397 4398 
8477 4299 4398 4300 
8478 4300 4398 4399 
8479 4300 4399 4301 
8480 4301 4399 4400 
8481 4301 4400 4302 
8482 4302 4400 4401 
8483 4302 4401 4303 
8484 4303 4401 4402 
8485 4303 4402 4304 
8486 4304 4402 4403 
8487 4304 4403 4305 
8488 4305 4403 4404 
8489 4305 4404 4306 
8490 4306 4404 4405 
8491 4306 4405 4307 
8492 4307 4405 4406 
8493 4307 4406 4308 
8494 4308 4406 4407 
8495 4308 4407 4309 
8496 4309 4407 4408 
8497 4309 4408 4310 
8498 4310 4408 4409 
8499 4310 4409 4311 
8500 4311 4409 4410 
8501 4311 4410 4312 
8502 4312 4410 4411 
8503 4312 4411 4313 
8504 4313 4411 4412 
8505 4313 4412 4314 
8506 4314 4412 4413 
8507 4314 4413 4315 
8508 4315 4413 4414 
8509 4315 4414 4316 
8510 4316 4414 4415 
8511 4316 4415 4317 
8512 4317 4415 4416 
8513 4317 4416 4318 
8514 4318 4416 4417 
8515 4318 4417 4319 
8516 4319 4417 4418 
8517 4319 4418 4320 
8518 4320 4418 4419 
8519 4320 4419 4321 
8520 4321 4419 4420 
8521 4321 4420 4322 
8522 4322 4420 4421 
8523 4322 4421 4323 
8524 4323 4421 4422 
8525 4323 4422 4324 
8526 4324 4422 4423 
8527 4324 4423 4325 
8528 4325 4423 4424 
8529 4325 4424 4326 
8530 4326 4424 4425 
8531 4326 4425 4327 
8532 4327 4425 4426 
8533 4327 4426 4328 
8534 4328 4426 4427 
8535 4328 4427 4329 
8536 4329 4427 4428 
8537 4329 4428 4330 
8538 4330 4428 4429 
8539 4330 4429 4331 
8540 4331 4429 4430 
8541 4331 4430 4332 
8542 4332 4430 4431 
8543 4332 4431 4333 
8544 4333 4431 4432 
8545 4333 4432 4334 
8546 4334 4432 4433 
8547 4334 4433 4335 
8548 4335 4433 4434 
8549 4335 4434 4336 
8550 4336 4434 4435 
8551 4336 4435 4337 
8552 4337 4435 4436 
8553 4337 4436 4338 
8554 4338 4436 4437 
8555 4338 4437 4339 
8556 4339 4437 4438 
8557 4339 4438 4340 
8558 4340 4438 4439 
8559 4340 4439 4341 
8560 4341 4439 4440 
8561 4341 4440 4342 
8562 4342 4440 4441 
8563 4342 4441 4343 
8564 4343 4441 4442 
8565 4343 4442 4344 
8566 4344 4442 4443 
8567 4344 4443 4345 
8568 4345 4443 4444 
8569 4345 4444 4346 
8570 4346 4444 4445 
8571 4346 4445 4347 
8572 4347 4445 4446 
8573 4347 4446 4348 
8574 4348 4446 4447 
8575 4348 4447 4349 
8576 4349 4447 4448 
8577 4349 4448 4350 
8578 4350 4448 4449 
8579 4350 4449 4351 
8580 4351 4449 4450 
8581 4351 4450 4352 
8582 4352 4450 4451 
8583 4352 4451 4353 
8584 4353 4451 4452 
8585 4353 4452 4354 
8586 4354 4452 4453 
8587 4354 4453 4355 
8588 4355 4453 4454 
8589 4355 4454 4356 
8590 4356 4454 4455 
8591 4356 4455 4357 
8592 4357 4455 4456 
8593 4357 4456 4358 
8594 4358 4456 4457 
8595 4358 4457 4359 
8596 4359 4457 4458 
8597 4359 4458 4360 
8598 4360 4458 4459 
8599 4360 4459 262 
8600 262 4459 261 
8601 45 46 4361 
8602 4361 46 4460 
8603 4361 4460 4362 
8604 4362 4460 4461 
8605 4362 4461 4363 
8606 4363 4461 4462 
8607 4363 4462 4364 
8608 4364 4462 4463 
8609 4364 4463 4365 
8610 4365 4463 4464 
8611 4365 4464 4366 
8612 4366 4464 4465 
8613 4366 4465 4367 
8614 4367 4465 4466 
8615 4367 4466 4368 
8616 4368 4466 4467 
8617 4368 4467 4369 
8618 4369 4467 4468 
8619 4369 4468 4370 
8620 4370 4468 4469 
8621 4370 4469 4371 
8622 4371 4469 4470 
8623 4371 4470 4372 
8624 4372 4470 4471 
8625 4372 4471 4373 
8626 4373 4471 4472 
8627 4373 4472 4374 
8628 4374 4472 4473 
8629 4374 4473 4375 
8630 4375 4473 4474 
8631 4375 4474 4376 
8632 4376 4474 4475 
8633 4376 4475 4377 
8634 4377 4475 4476 
8635 4377 4476 4378 
8636 4378 4476 4477 
8637 4378 4477 4379 
8638 4379 4477 4478 
8639 4379 4478 4380 
8640 4380 4478 4479 
8641 4380 4479 4381 
8642 4381 4479 4480 
8643 4381 4480 4382 
8644 4382 4480 4481 
8645 4382 4481 4383 
8646 4383 4481 4482 
8647 4383 4482 4384 
8648 4384 4482 4483 
8649 4384 4483 4385 
8650 4385 4483 4484 
8651 4385 4484 4386 
8652 4386 4484 4485 
8653 4386 4485 4387 
8654 4387 4485 4486 
8655 4387 4486 4388 
8656 4388 4486 4487 
8657 4388 4487 4389 
8658 4389 4487 4488 
8659 4389 4488 4390 
8660 4390 4488 4489 
8661 4390 4489 4391 
8662 4391 4489 4490 
8663 4391 4490 4392 
8664 4392 4490 4491 
8665 4392 4491 4393 
8666 4393 4491 4492 
8667 4393 4492 4394 
8668 4394 4492 4493 
8669 4394 4493 4395 
8670 4395 4493 4494 
8671 4395 4494 4396 
8672 4396 4494 4495 
8673 4396 4495 4397 
8674 4397 4495 4496 
8675 4397 4496 4398 
8676 4398 4496 4497 
8677 4398 4497 4399 
8678 4399 4497 4498 
8679 4399 4498 4400 
8680 4400 4498 4499 
8681 4400 4499 4401 
8682 4401 4499 4500 
8683 4401 4500 4402 
8684 4402 4500 4501 
8685 4402 4501 4403 
8686 4403 4501 4502 
8687 4403 4502 4404 
8688 4404 4502 4503 
8689 4404 4503 4405 
8690 4405 4503 4504 
8691 4405 4504 4406 
8692 4406 4504 4505 
8693 4406 4505 4407 
8694 4407 4505 4506 
8695 4407 4506 4408 
8696 4408 4506 4507 
8697 4408 4507 4409 
8698 4409 4507 4508 
8699 4409 4508 4410 
8700 4410 4508 4509 
8701 4410 4509 4411 
8702 4411 4509 4510 
8703 4411 4510 4412 
8704 4412 4510 4511 
8705 4412 4511 4413 
8706 4413 4511 4512 
8707 4413 4512 4414 
8708 4414 4512 4513 
8709 4414 4513 4415 
8710 4415 4513 4514 
8711 4415 4514 4416 
8712 4416 4514 4515 
8713 4416 4515 4417 
8714 4417 4515 4516 
8715 4417 4516 4418 
8716 4418 4516 4517 
8717 4418 4517 4419 
8718 4419 4517 4518 
8719 4419 4518 4420 
8720 4420 4518 4519 
8721 4420 4519 4421 
8722 4421 4519 4520 
8723 4421 4520 4422 
8724 4422 4520 4521 
8725 4422 4521 4423 
8726 4423 4521 4522 
8727 4423 4522 4424 
8728 4424 4522 4523 
8729 4424 4523 4425 
8730 4425 4523 4524 
8731 4425 4524 4426 
8732 4426 4524 4525 
8733 4426 4525 4427 
8734 4427 4525 4526 
8735 4427 4526 4428 
8736 4428 4526 4527 
8737 4428 4527 4429 
8738 4429 4527 4528 
8739 4429 4528 4430 
8740 4430 4528 4529 
8741 4430 4529 4431 
8742 4431 4529 4530 
8743 4431 4530 4432 
8744 4432 4530 4531 
8745 4432 4531 4433 
8746 4433 4531 4532 
8747 4433 4532 4434 
8748 4434 4532 4533 
8749 4434 4533 4435 
8750 4435 4533 4534 
8751 4435 4534 4436 
8752 4436 4534 4535 
8753 4436 4535 4437 
8754 4437 4535 4536 
8755 4437 4536 4438 
8756 4438 4536 4537 
8757 4438 4537 4439 
8758 4439 4537 4538 
8759 4439 4538 4440 
8760 4440 4538 4539 
8761 4440 4539 4441 
8762 4441 4539 4540 
8763 4441 4540 4442 
8764 4442 4540 4541 
8765 4442 4541 4443 
8766 4443 4541 4542 
8767 4443 4542 4444 
8768 4444 4542 4543 
8769 4444 4543 4445 
8770 4445 4543 4544 
8771 4445 4544 4446 
8772 4446 4544 4545 
8773 4446 4545 4447 
8774 4447 4545 4546 
8775 4447 4546 4448 
8776 4448 4546 4547 
8777 4448 4547 4449 
8778 4449 4547 4548 
8779 4449 4548 4450 
8780 4450 4548 4549 
8781 4450 4549 4451 
8782 4451 4549 4550 
8783 4451 4550 4452 
8784 4452 4550 4551 
8785 4452 4551 4453 
8786 4453 4551 4552 
8787 4453 4552 4454 
8788 4454 4552 4553 
8789 4454 4553 4455 
8790 4455 4553 4554 
8791 4455 4554 4456 
8792 4456 4554 4555 
8793 4456 4555 4457 
8794 4457 4555 4556 
8795 4457 4556 4458 
8796 4458 4556 4557 
8797 4458 4557 4459 
8798 4459 4557 4558 
8799 4459 4558 261 
8800 261 4558 260 
8801 46 47 4460 
8802 4460 47 4559 
8803 4460 4559 4461 
8804 4461 4559 4560 
8805 4461 4560 4462 
8806 4462 4560 4561 
8807 4462 4561 4463 
8808 4463 4561 4562 
8809 4463 4562 4464 
8810 4464 4562 4563 
8811 4464 4563 4465 
8812 4465 4563 4564 
8813 4465 4564 4466 
8814 4466 4564 4565 
8815 4466 4565 4467 
8816 4467 4565 4566 
8817 4467 4566 4468 
8818 4468 4566 4567 
8819 4468 4567 4469 
8820 4469 4567 4568 
8821 4469 4568 4470 
8822 4470 4568 4569 
8823 4470 4569 4471 
8824 4471 4569 4570 
8825 4471 4570 4472 
8826 4472 4570 4571 
8827 4472 4571 4473 
8828 4473 4571 4572 
8829 4473 4572 4474 
8830 4474 4572 4573 
8831 4474 4573 4475 
8832 4475 4573 4574 
8833 4475 4574 4476 
8834 4476 4574 4575 
8835 4476 4575 4477 
8836 4477 4575 4576 
8837 4477 4576 4478 
8838 4478 4576 4577 
8839 4478 4577 4479 
8840 4479 4577 4578 
8841 4479 4578 4480 
8842 4480 4578 4579 
8843 4480 4579 4481 
8844 4481 4579 4580 
8845 4481 4580 4482 
8846 4482 4580 4581 
8847 4482 4581 4483 
8848 4483 4581 4582 
8849 4483 4582 4484 
8850 4484 4582 4583 
8851 4484 4583 4485 
8852 4485 4583 4584 
8853 4485 4584 4486 
8854 4486 4584 4585 
8855 4486 4585 4487 
8856 4487 4585 4586 
8857 4487 4586 4488 
8858 4488 4586 4587 
8859 4488 4587 4489 
8860 4489 4587 4588 
8861 4489 4588 4490 
8862 4490 4588 4589 
8863 4490 4589 4491 
8864 4491 4589 4590 
8865 4491 4590 4492 
8866 4492 4590 4591 
8867 4492 4591 4493 
8868 4493 4591 4592 
8869 4493 4592 4494 
8870 4494 4592 4593 
8871 4494 4593 4495 
8872 4495 4593 4594 
8873 4495 4594 4496 
8874 4496 4594 4595 
8875 4496 4595 4497 
8876 4497 4595 4596 
8877 4497 4596 4498 
8878 4498 4596 4597 
8879 4498 4597 4499 
8880 4499 4597 4598 
8881 4499 4598 4500 
8882 4500 4598 4599 
8883 4500 4599 4501 
8884 4501 4599 4600 
8885 4501 4600 4502 
8886 4502 4600 4601 
8887 4502 4601 4503 
8888 4503 4601 4602 
8889 4503 4602 4504 
8890 4504 4602 4603 
8891 4504 4603 4505 
8892 4505 4603 4604 
8893 4505 4604 4506 
8894 4506 4604 4605 
8895 4506 4605 4507 
8896 4507 4605 4606 
8897 4507 4606 4508 
8898 4508 4606 4607 
8899 4508 4607 4509 
8900 4509 4607 4608 
8901 4509 4608 4510 
8902 4510 4608 4609 
8903 4510 4609 4511 
8904 4511 4609 4610 
8905 4511 4610 4512 
8906 4512 4610 4611 
8907 4512 4611 4513 
8908 4513 4611 4612 
8909 4513 4612 4514 
8910 4514 4612 4613 
8911 4514 4613 4515 
8912 4515 4613 4614 
8913 4515 4614 4516 
8914 4516 4614 4615 
8915 4516 4615 4517 
8916 4517 4615 4616 
8917 4517 4616 4518 
8918 4518 4616 4617 
8919 4518 4617 4519 
8920 4519 4617 4618 
8921 4519 4618 4520 
8922 4520 4618 4619 
8923 4520 4619 4521 
8924 4521 4619 4620 
8925 4521 4620 4522 
8926 4522 4620 4621 
8927 4522 4621 4523 
8928 4523 4621 4622 
8929 4523 4622 4524 
8930 4524 4622 4623 
8931 4524 4623 4525 
8932 4525 4623 4624 
8933 4525 4624 4526 
8934 4526 4624 4625 
8935 4526 4625 4527 
8936 4527 4625 4626 
8937 4527 4626 4528 
8938 4528 4626 4627 
8939 4528 4627 4529 
8940 4529 4627 4628 
8941 4529 4628 4530 
8942 4530 4628 4629 
8943 4530 4629 4531 
8944 4531 4629 4630 
8945 4531 4630 4532 
8946 4532 4630 4631 
8947 4532 4631 4533 
8948 4533 4631 4632 
8949 4533 4632 4534 
8950 4534 4632 4633 
8951 4534 4633 4535 
8952 4535 4633 4634 
8953 4535 4634 4536 
8954 4536 4634 4635 
8955 4536 4635 4537 
8956 4537 4635 4636 
8957 4537 4636 4538 
8958 4538 4636 4637 
8959 4538 4637 4539 
8960 4539 4637 4638 
8961 4539 4638 4540 
8962 4540 4638 4639 
8963 4540 4639 4541 
8964 4541 4639 4640 
8965 4541 4640 4542 
8966 4542 4640 4641 
8967 4542 4641 4543 
8968 4543 4641 4642 
8969 4543 4642 4544 
8970 4544 4642 4643 
8971 4544 4643 4545 
8972 4545 4643 4644 
8973 4545 4644 4546 
8974 4546 4644 4645 
8975 4546 4645 4547 
8976 4547 4645 4646 
8977 4547 4646 4548 
8978 4548 4646 4647 
8979 4548 4647 4549 
8980 4549 4647 4648 
8981 4549 4648 4550 
8982 4550 4648 4649 
8983 4550 4649 4551 
8984 4551 4649 4650 
8985 4551 4650 4552 
8986 4552 4650 4651 
8987 4552 4651 4553 
8988 4553 4651 4652 
8989 4553 4652 4554 
8990 4554 4652 4653 
8991 4554 4653 4555 
8992 4555 4653 4654 
8993 4555 4654 4556 
8994 4556 4654 4655 
8995 4556 4655 4557 
8996 4557 4655 4656 
8997 4557 4656 4558 
8998 4558 4656 4657 
8999 4558 4657 260 
9000 260 4657 259 
9001 47 48 4559 
9002 4559 48 4658 
9003 4559 4658 4560 
9004 4560 4658 4659 
9005 4560 4659 4561 
9006 4561 4659 4660 
9007 4561 4660 4562 
9008 4562 4660 4661 
9009 4562 4661 4563 
9010 4563 4661 4662 
9011 4563 4662 4564 
9012 4564 4662 4663 
9013 4564 4663 4565 
9014 4565 4663 4664 
9015 4565 4664 4566 
9016 4566 4664 4665 
9017 4566 4665 4567 
9018 4567 4665 4666 
9019 4567 4666 4568 
9020 4568 4666 4667 
9021 4568 4667 4569 
9022 4569 4667 4668 
9023 4569 4668 4570 
9024 4570 4668 4669 
9025 4570 4669 4571 
9026 4571 4669 4670 
9027 4571 4670 4572 
9028 4572 4670 4671 
9029 4572 4671 4573 
9030 4573 4671 4672 
9031 4573 4672 4574 
9032 4574 4672 4673 
9033 4574 4673 4575 
9034 4575 4673 4674 
9035 4575 4674 4576 
9036 4576 4674 4675 
9037 4576 4675 4577 
9038 4577 4675 4676 
9039 4577 4676 4578 
9040 4578 4676 4677 
9041 4578 4677 4579 
9042 4579 4677 4678 
9043 4579 4678 4580 
9044 4580 4678 4679 
9045 4580 4679 4581 
9046 4581 4679 4680 
9047 4581 4680 4582 
9048 4582 4680 4681 
9049 4582 4681 4583 
9050 4583 4681 4682 
9051 4583 4682 4584 
9052 4584 4682 4683 
9053 4584 4683 4585 
9054 4585 4683 4684 
9055 4585 4684 4586 
9056 4586 4684 4685 
9057 4586 4685 4587 
9058 4587 4685 4686 
9059 4587 4686 4588 
9060 4588 4686 4687 
9061 4588 4687 4589 
9062 4589 4687 4688 
9063 4589 4688 4590 
9064 4590 4688 4689 
9065 4590 4689 4591 
9066 4591 4689 4690 
9067 4591 4690 4592 
9068 4592 4690 4691 
9069 4592 4691 4593 
9070 4593 4691 4692 
9071 4593 4692 4594 
9072 4594 4692 4693 
9073 4594 4693 4595 
9074 4595 4693 4694 
9075 4595 4694 4596 
9076 4596 4694 4695 
9077 4596 4695 4597 
9078 4597 4695 4696 
9079 4597 4696 4598 
9080 4598 4696 4697 
9081 4598 4697 4599 
9082 4599 4697 4698 
9083 4599 4698 4600 
9084 4600 4698 4699 
9085 4600 4699 4601 
9086 4601 4699 4700 
9087 4601 4700 4602 
9088 4602 4700 4701 
9089 4602 4701 4603 
9090 4603 4701 4702 
9091 4603 4702 4604 
9092 4604 4702 4703 
9093 4604 4703 4605 
9094 4605 4703 4704 
9095 4605 4704 4606 
9096 4606 4704 4705 
9097 4606 4705 4607 
9098 4607 4705 4706 
9099 4607 4706 4608 
9100 4608 4706 4707 
9101 4608 4707 4609 
9102 4609 4707 4708 
9103 4609 4708 4610 
9104 4610 4708 4709 
9105 4610 4709 4611 
9106 4611 4709 4710 
9107 4611 4710 4612 
9108 4612 4710 4711 
9109 4612 4711 4613 
9110 4613 4711 4712 
9111 4613 4712 4614 
9112 4614 4712 4713 
9113 4614 4713 4615 
9114 4615 4713 4714 
9115 4615 4714 4616 
9116 4616 4714 4715 
9117 4616 4715 4617 
9118 4617 4715 4716 
9119 4617 4716 4618 
9120 4618 4716 4717 
9121 4618 4717 4619 
9122 4619 4717 4718 
9123 4619 4718 4620 
9124 4620 4718 4719 
9125 4620 4719 4621 
9126 4621 4719 4720 
9127 4621 4720 4622 
9128 4622 4720 4721 
9129 4622 4721 4623 
9130 4623 4721 4722 
9131 4623 4722 4624 
9132 4624 4722 4723 
9133 4624 4723 4625 
9134 4625 4723 4724 
9135 4625 4724 4626 
9136 4626 4724 4725 
9137 4626 4725 4627 
9138 4627 4725 4726 
9139 4627 4726 4628 
9140 4628 4726 4727 
9141 4628 4727 4629 
9142 4629 4727 4728 
9143 4629 4728 4630 
9144 4630 4728 4729 
9145 4630 4729 4631 
9146 4631 4729 4730 
9147 4631 4730 4632 
9148 4632 4730 4731 
9149 4632 4731 4633 
9150 4633 4731 4732 
9151 4633 4732 4634 
9152 4634 4732 4733 
9153 4634 4733 4635 
9154 4635 4733 4734 
9155 4635 4734 4636 
9156 4636 4734 4735 
9157 4636 4735 4637 
9158 4637 4735 4736 
9159 4637 4736 4638 
9160 4638 4736 4737 
9161 4638 4737 4639 
9162 4639 4737 4738 
9163 4639 4738 4640 
9164 4640 4738 4739 
9165 4640 4739 4641 
9166 4641 4739 4740 
9167 4641 4740 4642 
9168 4642 4740 4741 
9169 4642 4741 4643 
9170 4643 4741 4742 
9171 4643 4742 4644 
9172 4644 4742 4743 
9173 4644 4743 4645 
9174 4645 4743 4744 
9175 4645 4744 4646 
9176 4646 4744 4745 
9177 4646 4745 4647 
9178 4647 4745 4746 
9179 4647 4746 4648 
9180 4648 4746 4747 
9181 4648 4747 4649 
9182 4649 4747 4748 
9183 4649 4748 4650 
9184 4650 4748 4749 
9185 4650 4749 4651 
9186 4651 4749 4750 
9187 4651 4750 4652 
9188 4652 4750 4751 
9189 4652 4751 4653 
9190 4653 4751 4752 
9191 4653 4752 4654 
9192 4654 4752 4753 
9193 4654 4753 4655 
9194 4655 4753 4754 
9195 4655 4754 4656 
9196 4656 4754 4755 
9197 4656 4755 4657 
9198 4657 4755 4756 
9199 4657 4756 259 
9200 259 4756 258 
9201 48 49 4658 
9202 4658 49 4757 
9203 4658 4757 4659 
9204 4659 4757 4758 
9205 4659 4758 4660 
9206 4660 4758 4759 
9207 4660 4759 4661 
9208 4661 4759 4760 
9209 4661 4760 4662 
9210 4662 4760 4761 
9211 4662 4761 4663 
9212 4663 4761 4762 
9213 4663 4762 4664 
9214 4664 4762 4763 
9215 4664 4763 4665 
9216 4665 4763 4764 
9217 4665 4764 4666 
9218 4666 4764 4765 
9219 4666 4765 4667 
9220 4667 4765 4766 
9221 4667 4766 4668 
9222 4668 4766 4767 
9223 4668 4767 4669 
9224 4669 4767 4768 
9225 4669 4768 4670 
9226 4670 4768 4769 
9227 4670 4769 4671 
9228 4671 4769 4770 
9229 4671 4770 4672 
9230 4672 4770 4771 
9231 4672 4771 4673 
9232 4673 4771 4772 
9233 4673 4772 4674 
9234 4674 4772 4773 
9235 4674 4773 4675 
9236 4675 4773 4774 
9237 4675 4774 4676 
9238 4676 4774 4775 
9239 4676 4775 4677 
9240 4677 4775 4776 
9241 4677 4776 4678 
9242 4678 4776 4777 
9243 4678 4777 4679 
9244 4679 4777 4778 
9245 4679 4778 4680 
9246 4680 4778 4779 
9247 4680 4779 4681 
9248 4681 4779 4780 
9249 4681 4780 4682 
9250 4682 4780 4781 
9251 4682 4781 4683 
9252 4683 4781 4782 
9253 4683 4782 4684 
9254 4684 4782 4783 
9255 4684 4783 4685 
9256 4685 4783 4784 
9257 4685 4784 4686 
9258 4686 4784 4785 
9259 4686 4785 4687 
9260 4687 4785 4786 
9261 4687 4786 4688 
9262 4688 4786 4787 
9263 4688 4787 4689 
9264 4689 4787 4788 
9265 4689 4788 4690 
9266 4690 4788 4789 
9267 4690 4789 4691 
9268 4691 4789 4790 
9269 4691 4790 4692 
9270 4692 4790 4791 
9271 4692 4791 4693 
9272 4693 4791 4792 
9273 4693 4792 4694 
9274 4694 4792 4793 
9275 4694 4793 4695 
9276 4695 4793 4794 
9277 4695 4794 4696 
9278 4696 4794 4795 
9279 4696 4795 4697 
9280 4697 4795 4796 
9281 4697 4796 4698 
9282 4698 4796 4797 
9283 4698 4797 4699 
9284 4699 4797 4798 
9285 4699 4798 4700 
9286 4700 4798 4799 
9287 4700 4799 4701 
9288 4701 4799 4800 
9289 4701 4800 4702 
9290 4702 4800 4801 
9291 4702 4801 4703 
9292 4703 4801 4802 
9293 4703 4802 4704 
9294 4704 4802 4803 
9295 4704 4803 4705 
9296 4705 4803 4804 
9297 4705 4804 4706 
9298 4706 4804 4805 
9299 4706 4805 4707 
9300 4707 4805 4806 
9301 4707 4806 4708 
9302 4708 4806 4807 
9303 4708 4807 4709 
9304 4709 4807 4808 
9305 4709 4808 4710 
9306 4710 4808 4809 
9307 4710 4809 4711 
9308 4711 4809 4810 
9309 4711 4810 4712 
9310 4712 4810 4811 
9311 4712 4811 4713 
9312 4713 4811 4812 
9313 4713 4812 4714 
9314 4714 4812 4813 
9315 4714 4813 4715 
9316 4715 4813 4814 
9317 4715 4814 4716 
9318 4716 4814 4815 
9319 4716 4815 4717 
9320 4717 4815 4816 
9321 4717 4816 4718 
9322 4718 4816 4817 
9323 4718 4817 4719 
9324 4719 4817 4818 
9325 4719 4818 4720 
9326 4720 4818 4819 
9327 4720 4819 4721 
9328 4721 4819 4820 
9329 4721 4820 4722 
9330 4722 4820 4821 
9331 4722 4821 4723 
9332 4723 4821 4822 
9333 4723 4822 4724 
9334 4724 4822 4823 
9335 4724 4823 4725 
9336 4725 4823 4824 
9337 4725 4824 4726 
9338 4726 4824 4825 
9339 4726 4825 4727 
9340 4727 4825 4826 
9341 4727 4826 4728 
9342 4728 4826 4827 
9343 4728 4827 4729 
9344 4729 4827 4828 
9345 4729 4828 4730 
9346 4730 4828 4829 
9347 4730 4829 4731 
9348 4731 4829 4830 
9349 4731 4830 4732 
9350 4732 4830 4831 
9351 4732 4831 4733 
9352 4733 4831 4832 
9353 4733 4832 4734 
9354 4734 4832 4833 
9355 4734 4833 4735 
9356 4735 4833 4834 
9357 4735 4834 4736 
9358 4736 4834 4835 
9359 4736 4835 4737 
9360 4737 4835 4836 
9361 4737 4836 4738 
9362 4738 4836 4837 
9363 4738 4837 4739 
9364 4739 4837 4838 
9365 4739 4838 4740 
9366 4740 4838 4839 
9367 4740 4839 4741 
9368 4741 4839 4840 
9369 4741 4840 4742 
9370 4742 4840 4841 
9371 4742 4841 4743 
9372 4743 4841 4842 
9373 4743 4842 4744 
9374 4744 4842 4843 
9375 4744 4843 4745 
9376 4745 4843 4844 
9377 4745 4844 4746 
9378 4746 4844 4845 
9379 4746 4845 4747 
9380 4747 4845 4846 
9381 4747 4846 4748 
9382 4748 4846 4847 
9383 4748 4847 4749 
9384 4749 4847 4848 
9385 4749 4848 4750 
9386 4750 4848 4849 
9387 4750 4849 4751 
9388 4751 4849 4850 
9389 4751 4850 4752 
9390 4752 4850 4851 
9391 4752 4851 4753 
9392 4753 4851 4852 
9393 4753 4852 4754 
9394 4754 4852 4853 
9395 4754 4853 4755 
9396 4755 4853 4854 
9397 4755 4854 4756 
9398 4756 4854 4855 
9399 4756 4855 258 
9400 258 4855 257 
9401 49 50 4757 
9402 4757 50 4856 
9403 4757 4856 4758 
9404 4758 4856 4857 
9405 4758 4857 4759 
9406 4759 4857 4858 
9407 4759 4858 4760 
9408 4760 4858 4859 
9409 4760 4859 4761 
9410 4761 4859 4860 
9411 4761 4860 4762 
9412 4762 4860 4861 
9413 4762 4861 4763 
9414 4763 4861 4862 
9415 4763 4862 4764 
9416 4764 4862 4863 
9417 4764 4863 4765 
9418 4765 4863 4864 
9419 4765 4864 4766 
9420 4766 4864 4865 
9421 4766 4865 4767 
9422 4767 4865 4866 
9423 4767 4866 4768 
9424 4768 4866 4867 
9425 4768 4867 4769 
9426 4769 4867 4868 
9427 4769 4868 4770 
9428 4770 4868 4869 
9429 4770 4869 4771 
9430 4771 4869 4870 
9431 4771 4870 4772 
9432 4772 4870 4871 
9433 4772 4871 4773 
9434 4773 4871 4872 
9435 4773 4872 4774 
9436 4774 4872 4873 
9437 4774 4873 4775 
9438 4775 4873 4874 
9439 4775 4874 4776 
9440 4776 4874 4875 
9441 4776 4875 4777 
9442 4777 4875 4876 
9443 4777 4876 4778 
9444 4778 4876 4877 
9445 4778 4877 4779 
9446 4779 4877 4878 
9447 4779 4878 4780 
9448 4780 4878 4879 
9449 4780 4879 4781 
9450 4781 4879 4880 
9451 4781 4880 4782 
9452 4782 4880 4881 
9453 4782 4881 4783 
9454 4783 4881 4882 
9455 4783 4882 4784 
9456 4784 4882 4883 
9457 4784 4883 4785 
9458 4785 4883 4884 
9459 4785 4884 4786 
9460 4786 4884 4885 
9461 4786 4885 4787 
9462 4787 4885 4886 
9463 4787 4886 4788 
9464 4788 4886 4887 
9465 4788 4887 4789 
9466 4789 4887 4888 
9467 4789 4888 4790 
9468 4790 4888 4889 
9469 4790 4889 4791 
9470 4791 4889 4890 
9471 4791 4890 4792 
9472 4792 4890 4891 
9473 4792 4891 4793 
9474 4793 4891 4892 
9475 4793 4892 4794 
9476 4794 4892 4893 
9477 4794 4893 4795 
9478 4795 4893 4894 
9479 4795 4894 4796 
9480 4796 4894 4895 
9481 4796 4895 4797 
9482 4797 4895 4896 
9483 4797 4896 4798 
9484 4798 4896 4897 
9485 4798 4897 4799 
9486 4799 4897 4898 
9487 4799 4898 4800 
9488 4800 4898 4899 
9489 4800 4899 4801 
9490 4801 4899 4900 
9491 4801 4900 4802 
9492 4802 4900 4901 
9493 4802 4901 4803 
9494 4803 4901 4902 
9495 4803 4902 4804 
9496 4804 4902 4903 
9497 4804 4903 4805 
9498 4805 4903 4904 
9499 4805 4904 4806 
9500 4806 4904 4905 
9501 4806 4905 4807 
9502 4807 4905 4906 
9503 4807 4906 4808 
9504 4808 4906 4907 
9505 4808 4907 4809 
9506 4809 4907 4908 
9507 4809 4908 4810 
9508 4810 4908 4909 
9509 4810 4909 4811 
9510 4811 4909 4910 
9511 4811 4910 4812 
9512 4812 4910 4911 
9513 4812 4911 4813 
9514 4813 4911 4912 
9515 4813 4912 4814 
9516 4814 4912 4913 
9517 4814 4913 4815 
9518 4815 4913 4914 
9519 4815 4914 4816 
9520 4816 4914 4915 
9521 4816 4915 4817 
9522 4817 4915 4916 
9523 4817 4916 4818 
9524 4818 4916 4917 
9525 4818 4917 4819 
9526 4819 4917 4918 
9527 4819 4918 4820 
9528 4820 4918 4919 
9529 4820 4919 4821 
9530 4821 4919 4920 
9531 4821 4920 4822 
9532 4822 4920 4921 
9533 4822 4921 4823 
9534 4823 4921 4922 
9535 4823 4922 4824 
9536 4824 4922 4923 
9537 4824 4923 4825 
9538 4825 4923 4924 
9539 4825 4924 4826 
9540 4826 4924 4925 
9541 4826 4925 4827 
9542 4827 4925 4926 
9543 4827 4926 4828 
9544 4828 4926 4927 
9545 4828 4927 4829 
9546 4829 4927 4928 
9547 4829 4928 4830 
9548 4830 4928 4929 
9549 4830 4929 4831 
9550 4831 4929 4930 
9551 4831 4930 4832 
9552 4832 4930 4931 
9553 4832 4931 4833 
9554 4833 4931 4932 
9555 4833 4932 4834 
9556 4834 4932 4933 
9557 4834 4933 4835 
9558 4835 4933 4934 
9559 4835 4934 4836 
9560 4836 4934 4935 
9561 4836 4935 4837 
9562 4837 4935 4936 
9563 4837 4936 4838 
9564 4838 4936 4937 
9565 4838 4937 4839 
9566 4839 4937 4938 
9567 4839 4938 4840 
9568 4840 4938 4939 
9569 4840 4939 4841 
9570 4841 4939 4940 
9571 4841 4940 4842 
9572 4842 4940 4941 
9573 4842 4941 4843 
9574 4843 4941 4942 
9575 4843 4942 4844 
9576 4844 4942 4943 
9577 4844 4943 4845 
9578 4845 4943 4944 
9579 4845 4944 4846 
9580 4846 4944 4945 
9581 4846 4945 4847 
9582 4847 4945 4946 
9583 4847 4946 4848 
9584 4848 4946 4947 
9585 4848 4947 4849 
9586 4849 4947 4948 
9587 4849 4948 4850 
9588 4850 4948 4949 
9589 4850 4949 4851 
9590 4851 4949 4950 
9591 4851 4950 4852 
9592 4852 4950 4951 
9593 4852 4951 4853 
9594 4853 4951 4952 
9595 4853 4952 4854 
9596 4854 4952 4953 
9597 4854 4953 4855 
9598 4855 4953 4954 
9599 4855 4954 257 
9600 257 4954 256 
9601 50 51 4856 
9602 4856 51 4955 
9603 4856 4955 4857 
9604 4857 4955 4956 
9605 4857 4956 4858 
9606 4858 4956 4957 
9607 4858 4957 4859 
9608 4859 4957 4958 
9609 4859 4958 4860 
9610 4860 4958 4959 
9611 4860 4959 4861 
9612 4861 4959 4960 
9613 4861 4960 4862 
9614 4862 4960 4961 
9615 4862 4961 4863 
9616 4863 4961 4962 
9617 4863 4962 4864 
9618 4864 4962 4963 
9619 4864 4963 4865 
9620 4865 4963 4964 
9621 4865 4964 4866 
9622 4866 4964 4965 
9623 4866 4965 4867 
9624 4867 4965 4966 
9625 4867 4966 4868 
9626 4868 4966 4967 
9627 4868 4967 4869 
9628 4869 4967 4968 
9629 4869 4968 4870 
9630 4870 4968 4969 
9631 4870 4969 4871 
9632 4871 4969 4970 
9633 4871 4970 4872 
9634 4872 4970 4971 
9635 4872 4971 4873 
9636 4873 4971 4972 
9637 4873 4972 4874 
9638 4874 4972 4973 
9639 4874 4973 4875 
9640 4875 4973 4974 
9641 4875 4974 4876 
9642 4876 4974 4975 
9643 4876 4975 4877 
9644 4877 4975 4976 
9645 4877 4976 4878 
9646 4878 4976 4977 
9647 4878 4977 4879 
9648 4879 4977 4978 
9649 4879 4978 4880 
9650 4880 4978 4979 
9651 4880 4979 4881 
9652 4881 4979 4980 
9653 4881 4980 4882 
9654 4882 4980 4981 
9655 4882 4981 4883 
9656 4883 4981 4982 
9657 4883 4982 4884 
9658 4884 4982 4983 
9659 4884 4983 4885 
9660 4885 4983 4984 
9661 4885 4984 4886 
9662 4886 4984 4985 
9663 4886 4985 4887 
9664 4887 4985 4986 
9665 4887 4986 4888 
9666 4888 4986 4987 
9667 4888 4987 4889 
9668 4889 4987 4988 
9669 4889 4988 4890 
9670 4890 4988 4989 
9671 4890 4989 4891 
9672 4891 4989 4990 
9673 4891 4990 4892 
9674 4892 4990 4991 
9675 4892 4991 4893 
9676 4893 4991 4992 
9677 4893 4992 4894 
9678 4894 4992 4993 
9679 4894 4993 4895 
9680 4895 4993 4994 
9681 4895 4994 4896 
9682 4896 4994 4995 
9683 4896 4995 4897 
9684 4897 4995 4996 
9685 4897 4996 4898 
9686 4898 4996 4997 
9687 4898 4997 4899 
9688 4899 4997 4998 
9689 4899 4998 4900 
9690 4900 4998 4999 
9691 4900 4999 4901 
9692 4901 4999 5000 
9693 4901 5000 4902 
9694 4902 5000 5001 
9695 4902 5001 4903 
9696 4903 5001 5002 
9697 4903 5002 4904 
9698 4904 5002 5003 
9699 4904 5003 4905 
9700 4905 5003 5004 
9701 4905 5004 4906 
9702 4906 5004 5005 
9703 4906 5005 4907 
9704 4907 5005 5006 
9705 4907 5006 4908 
9706 4908 5006 5007 
9707 4908 5007 4909 
9708 4909 5007 5008 
9709 4909 5008 4910 
9710 4910 5008 5009 
9711 4910 5009 4911 
9712 4911 5009 5010 
9713 4911 5010 4912 
9714 4912 5010 5011 
9715 4912 5011 4913 
9716 4913 5011 5012 
9717 4913 5012 4914 
9718 4914 5012 5013 
9719 4914 5013 4915 
9720 4915 5013 5014 
9721 4915 5014 4916 
9722 4916 5014 5015 
9723 4916 5015 4917 
9724 4917 5015 5016 
9725 4917 5016 4918 
9726 4918 5016 5017 
9727 4918 5017 4919 
9728 4919 5017 5018 
9729 4919 5018 4920 
9730 4920 5018 5019 
9731 4920 5019 4921 
9732 4921 5019 5020 
9733 4921 5020 4922 
9734 4922 5020 5021 
9735 4922 5021 4923 
9736 4923 5021 5022 
9737 4923 5022 4924 
9738 4924 5022 5023 
9739 4924 5023 4925 
9740 4925 5023 5024 
9741 4925 5024 4926 
9742 4926 5024 5025 
9743 4926 5025 4927 
9744 4927 5025 5026 
9745 4927 5026 4928 
9746 4928 5026 5027 
9747 4928 5027 4929 
9748 4929 5027 5028 
9749 4929 5028 4930 
9750 4930 5028 5029 
9751 4930 5029 4931 
9752 4931 5029 5030 
9753 4931 5030 4932 
9754 4932 5030 5031 
9755 4932 5031 4933 
9756 4933 5031 5032 
9757 4933 5032 4934 
9758 4934 5032 5033 
9759 4934 5033 4935 
9760 4935 5033 5034 
9761 4935 5034 4936 
9762 4936 5034 5035 
9763 4936 5035 4937 
9764 4937 5035 5036 
9765 4937 5036 4938 
9766 4938 5036 5037 
9767 4938 5037 4939 
9768 4939 5037 5038 
9769 4939 5038 4940 
9770 4940 5038 5039 
9771 4940 5039 4941 
9772 4941 5039 5040 
9773 4941 5040 4942 
9774 4942 5040 5041 
9775 4942 5041 4943 
9776 4943 5041 5042 
9777 4943 5042 4944 
9778 4944 5042 5043 
9779 4944 5043 4945 
9780 4945 5043 5044 
9781 4945 5044 4946 
9782 4946 5044 5045 
9783 4946 5045 4947 
9784 4947 5045 5046 
9785 4947 5046 4948 
9786 4948 5046 5047 
9787 4948 5047 4949 
9788 4949 5047 5048 
9789 4949 5048 4950 
9790 4950 5048 5049 
9791 4950 5049 4951 
9792 4951 5049 5050 
9793 4951 5050 4952 
9794 4952 5050 5051 
9795 4952 5051 4953 
9796 4953 5051 5052 
9797 4953 5052 4954 
9798 4954 5052 5053 
9799 4954 5053 256 
9800 256 5053 255 
9801 51 52 4955 
9802 4955 52 5054 
9803 4955 5054 4956 
9804 4956 5054 5055 
9805 4956 5055 4957 
9806 4957 5055 5056 
9807 4957 5056 4958 
9808 4958 5056 5057 
9809 4958 5057 4959 
9810 4959 5057 5058 
9811 4959 5058 4960 
9812 4960 5058 5059 
9813 4960 5059 4961 
9814 4961 5059 5060 
9815 4961 5060 4962 
9816 4962 5060 5061 
9817 4962 5061 4963 
9818 4963 5061 5062 
9819 4963 5062 4964 
9820 4964 5062 5063 
9821 4964 5063 4965 
9822 4965 5063 5064 
9823 4965 5064 4966 
9824 4966 5064 5065 
9825 4966 5065 4967 
9826 4967 5065 5066 
9827 4967 5066 4968 
9828 4968 5066 5067 
9829 4968 5067 4969 
9830 4969 5067 5068 
9831 4969 5068 4970 
9832 4970 5068 5069 
9833 4970 5069 4971 
9834 4971 5069 5070 
9835 4971 5070 4972 
9836 4972 5070 5071 
9837 4972 5071 4973 
9838 4973 5071 5072 
9839 4973 5072 4974 
9840 4974 5072 5073 
9841 4974 5073 4975 
9842 4975 5073 5074 
9843 4975 5074 4976 
9844 4976 5074 5075 
9845 4976 5075 4977 
9846 4977 5075 5076 
9847 4977 5076 4978 
9848 4978 5076 5077 
9849 4978 5077 4979 
9850 4979 5077 5078 
9851 4979 5078 4980 
9852 4980 5078 5079 
9853 4980 5079 4981 
9854 4981 5079 5080 
9855 4981 5080 4982 
9856 4982 5080 5081 
9857 4982 5081 4983 
9858 4983 5081 5082 
9859 4983 5082 4984 
9860 4984 5082 5083 
9861 4984 5083 4985 
9862 4985 5083 5084 
9863 4985 5084 4986 
9864 4986 5084 5085 
9865 4986 5085 4987 
9866 4987 5085 5086 
9867 4987 5086 4988 
9868 4988 5086 5087 
9869 4988 5087 4989 
9870 4989 5087 5088 
9871 4989 5088 4990 
9872 4990 5088 5089 
9873 4990 5089 4991 
9874 4991 5089 5090 
9875 4991 5090 4992 
9876 4992 5090 5091 
9877 4992 5091 4993 
9878 4993 5091 5092 
9879 4993 5092 4994 
9880 4994 5092 5093 
9881 4994 5093 4995 
9882 4995 5093 5094 
9883 4995 5094 4996 
9884 4996 5094 5095 
9885 4996 5095 4997 
9886 4997 5095 5096 
9887 4997 5096 4998 
9888 4998 5096 5097 
9889 4998 5097 4999 
9890 4999 5097 5098 
9891 4999 5098 5000 
9892 5000 5098 5099 
9893 5000 5099 5001 
9894 5001 5099 5100 
9895 5001 5100 5002 
9896 5002 5100 5101 
9897 5002 5101 5003 
9898 5003 5101 5102 
9899 5003 5102 5004 
9900 5004 5102 5103 
9901 5004 5103 5005 
9902 5005 5103 5104 
9903 5005 5104 5006 
9904 5006 5104 5105 
9905 5006 5105 5007 
9906 5007 5105 5106 
9907 5007 5106 5008 
9908 5008 5106 5107 
9909 5008 5107 5009 
9910 5009 5107 5108 
9911 5009 5108 5010 
9912 5010 5108 5109 
9913 5010 5109 5011 
9914 5011 5109 5110 
9915 5011 5110 5012 
9916 5012 5110 5111 
9917 5012 5111 5013 
9918 5013 5111 5112 
9919 5013 5112 5014 
9920 5014 5112 5113 
9921 5014 5113 5015 
9922 5015 5113 5114 
9923 5015 5114 5016 
9924 5016 5114 5115 
9925 5016 5115 5017 
9926 5017 5115 5116 
9927 5017 5116 5018 
9928 5018 5116 5117 
9929 5018 5117 5019 
9930 5019 5117 5118 
9931 5019 5118 5020 
9932 5020 5118 5119 
9933 5020 5119 5021 
9934 5021 5119 5120 
9935 5021 5120 5022 
9936 5022 5120 5121 
9937 5022 5121 5023 
9938 5023 5121 5122 
9939 5023 5122 5024 
9940 5024 5122 5123 
9941 5024 5123 5025 
9942 5025 5123 5124 
9943 5025 5124 5026 
9944 5026 5124 5125 
9945 5026 5125 5027 
9946 5027 5125 5126 
9947 5027 5126 5028 
9948 5028 5126 5127 
9949 5028 5127 5029 
9950 5029 5127 5128 
9951 5029 5128 5030 
9952 5030 5128 5129 
9953 5030 5129 5031 
9954 5031 5129 5130 
9955 5031 5130 5032 
9956 5032 5130 5131 
9957 5032 5131 5033 
9958 5033 5131 5132 
9959 5033 5132 5034 
9960 5034 5132 5133 
9961 5034 5133 5035 
9962 5035 5133 5134 
9963 5035 5134 5036 
9964 5036 5134 5135 
9965 5036 5135 5037 
9966 5037 5135 5136 
9967 5037 5136 5038 
9968 5038 5136 5137 
9969 5038 5137 5039 
9970 5039 5137 5138 
9971 5039 5138 5040 
9972 5040 5138 5139 
9973 5040 5139 5041 
9974 5041 5139 5140 
9975 5041 5140 5042 
9976 5042 5140 5141 
9977 5042 5141 5043 
9978 5043 5141 5142 
9979 5043 5142 5044 
9980 5044 5142 5143 
9981 5044 5143 5045 
9982 5045 5143 5144 
9983 5045 5144 5046 
9984 5046 5144 5145 
9985 5046 5145 5047 
9986 5047 5145 5146 
9987 5047 5146 5048 
9988 5048 5146 5147 
9989 5048 5147 5049 
9990 5049 5147 5148 
9991 5049 5148 5050 
9992 5050 5148 5149 
9993 5050 5149 5051 
9994 5051 5149 5150 
9995 5051 5150 5052 
9996 5052 5150 5151 
9997 5052 5151 5053 
9998 5053 5151 5152 
9999 5053 5152 255 
10000 255 5152 254 
10001 52 53 5054 
10002 5054 53 5153 
10003 5054 5153 5055 
10004 5055 5153 5154 
10005 5055 5154 5056 
10006 5056 5154 5155 
10007 5056 5155 5057 
10008 5057 5155 5156 
10009 5057 5156 5058 
10010 5058 5156 5157 
10011 5058 5157 5059 
10012 5059 5157 5158 
10013 5059 5158 5060 
10014 5060 5158 5159 
10015 5060 5159 5061 
10016 5061 5159 5160 
10017 5061 5160 5062 
10018 5062 5160 5161 
10019 5062 5161 5063 
10020 5063 5161 5162 
10021 5063 5162 5064 
10022 5064 5162 5163 
10023 5064 5163 5065 
10024 5065 5163 5164 
10025 5065 5164 5066 
10026 5066 5164 5165 
10027 5066 5165 5067 
10028 5067 5165 5166 
10029 5067 5166 5068 
10030 5068 5166 5167 
10031 5068 5167 5069 
10032 5069 5167 5168 
10033 5069 5168 5070 
10034 5070 5168 5169 
10035 5070 5169 5071 
10036 5071 5169 5170 
10037 5071 5170 5072 
10038 5072 5170 5171 
10039 5072 5171 5073 
10040 5073 5171 5172 
10041 5073 5172 5074 
10042 5074 5172 5173 
10043 5074 5173 5075 
10044 5075 5173 5174 
10045 5075 5174 5076 
10046 5076 5174 5175 
10047 5076 5175 5077 
10048 5077 5175 5176 
10049 5077 5176 5078 
10050 5078 5176 5177 
10051 5078 5177 5079 
10052 5079 5177 5178 
10053 5079 5178 5080 
10054 5080 5178 5179 
10055 5080 5179 5081 
10056 5081 5179 5180 
10057 5081 5180 5082 
10058 5082 5180 5181 
10059 5082 5181 5083 
10060 5083 5181 5182 
10061 5083 5182 5084 
10062 5084 5182 5183 
10063 5084 5183 5085 
10064 5085 5183 5184 
10065 5085 5184 5086 
10066 5086 5184 5185 
10067 5086 5185 5087 
10068 5087 5185 5186 
10069 5087 5186 5088 
10070 5088 5186 5187 
10071 5088 5187 5089 
10072 5089 5187 5188 
10073 5089 5188 5090 
10074 5090 5188 5189 
10075 5090 5189 5091 
10076 5091 5189 5190 
10077 5091 5190 5092 
10078 5092 5190 5191 
10079 5092 5191 5093 
10080 5093 5191 5192 
10081 5093 5192 5094 
10082 5094 5192 5193 
10083 5094 5193 5095 
10084 5095 5193 5194 
10085 5095 5194 5096 
10086 5096 5194 5195 
10087 5096 5195 5097 
10088 5097 5195 5196 
10089 5097 5196 5098 
10090 5098 5196 5197 
10091 5098 5197 5099 
10092 5099 5197 5198 
10093 5099 5198 5100 
10094 5100 5198 5199 
10095 5100 5199 5101 
10096 5101 5199 5200 
10097 5101 5200 5102 
10098 5102 5200 5201 
10099 5102 5201 5103 
10100 5103 5201 5202 
10101 5103 5202 5104 
10102 5104 5202 5203 
10103 5104 5203 5105 
10104 5105 5203 5204 
10105 5105 5204 5106 
10106 5106 5204 5205 
10107 5106 5205 5107 
10108 5107 5205 5206 
10109 5107 5206 5108 
10110 5108 5206 5207 
10111 5108 5207 5109 
10112 5109 5207 5208 
10113 5109 5208 5110 
10114 5110 5208 5209 
10115 5110 5209 5111 
10116 5111 5209 5210 
10117 5111 5210 5112 
10118 5112 5210 5211 
10119 5112 5211 5113 
10120 5113 5211 5212 
10121 5113 5212 5114 
10122 5114 5212 5213 
10123 5114 5213 5115 
10124 5115 5213 5214 
10125 5115 5214 5116 
10126 5116 5214 5215 
10127 5116 5215 5117 
10128 5117 5215 5216 
10129 5117 5216 5118 
10130 5118 5216 5217 
10131 5118 5217 5119 
10132 5119 5217 5218 
10133 5119 5218 5120 
10134 5120 5218 5219 
10135 5120 5219 5121 
10136 5121 5219 5220 
10137 5121 5220 5122 
10138 5122 5220 5221 
10139 5122 5221 5123 
10140 5123 5221 5222 
10141 5123 5222 5124 
10142 5124 5222 5223 
10143 5124 5223 5125 
10144 5125 5223 5224 
10145 5125 5224 5126 
10146 5126 5224 5225 
10147 5126 5225 5127 
10148 5127 5225 5226 
10149 5127 5226 5128 
10150 5128 5226 5227 
10151 5128 5227 5129 
10152 5129 5227 5228 
10153 5129 5228 5130 
10154 5130 5228 5229 
10155 5130 5229 5131 
10156 5131 5229 5230 
10157 5131 5230 5132 
10158 5132 5230 5231 
10159 5132 5231 5133 
10160 5133 5231 5232 
10161 5133 5232 5134 
10162 5134 5232 5233 
10163 5134 5233 5135 
10164 5135 5233 5234 
10165 5135 5234 5136 
10166 5136 5234 5235 
10167 5136 5235 5137 
10168 5137 5235 5236 
10169 5137 5236 5138 
10170 5138 5236 5237 
10171 5138 5237 5139 
10172 5139 5237 5238 
10173 5139 5238 5140 
10174 5140 5238 5239 
10175 5140 5239 5141 
10176 5141 5239 5240 
10177 5141 5240 5142 
10178 5142 5240 5241 
10179 5142 5241 5143 
10180 5143 5241 5242 
10181 5143 5242 5144 
10182 5144 5242 5243 
10183 5144 5243 5145 
10184 5145 5243 5244 
10185 5145 5244 5146 
10186 5146 5244 5245 
10187 5146 5245 5147 
10188 5147 5245 5246 
10189 5147 5246 5148 
10190 5148 5246 5247 
10191 5148 5247 5149 
10192 5149 5247 5248 
10193 5149 5248 5150 
10194 5150 5248 5249 
10195 5150 5249 5151 
10196 5151 5249 5250 
10197 5151 5250 5152 
10198 5152 5250 5251 
10199 5152 5251 254 
10200 254 5251 253 
10201 53 54 5153 
10202 5153 54 5252 
10203 5153 5252 5154 
10204 5154 5252 5253 
10205 5154 5253 5155 
10206 5155 5253 5254 
10207 5155 5254 5156 
10208 5156 5254 5255 
10209 5156 5255 5157 
10210 5157 5255 5256 
10211 5157 5256 5158 
10212 5158 5256 5257 
10213 5158 5257 5159 
10214 5159 5257 5258 
10215 5159 5258 5160 
10216 5160 5258 5259 
10217 5160 5259 5161 
10218 5161 5259 5260 
10219 5161 5260 5162 
10220 5162 5260 5261 
10221 5162 5261 5163 
10222 5163 5261 5262 
10223 5163 5262 5164 
10224 5164 5262 5263 
10225 5164 5263 5165 
10226 5165 5263 5264 
10227 5165 5264 5166 
10228 5166 5264 5265 
10229 5166 5265 5167 
10230 5167 5265 5266 
10231 5167 5266 5168 
10232 5168 5266 5267 
10233 5168 5267 5169 
10234 5169 5267 5268 
10235 5169 5268 5170 
10236 5170 5268 5269 
10237 5170 5269 5171 
10238 5171 5269 5270 
10239 5171 5270 5172 
10240 5172 5270 5271 
10241 5172 5271 5173 
10242 5173 5271 5272 
10243 5173 5272 5174 
10244 5174 5272 5273 
10245 5174 5273 5175 
10246 5175 5273 5274 
10247 5175 5274 5176 
10248 5176 5274 5275 
10249 5176 5275 5177 
10250 5177 5275 5276 
10251 5177 5276 5178 
10252 5178 5276 5277 
10253 5178 5277 5179 
10254 5179 5277 5278 
10255 5179 5278 5180 
10256 5180 5278 5279 
10257 5180 5279 5181 
10258 5181 5279 5280 
10259 5181 5280 5182 
10260 5182 5280 5281 
10261 5182 5281 5183 
10262 5183 5281 5282 
10263 5183 5282 5184 
10264 5184 5282 5283 
10265 5184 5283 5185 
10266 5185 5283 5284 
10267 5185 5284 5186 
10268 5186 5284 5285 
10269 5186 5285 5187 
10270 5187 5285 5286 
10271 5187 5286 5188 
10272 5188 5286 5287 
10273 5188 5287 5189 
10274 5189 5287 5288 
10275 5189 5288 5190 
10276 5190 5288 5289 
10277 5190 5289 5191 
10278 5191 5289 5290 
10279 5191 5290 5192 
10280 5192 5290 5291 
10281 5192 5291 5193 
10282 5193 5291 5292 
10283 5193 5292 5194 
10284 5194 5292 5293 
10285 5194 5293 5195 
10286 5195 5293 5294 
10287 5195 5294 5196 
10288 5196 5294 5295 
10289 5196 5295 5197 
10290 5197 5295 5296 
10291 5197 5296 5198 
10292 5198 5296 5297 
10293 5198 5297 5199 
10294 5199 5297 5298 
10295 5199 5298 5200 
10296 5200 5298 5299 
10297 5200 5299 5201 
10298 5201 5299 5300 
10299 5201 5300 5202 
10300 5202 5300 5301 
10301 5202 5301 5203 
10302 5203 5301 5302 
10303 5203 5302 5204 
10304 5204 5302 5303 
10305 5204 5303 5205 
10306 5205 5303 5304 
10307 5205 5304 5206 
10308 5206 5304 5305 
10309 5206 5305 5207 
10310 5207 5305 5306 
10311 5207 5306 5208 
10312 5208 5306 5307 
10313 5208 5307 5209 
10314 5209 5307 5308 
10315 5209 5308 5210 
10316 5210 5308 5309 
10317 5210 5309 5211 
10318 5211 5309 5310 
10319 5211 5310 5212 
10320 5212 5310 5311 
10321 5212 5311 5213 
10322 5213 5311 5312 
10323 5213 5312 5214 
10324 5214 5312 5313 
10325 5214 5313 5215 
10326 5215 5313 5314 
10327 5215 5314 5216 
10328 5216 5314 5315 
10329 5216 5315 5217 
10330 5217 5315 5316 
10331 5217 5316 5218 
10332 5218 5316 5317 
10333 5218 5317 5219 
10334 5219 5317 5318 
10335 5219 5318 5220 
10336 5220 5318 5319 
10337 5220 5319 5221 
10338 5221 5319 5320 
10339 5221 5320 5222 
10340 5222 5320 5321 
10341 5222 5321 5223 
10342 5223 5321 5322 
10343 5223 5322 5224 
10344 5224 5322 5323 
10345 5224 5323 5225 
10346 5225 5323 5324 
10347 5225 5324 5226 
10348 5226 5324 5325 
10349 5226 5325 5227 
10350 5227 5325 5326 
10351 5227 5326 5228 
10352 5228 5326 5327 
10353 5228 5327 5229 
10354 5229 5327 5328 
10355 5229 5328 5230 
10356 5230 5328 5329 
10357 5230 5329 5231 
10358 5231 5329 5330 
10359 5231 5330 5232 
10360 5232 5330 5331 
10361 5232 5331 5233 
10362 5233 5331 5332 
10363 5233 5332 5234 
10364 5234 5332 5333 
10365 5234 5333 5235 
10366 5235 5333 5334 
10367 5235 5334 5236 
10368 5236 5334 5335 
10369 5236 5335 5237 
10370 5237 5335 5336 
10371 5237 5336 5238 
10372 5238 5336 5337 
10373 5238 5337 5239 
10374 5239 5337 5338 
10375 5239 5338 5240 
10376 5240 5338 5339 
10377 5240 5339 5241 
10378 5241 5339 5340 
10379 5241 5340 5242 
10380 5242 5340 5341 
10381 5242 5341 5243 
10382 5243 5341 5342 
10383 5243 5342 5244 
10384 5244 5342 5343 
10385 5244 5343 5245 
10386 5245 5343 5344 
10387 5245 5344 5246 
10388 5246 5344 5345 
10389 5246 5345 5247 
10390 5247 5345 5346 
10391 5247 5346 5248 
10392 5248 5346 5347 
10393 5248 5347 5249 
10394 5249 5347 5348 
10395 5249 5348 5250 
10396 5250 5348 5349 
10397 5250 5349 5251 
10398 5251 5349 5350 
10399 5251 5350 253 
10400 253 5350 252 
10401 54 55 5252 
10402 5252 55 5351 
10403 5252 5351 5253 
10404 5253 5351 5352 
10405 5253 5352 5254 
10406 5254 5352 5353 
10407 5254 5353 5255 
10408 5255 5353 5354 
10409 5255 5354 5256 
10410 5256 5354 5355 
10411 5256 5355 5257 
10412 5257 5355 5356 
10413 5257 5356 5258 
10414 5258 5356 5357 
10415 5258 5357 5259 
10416 5259 5357 5358 
10417 5259 5358 5260 
10418 5260 5358 5359 
10419 5260 5359 5261 
10420 5261 5359 5360 
10421 5261 5360 5262 
10422 5262 5360 5361 
10423 5262 5361 5263 
10424 5263 5361 5362 
10425 5263 5362 5264 
10426 5264 5362 5363 
10427 5264 5363 5265 
10428 5265 5363 5364 
10429 5265 5364 5266 
10430 5266 5364 5365 
10431 5266 5365 5267 
10432 5267 5365 5366 
10433 5267 5366 5268 
10434 5268 5366 5367 
10435 5268 5367 5269 
10436 5269 5367 5368 
10437 5269 5368 5270 
10438 5270 5368 5369 
10439 5270 5369 5271 
10440 5271 5369 5370 
10441 5271 5370 5272 
10442 5272 5370 5371 
10443 5272 5371 5273 
10444 5273 5371 5372 
10445 5273 5372 5274 
10446 5274 5372 5373 
10447 5274 5373 5275 
10448 5275 5373 5374 
10449 5275 5374 5276 
10450 5276 5374 5375 
10451 5276 5375 5277 
10452 5277 5375 5376 
10453 5277 5376 5278 
10454 5278 5376 5377 
10455 5278 5377 5279 
10456 5279 5377 5378 
10457 5279 5378 5280 
10458 5280 5378 5379 
10459 5280 5379 5281 
10460 5281 5379 5380 
10461 5281 5380 5282 
10462 5282 5380 5381 
10463 5282 5381 5283 
10464 5283 5381 5382 
10465 5283 5382 5284 
10466 5284 5382 5383 
10467 5284 5383 5285 
10468 5285 5383 5384 
10469 5285 5384 5286 
10470 5286 5384 5385 
10471 5286 5385 5287 
10472 5287 5385 5386 
10473 5287 5386 5288 
10474 5288 5386 5387 
10475 5288 5387 5289 
10476 5289 5387 5388 
10477 5289 5388 5290 
10478 5290 5388 5389 
10479 5290 5389 5291 
10480 5291 5389 5390 
10481 5291 5390 5292 
10482 5292 5390 5391 
10483 5292 5391 5293 
10484 5293 5391 5392 
10485 5293 5392 5294 
10486 5294 5392 5393 
10487 5294 5393 5295 
10488 5295 5393 5394 
10489 5295 5394 5296 
10490 5296 5394 5395 
10491 5296 5395 5297 
10492 5297 5395 5396 
10493 5297 5396 5298 
10494 5298 5396 5397 
10495 5298 5397 5299 
10496 5299 5397 5398 
10497 5299 5398 5300 
10498 5300 5398 5399 
10499 5300 5399 5301 
10500 5301 5399 5400 
10501 5301 5400 5302 
10502 5302 5400 5401 
10503 5302 5401 5303 
10504 5303 5401 5402 
10505 5303 5402 5304 
10506 5304 5402 5403 
10507 5304 5403 5305 
10508 5305 5403 5404 
10509 5305 5404 5306 
10510 5306 5404 5405 
10511 5306 5405 5307 
10512 5307 5405 5406 
10513 5307 5406 5308 
10514 5308 5406 5407 
10515 5308 5407 5309 
10516 5309 5407 5408 
10517 5309 5408 5310 
10518 5310 5408 5409 
10519 5310 5409 5311 
10520 5311 5409 5410 
10521 5311 5410 5312 
10522 5312 5410 5411 
10523 5312 5411 5313 
10524 5313 5411 5412 
10525 5313 5412 5314 
10526 5314 5412 5413 
10527 5314 5413 5315 
10528 5315 5413 5414 
10529 5315 5414 5316 
10530 5316 5414 5415 
10531 5316 5415 5317 
10532 5317 5415 5416 
10533 5317 5416 5318 
10534 5318 5416 5417 
10535 5318 5417 5319 
10536 5319 5417 5418 
10537 5319 5418 5320 
10538 5320 5418 5419 
10539 5320 5419 5321 
10540 5321 5419 5420 
10541 5321 5420 5322 
10542 5322 5420 5421 
10543 5322 5421 5323 
10544 5323 5421 5422 
10545 5323 5422 5324 
10546 5324 5422 5423 
10547 5324 5423 5325 
10548 5325 5423 5424 
10549 5325 5424 5326 
10550 5326 5424 5425 
10551 5326 5425 5327 
10552 5327 5425 5426 
10553 5327 5426 5328 
10554 5328 5426 5427 
10555 5328 5427 5329 
10556 5329 5427 5428 
10557 5329 5428 5330 
10558 5330 5428 5429 
10559 5330 5429 5331 
10560 5331 5429 5430 
10561 5331 5430 5332 
10562 5332 5430 5431 
10563 5332 5431 5333 
10564 5333 5431 5432 
10565 5333 5432 5334 
10566 5334 5432 5433 
10567 5334 5433 5335 
10568 5335 5433 5434 
10569 5335 5434 5336 
10570 5336 5434 5435 
10571 5336 5435 5337 
10572 5337 5435 5436 
10573 5337 5436 5338 
10574 5338 5436 5437 
10575 5338 5437 5339 
10576 5339 5437 5438 
10577 5339 5438 5340 
10578 5340 5438 5439 
10579 5340 5439 5341 
10580 5341 5439 5440 
10581 5341 5440 5342 
10582 5342 5440 5441 
10583 5342 5441 5343 
10584 5343 5441 5442 
10585 5343 5442 5344 
10586 5344 5442 5443 
10587 5344 5443 5345 
10588 5345 5443 5444 
10589 5345 5444 5346 
10590 5346 5444 5445 
10591 5346 5445 5347 
10592 5347 5445 5446 
10593 5347 5446 5348 
10594 5348 5446 5447 
10595 5348 5447 5349 
10596 5349 5447 5448 
10597 5349 5448 5350 
10598 5350 5448 5449 
10599 5350 5449 252 
10600 252 5449 251 
10601 55 56 5351 
10602 5351 56 5450 
10603 5351 5450 5352 
10604 5352 5450 5451 
10605 5352 5451 5353 
10606 5353 5451 5452 
10607 5353 5452 5354 
10608 5354 5452 5453 
10609 5354 5453 5355 
10610 5355 5453 5454 
10611 5355 5454 5356 
10612 5356 5454 5455 
10613 5356 5455 5357 
10614 5357 5455 5456 
10615 5357 5456 5358 
10616 5358 5456 5457 
10617 5358 5457 5359 
10618 5359 5457 5458 
10619 5359 5458 5360 
10620 5360 5458 5459 
10621 5360 5459 5361 
10622 5361 5459 5460 
10623 5361 5460 5362 
10624 5362 5460 5461 
10625 5362 5461 5363 
10626 5363 5461 5462 
10627 5363 5462 5364 
10628 5364 5462 5463 
10629 5364 5463 5365 
10630 5365 5463 5464 
10631 5365 5464 5366 
10632 5366 5464 5465 
10633 5366 5465 5367 
10634 5367 5465 5466 
10635 5367 5466 5368 
10636 5368 5466 5467 
10637 5368 5467 5369 
10638 5369 5467 5468 
10639 5369 5468 5370 
10640 5370 5468 5469 
10641 5370 5469 5371 
10642 5371 5469 5470 
10643 5371 5470 5372 
10644 5372 5470 5471 
10645 5372 5471 5373 
10646 5373 5471 5472 
10647 5373 5472 5374 
10648 5374 5472 5473 
10649 5374 5473 5375 
10650 5375 5473 5474 
10651 5375 5474 5376 
10652 5376 5474 5475 
10653 5376 5475 5377 
10654 5377 5475 5476 
10655 5377 5476 5378 
10656 5378 5476 5477 
10657 5378 5477 5379 
10658 5379 5477 5478 
10659 5379 5478 5380 
10660 5380 5478 5479 
10661 5380 5479 5381 
10662 5381 5479 5480 
10663 5381 5480 5382 
10664 5382 5480 5481 
10665 5382 5481 5383 
10666 5383 5481 5482 
10667 5383 5482 5384 
10668 5384 5482 5483 
10669 5384 5483 5385 
10670 5385 5483 5484 
10671 5385 5484 5386 
10672 5386 5484 5485 
10673 5386 5485 5387 
10674 5387 5485 5486 
10675 5387 5486 5388 
10676 5388 5486 5487 
10677 5388 5487 5389 
10678 5389 5487 5488 
10679 5389 5488 5390 
10680 5390 5488 5489 
10681 5390 5489 5391 
10682 5391 5489 5490 
10683 5391 5490 5392 
10684 5392 5490 5491 
10685 5392 5491 5393 
10686 5393 5491 5492 
10687 5393 5492 5394 
10688 5394 5492 5493 
10689 5394 5493 5395 
10690 5395 5493 5494 
10691 5395 5494 5396 
10692 5396 5494 5495 
10693 5396 5495 5397 
10694 5397 5495 5496 
10695 5397 5496 5398 
10696 5398 5496 5497 
10697 5398 5497 5399 
10698 5399 5497 5498 
10699 5399 5498 5400 
10700 5400 5498 5499 
10701 5400 5499 5401 
10702 5401 5499 5500 
10703 5401 5500 5402 
10704 5402 5500 5501 
10705 5402 5501 5403 
10706 5403 5501 5502 
10707 5403 5502 5404 
10708 5404 5502 5503 
10709 5404 5503 5405 
10710 5405 5503 5504 
10711 5405 5504 5406 
10712 5406 5504 5505 
10713 5406 5505 5407 
10714 5407 5505 5506 
10715 5407 5506 5408 
10716 5408 5506 5507 
10717 5408 5507 5409 
10718 5409 5507 5508 
10719 5409 5508 5410 
10720 5410 5508 5509 
10721 5410 5509 5411 
10722 5411 5509 5510 
10723 5411 5510 5412 
10724 5412 5510 5511 
10725 5412 5511 5413 
10726 5413 5511 5512 
10727 5413 5512 5414 
10728 5414 5512 5513 
10729 5414 5513 5415 
10730 5415 5513 5514 
10731 5415 5514 5416 
10732 5416 5514 5515 
10733 5416 5515 5417 
10734 5417 5515 5516 
10735 5417 5516 5418 
10736 5418 5516 5517 
10737 5418 5517 5419 
10738 5419 5517 5518 
10739 5419 5518 5420 
10740 5420 5518 5519 
10741 5420 5519 5421 
10742 5421 5519 5520 
10743 5421 5520 5422 
10744 5422 5520 5521 
10745 5422 5521 5423 
10746 5423 5521 5522 
10747 5423 5522 5424 
10748 5424 5522 5523 
10749 5424 5523 5425 
10750 5425 5523 5524 
10751 5425 5524 5426 
10752 5426 5524 5525 
10753 5426 5525 5427 
10754 5427 5525 5526 
10755 5427 5526 5428 
10756 5428 5526 5527 
10757 5428 5527 5429 
10758 5429 5527 5528 
10759 5429 5528 5430 
10760 5430 5528 5529 
10761 5430 5529 5431 
10762 5431 5529 5530 
10763 5431 5530 5432 
10764 5432 5530 5531 
10765 5432 5531 5433 
10766 5433 5531 5532 
10767 5433 5532 5434 
10768 5434 5532 5533 
10769 5434 5533 5435 
10770 5435 5533 5534 
10771 5435 5534 5436 
10772 5436 5534 5535 
10773 5436 5535 5437 
10774 5437 5535 5536 
10775 5437 5536 5438 
10776 5438 5536 5537 
10777 5438 5537 5439 
10778 5439 5537 5538 
10779 5439 5538 5440 
10780 5440 5538 5539 
10781 5440 5539 5441 
10782 5441 5539 5540 
10783 5441 5540 5442 
10784 5442 5540 5541 
10785 5442 5541 5443 
10786 5443 5541 5542 
10787 5443 5542 5444 
10788 5444 5542 5543 
10789 5444 5543 5445 
10790 5445 5543 5544 
10791 5445 5544 5446 
10792 5446 5544 5545 
10793 5446 5545 5447 
10794 5447 5545 5546 
10795 5447 5546 5448 
10796 5448 5546 5547 
10797 5448 5547 5449 
10798 5449 5547 5548 
10799 5449 5548 251 
10800 251 5548 250 
10801 56 57 5450 
10802 5450 57 5549 
10803 5450 5549 5451 
10804 5451 5549 5550 
10805 5451 5550 5452 
10806 5452 5550 5551 
10807 5452 5551 5453 
10808 5453 5551 5552 
10809 5453 5552 5454 
10810 5454 5552 5553 
10811 5454 5553 5455 
10812 5455 5553 5554 
10813 5455 5554 5456 
10814 5456 5554 5555 
10815 5456 5555 5457 
10816 5457 5555 5556 
10817 5457 5556 5458 
10818 5458 5556 5557 
10819 5458 5557 5459 
10820 5459 5557 5558 
10821 5459 5558 5460 
10822 5460 5558 5559 
10823 5460 5559 5461 
10824 5461 5559 5560 
10825 5461 5560 5462 
10826 5462 5560 5561 
10827 5462 5561 5463 
10828 5463 5561 5562 
10829 5463 5562 5464 
10830 5464 5562 5563 
10831 5464 5563 5465 
10832 5465 5563 5564 
10833 5465 5564 5466 
10834 5466 5564 5565 
10835 5466 5565 5467 
10836 5467 5565 5566 
10837 5467 5566 5468 
10838 5468 5566 5567 
10839 5468 5567 5469 
10840 5469 5567 5568 
10841 5469 5568 5470 
10842 5470 5568 5569 
10843 5470 5569 5471 
10844 5471 5569 5570 
10845 5471 5570 5472 
10846 5472 5570 5571 
10847 5472 5571 5473 
10848 5473 5571 5572 
10849 5473 5572 5474 
10850 5474 5572 5573 
10851 5474 5573 5475 
10852 5475 5573 5574 
10853 5475 5574 5476 
10854 5476 5574 5575 
10855 5476 5575 5477 
10856 5477 5575 5576 
10857 5477 5576 5478 
10858 5478 5576 5577 
10859 5478 5577 5479 
10860 5479 5577 5578 
10861 5479 5578 5480 
10862 5480 5578 5579 
10863 5480 5579 5481 
10864 5481 5579 5580 
10865 5481 5580 5482 
10866 5482 5580 5581 
10867 5482 5581 5483 
10868 5483 5581 5582 
10869 5483 5582 5484 
10870 5484 5582 5583 
10871 5484 5583 5485 
10872 5485 5583 5584 
10873 5485 5584 5486 
10874 5486 5584 5585 
10875 5486 5585 5487 
10876 5487 5585 5586 
10877 5487 5586 5488 
10878 5488 5586 5587 
10879 5488 5587 5489 
10880 5489 5587 5588 
10881 5489 5588 5490 
10882 5490 5588 5589 
10883 5490 5589 5491 
10884 5491 5589 5590 
10885 5491 5590 5492 
10886 5492 5590 5591 
10887 5492 5591 5493 
10888 5493 5591 5592 
10889 5493 5592 5494 
10890 5494 5592 5593 
10891 5494 5593 5495 
10892 5495 5593 5594 
10893 5495 5594 5496 
10894 5496 5594 5595 
10895 5496 5595 5497 
10896 5497 5595 5596 
10897 5497 5596 5498 
10898 5498 5596 5597 
10899 5498 5597 5499 
10900 5499 5597 5598 
10901 5499 5598 5500 
10902 5500 5598 5599 
10903 5500 5599 5501 
10904 5501 5599 5600 
10905 5501 5600 5502 
10906 5502 5600 5601 
10907 5502 5601 5503 
10908 5503 5601 5602 
10909 5503 5602 5504 
10910 5504 5602 5603 
10911 5504 5603 5505 
10912 5505 5603 5604 
10913 5505 5604 5506 
10914 5506 5604 5605 
10915 5506 5605 5507 
10916 5507 5605 5606 
10917 5507 5606 5508 
10918 5508 5606 5607 
10919 5508 5607 5509 
10920 5509 5607 5608 
10921 5509 5608 5510 
10922 5510 5608 5609 
10923 5510 5609 5511 
10924 5511 5609 5610 
10925 5511 5610 5512 
10926 5512 5610 5611 
10927 5512 5611 5513 
10928 5513 5611 5612 
10929 5513 5612 5514 
10930 5514 5612 5613 
10931 5514 5613 5515 
10932 5515 5613 5614 
10933 5515 5614 5516 
10934 5516 5614 5615 
10935 5516 5615 5517 
10936 5517 5615 5616 
10937 5517 5616 5518 
10938 5518 5616 5617 
10939 5518 5617 5519 
10940 5519 5617 5618 
10941 5519 5618 5520 
10942 5520 5618 5619 
10943 5520 5619 5521 
10944 5521 5619 5620 
10945 5521 5620 5522 
10946 5522 5620 5621 
10947 5522 5621 5523 
10948 5523 5621 5622 
10949 5523 5622 5524 
10950 5524 5622 5623 
10951 5524 5623 5525 
10952 5525 5623 5624 
10953 5525 5624 5526 
10954 5526 5624 5625 
10955 5526 5625 5527 
10956 5527 5625 5626 
10957 5527 5626 5528 
10958 5528 5626 5627 
10959 5528 5627 5529 
10960 5529 5627 5628 
10961 5529 5628 5530 
10962 5530 5628 5629 
10963 5530 5629 5531 
10964 5531 5629 5630 
10965 5531 5630 5532 
10966 5532 5630 5631 
10967 5532 5631 5533 
10968 5533 5631 5632 
10969 5533 5632 5534 
10970 5534 5632 5633 
10971 5534 5633 5535 
10972 5535 5633 5634 
10973 5535 5634 5536 
10974 5536 5634 5635 
10975 5536 5635 5537 
10976 5537 5635 5636 
10977 5537 5636 5538 
10978 5538 5636 5637 
10979 5538 5637 5539 
10980 5539 5637 5638 
10981 5539 5638 5540 
10982 5540 5638 5639 
10983 5540 5639 5541 
10984 5541 5639 5640 
10985 5541 5640 5542 
10986 5542 5640 5641 
10987 5542 5641 5543 
10988 5543 5641 5642 
10989 5543 5642 5544 
10990 5544 5642 5643 
10991 5544 5643 5545 
10992 5545 5643 5644 
10993 5545 5644 5546 
10994 5546 5644 5645 
10995 5546 5645 5547 
10996 5547 5645 5646 
10997 5547 5646 5548 
10998 5548 5646 5647 
10999 5548 5647 250 
11000 250 5647 249 
11001 57 58 5549 
11002 5549 58 5648 
11003 5549 5648 5550 
11004 5550 5648 5649 
11005 5550 5649 5551 
11006 5551 5649 5650 
11007 5551 5650 5552 
11008 5552 5650 5651 
11009 5552 5651 5553 
11010 5553 5651 5652 
11011 5553 5652 5554 
11012 5554 5652 5653 
11013 5554 5653 5555 
11014 5555 5653 5654 
11015 5555 5654 5556 
11016 5556 5654 5655 
11017 5556 5655 5557 
11018 5557 5655 5656 
11019 5557 5656 5558 
11020 5558 5656 5657 
11021 5558 5657 5559 
11022 5559 5657 5658 
11023 5559 5658 5560 
11024 5560 5658 5659 
11025 5560 5659 5561 
11026 5561 5659 5660 
11027 5561 5660 5562 
11028 5562 5660 5661 
11029 5562 5661 5563 
11030 5563 5661 5662 
11031 5563 5662 5564 
11032 5564 5662 5663 
11033 5564 5663 5565 
11034 5565 5663 5664 
11035 5565 5664 5566 
11036 5566 5664 5665 
11037 5566 5665 5567 
11038 5567 5665 5666 
11039 5567 5666 5568 
11040 5568 5666 5667 
11041 5568 5667 5569 
11042 5569 5667 5668 
11043 5569 5668 5570 
11044 5570 5668 5669 
11045 5570 5669 5571 
11046 5571 5669 5670 
11047 5571 5670 5572 
11048 5572 5670 5671 
11049 5572 5671 5573 
11050 5573 5671 5672 
11051 5573 5672 5574 
11052 5574 5672 5673 
11053 5574 5673 5575 
11054 5575 5673 5674 
11055 5575 5674 5576 
11056 5576 5674 5675 
11057 5576 5675 5577 
11058 5577 5675 5676 
11059 5577 5676 5578 
11060 5578 5676 5677 
11061 5578 5677 5579 
11062 5579 5677 5678 
11063 5579 5678 5580 
11064 5580 5678 5679 
11065 5580 5679 5581 
11066 5581 5679 5680 
11067 5581 5680 5582 
11068 5582 5680 5681 
11069 5582 5681 5583 
11070 5583 5681 5682 
11071 5583 5682 5584 
11072 5584 5682 5683 
11073 5584 5683 5585 
11074 5585 5683 5684 
11075 5585 5684 5586 
11076 5586 5684 5685 
11077 5586 5685 5587 
11078 5587 5685 5686 
11079 5587 5686 5588 
11080 5588 5686 5687 
11081 5588 5687 5589 
11082 5589 5687 5688 
11083 5589 5688 5590 
11084 5590 5688 5689 
11085 5590 5689 5591 
11086 5591 5689 5690 
11087 5591 5690 5592 
11088 5592 5690 5691 
11089 5592 5691 5593 
11090 5593 5691 5692 
11091 5593 5692 5594 
11092 5594 5692 5693 
11093 5594 5693 5595 
11094 5595 5693 5694 
11095 5595 5694 5596 
11096 5596 5694 5695 
11097 5596 5695 5597 
11098 5597 5695 5696 
11099 5597 5696 5598 
11100 5598 5696 5697 
11101 5598 5697 5599 
11102 5599 5697 5698 
11103 5599 5698 5600 
11104 5600 5698 5699 
11105 5600 5699 5601 
11106 5601 5699 5700 
11107 5601 5700 5602 
11108 5602 5700 5701 
11109 5602 5701 5603 
11110 5603 5701 5702 
11111 5603 5702 5604 
11112 5604 5702 5703 
11113 5604 5703 5605 
11114 5605 5703 5704 
11115 5605 5704 5606 
11116 5606 5704 5705 
11117 5606 5705 5607 
11118 5607 5705 5706 
11119 5607 5706 5608 
11120 5608 5706 5707 
11121 5608 5707 5609 
11122 5609 5707 5708 
11123 5609 5708 5610 
11124 5610 5708 5709 
11125 5610 5709 5611 
11126 5611 5709 5710 
11127 5611 5710 5612 
11128 5612 5710 5711 
11129 5612 5711 5613 
11130 5613 5711 5712 
11131 5613 5712 5614 
11132 5614 5712 5713 
11133 5614 5713 5615 
11134 5615 5713 5714 
11135 5615 5714 5616 
11136 5616 5714 5715 
11137 5616 5715 5617 
11138 5617 5715 5716 
11139 5617 5716 5618 
11140 5618 5716 5717 
11141 5618 5717 5619 
11142 5619 5717 5718 
11143 5619 5718 5620 
11144 5620 5718 5719 
11145 5620 5719 5621 
11146 5621 5719 5720 
11147 5621 5720 5622 
11148 5622 5720 5721 
11149 5622 5721 5623 
11150 5623 5721 5722 
11151 5623 5722 5624 
11152 5624 5722 5723 
11153 5624 5723 5625 
11154 5625 5723 5724 
11155 5625 5724 5626 
11156 5626 5724 5725 
11157 5626 5725 5627 
11158 5627 5725 5726 
11159 5627 5726 5628 
11160 5628 5726 5727 
11161 5628 5727 5629 
11162 5629 5727 5728 
11163 5629 5728 5630 
11164 5630 5728 5729 
11165 5630 5729 5631 
11166 5631 5729 5730 
11167 5631 5730 5632 
11168 5632 5730 5731 
11169 5632 5731 5633 
11170 5633 5731 5732 
11171 5633 5732 5634 
11172 5634 5732 5733 
11173 5634 5733 5635 
11174 5635 5733 5734 
11175 5635 5734 5636 
11176 5636 5734 5735 
11177 5636 5735 5637 
11178 5637 5735 5736 
11179 5637 5736 5638 
11180 5638 5736 5737 
11181 5638 5737 5639 
11182 5639 5737 5738 
11183 5639 5738 5640 
11184 5640 5738 5739 
11185 5640 5739 5641 
11186 5641 5739 5740 
11187 5641 5740 5642 
11188 5642 5740 5741 
11189 5642 5741 5643 
11190 5643 5741 5742 
11191 5643 5742 5644 
11192 5644 5742 5743 
11193 5644 5743 5645 
11194 5645 5743 5744 
11195 5645 5744 5646 
11196 5646 5744 5745 
11197 5646 5745 5647 
11198 5647 5745 5746 
11199 5647 5746 249 
11200 249 5746 248 
11201 58 59 5648 
11202 5648 59 5747 
11203 5648 5747 5649 
11204 5649 5747 5748 
11205 5649 5748 5650 
11206 5650 5748 5749 
11207 5650 5749 5651 
11208 5651 5749 5750 
11209 5651 5750 5652 
11210 5652 5750 5751 
11211 5652 5751 5653 
11212 5653 5751 5752 
11213 5653 5752 5654 
11214 5654 5752 5753 
11215 5654 5753 5655 
11216 5655 5753 5754 
11217 5655 5754 5656 
11218 5656 5754 5755 
11219 5656 5755 5657 
11220 5657 5755 5756 
11221 5657 5756 5658 
11222 5658 5756 5757 
11223 5658 5757 5659 
11224 5659 5757 5758 
11225 5659 5758 5660 
11226 5660 5758 5759 
11227 5660 5759 5661 
11228 5661 5759 5760 
11229 5661 5760 5662 
11230 5662 5760 5761 
11231 5662 5761 5663 
11232 5663 5761 5762 
11233 5663 5762 5664 
11234 5664 5762 5763 
11235 5664 5763 5665 
11236 5665 5763 5764 
11237 5665 5764 5666 
11238 5666 5764 5765 
11239 5666 5765 5667 
11240 5667 5765 5766 
11241 5667 5766 5668 
11242 5668 5766 5767 
11243 5668 5767 5669 
11244 5669 5767 5768 
11245 5669 5768 5670 
11246 5670 5768 5769 
11247 5670 5769 5671 
11248 5671 5769 5770 
11249 5671 5770 5672 
11250 5672 5770 5771 
11251 5672 5771 5673 
11252 5673 5771 5772 
11253 5673 5772 5674 
11254 5674 5772 5773 
11255 5674 5773 5675 
11256 5675 5773 5774 
11257 5675 5774 5676 
11258 5676 5774 5775 
11259 5676 5775 5677 
11260 5677 5775 5776 
11261 5677 5776 5678 
11262 5678 5776 5777 
11263 5678 5777 5679 
11264 5679 5777 5778 
11265 5679 5778 5680 
11266 5680 5778 5779 
11267 5680 5779 5681 
11268 5681 5779 5780 
11269 5681 5780 5682 
11270 5682 5780 5781 
11271 5682 5781 5683 
11272 5683 5781 5782 
11273 5683 5782 5684 
11274 5684 5782 5783 
11275 5684 5783 5685 
11276 5685 5783 5784 
11277 5685 5784 5686 
11278 5686 5784 5785 
11279 5686 5785 5687 
11280 5687 5785 5786 
11281 5687 5786 5688 
11282 5688 5786 5787 
11283 5688 5787 5689 
11284 5689 5787 5788 
11285 5689 5788 5690 
11286 5690 5788 5789 
11287 5690 5789 5691 
11288 5691 5789 5790 
11289 5691 5790 5692 
11290 5692 5790 5791 
11291 5692 5791 5693 
11292 5693 5791 5792 
11293 5693 5792 5694 
11294 5694 5792 5793 
11295 5694 5793 5695 
11296 5695 5793 5794 
11297 5695 5794 5696 
11298 5696 5794 5795 
11299 5696 5795 5697 
11300 5697 5795 5796 
11301 5697 5796 5698 
11302 5698 5796 5797 
11303 5698 5797 5699 
11304 5699 5797 5798 
11305 5699 5798 5700 
11306 5700 5798 5799 
11307 5700 5799 5701 
11308 5701 5799 5800 
11309 5701 5800 5702 
11310 5702 5800 5801 
11311 5702 5801 5703 
11312 5703 5801 5802 
11313 5703 5802 5704 
11314 5704 5802 5803 
11315 5704 5803 5705 
11316 5705 5803 5804 
11317 5705 5804 5706 
11318 5706 5804 5805 
11319 5706 5805 5707 
11320 5707 5805 5806 
11321 5707 5806 5708 
11322 5708 5806 5807 
11323 5708 5807 5709 
11324 5709 5807 5808 
11325 5709 5808 5710 
11326 5710 5808 5809 
11327 5710 5809 5711 
11328 5711 5809 5810 
11329 5711 5810 5712 
11330 5712 5810 5811 
11331 5712 5811 5713 
11332 5713 5811 5812 
11333 5713 5812 5714 
11334 5714 5812 5813 
11335 5714 5813 5715 
11336 5715 5813 5814 
11337 5715 5814 5716 
11338 5716 5814 5815 
11339 5716 5815 5717 
11340 5717 5815 5816 
11341 5717 5816 5718 
11342 5718 5816 5817 
11343 5718 5817 5719 
11344 5719 5817 5818 
11345 5719 5818 5720 
11346 5720 5818 5819 
11347 5720 5819 5721 
11348 5721 5819 5820 
11349 5721 5820 5722 
11350 5722 5820 5821 
11351 5722 5821 5723 
11352 5723 5821 5822 
11353 5723 5822 5724 
11354 5724 5822 5823 
11355 5724 5823 5725 
11356 5725 5823 5824 
11357 5725 5824 5726 
11358 5726 5824 5825 
11359 5726 5825 5727 
11360 5727 5825 5826 
11361 5727 5826 5728 
11362 5728 5826 5827 
11363 5728 5827 5729 
11364 5729 5827 5828 
11365 5729 5828 5730 
11366 5730 5828 5829 
11367 5730 5829 5731 
11368 5731 5829 5830 
11369 5731 5830 5732 
11370 5732 5830 5831 
11371 5732 5831 5733 
11372 5733 5831 5832 
11373 5733 5832 5734 
11374 5734 5832 5833 
11375 5734 5833 5735 
11376 5735 5833 5834 
11377 5735 5834 5736 
11378 5736 5834 5835 
11379 5736 5835 5737 
11380 5737 5835 5836 
11381 5737 5836 5738 
11382 5738 5836 5837 
11383 5738 5837 5739 
11384 5739 5837 5838 
11385 5739 5838 5740 
11386 5740 5838 5839 
11387 5740 5839 5741 
11388 5741 5839 5840 
11389 5741 5840 5742 
11390 5742 5840 5841 
11391 5742 5841 5743 
11392 5743 5841 5842 
11393 5743 5842 5744 
11394 5744 5842 5843 
11395 5744 5843 5745 
11396 5745 5843 5844 
11397 5745 5844 5746 
11398 5746 5844 5845 
11399 5746 5845 248 
11400 248 5845 247 
11401 59 60 5747 
11402 5747 60 5846 
11403 5747 5846 5748 
11404 5748 5846 5847 
11405 5748 5847 5749 
11406 5749 5847 5848 
11407 5749 5848 5750 
11408 5750 5848 5849 
11409 5750 5849 5751 
11410 5751 5849 5850 
11411 5751 5850 5752 
11412 5752 5850 5851 
11413 5752 5851 5753 
11414 5753 5851 5852 
11415 5753 5852 5754 
11416 5754 5852 5853 
11417 5754 5853 5755 
11418 5755 5853 5854 
11419 5755 5854 5756 
11420 5756 5854 5855 
11421 5756 5855 5757 
11422 5757 5855 5856 
11423 5757 5856 5758 
11424 5758 5856 5857 
11425 5758 5857 5759 
11426 5759 5857 5858 
11427 5759 5858 5760 
11428 5760 5858 5859 
11429 5760 5859 5761 
11430 5761 5859 5860 
11431 5761 5860 5762 
11432 5762 5860 5861 
11433 5762 5861 5763 
11434 5763 5861 5862 
11435 5763 5862 5764 
11436 5764 5862 5863 
11437 5764 5863 5765 
11438 5765 5863 5864 
11439 5765 5864 5766 
11440 5766 5864 5865 
11441 5766 5865 5767 
11442 5767 5865 5866 
11443 5767 5866 5768 
11444 5768 5866 5867 
11445 5768 5867 5769 
11446 5769 5867 5868 
11447 5769 5868 5770 
11448 5770 5868 5869 
11449 5770 5869 5771 
11450 5771 5869 5870 
11451 5771 5870 5772 
11452 5772 5870 5871 
11453 5772 5871 5773 
11454 5773 5871 5872 
11455 5773 5872 5774 
11456 5774 5872 5873 
11457 5774 5873 5775 
11458 5775 5873 5874 
11459 5775 5874 5776 
11460 5776 5874 5875 
11461 5776 5875 5777 
11462 5777 5875 5876 
11463 5777 5876 5778 
11464 5778 5876 5877 
11465 5778 5877 5779 
11466 5779 5877 5878 
11467 5779 5878 5780 
11468 5780 5878 5879 
11469 5780 5879 5781 
11470 5781 5879 5880 
11471 5781 5880 5782 
11472 5782 5880 5881 
11473 5782 5881 5783 
11474 5783 5881 5882 
11475 5783 5882 5784 
11476 5784 5882 5883 
11477 5784 5883 5785 
11478 5785 5883 5884 
11479 5785 5884 5786 
11480 5786 5884 5885 
11481 5786 5885 5787 
11482 5787 5885 5886 
11483 5787 5886 5788 
11484 5788 5886 5887 
11485 5788 5887 5789 
11486 5789 5887 5888 
11487 5789 5888 5790 
11488 5790 5888 5889 
11489 5790 5889 5791 
11490 5791 5889 5890 
11491 5791 5890 5792 
11492 5792 5890 5891 
11493 5792 5891 5793 
11494 5793 5891 5892 
11495 5793 5892 5794 
11496 5794 5892 5893 
11497 5794 5893 5795 
11498 5795 5893 5894 
11499 5795 5894 5796 
11500 5796 5894 5895 
11501 5796 5895 5797 
11502 5797 5895 5896 
11503 5797 5896 5798 
11504 5798 5896 5897 
11505 5798 5897 5799 
11506 5799 5897 5898 
11507 5799 5898 5800 
11508 5800 5898 5899 
11509 5800 5899 5801 
11510 5801 5899 5900 
11511 5801 5900 5802 
11512 5802 5900 5901 
11513 5802 5901 5803 
11514 5803 5901 5902 
11515 5803 5902 5804 
11516 5804 5902 5903 
11517 5804 5903 5805 
11518 5805 5903 5904 
11519 5805 5904 5806 
11520 5806 5904 5905 
11521 5806 5905 5807 
11522 5807 5905 5906 
11523 5807 5906 5808 
11524 5808 5906 5907 
11525 5808 5907 5809 
11526 5809 5907 5908 
11527 5809 5908 5810 
11528 5810 5908 5909 
11529 5810 5909 5811 
11530 5811 5909 5910 
11531 5811 5910 5812 
11532 5812 5910 5911 
11533 5812 5911 5813 
11534 5813 5911 5912 
11535 5813 5912 5814 
11536 5814 5912 5913 
11537 5814 5913 5815 
11538 5815 5913 5914 
11539 5815 5914 5816 
11540 5816 5914 5915 
11541 5816 5915 5817 
11542 5817 5915 5916 
11543 5817 5916 5818 
11544 5818 5916 5917 
11545 5818 5917 5819 
11546 5819 5917 5918 
11547 5819 5918 5820 
11548 5820 5918 5919 
11549 5820 5919 5821 
11550 5821 5919 5920 
11551 5821 5920 5822 
11552 5822 5920 5921 
11553 5822 5921 5823 
11554 5823 5921 5922 
11555 5823 5922 5824 
11556 5824 5922 5923 
11557 5824 5923 5825 
11558 5825 5923 5924 
11559 5825 5924 5826 
11560 5826 5924 5925 
11561 5826 5925 5827 
11562 5827 5925 5926 
11563 5827 5926 5828 
11564 5828 5926 5927 
11565 5828 5927 5829 
11566 5829 5927 5928 
11567 5829 5928 5830 
11568 5830 5928 5929 
11569 5830 5929 5831 
11570 5831 5929 5930 
11571 5831 5930 5832 
11572 5832 5930 5931 
11573 5832 5931 5833 
11574 5833 5931 5932 
11575 5833 5932 5834 
11576 5834 5932 5933 
11577 5834 5933 5835 
11578 5835 5933 5934 
11579 5835 5934 5836 
11580 5836 5934 5935 
11581 5836 5935 5837 
11582 5837 5935 5936 
11583 5837 5936 5838 
11584 5838 5936 5937 
11585 5838 5937 5839 
11586 5839 5937 5938 
11587 5839 5938 5840 
11588 5840 5938 5939 
11589 5840 5939 5841 
11590 5841 5939 5940 
11591 5841 5940 5842 
11592 5842 5940 5941 
11593 5842 5941 5843 
11594 5843 5941 5942 
11595 5843 5942 5844 
11596 5844 5942 5943 
11597 5844 5943 5845 
11598 5845 5943 5944 
11599 5845 5944 247 
11600 247 5944 246 
11601 60 61 5846 
11602 5846 61 5945 
11603 5846 5945 5847 
11604 5847 5945 5946 
11605 5847 5946 5848 
11606 5848 5946 5947 
11607 5848 5947 5849 
11608 5849 5947 5948 
11609 5849 5948 5850 
11610 5850 5948 5949 
11611 5850 5949 5851 
11612 5851 5949 5950 
11613 5851 5950 5852 
11614 5852 5950 5951 
11615 5852 5951 5853 
11616 5853 5951 5952 
11617 5853 5952 5854 
11618 5854 5952 5953 
11619 5854 5953 5855 
11620 5855 5953 5954 
11621 5855 5954 5856 
11622 5856 5954 5955 
11623 5856 5955 5857 
11624 5857 5955 5956 
11625 5857 5956 5858 
11626 5858 5956 5957 
11627 5858 5957 5859 
11628 5859 5957 5958 
11629 5859 5958 5860 
11630 5860 5958 5959 
11631 5860 5959 5861 
11632 5861 5959 5960 
11633 5861 5960 5862 
11634 5862 5960 5961 
11635 5862 5961 5863 
11636 5863 5961 5962 
11637 5863 5962 5864 
11638 5864 5962 5963 
11639 5864 5963 5865 
11640 5865 5963 5964 
11641 5865 5964 5866 
11642 5866 5964 5965 
11643 5866 5965 5867 
11644 5867 5965 5966 
11645 5867 5966 5868 
11646 5868 5966 5967 
11647 5868 5967 5869 
11648 5869 5967 5968 
11649 5869 5968 5870 
11650 5870 5968 5969 
11651 5870 5969 5871 
11652 5871 5969 5970 
11653 5871 5970 5872 
11654 5872 5970 5971 
11655 5872 5971 5873 
11656 5873 5971 5972 
11657 5873 5972 5874 
11658 5874 5972 5973 
11659 5874 5973 5875 
11660 5875 5973 5974 
11661 5875 5974 5876 
11662 5876 5974 5975 
11663 5876 5975 5877 
11664 5877 5975 5976 
11665 5877 5976 5878 
11666 5878 5976 5977 
11667 5878 5977 5879 
11668 5879 5977 5978 
11669 5879 5978 5880 
11670 5880 5978 5979 
11671 5880 5979 5881 
11672 5881 5979 5980 
11673 5881 5980 5882 
11674 5882 5980 5981 
11675 5882 5981 5883 
11676 5883 5981 5982 
11677 5883 5982 5884 
11678 5884 5982 5983 
11679 5884 5983 5885 
11680 5885 5983 5984 
11681 5885 5984 5886 
11682 5886 5984 5985 
11683 5886 5985 5887 
11684 5887 5985 5986 
11685 5887 5986 5888 
11686 5888 5986 5987 
11687 5888 5987 5889 
11688 5889 5987 5988 
11689 5889 5988 5890 
11690 5890 5988 5989 
11691 5890 5989 5891 
11692 5891 5989 5990 
11693 5891 5990 5892 
11694 5892 5990 5991 
11695 5892 5991 5893 
11696 5893 5991 5992 
11697 5893 5992 5894 
11698 5894 5992 5993 
11699 5894 5993 5895 
11700 5895 5993 5994 
11701 5895 5994 5896 
11702 5896 5994 5995 
11703 5896 5995 5897 
11704 5897 5995 5996 
11705 5897 5996 5898 
11706 5898 5996 5997 
11707 5898 5997 5899 
11708 5899 5997 5998 
11709 5899 5998 5900 
11710 5900 5998 5999 
11711 5900 5999 5901 
11712 5901 5999 6000 
11713 5901 6000 5902 
11714 5902 6000 6001 
11715 5902 6001 5903 
11716 5903 6001 6002 
11717 5903 6002 5904 
11718 5904 6002 6003 
11719 5904 6003 5905 
11720 5905 6003 6004 
11721 5905 6004 5906 
11722 5906 6004 6005 
11723 5906 6005 5907 
11724 5907 6005 6006 
11725 5907 6006 5908 
11726 5908 6006 6007 
11727 5908 6007 5909 
11728 5909 6007 6008 
11729 5909 6008 5910 
11730 5910 6008 6009 
11731 5910 6009 5911 
11732 5911 6009 6010 
11733 5911 6010 5912 
11734 5912 6010 6011 
11735 5912 6011 5913 
11736 5913 6011 6012 
11737 5913 6012 5914 
11738 5914 6012 6013 
11739 5914 6013 5915 
11740 5915 6013 6014 
11741 5915 6014 5916 
11742 5916 6014 6015 
11743 5916 6015 5917 
11744 5917 6015 6016 
11745 5917 6016 5918 
11746 5918 6016 6017 
11747 5918 6017 5919 
11748 5919 6017 6018 
11749 5919 6018 5920 
11750 5920 6018 6019 
11751 5920 6019 5921 
11752 5921 6019 6020 
11753 5921 6020 5922 
11754 5922 6020 6021 
11755 5922 6021 5923 
11756 5923 6021 6022 
11757 5923 6022 5924 
11758 5924 6022 6023 
11759 5924 6023 5925 
11760 5925 6023 6024 
11761 5925 6024 5926 
11762 5926 6024 6025 
11763 5926 6025 5927 
11764 5927 6025 6026 
11765 5927 6026 5928 
11766 5928 6026 6027 
11767 5928 6027 5929 
11768 5929 6027 6028 
11769 5929 6028 5930 
11770 5930 6028 6029 
11771 5930 6029 5931 
11772 5931 6029 6030 
11773 5931 6030 5932 
11774 5932 6030 6031 
11775 5932 6031 5933 
11776 5933 6031 6032 
11777 5933 6032 5934 
11778 5934 6032 6033 
11779 5934 6033 5935 
11780 5935 6033 6034 
11781 5935 6034 5936 
11782 5936 6034 6035 
11783 5936 6035 5937 
11784 5937 6035 6036 
11785 5937 6036 5938 
11786 5938 6036 6037 
11787 5938 6037 5939 
11788 5939 6037 6038 
11789 5939 6038 5940 
11790 5940 6038 6039 
11791 5940 6039 5941 
11792 5941 6039 6040 
11793 5941 6040 5942 
11794 5942 6040 6041 
11795 5942 6041 5943 
11796 5943 6041 6042 
11797 5943 6042 5944 
11798 5944 6042 6043 
11799 5944 6043 246 
11800 246 6043 245 
11801 61 62 5945 
11802 5945 62 6044 
11803 5945 6044 5946 
11804 5946 6044 6045 
11805 5946 6045 5947 
11806 5947 6045 6046 
11807 5947 6046 5948 
11808 5948 6046 6047 
11809 5948 6047 5949 
11810 5949 6047 6048 
11811 5949 6048 5950 
11812 5950 6048 6049 
11813 5950 6049 5951 
11814 5951 6049 6050 
11815 5951 6050 5952 
11816 5952 6050 6051 
11817 5952 6051 5953 
11818 5953 6051 6052 
11819 5953 6052 5954 
11820 5954 6052 6053 
11821 5954 6053 5955 
11822 5955 6053 6054 
11823 5955 6054 5956 
11824 5956 6054 6055 
11825 5956 6055 5957 
11826 5957 6055 6056 
11827 5957 6056 5958 
11828 5958 6056 6057 
11829 5958 6057 5959 
11830 5959 6057 6058 
11831 5959 6058 5960 
11832 5960 6058 6059 
11833 5960 6059 5961 
11834 5961 6059 6060 
11835 5961 6060 5962 
11836 5962 6060 6061 
11837 5962 6061 5963 
11838 5963 6061 6062 
11839 5963 6062 5964 
11840 5964 6062 6063 
11841 5964 6063 5965 
11842 5965 6063 6064 
11843 5965 6064 5966 
11844 5966 6064 6065 
11845 5966 6065 5967 
11846 5967 6065 6066 
11847 5967 6066 5968 
11848 5968 6066 6067 
11849 5968 6067 5969 
11850 5969 6067 6068 
11851 5969 6068 5970 
11852 5970 6068 6069 
11853 5970 6069 5971 
11854 5971 6069 6070 
11855 5971 6070 5972 
11856 5972 6070 6071 
11857 5972 6071 5973 
11858 5973 6071 6072 
11859 5973 6072 5974 
11860 5974 6072 6073 
11861 5974 6073 5975 
11862 5975 6073 6074 
11863 5975 6074 5976 
11864 5976 6074 6075 
11865 5976 6075 5977 
11866 5977 6075 6076 
11867 5977 6076 5978 
11868 5978 6076 6077 
11869 5978 6077 5979 
11870 5979 6077 6078 
11871 5979 6078 5980 
11872 5980 6078 6079 
11873 5980 6079 5981 
11874 5981 6079 6080 
11875 5981 6080 5982 
11876 5982 6080 6081 
11877 5982 6081 5983 
11878 5983 6081 6082 
11879 5983 6082 5984 
11880 5984 6082 6083 
11881 5984 6083 5985 
11882 5985 6083 6084 
11883 5985 6084 5986 
11884 5986 6084 6085 
11885 5986 6085 5987 
11886 5987 6085 6086 
11887 5987 6086 5988 
11888 5988 6086 6087 
11889 5988 6087 5989 
11890 5989 6087 6088 
11891 5989 6088 5990 
11892 5990 6088 6089 
11893 5990 6089 5991 
11894 5991 6089 6090 
11895 5991 6090 5992 
11896 5992 6090 6091 
11897 5992 6091 5993 
11898 5993 6091 6092 
11899 5993 6092 5994 
11900 5994 6092 6093 
11901 5994 6093 5995 
11902 5995 6093 6094 
11903 5995 6094 5996 
11904 5996 6094 6095 
11905 5996 6095 5997 
11906 5997 6095 6096 
11907 5997 6096 5998 
11908 5998 6096 6097 
11909 5998 6097 5999 
11910 5999 6097 6098 
11911 5999 6098 6000 
11912 6000 6098 6099 
11913 6000 6099 6001 
11914 6001 6099 6100 
11915 6001 6100 6002 
11916 6002 6100 6101 
11917 6002 6101 6003 
11918 6003 6101 6102 
11919 6003 6102 6004 
11920 6004 6102 6103 
11921 6004 6103 6005 
11922 6005 6103 6104 
11923 6005 6104 6006 
11924 6006 6104 6105 
11925 6006 6105 6007 
11926 6007 6105 6106 
11927 6007 6106 6008 
11928 6008 6106 6107 
11929 6008 6107 6009 
11930 6009 6107 6108 
11931 6009 6108 6010 
11932 6010 6108 6109 
11933 6010 6109 6011 
11934 6011 6109 6110 
11935 6011 6110 6012 
11936 6012 6110 6111 
11937 6012 6111 6013 
11938 6013 6111 6112 
11939 6013 6112 6014 
11940 6014 6112 6113 
11941 6014 6113 6015 
11942 6015 6113 6114 
11943 6015 6114 6016 
11944 6016 6114 6115 
11945 6016 6115 6017 
11946 6017 6115 6116 
11947 6017 6116 6018 
11948 6018 6116 6117 
11949 6018 6117 6019 
11950 6019 6117 6118 
11951 6019 6118 6020 
11952 6020 6118 6119 
11953 6020 6119 6021 
11954 6021 6119 6120 
11955 6021 6120 6022 
11956 6022 6120 6121 
11957 6022 6121 6023 
11958 6023 6121 6122 
11959 6023 6122 6024 
11960 6024 6122 6123 
11961 6024 6123 6025 
11962 6025 6123 6124 
11963 6025 6124 6026 
11964 6026 6124 6125 
11965 6026 6125 6027 
11966 6027 6125 6126 
11967 6027 6126 6028 
11968 6028 6126 6127 
11969 6028 6127 6029 
11970 6029 6127 6128 
11971 6029 6128 6030 
11972 6030 6128 6129 
11973 6030 6129 6031 
11974 6031 6129 6130 
11975 6031 6130 6032 
11976 6032 6130 6131 
11977 6032 6131 6033 
11978 6033 6131 6132 
11979 6033 6132 6034 
11980 6034 6132 6133 
11981 6034 6133 6035 
11982 6035 6133 6134 
11983 6035 6134 6036 
11984 6036 6134 6135 
11985 6036 6135 6037 
11986 6037 6135 6136 
11987 6037 6136 6038 
11988 6038 6136 6137 
11989 6038 6137 6039 
11990 6039 6137 6138 
11991 6039 6138 6040 
11992 6040 6138 6139 
11993 6040 6139 6041 
11994 6041 6139 6140 
11995 6041 6140 6042 
11996 6042 6140 6141 
11997 6042 6141 6043 
11998 6043 6141 6142 
11999 6043 6142 245 
12000 245 6142 244 
12001 62 63 6044 
12002 6044 63 6143 
12003 6044 6143 6045 
12004 6045 6143 6144 
12005 6045 6144 6046 
12006 6046 6144 6145 
12007 6046 6145 6047 
12008 6047 6145 6146 
12009 6047 6146 6048 
12010 6048 6146 6147 
12011 6048 6147 6049 
12012 6049 6147 6148 
12013 6049 6148 6050 
12014 6050 6148 6149 
12015 6050 6149 6051 
12016 6051 6149 6150 
12017 6051 6150 6052 
12018 6052 6150 6151 
12019 6052 6151 6053 
12020 6053 6151 6152 
12021 6053 6152 6054 
12022 6054 6152 6153 
12023 6054 6153 6055 
12024 6055 6153 6154 
12025 6055 6154 6056 
12026 6056 6154 6155 
12027 6056 6155 6057 
12028 6057 6155 6156 
12029 6057 6156 6058 
12030 6058 6156 6157 
12031 6058 6157 6059 
12032 6059 6157 6158 
12033 6059 6158 6060 
12034 6060 6158 6159 
12035 6060 6159 6061 
12036 6061 6159 6160 
12037 6061 6160 6062 
12038 6062 6160 6161 
12039 6062 6161 6063 
12040 6063 6161 6162 
12041 6063 6162 6064 
12042 6064 6162 6163 
12043 6064 6163 6065 
12044 6065 6163 6164 
12045 6065 6164 6066 
12046 6066 6164 6165 
12047 6066 6165 6067 
12048 6067 6165 6166 
12049 6067 6166 6068 
12050 6068 6166 6167 
12051 6068 6167 6069 
12052 6069 6167 6168 
12053 6069 6168 6070 
12054 6070 6168 6169 
12055 6070 6169 6071 
12056 6071 6169 6170 
12057 6071 6170 6072 
12058 6072 6170 6171 
12059 6072 6171 6073 
12060 6073 6171 6172 
12061 6073 6172 6074 
12062 6074 6172 6173 
12063 6074 6173 6075 
12064 6075 6173 6174 
12065 6075 6174 6076 
12066 6076 6174 6175 
12067 6076 6175 6077 
12068 6077 6175 6176 
12069 6077 6176 6078 
12070 6078 6176 6177 
12071 6078 6177 6079 
12072 6079 6177 6178 
12073 6079 6178 6080 
12074 6080 6178 6179 
12075 6080 6179 6081 
12076 6081 6179 6180 
12077 6081 6180 6082 
12078 6082 6180 6181 
12079 6082 6181 6083 
12080 6083 6181 6182 
12081 6083 6182 6084 
12082 6084 6182 6183 
12083 6084 6183 6085 
12084 6085 6183 6184 
12085 6085 6184 6086 
12086 6086 6184 6185 
12087 6086 6185 6087 
12088 6087 6185 6186 
12089 6087 6186 6088 
12090 6088 6186 6187 
12091 6088 6187 6089 
12092 6089 6187 6188 
12093 6089 6188 6090 
12094 6090 6188 6189 
12095 6090 6189 6091 
12096 6091 6189 6190 
12097 6091 6190 6092 
12098 6092 6190 6191 
12099 6092 6191 6093 
12100 6093 6191 6192 
12101 6093 6192 6094 
12102 6094 6192 6193 
12103 6094 6193 6095 
12104 6095 6193 6194 
12105 6095 6194 6096 
12106 6096 6194 6195 
12107 6096 6195 6097 
12108 6097 6195 6196 
12109 6097 6196 6098 
12110 6098 6196 6197 
12111 6098 6197 6099 
12112 6099 6197 6198 
12113 6099 6198 6100 
12114 6100 6198 6199 
12115 6100 6199 6101 
12116 6101 6199 6200 
12117 6101 6200 6102 
12118 6102 6200 6201 
12119 6102 6201 6103 
12120 6103 6201 6202 
12121 6103 6202 6104 
12122 6104 6202 6203 
12123 6104 6203 6105 
12124 6105 6203 6204 
12125 6105 6204 6106 
12126 6106 6204 6205 
12127 6106 6205 6107 
12128 6107 6205 6206 
12129 6107 6206 6108 
12130 6108 6206 6207 
12131 6108 6207 6109 
12132 6109 6207 6208 
12133 6109 6208 6110 
12134 6110 6208 6209 
12135 6110 6209 6111 
12136 6111 6209 6210 
12137 6111 6210 6112 
12138 6112 6210 6211 
12139 6112 6211 6113 
12140 6113 6211 6212 
12141 6113 6212 6114 
12142 6114 6212 6213 
12143 6114 6213 6115 
12144 6115 6213 6214 
12145 6115 6214 6116 
12146 6116 6214 6215 
12147 6116 6215 6117 
12148 6117 6215 6216 
12149 6117 6216 6118 
12150 6118 6216 6217 
12151 6118 6217 6119 
12152 6119 6217 6218 
12153 6119 6218 6120 
12154 6120 6218 6219 
12155 6120 6219 6121 
12156 6121 6219 6220 
12157 6121 6220 6122 
12158 6122 6220 6221 
12159 6122 6221 6123 
12160 6123 6221 6222 
12161 6123 6222 6124 
12162 6124 6222 6223 
12163 6124 6223 6125 
12164 6125 6223 6224 
12165 6125 6224 6126 
12166 6126 6224 6225 
12167 6126 6225 6127 
12168 6127 6225 6226 
12169 6127 6226 6128 
12170 6128 6226 6227 
12171 6128 6227 6129 
12172 6129 6227 6228 
12173 6129 6228 6130 
12174 6130 6228 6229 
12175 6130 6229 6131 
12176 6131 6229 6230 
12177 6131 6230 6132 
12178 6132 6230 6231 
12179 6132 6231 6133 
12180 6133 6231 6232 
12181 6133 6232 6134 
12182 6134 6232 6233 
12183 6134 6233 6135 
12184 6135 6233 6234 
12185 6135 6234 6136 
12186 6136 6234 6235 
12187 6136 6235 6137 
12188 6137 6235 6236 
12189 6137 6236 6138 
12190 6138 6236 6237 
12191 6138 6237 6139 
12192 6139 6237 6238 
12193 6139 6238 6140 
12194 6140 6238 6239 
12195 6140 6239 6141 
12196 6141 6239 6240 
12197 6141 6240 6142 
12198 6142 6240 6241 
12199 6142 6241 244 
12200 244 6241 243 
12201 63 64 6143 
12202 6143 64 6242 
12203 6143 6242 6144 
12204 6144 6242 6243 
12205 6144 6243 6145 
12206 6145 6243 6244 
12207 6145 6244 6146 
12208 6146 6244 6245 
12209 6146 6245 6147 
12210 6147 6245 6246 
12211 6147 6246 6148 
12212 6148 6246 6247 
12213 6148 6247 6149 
12214 6149 6247 6248 
12215 6149 6248 6150 
12216 6150 6248 6249 
12217 6150 6249 6151 
12218 6151 6249 6250 
12219 6151 6250 6152 
12220 6152 6250 6251 
12221 6152 6251 6153 
12222 6153 6251 6252 
12223 6153 6252 6154 
12224 6154 6252 6253 
12225 6154 6253 6155 
12226 6155 6253 6254 
12227 6155 6254 6156 
12228 6156 6254 6255 
12229 6156 6255 6157 
12230 6157 6255 6256 
12231 6157 6256 6158 
12232 6158 6256 6257 
12233 6158 6257 6159 
12234 6159 6257 6258 
12235 6159 6258 6160 
12236 6160 6258 6259 
12237 6160 6259 6161 
12238 6161 6259 6260 
12239 6161 6260 6162 
12240 6162 6260 6261 
12241 6162 6261 6163 
12242 6163 6261 6262 
12243 6163 6262 6164 
12244 6164 6262 6263 
12245 6164 6263 6165 
12246 6165 6263 6264 
12247 6165 6264 6166 
12248 6166 6264 6265 
12249 6166 6265 6167 
12250 6167 6265 6266 
12251 6167 6266 6168 
12252 6168 6266 6267 
12253 6168 6267 6169 
12254 6169 6267 6268 
12255 6169 6268 6170 
12256 6170 6268 6269 
12257 6170 6269 6171 
12258 6171 6269 6270 
12259 6171 6270 6172 
12260 6172 6270 6271 
12261 6172 6271 6173 
12262 6173 6271 6272 
12263 6173 6272 6174 
12264 6174 6272 6273 
12265 6174 6273 6175 
12266 6175 6273 6274 
12267 6175 6274 6176 
12268 6176 6274 6275 
12269 6176 6275 6177 
12270 6177 6275 6276 
12271 6177 6276 6178 
12272 6178 6276 6277 
12273 6178 6277 6179 
12274 6179 6277 6278 
12275 6179 6278 6180 
12276 6180 6278 6279 
12277 6180 6279 6181 
12278 6181 6279 6280 
12279 6181 6280 6182 
12280 6182 6280 6281 
12281 6182 6281 6183 
12282 6183 6281 6282 
12283 6183 6282 6184 
12284 6184 6282 6283 
12285 6184 6283 6185 
12286 6185 6283 6284 
12287 6185 6284 6186 
12288 6186 6284 6285 
12289 6186 6285 6187 
12290 6187 6285 6286 
12291 6187 6286 6188 
12292 6188 6286 6287 
12293 6188 6287 6189 
12294 6189 6287 6288 
12295 6189 6288 6190 
12296 6190 6288 6289 
12297 6190 6289 6191 
12298 6191 6289 6290 
12299 6191 6290 6192 
12300 6192 6290 6291 
12301 6192 6291 6193 
12302 6193 6291 6292 
12303 6193 6292 6194 
12304 6194 6292 6293 
12305 6194 6293 6195 
12306 6195 6293 6294 
12307 6195 6294 6196 
12308 6196 6294 6295 
12309 6196 6295 6197 
12310 6197 6295 6296 
12311 6197 6296 6198 
12312 6198 6296 6297 
12313 6198 6297 6199 
12314 6199 6297 6298 
12315 6199 6298 6200 
12316 6200 6298 6299 
12317 6200 6299 6201 
12318 6201 6299 6300 
12319 6201 6300 6202 
12320 6202 6300 6301 
12321 6202 6301 6203 
12322 6203 6301 6302 
12323 6203 6302 6204 
12324 6204 6302 6303 
12325 6204 6303 6205 
12326 6205 6303 6304 
12327 6205 6304 6206 
12328 6206 6304 6305 
12329 6206 6305 6207 
12330 6207 6305 6306 
12331 6207 6306 6208 
12332 6208 6306 6307 
12333 6208 6307 6209 
12334 6209 6307 6308 
12335 6209 6308 6210 
12336 6210 6308 6309 
12337 6210 6309 6211 
12338 6211 6309 6310 
12339 6211 6310 6212 
12340 6212 6310 6311 
12341 6212 6311 6213 
12342 6213 6311 6312 
12343 6213 6312 6214 
12344 6214 6312 6313 
12345 6214 6313 6215 
12346 6215 6313 6314 
12347 6215 6314 6216 
12348 6216 6314 6315 
12349 6216 6315 6217 
12350 6217 6315 6316 
12351 6217 6316 6218 
12352 6218 6316 6317 
12353 6218 6317 6219 
12354 6219 6317 6318 
12355 6219 6318 6220 
12356 6220 6318 6319 
12357 6220 6319 6221 
12358 6221 6319 6320 
12359 6221 6320 6222 
12360 6222 6320 6321 
12361 6222 6321 6223 
12362 6223 6321 6322 
12363 6223 6322 6224 
12364 6224 6322 6323 
12365 6224 6323 6225 
12366 6225 6323 6324 
12367 6225 6324 6226 
12368 6226 6324 6325 
12369 6226 6325 6227 
12370 6227 6325 6326 
12371 6227 6326 6228 
12372 6228 6326 6327 
12373 6228 6327 6229 
12374 6229 6327 6328 
12375 6229 6328 6230 
12376 6230 6328 6329 
12377 6230 6329 6231 
12378 6231 6329 6330 
12379 6231 6330 6232 
12380 6232 6330 6331 
12381 6232 6331 6233 
12382 6233 6331 6332 
12383 6233 6332 6234 
12384 6234 6332 6333 
12385 6234 6333 6235 
12386 6235 6333 6334 
12387 6235 6334 6236 
12388 6236 6334 6335 
12389 6236 6335 6237 
12390 6237 6335 6336 
12391 6237 6336 6238 
12392 6238 6336 6337 
12393 6238 6337 6239 
12394 6239 6337 6338 
12395 6239 6338 6240 
12396 6240 6338 6339 
12397 6240 6339 6241 
12398 6241 6339 6340 
12399 6241 6340 243 
12400 243 6340 242 
12401 64 65 6242 
12402 6242 65 6341 
12403 6242 6341 6243 
12404 6243 6341 6342 
12405 6243 6342 6244 
12406 6244 6342 6343 
12407 6244 6343 6245 
12408 6245 6343 6344 
12409 6245 6344 6246 
12410 6246 6344 6345 
12411 6246 6345 6247 
12412 6247 6345 6346 
12413 6247 6346 6248 
12414 6248 6346 6347 
12415 6248 6347 6249 
12416 6249 6347 6348 
12417 6249 6348 6250 
12418 6250 6348 6349 
12419 6250 6349 6251 
12420 6251 6349 6350 
12421 6251 6350 6252 
12422 6252 6350 6351 
12423 6252 6351 6253 
12424 6253 6351 6352 
12425 6253 6352 6254 
12426 6254 6352 6353 
12427 6254 6353 6255 
12428 6255 6353 6354 
12429 6255 6354 6256 
12430 6256 6354 6355 
12431 6256 6355 6257 
12432 6257 6355 6356 
12433 6257 6356 6258 
12434 6258 6356 6357 
12435 6258 6357 6259 
12436 6259 6357 6358 
12437 6259 6358 6260 
12438 6260 6358 6359 
12439 6260 6359 6261 
12440 6261 6359 6360 
12441 6261 6360 6262 
12442 6262 6360 6361 
12443 6262 6361 6263 
12444 6263 6361 6362 
12445 6263 6362 6264 
12446 6264 6362 6363 
12447 6264 6363 6265 
12448 6265 6363 6364 
12449 6265 6364 6266 
12450 6266 6364 6365 
12451 6266 6365 6267 
12452 6267 6365 6366 
12453 6267 6366 6268 
12454 6268 6366 6367 
12455 6268 6367 6269 
12456 6269 6367 6368 
12457 6269 6368 6270 
12458 6270 6368 6369 
12459 6270 6369 6271 
12460 6271 6369 6370 
12461 6271 6370 6272 
12462 6272 6370 6371 
12463 6272 6371 6273 
12464 6273 6371 6372 
12465 6273 6372 6274 
12466 6274 6372 6373 
12467 6274 6373 6275 
12468 6275 6373 6374 
12469 6275 6374 6276 
12470 6276 6374 6375 
12471 6276 6375 6277 
12472 6277 6375 6376 
12473 6277 6376 6278 
12474 6278 6376 6377 
12475 6278 6377 6279 
12476 6279 6377 6378 
12477 6279 6378 6280 
12478 6280 6378 6379 
12479 6280 6379 6281 
12480 6281 6379 6380 
12481 6281 6380 6282 
12482 6282 6380 6381 
12483 6282 6381 6283 
12484 6283 6381 6382 
12485 6283 6382 6284 
12486 6284 6382 6383 
12487 6284 6383 6285 
12488 6285 6383 6384 
12489 6285 6384 6286 
12490 6286 6384 6385 
12491 6286 6385 6287 
12492 6287 6385 6386 
12493 6287 6386 6288 
12494 6288 6386 6387 
12495 6288 6387 6289 
12496 6289 6387 6388 
12497 6289 6388 6290 
12498 6290 6388 6389 
12499 6290 6389 6291 
12500 6291 6389 6390 
12501 6291 6390 6292 
12502 6292 6390 6391 
12503 6292 6391 6293 
12504 6293 6391 6392 
12505 6293 6392 6294 
12506 6294 6392 6393 
12507 6294 6393 6295 
12508 6295 6393 6394 
12509 6295 6394 6296 
12510 6296 6394 6395 
12511 6296 6395 6297 
12512 6297 6395 6396 
12513 6297 6396 6298 
12514 6298 6396 6397 
12515 6298 6397 6299 
12516 6299 6397 6398 
12517 6299 6398 6300 
12518 6300 6398 6399 
12519 6300 6399 6301 
12520 6301 6399 6400 
12521 6301 6400 6302 
12522 6302 6400 6401 
12523 6302 6401 6303 
12524 6303 6401 6402 
12525 6303 6402 6304 
12526 6304 6402 6403 
12527 6304 6403 6305 
12528 6305 6403 6404 
12529 6305 6404 6306 
12530 6306 6404 6405 
12531 6306 6405 6307 
12532 6307 6405 6406 
12533 6307 6406 6308 
12534 6308 6406 6407 
12535 6308 6407 6309 
12536 6309 6407 6408 
12537 6309 6408 6310 
12538 6310 6408 6409 
12539 6310 6409 6311 
12540 6311 6409 6410 
12541 6311 6410 6312 
12542 6312 6410 6411 
12543 6312 6411 6313 
12544 6313 6411 6412 
12545 6313 6412 6314 
12546 6314 6412 6413 
12547 6314 6413 6315 
12548 6315 6413 6414 
12549 6315 6414 6316 
12550 6316 6414 6415 
12551 6316 6415 6317 
12552 6317 6415 6416 
12553 6317 6416 6318 
12554 6318 6416 6417 
12555 6318 6417 6319 
12556 6319 6417 6418 
12557 6319 6418 6320 
12558 6320 6418 6419 
12559 6320 6419 6321 
12560 6321 6419 6420 
12561 6321 6420 6322 
12562 6322 6420 6421 
12563 6322 6421 6323 
12564 6323 6421 6422 
12565 6323 6422 6324 
12566 6324 6422 6423 
12567 6324 6423 6325 
12568 6325 6423 6424 
12569 6325 6424 6326 
12570 6326 6424 6425 
12571 6326 6425 6327 
12572 6327 6425 6426 
12573 6327 6426 6328 
12574 6328 6426 6427 
12575 6328 6427 6329 
12576 6329 6427 6428 
12577 6329 6428 6330 
12578 6330 6428 6429 
12579 6330 6429 6331 
12580 6331 6429 6430 
12581 6331 6430 6332 
12582 6332 6430 6431 
12583 6332 6431 6333 
12584 6333 6431 6432 
12585 6333 6432 6334 
12586 6334 6432 6433 
12587 6334 6433 6335 
12588 6335 6433 6434 
12589 6335 6434 6336 
12590 6336 6434 6435 
12591 6336 6435 6337 
12592 6337 6435 6436 
12593 6337 6436 6338 
12594 6338 6436 6437 
12595 6338 6437 6339 
12596 6339 6437 6438 
12597 6339 6438 6340 
12598 6340 6438 6439 
12599 6340 6439 242 
12600 242 6439 241 
12601 65 66 6341 
12602 6341 66 6440 
12603 6341 6440 6342 
12604 6342 6440 6441 
12605 6342 6441 6343 
12606 6343 6441 6442 
12607 6343 6442 6344 
12608 6344 6442 6443 
12609 6344 6443 6345 
12610 6345 6443 6444 
12611 6345 6444 6346 
12612 6346 6444 6445 
12613 6346 6445 6347 
12614 6347 6445 6446 
12615 6347 6446 6348 
12616 6348 6446 6447 
12617 6348 6447 6349 
12618 6349 6447 6448 
12619 6349 6448 6350 
12620 6350 6448 6449 
12621 6350 6449 6351 
12622 6351 6449 6450 
12623 6351 6450 6352 
12624 6352 6450 6451 
12625 6352 6451 6353 
12626 6353 6451 6452 
12627 6353 6452 6354 
12628 6354 6452 6453 
12629 6354 6453 6355 
12630 6355 6453 6454 
12631 6355 6454 6356 
12632 6356 6454 6455 
12633 6356 6455 6357 
12634 6357 6455 6456 
12635 6357 6456 6358 
12636 6358 6456 6457 
12637 6358 6457 6359 
12638 6359 6457 6458 
12639 6359 6458 6360 
12640 6360 6458 6459 
12641 6360 6459 6361 
12642 6361 6459 6460 
12643 6361 6460 6362 
12644 6362 6460 6461 
12645 6362 6461 6363 
12646 6363 6461 6462 
12647 6363 6462 6364 
12648 6364 6462 6463 
12649 6364 6463 6365 
12650 6365 6463 6464 
12651 6365 6464 6366 
12652 6366 6464 6465 
12653 6366 6465 6367 
12654 6367 6465 6466 
12655 6367 6466 6368 
12656 6368 6466 6467 
12657 6368 6467 6369 
12658 6369 6467 6468 
12659 6369 6468 6370 
12660 6370 6468 6469 
12661 6370 6469 6371 
12662 6371 6469 6470 
12663 6371 6470 6372 
12664 6372 6470 6471 
12665 6372 6471 6373 
12666 6373 6471 6472 
12667 6373 6472 6374 
12668 6374 6472 6473 
12669 6374 6473 6375 
12670 6375 6473 6474 
12671 6375 6474 6376 
12672 6376 6474 6475 
12673 6376 6475 6377 
12674 6377 6475 6476 
12675 6377 6476 6378 
12676 6378 6476 6477 
12677 6378 6477 6379 
12678 6379 6477 6478 
12679 6379 6478 6380 
12680 6380 6478 6479 
12681 6380 6479 6381 
12682 6381 6479 6480 
12683 6381 6480 6382 
12684 6382 6480 6481 
12685 6382 6481 6383 
12686 6383 6481 6482 
12687 6383 6482 6384 
12688 6384 6482 6483 
12689 6384 6483 6385 
12690 6385 6483 6484 
12691 6385 6484 6386 
12692 6386 6484 6485 
12693 6386 6485 6387 
12694 6387 6485 6486 
12695 6387 6486 6388 
12696 6388 6486 6487 
12697 6388 6487 6389 
12698 6389 6487 6488 
12699 6389 6488 6390 
12700 6390 6488 6489 
12701 6390 6489 6391 
12702 6391 6489 6490 
12703 6391 6490 6392 
12704 6392 6490 6491 
12705 6392 6491 6393 
12706 6393 6491 6492 
12707 6393 6492 6394 
12708 6394 6492 6493 
12709 6394 6493 6395 
12710 6395 6493 6494 
12711 6395 6494 6396 
12712 6396 6494 6495 
12713 6396 6495 6397 
12714 6397 6495 6496 
12715 6397 6496 6398 
12716 6398 6496 6497 
12717 6398 6497 6399 
12718 6399 6497 6498 
12719 6399 6498 6400 
12720 6400 6498 6499 
12721 6400 6499 6401 
12722 6401 6499 6500 
12723 6401 6500 6402 
12724 6402 6500 6501 
12725 6402 6501 6403 
12726 6403 6501 6502 
12727 6403 6502 6404 
12728 6404 6502 6503 
12729 6404 6503 6405 
12730 6405 6503 6504 
12731 6405 6504 6406 
12732 6406 6504 6505 
12733 6406 6505 6407 
12734 6407 6505 6506 
12735 6407 6506 6408 
12736 6408 6506 6507 
12737 6408 6507 6409 
12738 6409 6507 6508 
12739 6409 6508 6410 
12740 6410 6508 6509 
12741 6410 6509 6411 
12742 6411 6509 6510 
12743 6411 6510 6412 
12744 6412 6510 6511 
12745 6412 6511 6413 
12746 6413 6511 6512 
12747 6413 6512 6414 
12748 6414 6512 6513 
12749 6414 6513 6415 
12750 6415 6513 6514 
12751 6415 6514 6416 
12752 6416 6514 6515 
12753 6416 6515 6417 
12754 6417 6515 6516 
12755 6417 6516 6418 
12756 6418 6516 6517 
12757 6418 6517 6419 
12758 6419 6517 6518 
12759 6419 6518 6420 
12760 6420 6518 6519 
12761 6420 6519 6421 
12762 6421 6519 6520 
12763 6421 6520 6422 
12764 6422 6520 6521 
12765 6422 6521 6423 
12766 6423 6521 6522 
12767 6423 6522 6424 
12768 6424 6522 6523 
12769 6424 6523 6425 
12770 6425 6523 6524 
12771 6425 6524 6426 
12772 6426 6524 6525 
12773 6426 6525 6427 
12774 6427 6525 6526 
12775 6427 6526 6428 
12776 6428 6526 6527 
12777 6428 6527 6429 
12778 6429 6527 6528 
12779 6429 6528 6430 
12780 6430 6528 6529 
12781 6430 6529 6431 
12782 6431 6529 6530 
12783 6431 6530 6432 
12784 6432 6530 6531 
12785 6432 6531 6433 
12786 6433 6531 6532 
12787 6433 6532 6434 
12788 6434 6532 6533 
12789 6434 6533 6435 
12790 6435 6533 6534 
12791 6435 6534 6436 
12792 6436 6534 6535 
12793 6436 6535 6437 
12794 6437 6535 6536 
12795 6437 6536 6438 
12796 6438 6536 6537 
12797 6438 6537 6439 
12798 6439 6537 6538 
12799 6439 6538 241 
12800 241 6538 240 
12801 66 67 6440 
12802 6440 67 6539 
12803 6440 6539 6441 
12804 6441 6539 6540 
12805 6441 6540 6442 
12806 6442 6540 6541 
12807 6442 6541 6443 
12808 6443 6541 6542 
12809 6443 6542 6444 
12810 6444 6542 6543 
12811 6444 6543 6445 
12812 6445 6543 6544 
12813 6445 6544 6446 
12814 6446 6544 6545 
12815 6446 6545 6447 
12816 6447 6545 6546 
12817 6447 6546 6448 
12818 6448 6546 6547 
12819 6448 6547 6449 
12820 6449 6547 6548 
12821 6449 6548 6450 
12822 6450 6548 6549 
12823 6450 6549 6451 
12824 6451 6549 6550 
12825 6451 6550 6452 
12826 6452 6550 6551 
12827 6452 6551 6453 
12828 6453 6551 6552 
12829 6453 6552 6454 
12830 6454 6552 6553 
12831 6454 6553 6455 
12832 6455 6553 6554 
12833 6455 6554 6456 
12834 6456 6554 6555 
12835 6456 6555 6457 
12836 6457 6555 6556 
12837 6457 6556 6458 
12838 6458 6556 6557 
12839 6458 6557 6459 
12840 6459 6557 6558 
12841 6459 6558 6460 
12842 6460 6558 6559 
12843 6460 6559 6461 
12844 6461 6559 6560 
12845 6461 6560 6462 
12846 6462 6560 6561 
12847 6462 6561 6463 
12848 6463 6561 6562 
12849 6463 6562 6464 
12850 6464 6562 6563 
12851 6464 6563 6465 
12852 6465 6563 6564 
12853 6465 6564 6466 
12854 6466 6564 6565 
12855 6466 6565 6467 
12856 6467 6565 6566 
12857 6467 6566 6468 
12858 6468 6566 6567 
12859 6468 6567 6469 
12860 6469 6567 6568 
12861 6469 6568 6470 
12862 6470 6568 6569 
12863 6470 6569 6471 
12864 6471 6569 6570 
12865 6471 6570 6472 
12866 6472 6570 6571 
12867 6472 6571 6473 
12868 6473 6571 6572 
12869 6473 6572 6474 
12870 6474 6572 6573 
12871 6474 6573 6475 
12872 6475 6573 6574 
12873 6475 6574 6476 
12874 6476 6574 6575 
12875 6476 6575 6477 
12876 6477 6575 6576 
12877 6477 6576 6478 
12878 6478 6576 6577 
12879 6478 6577 6479 
12880 6479 6577 6578 
12881 6479 6578 6480 
12882 6480 6578 6579 
12883 6480 6579 6481 
12884 6481 6579 6580 
12885 6481 6580 6482 
12886 6482 6580 6581 
12887 6482 6581 6483 
12888 6483 6581 6582 
12889 6483 6582 6484 
12890 6484 6582 6583 
12891 6484 6583 6485 
12892 6485 6583 6584 
12893 6485 6584 6486 
12894 6486 6584 6585 
12895 6486 6585 6487 
12896 6487 6585 6586 
12897 6487 6586 6488 
12898 6488 6586 6587 
12899 6488 6587 6489 
12900 6489 6587 6588 
12901 6489 6588 6490 
12902 6490 6588 6589 
12903 6490 6589 6491 
12904 6491 6589 6590 
12905 6491 6590 6492 
12906 6492 6590 6591 
12907 6492 6591 6493 
12908 6493 6591 6592 
12909 6493 6592 6494 
12910 6494 6592 6593 
12911 6494 6593 6495 
12912 6495 6593 6594 
12913 6495 6594 6496 
12914 6496 6594 6595 
12915 6496 6595 6497 
12916 6497 6595 6596 
12917 6497 6596 6498 
12918 6498 6596 6597 
12919 6498 6597 6499 
12920 6499 6597 6598 
12921 6499 6598 6500 
12922 6500 6598 6599 
12923 6500 6599 6501 
12924 6501 6599 6600 
12925 6501 6600 6502 
12926 6502 6600 6601 
12927 6502 6601 6503 
12928 6503 6601 6602 
12929 6503 6602 6504 
12930 6504 6602 6603 
12931 6504 6603 6505 
12932 6505 6603 6604 
12933 6505 6604 6506 
12934 6506 6604 6605 
12935 6506 6605 6507 
12936 6507 6605 6606 
12937 6507 6606 6508 
12938 6508 6606 6607 
12939 6508 6607 6509 
12940 6509 6607 6608 
12941 6509 6608 6510 
12942 6510 6608 6609 
12943 6510 6609 6511 
12944 6511 6609 6610 
12945 6511 6610 6512 
12946 6512 6610 6611 
12947 6512 6611 6513 
12948 6513 6611 6612 
12949 6513 6612 6514 
12950 6514 6612 6613 
12951 6514 6613 6515 
12952 6515 6613 6614 
12953 6515 6614 6516 
12954 6516 6614 6615 
12955 6516 6615 6517 
12956 6517 6615 6616 
12957 6517 6616 6518 
12958 6518 6616 6617 
12959 6518 6617 6519 
12960 6519 6617 6618 
12961 6519 6618 6520 
12962 6520 6618 6619 
12963 6520 6619 6521 
12964 6521 6619 6620 
12965 6521 6620 6522 
12966 6522 6620 6621 
12967 6522 6621 6523 
12968 6523 6621 6622 
12969 6523 6622 6524 
12970 6524 6622 6623 
12971 6524 6623 6525 
12972 6525 6623 6624 
12973 6525 6624 6526 
12974 6526 6624 6625 
12975 6526 6625 6527 
12976 6527 6625 6626 
12977 6527 6626 6528 
12978 6528 6626 6627 
12979 6528 6627 6529 
12980 6529 6627 6628 
12981 6529 6628 6530 
12982 6530 6628 6629 
12983 6530 6629 6531 
12984 6531 6629 6630 
12985 6531 6630 6532 
12986 6532 6630 6631 
12987 6532 6631 6533 
12988 6533 6631 6632 
12989 6533 6632 6534 
12990 6534 6632 6633 
12991 6534 6633 6535 
12992 6535 6633 6634 
12993 6535 6634 6536 
12994 6536 6634 6635 
12995 6536 6635 6537 
12996 6537 6635 6636 
12997 6537 6636 6538 
12998 6538 6636 6637 
12999 6538 6637 240 
13000 240 6637 239 
13001 67 68 6539 
13002 6539 68 6638 
13003 6539 6638 6540 
13004 6540 6638 6639 
13005 6540 6639 6541 
13006 6541 6639 6640 
13007 6541 6640 6542 
13008 6542 6640 6641 
13009 6542 6641 6543 
13010 6543 6641 6642 
13011 6543 6642 6544 
13012 6544 6642 6643 
13013 6544 6643 6545 
13014 6545 6643 6644 
13015 6545 6644 6546 
13016 6546 6644 6645 
13017 6546 6645 6547 
13018 6547 6645 6646 
13019 6547 6646 6548 
13020 6548 6646 6647 
13021 6548 6647 6549 
13022 6549 6647 6648 
13023 6549 6648 6550 
13024 6550 6648 6649 
13025 6550 6649 6551 
13026 6551 6649 6650 
13027 6551 6650 6552 
13028 6552 6650 6651 
13029 6552 6651 6553 
13030 6553 6651 6652 
13031 6553 6652 6554 
13032 6554 6652 6653 
13033 6554 6653 6555 
13034 6555 6653 6654 
13035 6555 6654 6556 
13036 6556 6654 6655 
13037 6556 6655 6557 
13038 6557 6655 6656 
13039 6557 6656 6558 
13040 6558 6656 6657 
13041 6558 6657 6559 
13042 6559 6657 6658 
13043 6559 6658 6560 
13044 6560 6658 6659 
13045 6560 6659 6561 
13046 6561 6659 6660 
13047 6561 6660 6562 
13048 6562 6660 6661 
13049 6562 6661 6563 
13050 6563 6661 6662 
13051 6563 6662 6564 
13052 6564 6662 6663 
13053 6564 6663 6565 
13054 6565 6663 6664 
13055 6565 6664 6566 
13056 6566 6664 6665 
13057 6566 6665 6567 
13058 6567 6665 6666 
13059 6567 6666 6568 
13060 6568 6666 6667 
13061 6568 6667 6569 
13062 6569 6667 6668 
13063 6569 6668 6570 
13064 6570 6668 6669 
13065 6570 6669 6571 
13066 6571 6669 6670 
13067 6571 6670 6572 
13068 6572 6670 6671 
13069 6572 6671 6573 
13070 6573 6671 6672 
13071 6573 6672 6574 
13072 6574 6672 6673 
13073 6574 6673 6575 
13074 6575 6673 6674 
13075 6575 6674 6576 
13076 6576 6674 6675 
13077 6576 6675 6577 
13078 6577 6675 6676 
13079 6577 6676 6578 
13080 6578 6676 6677 
13081 6578 6677 6579 
13082 6579 6677 6678 
13083 6579 6678 6580 
13084 6580 6678 6679 
13085 6580 6679 6581 
13086 6581 6679 6680 
13087 6581 6680 6582 
13088 6582 6680 6681 
13089 6582 6681 6583 
13090 6583 6681 6682 
13091 6583 6682 6584 
13092 6584 6682 6683 
13093 6584 6683 6585 
13094 6585 6683 6684 
13095 6585 6684 6586 
13096 6586 6684 6685 
13097 6586 6685 6587 
13098 6587 6685 6686 
13099 6587 6686 6588 
13100 6588 6686 6687 
13101 6588 6687 6589 
13102 6589 6687 6688 
13103 6589 6688 6590 
13104 6590 6688 6689 
13105 6590 6689 6591 
13106 6591 6689 6690 
13107 6591 6690 6592 
13108 6592 6690 6691 
13109 6592 6691 6593 
13110 6593 6691 6692 
13111 6593 6692 6594 
13112 6594 6692 6693 
13113 6594 6693 6595 
13114 6595 6693 6694 
13115 6595 6694 6596 
13116 6596 6694 6695 
13117 6596 6695 6597 
13118 6597 6695 6696 
13119 6597 6696 6598 
13120 6598 6696 6697 
13121 6598 6697 6599 
13122 6599 6697 6698 
13123 6599 6698 6600 
13124 6600 6698 6699 
13125 6600 6699 6601 
13126 6601 6699 6700 
13127 6601 6700 6602 
13128 6602 6700 6701 
13129 6602 6701 6603 
13130 6603 6701 6702 
13131 6603 6702 6604 
13132 6604 6702 6703 
13133 6604 6703 6605 
13134 6605 6703 6704 
13135 6605 6704 6606 
13136 6606 6704 6705 
13137 6606 6705 6607 
13138 6607 6705 6706 
13139 6607 6706 6608 
13140 6608 6706 6707 
13141 6608 6707 6609 
13142 6609 6707 6708 
13143 6609 6708 6610 
13144 6610 6708 6709 
13145 6610 6709 6611 
13146 6611 6709 6710 
13147 6611 6710 6612 
13148 6612 6710 6711 
13149 6612 6711 6613 
13150 6613 6711 6712 
13151 6613 6712 6614 
13152 6614 6712 6713 
13153 6614 6713 6615 
13154 6615 6713 6714 
13155 6615 6714 6616 
13156 6616 6714 6715 
13157 6616 6715 6617 
13158 6617 6715 6716 
13159 6617 6716 6618 
13160 6618 6716 6717 
13161 6618 6717 6619 
13162 6619 6717 6718 
13163 6619 6718 6620 
13164 6620 6718 6719 
13165 6620 6719 6621 
13166 6621 6719 6720 
13167 6621 6720 6622 
13168 6622 6720 6721 
13169 6622 6721 6623 
13170 6623 6721 6722 
13171 6623 6722 6624 
13172 6624 6722 6723 
13173 6624 6723 6625 
13174 6625 6723 6724 
13175 6625 6724 6626 
13176 6626 6724 6725 
13177 6626 6725 6627 
13178 6627 6725 6726 
13179 6627 6726 6628 
13180 6628 6726 6727 
13181 6628 6727 6629 
13182 6629 6727 6728 
13183 6629 6728 6630 
13184 6630 6728 6729 
13185 6630 6729 6631 
13186 6631 6729 6730 
13187 6631 6730 6632 
13188 6632 6730 6731 
13189 6632 6731 6633 
13190 6633 6731 6732 
13191 6633 6732 6634 
13192 6634 6732 6733 
13193 6634 6733 6635 
13194 6635 6733 6734 
13195 6635 6734 6636 
13196 6636 6734 6735 
13197 6636 6735 6637 
13198 6637 6735 6736 
13199 6637 6736 239 
13200 239 6736 238 
13201 68 69 6638 
13202 6638 69 6737 
13203 6638 6737 6639 
13204 6639 6737 6738 
13205 6639 6738 6640 
13206 6640 6738 6739 
13207 6640 6739 6641 
13208 6641 6739 6740 
13209 6641 6740 6642 
13210 6642 6740 6741 
13211 6642 6741 6643 
13212 6643 6741 6742 
13213 6643 6742 6644 
13214 6644 6742 6743 
13215 6644 6743 6645 
13216 6645 6743 6744 
13217 6645 6744 6646 
13218 6646 6744 6745 
13219 6646 6745 6647 
13220 6647 6745 6746 
13221 6647 6746 6648 
13222 6648 6746 6747 
13223 6648 6747 6649 
13224 6649 6747 6748 
13225 6649 6748 6650 
13226 6650 6748 6749 
13227 6650 6749 6651 
13228 6651 6749 6750 
13229 6651 6750 6652 
13230 6652 6750 6751 
13231 6652 6751 6653 
13232 6653 6751 6752 
13233 6653 6752 6654 
13234 6654 6752 6753 
13235 6654 6753 6655 
13236 6655 6753 6754 
13237 6655 6754 6656 
13238 6656 6754 6755 
13239 6656 6755 6657 
13240 6657 6755 6756 
13241 6657 6756 6658 
13242 6658 6756 6757 
13243 6658 6757 6659 
13244 6659 6757 6758 
13245 6659 6758 6660 
13246 6660 6758 6759 
13247 6660 6759 6661 
13248 6661 6759 6760 
13249 6661 6760 6662 
13250 6662 6760 6761 
13251 6662 6761 6663 
13252 6663 6761 6762 
13253 6663 6762 6664 
13254 6664 6762 6763 
13255 6664 6763 6665 
13256 6665 6763 6764 
13257 6665 6764 6666 
13258 6666 6764 6765 
13259 6666 6765 6667 
13260 6667 6765 6766 
13261 6667 6766 6668 
13262 6668 6766 6767 
13263 6668 6767 6669 
13264 6669 6767 6768 
13265 6669 6768 6670 
13266 6670 6768 6769 
13267 6670 6769 6671 
13268 6671 6769 6770 
13269 6671 6770 6672 
13270 6672 6770 6771 
13271 6672 6771 6673 
13272 6673 6771 6772 
13273 6673 6772 6674 
13274 6674 6772 6773 
13275 6674 6773 6675 
13276 6675 6773 6774 
13277 6675 6774 6676 
13278 6676 6774 6775 
13279 6676 6775 6677 
13280 6677 6775 6776 
13281 6677 6776 6678 
13282 6678 6776 6777 
13283 6678 6777 6679 
13284 6679 6777 6778 
13285 6679 6778 6680 
13286 6680 6778 6779 
13287 6680 6779 6681 
13288 6681 6779 6780 
13289 6681 6780 6682 
13290 6682 6780 6781 
13291 6682 6781 6683 
13292 6683 6781 6782 
13293 6683 6782 6684 
13294 6684 6782 6783 
13295 6684 6783 6685 
13296 6685 6783 6784 
13297 6685 6784 6686 
13298 6686 6784 6785 
13299 6686 6785 6687 
13300 6687 6785 6786 
13301 6687 6786 6688 
13302 6688 6786 6787 
13303 6688 6787 6689 
13304 6689 6787 6788 
13305 6689 6788 6690 
13306 6690 6788 6789 
13307 6690 6789 6691 
13308 6691 6789 6790 
13309 6691 6790 6692 
13310 6692 6790 6791 
13311 6692 6791 6693 
13312 6693 6791 6792 
13313 6693 6792 6694 
13314 6694 6792 6793 
13315 6694 6793 6695 
13316 6695 6793 6794 
13317 6695 6794 6696 
13318 6696 6794 6795 
13319 6696 6795 6697 
13320 6697 6795 6796 
13321 6697 6796 6698 
13322 6698 6796 6797 
13323 6698 6797 6699 
13324 6699 6797 6798 
13325 6699 6798 6700 
13326 6700 6798 6799 
13327 6700 6799 6701 
13328 6701 6799 6800 
13329 6701 6800 6702 
13330 6702 6800 6801 
13331 6702 6801 6703 
13332 6703 6801 6802 
13333 6703 6802 6704 
13334 6704 6802 6803 
13335 6704 6803 6705 
13336 6705 6803 6804 
13337 6705 6804 6706 
13338 6706 6804 6805 
13339 6706 6805 6707 
13340 6707 6805 6806 
13341 6707 6806 6708 
13342 6708 6806 6807 
13343 6708 6807 6709 
13344 6709 6807 6808 
13345 6709 6808 6710 
13346 6710 6808 6809 
13347 6710 6809 6711 
13348 6711 6809 6810 
13349 6711 6810 6712 
13350 6712 6810 6811 
13351 6712 6811 6713 
13352 6713 6811 6812 
13353 6713 6812 6714 
13354 6714 6812 6813 
13355 6714 6813 6715 
13356 6715 6813 6814 
13357 6715 6814 6716 
13358 6716 6814 6815 
13359 6716 6815 6717 
13360 6717 6815 6816 
13361 6717 6816 6718 
13362 6718 6816 6817 
13363 6718 6817 6719 
13364 6719 6817 6818 
13365 6719 6818 6720 
13366 6720 6818 6819 
13367 6720 6819 6721 
13368 6721 6819 6820 
13369 6721 6820 6722 
13370 6722 6820 6821 
13371 6722 6821 6723 
13372 6723 6821 6822 
13373 6723 6822 6724 
13374 6724 6822 6823 
13375 6724 6823 6725 
13376 6725 6823 6824 
13377 6725 6824 6726 
13378 6726 6824 6825 
13379 6726 6825 6727 
13380 6727 6825 6826 
13381 6727 6826 6728 
13382 6728 6826 6827 
13383 6728 6827 6729 
13384 6729 6827 6828 
13385 6729 6828 6730 
13386 6730 6828 6829 
13387 6730 6829 6731 
13388 6731 6829 6830 
13389 6731 6830 6732 
13390 6732 6830 6831 
13391 6732 6831 6733 
13392 6733 6831 6832 
13393 6733 6832 6734 
13394 6734 6832 6833 
13395 6734 6833 6735 
13396 6735 6833 6834 
13397 6735 6834 6736 
13398 6736 6834 6835 
13399 6736 6835 238 
13400 238 6835 237 
13401 69 70 6737 
13402 6737 70 6836 
13403 6737 6836 6738 
13404 6738 6836 6837 
13405 6738 6837 6739 
13406 6739 6837 6838 
13407 6739 6838 6740 
13408 6740 6838 6839 
13409 6740 6839 6741 
13410 6741 6839 6840 
13411 6741 6840 6742 
13412 6742 6840 6841 
13413 6742 6841 6743 
13414 6743 6841 6842 
13415 6743 6842 6744 
13416 6744 6842 6843 
13417 6744 6843 6745 
13418 6745 6843 6844 
13419 6745 6844 6746 
13420 6746 6844 6845 
13421 6746 6845 6747 
13422 6747 6845 6846 
13423 6747 6846 6748 
13424 6748 6846 6847 
13425 6748 6847 6749 
13426 6749 6847 6848 
13427 6749 6848 6750 
13428 6750 6848 6849 
13429 6750 6849 6751 
13430 6751 6849 6850 
13431 6751 6850 6752 
13432 6752 6850 6851 
13433 6752 6851 6753 
13434 6753 6851 6852 
13435 6753 6852 6754 
13436 6754 6852 6853 
13437 6754 6853 6755 
13438 6755 6853 6854 
13439 6755 6854 6756 
13440 6756 6854 6855 
13441 6756 6855 6757 
13442 6757 6855 6856 
13443 6757 6856 6758 
13444 6758 6856 6857 
13445 6758 6857 6759 
13446 6759 6857 6858 
13447 6759 6858 6760 
13448 6760 6858 6859 
13449 6760 6859 6761 
13450 6761 6859 6860 
13451 6761 6860 6762 
13452 6762 6860 6861 
13453 6762 6861 6763 
13454 6763 6861 6862 
13455 6763 6862 6764 
13456 6764 6862 6863 
13457 6764 6863 6765 
13458 6765 6863 6864 
13459 6765 6864 6766 
13460 6766 6864 6865 
13461 6766 6865 6767 
13462 6767 6865 6866 
13463 6767 6866 6768 
13464 6768 6866 6867 
13465 6768 6867 6769 
13466 6769 6867 6868 
13467 6769 6868 6770 
13468 6770 6868 6869 
13469 6770 6869 6771 
13470 6771 6869 6870 
13471 6771 6870 6772 
13472 6772 6870 6871 
13473 6772 6871 6773 
13474 6773 6871 6872 
13475 6773 6872 6774 
13476 6774 6872 6873 
13477 6774 6873 6775 
13478 6775 6873 6874 
13479 6775 6874 6776 
13480 6776 6874 6875 
13481 6776 6875 6777 
13482 6777 6875 6876 
13483 6777 6876 6778 
13484 6778 6876 6877 
13485 6778 6877 6779 
13486 6779 6877 6878 
13487 6779 6878 6780 
13488 6780 6878 6879 
13489 6780 6879 6781 
13490 6781 6879 6880 
13491 6781 6880 6782 
13492 6782 6880 6881 
13493 6782 6881 6783 
13494 6783 6881 6882 
13495 6783 6882 6784 
13496 6784 6882 6883 
13497 6784 6883 6785 
13498 6785 6883 6884 
13499 6785 6884 6786 
13500 6786 6884 6885 
13501 6786 6885 6787 
13502 6787 6885 6886 
13503 6787 6886 6788 
13504 6788 6886 6887 
13505 6788 6887 6789 
13506 6789 6887 6888 
13507 6789 6888 6790 
13508 6790 6888 6889 
13509 6790 6889 6791 
13510 6791 6889 6890 
13511 6791 6890 6792 
13512 6792 6890 6891 
13513 6792 6891 6793 
13514 6793 6891 6892 
13515 6793 6892 6794 
13516 6794 6892 6893 
13517 6794 6893 6795 
13518 6795 6893 6894 
13519 6795 6894 6796 
13520 6796 6894 6895 
13521 6796 6895 6797 
13522 6797 6895 6896 
13523 6797 6896 6798 
13524 6798 6896 6897 
13525 6798 6897 6799 
13526 6799 6897 6898 
13527 6799 6898 6800 
13528 6800 6898 6899 
13529 6800 6899 6801 
13530 6801 6899 6900 
13531 6801 6900 6802 
13532 6802 6900 6901 
13533 6802 6901 6803 
13534 6803 6901 6902 
13535 6803 6902 6804 
13536 6804 6902 6903 
13537 6804 6903 6805 
13538 6805 6903 6904 
13539 6805 6904 6806 
13540 6806 6904 6905 
13541 6806 6905 6807 
13542 6807 6905 6906 
13543 6807 6906 6808 
13544 6808 6906 6907 
13545 6808 6907 6809 
13546 6809 6907 6908 
13547 6809 6908 6810 
13548 6810 6908 6909 
13549 6810 6909 6811 
13550 6811 6909 6910 
13551 6811 6910 6812 
13552 6812 6910 6911 
13553 6812 6911 6813 
13554 6813 6911 6912 
13555 6813 6912 6814 
13556 6814 6912 6913 
13557 6814 6913 6815 
13558 6815 6913 6914 
13559 6815 6914 6816 
13560 6816 6914 6915 
13561 6816 6915 6817 
13562 6817 6915 6916 
13563 6817 6916 6818 
13564 6818 6916 6917 
13565 6818 6917 6819 
13566 6819 6917 6918 
13567 6819 6918 6820 
13568 6820 6918 6919 
13569 6820 6919 6821 
13570 6821 6919 6920 
13571 6821 6920 6822 
13572 6822 6920 6921 
13573 6822 6921 6823 
13574 6823 6921 6922 
13575 6823 6922 6824 
13576 6824 6922 6923 
13577 6824 6923 6825 
13578 6825 6923 6924 
13579 6825 6924 6826 
13580 6826 6924 6925 
13581 6826 6925 6827 
13582 6827 6925 6926 
13583 6827 6926 6828 
13584 6828 6926 6927 
13585 6828 6927 6829 
13586 6829 6927 6928 
13587 6829 6928 6830 
13588 6830 6928 6929 
13589 6830 6929 6831 
13590 6831 6929 6930 
13591 6831 6930 6832 
13592 6832 6930 6931 
13593 6832 6931 6833 
13594 6833 6931 6932 
13595 6833 6932 6834 
13596 6834 6932 6933 
13597 6834 6933 6835 
13598 6835 6933 6934 
13599 6835 6934 237 
13600 237 6934 236 
13601 70 71 6836 
13602 6836 71 6935 
13603 6836 6935 6837 
13604 6837 6935 6936 
13605 6837 6936 6838 
13606 6838 6936 6937 
13607 6838 6937 6839 
13608 6839 6937 6938 
13609 6839 6938 6840 
13610 6840 6938 6939 
13611 6840 6939 6841 
13612 6841 6939 6940 
13613 6841 6940 6842 
13614 6842 6940 6941 
13615 6842 6941 6843 
13616 6843 6941 6942 
13617 6843 6942 6844 
13618 6844 6942 6943 
13619 6844 6943 6845 
13620 6845 6943 6944 
13621 6845 6944 6846 
13622 6846 6944 6945 
13623 6846 6945 6847 
13624 6847 6945 6946 
13625 6847 6946 6848 
13626 6848 6946 6947 
13627 6848 6947 6849 
13628 6849 6947 6948 
13629 6849 6948 6850 
13630 6850 6948 6949 
13631 6850 6949 6851 
13632 6851 6949 6950 
13633 6851 6950 6852 
13634 6852 6950 6951 
13635 6852 6951 6853 
13636 6853 6951 6952 
13637 6853 6952 6854 
13638 6854 6952 6953 
13639 6854 6953 6855 
13640 6855 6953 6954 
13641 6855 6954 6856 
13642 6856 6954 6955 
13643 6856 6955 6857 
13644 6857 6955 6956 
13645 6857 6956 6858 
13646 6858 6956 6957 
13647 6858 6957 6859 
13648 6859 6957 6958 
13649 6859 6958 6860 
13650 6860 6958 6959 
13651 6860 6959 6861 
13652 6861 6959 6960 
13653 6861 6960 6862 
13654 6862 6960 6961 
13655 6862 6961 6863 
13656 6863 6961 6962 
13657 6863 6962 6864 
13658 6864 6962 6963 
13659 6864 6963 6865 
13660 6865 6963 6964 
13661 6865 6964 6866 
13662 6866 6964 6965 
13663 6866 6965 6867 
13664 6867 6965 6966 
13665 6867 6966 6868 
13666 6868 6966 6967 
13667 6868 6967 6869 
13668 6869 6967 6968 
13669 6869 6968 6870 
13670 6870 6968 6969 
13671 6870 6969 6871 
13672 6871 6969 6970 
13673 6871 6970 6872 
13674 6872 6970 6971 
13675 6872 6971 6873 
13676 6873 6971 6972 
13677 6873 6972 6874 
13678 6874 6972 6973 
13679 6874 6973 6875 
13680 6875 6973 6974 
13681 6875 6974 6876 
13682 6876 6974 6975 
13683 6876 6975 6877 
13684 6877 6975 6976 
13685 6877 6976 6878 
13686 6878 6976 6977 
13687 6878 6977 6879 
13688 6879 6977 6978 
13689 6879 6978 6880 
13690 6880 6978 6979 
13691 6880 6979 6881 
13692 6881 6979 6980 
13693 6881 6980 6882 
13694 6882 6980 6981 
13695 6882 6981 6883 
13696 6883 6981 6982 
13697 6883 6982 6884 
13698 6884 6982 6983 
13699 6884 6983 6885 
13700 6885 6983 6984 
13701 6885 6984 6886 
13702 6886 6984 6985 
13703 6886 6985 6887 
13704 6887 6985 6986 
13705 6887 6986 6888 
13706 6888 6986 6987 
13707 6888 6987 6889 
13708 6889 6987 6988 
13709 6889 6988 6890 
13710 6890 6988 6989 
13711 6890 6989 6891 
13712 6891 6989 6990 
13713 6891 6990 6892 
13714 6892 6990 6991 
13715 6892 6991 6893 
13716 6893 6991 6992 
13717 6893 6992 6894 
13718 6894 6992 6993 
13719 6894 6993 6895 
13720 6895 6993 6994 
13721 6895 6994 6896 
13722 6896 6994 6995 
13723 6896 6995 6897 
13724 6897 6995 6996 
13725 6897 6996 6898 
13726 6898 6996 6997 
13727 6898 6997 6899 
13728 6899 6997 6998 
13729 6899 6998 6900 
13730 6900 6998 6999 
13731 6900 6999 6901 
13732 6901 6999 7000 
13733 6901 7000 6902 
13734 6902 7000 7001 
13735 6902 7001 6903 
13736 6903 7001 7002 
13737 6903 7002 6904 
13738 6904 7002 7003 
13739 6904 7003 6905 
13740 6905 7003 7004 
13741 6905 7004 6906 
13742 6906 7004 7005 
13743 6906 7005 6907 
13744 6907 7005 7006 
13745 6907 7006 6908 
13746 6908 7006 7007 
13747 6908 7007 6909 
13748 6909 7007 7008 
13749 6909 7008 6910 
13750 6910 7008 7009 
13751 6910 7009 6911 
13752 6911 7009 7010 
13753 6911 7010 6912 
13754 6912 7010 7011 
13755 6912 7011 6913 
13756 6913 7011 7012 
13757 6913 7012 6914 
13758 6914 7012 7013 
13759 6914 7013 6915 
13760 6915 7013 7014 
13761 6915 7014 6916 
13762 6916 7014 7015 
13763 6916 7015 6917 
13764 6917 7015 7016 
13765 6917 7016 6918 
13766 6918 7016 7017 
13767 6918 7017 6919 
13768 6919 7017 7018 
13769 6919 7018 6920 
13770 6920 7018 7019 
13771 6920 7019 6921 
13772 6921 7019 7020 
13773 6921 7020 6922 
13774 6922 7020 7021 
13775 6922 7021 6923 
13776 6923 7021 7022 
13777 6923 7022 6924 
13778 6924 7022 7023 
13779 6924 7023 6925 
13780 6925 7023 7024 
13781 6925 7024 6926 
13782 6926 7024 7025 
13783 6926 7025 6927 
13784 6927 7025 7026 
13785 6927 7026 6928 
13786 6928 7026 7027 
13787 6928 7027 6929 
13788 6929 7027 7028 
13789 6929 7028 6930 
13790 6930 7028 7029 
13791 6930 7029 6931 
13792 6931 7029 7030 
13793 6931 7030 6932 
13794 6932 7030 7031 
13795 6932 7031 6933 
13796 6933 7031 7032 
13797 6933 7032 6934 
13798 6934 7032 7033 
13799 6934 7033 236 
13800 236 7033 235 
13801 71 72 6935 
13802 6935 72 7034 
13803 6935 7034 6936 
13804 6936 7034 7035 
13805 6936 7035 6937 
13806 6937 7035 7036 
13807 6937 7036 6938 
13808 6938 7036 7037 
13809 6938 7037 6939 
13810 6939 7037 7038 
13811 6939 7038 6940 
13812 6940 7038 7039 
13813 6940 7039 6941 
13814 6941 7039 7040 
13815 6941 7040 6942 
13816 6942 7040 7041 
13817 6942 7041 6943 
13818 6943 7041 7042 
13819 6943 7042 6944 
13820 6944 7042 7043 
13821 6944 7043 6945 
13822 6945 7043 7044 
13823 6945 7044 6946 
13824 6946 7044 7045 
13825 6946 7045 6947 
13826 6947 7045 7046 
13827 6947 7046 6948 
13828 6948 7046 7047 
13829 6948 7047 6949 
13830 6949 7047 7048 
13831 6949 7048 6950 
13832 6950 7048 7049 
13833 6950 7049 6951 
13834 6951 7049 7050 
13835 6951 7050 6952 
13836 6952 7050 7051 
13837 6952 7051 6953 
13838 6953 7051 7052 
13839 6953 7052 6954 
13840 6954 7052 7053 
13841 6954 7053 6955 
13842 6955 7053 7054 
13843 6955 7054 6956 
13844 6956 7054 7055 
13845 6956 7055 6957 
13846 6957 7055 7056 
13847 6957 7056 6958 
13848 6958 7056 7057 
13849 6958 7057 6959 
13850 6959 7057 7058 
13851 6959 7058 6960 
13852 6960 7058 7059 
13853 6960 7059 6961 
13854 6961 7059 7060 
13855 6961 7060 6962 
13856 6962 7060 7061 
13857 6962 7061 6963 
13858 6963 7061 7062 
13859 6963 7062 6964 
13860 6964 7062 7063 
13861 6964 7063 6965 
13862 6965 7063 7064 
13863 6965 7064 6966 
13864 6966 7064 7065 
13865 6966 7065 6967 
13866 6967 7065 7066 
13867 6967 7066 6968 
13868 6968 7066 7067 
13869 6968 7067 6969 
13870 6969 7067 7068 
13871 6969 7068 6970 
13872 6970 7068 7069 
13873 6970 7069 6971 
13874 6971 7069 7070 
13875 6971 7070 6972 
13876 6972 7070 7071 
13877 6972 7071 6973 
13878 6973 7071 7072 
13879 6973 7072 6974 
13880 6974 7072 7073 
13881 6974 7073 6975 
13882 6975 7073 7074 
13883 6975 7074 6976 
13884 6976 7074 7075 
13885 6976 7075 6977 
13886 6977 7075 7076 
13887 6977 7076 6978 
13888 6978 7076 7077 
13889 6978 7077 6979 
13890 6979 7077 7078 
13891 6979 7078 6980 
13892 6980 7078 7079 
13893 6980 7079 6981 
13894 6981 7079 7080 
13895 6981 7080 6982 
13896 6982 7080 7081 
13897 6982 7081 6983 
13898 6983 7081 7082 
13899 6983 7082 6984 
13900 6984 7082 7083 
13901 6984 7083 6985 
13902 6985 7083 7084 
13903 6985 7084 6986 
13904 6986 7084 7085 
13905 6986 7085 6987 
13906 6987 7085 7086 
13907 6987 7086 6988 
13908 6988 7086 7087 
13909 6988 7087 6989 
13910 6989 7087 7088 
13911 6989 7088 6990 
13912 6990 7088 7089 
13913 6990 7089 6991 
13914 6991 7089 7090 
13915 6991 7090 6992 
13916 6992 7090 7091 
13917 6992 7091 6993 
13918 6993 7091 7092 
13919 6993 7092 6994 
13920 6994 7092 7093 
13921 6994 7093 6995 
13922 6995 7093 7094 
13923 6995 7094 6996 
13924 6996 7094 7095 
13925 6996 7095 6997 
13926 6997 7095 7096 
13927 6997 7096 6998 
13928 6998 7096 7097 
13929 6998 7097 6999 
13930 6999 7097 7098 
13931 6999 7098 7000 
13932 7000 7098 7099 
13933 7000 7099 7001 
13934 7001 7099 7100 
13935 7001 7100 7002 
13936 7002 7100 7101 
13937 7002 7101 7003 
13938 7003 7101 7102 
13939 7003 7102 7004 
13940 7004 7102 7103 
13941 7004 7103 7005 
13942 7005 7103 7104 
13943 7005 7104 7006 
13944 7006 7104 7105 
13945 7006 7105 7007 
13946 7007 7105 7106 
13947 7007 7106 7008 
13948 7008 7106 7107 
13949 7008 7107 7009 
13950 7009 7107 7108 
13951 7009 7108 7010 
13952 7010 7108 7109 
13953 7010 7109 7011 
13954 7011 7109 7110 
13955 7011 7110 7012 
13956 7012 7110 7111 
13957 7012 7111 7013 
13958 7013 7111 7112 
13959 7013 7112 7014 
13960 7014 7112 7113 
13961 7014 7113 7015 
13962 7015 7113 7114 
13963 7015 7114 7016 
13964 7016 7114 7115 
13965 7016 7115 7017 
13966 7017 7115 7116 
13967 7017 7116 7018 
13968 7018 7116 7117 
13969 7018 7117 7019 
13970 7019 7117 7118 
13971 7019 7118 7020 
13972 7020 7118 7119 
13973 7020 7119 7021 
13974 7021 7119 7120 
13975 7021 7120 7022 
13976 7022 7120 7121 
13977 7022 7121 7023 
13978 7023 7121 7122 
13979 7023 7122 7024 
13980 7024 7122 7123 
13981 7024 7123 7025 
13982 7025 7123 7124 
13983 7025 7124 7026 
13984 7026 7124 7125 
13985 7026 7125 7027 
13986 7027 7125 7126 
13987 7027 7126 7028 
13988 7028 7126 7127 
13989 7028 7127 7029 
13990 7029 7127 7128 
13991 7029 7128 7030 
13992 7030 7128 7129 
13993 7030 7129 7031 
13994 7031 7129 7130 
13995 7031 7130 7032 
13996 7032 7130 7131 
13997 7032 7131 7033 
13998 7033 7131 7132 
13999 7033 7132 235 
14000 235 7132 234 
14001 72 73 7034 
14002 7034 73 7133 
14003 7034 7133 7035 
14004 7035 7133 7134 
14005 7035 7134 7036 
14006 7036 7134 7135 
14007 7036 7135 7037 
14008 7037 7135 7136 
14009 7037 7136 7038 
14010 7038 7136 7137 
14011 7038 7137 7039 
14012 7039 7137 7138 
14013 7039 7138 7040 
14014 7040 7138 7139 
14015 7040 7139 7041 
14016 7041 7139 7140 
14017 7041 7140 7042 
14018 7042 7140 7141 
14019 7042 7141 7043 
14020 7043 7141 7142 
14021 7043 7142 7044 
14022 7044 7142 7143 
14023 7044 7143 7045 
14024 7045 7143 7144 
14025 7045 7144 7046 
14026 7046 7144 7145 
14027 7046 7145 7047 
14028 7047 7145 7146 
14029 7047 7146 7048 
14030 7048 7146 7147 
14031 7048 7147 7049 
14032 7049 7147 7148 
14033 7049 7148 7050 
14034 7050 7148 7149 
14035 7050 7149 7051 
14036 7051 7149 7150 
14037 7051 7150 7052 
14038 7052 7150 7151 
14039 7052 7151 7053 
14040 7053 7151 7152 
14041 7053 7152 7054 
14042 7054 7152 7153 
14043 7054 7153 7055 
14044 7055 7153 7154 
14045 7055 7154 7056 
14046 7056 7154 7155 
14047 7056 7155 7057 
14048 7057 7155 7156 
14049 7057 7156 7058 
14050 7058 7156 7157 
14051 7058 7157 7059 
14052 7059 7157 7158 
14053 7059 7158 7060 
14054 7060 7158 7159 
14055 7060 7159 7061 
14056 7061 7159 7160 
14057 7061 7160 7062 
14058 7062 7160 7161 
14059 7062 7161 7063 
14060 7063 7161 7162 
14061 7063 7162 7064 
14062 7064 7162 7163 
14063 7064 7163 7065 
14064 7065 7163 7164 
14065 7065 7164 7066 
14066 7066 7164 7165 
14067 7066 7165 7067 
14068 7067 7165 7166 
14069 7067 7166 7068 
14070 7068 7166 7167 
14071 7068 7167 7069 
14072 7069 7167 7168 
14073 7069 7168 7070 
14074 7070 7168 7169 
14075 7070 7169 7071 
14076 7071 7169 7170 
14077 7071 7170 7072 
14078 7072 7170 7171 
14079 7072 7171 7073 
14080 7073 7171 7172 
14081 7073 7172 7074 
14082 7074 7172 7173 
14083 7074 7173 7075 
14084 7075 7173 7174 
14085 7075 7174 7076 
14086 7076 7174 7175 
14087 7076 7175 7077 
14088 7077 7175 7176 
14089 7077 7176 7078 
14090 7078 7176 7177 
14091 7078 7177 7079 
14092 7079 7177 7178 
14093 7079 7178 7080 
14094 7080 7178 7179 
14095 7080 7179 7081 
14096 7081 7179 7180 
14097 7081 7180 7082 
14098 7082 7180 7181 
14099 7082 7181 7083 
14100 7083 7181 7182 
14101 7083 7182 7084 
14102 7084 7182 7183 
14103 7084 7183 7085 
14104 7085 7183 7184 
14105 7085 7184 7086 
14106 7086 7184 7185 
14107 7086 7185 7087 
14108 7087 7185 7186 
14109 7087 7186 7088 
14110 7088 7186 7187 
14111 7088 7187 7089 
14112 7089 7187 7188 
14113 7089 7188 7090 
14114 7090 7188 7189 
14115 7090 7189 7091 
14116 7091 7189 7190 
14117 7091 7190 7092 
14118 7092 7190 7191 
14119 7092 7191 7093 
14120 7093 7191 7192 
14121 7093 7192 7094 
14122 7094 7192 7193 
14123 7094 7193 7095 
14124 7095 7193 7194 
14125 7095 7194 7096 
14126 7096 7194 7195 
14127 7096 7195 7097 
14128 7097 7195 7196 
14129 7097 7196 7098 
14130 7098 7196 7197 
14131 7098 7197 7099 
14132 7099 7197 7198 
14133 7099 7198 7100 
14134 7100 7198 7199 
14135 7100 7199 7101 
14136 7101 7199 7200 
14137 7101 7200 7102 
14138 7102 7200 7201 
14139 7102 7201 7103 
14140 7103 7201 7202 
14141 7103 7202 7104 
14142 7104 7202 7203 
14143 7104 7203 7105 
14144 7105 7203 7204 
14145 7105 7204 7106 
14146 7106 7204 7205 
14147 7106 7205 7107 
14148 7107 7205 7206 
14149 7107 7206 7108 
14150 7108 7206 7207 
14151 7108 7207 7109 
14152 7109 7207 7208 
14153 7109 7208 7110 
14154 7110 7208 7209 
14155 7110 7209 7111 
14156 7111 7209 7210 
14157 7111 7210 7112 
14158 7112 7210 7211 
14159 7112 7211 7113 
14160 7113 7211 7212 
14161 7113 7212 7114 
14162 7114 7212 7213 
14163 7114 7213 7115 
14164 7115 7213 7214 
14165 7115 7214 7116 
14166 7116 7214 7215 
14167 7116 7215 7117 
14168 7117 7215 7216 
14169 7117 7216 7118 
14170 7118 7216 7217 
14171 7118 7217 7119 
14172 7119 7217 7218 
14173 7119 7218 7120 
14174 7120 7218 7219 
14175 7120 7219 7121 
14176 7121 7219 7220 
14177 7121 7220 7122 
14178 7122 7220 7221 
14179 7122 7221 7123 
14180 7123 7221 7222 
14181 7123 7222 7124 
14182 7124 7222 7223 
14183 7124 7223 7125 
14184 7125 7223 7224 
14185 7125 7224 7126 
14186 7126 7224 7225 
14187 7126 7225 7127 
14188 7127 7225 7226 
14189 7127 7226 7128 
14190 7128 7226 7227 
14191 7128 7227 7129 
14192 7129 7227 7228 
14193 7129 7228 7130 
14194 7130 7228 7229 
14195 7130 7229 7131 
14196 7131 7229 7230 
14197 7131 7230 7132 
14198 7132 7230 7231 
14199 7132 7231 234 
14200 234 7231 233 
14201 73 74 7133 
14202 7133 74 7232 
14203 7133 7232 7134 
14204 7134 7232 7233 
14205 7134 7233 7135 
14206 7135 7233 7234 
14207 7135 7234 7136 
14208 7136 7234 7235 
14209 7136 7235 7137 
14210 7137 7235 7236 
14211 7137 7236 7138 
14212 7138 7236 7237 
14213 7138 7237 7139 
14214 7139 7237 7238 
14215 7139 7238 7140 
14216 7140 7238 7239 
14217 7140 7239 7141 
14218 7141 7239 7240 
14219 7141 7240 7142 
14220 7142 7240 7241 
14221 7142 7241 7143 
14222 7143 7241 7242 
14223 7143 7242 7144 
14224 7144 7242 7243 
14225 7144 7243 7145 
14226 7145 7243 7244 
14227 7145 7244 7146 
14228 7146 7244 7245 
14229 7146 7245 7147 
14230 7147 7245 7246 
14231 7147 7246 7148 
14232 7148 7246 7247 
14233 7148 7247 7149 
14234 7149 7247 7248 
14235 7149 7248 7150 
14236 7150 7248 7249 
14237 7150 7249 7151 
14238 7151 7249 7250 
14239 7151 7250 7152 
14240 7152 7250 7251 
14241 7152 7251 7153 
14242 7153 7251 7252 
14243 7153 7252 7154 
14244 7154 7252 7253 
14245 7154 7253 7155 
14246 7155 7253 7254 
14247 7155 7254 7156 
14248 7156 7254 7255 
14249 7156 7255 7157 
14250 7157 7255 7256 
14251 7157 7256 7158 
14252 7158 7256 7257 
14253 7158 7257 7159 
14254 7159 7257 7258 
14255 7159 7258 7160 
14256 7160 7258 7259 
14257 7160 7259 7161 
14258 7161 7259 7260 
14259 7161 7260 7162 
14260 7162 7260 7261 
14261 7162 7261 7163 
14262 7163 7261 7262 
14263 7163 7262 7164 
14264 7164 7262 7263 
14265 7164 7263 7165 
14266 7165 7263 7264 
14267 7165 7264 7166 
14268 7166 7264 7265 
14269 7166 7265 7167 
14270 7167 7265 7266 
14271 7167 7266 7168 
14272 7168 7266 7267 
14273 7168 7267 7169 
14274 7169 7267 7268 
14275 7169 7268 7170 
14276 7170 7268 7269 
14277 7170 7269 7171 
14278 7171 7269 7270 
14279 7171 7270 7172 
14280 7172 7270 7271 
14281 7172 7271 7173 
14282 7173 7271 7272 
14283 7173 7272 7174 
14284 7174 7272 7273 
14285 7174 7273 7175 
14286 7175 7273 7274 
14287 7175 7274 7176 
14288 7176 7274 7275 
14289 7176 7275 7177 
14290 7177 7275 7276 
14291 7177 7276 7178 
14292 7178 7276 7277 
14293 7178 7277 7179 
14294 7179 7277 7278 
14295 7179 7278 7180 
14296 7180 7278 7279 
14297 7180 7279 7181 
14298 7181 7279 7280 
14299 7181 7280 7182 
14300 7182 7280 7281 
14301 7182 7281 7183 
14302 7183 7281 7282 
14303 7183 7282 7184 
14304 7184 7282 7283 
14305 7184 7283 7185 
14306 7185 7283 7284 
14307 7185 7284 7186 
14308 7186 7284 7285 
14309 7186 7285 7187 
14310 7187 7285 7286 
14311 7187 7286 7188 
14312 7188 7286 7287 
14313 7188 7287 7189 
14314 7189 7287 7288 
14315 7189 7288 7190 
14316 7190 7288 7289 
14317 7190 7289 7191 
14318 7191 7289 7290 
14319 7191 7290 7192 
14320 7192 7290 7291 
14321 7192 7291 7193 
14322 7193 7291 7292 
14323 7193 7292 7194 
14324 7194 7292 7293 
14325 7194 7293 7195 
14326 7195 7293 7294 
14327 7195 7294 7196 
14328 7196 7294 7295 
14329 7196 7295 7197 
14330 7197 7295 7296 
14331 7197 7296 7198 
14332 7198 7296 7297 
14333 7198 7297 7199 
14334 7199 7297 7298 
14335 7199 7298 7200 
14336 7200 7298 7299 
14337 7200 7299 7201 
14338 7201 7299 7300 
14339 7201 7300 7202 
14340 7202 7300 7301 
14341 7202 7301 7203 
14342 7203 7301 7302 
14343 7203 7302 7204 
14344 7204 7302 7303 
14345 7204 7303 7205 
14346 7205 7303 7304 
14347 7205 7304 7206 
14348 7206 7304 7305 
14349 7206 7305 7207 
14350 7207 7305 7306 
14351 7207 7306 7208 
14352 7208 7306 7307 
14353 7208 7307 7209 
14354 7209 7307 7308 
14355 7209 7308 7210 
14356 7210 7308 7309 
14357 7210 7309 7211 
14358 7211 7309 7310 
14359 7211 7310 7212 
14360 7212 7310 7311 
14361 7212 7311 7213 
14362 7213 7311 7312 
14363 7213 7312 7214 
14364 7214 7312 7313 
14365 7214 7313 7215 
14366 7215 7313 7314 
14367 7215 7314 7216 
14368 7216 7314 7315 
14369 7216 7315 7217 
14370 7217 7315 7316 
14371 7217 7316 7218 
14372 7218 7316 7317 
14373 7218 7317 7219 
14374 7219 7317 7318 
14375 7219 7318 7220 
14376 7220 7318 7319 
14377 7220 7319 7221 
14378 7221 7319 7320 
14379 7221 7320 7222 
14380 7222 7320 7321 
14381 7222 7321 7223 
14382 7223 7321 7322 
14383 7223 7322 7224 
14384 7224 7322 7323 
14385 7224 7323 7225 
14386 7225 7323 7324 
14387 7225 7324 7226 
14388 7226 7324 7325 
14389 7226 7325 7227 
14390 7227 7325 7326 
14391 7227 7326 7228 
14392 7228 7326 7327 
14393 7228 7327 7229 
14394 7229 7327 7328 
14395 7229 7328 7230 
14396 7230 7328 7329 
14397 7230 7329 7231 
14398 7231 7329 7330 
14399 7231 7330 233 
14400 233 7330 232 
14401 74 75 7232 
14402 7232 75 7331 
14403 7232 7331 7233 
14404 7233 7331 7332 
14405 7233 7332 7234 
14406 7234 7332 7333 
14407 7234 7333 7235 
14408 7235 7333 7334 
14409 7235 7334 7236 
14410 7236 7334 7335 
14411 7236 7335 7237 
14412 7237 7335 7336 
14413 7237 7336 7238 
14414 7238 7336 7337 
14415 7238 7337 7239 
14416 7239 7337 7338 
14417 7239 7338 7240 
14418 7240 7338 7339 
14419 7240 7339 7241 
14420 7241 7339 7340 
14421 7241 7340 7242 
14422 7242 7340 7341 
14423 7242 7341 7243 
14424 7243 7341 7342 
14425 7243 7342 7244 
14426 7244 7342 7343 
14427 7244 7343 7245 
14428 7245 7343 7344 
14429 7245 7344 7246 
14430 7246 7344 7345 
14431 7246 7345 7247 
14432 7247 7345 7346 
14433 7247 7346 7248 
14434 7248 7346 7347 
14435 7248 7347 7249 
14436 7249 7347 7348 
14437 7249 7348 7250 
14438 7250 7348 7349 
14439 7250 7349 7251 
14440 7251 7349 7350 
14441 7251 7350 7252 
14442 7252 7350 7351 
14443 7252 7351 7253 
14444 7253 7351 7352 
14445 7253 7352 7254 
14446 7254 7352 7353 
14447 7254 7353 7255 
14448 7255 7353 7354 
14449 7255 7354 7256 
14450 7256 7354 7355 
14451 7256 7355 7257 
14452 7257 7355 7356 
14453 7257 7356 7258 
14454 7258 7356 7357 
14455 7258 7357 7259 
14456 7259 7357 7358 
14457 7259 7358 7260 
14458 7260 7358 7359 
14459 7260 7359 7261 
14460 7261 7359 7360 
14461 7261 7360 7262 
14462 7262 7360 7361 
14463 7262 7361 7263 
14464 7263 7361 7362 
14465 7263 7362 7264 
14466 7264 7362 7363 
14467 7264 7363 7265 
14468 7265 7363 7364 
14469 7265 7364 7266 
14470 7266 7364 7365 
14471 7266 7365 7267 
14472 7267 7365 7366 
14473 7267 7366 7268 
14474 7268 7366 7367 
14475 7268 7367 7269 
14476 7269 7367 7368 
14477 7269 7368 7270 
14478 7270 7368 7369 
14479 7270 7369 7271 
14480 7271 7369 7370 
14481 7271 7370 7272 
14482 7272 7370 7371 
14483 7272 7371 7273 
14484 7273 7371 7372 
14485 7273 7372 7274 
14486 7274 7372 7373 
14487 7274 7373 7275 
14488 7275 7373 7374 
14489 7275 7374 7276 
14490 7276 7374 7375 
14491 7276 7375 7277 
14492 7277 7375 7376 
14493 7277 7376 7278 
14494 7278 7376 7377 
14495 7278 7377 7279 
14496 7279 7377 7378 
14497 7279 7378 7280 
14498 7280 7378 7379 
14499 7280 7379 7281 
14500 7281 7379 7380 
14501 7281 7380 7282 
14502 7282 7380 7381 
14503 7282 7381 7283 
14504 7283 7381 7382 
14505 7283 7382 7284 
14506 7284 7382 7383 
14507 7284 7383 7285 
14508 7285 7383 7384 
14509 7285 7384 7286 
14510 7286 7384 7385 
14511 7286 7385 7287 
14512 7287 7385 7386 
14513 7287 7386 7288 
14514 7288 7386 7387 
14515 7288 7387 7289 
14516 7289 7387 7388 
14517 7289 7388 7290 
14518 7290 7388 7389 
14519 7290 7389 7291 
14520 7291 7389 7390 
14521 7291 7390 7292 
14522 7292 7390 7391 
14523 7292 7391 7293 
14524 7293 7391 7392 
14525 7293 7392 7294 
14526 7294 7392 7393 
14527 7294 7393 7295 
14528 7295 7393 7394 
14529 7295 7394 7296 
14530 7296 7394 7395 
14531 7296 7395 7297 
14532 7297 7395 7396 
14533 7297 7396 7298 
14534 7298 7396 7397 
14535 7298 7397 7299 
14536 7299 7397 7398 
14537 7299 7398 7300 
14538 7300 7398 7399 
14539 7300 7399 7301 
14540 7301 7399 7400 
14541 7301 7400 7302 
14542 7302 7400 7401 
14543 7302 7401 7303 
14544 7303 7401 7402 
14545 7303 7402 7304 
14546 7304 7402 7403 
14547 7304 7403 7305 
14548 7305 7403 7404 
14549 7305 7404 7306 
14550 7306 7404 7405 
14551 7306 7405 7307 
14552 7307 7405 7406 
14553 7307 7406 7308 
14554 7308 7406 7407 
14555 7308 7407 7309 
14556 7309 7407 7408 
14557 7309 7408 7310 
14558 7310 7408 7409 
14559 7310 7409 7311 
14560 7311 7409 7410 
14561 7311 7410 7312 
14562 7312 7410 7411 
14563 7312 7411 7313 
14564 7313 7411 7412 
14565 7313 7412 7314 
14566 7314 7412 7413 
14567 7314 7413 7315 
14568 7315 7413 7414 
14569 7315 7414 7316 
14570 7316 7414 7415 
14571 7316 7415 7317 
14572 7317 7415 7416 
14573 7317 7416 7318 
14574 7318 7416 7417 
14575 7318 7417 7319 
14576 7319 7417 7418 
14577 7319 7418 7320 
14578 7320 7418 7419 
14579 7320 7419 7321 
14580 7321 7419 7420 
14581 7321 7420 7322 
14582 7322 7420 7421 
14583 7322 7421 7323 
14584 7323 7421 7422 
14585 7323 7422 7324 
14586 7324 7422 7423 
14587 7324 7423 7325 
14588 7325 7423 7424 
14589 7325 7424 7326 
14590 7326 7424 7425 
14591 7326 7425 7327 
14592 7327 7425 7426 
14593 7327 7426 7328 
14594 7328 7426 7427 
14595 7328 7427 7329 
14596 7329 7427 7428 
14597 7329 7428 7330 
14598 7330 7428 7429 
14599 7330 7429 232 
14600 232 7429 231 
14601 75 76 7331 
14602 7331 76 7430 
14603 7331 7430 7332 
14604 7332 7430 7431 
14605 7332 7431 7333 
14606 7333 7431 7432 
14607 7333 7432 7334 
14608 7334 7432 7433 
14609 7334 7433 7335 
14610 7335 7433 7434 
14611 7335 7434 7336 
14612 7336 7434 7435 
14613 7336 7435 7337 
14614 7337 7435 7436 
14615 7337 7436 7338 
14616 7338 7436 7437 
14617 7338 7437 7339 
14618 7339 7437 7438 
14619 7339 7438 7340 
14620 7340 7438 7439 
14621 7340 7439 7341 
14622 7341 7439 7440 
14623 7341 7440 7342 
14624 7342 7440 7441 
14625 7342 7441 7343 
14626 7343 7441 7442 
14627 7343 7442 7344 
14628 7344 7442 7443 
14629 7344 7443 7345 
14630 7345 7443 7444 
14631 7345 7444 7346 
14632 7346 7444 7445 
14633 7346 7445 7347 
14634 7347 7445 7446 
14635 7347 7446 7348 
14636 7348 7446 7447 
14637 7348 7447 7349 
14638 7349 7447 7448 
14639 7349 7448 7350 
14640 7350 7448 7449 
14641 7350 7449 7351 
14642 7351 7449 7450 
14643 7351 7450 7352 
14644 7352 7450 7451 
14645 7352 7451 7353 
14646 7353 7451 7452 
14647 7353 7452 7354 
14648 7354 7452 7453 
14649 7354 7453 7355 
14650 7355 7453 7454 
14651 7355 7454 7356 
14652 7356 7454 7455 
14653 7356 7455 7357 
14654 7357 7455 7456 
14655 7357 7456 7358 
14656 7358 7456 7457 
14657 7358 7457 7359 
14658 7359 7457 7458 
14659 7359 7458 7360 
14660 7360 7458 7459 
14661 7360 7459 7361 
14662 7361 7459 7460 
14663 7361 7460 7362 
14664 7362 7460 7461 
14665 7362 7461 7363 
14666 7363 7461 7462 
14667 7363 7462 7364 
14668 7364 7462 7463 
14669 7364 7463 7365 
14670 7365 7463 7464 
14671 7365 7464 7366 
14672 7366 7464 7465 
14673 7366 7465 7367 
14674 7367 7465 7466 
14675 7367 7466 7368 
14676 7368 7466 7467 
14677 7368 7467 7369 
14678 7369 7467 7468 
14679 7369 7468 7370 
14680 7370 7468 7469 
14681 7370 7469 7371 
14682 7371 7469 7470 
14683 7371 7470 7372 
14684 7372 7470 7471 
14685 7372 7471 7373 
14686 7373 7471 7472 
14687 7373 7472 7374 
14688 7374 7472 7473 
14689 7374 7473 7375 
14690 7375 7473 7474 
14691 7375 7474 7376 
14692 7376 7474 7475 
14693 7376 7475 7377 
14694 7377 7475 7476 
14695 7377 7476 7378 
14696 7378 7476 7477 
14697 7378 7477 7379 
14698 7379 7477 7478 
14699 7379 7478 7380 
14700 7380 7478 7479 
14701 7380 7479 7381 
14702 7381 7479 7480 
14703 7381 7480 7382 
14704 7382 7480 7481 
14705 7382 7481 7383 
14706 7383 7481 7482 
14707 7383 7482 7384 
14708 7384 7482 7483 
14709 7384 7483 7385 
14710 7385 7483 7484 
14711 7385 7484 7386 
14712 7386 7484 7485 
14713 7386 7485 7387 
14714 7387 7485 7486 
14715 7387 7486 7388 
14716 7388 7486 7487 
14717 7388 7487 7389 
14718 7389 7487 7488 
14719 7389 7488 7390 
14720 7390 7488 7489 
14721 7390 7489 7391 
14722 7391 7489 7490 
14723 7391 7490 7392 
14724 7392 7490 7491 
14725 7392 7491 7393 
14726 7393 7491 7492 
14727 7393 7492 7394 
14728 7394 7492 7493 
14729 7394 7493 7395 
14730 7395 7493 7494 
14731 7395 7494 7396 
14732 7396 7494 7495 
14733 7396 7495 7397 
14734 7397 7495 7496 
14735 7397 7496 7398 
14736 7398 7496 7497 
14737 7398 7497 7399 
14738 7399 7497 7498 
14739 7399 7498 7400 
14740 7400 7498 7499 
14741 7400 7499 7401 
14742 7401 7499 7500 
14743 7401 7500 7402 
14744 7402 7500 7501 
14745 7402 7501 7403 
14746 7403 7501 7502 
14747 7403 7502 7404 
14748 7404 7502 7503 
14749 7404 7503 7405 
14750 7405 7503 7504 
14751 7405 7504 7406 
14752 7406 7504 7505 
14753 7406 7505 7407 
14754 7407 7505 7506 
14755 7407 7506 7408 
14756 7408 7506 7507 
14757 7408 7507 7409 
14758 7409 7507 7508 
14759 7409 7508 7410 
14760 7410 7508 7509 
14761 7410 7509 7411 
14762 7411 7509 7510 
14763 7411 7510 7412 
14764 7412 7510 7511 
14765 7412 7511 7413 
14766 7413 7511 7512 
14767 7413 7512 7414 
14768 7414 7512 7513 
14769 7414 7513 7415 
14770 7415 7513 7514 
14771 7415 7514 7416 
14772 7416 7514 7515 
14773 7416 7515 7417 
14774 7417 7515 7516 
14775 7417 7516 7418 
14776 7418 7516 7517 
14777 7418 7517 7419 
14778 7419 7517 7518 
14779 7419 7518 7420 
14780 7420 7518 7519 
14781 7420 7519 7421 
14782 7421 7519 7520 
14783 7421 7520 7422 
14784 7422 7520 7521 
14785 7422 7521 7423 
14786 7423 7521 7522 
14787 7423 7522 7424 
14788 7424 7522 7523 
14789 7424 7523 7425 
14790 7425 7523 7524 
14791 7425 7524 7426 
14792 7426 7524 7525 
14793 7426 7525 7427 
14794 7427 7525 7526 
14795 7427 7526 7428 
14796 7428 7526 7527 
14797 7428 7527 7429 
14798 7429 7527 7528 
14799 7429 7528 231 
14800 231 7528 230 
14801 76 77 7430 
14802 7430 77 7529 
14803 7430 7529 7431 
14804 7431 7529 7530 
14805 7431 7530 7432 
14806 7432 7530 7531 
14807 7432 7531 7433 
14808 7433 7531 7532 
14809 7433 7532 7434 
14810 7434 7532 7533 
14811 7434 7533 7435 
14812 7435 7533 7534 
14813 7435 7534 7436 
14814 7436 7534 7535 
14815 7436 7535 7437 
14816 7437 7535 7536 
14817 7437 7536 7438 
14818 7438 7536 7537 
14819 7438 7537 7439 
14820 7439 7537 7538 
14821 7439 7538 7440 
14822 7440 7538 7539 
14823 7440 7539 7441 
14824 7441 7539 7540 
14825 7441 7540 7442 
14826 7442 7540 7541 
14827 7442 7541 7443 
14828 7443 7541 7542 
14829 7443 7542 7444 
14830 7444 7542 7543 
14831 7444 7543 7445 
14832 7445 7543 7544 
14833 7445 7544 7446 
14834 7446 7544 7545 
14835 7446 7545 7447 
14836 7447 7545 7546 
14837 7447 7546 7448 
14838 7448 7546 7547 
14839 7448 7547 7449 
14840 7449 7547 7548 
14841 7449 7548 7450 
14842 7450 7548 7549 
14843 7450 7549 7451 
14844 7451 7549 7550 
14845 7451 7550 7452 
14846 7452 7550 7551 
14847 7452 7551 7453 
14848 7453 7551 7552 
14849 7453 7552 7454 
14850 7454 7552 7553 
14851 7454 7553 7455 
14852 7455 7553 7554 
14853 7455 7554 7456 
14854 7456 7554 7555 
14855 7456 7555 7457 
14856 7457 7555 7556 
14857 7457 7556 7458 
14858 7458 7556 7557 
14859 7458 7557 7459 
14860 7459 7557 7558 
14861 7459 7558 7460 
14862 7460 7558 7559 
14863 7460 7559 7461 
14864 7461 7559 7560 
14865 7461 7560 7462 
14866 7462 7560 7561 
14867 7462 7561 7463 
14868 7463 7561 7562 
14869 7463 7562 7464 
14870 7464 7562 7563 
14871 7464 7563 7465 
14872 7465 7563 7564 
14873 7465 7564 7466 
14874 7466 7564 7565 
14875 7466 7565 7467 
14876 7467 7565 7566 
14877 7467 7566 7468 
14878 7468 7566 7567 
14879 7468 7567 7469 
14880 7469 7567 7568 
14881 7469 7568 7470 
14882 7470 7568 7569 
14883 7470 7569 7471 
14884 7471 7569 7570 
14885 7471 7570 7472 
14886 7472 7570 7571 
14887 7472 7571 7473 
14888 7473 7571 7572 
14889 7473 7572 7474 
14890 7474 7572 7573 
14891 7474 7573 7475 
14892 7475 7573 7574 
14893 7475 7574 7476 
14894 7476 7574 7575 
14895 7476 7575 7477 
14896 7477 7575 7576 
14897 7477 7576 7478 
14898 7478 7576 7577 
14899 7478 7577 7479 
14900 7479 7577 7578 
14901 7479 7578 7480 
14902 7480 7578 7579 
14903 7480 7579 7481 
14904 7481 7579 7580 
14905 7481 7580 7482 
14906 7482 7580 7581 
14907 7482 7581 7483 
14908 7483 7581 7582 
14909 7483 7582 7484 
14910 7484 7582 7583 
14911 7484 7583 7485 
14912 7485 7583 7584 
14913 7485 7584 7486 
14914 7486 7584 7585 
14915 7486 7585 7487 
14916 7487 7585 7586 
14917 7487 7586 7488 
14918 7488 7586 7587 
14919 7488 7587 7489 
14920 7489 7587 7588 
14921 7489 7588 7490 
14922 7490 7588 7589 
14923 7490 7589 7491 
14924 7491 7589 7590 
14925 7491 7590 7492 
14926 7492 7590 7591 
14927 7492 7591 7493 
14928 7493 7591 7592 
14929 7493 7592 7494 
14930 7494 7592 7593 
14931 7494 7593 7495 
14932 7495 7593 7594 
14933 7495 7594 7496 
14934 7496 7594 7595 
14935 7496 7595 7497 
14936 7497 7595 7596 
14937 7497 7596 7498 
14938 7498 7596 7597 
14939 7498 7597 7499 
14940 7499 7597 7598 
14941 7499 7598 7500 
14942 7500 7598 7599 
14943 7500 7599 7501 
14944 7501 7599 7600 
14945 7501 7600 7502 
14946 7502 7600 7601 
14947 7502 7601 7503 
14948 7503 7601 7602 
14949 7503 7602 7504 
14950 7504 7602 7603 
14951 7504 7603 7505 
14952 7505 7603 7604 
14953 7505 7604 7506 
14954 7506 7604 7605 
14955 7506 7605 7507 
14956 7507 7605 7606 
14957 7507 7606 7508 
14958 7508 7606 7607 
14959 7508 7607 7509 
14960 7509 7607 7608 
14961 7509 7608 7510 
14962 7510 7608 7609 
14963 7510 7609 7511 
14964 7511 7609 7610 
14965 7511 7610 7512 
14966 7512 7610 7611 
14967 7512 7611 7513 
14968 7513 7611 7612 
14969 7513 7612 7514 
14970 7514 7612 7613 
14971 7514 7613 7515 
14972 7515 7613 7614 
14973 7515 7614 7516 
14974 7516 7614 7615 
14975 7516 7615 7517 
14976 7517 7615 7616 
14977 7517 7616 7518 
14978 7518 7616 7617 
14979 7518 7617 7519 
14980 7519 7617 7618 
14981 7519 7618 7520 
14982 7520 7618 7619 
14983 7520 7619 7521 
14984 7521 7619 7620 
14985 7521 7620 7522 
14986 7522 7620 7621 
14987 7522 7621 7523 
14988 7523 7621 7622 
14989 7523 7622 7524 
14990 7524 7622 7623 
14991 7524 7623 7525 
14992 7525 7623 7624 
14993 7525 7624 7526 
14994 7526 7624 7625 
14995 7526 7625 7527 
14996 7527 7625 7626 
14997 7527 7626 7528 
14998 7528 7626 7627 
14999 7528 7627 230 
15000 230 7627 229 
15001 77 78 7529 
15002 7529 78 7628 
15003 7529 7628 7530 
15004 7530 7628 7629 
15005 7530 7629 7531 
15006 7531 7629 7630 
15007 7531 7630 7532 
15008 7532 7630 7631 
15009 7532 7631 7533 
15010 7533 7631 7632 
15011 7533 7632 7534 
15012 7534 7632 7633 
15013 7534 7633 7535 
15014 7535 7633 7634 
15015 7535 7634 7536 
15016 7536 7634 7635 
15017 7536 7635 7537 
15018 7537 7635 7636 
15019 7537 7636 7538 
15020 7538 7636 7637 
15021 7538 7637 7539 
15022 7539 7637 7638 
15023 7539 7638 7540 
15024 7540 7638 7639 
15025 7540 7639 7541 
15026 7541 7639 7640 
15027 7541 7640 7542 
15028 7542 7640 7641 
15029 7542 7641 7543 
15030 7543 7641 7642 
15031 7543 7642 7544 
15032 7544 7642 7643 
15033 7544 7643 7545 
15034 7545 7643 7644 
15035 7545 7644 7546 
15036 7546 7644 7645 
15037 7546 7645 7547 
15038 7547 7645 7646 
15039 7547 7646 7548 
15040 7548 7646 7647 
15041 7548 7647 7549 
15042 7549 7647 7648 
15043 7549 7648 7550 
15044 7550 7648 7649 
15045 7550 7649 7551 
15046 7551 7649 7650 
15047 7551 7650 7552 
15048 7552 7650 7651 
15049 7552 7651 7553 
15050 7553 7651 7652 
15051 7553 7652 7554 
15052 7554 7652 7653 
15053 7554 7653 7555 
15054 7555 7653 7654 
15055 7555 7654 7556 
15056 7556 7654 7655 
15057 7556 7655 7557 
15058 7557 7655 7656 
15059 7557 7656 7558 
15060 7558 7656 7657 
15061 7558 7657 7559 
15062 7559 7657 7658 
15063 7559 7658 7560 
15064 7560 7658 7659 
15065 7560 7659 7561 
15066 7561 7659 7660 
15067 7561 7660 7562 
15068 7562 7660 7661 
15069 7562 7661 7563 
15070 7563 7661 7662 
15071 7563 7662 7564 
15072 7564 7662 7663 
15073 7564 7663 7565 
15074 7565 7663 7664 
15075 7565 7664 7566 
15076 7566 7664 7665 
15077 7566 7665 7567 
15078 7567 7665 7666 
15079 7567 7666 7568 
15080 7568 7666 7667 
15081 7568 7667 7569 
15082 7569 7667 7668 
15083 7569 7668 7570 
15084 7570 7668 7669 
15085 7570 7669 7571 
15086 7571 7669 7670 
15087 7571 7670 7572 
15088 7572 7670 7671 
15089 7572 7671 7573 
15090 7573 7671 7672 
15091 7573 7672 7574 
15092 7574 7672 7673 
15093 7574 7673 7575 
15094 7575 7673 7674 
15095 7575 7674 7576 
15096 7576 7674 7675 
15097 7576 7675 7577 
15098 7577 7675 7676 
15099 7577 7676 7578 
15100 7578 7676 7677 
15101 7578 7677 7579 
15102 7579 7677 7678 
15103 7579 7678 7580 
15104 7580 7678 7679 
15105 7580 7679 7581 
15106 7581 7679 7680 
15107 7581 7680 7582 
15108 7582 7680 7681 
15109 7582 7681 7583 
15110 7583 7681 7682 
15111 7583 7682 7584 
15112 7584 7682 7683 
15113 7584 7683 7585 
15114 7585 7683 7684 
15115 7585 7684 7586 
15116 7586 7684 7685 
15117 7586 7685 7587 
15118 7587 7685 7686 
15119 7587 7686 7588 
15120 7588 7686 7687 
15121 7588 7687 7589 
15122 7589 7687 7688 
15123 7589 7688 7590 
15124 7590 7688 7689 
15125 7590 7689 7591 
15126 7591 7689 7690 
15127 7591 7690 7592 
15128 7592 7690 7691 
15129 7592 7691 7593 
15130 7593 7691 7692 
15131 7593 7692 7594 
15132 7594 7692 7693 
15133 7594 7693 7595 
15134 7595 7693 7694 
15135 7595 7694 7596 
15136 7596 7694 7695 
15137 7596 7695 7597 
15138 7597 7695 7696 
15139 7597 7696 7598 
15140 7598 7696 7697 
15141 7598 7697 7599 
15142 7599 7697 7698 
15143 7599 7698 7600 
15144 7600 7698 7699 
15145 7600 7699 7601 
15146 7601 7699 7700 
15147 7601 7700 7602 
15148 7602 7700 7701 
15149 7602 7701 7603 
15150 7603 7701 7702 
15151 7603 7702 7604 
15152 7604 7702 7703 
15153 7604 7703 7605 
15154 7605 7703 7704 
15155 7605 7704 7606 
15156 7606 7704 7705 
15157 7606 7705 7607 
15158 7607 7705 7706 
15159 7607 7706 7608 
15160 7608 7706 7707 
15161 7608 7707 7609 
15162 7609 7707 7708 
15163 7609 7708 7610 
15164 7610 7708 7709 
15165 7610 7709 7611 
15166 7611 7709 7710 
15167 7611 7710 7612 
15168 7612 7710 7711 
15169 7612 7711 7613 
15170 7613 7711 7712 
15171 7613 7712 7614 
15172 7614 7712 7713 
15173 7614 7713 7615 
15174 7615 7713 7714 
15175 7615 7714 7616 
15176 7616 7714 7715 
15177 7616 7715 7617 
15178 7617 7715 7716 
15179 7617 7716 7618 
15180 7618 7716 7717 
15181 7618 7717 7619 
15182 7619 7717 7718 
15183 7619 7718 7620 
15184 7620 7718 7719 
15185 7620 7719 7621 
15186 7621 7719 7720 
15187 7621 7720 7622 
15188 7622 7720 7721 
15189 7622 7721 7623 
15190 7623 7721 7722 
15191 7623 7722 7624 
15192 7624 7722 7723 
15193 7624 7723 7625 
15194 7625 7723 7724 
15195 7625 7724 7626 
15196 7626 7724 7725 
15197 7626 7725 7627 
15198 7627 7725 7726 
15199 7627 7726 229 
15200 229 7726 228 
15201 78 79 7628 
15202 7628 79 7727 
15203 7628 7727 7629 
15204 7629 7727 7728 
15205 7629 7728 7630 
15206 7630 7728 7729 
15207 7630 7729 7631 
15208 7631 7729 7730 
15209 7631 7730 7632 
15210 7632 7730 7731 
15211 7632 7731 7633 
15212 7633 7731 7732 
15213 7633 7732 7634 
15214 7634 7732 7733 
15215 7634 7733 7635 
15216 7635 7733 7734 
15217 7635 7734 7636 
15218 7636 7734 7735 
15219 7636 7735 7637 
15220 7637 7735 7736 
15221 7637 7736 7638 
15222 7638 7736 7737 
15223 7638 7737 7639 
15224 7639 7737 7738 
15225 7639 7738 7640 
15226 7640 7738 7739 
15227 7640 7739 7641 
15228 7641 7739 7740 
15229 7641 7740 7642 
15230 7642 7740 7741 
15231 7642 7741 7643 
15232 7643 7741 7742 
15233 7643 7742 7644 
15234 7644 7742 7743 
15235 7644 7743 7645 
15236 7645 7743 7744 
15237 7645 7744 7646 
15238 7646 7744 7745 
15239 7646 7745 7647 
15240 7647 7745 7746 
15241 7647 7746 7648 
15242 7648 7746 7747 
15243 7648 7747 7649 
15244 7649 7747 7748 
15245 7649 7748 7650 
15246 7650 7748 7749 
15247 7650 7749 7651 
15248 7651 7749 7750 
15249 7651 7750 7652 
15250 7652 7750 7751 
15251 7652 7751 7653 
15252 7653 7751 7752 
15253 7653 7752 7654 
15254 7654 7752 7753 
15255 7654 7753 7655 
15256 7655 7753 7754 
15257 7655 7754 7656 
15258 7656 7754 7755 
15259 7656 7755 7657 
15260 7657 7755 7756 
15261 7657 7756 7658 
15262 7658 7756 7757 
15263 7658 7757 7659 
15264 7659 7757 7758 
15265 7659 7758 7660 
15266 7660 7758 7759 
15267 7660 7759 7661 
15268 7661 7759 7760 
15269 7661 7760 7662 
15270 7662 7760 7761 
15271 7662 7761 7663 
15272 7663 7761 7762 
15273 7663 7762 7664 
15274 7664 7762 7763 
15275 7664 7763 7665 
15276 7665 7763 7764 
15277 7665 7764 7666 
15278 7666 7764 7765 
15279 7666 7765 7667 
15280 7667 7765 7766 
15281 7667 7766 7668 
15282 7668 7766 7767 
15283 7668 7767 7669 
15284 7669 7767 7768 
15285 7669 7768 7670 
15286 7670 7768 7769 
15287 7670 7769 7671 
15288 7671 7769 7770 
15289 7671 7770 7672 
15290 7672 7770 7771 
15291 7672 7771 7673 
15292 7673 7771 7772 
15293 7673 7772 7674 
15294 7674 7772 7773 
15295 7674 7773 7675 
15296 7675 7773 7774 
15297 7675 7774 7676 
15298 7676 7774 7775 
15299 7676 7775 7677 
15300 7677 7775 7776 
15301 7677 7776 7678 
15302 7678 7776 7777 
15303 7678 7777 7679 
15304 7679 7777 7778 
15305 7679 7778 7680 
15306 7680 7778 7779 
15307 7680 7779 7681 
15308 7681 7779 7780 
15309 7681 7780 7682 
15310 7682 7780 7781 
15311 7682 7781 7683 
15312 7683 7781 7782 
15313 7683 7782 7684 
15314 7684 7782 7783 
15315 7684 7783 7685 
15316 7685 7783 7784 
15317 7685 7784 7686 
15318 7686 7784 7785 
15319 7686 7785 7687 
15320 7687 7785 7786 
15321 7687 7786 7688 
15322 7688 7786 7787 
15323 7688 7787 7689 
15324 7689 7787 7788 
15325 7689 7788 7690 
15326 7690 7788 7789 
15327 7690 7789 7691 
15328 7691 7789 7790 
15329 7691 7790 7692 
15330 7692 7790 7791 
15331 7692 7791 7693 
15332 7693 7791 7792 
15333 7693 7792 7694 
15334 7694 7792 7793 
15335 7694 7793 7695 
15336 7695 7793 7794 
15337 7695 7794 7696 
15338 7696 7794 7795 
15339 7696 7795 7697 
15340 7697 7795 7796 
15341 7697 7796 7698 
15342 7698 7796 7797 
15343 7698 7797 7699 
15344 7699 7797 7798 
15345 7699 7798 7700 
15346 7700 7798 7799 
15347 7700 7799 7701 
15348 7701 7799 7800 
15349 7701 7800 7702 
15350 7702 7800 7801 
15351 7702 7801 7703 
15352 7703 7801 7802 
15353 7703 7802 7704 
15354 7704 7802 7803 
15355 7704 7803 7705 
15356 7705 7803 7804 
15357 7705 7804 7706 
15358 7706 7804 7805 
15359 7706 7805 7707 
15360 7707 7805 7806 
15361 7707 7806 7708 
15362 7708 7806 7807 
15363 7708 7807 7709 
15364 7709 7807 7808 
15365 7709 7808 7710 
15366 7710 7808 7809 
15367 7710 7809 7711 
15368 7711 7809 7810 
15369 7711 7810 7712 
15370 7712 7810 7811 
15371 7712 7811 7713 
15372 7713 7811 7812 
15373 7713 7812 7714 
15374 7714 7812 7813 
15375 7714 7813 7715 
15376 7715 7813 7814 
15377 7715 7814 7716 
15378 7716 7814 7815 
15379 7716 7815 7717 
15380 7717 7815 7816 
15381 7717 7816 7718 
15382 7718 7816 7817 
15383 7718 7817 7719 
15384 7719 7817 7818 
15385 7719 7818 7720 
15386 7720 7818 7819 
15387 7720 7819 7721 
15388 7721 7819 7820 
15389 7721 7820 7722 
15390 7722 7820 7821 
15391 7722 7821 7723 
15392 7723 7821 7822 
15393 7723 7822 7724 
15394 7724 7822 7823 
15395 7724 7823 7725 
15396 7725 7823 7824 
15397 7725 7824 7726 
15398 7726 7824 7825 
15399 7726 7825 228 
15400 228 7825 227 
15401 79 80 7727 
15402 7727 80 7826 
15403 7727 7826 7728 
15404 7728 7826 7827 
15405 7728 7827 7729 
15406 7729 7827 7828 
15407 7729 7828 7730 
15408 7730 7828 7829 
15409 7730 7829 7731 
15410 7731 7829 7830 
15411 7731 7830 7732 
15412 7732 7830 7831 
15413 7732 7831 7733 
15414 7733 7831 7832 
15415 7733 7832 7734 
15416 7734 7832 7833 
15417 7734 7833 7735 
15418 7735 7833 7834 
15419 7735 7834 7736 
15420 7736 7834 7835 
15421 7736 7835 7737 
15422 7737 7835 7836 
15423 7737 7836 7738 
15424 7738 7836 7837 
15425 7738 7837 7739 
15426 7739 7837 7838 
15427 7739 7838 7740 
15428 7740 7838 7839 
15429 7740 7839 7741 
15430 7741 7839 7840 
15431 7741 7840 7742 
15432 7742 7840 7841 
15433 7742 7841 7743 
15434 7743 7841 7842 
15435 7743 7842 7744 
15436 7744 7842 7843 
15437 7744 7843 7745 
15438 7745 7843 7844 
15439 7745 7844 7746 
15440 7746 7844 7845 
15441 7746 7845 7747 
15442 7747 7845 7846 
15443 7747 7846 7748 
15444 7748 7846 7847 
15445 7748 7847 7749 
15446 7749 7847 7848 
15447 7749 7848 7750 
15448 7750 7848 7849 
15449 7750 7849 7751 
15450 7751 7849 7850 
15451 7751 7850 7752 
15452 7752 7850 7851 
15453 7752 7851 7753 
15454 7753 7851 7852 
15455 7753 7852 7754 
15456 7754 7852 7853 
15457 7754 7853 7755 
15458 7755 7853 7854 
15459 7755 7854 7756 
15460 7756 7854 7855 
15461 7756 7855 7757 
15462 7757 7855 7856 
15463 7757 7856 7758 
15464 7758 7856 7857 
15465 7758 7857 7759 
15466 7759 7857 7858 
15467 7759 7858 7760 
15468 7760 7858 7859 
15469 7760 7859 7761 
15470 7761 7859 7860 
15471 7761 7860 7762 
15472 7762 7860 7861 
15473 7762 7861 7763 
15474 7763 7861 7862 
15475 7763 7862 7764 
15476 7764 7862 7863 
15477 7764 7863 7765 
15478 7765 7863 7864 
15479 7765 7864 7766 
15480 7766 7864 7865 
15481 7766 7865 7767 
15482 7767 7865 7866 
15483 7767 7866 7768 
15484 7768 7866 7867 
15485 7768 7867 7769 
15486 7769 7867 7868 
15487 7769 7868 7770 
15488 7770 7868 7869 
15489 7770 7869 7771 
15490 7771 7869 7870 
15491 7771 7870 7772 
15492 7772 7870 7871 
15493 7772 7871 7773 
15494 7773 7871 7872 
15495 7773 7872 7774 
15496 7774 7872 7873 
15497 7774 7873 7775 
15498 7775 7873 7874 
15499 7775 7874 7776 
15500 7776 7874 7875 
15501 7776 7875 7777 
15502 7777 7875 7876 
15503 7777 7876 7778 
15504 7778 7876 7877 
15505 7778 7877 7779 
15506 7779 7877 7878 
15507 7779 7878 7780 
15508 7780 7878 7879 
15509 7780 7879 7781 
15510 7781 7879 7880 
15511 7781 7880 7782 
15512 7782 7880 7881 
15513 7782 7881 7783 
15514 7783 7881 7882 
15515 7783 7882 7784 
15516 7784 7882 7883 
15517 7784 7883 7785 
15518 7785 7883 7884 
15519 7785 7884 7786 
15520 7786 7884 7885 
15521 7786 7885 7787 
15522 7787 7885 7886 
15523 7787 7886 7788 
15524 7788 7886 7887 
15525 7788 7887 7789 
15526 7789 7887 7888 
15527 7789 7888 7790 
15528 7790 7888 7889 
15529 7790 7889 7791 
15530 7791 7889 7890 
15531 7791 7890 7792 
15532 7792 7890 7891 
15533 7792 7891 7793 
15534 7793 7891 7892 
15535 7793 7892 7794 
15536 7794 7892 7893 
15537 7794 7893 7795 
15538 7795 7893 7894 
15539 7795 7894 7796 
15540 7796 7894 7895 
15541 7796 7895 7797 
15542 7797 7895 7896 
15543 7797 7896 7798 
15544 7798 7896 7897 
15545 7798 7897 7799 
15546 7799 7897 7898 
15547 7799 7898 7800 
15548 7800 7898 7899 
15549 7800 7899 7801 
15550 7801 7899 7900 
15551 7801 7900 7802 
15552 7802 7900 7901 
15553 7802 7901 7803 
15554 7803 7901 7902 
15555 7803 7902 7804 
15556 7804 7902 7903 
15557 7804 7903 7805 
15558 7805 7903 7904 
15559 7805 7904 7806 
15560 7806 7904 7905 
15561 7806 7905 7807 
15562 7807 7905 7906 
15563 7807 7906 7808 
15564 7808 7906 7907 
15565 7808 7907 7809 
15566 7809 7907 7908 
15567 7809 7908 7810 
15568 7810 7908 7909 
15569 7810 7909 7811 
15570 7811 7909 7910 
15571 7811 7910 7812 
15572 7812 7910 7911 
15573 7812 7911 7813 
15574 7813 7911 7912 
15575 7813 7912 7814 
15576 7814 7912 7913 
15577 7814 7913 7815 
15578 7815 7913 7914 
15579 7815 7914 7816 
15580 7816 7914 7915 
15581 7816 7915 7817 
15582 7817 7915 7916 
15583 7817 7916 7818 
15584 7818 7916 7917 
15585 7818 7917 7819 
15586 7819 7917 7918 
15587 7819 7918 7820 
15588 7820 7918 7919 
15589 7820 7919 7821 
15590 7821 7919 7920 
15591 7821 7920 7822 
15592 7822 7920 7921 
15593 7822 7921 7823 
15594 7823 7921 7922 
15595 7823 7922 7824 
15596 7824 7922 7923 
15597 7824 7923 7825 
15598 7825 7923 7924 
15599 7825 7924 227 
15600 227 7924 226 
15601 80 81 7826 
15602 7826 81 7925 
15603 7826 7925 7827 
15604 7827 7925 7926 
15605 7827 7926 7828 
15606 7828 7926 7927 
15607 7828 7927 7829 
15608 7829 7927 7928 
15609 7829 7928 7830 
15610 7830 7928 7929 
15611 7830 7929 7831 
15612 7831 7929 7930 
15613 7831 7930 7832 
15614 7832 7930 7931 
15615 7832 7931 7833 
15616 7833 7931 7932 
15617 7833 7932 7834 
15618 7834 7932 7933 
15619 7834 7933 7835 
15620 7835 7933 7934 
15621 7835 7934 7836 
15622 7836 7934 7935 
15623 7836 7935 7837 
15624 7837 7935 7936 
15625 7837 7936 7838 
15626 7838 7936 7937 
15627 7838 7937 7839 
15628 7839 7937 7938 
15629 7839 7938 7840 
15630 7840 7938 7939 
15631 7840 7939 7841 
15632 7841 7939 7940 
15633 7841 7940 7842 
15634 7842 7940 7941 
15635 7842 7941 7843 
15636 7843 7941 7942 
15637 7843 7942 7844 
15638 7844 7942 7943 
15639 7844 7943 7845 
15640 7845 7943 7944 
15641 7845 7944 7846 
15642 7846 7944 7945 
15643 7846 7945 7847 
15644 7847 7945 7946 
15645 7847 7946 7848 
15646 7848 7946 7947 
15647 7848 7947 7849 
15648 7849 7947 7948 
15649 7849 7948 7850 
15650 7850 7948 7949 
15651 7850 7949 7851 
15652 7851 7949 7950 
15653 7851 7950 7852 
15654 7852 7950 7951 
15655 7852 7951 7853 
15656 7853 7951 7952 
15657 7853 7952 7854 
15658 7854 7952 7953 
15659 7854 7953 7855 
15660 7855 7953 7954 
15661 7855 7954 7856 
15662 7856 7954 7955 
15663 7856 7955 7857 
15664 7857 7955 7956 
15665 7857 7956 7858 
15666 7858 7956 7957 
15667 7858 7957 7859 
15668 7859 7957 7958 
15669 7859 7958 7860 
15670 7860 7958 7959 
15671 7860 7959 7861 
15672 7861 7959 7960 
15673 7861 7960 7862 
15674 7862 7960 7961 
15675 7862 7961 7863 
15676 7863 7961 7962 
15677 7863 7962 7864 
15678 7864 7962 7963 
15679 7864 7963 7865 
15680 7865 7963 7964 
15681 7865 7964 7866 
15682 7866 7964 7965 
15683 7866 7965 7867 
15684 7867 7965 7966 
15685 7867 7966 7868 
15686 7868 7966 7967 
15687 7868 7967 7869 
15688 7869 7967 7968 
15689 7869 7968 7870 
15690 7870 7968 7969 
15691 7870 7969 7871 
15692 7871 7969 7970 
15693 7871 7970 7872 
15694 7872 7970 7971 
15695 7872 7971 7873 
15696 7873 7971 7972 
15697 7873 7972 7874 
15698 7874 7972 7973 
15699 7874 7973 7875 
15700 7875 7973 7974 
15701 7875 7974 7876 
15702 7876 7974 7975 
15703 7876 7975 7877 
15704 7877 7975 7976 
15705 7877 7976 7878 
15706 7878 7976 7977 
15707 7878 7977 7879 
15708 7879 7977 7978 
15709 7879 7978 7880 
15710 7880 7978 7979 
15711 7880 7979 7881 
15712 7881 7979 7980 
15713 7881 7980 7882 
15714 7882 7980 7981 
15715 7882 7981 7883 
15716 7883 7981 7982 
15717 7883 7982 7884 
15718 7884 7982 7983 
15719 7884 7983 7885 
15720 7885 7983 7984 
15721 7885 7984 7886 
15722 7886 7984 7985 
15723 7886 7985 7887 
15724 7887 7985 7986 
15725 7887 7986 7888 
15726 7888 7986 7987 
15727 7888 7987 7889 
15728 7889 7987 7988 
15729 7889 7988 7890 
15730 7890 7988 7989 
15731 7890 7989 7891 
15732 7891 7989 7990 
15733 7891 7990 7892 
15734 7892 7990 7991 
15735 7892 7991 7893 
15736 7893 7991 7992 
15737 7893 7992 7894 
15738 7894 7992 7993 
15739 7894 7993 7895 
15740 7895 7993 7994 
15741 7895 7994 7896 
15742 7896 7994 7995 
15743 7896 7995 7897 
15744 7897 7995 7996 
15745 7897 7996 7898 
15746 7898 7996 7997 
15747 7898 7997 7899 
15748 7899 7997 7998 
15749 7899 7998 7900 
15750 7900 7998 7999 
15751 7900 7999 7901 
15752 7901 7999 8000 
15753 7901 8000 7902 
15754 7902 8000 8001 
15755 7902 8001 7903 
15756 7903 8001 8002 
15757 7903 8002 7904 
15758 7904 8002 8003 
15759 7904 8003 7905 
15760 7905 8003 8004 
15761 7905 8004 7906 
15762 7906 8004 8005 
15763 7906 8005 7907 
15764 7907 8005 8006 
15765 7907 8006 7908 
15766 7908 8006 8007 
15767 7908 8007 7909 
15768 7909 8007 8008 
15769 7909 8008 7910 
15770 7910 8008 8009 
15771 7910 8009 7911 
15772 7911 8009 8010 
15773 7911 8010 7912 
15774 7912 8010 8011 
15775 7912 8011 7913 
15776 7913 8011 8012 
15777 7913 8012 7914 
15778 7914 8012 8013 
15779 7914 8013 7915 
15780 7915 8013 8014 
15781 7915 8014 7916 
15782 7916 8014 8015 
15783 7916 8015 7917 
15784 7917 8015 8016 
15785 7917 8016 7918 
15786 7918 8016 8017 
15787 7918 8017 7919 
15788 7919 8017 8018 
15789 7919 8018 7920 
15790 7920 8018 8019 
15791 7920 8019 7921 
15792 7921 8019 8020 
15793 7921 8020 7922 
15794 7922 8020 8021 
15795 7922 8021 7923 
15796 7923 8021 8022 
15797 7923 8022 7924 
15798 7924 8022 8023 
15799 7924 8023 226 
15800 226 8023 225 
15801 81 82 7925 
15802 7925 82 8024 
15803 7925 8024 7926 
15804 7926 8024 8025 
15805 7926 8025 7927 
15806 7927 8025 8026 
15807 7927 8026 7928 
15808 7928 8026 8027 
15809 7928 8027 7929 
15810 7929 8027 8028 
15811 7929 8028 7930 
15812 7930 8028 8029 
15813 7930 8029 7931 
15814 7931 8029 8030 
15815 7931 8030 7932 
15816 7932 8030 8031 
15817 7932 8031 7933 
15818 7933 8031 8032 
15819 7933 8032 7934 
15820 7934 8032 8033 
15821 7934 8033 7935 
15822 7935 8033 8034 
15823 7935 8034 7936 
15824 7936 8034 8035 
15825 7936 8035 7937 
15826 7937 8035 8036 
15827 7937 8036 7938 
15828 7938 8036 8037 
15829 7938 8037 7939 
15830 7939 8037 8038 
15831 7939 8038 7940 
15832 7940 8038 8039 
15833 7940 8039 7941 
15834 7941 8039 8040 
15835 7941 8040 7942 
15836 7942 8040 8041 
15837 7942 8041 7943 
15838 7943 8041 8042 
15839 7943 8042 7944 
15840 7944 8042 8043 
15841 7944 8043 7945 
15842 7945 8043 8044 
15843 7945 8044 7946 
15844 7946 8044 8045 
15845 7946 8045 7947 
15846 7947 8045 8046 
15847 7947 8046 7948 
15848 7948 8046 8047 
15849 7948 8047 7949 
15850 7949 8047 8048 
15851 7949 8048 7950 
15852 7950 8048 8049 
15853 7950 8049 7951 
15854 7951 8049 8050 
15855 7951 8050 7952 
15856 7952 8050 8051 
15857 7952 8051 7953 
15858 7953 8051 8052 
15859 7953 8052 7954 
15860 7954 8052 8053 
15861 7954 8053 7955 
15862 7955 8053 8054 
15863 7955 8054 7956 
15864 7956 8054 8055 
15865 7956 8055 7957 
15866 7957 8055 8056 
15867 7957 8056 7958 
15868 7958 8056 8057 
15869 7958 8057 7959 
15870 7959 8057 8058 
15871 7959 8058 7960 
15872 7960 8058 8059 
15873 7960 8059 7961 
15874 7961 8059 8060 
15875 7961 8060 7962 
15876 7962 8060 8061 
15877 7962 8061 7963 
15878 7963 8061 8062 
15879 7963 8062 7964 
15880 7964 8062 8063 
15881 7964 8063 7965 
15882 7965 8063 8064 
15883 7965 8064 7966 
15884 7966 8064 8065 
15885 7966 8065 7967 
15886 7967 8065 8066 
15887 7967 8066 7968 
15888 7968 8066 8067 
15889 7968 8067 7969 
15890 7969 8067 8068 
15891 7969 8068 7970 
15892 7970 8068 8069 
15893 7970 8069 7971 
15894 7971 8069 8070 
15895 7971 8070 7972 
15896 7972 8070 8071 
15897 7972 8071 7973 
15898 7973 8071 8072 
15899 7973 8072 7974 
15900 7974 8072 8073 
15901 7974 8073 7975 
15902 7975 8073 8074 
15903 7975 8074 7976 
15904 7976 8074 8075 
15905 7976 8075 7977 
15906 7977 8075 8076 
15907 7977 8076 7978 
15908 7978 8076 8077 
15909 7978 8077 7979 
15910 7979 8077 8078 
15911 7979 8078 7980 
15912 7980 8078 8079 
15913 7980 8079 7981 
15914 7981 8079 8080 
15915 7981 8080 7982 
15916 7982 8080 8081 
15917 7982 8081 7983 
15918 7983 8081 8082 
15919 7983 8082 7984 
15920 7984 8082 8083 
15921 7984 8083 7985 
15922 7985 8083 8084 
15923 7985 8084 7986 
15924 7986 8084 8085 
15925 7986 8085 7987 
15926 7987 8085 8086 
15927 7987 8086 7988 
15928 7988 8086 8087 
15929 7988 8087 7989 
15930 7989 8087 8088 
15931 7989 8088 7990 
15932 7990 8088 8089 
15933 7990 8089 7991 
15934 7991 8089 8090 
15935 7991 8090 7992 
15936 7992 8090 8091 
15937 7992 8091 7993 
15938 7993 8091 8092 
15939 7993 8092 7994 
15940 7994 8092 8093 
15941 7994 8093 7995 
15942 7995 8093 8094 
15943 7995 8094 7996 
15944 7996 8094 8095 
15945 7996 8095 7997 
15946 7997 8095 8096 
15947 7997 8096 7998 
15948 7998 8096 8097 
15949 7998 8097 7999 
15950 7999 8097 8098 
15951 7999 8098 8000 
15952 8000 8098 8099 
15953 8000 8099 8001 
15954 8001 8099 8100 
15955 8001 8100 8002 
15956 8002 8100 8101 
15957 8002 8101 8003 
15958 8003 8101 8102 
15959 8003 8102 8004 
15960 8004 8102 8103 
15961 8004 8103 8005 
15962 8005 8103 8104 
15963 8005 8104 8006 
15964 8006 8104 8105 
15965 8006 8105 8007 
15966 8007 8105 8106 
15967 8007 8106 8008 
15968 8008 8106 8107 
15969 8008 8107 8009 
15970 8009 8107 8108 
15971 8009 8108 8010 
15972 8010 8108 8109 
15973 8010 8109 8011 
15974 8011 8109 8110 
15975 8011 8110 8012 
15976 8012 8110 8111 
15977 8012 8111 8013 
15978 8013 8111 8112 
15979 8013 8112 8014 
15980 8014 8112 8113 
15981 8014 8113 8015 
15982 8015 8113 8114 
15983 8015 8114 8016 
15984 8016 8114 8115 
15985 8016 8115 8017 
15986 8017 8115 8116 
15987 8017 8116 8018 
15988 8018 8116 8117 
15989 8018 8117 8019 
15990 8019 8117 8118 
15991 8019 8118 8020 
15992 8020 8118 8119 
15993 8020 8119 8021 
15994 8021 8119 8120 
15995 8021 8120 8022 
15996 8022 8120 8121 
15997 8022 8121 8023 
15998 8023 8121 8122 
15999 8023 8122 225 
16000 225 8122 224 
16001 82 83 8024 
16002 8024 83 8123 
16003 8024 8123 8025 
16004 8025 8123 8124 
16005 8025 8124 8026 
16006 8026 8124 8125 
16007 8026 8125 8027 
16008 8027 8125 8126 
16009 8027 8126 8028 
16010 8028 8126 8127 
16011 8028 8127 8029 
16012 8029 8127 8128 
16013 8029 8128 8030 
16014 8030 8128 8129 
16015 8030 8129 8031 
16016 8031 8129 8130 
16017 8031 8130 8032 
16018 8032 8130 8131 
16019 8032 8131 8033 
16020 8033 8131 8132 
16021 8033 8132 8034 
16022 8034 8132 8133 
16023 8034 8133 8035 
16024 8035 8133 8134 
16025 8035 8134 8036 
16026 8036 8134 8135 
16027 8036 8135 8037 
16028 8037 8135 8136 
16029 8037 8136 8038 
16030 8038 8136 8137 
16031 8038 8137 8039 
16032 8039 8137 8138 
16033 8039 8138 8040 
16034 8040 8138 8139 
16035 8040 8139 8041 
16036 8041 8139 8140 
16037 8041 8140 8042 
16038 8042 8140 8141 
16039 8042 8141 8043 
16040 8043 8141 8142 
16041 8043 8142 8044 
16042 8044 8142 8143 
16043 8044 8143 8045 
16044 8045 8143 8144 
16045 8045 8144 8046 
16046 8046 8144 8145 
16047 8046 8145 8047 
16048 8047 8145 8146 
16049 8047 8146 8048 
16050 8048 8146 8147 
16051 8048 8147 8049 
16052 8049 8147 8148 
16053 8049 8148 8050 
16054 8050 8148 8149 
16055 8050 8149 8051 
16056 8051 8149 8150 
16057 8051 8150 8052 
16058 8052 8150 8151 
16059 8052 8151 8053 
16060 8053 8151 8152 
16061 8053 8152 8054 
16062 8054 8152 8153 
16063 8054 8153 8055 
16064 8055 8153 8154 
16065 8055 8154 8056 
16066 8056 8154 8155 
16067 8056 8155 8057 
16068 8057 8155 8156 
16069 8057 8156 8058 
16070 8058 8156 8157 
16071 8058 8157 8059 
16072 8059 8157 8158 
16073 8059 8158 8060 
16074 8060 8158 8159 
16075 8060 8159 8061 
16076 8061 8159 8160 
16077 8061 8160 8062 
16078 8062 8160 8161 
16079 8062 8161 8063 
16080 8063 8161 8162 
16081 8063 8162 8064 
16082 8064 8162 8163 
16083 8064 8163 8065 
16084 8065 8163 8164 
16085 8065 8164 8066 
16086 8066 8164 8165 
16087 8066 8165 8067 
16088 8067 8165 8166 
16089 8067 8166 8068 
16090 8068 8166 8167 
16091 8068 8167 8069 
16092 8069 8167 8168 
16093 8069 8168 8070 
16094 8070 8168 8169 
16095 8070 8169 8071 
16096 8071 8169 8170 
16097 8071 8170 8072 
16098 8072 8170 8171 
16099 8072 8171 8073 
16100 8073 8171 8172 
16101 8073 8172 8074 
16102 8074 8172 8173 
16103 8074 8173 8075 
16104 8075 8173 8174 
16105 8075 8174 8076 
16106 8076 8174 8175 
16107 8076 8175 8077 
16108 8077 8175 8176 
16109 8077 8176 8078 
16110 8078 8176 8177 
16111 8078 8177 8079 
16112 8079 8177 8178 
16113 8079 8178 8080 
16114 8080 8178 8179 
16115 8080 8179 8081 
16116 8081 8179 8180 
16117 8081 8180 8082 
16118 8082 8180 8181 
16119 8082 8181 8083 
16120 8083 8181 8182 
16121 8083 8182 8084 
16122 8084 8182 8183 
16123 8084 8183 8085 
16124 8085 8183 8184 
16125 8085 8184 8086 
16126 8086 8184 8185 
16127 8086 8185 8087 
16128 8087 8185 8186 
16129 8087 8186 8088 
16130 8088 8186 8187 
16131 8088 8187 8089 
16132 8089 8187 8188 
16133 8089 8188 8090 
16134 8090 8188 8189 
16135 8090 8189 8091 
16136 8091 8189 8190 
16137 8091 8190 8092 
16138 8092 8190 8191 
16139 8092 8191 8093 
16140 8093 8191 8192 
16141 8093 8192 8094 
16142 8094 8192 8193 
16143 8094 8193 8095 
16144 8095 8193 8194 
16145 8095 8194 8096 
16146 8096 8194 8195 
16147 8096 8195 8097 
16148 8097 8195 8196 
16149 8097 8196 8098 
16150 8098 8196 8197 
16151 8098 8197 8099 
16152 8099 8197 8198 
16153 8099 8198 8100 
16154 8100 8198 8199 
16155 8100 8199 8101 
16156 8101 8199 8200 
16157 8101 8200 8102 
16158 8102 8200 8201 
16159 8102 8201 8103 
16160 8103 8201 8202 
16161 8103 8202 8104 
16162 8104 8202 8203 
16163 8104 8203 8105 
16164 8105 8203 8204 
16165 8105 8204 8106 
16166 8106 8204 8205 
16167 8106 8205 8107 
16168 8107 8205 8206 
16169 8107 8206 8108 
16170 8108 8206 8207 
16171 8108 8207 8109 
16172 8109 8207 8208 
16173 8109 8208 8110 
16174 8110 8208 8209 
16175 8110 8209 8111 
16176 8111 8209 8210 
16177 8111 8210 8112 
16178 8112 8210 8211 
16179 8112 8211 8113 
16180 8113 8211 8212 
16181 8113 8212 8114 
16182 8114 8212 8213 
16183 8114 8213 8115 
16184 8115 8213 8214 
16185 8115 8214 8116 
16186 8116 8214 8215 
16187 8116 8215 8117 
16188 8117 8215 8216 
16189 8117 8216 8118 
16190 8118 8216 8217 
16191 8118 8217 8119 
16192 8119 8217 8218 
16193 8119 8218 8120 
16194 8120 8218 8219 
16195 8120 8219 8121 
16196 8121 8219 8220 
16197 8121 8220 8122 
16198 8122 8220 8221 
16199 8122 8221 224 
16200 224 8221 223 
16201 83 84 8123 
16202 8123 84 8222 
16203 8123 8222 8124 
16204 8124 8222 8223 
16205 8124 8223 8125 
16206 8125 8223 8224 
16207 8125 8224 8126 
16208 8126 8224 8225 
16209 8126 8225 8127 
16210 8127 8225 8226 
16211 8127 8226 8128 
16212 8128 8226 8227 
16213 8128 8227 8129 
16214 8129 8227 8228 
16215 8129 8228 8130 
16216 8130 8228 8229 
16217 8130 8229 8131 
16218 8131 8229 8230 
16219 8131 8230 8132 
16220 8132 8230 8231 
16221 8132 8231 8133 
16222 8133 8231 8232 
16223 8133 8232 8134 
16224 8134 8232 8233 
16225 8134 8233 8135 
16226 8135 8233 8234 
16227 8135 8234 8136 
16228 8136 8234 8235 
16229 8136 8235 8137 
16230 8137 8235 8236 
16231 8137 8236 8138 
16232 8138 8236 8237 
16233 8138 8237 8139 
16234 8139 8237 8238 
16235 8139 8238 8140 
16236 8140 8238 8239 
16237 8140 8239 8141 
16238 8141 8239 8240 
16239 8141 8240 8142 
16240 8142 8240 8241 
16241 8142 8241 8143 
16242 8143 8241 8242 
16243 8143 8242 8144 
16244 8144 8242 8243 
16245 8144 8243 8145 
16246 8145 8243 8244 
16247 8145 8244 8146 
16248 8146 8244 8245 
16249 8146 8245 8147 
16250 8147 8245 8246 
16251 8147 8246 8148 
16252 8148 8246 8247 
16253 8148 8247 8149 
16254 8149 8247 8248 
16255 8149 8248 8150 
16256 8150 8248 8249 
16257 8150 8249 8151 
16258 8151 8249 8250 
16259 8151 8250 8152 
16260 8152 8250 8251 
16261 8152 8251 8153 
16262 8153 8251 8252 
16263 8153 8252 8154 
16264 8154 8252 8253 
16265 8154 8253 8155 
16266 8155 8253 8254 
16267 8155 8254 8156 
16268 8156 8254 8255 
16269 8156 8255 8157 
16270 8157 8255 8256 
16271 8157 8256 8158 
16272 8158 8256 8257 
16273 8158 8257 8159 
16274 8159 8257 8258 
16275 8159 8258 8160 
16276 8160 8258 8259 
16277 8160 8259 8161 
16278 8161 8259 8260 
16279 8161 8260 8162 
16280 8162 8260 8261 
16281 8162 8261 8163 
16282 8163 8261 8262 
16283 8163 8262 8164 
16284 8164 8262 8263 
16285 8164 8263 8165 
16286 8165 8263 8264 
16287 8165 8264 8166 
16288 8166 8264 8265 
16289 8166 8265 8167 
16290 8167 8265 8266 
16291 8167 8266 8168 
16292 8168 8266 8267 
16293 8168 8267 8169 
16294 8169 8267 8268 
16295 8169 8268 8170 
16296 8170 8268 8269 
16297 8170 8269 8171 
16298 8171 8269 8270 
16299 8171 8270 8172 
16300 8172 8270 8271 
16301 8172 8271 8173 
16302 8173 8271 8272 
16303 8173 8272 8174 
16304 8174 8272 8273 
16305 8174 8273 8175 
16306 8175 8273 8274 
16307 8175 8274 8176 
16308 8176 8274 8275 
16309 8176 8275 8177 
16310 8177 8275 8276 
16311 8177 8276 8178 
16312 8178 8276 8277 
16313 8178 8277 8179 
16314 8179 8277 8278 
16315 8179 8278 8180 
16316 8180 8278 8279 
16317 8180 8279 8181 
16318 8181 8279 8280 
16319 8181 8280 8182 
16320 8182 8280 8281 
16321 8182 8281 8183 
16322 8183 8281 8282 
16323 8183 8282 8184 
16324 8184 8282 8283 
16325 8184 8283 8185 
16326 8185 8283 8284 
16327 8185 8284 8186 
16328 8186 8284 8285 
16329 8186 8285 8187 
16330 8187 8285 8286 
16331 8187 8286 8188 
16332 8188 8286 8287 
16333 8188 8287 8189 
16334 8189 8287 8288 
16335 8189 8288 8190 
16336 8190 8288 8289 
16337 8190 8289 8191 
16338 8191 8289 8290 
16339 8191 8290 8192 
16340 8192 8290 8291 
16341 8192 8291 8193 
16342 8193 8291 8292 
16343 8193 8292 8194 
16344 8194 8292 8293 
16345 8194 8293 8195 
16346 8195 8293 8294 
16347 8195 8294 8196 
16348 8196 8294 8295 
16349 8196 8295 8197 
16350 8197 8295 8296 
16351 8197 8296 8198 
16352 8198 8296 8297 
16353 8198 8297 8199 
16354 8199 8297 8298 
16355 8199 8298 8200 
16356 8200 8298 8299 
16357 8200 8299 8201 
16358 8201 8299 8300 
16359 8201 8300 8202 
16360 8202 8300 8301 
16361 8202 8301 8203 
16362 8203 8301 8302 
16363 8203 8302 8204 
16364 8204 8302 8303 
16365 8204 8303 8205 
16366 8205 8303 8304 
16367 8205 8304 8206 
16368 8206 8304 8305 
16369 8206 8305 8207 
16370 8207 8305 8306 
16371 8207 8306 8208 
16372 8208 8306 8307 
16373 8208 8307 8209 
16374 8209 8307 8308 
16375 8209 8308 8210 
16376 8210 8308 8309 
16377 8210 8309 8211 
16378 8211 8309 8310 
16379 8211 8310 8212 
16380 8212 8310 8311 
16381 8212 8311 8213 
16382 8213 8311 8312 
16383 8213 8312 8214 
16384 8214 8312 8313 
16385 8214 8313 8215 
16386 8215 8313 8314 
16387 8215 8314 8216 
16388 8216 8314 8315 
16389 8216 8315 8217 
16390 8217 8315 8316 
16391 8217 8316 8218 
16392 8218 8316 8317 
16393 8218 8317 8219 
16394 8219 8317 8318 
16395 8219 8318 8220 
16396 8220 8318 8319 
16397 8220 8319 8221 
16398 8221 8319 8320 
16399 8221 8320 223 
16400 223 8320 222 
16401 84 85 8222 
16402 8222 85 8321 
16403 8222 8321 8223 
16404 8223 8321 8322 
16405 8223 8322 8224 
16406 8224 8322 8323 
16407 8224 8323 8225 
16408 8225 8323 8324 
16409 8225 8324 8226 
16410 8226 8324 8325 
16411 8226 8325 8227 
16412 8227 8325 8326 
16413 8227 8326 8228 
16414 8228 8326 8327 
16415 8228 8327 8229 
16416 8229 8327 8328 
16417 8229 8328 8230 
16418 8230 8328 8329 
16419 8230 8329 8231 
16420 8231 8329 8330 
16421 8231 8330 8232 
16422 8232 8330 8331 
16423 8232 8331 8233 
16424 8233 8331 8332 
16425 8233 8332 8234 
16426 8234 8332 8333 
16427 8234 8333 8235 
16428 8235 8333 8334 
16429 8235 8334 8236 
16430 8236 8334 8335 
16431 8236 8335 8237 
16432 8237 8335 8336 
16433 8237 8336 8238 
16434 8238 8336 8337 
16435 8238 8337 8239 
16436 8239 8337 8338 
16437 8239 8338 8240 
16438 8240 8338 8339 
16439 8240 8339 8241 
16440 8241 8339 8340 
16441 8241 8340 8242 
16442 8242 8340 8341 
16443 8242 8341 8243 
16444 8243 8341 8342 
16445 8243 8342 8244 
16446 8244 8342 8343 
16447 8244 8343 8245 
16448 8245 8343 8344 
16449 8245 8344 8246 
16450 8246 8344 8345 
16451 8246 8345 8247 
16452 8247 8345 8346 
16453 8247 8346 8248 
16454 8248 8346 8347 
16455 8248 8347 8249 
16456 8249 8347 8348 
16457 8249 8348 8250 
16458 8250 8348 8349 
16459 8250 8349 8251 
16460 8251 8349 8350 
16461 8251 8350 8252 
16462 8252 8350 8351 
16463 8252 8351 8253 
16464 8253 8351 8352 
16465 8253 8352 8254 
16466 8254 8352 8353 
16467 8254 8353 8255 
16468 8255 8353 8354 
16469 8255 8354 8256 
16470 8256 8354 8355 
16471 8256 8355 8257 
16472 8257 8355 8356 
16473 8257 8356 8258 
16474 8258 8356 8357 
16475 8258 8357 8259 
16476 8259 8357 8358 
16477 8259 8358 8260 
16478 8260 8358 8359 
16479 8260 8359 8261 
16480 8261 8359 8360 
16481 8261 8360 8262 
16482 8262 8360 8361 
16483 8262 8361 8263 
16484 8263 8361 8362 
16485 8263 8362 8264 
16486 8264 8362 8363 
16487 8264 8363 8265 
16488 8265 8363 8364 
16489 8265 8364 8266 
16490 8266 8364 8365 
16491 8266 8365 8267 
16492 8267 8365 8366 
16493 8267 8366 8268 
16494 8268 8366 8367 
16495 8268 8367 8269 
16496 8269 8367 8368 
16497 8269 8368 8270 
16498 8270 8368 8369 
16499 8270 8369 8271 
16500 8271 8369 8370 
16501 8271 8370 8272 
16502 8272 8370 8371 
16503 8272 8371 8273 
16504 8273 8371 8372 
16505 8273 8372 8274 
16506 8274 8372 8373 
16507 8274 8373 8275 
16508 8275 8373 8374 
16509 8275 8374 8276 
16510 8276 8374 8375 
16511 8276 8375 8277 
16512 8277 8375 8376 
16513 8277 8376 8278 
16514 8278 8376 8377 
16515 8278 8377 8279 
16516 8279 8377 8378 
16517 8279 8378 8280 
16518 8280 8378 8379 
16519 8280 8379 8281 
16520 8281 8379 8380 
16521 8281 8380 8282 
16522 8282 8380 8381 
16523 8282 8381 8283 
16524 8283 8381 8382 
16525 8283 8382 8284 
16526 8284 8382 8383 
16527 8284 8383 8285 
16528 8285 8383 8384 
16529 8285 8384 8286 
16530 8286 8384 8385 
16531 8286 8385 8287 
16532 8287 8385 8386 
16533 8287 8386 8288 
16534 8288 8386 8387 
16535 8288 8387 8289 
16536 8289 8387 8388 
16537 8289 8388 8290 
16538 8290 8388 8389 
16539 8290 8389 8291 
16540 8291 8389 8390 
16541 8291 8390 8292 
16542 8292 8390 8391 
16543 8292 8391 8293 
16544 8293 8391 8392 
16545 8293 8392 8294 
16546 8294 8392 8393 
16547 8294 8393 8295 
16548 8295 8393 8394 
16549 8295 8394 8296 
16550 8296 8394 8395 
16551 8296 8395 8297 
16552 8297 8395 8396 
16553 8297 8396 8298 
16554 8298 8396 8397 
16555 8298 8397 8299 
16556 8299 8397 8398 
16557 8299 8398 8300 
16558 8300 8398 8399 
16559 8300 8399 8301 
16560 8301 8399 8400 
16561 8301 8400 8302 
16562 8302 8400 8401 
16563 8302 8401 8303 
16564 8303 8401 8402 
16565 8303 8402 8304 
16566 8304 8402 8403 
16567 8304 8403 8305 
16568 8305 8403 8404 
16569 8305 8404 8306 
16570 8306 8404 8405 
16571 8306 8405 8307 
16572 8307 8405 8406 
16573 8307 8406 8308 
16574 8308 8406 8407 
16575 8308 8407 8309 
16576 8309 8407 8408 
16577 8309 8408 8310 
16578 8310 8408 8409 
16579 8310 8409 8311 
16580 8311 8409 8410 
16581 8311 8410 8312 
16582 8312 8410 8411 
16583 8312 8411 8313 
16584 8313 8411 8412 
16585 8313 8412 8314 
16586 8314 8412 8413 
16587 8314 8413 8315 
16588 8315 8413 8414 
16589 8315 8414 8316 
16590 8316 8414 8415 
16591 8316 8415 8317 
16592 8317 8415 8416 
16593 8317 8416 8318 
16594 8318 8416 8417 
16595 8318 8417 8319 
16596 8319 8417 8418 
16597 8319 8418 8320 
16598 8320 8418 8419 
16599 8320 8419 222 
16600 222 8419 221 
16601 85 86 8321 
16602 8321 86 8420 
16603 8321 8420 8322 
16604 8322 8420 8421 
16605 8322 8421 8323 
16606 8323 8421 8422 
16607 8323 8422 8324 
16608 8324 8422 8423 
16609 8324 8423 8325 
16610 8325 8423 8424 
16611 8325 8424 8326 
16612 8326 8424 8425 
16613 8326 8425 8327 
16614 8327 8425 8426 
16615 8327 8426 8328 
16616 8328 8426 8427 
16617 8328 8427 8329 
16618 8329 8427 8428 
16619 8329 8428 8330 
16620 8330 8428 8429 
16621 8330 8429 8331 
16622 8331 8429 8430 
16623 8331 8430 8332 
16624 8332 8430 8431 
16625 8332 8431 8333 
16626 8333 8431 8432 
16627 8333 8432 8334 
16628 8334 8432 8433 
16629 8334 8433 8335 
16630 8335 8433 8434 
16631 8335 8434 8336 
16632 8336 8434 8435 
16633 8336 8435 8337 
16634 8337 8435 8436 
16635 8337 8436 8338 
16636 8338 8436 8437 
16637 8338 8437 8339 
16638 8339 8437 8438 
16639 8339 8438 8340 
16640 8340 8438 8439 
16641 8340 8439 8341 
16642 8341 8439 8440 
16643 8341 8440 8342 
16644 8342 8440 8441 
16645 8342 8441 8343 
16646 8343 8441 8442 
16647 8343 8442 8344 
16648 8344 8442 8443 
16649 8344 8443 8345 
16650 8345 8443 8444 
16651 8345 8444 8346 
16652 8346 8444 8445 
16653 8346 8445 8347 
16654 8347 8445 8446 
16655 8347 8446 8348 
16656 8348 8446 8447 
16657 8348 8447 8349 
16658 8349 8447 8448 
16659 8349 8448 8350 
16660 8350 8448 8449 
16661 8350 8449 8351 
16662 8351 8449 8450 
16663 8351 8450 8352 
16664 8352 8450 8451 
16665 8352 8451 8353 
16666 8353 8451 8452 
16667 8353 8452 8354 
16668 8354 8452 8453 
16669 8354 8453 8355 
16670 8355 8453 8454 
16671 8355 8454 8356 
16672 8356 8454 8455 
16673 8356 8455 8357 
16674 8357 8455 8456 
16675 8357 8456 8358 
16676 8358 8456 8457 
16677 8358 8457 8359 
16678 8359 8457 8458 
16679 8359 8458 8360 
16680 8360 8458 8459 
16681 8360 8459 8361 
16682 8361 8459 8460 
16683 8361 8460 8362 
16684 8362 8460 8461 
16685 8362 8461 8363 
16686 8363 8461 8462 
16687 8363 8462 8364 
16688 8364 8462 8463 
16689 8364 8463 8365 
16690 8365 8463 8464 
16691 8365 8464 8366 
16692 8366 8464 8465 
16693 8366 8465 8367 
16694 8367 8465 8466 
16695 8367 8466 8368 
16696 8368 8466 8467 
16697 8368 8467 8369 
16698 8369 8467 8468 
16699 8369 8468 8370 
16700 8370 8468 8469 
16701 8370 8469 8371 
16702 8371 8469 8470 
16703 8371 8470 8372 
16704 8372 8470 8471 
16705 8372 8471 8373 
16706 8373 8471 8472 
16707 8373 8472 8374 
16708 8374 8472 8473 
16709 8374 8473 8375 
16710 8375 8473 8474 
16711 8375 8474 8376 
16712 8376 8474 8475 
16713 8376 8475 8377 
16714 8377 8475 8476 
16715 8377 8476 8378 
16716 8378 8476 8477 
16717 8378 8477 8379 
16718 8379 8477 8478 
16719 8379 8478 8380 
16720 8380 8478 8479 
16721 8380 8479 8381 
16722 8381 8479 8480 
16723 8381 8480 8382 
16724 8382 8480 8481 
16725 8382 8481 8383 
16726 8383 8481 8482 
16727 8383 8482 8384 
16728 8384 8482 8483 
16729 8384 8483 8385 
16730 8385 8483 8484 
16731 8385 8484 8386 
16732 8386 8484 8485 
16733 8386 8485 8387 
16734 8387 8485 8486 
16735 8387 8486 8388 
16736 8388 8486 8487 
16737 8388 8487 8389 
16738 8389 8487 8488 
16739 8389 8488 8390 
16740 8390 8488 8489 
16741 8390 8489 8391 
16742 8391 8489 8490 
16743 8391 8490 8392 
16744 8392 8490 8491 
16745 8392 8491 8393 
16746 8393 8491 8492 
16747 8393 8492 8394 
16748 8394 8492 8493 
16749 8394 8493 8395 
16750 8395 8493 8494 
16751 8395 8494 8396 
16752 8396 8494 8495 
16753 8396 8495 8397 
16754 8397 8495 8496 
16755 8397 8496 8398 
16756 8398 8496 8497 
16757 8398 8497 8399 
16758 8399 8497 8498 
16759 8399 8498 8400 
16760 8400 8498 8499 
16761 8400 8499 8401 
16762 8401 8499 8500 
16763 8401 8500 8402 
16764 8402 8500 8501 
16765 8402 8501 8403 
16766 8403 8501 8502 
16767 8403 8502 8404 
16768 8404 8502 8503 
16769 8404 8503 8405 
16770 8405 8503 8504 
16771 8405 8504 8406 
16772 8406 8504 8505 
16773 8406 8505 8407 
16774 8407 8505 8506 
16775 8407 8506 8408 
16776 8408 8506 8507 
16777 8408 8507 8409 
16778 8409 8507 8508 
16779 8409 8508 8410 
16780 8410 8508 8509 
16781 8410 8509 8411 
16782 8411 8509 8510 
16783 8411 8510 8412 
16784 8412 8510 8511 
16785 8412 8511 8413 
16786 8413 8511 8512 
16787 8413 8512 8414 
16788 8414 8512 8513 
16789 8414 8513 8415 
16790 8415 8513 8514 
16791 8415 8514 8416 
16792 8416 8514 8515 
16793 8416 8515 8417 
16794 8417 8515 8516 
16795 8417 8516 8418 
16796 8418 8516 8517 
16797 8418 8517 8419 
16798 8419 8517 8518 
16799 8419 8518 221 
16800 221 8518 220 
16801 86 87 8420 
16802 8420 87 8519 
16803 8420 8519 8421 
16804 8421 8519 8520 
16805 8421 8520 8422 
16806 8422 8520 8521 
16807 8422 8521 8423 
16808 8423 8521 8522 
16809 8423 8522 8424 
16810 8424 8522 8523 
16811 8424 8523 8425 
16812 8425 8523 8524 
16813 8425 8524 8426 
16814 8426 8524 8525 
16815 8426 8525 8427 
16816 8427 8525 8526 
16817 8427 8526 8428 
16818 8428 8526 8527 
16819 8428 8527 8429 
16820 8429 8527 8528 
16821 8429 8528 8430 
16822 8430 8528 8529 
16823 8430 8529 8431 
16824 8431 8529 8530 
16825 8431 8530 8432 
16826 8432 8530 8531 
16827 8432 8531 8433 
16828 8433 8531 8532 
16829 8433 8532 8434 
16830 8434 8532 8533 
16831 8434 8533 8435 
16832 8435 8533 8534 
16833 8435 8534 8436 
16834 8436 8534 8535 
16835 8436 8535 8437 
16836 8437 8535 8536 
16837 8437 8536 8438 
16838 8438 8536 8537 
16839 8438 8537 8439 
16840 8439 8537 8538 
16841 8439 8538 8440 
16842 8440 8538 8539 
16843 8440 8539 8441 
16844 8441 8539 8540 
16845 8441 8540 8442 
16846 8442 8540 8541 
16847 8442 8541 8443 
16848 8443 8541 8542 
16849 8443 8542 8444 
16850 8444 8542 8543 
16851 8444 8543 8445 
16852 8445 8543 8544 
16853 8445 8544 8446 
16854 8446 8544 8545 
16855 8446 8545 8447 
16856 8447 8545 8546 
16857 8447 8546 8448 
16858 8448 8546 8547 
16859 8448 8547 8449 
16860 8449 8547 8548 
16861 8449 8548 8450 
16862 8450 8548 8549 
16863 8450 8549 8451 
16864 8451 8549 8550 
16865 8451 8550 8452 
16866 8452 8550 8551 
16867 8452 8551 8453 
16868 8453 8551 8552 
16869 8453 8552 8454 
16870 8454 8552 8553 
16871 8454 8553 8455 
16872 8455 8553 8554 
16873 8455 8554 8456 
16874 8456 8554 8555 
16875 8456 8555 8457 
16876 8457 8555 8556 
16877 8457 8556 8458 
16878 8458 8556 8557 
16879 8458 8557 8459 
16880 8459 8557 8558 
16881 8459 8558 8460 
16882 8460 8558 8559 
16883 8460 8559 8461 
16884 8461 8559 8560 
16885 8461 8560 8462 
16886 8462 8560 8561 
16887 8462 8561 8463 
16888 8463 8561 8562 
16889 8463 8562 8464 
16890 8464 8562 8563 
16891 8464 8563 8465 
16892 8465 8563 8564 
16893 8465 8564 8466 
16894 8466 8564 8565 
16895 8466 8565 8467 
16896 8467 8565 8566 
16897 8467 8566 8468 
16898 8468 8566 8567 
16899 8468 8567 8469 
16900 8469 8567 8568 
16901 8469 8568 8470 
16902 8470 8568 8569 
16903 8470 8569 8471 
16904 8471 8569 8570 
16905 8471 8570 8472 
16906 8472 8570 8571 
16907 8472 8571 8473 
16908 8473 8571 8572 
16909 8473 8572 8474 
16910 8474 8572 8573 
16911 8474 8573 8475 
16912 8475 8573 8574 
16913 8475 8574 8476 
16914 8476 8574 8575 
16915 8476 8575 8477 
16916 8477 8575 8576 
16917 8477 8576 8478 
16918 8478 8576 8577 
16919 8478 8577 8479 
16920 8479 8577 8578 
16921 8479 8578 8480 
16922 8480 8578 8579 
16923 8480 8579 8481 
16924 8481 8579 8580 
16925 8481 8580 8482 
16926 8482 8580 8581 
16927 8482 8581 8483 
16928 8483 8581 8582 
16929 8483 8582 8484 
16930 8484 8582 8583 
16931 8484 8583 8485 
16932 8485 8583 8584 
16933 8485 8584 8486 
16934 8486 8584 8585 
16935 8486 8585 8487 
16936 8487 8585 8586 
16937 8487 8586 8488 
16938 8488 8586 8587 
16939 8488 8587 8489 
16940 8489 8587 8588 
16941 8489 8588 8490 
16942 8490 8588 8589 
16943 8490 8589 8491 
16944 8491 8589 8590 
16945 8491 8590 8492 
16946 8492 8590 8591 
16947 8492 8591 8493 
16948 8493 8591 8592 
16949 8493 8592 8494 
16950 8494 8592 8593 
16951 8494 8593 8495 
16952 8495 8593 8594 
16953 8495 8594 8496 
16954 8496 8594 8595 
16955 8496 8595 8497 
16956 8497 8595 8596 
16957 8497 8596 8498 
16958 8498 8596 8597 
16959 8498 8597 8499 
16960 8499 8597 8598 
16961 8499 8598 8500 
16962 8500 8598 8599 
16963 8500 8599 8501 
16964 8501 8599 8600 
16965 8501 8600 8502 
16966 8502 8600 8601 
16967 8502 8601 8503 
16968 8503 8601 8602 
16969 8503 8602 8504 
16970 8504 8602 8603 
16971 8504 8603 8505 
16972 8505 8603 8604 
16973 8505 8604 8506 
16974 8506 8604 8605 
16975 8506 8605 8507 
16976 8507 8605 8606 
16977 8507 8606 8508 
16978 8508 8606 8607 
16979 8508 8607 8509 
16980 8509 8607 8608 
16981 8509 8608 8510 
16982 8510 8608 8609 
16983 8510 8609 8511 
16984 8511 8609 8610 
16985 8511 8610 8512 
16986 8512 8610 8611 
16987 8512 8611 8513 
16988 8513 8611 8612 
16989 8513 8612 8514 
16990 8514 8612 8613 
16991 8514 8613 8515 
16992 8515 8613 8614 
16993 8515 8614 8516 
16994 8516 8614 8615 
16995 8516 8615 8517 
16996 8517 8615 8616 
16997 8517 8616 8518 
16998 8518 8616 8617 
16999 8518 8617 220 
17000 220 8617 219 
17001 87 88 8519 
17002 8519 88 8618 
17003 8519 8618 8520 
17004 8520 8618 8619 
17005 8520 8619 8521 
17006 8521 8619 8620 
17007 8521 8620 8522 
17008 8522 8620 8621 
17009 8522 8621 8523 
17010 8523 8621 8622 
17011 8523 8622 8524 
17012 8524 8622 8623 
17013 8524 8623 8525 
17014 8525 8623 8624 
17015 8525 8624 8526 
17016 8526 8624 8625 
17017 8526 8625 8527 
17018 8527 8625 8626 
17019 8527 8626 8528 
17020 8528 8626 8627 
17021 8528 8627 8529 
17022 8529 8627 8628 
17023 8529 8628 8530 
17024 8530 8628 8629 
17025 8530 8629 8531 
17026 8531 8629 8630 
17027 8531 8630 8532 
17028 8532 8630 8631 
17029 8532 8631 8533 
17030 8533 8631 8632 
17031 8533 8632 8534 
17032 8534 8632 8633 
17033 8534 8633 8535 
17034 8535 8633 8634 
17035 8535 8634 8536 
17036 8536 8634 8635 
17037 8536 8635 8537 
17038 8537 8635 8636 
17039 8537 8636 8538 
17040 8538 8636 8637 
17041 8538 8637 8539 
17042 8539 8637 8638 
17043 8539 8638 8540 
17044 8540 8638 8639 
17045 8540 8639 8541 
17046 8541 8639 8640 
17047 8541 8640 8542 
17048 8542 8640 8641 
17049 8542 8641 8543 
17050 8543 8641 8642 
17051 8543 8642 8544 
17052 8544 8642 8643 
17053 8544 8643 8545 
17054 8545 8643 8644 
17055 8545 8644 8546 
17056 8546 8644 8645 
17057 8546 8645 8547 
17058 8547 8645 8646 
17059 8547 8646 8548 
17060 8548 8646 8647 
17061 8548 8647 8549 
17062 8549 8647 8648 
17063 8549 8648 8550 
17064 8550 8648 8649 
17065 8550 8649 8551 
17066 8551 8649 8650 
17067 8551 8650 8552 
17068 8552 8650 8651 
17069 8552 8651 8553 
17070 8553 8651 8652 
17071 8553 8652 8554 
17072 8554 8652 8653 
17073 8554 8653 8555 
17074 8555 8653 8654 
17075 8555 8654 8556 
17076 8556 8654 8655 
17077 8556 8655 8557 
17078 8557 8655 8656 
17079 8557 8656 8558 
17080 8558 8656 8657 
17081 8558 8657 8559 
17082 8559 8657 8658 
17083 8559 8658 8560 
17084 8560 8658 8659 
17085 8560 8659 8561 
17086 8561 8659 8660 
17087 8561 8660 8562 
17088 8562 8660 8661 
17089 8562 8661 8563 
17090 8563 8661 8662 
17091 8563 8662 8564 
17092 8564 8662 8663 
17093 8564 8663 8565 
17094 8565 8663 8664 
17095 8565 8664 8566 
17096 8566 8664 8665 
17097 8566 8665 8567 
17098 8567 8665 8666 
17099 8567 8666 8568 
17100 8568 8666 8667 
17101 8568 8667 8569 
17102 8569 8667 8668 
17103 8569 8668 8570 
17104 8570 8668 8669 
17105 8570 8669 8571 
17106 8571 8669 8670 
17107 8571 8670 8572 
17108 8572 8670 8671 
17109 8572 8671 8573 
17110 8573 8671 8672 
17111 8573 8672 8574 
17112 8574 8672 8673 
17113 8574 8673 8575 
17114 8575 8673 8674 
17115 8575 8674 8576 
17116 8576 8674 8675 
17117 8576 8675 8577 
17118 8577 8675 8676 
17119 8577 8676 8578 
17120 8578 8676 8677 
17121 8578 8677 8579 
17122 8579 8677 8678 
17123 8579 8678 8580 
17124 8580 8678 8679 
17125 8580 8679 8581 
17126 8581 8679 8680 
17127 8581 8680 8582 
17128 8582 8680 8681 
17129 8582 8681 8583 
17130 8583 8681 8682 
17131 8583 8682 8584 
17132 8584 8682 8683 
17133 8584 8683 8585 
17134 8585 8683 8684 
17135 8585 8684 8586 
17136 8586 8684 8685 
17137 8586 8685 8587 
17138 8587 8685 8686 
17139 8587 8686 8588 
17140 8588 8686 8687 
17141 8588 8687 8589 
17142 8589 8687 8688 
17143 8589 8688 8590 
17144 8590 8688 8689 
17145 8590 8689 8591 
17146 8591 8689 8690 
17147 8591 8690 8592 
17148 8592 8690 8691 
17149 8592 8691 8593 
17150 8593 8691 8692 
17151 8593 8692 8594 
17152 8594 8692 8693 
17153 8594 8693 8595 
17154 8595 8693 8694 
17155 8595 8694 8596 
17156 8596 8694 8695 
17157 8596 8695 8597 
17158 8597 8695 8696 
17159 8597 8696 8598 
17160 8598 8696 8697 
17161 8598 8697 8599 
17162 8599 8697 8698 
17163 8599 8698 8600 
17164 8600 8698 8699 
17165 8600 8699 8601 
17166 8601 8699 8700 
17167 8601 8700 8602 
17168 8602 8700 8701 
17169 8602 8701 8603 
17170 8603 8701 8702 
17171 8603 8702 8604 
17172 8604 8702 8703 
17173 8604 8703 8605 
17174 8605 8703 8704 
17175 8605 8704 8606 
17176 8606 8704 8705 
17177 8606 8705 8607 
17178 8607 8705 8706 
17179 8607 8706 8608 
17180 8608 8706 8707 
17181 8608 8707 8609 
17182 8609 8707 8708 
17183 8609 8708 8610 
17184 8610 8708 8709 
17185 8610 8709 8611 
17186 8611 8709 8710 
17187 8611 8710 8612 
17188 8612 8710 8711 
17189 8612 8711 8613 
17190 8613 8711 8712 
17191 8613 8712 8614 
17192 8614 8712 8713 
17193 8614 8713 8615 
17194 8615 8713 8714 
17195 8615 8714 8616 
17196 8616 8714 8715 
17197 8616 8715 8617 
17198 8617 8715 8716 
17199 8617 8716 219 
17200 219 8716 218 
17201 88 89 8618 
17202 8618 89 8717 
17203 8618 8717 8619 
17204 8619 8717 8718 
17205 8619 8718 8620 
17206 8620 8718 8719 
17207 8620 8719 8621 
17208 8621 8719 8720 
17209 8621 8720 8622 
17210 8622 8720 8721 
17211 8622 8721 8623 
17212 8623 8721 8722 
17213 8623 8722 8624 
17214 8624 8722 8723 
17215 8624 8723 8625 
17216 8625 8723 8724 
17217 8625 8724 8626 
17218 8626 8724 8725 
17219 8626 8725 8627 
17220 8627 8725 8726 
17221 8627 8726 8628 
17222 8628 8726 8727 
17223 8628 8727 8629 
17224 8629 8727 8728 
17225 8629 8728 8630 
17226 8630 8728 8729 
17227 8630 8729 8631 
17228 8631 8729 8730 
17229 8631 8730 8632 
17230 8632 8730 8731 
17231 8632 8731 8633 
17232 8633 8731 8732 
17233 8633 8732 8634 
17234 8634 8732 8733 
17235 8634 8733 8635 
17236 8635 8733 8734 
17237 8635 8734 8636 
17238 8636 8734 8735 
17239 8636 8735 8637 
17240 8637 8735 8736 
17241 8637 8736 8638 
17242 8638 8736 8737 
17243 8638 8737 8639 
17244 8639 8737 8738 
17245 8639 8738 8640 
17246 8640 8738 8739 
17247 8640 8739 8641 
17248 8641 8739 8740 
17249 8641 8740 8642 
17250 8642 8740 8741 
17251 8642 8741 8643 
17252 8643 8741 8742 
17253 8643 8742 8644 
17254 8644 8742 8743 
17255 8644 8743 8645 
17256 8645 8743 8744 
17257 8645 8744 8646 
17258 8646 8744 8745 
17259 8646 8745 8647 
17260 8647 8745 8746 
17261 8647 8746 8648 
17262 8648 8746 8747 
17263 8648 8747 8649 
17264 8649 8747 8748 
17265 8649 8748 8650 
17266 8650 8748 8749 
17267 8650 8749 8651 
17268 8651 8749 8750 
17269 8651 8750 8652 
17270 8652 8750 8751 
17271 8652 8751 8653 
17272 8653 8751 8752 
17273 8653 8752 8654 
17274 8654 8752 8753 
17275 8654 8753 8655 
17276 8655 8753 8754 
17277 8655 8754 8656 
17278 8656 8754 8755 
17279 8656 8755 8657 
17280 8657 8755 8756 
17281 8657 8756 8658 
17282 8658 8756 8757 
17283 8658 8757 8659 
17284 8659 8757 8758 
17285 8659 8758 8660 
17286 8660 8758 8759 
17287 8660 8759 8661 
17288 8661 8759 8760 
17289 8661 8760 8662 
17290 8662 8760 8761 
17291 8662 8761 8663 
17292 8663 8761 8762 
17293 8663 8762 8664 
17294 8664 8762 8763 
17295 8664 8763 8665 
17296 8665 8763 8764 
17297 8665 8764 8666 
17298 8666 8764 8765 
17299 8666 8765 8667 
17300 8667 8765 8766 
17301 8667 8766 8668 
17302 8668 8766 8767 
17303 8668 8767 8669 
17304 8669 8767 8768 
17305 8669 8768 8670 
17306 8670 8768 8769 
17307 8670 8769 8671 
17308 8671 8769 8770 
17309 8671 8770 8672 
17310 8672 8770 8771 
17311 8672 8771 8673 
17312 8673 8771 8772 
17313 8673 8772 8674 
17314 8674 8772 8773 
17315 8674 8773 8675 
17316 8675 8773 8774 
17317 8675 8774 8676 
17318 8676 8774 8775 
17319 8676 8775 8677 
17320 8677 8775 8776 
17321 8677 8776 8678 
17322 8678 8776 8777 
17323 8678 8777 8679 
17324 8679 8777 8778 
17325 8679 8778 8680 
17326 8680 8778 8779 
17327 8680 8779 8681 
17328 8681 8779 8780 
17329 8681 8780 8682 
17330 8682 8780 8781 
17331 8682 8781 8683 
17332 8683 8781 8782 
17333 8683 8782 8684 
17334 8684 8782 8783 
17335 8684 8783 8685 
17336 8685 8783 8784 
17337 8685 8784 8686 
17338 8686 8784 8785 
17339 8686 8785 8687 
17340 8687 8785 8786 
17341 8687 8786 8688 
17342 8688 8786 8787 
17343 8688 8787 8689 
17344 8689 8787 8788 
17345 8689 8788 8690 
17346 8690 8788 8789 
17347 8690 8789 8691 
17348 8691 8789 8790 
17349 8691 8790 8692 
17350 8692 8790 8791 
17351 8692 8791 8693 
17352 8693 8791 8792 
17353 8693 8792 8694 
17354 8694 8792 8793 
17355 8694 8793 8695 
17356 8695 8793 8794 
17357 8695 8794 8696 
17358 8696 8794 8795 
17359 8696 8795 8697 
17360 8697 8795 8796 
17361 8697 8796 8698 
17362 8698 8796 8797 
17363 8698 8797 8699 
17364 8699 8797 8798 
17365 8699 8798 8700 
17366 8700 8798 8799 
17367 8700 8799 8701 
17368 8701 8799 8800 
17369 8701 8800 8702 
17370 8702 8800 8801 
17371 8702 8801 8703 
17372 8703 8801 8802 
17373 8703 8802 8704 
17374 8704 8802 8803 
17375 8704 8803 8705 
17376 8705 8803 8804 
17377 8705 8804 8706 
17378 8706 8804 8805 
17379 8706 8805 8707 
17380 8707 8805 8806 
17381 8707 8806 8708 
17382 8708 8806 8807 
17383 8708 8807 8709 
17384 8709 8807 8808 
17385 8709 8808 8710 
17386 8710 8808 8809 
17387 8710 8809 8711 
17388 8711 8809 8810 
17389 8711 8810 8712 
17390 8712 8810 8811 
17391 8712 8811 8713 
17392 8713 8811 8812 
17393 8713 8812 8714 
17394 8714 8812 8813 
17395 8714 8813 8715 
17396 8715 8813 8814 
17397 8715 8814 8716 
17398 8716 8814 8815 
17399 8716 8815 218 
17400 218 8815 217 
17401 89 90 8717 
17402 8717 90 8816 
17403 8717 8816 8718 
17404 8718 8816 8817 
17405 8718 8817 8719 
17406 8719 8817 8818 
17407 8719 8818 8720 
17408 8720 8818 8819 
17409 8720 8819 8721 
17410 8721 8819 8820 
17411 8721 8820 8722 
17412 8722 8820 8821 
17413 8722 8821 8723 
17414 8723 8821 8822 
17415 8723 8822 8724 
17416 8724 8822 8823 
17417 8724 8823 8725 
17418 8725 8823 8824 
17419 8725 8824 8726 
17420 8726 8824 8825 
17421 8726 8825 8727 
17422 8727 8825 8826 
17423 8727 8826 8728 
17424 8728 8826 8827 
17425 8728 8827 8729 
17426 8729 8827 8828 
17427 8729 8828 8730 
17428 8730 8828 8829 
17429 8730 8829 8731 
17430 8731 8829 8830 
17431 8731 8830 8732 
17432 8732 8830 8831 
17433 8732 8831 8733 
17434 8733 8831 8832 
17435 8733 8832 8734 
17436 8734 8832 8833 
17437 8734 8833 8735 
17438 8735 8833 8834 
17439 8735 8834 8736 
17440 8736 8834 8835 
17441 8736 8835 8737 
17442 8737 8835 8836 
17443 8737 8836 8738 
17444 8738 8836 8837 
17445 8738 8837 8739 
17446 8739 8837 8838 
17447 8739 8838 8740 
17448 8740 8838 8839 
17449 8740 8839 8741 
17450 8741 8839 8840 
17451 8741 8840 8742 
17452 8742 8840 8841 
17453 8742 8841 8743 
17454 8743 8841 8842 
17455 8743 8842 8744 
17456 8744 8842 8843 
17457 8744 8843 8745 
17458 8745 8843 8844 
17459 8745 8844 8746 
17460 8746 8844 8845 
17461 8746 8845 8747 
17462 8747 8845 8846 
17463 8747 8846 8748 
17464 8748 8846 8847 
17465 8748 8847 8749 
17466 8749 8847 8848 
17467 8749 8848 8750 
17468 8750 8848 8849 
17469 8750 8849 8751 
17470 8751 8849 8850 
17471 8751 8850 8752 
17472 8752 8850 8851 
17473 8752 8851 8753 
17474 8753 8851 8852 
17475 8753 8852 8754 
17476 8754 8852 8853 
17477 8754 8853 8755 
17478 8755 8853 8854 
17479 8755 8854 8756 
17480 8756 8854 8855 
17481 8756 8855 8757 
17482 8757 8855 8856 
17483 8757 8856 8758 
17484 8758 8856 8857 
17485 8758 8857 8759 
17486 8759 8857 8858 
17487 8759 8858 8760 
17488 8760 8858 8859 
17489 8760 8859 8761 
17490 8761 8859 8860 
17491 8761 8860 8762 
17492 8762 8860 8861 
17493 8762 8861 8763 
17494 8763 8861 8862 
17495 8763 8862 8764 
17496 8764 8862 8863 
17497 8764 8863 8765 
17498 8765 8863 8864 
17499 8765 8864 8766 
17500 8766 8864 8865 
17501 8766 8865 8767 
17502 8767 8865 8866 
17503 8767 8866 8768 
17504 8768 8866 8867 
17505 8768 8867 8769 
17506 8769 8867 8868 
17507 8769 8868 8770 
17508 8770 8868 8869 
17509 8770 8869 8771 
17510 8771 8869 8870 
17511 8771 8870 8772 
17512 8772 8870 8871 
17513 8772 8871 8773 
17514 8773 8871 8872 
17515 8773 8872 8774 
17516 8774 8872 8873 
17517 8774 8873 8775 
17518 8775 8873 8874 
17519 8775 8874 8776 
17520 8776 8874 8875 
17521 8776 8875 8777 
17522 8777 8875 8876 
17523 8777 8876 8778 
17524 8778 8876 8877 
17525 8778 8877 8779 
17526 8779 8877 8878 
17527 8779 8878 8780 
17528 8780 8878 8879 
17529 8780 8879 8781 
17530 8781 8879 8880 
17531 8781 8880 8782 
17532 8782 8880 8881 
17533 8782 8881 8783 
17534 8783 8881 8882 
17535 8783 8882 8784 
17536 8784 8882 8883 
17537 8784 8883 8785 
17538 8785 8883 8884 
17539 8785 8884 8786 
17540 8786 8884 8885 
17541 8786 8885 8787 
17542 8787 8885 8886 
17543 8787 8886 8788 
17544 8788 8886 8887 
17545 8788 8887 8789 
17546 8789 8887 8888 
17547 8789 8888 8790 
17548 8790 8888 8889 
17549 8790 8889 8791 
17550 8791 8889 8890 
17551 8791 8890 8792 
17552 8792 8890 8891 
17553 8792 8891 8793 
17554 8793 8891 8892 
17555 8793 8892 8794 
17556 8794 8892 8893 
17557 8794 8893 8795 
17558 8795 8893 8894 
17559 8795 8894 8796 
17560 8796 8894 8895 
17561 8796 8895 8797 
17562 8797 8895 8896 
17563 8797 8896 8798 
17564 8798 8896 8897 
17565 8798 8897 8799 
17566 8799 8897 8898 
17567 8799 8898 8800 
17568 8800 8898 8899 
17569 8800 8899 8801 
17570 8801 8899 8900 
17571 8801 8900 8802 
17572 8802 8900 8901 
17573 8802 8901 8803 
17574 8803 8901 8902 
17575 8803 8902 8804 
17576 8804 8902 8903 
17577 8804 8903 8805 
17578 8805 8903 8904 
17579 8805 8904 8806 
17580 8806 8904 8905 
17581 8806 8905 8807 
17582 8807 8905 8906 
17583 8807 8906 8808 
17584 8808 8906 8907 
17585 8808 8907 8809 
17586 8809 8907 8908 
17587 8809 8908 8810 
17588 8810 8908 8909 
17589 8810 8909 8811 
17590 8811 8909 8910 
17591 8811 8910 8812 
17592 8812 8910 8911 
17593 8812 8911 8813 
17594 8813 8911 8912 
17595 8813 8912 8814 
17596 8814 8912 8913 
17597 8814 8913 8815 
17598 8815 8913 8914 
17599 8815 8914 217 
17600 217 8914 216 
17601 90 91 8816 
17602 8816 91 8915 
17603 8816 8915 8817 
17604 8817 8915 8916 
17605 8817 8916 8818 
17606 8818 8916 8917 
17607 8818 8917 8819 
17608 8819 8917 8918 
17609 8819 8918 8820 
17610 8820 8918 8919 
17611 8820 8919 8821 
17612 8821 8919 8920 
17613 8821 8920 8822 
17614 8822 8920 8921 
17615 8822 8921 8823 
17616 8823 8921 8922 
17617 8823 8922 8824 
17618 8824 8922 8923 
17619 8824 8923 8825 
17620 8825 8923 8924 
17621 8825 8924 8826 
17622 8826 8924 8925 
17623 8826 8925 8827 
17624 8827 8925 8926 
17625 8827 8926 8828 
17626 8828 8926 8927 
17627 8828 8927 8829 
17628 8829 8927 8928 
17629 8829 8928 8830 
17630 8830 8928 8929 
17631 8830 8929 8831 
17632 8831 8929 8930 
17633 8831 8930 8832 
17634 8832 8930 8931 
17635 8832 8931 8833 
17636 8833 8931 8932 
17637 8833 8932 8834 
17638 8834 8932 8933 
17639 8834 8933 8835 
17640 8835 8933 8934 
17641 8835 8934 8836 
17642 8836 8934 8935 
17643 8836 8935 8837 
17644 8837 8935 8936 
17645 8837 8936 8838 
17646 8838 8936 8937 
17647 8838 8937 8839 
17648 8839 8937 8938 
17649 8839 8938 8840 
17650 8840 8938 8939 
17651 8840 8939 8841 
17652 8841 8939 8940 
17653 8841 8940 8842 
17654 8842 8940 8941 
17655 8842 8941 8843 
17656 8843 8941 8942 
17657 8843 8942 8844 
17658 8844 8942 8943 
17659 8844 8943 8845 
17660 8845 8943 8944 
17661 8845 8944 8846 
17662 8846 8944 8945 
17663 8846 8945 8847 
17664 8847 8945 8946 
17665 8847 8946 8848 
17666 8848 8946 8947 
17667 8848 8947 8849 
17668 8849 8947 8948 
17669 8849 8948 8850 
17670 8850 8948 8949 
17671 8850 8949 8851 
17672 8851 8949 8950 
17673 8851 8950 8852 
17674 8852 8950 8951 
17675 8852 8951 8853 
17676 8853 8951 8952 
17677 8853 8952 8854 
17678 8854 8952 8953 
17679 8854 8953 8855 
17680 8855 8953 8954 
17681 8855 8954 8856 
17682 8856 8954 8955 
17683 8856 8955 8857 
17684 8857 8955 8956 
17685 8857 8956 8858 
17686 8858 8956 8957 
17687 8858 8957 8859 
17688 8859 8957 8958 
17689 8859 8958 8860 
17690 8860 8958 8959 
17691 8860 8959 8861 
17692 8861 8959 8960 
17693 8861 8960 8862 
17694 8862 8960 8961 
17695 8862 8961 8863 
17696 8863 8961 8962 
17697 8863 8962 8864 
17698 8864 8962 8963 
17699 8864 8963 8865 
17700 8865 8963 8964 
17701 8865 8964 8866 
17702 8866 8964 8965 
17703 8866 8965 8867 
17704 8867 8965 8966 
17705 8867 8966 8868 
17706 8868 8966 8967 
17707 8868 8967 8869 
17708 8869 8967 8968 
17709 8869 8968 8870 
17710 8870 8968 8969 
17711 8870 8969 8871 
17712 8871 8969 8970 
17713 8871 8970 8872 
17714 8872 8970 8971 
17715 8872 8971 8873 
17716 8873 8971 8972 
17717 8873 8972 8874 
17718 8874 8972 8973 
17719 8874 8973 8875 
17720 8875 8973 8974 
17721 8875 8974 8876 
17722 8876 8974 8975 
17723 8876 8975 8877 
17724 8877 8975 8976 
17725 8877 8976 8878 
17726 8878 8976 8977 
17727 8878 8977 8879 
17728 8879 8977 8978 
17729 8879 8978 8880 
17730 8880 8978 8979 
17731 8880 8979 8881 
17732 8881 8979 8980 
17733 8881 8980 8882 
17734 8882 8980 8981 
17735 8882 8981 8883 
17736 8883 8981 8982 
17737 8883 8982 8884 
17738 8884 8982 8983 
17739 8884 8983 8885 
17740 8885 8983 8984 
17741 8885 8984 8886 
17742 8886 8984 8985 
17743 8886 8985 8887 
17744 8887 8985 8986 
17745 8887 8986 8888 
17746 8888 8986 8987 
17747 8888 8987 8889 
17748 8889 8987 8988 
17749 8889 8988 8890 
17750 8890 8988 8989 
17751 8890 8989 8891 
17752 8891 8989 8990 
17753 8891 8990 8892 
17754 8892 8990 8991 
17755 8892 8991 8893 
17756 8893 8991 8992 
17757 8893 8992 8894 
17758 8894 8992 8993 
17759 8894 8993 8895 
17760 8895 8993 8994 
17761 8895 8994 8896 
17762 8896 8994 8995 
17763 8896 8995 8897 
17764 8897 8995 8996 
17765 8897 8996 8898 
17766 8898 8996 8997 
17767 8898 8997 8899 
17768 8899 8997 8998 
17769 8899 8998 8900 
17770 8900 8998 8999 
17771 8900 8999 8901 
17772 8901 8999 9000 
17773 8901 9000 8902 
17774 8902 9000 9001 
17775 8902 9001 8903 
17776 8903 9001 9002 
17777 8903 9002 8904 
17778 8904 9002 9003 
17779 8904 9003 8905 
17780 8905 9003 9004 
17781 8905 9004 8906 
17782 8906 9004 9005 
17783 8906 9005 8907 
17784 8907 9005 9006 
17785 8907 9006 8908 
17786 8908 9006 9007 
17787 8908 9007 8909 
17788 8909 9007 9008 
17789 8909 9008 8910 
17790 8910 9008 9009 
17791 8910 9009 8911 
17792 8911 9009 9010 
17793 8911 9010 8912 
17794 8912 9010 9011 
17795 8912 9011 8913 
17796 8913 9011 9012 
17797 8913 9012 8914 
17798 8914 9012 9013 
17799 8914 9013 216 
17800 216 9013 215 
17801 91 92 8915 
17802 8915 92 9014 
17803 8915 9014 8916 
17804 8916 9014 9015 
17805 8916 9015 8917 
17806 8917 9015 9016 
17807 8917 9016 8918 
17808 8918 9016 9017 
17809 8918 9017 8919 
17810 8919 9017 9018 
17811 8919 9018 8920 
17812 8920 9018 9019 
17813 8920 9019 8921 
17814 8921 9019 9020 
17815 8921 9020 8922 
17816 8922 9020 9021 
17817 8922 9021 8923 
17818 8923 9021 9022 
17819 8923 9022 8924 
17820 8924 9022 9023 
17821 8924 9023 8925 
17822 8925 9023 9024 
17823 8925 9024 8926 
17824 8926 9024 9025 
17825 8926 9025 8927 
17826 8927 9025 9026 
17827 8927 9026 8928 
17828 8928 9026 9027 
17829 8928 9027 8929 
17830 8929 9027 9028 
17831 8929 9028 8930 
17832 8930 9028 9029 
17833 8930 9029 8931 
17834 8931 9029 9030 
17835 8931 9030 8932 
17836 8932 9030 9031 
17837 8932 9031 8933 
17838 8933 9031 9032 
17839 8933 9032 8934 
17840 8934 9032 9033 
17841 8934 9033 8935 
17842 8935 9033 9034 
17843 8935 9034 8936 
17844 8936 9034 9035 
17845 8936 9035 8937 
17846 8937 9035 9036 
17847 8937 9036 8938 
17848 8938 9036 9037 
17849 8938 9037 8939 
17850 8939 9037 9038 
17851 8939 9038 8940 
17852 8940 9038 9039 
17853 8940 9039 8941 
17854 8941 9039 9040 
17855 8941 9040 8942 
17856 8942 9040 9041 
17857 8942 9041 8943 
17858 8943 9041 9042 
17859 8943 9042 8944 
17860 8944 9042 9043 
17861 8944 9043 8945 
17862 8945 9043 9044 
17863 8945 9044 8946 
17864 8946 9044 9045 
17865 8946 9045 8947 
17866 8947 9045 9046 
17867 8947 9046 8948 
17868 8948 9046 9047 
17869 8948 9047 8949 
17870 8949 9047 9048 
17871 8949 9048 8950 
17872 8950 9048 9049 
17873 8950 9049 8951 
17874 8951 9049 9050 
17875 8951 9050 8952 
17876 8952 9050 9051 
17877 8952 9051 8953 
17878 8953 9051 9052 
17879 8953 9052 8954 
17880 8954 9052 9053 
17881 8954 9053 8955 
17882 8955 9053 9054 
17883 8955 9054 8956 
17884 8956 9054 9055 
17885 8956 9055 8957 
17886 8957 9055 9056 
17887 8957 9056 8958 
17888 8958 9056 9057 
17889 8958 9057 8959 
17890 8959 9057 9058 
17891 8959 9058 8960 
17892 8960 9058 9059 
17893 8960 9059 8961 
17894 8961 9059 9060 
17895 8961 9060 8962 
17896 8962 9060 9061 
17897 8962 9061 8963 
17898 8963 9061 9062 
17899 8963 9062 8964 
17900 8964 9062 9063 
17901 8964 9063 8965 
17902 8965 9063 9064 
17903 8965 9064 8966 
17904 8966 9064 9065 
17905 8966 9065 8967 
17906 8967 9065 9066 
17907 8967 9066 8968 
17908 8968 9066 9067 
17909 8968 9067 8969 
17910 8969 9067 9068 
17911 8969 9068 8970 
17912 8970 9068 9069 
17913 8970 9069 8971 
17914 8971 9069 9070 
17915 8971 9070 8972 
17916 8972 9070 9071 
17917 8972 9071 8973 
17918 8973 9071 9072 
17919 8973 9072 8974 
17920 8974 9072 9073 
17921 8974 9073 8975 
17922 8975 9073 9074 
17923 8975 9074 8976 
17924 8976 9074 9075 
17925 8976 9075 8977 
17926 8977 9075 9076 
17927 8977 9076 8978 
17928 8978 9076 9077 
17929 8978 9077 8979 
17930 8979 9077 9078 
17931 8979 9078 8980 
17932 8980 9078 9079 
17933 8980 9079 8981 
17934 8981 9079 9080 
17935 8981 9080 8982 
17936 8982 9080 9081 
17937 8982 9081 8983 
17938 8983 9081 9082 
17939 8983 9082 8984 
17940 8984 9082 9083 
17941 8984 9083 8985 
17942 8985 9083 9084 
17943 8985 9084 8986 
17944 8986 9084 9085 
17945 8986 9085 8987 
17946 8987 9085 9086 
17947 8987 9086 8988 
17948 8988 9086 9087 
17949 8988 9087 8989 
17950 8989 9087 9088 
17951 8989 9088 8990 
17952 8990 9088 9089 
17953 8990 9089 8991 
17954 8991 9089 9090 
17955 8991 9090 8992 
17956 8992 9090 9091 
17957 8992 9091 8993 
17958 8993 9091 9092 
17959 8993 9092 8994 
17960 8994 9092 9093 
17961 8994 9093 8995 
17962 8995 9093 9094 
17963 8995 9094 8996 
17964 8996 9094 9095 
17965 8996 9095 8997 
17966 8997 9095 9096 
17967 8997 9096 8998 
17968 8998 9096 9097 
17969 8998 9097 8999 
17970 8999 9097 9098 
17971 8999 9098 9000 
17972 9000 9098 9099 
17973 9000 9099 9001 
17974 9001 9099 9100 
17975 9001 9100 9002 
17976 9002 9100 9101 
17977 9002 9101 9003 
17978 9003 9101 9102 
17979 9003 9102 9004 
17980 9004 9102 9103 
17981 9004 9103 9005 
17982 9005 9103 9104 
17983 9005 9104 9006 
17984 9006 9104 9105 
17985 9006 9105 9007 
17986 9007 9105 9106 
17987 9007 9106 9008 
17988 9008 9106 9107 
17989 9008 9107 9009 
17990 9009 9107 9108 
17991 9009 9108 9010 
17992 9010 9108 9109 
17993 9010 9109 9011 
17994 9011 9109 9110 
17995 9011 9110 9012 
17996 9012 9110 9111 
17997 9012 9111 9013 
17998 9013 9111 9112 
17999 9013 9112 215 
18000 215 9112 214 
18001 92 93 9014 
18002 9014 93 9113 
18003 9014 9113 9015 
18004 9015 9113 9114 
18005 9015 9114 9016 
18006 9016 9114 9115 
18007 9016 9115 9017 
18008 9017 9115 9116 
18009 9017 9116 9018 
18010 9018 9116 9117 
18011 9018 9117 9019 
18012 9019 9117 9118 
18013 9019 9118 9020 
18014 9020 9118 9119 
18015 9020 9119 9021 
18016 9021 9119 9120 
18017 9021 9120 9022 
18018 9022 9120 9121 
18019 9022 9121 9023 
18020 9023 9121 9122 
18021 9023 9122 9024 
18022 9024 9122 9123 
18023 9024 9123 9025 
18024 9025 9123 9124 
18025 9025 9124 9026 
18026 9026 9124 9125 
18027 9026 9125 9027 
18028 9027 9125 9126 
18029 9027 9126 9028 
18030 9028 9126 9127 
18031 9028 9127 9029 
18032 9029 9127 9128 
18033 9029 9128 9030 
18034 9030 9128 9129 
18035 9030 9129 9031 
18036 9031 9129 9130 
18037 9031 9130 9032 
18038 9032 9130 9131 
18039 9032 9131 9033 
18040 9033 9131 9132 
18041 9033 9132 9034 
18042 9034 9132 9133 
18043 9034 9133 9035 
18044 9035 9133 9134 
18045 9035 9134 9036 
18046 9036 9134 9135 
18047 9036 9135 9037 
18048 9037 9135 9136 
18049 9037 9136 9038 
18050 9038 9136 9137 
18051 9038 9137 9039 
18052 9039 9137 9138 
18053 9039 9138 9040 
18054 9040 9138 9139 
18055 9040 9139 9041 
18056 9041 9139 9140 
18057 9041 9140 9042 
18058 9042 9140 9141 
18059 9042 9141 9043 
18060 9043 9141 9142 
18061 9043 9142 9044 
18062 9044 9142 9143 
18063 9044 9143 9045 
18064 9045 9143 9144 
18065 9045 9144 9046 
18066 9046 9144 9145 
18067 9046 9145 9047 
18068 9047 9145 9146 
18069 9047 9146 9048 
18070 9048 9146 9147 
18071 9048 9147 9049 
18072 9049 9147 9148 
18073 9049 9148 9050 
18074 9050 9148 9149 
18075 9050 9149 9051 
18076 9051 9149 9150 
18077 9051 9150 9052 
18078 9052 9150 9151 
18079 9052 9151 9053 
18080 9053 9151 9152 
18081 9053 9152 9054 
18082 9054 9152 9153 
18083 9054 9153 9055 
18084 9055 9153 9154 
18085 9055 9154 9056 
18086 9056 9154 9155 
18087 9056 9155 9057 
18088 9057 9155 9156 
18089 9057 9156 9058 
18090 9058 9156 9157 
18091 9058 9157 9059 
18092 9059 9157 9158 
18093 9059 9158 9060 
18094 9060 9158 9159 
18095 9060 9159 9061 
18096 9061 9159 9160 
18097 9061 9160 9062 
18098 9062 9160 9161 
18099 9062 9161 9063 
18100 9063 9161 9162 
18101 9063 9162 9064 
18102 9064 9162 9163 
18103 9064 9163 9065 
18104 9065 9163 9164 
18105 9065 9164 9066 
18106 9066 9164 9165 
18107 9066 9165 9067 
18108 9067 9165 9166 
18109 9067 9166 9068 
18110 9068 9166 9167 
18111 9068 9167 9069 
18112 9069 9167 9168 
18113 9069 9168 9070 
18114 9070 9168 9169 
18115 9070 9169 9071 
18116 9071 9169 9170 
18117 9071 9170 9072 
18118 9072 9170 9171 
18119 9072 9171 9073 
18120 9073 9171 9172 
18121 9073 9172 9074 
18122 9074 9172 9173 
18123 9074 9173 9075 
18124 9075 9173 9174 
18125 9075 9174 9076 
18126 9076 9174 9175 
18127 9076 9175 9077 
18128 9077 9175 9176 
18129 9077 9176 9078 
18130 9078 9176 9177 
18131 9078 9177 9079 
18132 9079 9177 9178 
18133 9079 9178 9080 
18134 9080 9178 9179 
18135 9080 9179 9081 
18136 9081 9179 9180 
18137 9081 9180 9082 
18138 9082 9180 9181 
18139 9082 9181 9083 
18140 9083 9181 9182 
18141 9083 9182 9084 
18142 9084 9182 9183 
18143 9084 9183 9085 
18144 9085 9183 9184 
18145 9085 9184 9086 
18146 9086 9184 9185 
18147 9086 9185 9087 
18148 9087 9185 9186 
18149 9087 9186 9088 
18150 9088 9186 9187 
18151 9088 9187 9089 
18152 9089 9187 9188 
18153 9089 9188 9090 
18154 9090 9188 9189 
18155 9090 9189 9091 
18156 9091 9189 9190 
18157 9091 9190 9092 
18158 9092 9190 9191 
18159 9092 9191 9093 
18160 9093 9191 9192 
18161 9093 9192 9094 
18162 9094 9192 9193 
18163 9094 9193 9095 
18164 9095 9193 9194 
18165 9095 9194 9096 
18166 9096 9194 9195 
18167 9096 9195 9097 
18168 9097 9195 9196 
18169 9097 9196 9098 
18170 9098 9196 9197 
18171 9098 9197 9099 
18172 9099 9197 9198 
18173 9099 9198 9100 
18174 9100 9198 9199 
18175 9100 9199 9101 
18176 9101 9199 9200 
18177 9101 9200 9102 
18178 9102 9200 9201 
18179 9102 9201 9103 
18180 9103 9201 9202 
18181 9103 9202 9104 
18182 9104 9202 9203 
18183 9104 9203 9105 
18184 9105 9203 9204 
18185 9105 9204 9106 
18186 9106 9204 9205 
18187 9106 9205 9107 
18188 9107 9205 9206 
18189 9107 9206 9108 
18190 9108 9206 9207 
18191 9108 9207 9109 
18192 9109 9207 9208 
18193 9109 9208 9110 
18194 9110 9208 9209 
18195 9110 9209 9111 
18196 9111 9209 9210 
18197 9111 9210 9112 
18198 9112 9210 9211 
18199 9112 9211 214 
18200 214 9211 213 
18201 93 94 9113 
18202 9113 94 9212 
18203 9113 9212 9114 
18204 9114 9212 9213 
18205 9114 9213 9115 
18206 9115 9213 9214 
18207 9115 9214 9116 
18208 9116 9214 9215 
18209 9116 9215 9117 
18210 9117 9215 9216 
18211 9117 9216 9118 
18212 9118 9216 9217 
18213 9118 9217 9119 
18214 9119 9217 9218 
18215 9119 9218 9120 
18216 9120 9218 9219 
18217 9120 9219 9121 
18218 9121 9219 9220 
18219 9121 9220 9122 
18220 9122 9220 9221 
18221 9122 9221 9123 
18222 9123 9221 9222 
18223 9123 9222 9124 
18224 9124 9222 9223 
18225 9124 9223 9125 
18226 9125 9223 9224 
18227 9125 9224 9126 
18228 9126 9224 9225 
18229 9126 9225 9127 
18230 9127 9225 9226 
18231 9127 9226 9128 
18232 9128 9226 9227 
18233 9128 9227 9129 
18234 9129 9227 9228 
18235 9129 9228 9130 
18236 9130 9228 9229 
18237 9130 9229 9131 
18238 9131 9229 9230 
18239 9131 9230 9132 
18240 9132 9230 9231 
18241 9132 9231 9133 
18242 9133 9231 9232 
18243 9133 9232 9134 
18244 9134 9232 9233 
18245 9134 9233 9135 
18246 9135 9233 9234 
18247 9135 9234 9136 
18248 9136 9234 9235 
18249 9136 9235 9137 
18250 9137 9235 9236 
18251 9137 9236 9138 
18252 9138 9236 9237 
18253 9138 9237 9139 
18254 9139 9237 9238 
18255 9139 9238 9140 
18256 9140 9238 9239 
18257 9140 9239 9141 
18258 9141 9239 9240 
18259 9141 9240 9142 
18260 9142 9240 9241 
18261 9142 9241 9143 
18262 9143 9241 9242 
18263 9143 9242 9144 
18264 9144 9242 9243 
18265 9144 9243 9145 
18266 9145 9243 9244 
18267 9145 9244 9146 
18268 9146 9244 9245 
18269 9146 9245 9147 
18270 9147 9245 9246 
18271 9147 9246 9148 
18272 9148 9246 9247 
18273 9148 9247 9149 
18274 9149 9247 9248 
18275 9149 9248 9150 
18276 9150 9248 9249 
18277 9150 9249 9151 
18278 9151 9249 9250 
18279 9151 9250 9152 
18280 9152 9250 9251 
18281 9152 9251 9153 
18282 9153 9251 9252 
18283 9153 9252 9154 
18284 9154 9252 9253 
18285 9154 9253 9155 
18286 9155 9253 9254 
18287 9155 9254 9156 
18288 9156 9254 9255 
18289 9156 9255 9157 
18290 9157 9255 9256 
18291 9157 9256 9158 
18292 9158 9256 9257 
18293 9158 9257 9159 
18294 9159 9257 9258 
18295 9159 9258 9160 
18296 9160 9258 9259 
18297 9160 9259 9161 
18298 9161 9259 9260 
18299 9161 9260 9162 
18300 9162 9260 9261 
18301 9162 9261 9163 
18302 9163 9261 9262 
18303 9163 9262 9164 
18304 9164 9262 9263 
18305 9164 9263 9165 
18306 9165 9263 9264 
18307 9165 9264 9166 
18308 9166 9264 9265 
18309 9166 9265 9167 
18310 9167 9265 9266 
18311 9167 9266 9168 
18312 9168 9266 9267 
18313 9168 9267 9169 
18314 9169 9267 9268 
18315 9169 9268 9170 
18316 9170 9268 9269 
18317 9170 9269 9171 
18318 9171 9269 9270 
18319 9171 9270 9172 
18320 9172 9270 9271 
18321 9172 9271 9173 
18322 9173 9271 9272 
18323 9173 9272 9174 
18324 9174 9272 9273 
18325 9174 9273 9175 
18326 9175 9273 9274 
18327 9175 9274 9176 
18328 9176 9274 9275 
18329 9176 9275 9177 
18330 9177 9275 9276 
18331 9177 9276 9178 
18332 9178 9276 9277 
18333 9178 9277 9179 
18334 9179 9277 9278 
18335 9179 9278 9180 
18336 9180 9278 9279 
18337 9180 9279 9181 
18338 9181 9279 9280 
18339 9181 9280 9182 
18340 9182 9280 9281 
18341 9182 9281 9183 
18342 9183 9281 9282 
18343 9183 9282 9184 
18344 9184 9282 9283 
18345 9184 9283 9185 
18346 9185 9283 9284 
18347 9185 9284 9186 
18348 9186 9284 9285 
18349 9186 9285 9187 
18350 9187 9285 9286 
18351 9187 9286 9188 
18352 9188 9286 9287 
18353 9188 9287 9189 
18354 9189 9287 9288 
18355 9189 9288 9190 
18356 9190 9288 9289 
18357 9190 9289 9191 
18358 9191 9289 9290 
18359 9191 9290 9192 
18360 9192 9290 9291 
18361 9192 9291 9193 
18362 9193 9291 9292 
18363 9193 9292 9194 
18364 9194 9292 9293 
18365 9194 9293 9195 
18366 9195 9293 9294 
18367 9195 9294 9196 
18368 9196 9294 9295 
18369 9196 9295 9197 
18370 9197 9295 9296 
18371 9197 9296 9198 
18372 9198 9296 9297 
18373 9198 9297 9199 
18374 9199 9297 9298 
18375 9199 9298 9200 
18376 9200 9298 9299 
18377 9200 9299 9201 
18378 9201 9299 9300 
18379 9201 9300 9202 
18380 9202 9300 9301 
18381 9202 9301 9203 
18382 9203 9301 9302 
18383 9203 9302 9204 
18384 9204 9302 9303 
18385 9204 9303 9205 
18386 9205 9303 9304 
18387 9205 9304 9206 
18388 9206 9304 9305 
18389 9206 9305 9207 
18390 9207 9305 9306 
18391 9207 9306 9208 
18392 9208 9306 9307 
18393 9208 9307 9209 
18394 9209 9307 9308 
18395 9209 9308 9210 
18396 9210 9308 9309 
18397 9210 9309 9211 
18398 9211 9309 9310 
18399 9211 9310 213 
18400 213 9310 212 
18401 94 95 9212 
18402 9212 95 9311 
18403 9212 9311 9213 
18404 9213 9311 9312 
18405 9213 9312 9214 
18406 9214 9312 9313 
18407 9214 9313 9215 
18408 9215 9313 9314 
18409 9215 9314 9216 
18410 9216 9314 9315 
18411 9216 9315 9217 
18412 9217 9315 9316 
18413 9217 9316 9218 
18414 9218 9316 9317 
18415 9218 9317 9219 
18416 9219 9317 9318 
18417 9219 9318 9220 
18418 9220 9318 9319 
18419 9220 9319 9221 
18420 9221 9319 9320 
18421 9221 9320 9222 
18422 9222 9320 9321 
18423 9222 9321 9223 
18424 9223 9321 9322 
18425 9223 9322 9224 
18426 9224 9322 9323 
18427 9224 9323 9225 
18428 9225 9323 9324 
18429 9225 9324 9226 
18430 9226 9324 9325 
18431 9226 9325 9227 
18432 9227 9325 9326 
18433 9227 9326 9228 
18434 9228 9326 9327 
18435 9228 9327 9229 
18436 9229 9327 9328 
18437 9229 9328 9230 
18438 9230 9328 9329 
18439 9230 9329 9231 
18440 9231 9329 9330 
18441 9231 9330 9232 
18442 9232 9330 9331 
18443 9232 9331 9233 
18444 9233 9331 9332 
18445 9233 9332 9234 
18446 9234 9332 9333 
18447 9234 9333 9235 
18448 9235 9333 9334 
18449 9235 9334 9236 
18450 9236 9334 9335 
18451 9236 9335 9237 
18452 9237 9335 9336 
18453 9237 9336 9238 
18454 9238 9336 9337 
18455 9238 9337 9239 
18456 9239 9337 9338 
18457 9239 9338 9240 
18458 9240 9338 9339 
18459 9240 9339 9241 
18460 9241 9339 9340 
18461 9241 9340 9242 
18462 9242 9340 9341 
18463 9242 9341 9243 
18464 9243 9341 9342 
18465 9243 9342 9244 
18466 9244 9342 9343 
18467 9244 9343 9245 
18468 9245 9343 9344 
18469 9245 9344 9246 
18470 9246 9344 9345 
18471 9246 9345 9247 
18472 9247 9345 9346 
18473 9247 9346 9248 
18474 9248 9346 9347 
18475 9248 9347 9249 
18476 9249 9347 9348 
18477 9249 9348 9250 
18478 9250 9348 9349 
18479 9250 9349 9251 
18480 9251 9349 9350 
18481 9251 9350 9252 
18482 9252 9350 9351 
18483 9252 9351 9253 
18484 9253 9351 9352 
18485 9253 9352 9254 
18486 9254 9352 9353 
18487 9254 9353 9255 
18488 9255 9353 9354 
18489 9255 9354 9256 
18490 9256 9354 9355 
18491 9256 9355 9257 
18492 9257 9355 9356 
18493 9257 9356 9258 
18494 9258 9356 9357 
18495 9258 9357 9259 
18496 9259 9357 9358 
18497 9259 9358 9260 
18498 9260 9358 9359 
18499 9260 9359 9261 
18500 9261 9359 9360 
18501 9261 9360 9262 
18502 9262 9360 9361 
18503 9262 9361 9263 
18504 9263 9361 9362 
18505 9263 9362 9264 
18506 9264 9362 9363 
18507 9264 9363 9265 
18508 9265 9363 9364 
18509 9265 9364 9266 
18510 9266 9364 9365 
18511 9266 9365 9267 
18512 9267 9365 9366 
18513 9267 9366 9268 
18514 9268 9366 9367 
18515 9268 9367 9269 
18516 9269 9367 9368 
18517 9269 9368 9270 
18518 9270 9368 9369 
18519 9270 9369 9271 
18520 9271 9369 9370 
18521 9271 9370 9272 
18522 9272 9370 9371 
18523 9272 9371 9273 
18524 9273 9371 9372 
18525 9273 9372 9274 
18526 9274 9372 9373 
18527 9274 9373 9275 
18528 9275 9373 9374 
18529 9275 9374 9276 
18530 9276 9374 9375 
18531 9276 9375 9277 
18532 9277 9375 9376 
18533 9277 9376 9278 
18534 9278 9376 9377 
18535 9278 9377 9279 
18536 9279 9377 9378 
18537 9279 9378 9280 
18538 9280 9378 9379 
18539 9280 9379 9281 
18540 9281 9379 9380 
18541 9281 9380 9282 
18542 9282 9380 9381 
18543 9282 9381 9283 
18544 9283 9381 9382 
18545 9283 9382 9284 
18546 9284 9382 9383 
18547 9284 9383 9285 
18548 9285 9383 9384 
18549 9285 9384 9286 
18550 9286 9384 9385 
18551 9286 9385 9287 
18552 9287 9385 9386 
18553 9287 9386 9288 
18554 9288 9386 9387 
18555 9288 9387 9289 
18556 9289 9387 9388 
18557 9289 9388 9290 
18558 9290 9388 9389 
18559 9290 9389 9291 
18560 9291 9389 9390 
18561 9291 9390 9292 
18562 9292 9390 9391 
18563 9292 9391 9293 
18564 9293 9391 9392 
18565 9293 9392 9294 
18566 9294 9392 9393 
18567 9294 9393 9295 
18568 9295 9393 9394 
18569 9295 9394 9296 
18570 9296 9394 9395 
18571 9296 9395 9297 
18572 9297 9395 9396 
18573 9297 9396 9298 
18574 9298 9396 9397 
18575 9298 9397 9299 
18576 9299 9397 9398 
18577 9299 9398 9300 
18578 9300 9398 9399 
18579 9300 9399 9301 
18580 9301 9399 9400 
18581 9301 9400 9302 
18582 9302 9400 9401 
18583 9302 9401 9303 
18584 9303 9401 9402 
18585 9303 9402 9304 
18586 9304 9402 9403 
18587 9304 9403 9305 
18588 9305 9403 9404 
18589 9305 9404 9306 
18590 9306 9404 9405 
18591 9306 9405 9307 
18592 9307 9405 9406 
18593 9307 9406 9308 
18594 9308 9406 9407 
18595 9308 9407 9309 
18596 9309 9407 9408 
18597 9309 9408 9310 
18598 9310 9408 9409 
18599 9310 9409 212 
18600 212 9409 211 
18601 95 96 9311 
18602 9311 96 9410 
18603 9311 9410 9312 
18604 9312 9410 9411 
18605 9312 9411 9313 
18606 9313 9411 9412 
18607 9313 9412 9314 
18608 9314 9412 9413 
18609 9314 9413 9315 
18610 9315 9413 9414 
18611 9315 9414 9316 
18612 9316 9414 9415 
18613 9316 9415 9317 
18614 9317 9415 9416 
18615 9317 9416 9318 
18616 9318 9416 9417 
18617 9318 9417 9319 
18618 9319 9417 9418 
18619 9319 9418 9320 
18620 9320 9418 9419 
18621 9320 9419 9321 
18622 9321 9419 9420 
18623 9321 9420 9322 
18624 9322 9420 9421 
18625 9322 9421 9323 
18626 9323 9421 9422 
18627 9323 9422 9324 
18628 9324 9422 9423 
18629 9324 9423 9325 
18630 9325 9423 9424 
18631 9325 9424 9326 
18632 9326 9424 9425 
18633 9326 9425 9327 
18634 9327 9425 9426 
18635 9327 9426 9328 
18636 9328 9426 9427 
18637 9328 9427 9329 
18638 9329 9427 9428 
18639 9329 9428 9330 
18640 9330 9428 9429 
18641 9330 9429 9331 
18642 9331 9429 9430 
18643 9331 9430 9332 
18644 9332 9430 9431 
18645 9332 9431 9333 
18646 9333 9431 9432 
18647 9333 9432 9334 
18648 9334 9432 9433 
18649 9334 9433 9335 
18650 9335 9433 9434 
18651 9335 9434 9336 
18652 9336 9434 9435 
18653 9336 9435 9337 
18654 9337 9435 9436 
18655 9337 9436 9338 
18656 9338 9436 9437 
18657 9338 9437 9339 
18658 9339 9437 9438 
18659 9339 9438 9340 
18660 9340 9438 9439 
18661 9340 9439 9341 
18662 9341 9439 9440 
18663 9341 9440 9342 
18664 9342 9440 9441 
18665 9342 9441 9343 
18666 9343 9441 9442 
18667 9343 9442 9344 
18668 9344 9442 9443 
18669 9344 9443 9345 
18670 9345 9443 9444 
18671 9345 9444 9346 
18672 9346 9444 9445 
18673 9346 9445 9347 
18674 9347 9445 9446 
18675 9347 9446 9348 
18676 9348 9446 9447 
18677 9348 9447 9349 
18678 9349 9447 9448 
18679 9349 9448 9350 
18680 9350 9448 9449 
18681 9350 9449 9351 
18682 9351 9449 9450 
18683 9351 9450 9352 
18684 9352 9450 9451 
18685 9352 9451 9353 
18686 9353 9451 9452 
18687 9353 9452 9354 
18688 9354 9452 9453 
18689 9354 9453 9355 
18690 9355 9453 9454 
18691 9355 9454 9356 
18692 9356 9454 9455 
18693 9356 9455 9357 
18694 9357 9455 9456 
18695 9357 9456 9358 
18696 9358 9456 9457 
18697 9358 9457 9359 
18698 9359 9457 9458 
18699 9359 9458 9360 
18700 9360 9458 9459 
18701 9360 9459 9361 
18702 9361 9459 9460 
18703 9361 9460 9362 
18704 9362 9460 9461 
18705 9362 9461 9363 
18706 9363 9461 9462 
18707 9363 9462 9364 
18708 9364 9462 9463 
18709 9364 9463 9365 
18710 9365 9463 9464 
18711 9365 9464 9366 
18712 9366 9464 9465 
18713 9366 9465 9367 
18714 9367 9465 9466 
18715 9367 9466 9368 
18716 9368 9466 9467 
18717 9368 9467 9369 
18718 9369 9467 9468 
18719 9369 9468 9370 
18720 9370 9468 9469 
18721 9370 9469 9371 
18722 9371 9469 9470 
18723 9371 9470 9372 
18724 9372 9470 9471 
18725 9372 9471 9373 
18726 9373 9471 9472 
18727 9373 9472 9374 
18728 9374 9472 9473 
18729 9374 9473 9375 
18730 9375 9473 9474 
18731 9375 9474 9376 
18732 9376 9474 9475 
18733 9376 9475 9377 
18734 9377 9475 9476 
18735 9377 9476 9378 
18736 9378 9476 9477 
18737 9378 9477 9379 
18738 9379 9477 9478 
18739 9379 9478 9380 
18740 9380 9478 9479 
18741 9380 9479 9381 
18742 9381 9479 9480 
18743 9381 9480 9382 
18744 9382 9480 9481 
18745 9382 9481 9383 
18746 9383 9481 9482 
18747 9383 9482 9384 
18748 9384 9482 9483 
18749 9384 9483 9385 
18750 9385 9483 9484 
18751 9385 9484 9386 
18752 9386 9484 9485 
18753 9386 9485 9387 
18754 9387 9485 9486 
18755 9387 9486 9388 
18756 9388 9486 9487 
18757 9388 9487 9389 
18758 9389 9487 9488 
18759 9389 9488 9390 
18760 9390 9488 9489 
18761 9390 9489 9391 
18762 9391 9489 9490 
18763 9391 9490 9392 
18764 9392 9490 9491 
18765 9392 9491 9393 
18766 9393 9491 9492 
18767 9393 9492 9394 
18768 9394 9492 9493 
18769 9394 9493 9395 
18770 9395 9493 9494 
18771 9395 9494 9396 
18772 9396 9494 9495 
18773 9396 9495 9397 
18774 9397 9495 9496 
18775 9397 9496 9398 
18776 9398 9496 9497 
18777 9398 9497 9399 
18778 9399 9497 9498 
18779 9399 9498 9400 
18780 9400 9498 9499 
18781 9400 9499 9401 
18782 9401 9499 9500 
18783 9401 9500 9402 
18784 9402 9500 9501 
18785 9402 9501 9403 
18786 9403 9501 9502 
18787 9403 9502 9404 
18788 9404 9502 9503 
18789 9404 9503 9405 
18790 9405 9503 9504 
18791 9405 9504 9406 
18792 9406 9504 9505 
18793 9406 9505 9407 
18794 9407 9505 9506 
18795 9407 9506 9408 
18796 9408 9506 9507 
18797 9408 9507 9409 
18798 9409 9507 9508 
18799 9409 9508 211 
18800 211 9508 210 
18801 96 97 9410 
18802 9410 97 9509 
18803 9410 9509 9411 
18804 9411 9509 9510 
18805 9411 9510 9412 
18806 9412 9510 9511 
18807 9412 9511 9413 
18808 9413 9511 9512 
18809 9413 9512 9414 
18810 9414 9512 9513 
18811 9414 9513 9415 
18812 9415 9513 9514 
18813 9415 9514 9416 
18814 9416 9514 9515 
18815 9416 9515 9417 
18816 9417 9515 9516 
18817 9417 9516 9418 
18818 9418 9516 9517 
18819 9418 9517 9419 
18820 9419 9517 9518 
18821 9419 9518 9420 
18822 9420 9518 9519 
18823 9420 9519 9421 
18824 9421 9519 9520 
18825 9421 9520 9422 
18826 9422 9520 9521 
18827 9422 9521 9423 
18828 9423 9521 9522 
18829 9423 9522 9424 
18830 9424 9522 9523 
18831 9424 9523 9425 
18832 9425 9523 9524 
18833 9425 9524 9426 
18834 9426 9524 9525 
18835 9426 9525 9427 
18836 9427 9525 9526 
18837 9427 9526 9428 
18838 9428 9526 9527 
18839 9428 9527 9429 
18840 9429 9527 9528 
18841 9429 9528 9430 
18842 9430 9528 9529 
18843 9430 9529 9431 
18844 9431 9529 9530 
18845 9431 9530 9432 
18846 9432 9530 9531 
18847 9432 9531 9433 
18848 9433 9531 9532 
18849 9433 9532 9434 
18850 9434 9532 9533 
18851 9434 9533 9435 
18852 9435 9533 9534 
18853 9435 9534 9436 
18854 9436 9534 9535 
18855 9436 9535 9437 
18856 9437 9535 9536 
18857 9437 9536 9438 
18858 9438 9536 9537 
18859 9438 9537 9439 
18860 9439 9537 9538 
18861 9439 9538 9440 
18862 9440 9538 9539 
18863 9440 9539 9441 
18864 9441 9539 9540 
18865 9441 9540 9442 
18866 9442 9540 9541 
18867 9442 9541 9443 
18868 9443 9541 9542 
18869 9443 9542 9444 
18870 9444 9542 9543 
18871 9444 9543 9445 
18872 9445 9543 9544 
18873 9445 9544 9446 
18874 9446 9544 9545 
18875 9446 9545 9447 
18876 9447 9545 9546 
18877 9447 9546 9448 
18878 9448 9546 9547 
18879 9448 9547 9449 
18880 9449 9547 9548 
18881 9449 9548 9450 
18882 9450 9548 9549 
18883 9450 9549 9451 
18884 9451 9549 9550 
18885 9451 9550 9452 
18886 9452 9550 9551 
18887 9452 9551 9453 
18888 9453 9551 9552 
18889 9453 9552 9454 
18890 9454 9552 9553 
18891 9454 9553 9455 
18892 9455 9553 9554 
18893 9455 9554 9456 
18894 9456 9554 9555 
18895 9456 9555 9457 
18896 9457 9555 9556 
18897 9457 9556 9458 
18898 9458 9556 9557 
18899 9458 9557 9459 
18900 9459 9557 9558 
18901 9459 9558 9460 
18902 9460 9558 9559 
18903 9460 9559 9461 
18904 9461 9559 9560 
18905 9461 9560 9462 
18906 9462 9560 9561 
18907 9462 9561 9463 
18908 9463 9561 9562 
18909 9463 9562 9464 
18910 9464 9562 9563 
18911 9464 9563 9465 
18912 9465 9563 9564 
18913 9465 9564 9466 
18914 9466 9564 9565 
18915 9466 9565 9467 
18916 9467 9565 9566 
18917 9467 9566 9468 
18918 9468 9566 9567 
18919 9468 9567 9469 
18920 9469 9567 9568 
18921 9469 9568 9470 
18922 9470 9568 9569 
18923 9470 9569 9471 
18924 9471 9569 9570 
18925 9471 9570 9472 
18926 9472 9570 9571 
18927 9472 9571 9473 
18928 9473 9571 9572 
18929 9473 9572 9474 
18930 9474 9572 9573 
18931 9474 9573 9475 
18932 9475 9573 9574 
18933 9475 9574 9476 
18934 9476 9574 9575 
18935 9476 9575 9477 
18936 9477 9575 9576 
18937 9477 9576 9478 
18938 9478 9576 9577 
18939 9478 9577 9479 
18940 9479 9577 9578 
18941 9479 9578 9480 
18942 9480 9578 9579 
18943 9480 9579 9481 
18944 9481 9579 9580 
18945 9481 9580 9482 
18946 9482 9580 9581 
18947 9482 9581 9483 
18948 9483 9581 9582 
18949 9483 9582 9484 
18950 9484 9582 9583 
18951 9484 9583 9485 
18952 9485 9583 9584 
18953 9485 9584 9486 
18954 9486 9584 9585 
18955 9486 9585 9487 
18956 9487 9585 9586 
18957 9487 9586 9488 
18958 9488 9586 9587 
18959 9488 9587 9489 
18960 9489 9587 9588 
18961 9489 9588 9490 
18962 9490 9588 9589 
18963 9490 9589 9491 
18964 9491 9589 9590 
18965 9491 9590 9492 
18966 9492 9590 9591 
18967 9492 9591 9493 
18968 9493 9591 9592 
18969 9493 9592 9494 
18970 9494 9592 9593 
18971 9494 9593 9495 
18972 9495 9593 9594 
18973 9495 9594 9496 
18974 9496 9594 9595 
18975 9496 9595 9497 
18976 9497 9595 9596 
18977 9497 9596 9498 
18978 9498 9596 9597 
18979 9498 9597 9499 
18980 9499 9597 9598 
18981 9499 9598 9500 
18982 9500 9598 9599 
18983 9500 9599 9501 
18984 9501 9599 9600 
18985 9501 9600 9502 
18986 9502 9600 9601 
18987 9502 9601 9503 
18988 9503 9601 9602 
18989 9503 9602 9504 
18990 9504 9602 9603 
18991 9504 9603 9505 
18992 9505 9603 9604 
18993 9505 9604 9506 
18994 9506 9604 9605 
18995 9506 9605 9507 
18996 9507 9605 9606 
18997 9507 9606 9508 
18998 9508 9606 9607 
18999 9508 9607 210 
19000 210 9607 209 
19001 97 98 9509 
19002 9509 98 9608 
19003 9509 9608 9510 
19004 9510 9608 9609 
19005 9510 9609 9511 
19006 9511 9609 9610 
19007 9511 9610 9512 
19008 9512 9610 9611 
19009 9512 9611 9513 
19010 9513 9611 9612 
19011 9513 9612 9514 
19012 9514 9612 9613 
19013 9514 9613 9515 
19014 9515 9613 9614 
19015 9515 9614 9516 
19016 9516 9614 9615 
19017 9516 9615 9517 
19018 9517 9615 9616 
19019 9517 9616 9518 
19020 9518 9616 9617 
19021 9518 9617 9519 
19022 9519 9617 9618 
19023 9519 9618 9520 
19024 9520 9618 9619 
19025 9520 9619 9521 
19026 9521 9619 9620 
19027 9521 9620 9522 
19028 9522 9620 9621 
19029 9522 9621 9523 
19030 9523 9621 9622 
19031 9523 9622 9524 
19032 9524 9622 9623 
19033 9524 9623 9525 
19034 9525 9623 9624 
19035 9525 9624 9526 
19036 9526 9624 9625 
19037 9526 9625 9527 
19038 9527 9625 9626 
19039 9527 9626 9528 
19040 9528 9626 9627 
19041 9528 9627 9529 
19042 9529 9627 9628 
19043 9529 9628 9530 
19044 9530 9628 9629 
19045 9530 9629 9531 
19046 9531 9629 9630 
19047 9531 9630 9532 
19048 9532 9630 9631 
19049 9532 9631 9533 
19050 9533 9631 9632 
19051 9533 9632 9534 
19052 9534 9632 9633 
19053 9534 9633 9535 
19054 9535 9633 9634 
19055 9535 9634 9536 
19056 9536 9634 9635 
19057 9536 9635 9537 
19058 9537 9635 9636 
19059 9537 9636 9538 
19060 9538 9636 9637 
19061 9538 9637 9539 
19062 9539 9637 9638 
19063 9539 9638 9540 
19064 9540 9638 9639 
19065 9540 9639 9541 
19066 9541 9639 9640 
19067 9541 9640 9542 
19068 9542 9640 9641 
19069 9542 9641 9543 
19070 9543 9641 9642 
19071 9543 9642 9544 
19072 9544 9642 9643 
19073 9544 9643 9545 
19074 9545 9643 9644 
19075 9545 9644 9546 
19076 9546 9644 9645 
19077 9546 9645 9547 
19078 9547 9645 9646 
19079 9547 9646 9548 
19080 9548 9646 9647 
19081 9548 9647 9549 
19082 9549 9647 9648 
19083 9549 9648 9550 
19084 9550 9648 9649 
19085 9550 9649 9551 
19086 9551 9649 9650 
19087 9551 9650 9552 
19088 9552 9650 9651 
19089 9552 9651 9553 
19090 9553 9651 9652 
19091 9553 9652 9554 
19092 9554 9652 9653 
19093 9554 9653 9555 
19094 9555 9653 9654 
19095 9555 9654 9556 
19096 9556 9654 9655 
19097 9556 9655 9557 
19098 9557 9655 9656 
19099 9557 9656 9558 
19100 9558 9656 9657 
19101 9558 9657 9559 
19102 9559 9657 9658 
19103 9559 9658 9560 
19104 9560 9658 9659 
19105 9560 9659 9561 
19106 9561 9659 9660 
19107 9561 9660 9562 
19108 9562 9660 9661 
19109 9562 9661 9563 
19110 9563 9661 9662 
19111 9563 9662 9564 
19112 9564 9662 9663 
19113 9564 9663 9565 
19114 9565 9663 9664 
19115 9565 9664 9566 
19116 9566 9664 9665 
19117 9566 9665 9567 
19118 9567 9665 9666 
19119 9567 9666 9568 
19120 9568 9666 9667 
19121 9568 9667 9569 
19122 9569 9667 9668 
19123 9569 9668 9570 
19124 9570 9668 9669 
19125 9570 9669 9571 
19126 9571 9669 9670 
19127 9571 9670 9572 
19128 9572 9670 9671 
19129 9572 9671 9573 
19130 9573 9671 9672 
19131 9573 9672 9574 
19132 9574 9672 9673 
19133 9574 9673 9575 
19134 9575 9673 9674 
19135 9575 9674 9576 
19136 9576 9674 9675 
19137 9576 9675 9577 
19138 9577 9675 9676 
19139 9577 9676 9578 
19140 9578 9676 9677 
19141 9578 9677 9579 
19142 9579 9677 9678 
19143 9579 9678 9580 
19144 9580 9678 9679 
19145 9580 9679 9581 
19146 9581 9679 9680 
19147 9581 9680 9582 
19148 9582 9680 9681 
19149 9582 9681 9583 
19150 9583 9681 9682 
19151 9583 9682 9584 
19152 9584 9682 9683 
19153 9584 9683 9585 
19154 9585 9683 9684 
19155 9585 9684 9586 
19156 9586 9684 9685 
19157 9586 9685 9587 
19158 9587 9685 9686 
19159 9587 9686 9588 
19160 9588 9686 9687 
19161 9588 9687 9589 
19162 9589 9687 9688 
19163 9589 9688 9590 
19164 9590 9688 9689 
19165 9590 9689 9591 
19166 9591 9689 9690 
19167 9591 9690 9592 
19168 9592 9690 9691 
19169 9592 9691 9593 
19170 9593 9691 9692 
19171 9593 9692 9594 
19172 9594 9692 9693 
19173 9594 9693 9595 
19174 9595 9693 9694 
19175 9595 9694 9596 
19176 9596 9694 9695 
19177 9596 9695 9597 
19178 9597 9695 9696 
19179 9597 9696 9598 
19180 9598 9696 9697 
19181 9598 9697 9599 
19182 9599 9697 9698 
19183 9599 9698 9600 
19184 9600 9698 9699 
19185 9600 9699 9601 
19186 9601 9699 9700 
19187 9601 9700 9602 
19188 9602 9700 9701 
19189 9602 9701 9603 
19190 9603 9701 9702 
19191 9603 9702 9604 
19192 9604 9702 9703 
19193 9604 9703 9605 
19194 9605 9703 9704 
19195 9605 9704 9606 
19196 9606 9704 9705 
19197 9606 9705 9607 
19198 9607 9705 9706 
19199 9607 9706 209 
19200 209 9706 208 
19201 98 99 9608 
19202 9608 99 9707 
19203 9608 9707 9609 
19204 9609 9707 9708 
19205 9609 9708 9610 
19206 9610 9708 9709 
19207 9610 9709 9611 
19208 9611 9709 9710 
19209 9611 9710 9612 
19210 9612 9710 9711 
19211 9612 9711 9613 
19212 9613 9711 9712 
19213 9613 9712 9614 
19214 9614 9712 9713 
19215 9614 9713 9615 
19216 9615 9713 9714 
19217 9615 9714 9616 
19218 9616 9714 9715 
19219 9616 9715 9617 
19220 9617 9715 9716 
19221 9617 9716 9618 
19222 9618 9716 9717 
19223 9618 9717 9619 
19224 9619 9717 9718 
19225 9619 9718 9620 
19226 9620 9718 9719 
19227 9620 9719 9621 
19228 9621 9719 9720 
19229 9621 9720 9622 
19230 9622 9720 9721 
19231 9622 9721 9623 
19232 9623 9721 9722 
19233 9623 9722 9624 
19234 9624 9722 9723 
19235 9624 9723 9625 
19236 9625 9723 9724 
19237 9625 9724 9626 
19238 9626 9724 9725 
19239 9626 9725 9627 
19240 9627 9725 9726 
19241 9627 9726 9628 
19242 9628 9726 9727 
19243 9628 9727 9629 
19244 9629 9727 9728 
19245 9629 9728 9630 
19246 9630 9728 9729 
19247 9630 9729 9631 
19248 9631 9729 9730 
19249 9631 9730 9632 
19250 9632 9730 9731 
19251 9632 9731 9633 
19252 9633 9731 9732 
19253 9633 9732 9634 
19254 9634 9732 9733 
19255 9634 9733 9635 
19256 9635 9733 9734 
19257 9635 9734 9636 
19258 9636 9734 9735 
19259 9636 9735 9637 
19260 9637 9735 9736 
19261 9637 9736 9638 
19262 9638 9736 9737 
19263 9638 9737 9639 
19264 9639 9737 9738 
19265 9639 9738 9640 
19266 9640 9738 9739 
19267 9640 9739 9641 
19268 9641 9739 9740 
19269 9641 9740 9642 
19270 9642 9740 9741 
19271 9642 9741 9643 
19272 9643 9741 9742 
19273 9643 9742 9644 
19274 9644 9742 9743 
19275 9644 9743 9645 
19276 9645 9743 9744 
19277 9645 9744 9646 
19278 9646 9744 9745 
19279 9646 9745 9647 
19280 9647 9745 9746 
19281 9647 9746 9648 
19282 9648 9746 9747 
19283 9648 9747 9649 
19284 9649 9747 9748 
19285 9649 9748 9650 
19286 9650 9748 9749 
19287 9650 9749 9651 
19288 9651 9749 9750 
19289 9651 9750 9652 
19290 9652 9750 9751 
19291 9652 9751 9653 
19292 9653 9751 9752 
19293 9653 9752 9654 
19294 9654 9752 9753 
19295 9654 9753 9655 
19296 9655 9753 9754 
19297 9655 9754 9656 
19298 9656 9754 9755 
19299 9656 9755 9657 
19300 9657 9755 9756 
19301 9657 9756 9658 
19302 9658 9756 9757 
19303 9658 9757 9659 
19304 9659 9757 9758 
19305 9659 9758 9660 
19306 9660 9758 9759 
19307 9660 9759 9661 
19308 9661 9759 9760 
19309 9661 9760 9662 
19310 9662 9760 9761 
19311 9662 9761 9663 
19312 9663 9761 9762 
19313 9663 9762 9664 
19314 9664 9762 9763 
19315 9664 9763 9665 
19316 9665 9763 9764 
19317 9665 9764 9666 
19318 9666 9764 9765 
19319 9666 9765 9667 
19320 9667 9765 9766 
19321 9667 9766 9668 
19322 9668 9766 9767 
19323 9668 9767 9669 
19324 9669 9767 9768 
19325 9669 9768 9670 
19326 9670 9768 9769 
19327 9670 9769 9671 
19328 9671 9769 9770 
19329 9671 9770 9672 
19330 9672 9770 9771 
19331 9672 9771 9673 
19332 9673 9771 9772 
19333 9673 9772 9674 
19334 9674 9772 9773 
19335 9674 9773 9675 
19336 9675 9773 9774 
19337 9675 9774 9676 
19338 9676 9774 9775 
19339 9676 9775 9677 
19340 9677 9775 9776 
19341 9677 9776 9678 
19342 9678 9776 9777 
19343 9678 9777 9679 
19344 9679 9777 9778 
19345 9679 9778 9680 
19346 9680 9778 9779 
19347 9680 9779 9681 
19348 9681 9779 9780 
19349 9681 9780 9682 
19350 9682 9780 9781 
19351 9682 9781 9683 
19352 9683 9781 9782 
19353 9683 9782 9684 
19354 9684 9782 9783 
19355 9684 9783 9685 
19356 9685 9783 9784 
19357 9685 9784 9686 
19358 9686 9784 9785 
19359 9686 9785 9687 
19360 9687 9785 9786 
19361 9687 9786 9688 
19362 9688 9786 9787 
19363 9688 9787 9689 
19364 9689 9787 9788 
19365 9689 9788 9690 
19366 9690 9788 9789 
19367 9690 9789 9691 
19368 9691 9789 9790 
19369 9691 9790 9692 
19370 9692 9790 9791 
19371 9692 9791 9693 
19372 9693 9791 9792 
19373 9693 9792 9694 
19374 9694 9792 9793 
19375 9694 9793 9695 
19376 9695 9793 9794 
19377 9695 9794 9696 
19378 9696 9794 9795 
19379 9696 9795 9697 
19380 9697 9795 9796 
19381 9697 9796 9698 
19382 9698 9796 9797 
19383 9698 9797 9699 
19384 9699 9797 9798 
19385 9699 9798 9700 
19386 9700 9798 9799 
19387 9700 9799 9701 
19388 9701 9799 9800 
19389 9701 9800 9702 
19390 9702 9800 9801 
19391 9702 9801 9703 
19392 9703 9801 9802 
19393 9703 9802 9704 
19394 9704 9802 9803 
19395 9704 9803 9705 
19396 9705 9803 9804 
19397 9705 9804 9706 
19398 9706 9804 9805 
19399 9706 9805 208 
19400 208 9805 207 
19401 99 100 9707 
19402 9707 100 9806 
19403 9707 9806 9708 
19404 9708 9806 9807 
19405 9708 9807 9709 
19406 9709 9807 9808 
19407 9709 9808 9710 
19408 9710 9808 9809 
19409 9710 9809 9711 
19410 9711 9809 9810 
19411 9711 9810 9712 
19412 9712 9810 9811 
19413 9712 9811 9713 
19414 9713 9811 9812 
19415 9713 9812 9714 
19416 9714 9812 9813 
19417 9714 9813 9715 
19418 9715 9813 9814 
19419 9715 9814 9716 
19420 9716 9814 9815 
19421 9716 9815 9717 
19422 9717 9815 9816 
19423 9717 9816 9718 
19424 9718 9816 9817 
19425 9718 9817 9719 
19426 9719 9817 9818 
19427 9719 9818 9720 
19428 9720 9818 9819 
19429 9720 9819 9721 
19430 9721 9819 9820 
19431 9721 9820 9722 
19432 9722 9820 9821 
19433 9722 9821 9723 
19434 9723 9821 9822 
19435 9723 9822 9724 
19436 9724 9822 9823 
19437 9724 9823 9725 
19438 9725 9823 9824 
19439 9725 9824 9726 
19440 9726 9824 9825 
19441 9726 9825 9727 
19442 9727 9825 9826 
19443 9727 9826 9728 
19444 9728 9826 9827 
19445 9728 9827 9729 
19446 9729 9827 9828 
19447 9729 9828 9730 
19448 9730 9828 9829 
19449 9730 9829 9731 
19450 9731 9829 9830 
19451 9731 9830 9732 
19452 9732 9830 9831 
19453 9732 9831 9733 
19454 9733 9831 9832 
19455 9733 9832 9734 
19456 9734 9832 9833 
19457 9734 9833 9735 
19458 9735 9833 9834 
19459 9735 9834 9736 
19460 9736 9834 9835 
19461 9736 9835 9737 
19462 9737 9835 9836 
19463 9737 9836 9738 
19464 9738 9836 9837 
19465 9738 9837 9739 
19466 9739 9837 9838 
19467 9739 9838 9740 
19468 9740 9838 9839 
19469 9740 9839 9741 
19470 9741 9839 9840 
19471 9741 9840 9742 
19472 9742 9840 9841 
19473 9742 9841 9743 
19474 9743 9841 9842 
19475 9743 9842 9744 
19476 9744 9842 9843 
19477 9744 9843 9745 
19478 9745 9843 9844 
19479 9745 9844 9746 
19480 9746 9844 9845 
19481 9746 9845 9747 
19482 9747 9845 9846 
19483 9747 9846 9748 
19484 9748 9846 9847 
19485 9748 9847 9749 
19486 9749 9847 9848 
19487 9749 9848 9750 
19488 9750 9848 9849 
19489 9750 9849 9751 
19490 9751 9849 9850 
19491 9751 9850 9752 
19492 9752 9850 9851 
19493 9752 9851 9753 
19494 9753 9851 9852 
19495 9753 9852 9754 
19496 9754 9852 9853 
19497 9754 9853 9755 
19498 9755 9853 9854 
19499 9755 9854 9756 
19500 9756 9854 9855 
19501 9756 9855 9757 
19502 9757 9855 9856 
19503 9757 9856 9758 
19504 9758 9856 9857 
19505 9758 9857 9759 
19506 9759 9857 9858 
19507 9759 9858 9760 
19508 9760 9858 9859 
19509 9760 9859 9761 
19510 9761 9859 9860 
19511 9761 9860 9762 
19512 9762 9860 9861 
19513 9762 9861 9763 
19514 9763 9861 9862 
19515 9763 9862 9764 
19516 9764 9862 9863 
19517 9764 9863 9765 
19518 9765 9863 9864 
19519 9765 9864 9766 
19520 9766 9864 9865 
19521 9766 9865 9767 
19522 9767 9865 9866 
19523 9767 9866 9768 
19524 9768 9866 9867 
19525 9768 9867 9769 
19526 9769 9867 9868 
19527 9769 9868 9770 
19528 9770 9868 9869 
19529 9770 9869 9771 
19530 9771 9869 9870 
19531 9771 9870 9772 
19532 9772 9870 9871 
19533 9772 9871 9773 
19534 9773 9871 9872 
19535 9773 9872 9774 
19536 9774 9872 9873 
19537 9774 9873 9775 
19538 9775 9873 9874 
19539 9775 9874 9776 
19540 9776 9874 9875 
19541 9776 9875 9777 
19542 9777 9875 9876 
19543 9777 9876 9778 
19544 9778 9876 9877 
19545 9778 9877 9779 
19546 9779 9877 9878 
19547 9779 9878 9780 
19548 9780 9878 9879 
19549 9780 9879 9781 
19550 9781 9879 9880 
19551 9781 9880 9782 
19552 9782 9880 9881 
19553 9782 9881 9783 
19554 9783 9881 9882 
19555 9783 9882 9784 
19556 9784 9882 9883 
19557 9784 9883 9785 
19558 9785 9883 9884 
19559 9785 9884 9786 
19560 9786 9884 9885 
19561 9786 9885 9787 
19562 9787 9885 9886 
19563 9787 9886 9788 
19564 9788 9886 9887 
19565 9788 9887 9789 
19566 9789 9887 9888 
19567 9789 9888 9790 
19568 9790 9888 9889 
19569 9790 9889 9791 
19570 9791 9889 9890 
19571 9791 9890 9792 
19572 9792 9890 9891 
19573 9792 9891 9793 
19574 9793 9891 9892 
19575 9793 9892 9794 
19576 9794 9892 9893 
19577 9794 9893 9795 
19578 9795 9893 9894 
19579 9795 9894 9796 
19580 9796 9894 9895 
19581 9796 9895 9797 
19582 9797 9895 9896 
19583 9797 9896 9798 
19584 9798 9896 9897 
19585 9798 9897 9799 
19586 9799 9897 9898 
19587 9799 9898 9800 
19588 9800 9898 9899 
19589 9800 9899 9801 
19590 9801 9899 9900 
19591 9801 9900 9802 
19592 9802 9900 9901 
19593 9802 9901 9803 
19594 9803 9901 9902 
19595 9803 9902 9804 
19596 9804 9902 9903 
19597 9804 9903 9805 
19598 9805 9903 9904 
19599 9805 9904 207 
19600 207 9904 206 
19601 100 101 9806 
19602 9806 101 9905 
19603 9806 9905 9807 
19604 9807 9905 9906 
19605 9807 9906 9808 
19606 9808 9906 9907 
19607 9808 9907 9809 
19608 9809 9907 9908 
19609 9809 9908 9810 
19610 9810 9908 9909 
19611 9810 9909 9811 
19612 9811 9909 9910 
19613 9811 9910 9812 
19614 9812 9910 9911 
19615 9812 9911 9813 
19616 9813 9911 9912 
19617 9813 9912 9814 
19618 9814 9912 9913 
19619 9814 9913 9815 
19620 9815 9913 9914 
19621 9815 9914 9816 
19622 9816 9914 9915 
19623 9816 9915 9817 
19624 9817 9915 9916 
19625 9817 9916 9818 
19626 9818 9916 9917 
19627 9818 9917 9819 
19628 9819 9917 9918 
19629 9819 9918 9820 
19630 9820 9918 9919 
19631 9820 9919 9821 
19632 9821 9919 9920 
19633 9821 9920 9822 
19634 9822 9920 9921 
19635 9822 9921 9823 
19636 9823 9921 9922 
19637 9823 9922 9824 
19638 9824 9922 9923 
19639 9824 9923 9825 
19640 9825 9923 9924 
19641 9825 9924 9826 
19642 9826 9924 9925 
19643 9826 9925 9827 
19644 9827 9925 9926 
19645 9827 9926 9828 
19646 9828 9926 9927 
19647 9828 9927 9829 
19648 9829 9927 9928 
19649 9829 9928 9830 
19650 9830 9928 9929 
19651 9830 9929 9831 
19652 9831 9929 9930 
19653 9831 9930 9832 
19654 9832 9930 9931 
19655 9832 9931 9833 
19656 9833 9931 9932 
19657 9833 9932 9834 
19658 9834 9932 9933 
19659 9834 9933 9835 
19660 9835 9933 9934 
19661 9835 9934 9836 
19662 9836 9934 9935 
19663 9836 9935 9837 
19664 9837 9935 9936 
19665 9837 9936 9838 
19666 9838 9936 9937 
19667 9838 9937 9839 
19668 9839 9937 9938 
19669 9839 9938 9840 
19670 9840 9938 9939 
19671 9840 9939 9841 
19672 9841 9939 9940 
19673 9841 9940 9842 
19674 9842 9940 9941 
19675 9842 9941 9843 
19676 9843 9941 9942 
19677 9843 9942 9844 
19678 9844 9942 9943 
19679 9844 9943 9845 
19680 9845 9943 9944 
19681 9845 9944 9846 
19682 9846 9944 9945 
19683 9846 9945 9847 
19684 9847 9945 9946 
19685 9847 9946 9848 
19686 9848 9946 9947 
19687 9848 9947 9849 
19688 9849 9947 9948 
19689 9849 9948 9850 
19690 9850 9948 9949 
19691 9850 9949 9851 
19692 9851 9949 9950 
19693 9851 9950 9852 
19694 9852 9950 9951 
19695 9852 9951 9853 
19696 9853 9951 9952 
19697 9853 9952 9854 
19698 9854 9952 9953 
19699 9854 9953 9855 
19700 9855 9953 9954 
19701 9855 9954 9856 
19702 9856 9954 9955 
19703 9856 9955 9857 
19704 9857 9955 9956 
19705 9857 9956 9858 
19706 9858 9956 9957 
19707 9858 9957 9859 
19708 9859 9957 9958 
19709 9859 9958 9860 
19710 9860 9958 9959 
19711 9860 9959 9861 
19712 9861 9959 9960 
19713 9861 9960 9862 
19714 9862 9960 9961 
19715 9862 9961 9863 
19716 9863 9961 9962 
19717 9863 9962 9864 
19718 9864 9962 9963 
19719 9864 9963 9865 
19720 9865 9963 9964 
19721 9865 9964 9866 
19722 9866 9964 9965 
19723 9866 9965 9867 
19724 9867 9965 9966 
19725 9867 9966 9868 
19726 9868 9966 9967 
19727 9868 9967 9869 
19728 9869 9967 9968 
19729 9869 9968 9870 
19730 9870 9968 9969 
19731 9870 9969 9871 
19732 9871 9969 9970 
19733 9871 9970 9872 
19734 9872 9970 9971 
19735 9872 9971 9873 
19736 9873 9971 9972 
19737 9873 9972 9874 
19738 9874 9972 9973 
19739 9874 9973 9875 
19740 9875 9973 9974 
19741 9875 9974 9876 
19742 9876 9974 9975 
19743 9876 9975 9877 
19744 9877 9975 9976 
19745 9877 9976 9878 
19746 9878 9976 9977 
19747 9878 9977 9879 
19748 9879 9977 9978 
19749 9879 9978 9880 
19750 9880 9978 9979 
19751 9880 9979 9881 
19752 9881 9979 9980 
19753 9881 9980 9882 
19754 9882 9980 9981 
19755 9882 9981 9883 
19756 9883 9981 9982 
19757 9883 9982 9884 
19758 9884 9982 9983 
19759 9884 9983 9885 
19760 9885 9983 9984 
19761 9885 9984 9886 
19762 9886 9984 9985 
19763 9886 9985 9887 
19764 9887 9985 9986 
19765 9887 9986 9888 
19766 9888 9986 9987 
19767 9888 9987 9889 
19768 9889 9987 9988 
19769 9889 9988 9890 
19770 9890 9988 9989 
19771 9890 9989 9891 
19772 9891 9989 9990 
19773 9891 9990 9892 
19774 9892 9990 9991 
19775 9892 9991 9893 
19776 9893 9991 9992 
19777 9893 9992 9894 
19778 9894 9992 9993 
19779 9894 9993 9895 
19780 9895 9993 9994 
19781 9895 9994 9896 
19782 9896 9994 9995 
19783 9896 9995 9897 
19784 9897 9995 9996 
19785 9897 9996 9898 
19786 9898 9996 9997 
19787 9898 9997 9899 
19788 9899 9997 9998 
19789 9899 9998 9900 
19790 9900 9998 9999 
19791 9900 9999 9901 
19792 9901 9999 10000 
19793 9901 10000 9902 
19794 9902 10000 10001 
19795 9902 10001 9903 
19796 9903 10001 10002 
19797 9903 10002 9904 
19798 9904 10002 10003 
19799 9904 10003 206 
19800 206 10003 205 
19801 101 102 9905 
19802 9905 102 10004 
19803 9905 10004 9906 
19804 9906 10004 10005 
19805 9906 10005 9907 
19806 9907 10005 10006 
19807 9907 10006 9908 
19808 9908 10006 10007 
19809 9908 10007 9909 
19810 9909 10007 10008 
19811 9909 10008 9910 
19812 9910 10008 10009 
19813 9910 10009 9911 
19814 9911 10009 10010 
19815 9911 10010 9912 
19816 9912 10010 10011 
19817 9912 10011 9913 
19818 9913 10011 10012 
19819 9913 10012 9914 
19820 9914 10012 10013 
19821 9914 10013 9915 
19822 9915 10013 10014 
19823 9915 10014 9916 
19824 9916 10014 10015 
19825 9916 10015 9917 
19826 9917 10015 10016 
19827 9917 10016 9918 
19828 9918 10016 10017 
19829 9918 10017 9919 
19830 9919 10017 10018 
19831 9919 10018 9920 
19832 9920 10018 10019 
19833 9920 10019 9921 
19834 9921 10019 10020 
19835 9921 10020 9922 
19836 9922 10020 10021 
19837 9922 10021 9923 
19838 9923 10021 10022 
19839 9923 10022 9924 
19840 9924 10022 10023 
19841 9924 10023 9925 
19842 9925 10023 10024 
19843 9925 10024 9926 
19844 9926 10024 10025 
19845 9926 10025 9927 
19846 9927 10025 10026 
19847 9927 10026 9928 
19848 9928 10026 10027 
19849 9928 10027 9929 
19850 9929 10027 10028 
19851 9929 10028 9930 
19852 9930 10028 10029 
19853 9930 10029 9931 
19854 9931 10029 10030 
19855 9931 10030 9932 
19856 9932 10030 10031 
19857 9932 10031 9933 
19858 9933 10031 10032 
19859 9933 10032 9934 
19860 9934 10032 10033 
19861 9934 10033 9935 
19862 9935 10033 10034 
19863 9935 10034 9936 
19864 9936 10034 10035 
19865 9936 10035 9937 
19866 9937 10035 10036 
19867 9937 10036 9938 
19868 9938 10036 10037 
19869 9938 10037 9939 
19870 9939 10037 10038 
19871 9939 10038 9940 
19872 9940 10038 10039 
19873 9940 10039 9941 
19874 9941 10039 10040 
19875 9941 10040 9942 
19876 9942 10040 10041 
19877 9942 10041 9943 
19878 9943 10041 10042 
19879 9943 10042 9944 
19880 9944 10042 10043 
19881 9944 10043 9945 
19882 9945 10043 10044 
19883 9945 10044 9946 
19884 9946 10044 10045 
19885 9946 10045 9947 
19886 9947 10045 10046 
19887 9947 10046 9948 
19888 9948 10046 10047 
19889 9948 10047 9949 
19890 9949 10047 10048 
19891 9949 10048 9950 
19892 9950 10048 10049 
19893 9950 10049 9951 
19894 9951 10049 10050 
19895 9951 10050 9952 
19896 9952 10050 10051 
19897 9952 10051 9953 
19898 9953 10051 10052 
19899 9953 10052 9954 
19900 9954 10052 10053 
19901 9954 10053 9955 
19902 9955 10053 10054 
19903 9955 10054 9956 
19904 9956 10054 10055 
19905 9956 10055 9957 
19906 9957 10055 10056 
19907 9957 10056 9958 
19908 9958 10056 10057 
19909 9958 10057 9959 
19910 9959 10057 10058 
19911 9959 10058 9960 
19912 9960 10058 10059 
19913 9960 10059 9961 
19914 9961 10059 10060 
19915 9961 10060 9962 
19916 9962 10060 10061 
19917 9962 10061 9963 
19918 9963 10061 10062 
19919 9963 10062 9964 
19920 9964 10062 10063 
19921 9964 10063 9965 
19922 9965 10063 10064 
19923 9965 10064 9966 
19924 9966 10064 10065 
19925 9966 10065 9967 
19926 9967 10065 10066 
19927 9967 10066 9968 
19928 9968 10066 10067 
19929 9968 10067 9969 
19930 9969 10067 10068 
19931 9969 10068 9970 
19932 9970 10068 10069 
19933 9970 10069 9971 
19934 9971 10069 10070 
19935 9971 10070 9972 
19936 9972 10070 10071 
19937 9972 10071 9973 
19938 9973 10071 10072 
19939 9973 10072 9974 
19940 9974 10072 10073 
19941 9974 10073 9975 
19942 9975 10073 10074 
19943 9975 10074 9976 
19944 9976 10074 10075 
19945 9976 10075 9977 
19946 9977 10075 10076 
19947 9977 10076 9978 
19948 9978 10076 10077 
19949 9978 10077 9979 
19950 9979 10077 10078 
19951 9979 10078 9980 
19952 9980 10078 10079 
19953 9980 10079 9981 
19954 9981 10079 10080 
19955 9981 10080 9982 
19956 9982 10080 10081 
19957 9982 10081 9983 
19958 9983 10081 10082 
19959 9983 10082 9984 
19960 9984 10082 10083 
19961 9984 10083 9985 
19962 9985 10083 10084 
19963 9985 10084 9986 
19964 9986 10084 10085 
19965 9986 10085 9987 
19966 9987 10085 10086 
19967 9987 10086 9988 
19968 9988 10086 10087 
19969 9988 10087 9989 
19970 9989 10087 10088 
19971 9989 10088 9990 
19972 9990 10088 10089 
19973 9990 10089 9991 
19974 9991 10089 10090 
19975 9991 10090 9992 
19976 9992 10090 10091 
19977 9992 10091 9993 
19978 9993 10091 10092 
19979 9993 10092 9994 
19980 9994 10092 10093 
19981 9994 10093 9995 
19982 9995 10093 10094 
19983 9995 10094 9996 
19984 9996 10094 10095 
19985 9996 10095 9997 
19986 9997 10095 10096 
19987 9997 10096 9998 
19988 9998 10096 10097 
19989 9998 10097 9999 
19990 9999 10097 10098 
19991 9999 10098 10000 
19992 10000 10098 10099 
19993 10000 10099 10001 
19994 10001 10099 10100 
19995 10001 10100 10002 
19996 10002 10100 10101 
19997 10002 10101 10003 
19998 10003 10101 10102 
19999 10003 10102 205 
20000 205 10102 204 
20001 102 103 10004 
20002 10004 103 10103 
20003 10004 10103 10005 
20004 10005 10103 10104 
20005 10005 10104 10006 
20006 10006 10104 10105 
20007 10006 10105 10007 
20008 10007 10105 10106 
20009 10007 10106 10008 
20010 10008 10106 10107 
20011 10008 10107 10009 
20012 10009 10107 10108 
20013 10009 10108 10010 
20014 10010 10108 10109 
20015 10010 10109 10011 
20016 10011 10109 10110 
20017 10011 10110 10012 
20018 10012 10110 10111 
20019 10012 10111 10013 
20020 10013 10111 10112 
20021 10013 10112 10014 
20022 10014 10112 10113 
20023 10014 10113 10015 
20024 10015 10113 10114 
20025 10015 10114 10016 
20026 10016 10114 10115 
20027 10016 10115 10017 
20028 10017 10115 10116 
20029 10017 10116 10018 
20030 10018 10116 10117 
20031 10018 10117 10019 
20032 10019 10117 10118 
20033 10019 10118 10020 
20034 10020 10118 10119 
20035 10020 10119 10021 
20036 10021 10119 10120 
20037 10021 10120 10022 
20038 10022 10120 10121 
20039 10022 10121 10023 
20040 10023 10121 10122 
20041 10023 10122 10024 
20042 10024 10122 10123 
20043 10024 10123 10025 
20044 10025 10123 10124 
20045 10025 10124 10026 
20046 10026 10124 10125 
20047 10026 10125 10027 
20048 10027 10125 10126 
20049 10027 10126 10028 
20050 10028 10126 10127 
20051 10028 10127 10029 
20052 10029 10127 10128 
20053 10029 10128 10030 
20054 10030 10128 10129 
20055 10030 10129 10031 
20056 10031 10129 10130 
20057 10031 10130 10032 
20058 10032 10130 10131 
20059 10032 10131 10033 
20060 10033 10131 10132 
20061 10033 10132 10034 
20062 10034 10132 10133 
20063 10034 10133 10035 
20064 10035 10133 10134 
20065 10035 10134 10036 
20066 10036 10134 10135 
20067 10036 10135 10037 
20068 10037 10135 10136 
20069 10037 10136 10038 
20070 10038 10136 10137 
20071 10038 10137 10039 
20072 10039 10137 10138 
20073 10039 10138 10040 
20074 10040 10138 10139 
20075 10040 10139 10041 
20076 10041 10139 10140 
20077 10041 10140 10042 
20078 10042 10140 10141 
20079 10042 10141 10043 
20080 10043 10141 10142 
20081 10043 10142 10044 
20082 10044 10142 10143 
20083 10044 10143 10045 
20084 10045 10143 10144 
20085 10045 10144 10046 
20086 10046 10144 10145 
20087 10046 10145 10047 
20088 10047 10145 10146 
20089 10047 10146 10048 
20090 10048 10146 10147 
20091 10048 10147 10049 
20092 10049 10147 10148 
20093 10049 10148 10050 
20094 10050 10148 10149 
20095 10050 10149 10051 
20096 10051 10149 10150 
20097 10051 10150 10052 
20098 10052 10150 10151 
20099 10052 10151 10053 
20100 10053 10151 10152 
20101 10053 10152 10054 
20102 10054 10152 10153 
20103 10054 10153 10055 
20104 10055 10153 10154 
20105 10055 10154 10056 
20106 10056 10154 10155 
20107 10056 10155 10057 
20108 10057 10155 10156 
20109 10057 10156 10058 
20110 10058 10156 10157 
20111 10058 10157 10059 
20112 10059 10157 10158 
20113 10059 10158 10060 
20114 10060 10158 10159 
20115 10060 10159 10061 
20116 10061 10159 10160 
20117 10061 10160 10062 
20118 10062 10160 10161 
20119 10062 10161 10063 
20120 10063 10161 10162 
20121 10063 10162 10064 
20122 10064 10162 10163 
20123 10064 10163 10065 
20124 10065 10163 10164 
20125 10065 10164 10066 
20126 10066 10164 10165 
20127 10066 10165 10067 
20128 10067 10165 10166 
20129 10067 10166 10068 
20130 10068 10166 10167 
20131 10068 10167 10069 
20132 10069 10167 10168 
20133 10069 10168 10070 
20134 10070 10168 10169 
20135 10070 10169 10071 
20136 10071 10169 10170 
20137 10071 10170 10072 
20138 10072 10170 10171 
20139 10072 10171 10073 
20140 10073 10171 10172 
20141 10073 10172 10074 
20142 10074 10172 10173 
20143 10074 10173 10075 
20144 10075 10173 10174 
20145 10075 10174 10076 
20146 10076 10174 10175 
20147 10076 10175 10077 
20148 10077 10175 10176 
20149 10077 10176 10078 
20150 10078 10176 10177 
20151 10078 10177 10079 
20152 10079 10177 10178 
20153 10079 10178 10080 
20154 10080 10178 10179 
20155 10080 10179 10081 
20156 10081 10179 10180 
20157 10081 10180 10082 
20158 10082 10180 10181 
20159 10082 10181 10083 
20160 10083 10181 10182 
20161 10083 10182 10084 
20162 10084 10182 10183 
20163 10084 10183 10085 
20164 10085 10183 10184 
20165 10085 10184 10086 
20166 10086 10184 10185 
20167 10086 10185 10087 
20168 10087 10185 10186 
20169 10087 10186 10088 
20170 10088 10186 10187 
20171 10088 10187 10089 
20172 10089 10187 10188 
20173 10089 10188 10090 
20174 10090 10188 10189 
20175 10090 10189 10091 
20176 10091 10189 10190 
20177 10091 10190 10092 
20178 10092 10190 10191 
20179 10092 10191 10093 
20180 10093 10191 10192 
20181 10093 10192 10094 
20182 10094 10192 10193 
20183 10094 10193 10095 
20184 10095 10193 10194 
20185 10095 10194 10096 
20186 10096 10194 10195 
20187 10096 10195 10097 
20188 10097 10195 10196 
20189 10097 10196 10098 
20190 10098 10196 10197 
20191 10098 10197 10099 
20192 10099 10197 10198 
20193 10099 10198 10100 
20194 10100 10198 10199 
20195 10100 10199 10101 
20196 10101 10199 10200 
20197 10101 10200 10102 
20198 10102 10200 10201 
20199 10102 10201 204 
20200 204 10201 203 
20201 103 2 10103 
20202 10103 2 104 
20203 10103 104 10104 
20204 10104 104 105 
20205 10104 105 10105 
20206 10105 105 106 
20207 10105 106 10106 
20208 10106 106 107 
20209 10106 107 10107 
20210 10107 107 108 
20211 10107 108 10108 
20212 10108 108 109 
20213 10108 109 10109 
20214 10109 109 110 
20215 10109 110 10110 
20216 10110 110 111 
20217 10110 111 10111 
20218 10111 111 112 
20219 10111 112 10112 
20220 10112 112 113 
20221 10112 113 10113 
20222 10113 113 114 
20223 10113 114 10114 
20224 10114 114 115 
20225 10114 115 10115 
20226 10115 115 116 
20227 10115 116 10116 
20228 10116 116 117 
20229 10116 117 10117 
20230 10117 117 118 
20231 10117 118 10118 
20232 10118 118 119 
20233 10118 119 10119 
20234 10119 119 120 
20235 10119 120 10120 
20236 10120 120 121 
20237 10120 121 10121 
20238 10121 121 122 
20239 10121 122 10122 
20240 10122 122 123 
20241 10122 123 10123 
20242 10123 123 124 
20243 10123 124 10124 
20244 10124 124 125 
20245 10124 125 10125 
20246 10125 125 126 
20247 10125 126 10126 
20248 10126 126 127 
20249 10126 127 10127 
20250 10127 127 128 
20251 10127 128 10128 
20252 10128 128 129 
20253 10128 129 10129 
20254 10129 129 130 
20255 10129 130 10130 
20256 10130 130 131 
20257 10130 131 10131 
20258 10131 131 132 
20259 10131 132 10132 
20260 10132 132 133 
20261 10132 133 10133 
20262 10133 133 134 
20263 10133 134 10134 
20264 10134 134 135 
20265 10134 135 10135 
20266 10135 135 136 
20267 10135 136 10136 
20268 10136 136 137 
20269 10136 137 10137 
20270 10137 137 138 
20271 10137 138 10138 
20272 10138 138 139 
20273 10138 139 10139 
20274 10139 139 140 
20275 10139 140 10140 
20276 10140 140 141 
20277 10140 141 10141 
20278 10141 141 142 
20279 10141 142 10142 
20280 10142 142 143 
20281 10142 143 10143 
20282 10143 143 144 
20283 10143 144 10144 
20284 10144 144 145 
20285 10144 145 10145 
20286 10145 145 146 
20287 10145 146 10146 
20288 10146 146 147 
20289 10146 147 10147 
20290 10147 147 148 
20291 10147 148 10148 
20292 10148 148 149 
20293 10148 149 10149 
20294 10149 149 150 
20295 10149 150 10150 
20296 10150 150 151 
20297 10150 151 10151 
20298 10151 151 152 
20299 10151 152 10152 
20300 10152 152 153 
20301 10152 153 10153 
20302 10153 153 154 
20303 10153 154 10154 
20304 10154 154 155 
20305 10154 155 10155 
20306 10155 155 156 
20307 10155 156 10156 
20308 10156 156 157 
20309 10156 157 10157 
20310 10157 157 158 
20311 10157 158 10158 
20312 10158 158 159 
20313 10158 159 10159 
20314 10159 159 160 
20315 10159 160 10160 
20316 10160 160 161 
20317 10160 161 10161 
20318 10161 161 162 
20319 10161 162 10162 
20320 10162 162 163 
20321 10162 163 10163 
20322 10163 163 164 
20323 10163 164 10164 
20324 10164 164 165 
20325 10164 165 10165 
20326 10165 165 166 
20327 10165 166 10166 
20328 10166 166 167 
20329 10166 167 10167 
20330 10167 167 168 
20331 10167 168 10168 
20332 10168 168 169 
20333 10168 169 10169 
20334 10169 169 170 
20335 10169 170 10170 
20336 10170 170 171 
20337 10170 171 10171 
20338 10171 171 172 
20339 10171 172 10172 
20340 10172 172 173 
20341 10172 173 10173 
20342 10173 173 174 
20343 10173 174 10174 
20344 10174 174 175 
20345 10174 175 10175 
20346 10175 175 176 
20347 10175 176 10176 
20348 10176 176 177 
20349 10176 177 10177 
20350 10177 177 178 
20351 10177 178 10178 
20352 10178 178 179 
20353 10178 179 10179 
20354 10179 179 180 
20355 10179 180 10180 
20356 10180 180 181 
20357 10180 181 10181 
20358 10181 181 182 
20359 10181 182 10182 
20360 10182 182 183 
20361 10182 183 10183 
20362 10183 183 184 
20363 10183 184 10184 
20364 10184 184 185 
20365 10184 185 10185 
20366 10185 185 186 
20367 10185 186 10186 
20368 10186 186 187 
20369 10186 187 10187 
20370 10187 187 188 
20371 10187 188 10188 
20372 10188 188 189 
20373 10188 189 10189 
20374 10189 189 190 
20375 10189 190 10190 
20376 10190 190 191 
20377 10190 191 10191 
20378 10191 191 192 
20379 10191 192 10192 
20380 10192 192 193 
20381 10192 193 10193 
20382 10193 193 194 
20383 10193 194 10194 
20384 10194 194 195 
20385 10194 195 10195 
20386 10195 195 196 
20387 10195 196 10196 
20388 10196 196 197 
20389 10196 197 10197 
20390 10197 197 198 
20391 10197 198 10198 
20392 10198 198 199 
20393 10198 199 10199 
20394 10199 199 200 
20395 10199 200 10200 
20396 10200 200 201 
20397 10200 201 10201 
20398 10201 201 202 
20399 10201 202 203 
20400 203 202 3 
$EndElements
