$MeshFormat
4.1 0 8
$EndMeshFormat
$Entities
4 4 1 0
1 0 -0.0949999988 0 0 
2 0.100000001 -0.0949999988 0 0 
3 0.100000001 0.00499999989 0 0 
4 0 0.00499999989 0 0 
1 0 -0.0949999988 0 0.100000001 -0.0949999988 0 0 2 1 -2 
2 0.100000001 -0.0949999988 0 0.100000001 0.004999999889999995 0 0 2 2 -3 
3 0 0.00499999989 0 0.100000001 0.00499999989 0 0 2 3 -4 
4 0 -0.0949999988 0 0 0.004999999890000002 0 0 2 4 -1 
1 0 -0.0949999988 0 0.100000001 0.004999999890000002 0 0 4 1 2 3 4 
$EndEntities
$Nodes
9 3015 1 3015
0 1 0 1
1
0 -0.0949999988 0
0 2 0 1
2
0.100000001 -0.0949999988 0
0 3 0 1
3
0.100000001 0.00499999989 0
0 4 0 1
4
0 0.00499999989 0
1 1 0 49
5
6
7
8
9
10
11
12
13
14
15
16
17
18
19
20
21
22
23
24
25
26
27
28
29
30
31
32
33
34
35
36
37
38
39
40
41
42
43
44
45
46
47
48
49
50
51
52
53
0.002000000019996224 -0.0949999988 0
0.004000000039992111 -0.0949999988 0
0.006000000059987924 -0.0949999988 0
0.008000000079984665 -0.0949999988 0
0.01000000009998104 -0.0949999988 0
0.01200000011997784 -0.0949999988 0
0.01400000013997257 -0.0949999988 0
0.01600000015996674 -0.0949999988 0
0.01800000017996057 -0.0949999988 0
0.02000000019995468 -0.0949999988 0
0.02200000021994892 -0.0949999988 0
0.02400000023994294 -0.0949999988 0
0.02600000025993707 -0.0949999988 0
0.0280000002799311 -0.0949999988 0
0.03000000029992534 -0.0949999988 0
0.03200000031991877 -0.0949999988 0
0.03400000033991293 -0.0949999988 0
0.03600000035990706 -0.0949999988 0
0.03800000037990207 -0.0949999988 0
0.0400000003998956 -0.0949999988 0
0.04200000041988946 -0.0949999988 0
0.04400000043988359 -0.0949999988 0
0.04600000045987773 -0.0949999988 0
0.04800000047987186 -0.0949999988 0
0.05000000049986736 -0.0949999988 0
0.05200000051987131 -0.0949999988 0
0.05400000053987661 -0.0949999988 0
0.05600000055988235 -0.0949999988 0
0.05800000057988722 -0.0949999988 0
0.06000000059989253 -0.0949999988 0
0.06200000061989735 -0.0949999988 0
0.06400000063989918 -0.0949999988 0
0.06600000065990909 -0.0949999988 0
0.06800000067991098 -0.0949999988 0
0.0700000006999185 -0.0949999988 0
0.07200000071992506 -0.0949999988 0
0.07400000073992792 -0.0949999988 0
0.07600000075993808 -0.0949999988 0
0.07800000077994093 -0.0949999988 0
0.08000000079994748 -0.0949999988 0
0.08200000081995502 -0.0949999988 0
0.0840000008399569 -0.0949999988 0
0.08600000085996681 -0.0949999988 0
0.08800000087996555 -0.0949999988 0
0.09000000089997102 -0.0949999988 0
0.09200000091997911 -0.0949999988 0
0.09400000093998044 -0.0949999988 0
0.09600000095999058 -0.0949999988 0
0.09800000097999138 -0.0949999988 0
1 2 0 49
54
55
56
57
58
59
60
61
62
63
64
65
66
67
68
69
70
71
72
73
74
75
76
77
78
79
80
81
82
83
84
85
86
87
88
89
90
91
92
93
94
95
96
97
98
99
100
101
102
0.100000001 -0.09299999882620059 0
0.100000001 -0.09099999885240423 0
0.100000001 -0.08899999887860906 0
0.100000001 -0.08699999890481053 0
0.100000001 -0.08499999893101329 0
0.100000001 -0.08299999895721812 0
0.100000001 -0.08099999898342294 0
0.100000001 -0.0789999990096332 0
0.100000001 -0.07699999903583801 0
0.100000001 -0.07499999906204283 0
0.100000001 -0.07299999908824766 0
0.100000001 -0.07099999911445248 0
0.100000001 -0.0689999991406573 0
0.100000001 -0.06699999916686213 0
0.100000001 -0.06499999919306694 0
0.100000001 -0.06299999921927708 0
0.100000001 -0.06099999924548201 0
0.100000001 -0.05899999927168683 0
0.100000001 -0.05699999929789166 0
0.100000001 -0.05499999932409648 0
0.100000001 -0.0529999993503013 0
0.100000001 -0.05099999937650613 0
0.100000001 -0.04899999940271214 0
0.100000001 -0.04699999942892043 0
0.100000001 -0.04499999945512737 0
0.100000001 -0.04299999948132315 0
0.100000001 -0.04099999950751757 0
0.100000001 -0.03899999953371198 0
0.100000001 -0.0369999995599064 0
0.100000001 -0.03499999958610081 0
0.100000001 -0.03299999961229794 0
0.100000001 -0.03099999963849225 0
0.100000001 -0.02899999966469154 0
0.100000001 -0.0269999996908853 0
0.100000001 -0.02499999971707886 0
0.100000001 -0.02299999974327523 0
0.100000001 -0.02099999976946813 0
0.100000001 -0.01899999979566255 0
0.100000001 -0.01699999982185849 0
0.100000001 -0.01499999984805096 0
0.100000001 -0.01299999987424624 0
0.100000001 -0.0109999999004413 0
0.100000001 -0.008999999926633778 0
0.100000001 -0.006999999952834374 0
0.100000001 -0.004999999979026837 0
0.100000001 -0.003000000005222644 0
0.100000001 -0.001000000031417189 0
0.100000001 0.0009999999423900285 0
0.100000001 0.002999999916193652 0
1 3 0 49
103
104
105
106
107
108
109
110
111
112
113
114
115
116
117
118
119
120
121
122
123
124
125
126
127
128
129
130
131
132
133
134
135
136
137
138
139
140
141
142
143
144
145
146
147
148
149
150
151
0.0980000009800063 0.00499999989 0
0.09600000096000988 0.00499999989 0
0.09400000094001346 0.00499999989 0
0.09200000092001705 0.00499999989 0
0.09000000090002279 0.00499999989 0
0.08800000088002963 0.00499999989 0
0.08600000086003322 0.00499999989 0
0.08400000084004081 0.00499999989 0
0.0820000008200458 0.00499999989 0
0.08000000080005371 0.00499999989 0
0.07800000078005837 0.00499999989 0
0.07600000076006194 0.00499999989 0
0.07400000074007095 0.00499999989 0
0.07200000072007452 0.00499999989 0
0.0700000007000792 0.00499999989 0
0.0680000006800871 0.00499999989 0
0.0660000006600921 0.00499999989 0
0.0640000006400972 0.00499999989 0
0.06200000062010328 0.00499999989 0
0.06000000060010957 0.00499999989 0
0.05800000058011553 0.00499999989 0
0.05600000056012123 0.00499999989 0
0.05400000054012691 0.00499999989 0
0.05200000052013262 0.00499999989 0
0.05000000050013696 0.00499999989 0
0.04800000048013283 0.00499999989 0
0.04600000046012734 0.00499999989 0
0.04400000044012143 0.00499999989 0
0.04200000042011639 0.00499999989 0
0.04000000040011092 0.00499999989 0
0.03800000038010592 0.00499999989 0
0.03600000036010392 0.00499999989 0
0.03400000034009383 0.00499999989 0
0.03200000032009177 0.00499999989 0
0.03000000030008407 0.00499999989 0
0.02800000028007735 0.00499999989 0
0.0260000002600743 0.00499999989 0
0.02400000024006399 0.00499999989 0
0.02200000022006096 0.00499999989 0
0.02000000020005423 0.00499999989 0
0.01800000018004654 0.00499999989 0
0.01600000016004448 0.00499999989 0
0.01400000014003437 0.00499999989 0
0.01200000012003548 0.00499999989 0
0.01000000010002983 0.00499999989 0
0.00800000008002158 0.00499999989 0
0.006000000060020064 0.00499999989 0
0.004000000040009749 0.00499999989 0
0.002000000020008788 0.00499999989 0
1 4 0 49
152
153
154
155
156
157
158
159
160
161
162
163
164
165
166
167
168
169
170
171
172
173
174
175
176
177
178
179
180
181
182
183
184
185
186
187
188
189
190
191
192
193
194
195
196
197
198
199
200
0 0.002999999916204128 0
0 0.0009999999424085615 0
0 -0.001000000031386652 0
0 -0.003000000005183229 0
0 -0.004999999978980134 0
0 -0.006999999952776459 0
0 -0.008999999926571634 0
0 -0.01099999990036412 0
0 -0.01299999987415792 0
0 -0.0149999998479531 0
0 -0.01699999982174828 0
0 -0.01899999979554345 0
0 -0.02099999976933863 0
0 -0.0229999997431338 0
0 -0.02499999971692899 0
0 -0.02699999969072283 0
0 -0.02899999966451798 0
0 -0.03099999963831316 0
0 -0.03299999961210834 0
0 -0.03499999958590352 0
0 -0.0369999995596987 0
0 -0.03899999953349387 0
0 -0.04099999950728785 0
0 -0.04299999948107956 0
0 -0.04499999945487262 0
0 -0.04699999942867685 0
0 -0.04899999940248242 0
0 -0.05099999937628801 0
0 -0.05299999935009359 0
0 -0.05499999932389919 0
0 -0.05699999929770205 0
0 -0.05899999927150774 0
0 -0.06099999924530845 0
0 -0.06299999921911467 0
0 -0.06499999919292113 0
0 -0.06699999916672476 0
0 -0.06899999914053186 0
0 -0.07099999911433745 0
0 -0.07299999908814152 0
0 -0.07499999906194904 0
0 -0.07699999903575376 0
0 -0.0789999990095587 0
0 -0.08099999898336623 0
0 -0.08299999895716563 0
0 -0.08499999893097315 0
0 -0.08699999890477733 0
0 -0.08899999887858281 0
0 -0.09099999885239002 0
0 -0.09299999882619366 0
2 1 0 2815
201
202
203
204
205
206
207
208
209
210
211
212
213
214
215
216
217
218
219
220
221
222
223
224
225
226
227
228
229
230
231
232
233
234
235
236
237
238
239
240
241
242
243
244
245
246
247
248
249
250
251
252
253
254
255
256
257
258
259
260
261
262
263
264
265
266
267
268
269
270
271
272
273
274
275
276
277
278
279
280
281
282
283
284
285
286
287
288
289
290
291
292
293
294
295
296
297
298
299
300
301
302
303
304
305
306
307
308
309
310
311
312
313
314
315
316
317
318
319
320
321
322
323
324
325
326
327
328
329
330
331
332
333
334
335
336
337
338
339
340
341
342
343
344
345
346
347
348
349
350
351
352
353
354
355
356
357
358
359
360
361
362
363
364
365
366
367
368
369
370
371
372
373
374
375
376
377
378
379
380
381
382
383
384
385
386
387
388
389
390
391
392
393
394
395
396
397
398
399
400
401
402
403
404
405
406
407
408
409
410
411
412
413
414
415
416
417
418
419
420
421
422
423
424
425
426
427
428
429
430
431
432
433
434
435
436
437
438
439
440
441
442
443
444
445
446
447
448
449
450
451
452
453
454
455
456
457
458
459
460
461
462
463
464
465
466
467
468
469
470
471
472
473
474
475
476
477
478
479
480
481
482
483
484
485
486
487
488
489
490
491
492
493
494
495
496
497
498
499
500
501
502
503
504
505
506
507
508
509
510
511
512
513
514
515
516
517
518
519
520
521
522
523
524
525
526
527
528
529
530
531
532
533
534
535
536
537
538
539
540
541
542
543
544
545
546
547
548
549
550
551
552
553
554
555
556
557
558
559
560
561
562
563
564
565
566
567
568
569
570
571
572
573
574
575
576
577
578
579
580
581
582
583
584
585
586
587
588
589
590
591
592
593
594
595
596
597
598
599
600
601
602
603
604
605
606
607
608
609
610
611
612
613
614
615
616
617
618
619
620
621
622
623
624
625
626
627
628
629
630
631
632
633
634
635
636
637
638
639
640
641
642
643
644
645
646
647
648
649
650
651
652
653
654
655
656
657
658
659
660
661
662
663
664
665
666
667
668
669
670
671
672
673
674
675
676
677
678
679
680
681
682
683
684
685
686
687
688
689
690
691
692
693
694
695
696
697
698
699
700
701
702
703
704
705
706
707
708
709
710
711
712
713
714
715
716
717
718
719
720
721
722
723
724
725
726
727
728
729
730
731
732
733
734
735
736
737
738
739
740
741
742
743
744
745
746
747
748
749
750
751
752
753
754
755
756
757
758
759
760
761
762
763
764
765
766
767
768
769
770
771
772
773
774
775
776
777
778
779
780
781
782
783
784
785
786
787
788
789
790
791
792
793
794
795
796
797
798
799
800
801
802
803
804
805
806
807
808
809
810
811
812
813
814
815
816
817
818
819
820
821
822
823
824
825
826
827
828
829
830
831
832
833
834
835
836
837
838
839
840
841
842
843
844
845
846
847
848
849
850
851
852
853
854
855
856
857
858
859
860
861
862
863
864
865
866
867
868
869
870
871
872
873
874
875
876
877
878
879
880
881
882
883
884
885
886
887
888
889
890
891
892
893
894
895
896
897
898
899
900
901
902
903
904
905
906
907
908
909
910
911
912
913
914
915
916
917
918
919
920
921
922
923
924
925
926
927
928
929
930
931
932
933
934
935
936
937
938
939
940
941
942
943
944
945
946
947
948
949
950
951
952
953
954
955
956
957
958
959
960
961
962
963
964
965
966
967
968
969
970
971
972
973
974
975
976
977
978
979
980
981
982
983
984
985
986
987
988
989
990
991
992
993
994
995
996
997
998
999
1000
1001
1002
1003
1004
1005
1006
1007
1008
1009
1010
1011
1012
1013
1014
1015
1016
1017
1018
1019
1020
1021
1022
1023
1024
1025
1026
1027
1028
1029
1030
1031
1032
1033
1034
1035
1036
1037
1038
1039
1040
1041
1042
1043
1044
1045
1046
1047
1048
1049
1050
1051
1052
1053
1054
1055
1056
1057
1058
1059
1060
1061
1062
1063
1064
1065
1066
1067
1068
1069
1070
1071
1072
1073
1074
1075
1076
1077
1078
1079
1080
1081
1082
1083
1084
1085
1086
1087
1088
1089
1090
1091
1092
1093
1094
1095
1096
1097
1098
1099
1100
1101
1102
1103
1104
1105
1106
1107
1108
1109
1110
1111
1112
1113
1114
1115
1116
1117
1118
1119
1120
1121
1122
1123
1124
1125
1126
1127
1128
1129
1130
1131
1132
1133
1134
1135
1136
1137
1138
1139
1140
1141
1142
1143
1144
1145
1146
1147
1148
1149
1150
1151
1152
1153
1154
1155
1156
1157
1158
1159
1160
1161
1162
1163
1164
1165
1166
1167
1168
1169
1170
1171
1172
1173
1174
1175
1176
1177
1178
1179
1180
1181
1182
1183
1184
1185
1186
1187
1188
1189
1190
1191
1192
1193
1194
1195
1196
1197
1198
1199
1200
1201
1202
1203
1204
1205
1206
1207
1208
1209
1210
1211
1212
1213
1214
1215
1216
1217
1218
1219
1220
1221
1222
1223
1224
1225
1226
1227
1228
1229
1230
1231
1232
1233
1234
1235
1236
1237
1238
1239
1240
1241
1242
1243
1244
1245
1246
1247
1248
1249
1250
1251
1252
1253
1254
1255
1256
1257
1258
1259
1260
1261
1262
1263
1264
1265
1266
1267
1268
1269
1270
1271
1272
1273
1274
1275
1276
1277
1278
1279
1280
1281
1282
1283
1284
1285
1286
1287
1288
1289
1290
1291
1292
1293
1294
1295
1296
1297
1298
1299
1300
1301
1302
1303
1304
1305
1306
1307
1308
1309
1310
1311
1312
1313
1314
1315
1316
1317
1318
1319
1320
1321
1322
1323
1324
1325
1326
1327
1328
1329
1330
1331
1332
1333
1334
1335
1336
1337
1338
1339
1340
1341
1342
1343
1344
1345
1346
1347
1348
1349
1350
1351
1352
1353
1354
1355
1356
1357
1358
1359
1360
1361
1362
1363
1364
1365
1366
1367
1368
1369
1370
1371
1372
1373
1374
1375
1376
1377
1378
1379
1380
1381
1382
1383
1384
1385
1386
1387
1388
1389
1390
1391
1392
1393
1394
1395
1396
1397
1398
1399
1400
1401
1402
1403
1404
1405
1406
1407
1408
1409
1410
1411
1412
1413
1414
1415
1416
1417
1418
1419
1420
1421
1422
1423
1424
1425
1426
1427
1428
1429
1430
1431
1432
1433
1434
1435
1436
1437
1438
1439
1440
1441
1442
1443
1444
1445
1446
1447
1448
1449
1450
1451
1452
1453
1454
1455
1456
1457
1458
1459
1460
1461
1462
1463
1464
1465
1466
1467
1468
1469
1470
1471
1472
1473
1474
1475
1476
1477
1478
1479
1480
1481
1482
1483
1484
1485
1486
1487
1488
1489
1490
1491
1492
1493
1494
1495
1496
1497
1498
1499
1500
1501
1502
1503
1504
1505
1506
1507
1508
1509
1510
1511
1512
1513
1514
1515
1516
1517
1518
1519
1520
1521
1522
1523
1524
1525
1526
1527
1528
1529
1530
1531
1532
1533
1534
1535
1536
1537
1538
1539
1540
1541
1542
1543
1544
1545
1546
1547
1548
1549
1550
1551
1552
1553
1554
1555
1556
1557
1558
1559
1560
1561
1562
1563
1564
1565
1566
1567
1568
1569
1570
1571
1572
1573
1574
1575
1576
1577
1578
1579
1580
1581
1582
1583
1584
1585
1586
1587
1588
1589
1590
1591
1592
1593
1594
1595
1596
1597
1598
1599
1600
1601
1602
1603
1604
1605
1606
1607
1608
1609
1610
1611
1612
1613
1614
1615
1616
1617
1618
1619
1620
1621
1622
1623
1624
1625
1626
1627
1628
1629
1630
1631
1632
1633
1634
1635
1636
1637
1638
1639
1640
1641
1642
1643
1644
1645
1646
1647
1648
1649
1650
1651
1652
1653
1654
1655
1656
1657
1658
1659
1660
1661
1662
1663
1664
1665
1666
1667
1668
1669
1670
1671
1672
1673
1674
1675
1676
1677
1678
1679
1680
1681
1682
1683
1684
1685
1686
1687
1688
1689
1690
1691
1692
1693
1694
1695
1696
1697
1698
1699
1700
1701
1702
1703
1704
1705
1706
1707
1708
1709
1710
1711
1712
1713
1714
1715
1716
1717
1718
1719
1720
1721
1722
1723
1724
1725
1726
1727
1728
1729
1730
1731
1732
1733
1734
1735
1736
1737
1738
1739
1740
1741
1742
1743
1744
1745
1746
1747
1748
1749
1750
1751
1752
1753
1754
1755
1756
1757
1758
1759
1760
1761
1762
1763
1764
1765
1766
1767
1768
1769
1770
1771
1772
1773
1774
1775
1776
1777
1778
1779
1780
1781
1782
1783
1784
1785
1786
1787
1788
1789
1790
1791
1792
1793
1794
1795
1796
1797
1798
1799
1800
1801
1802
1803
1804
1805
1806
1807
1808
1809
1810
1811
1812
1813
1814
1815
1816
1817
1818
1819
1820
1821
1822
1823
1824
1825
1826
1827
1828
1829
1830
1831
1832
1833
1834
1835
1836
1837
1838
1839
1840
1841
1842
1843
1844
1845
1846
1847
1848
1849
1850
1851
1852
1853
1854
1855
1856
1857
1858
1859
1860
1861
1862
1863
1864
1865
1866
1867
1868
1869
1870
1871
1872
1873
1874
1875
1876
1877
1878
1879
1880
1881
1882
1883
1884
1885
1886
1887
1888
1889
1890
1891
1892
1893
1894
1895
1896
1897
1898
1899
1900
1901
1902
1903
1904
1905
1906
1907
1908
1909
1910
1911
1912
1913
1914
1915
1916
1917
1918
1919
1920
1921
1922
1923
1924
1925
1926
1927
1928
1929
1930
1931
1932
1933
1934
1935
1936
1937
1938
1939
1940
1941
1942
1943
1944
1945
1946
1947
1948
1949
1950
1951
1952
1953
1954
1955
1956
1957
1958
1959
1960
1961
1962
1963
1964
1965
1966
1967
1968
1969
1970
1971
1972
1973
1974
1975
1976
1977
1978
1979
1980
1981
1982
1983
1984
1985
1986
1987
1988
1989
1990
1991
1992
1993
1994
1995
1996
1997
1998
1999
2000
2001
2002
2003
2004
2005
2006
2007
2008
2009
2010
2011
2012
2013
2014
2015
2016
2017
2018
2019
2020
2021
2022
2023
2024
2025
2026
2027
2028
2029
2030
2031
2032
2033
2034
2035
2036
2037
2038
2039
2040
2041
2042
2043
2044
2045
2046
2047
2048
2049
2050
2051
2052
2053
2054
2055
2056
2057
2058
2059
2060
2061
2062
2063
2064
2065
2066
2067
2068
2069
2070
2071
2072
2073
2074
2075
2076
2077
2078
2079
2080
2081
2082
2083
2084
2085
2086
2087
2088
2089
2090
2091
2092
2093
2094
2095
2096
2097
2098
2099
2100
2101
2102
2103
2104
2105
2106
2107
2108
2109
2110
2111
2112
2113
2114
2115
2116
2117
2118
2119
2120
2121
2122
2123
2124
2125
2126
2127
2128
2129
2130
2131
2132
2133
2134
2135
2136
2137
2138
2139
2140
2141
2142
2143
2144
2145
2146
2147
2148
2149
2150
2151
2152
2153
2154
2155
2156
2157
2158
2159
2160
2161
2162
2163
2164
2165
2166
2167
2168
2169
2170
2171
2172
2173
2174
2175
2176
2177
2178
2179
2180
2181
2182
2183
2184
2185
2186
2187
2188
2189
2190
2191
2192
2193
2194
2195
2196
2197
2198
2199
2200
2201
2202
2203
2204
2205
2206
2207
2208
2209
2210
2211
2212
2213
2214
2215
2216
2217
2218
2219
2220
2221
2222
2223
2224
2225
2226
2227
2228
2229
2230
2231
2232
2233
2234
2235
2236
2237
2238
2239
2240
2241
2242
2243
2244
2245
2246
2247
2248
2249
2250
2251
2252
2253
2254
2255
2256
2257
2258
2259
2260
2261
2262
2263
2264
2265
2266
2267
2268
2269
2270
2271
2272
2273
2274
2275
2276
2277
2278
2279
2280
2281
2282
2283
2284
2285
2286
2287
2288
2289
2290
2291
2292
2293
2294
2295
2296
2297
2298
2299
2300
2301
2302
2303
2304
2305
2306
2307
2308
2309
2310
2311
2312
2313
2314
2315
2316
2317
2318
2319
2320
2321
2322
2323
2324
2325
2326
2327
2328
2329
2330
2331
2332
2333
2334
2335
2336
2337
2338
2339
2340
2341
2342
2343
2344
2345
2346
2347
2348
2349
2350
2351
2352
2353
2354
2355
2356
2357
2358
2359
2360
2361
2362
2363
2364
2365
2366
2367
2368
2369
2370
2371
2372
2373
2374
2375
2376
2377
2378
2379
2380
2381
2382
2383
2384
2385
2386
2387
2388
2389
2390
2391
2392
2393
2394
2395
2396
2397
2398
2399
2400
2401
2402
2403
2404
2405
2406
2407
2408
2409
2410
2411
2412
2413
2414
2415
2416
2417
2418
2419
2420
2421
2422
2423
2424
2425
2426
2427
2428
2429
2430
2431
2432
2433
2434
2435
2436
2437
2438
2439
2440
2441
2442
2443
2444
2445
2446
2447
2448
2449
2450
2451
2452
2453
2454
2455
2456
2457
2458
2459
2460
2461
2462
2463
2464
2465
2466
2467
2468
2469
2470
2471
2472
2473
2474
2475
2476
2477
2478
2479
2480
2481
2482
2483
2484
2485
2486
2487
2488
2489
2490
2491
2492
2493
2494
2495
2496
2497
2498
2499
2500
2501
2502
2503
2504
2505
2506
2507
2508
2509
2510
2511
2512
2513
2514
2515
2516
2517
2518
2519
2520
2521
2522
2523
2524
2525
2526
2527
2528
2529
2530
2531
2532
2533
2534
2535
2536
2537
2538
2539
2540
2541
2542
2543
2544
2545
2546
2547
2548
2549
2550
2551
2552
2553
2554
2555
2556
2557
2558
2559
2560
2561
2562
2563
2564
2565
2566
2567
2568
2569
2570
2571
2572
2573
2574
2575
2576
2577
2578
2579
2580
2581
2582
2583
2584
2585
2586
2587
2588
2589
2590
2591
2592
2593
2594
2595
2596
2597
2598
2599
2600
2601
2602
2603
2604
2605
2606
2607
2608
2609
2610
2611
2612
2613
2614
2615
2616
2617
2618
2619
2620
2621
2622
2623
2624
2625
2626
2627
2628
2629
2630
2631
2632
2633
2634
2635
2636
2637
2638
2639
2640
2641
2642
2643
2644
2645
2646
2647
2648
2649
2650
2651
2652
2653
2654
2655
2656
2657
2658
2659
2660
2661
2662
2663
2664
2665
2666
2667
2668
2669
2670
2671
2672
2673
2674
2675
2676
2677
2678
2679
2680
2681
2682
2683
2684
2685
2686
2687
2688
2689
2690
2691
2692
2693
2694
2695
2696
2697
2698
2699
2700
2701
2702
2703
2704
2705
2706
2707
2708
2709
2710
2711
2712
2713
2714
2715
2716
2717
2718
2719
2720
2721
2722
2723
2724
2725
2726
2727
2728
2729
2730
2731
2732
2733
2734
2735
2736
2737
2738
2739
2740
2741
2742
2743
2744
2745
2746
2747
2748
2749
2750
2751
2752
2753
2754
2755
2756
2757
2758
2759
2760
2761
2762
2763
2764
2765
2766
2767
2768
2769
2770
2771
2772
2773
2774
2775
2776
2777
2778
2779
2780
2781
2782
2783
2784
2785
2786
2787
2788
2789
2790
2791
2792
2793
2794
2795
2796
2797
2798
2799
2800
2801
2802
2803
2804
2805
2806
2807
2808
2809
2810
2811
2812
2813
2814
2815
2816
2817
2818
2819
2820
2821
2822
2823
2824
2825
2826
2827
2828
2829
2830
2831
2832
2833
2834
2835
2836
2837
2838
2839
2840
2841
2842
2843
2844
2845
2846
2847
2848
2849
2850
2851
2852
2853
2854
2855
2856
2857
2858
2859
2860
2861
2862
2863
2864
2865
2866
2867
2868
2869
2870
2871
2872
2873
2874
2875
2876
2877
2878
2879
2880
2881
2882
2883
2884
2885
2886
2887
2888
2889
2890
2891
2892
2893
2894
2895
2896
2897
2898
2899
2900
2901
2902
2903
2904
2905
2906
2907
2908
2909
2910
2911
2912
2913
2914
2915
2916
2917
2918
2919
2920
2921
2922
2923
2924
2925
2926
2927
2928
2929
2930
2931
2932
2933
2934
2935
2936
2937
2938
2939
2940
2941
2942
2943
2944
2945
2946
2947
2948
2949
2950
2951
2952
2953
2954
2955
2956
2957
2958
2959
2960
2961
2962
2963
2964
2965
2966
2967
2968
2969
2970
2971
2972
2973
2974
2975
2976
2977
2978
2979
2980
2981
2982
2983
2984
2985
2986
2987
2988
2989
2990
2991
2992
2993
2994
2995
2996
2997
2998
2999
3000
3001
3002
3003
3004
3005
3006
3007
3008
3009
3010
3011
3012
3013
3014
3015
0.04900000045001006 0.003267949044831403 0
0.05106154420587381 -0.09342093058744114 0
0.00159412551189962 -0.04596989937315488 0
0.09809760423170703 -0.04376463215207622 0
0.03900000037984322 -0.09326794797679583 0
0.06100000055043513 0.003267949031025455 0
0.001754814323406872 -0.03397976741033319 0
0.09815756146744445 -0.05611318181219183 0
0.06300000062989826 -0.09326794797510903 0
0.03700000037010492 0.003267949065108887 0
0.001900482649436775 -0.05771080055643914 0
0.09823288637597445 -0.03201370677841201 0
0.02900000030219751 -0.09326794797132924 0
0.0710000005185758 0.003267948741378342 0
0.09863816336444577 -0.06605190095552513 0
0.00184055534103748 -0.02391905157643414 0
0.07300000072992649 -0.09326794797510814 0
0.02700000026001337 0.003267949066787328 0
0.001908914658551054 -0.06786670477279048 0
0.09809836498063768 -0.02230823956268345 0
0.07900000077360635 0.003267948973907839 0
0.02100000022000745 -0.0932679479767953 0
0.09809907997222389 -0.07429724588656884 0
0.001910020385574343 -0.01588259183394439 0
0.08103077275121713 -0.09328571415591042 0
0.01900000021755189 0.003267949035512841 0
0.00184166348680514 -0.07590045301093731 0
0.09864030415539798 -0.01406198941835671 0
0.09814772107028824 -0.08179729753676969 0
0.00173205078487367 -0.007999999939674046 0
0.08700000068263888 0.003267948874642965 0
0.0130068329147683 -0.09321747786268253 0
0.01300000022242838 0.003267949015552284 0
0.08700000086355898 -0.09326794797790741 0
0.0430000003569736 0.003267948961945823 0
0.05706154424934205 -0.09342093058766318 0
0.05500000045544546 0.003267948940099238 0
0.04502198036999836 -0.0933645975760347 0
0.001773342930525148 -0.04000523890734226 0
0.0980957102292786 -0.05020389690102557 0
0.001794583564096556 -0.05181193994963749 0
0.09816845005861169 -0.0378717281110665 0
0.09841216181382384 -0.007954436396817853 0
0.001854394114738862 -0.08183941138939801 0
0.007000000094797099 0.003267949059071676 0
0.09300000092997976 -0.09326794797510946 0
0.09300000062820618 0.003267948761247683 0
0.006800786890413008 -0.09331501291979123 0
0.09822174077948084 -0.00197379741335053 0
0.001747958147414149 -0.08805966752493338 0
0.09809826815600135 -0.08824686257653525 0
0.001778260163206521 -0.001973797061621492 0
0.03300000031029407 0.003267949041008786 0
0.06702198046781581 -0.09336459752349463 0
0.02300000025003543 0.003267949014584988 0
0.07700000076993958 -0.09326794797510815 0
0.07500000069832685 0.003267948859484392 0
0.03500000035516238 -0.09326794797902732 0
0.08300000083004336 0.003267949065117324 0
0.01674268853034997 -0.09323308514951958 0
0.0250000002579846 -0.09326794798084237 0
0.06500000065009467 0.003267949065115458 0
0.09851255837137442 -0.06002687987660616 0
0.001902401663193184 -0.02981995568391274 0
0.001732050784882014 -0.06199999923221156 0
0.09840679473177046 -0.02811695087558462 0
0.09820526761154809 -0.01809828110305569 0
0.001732050784882534 -0.0719999991012395 0
0.09820648611314575 -0.07008615882194473 0
0.001732050784874832 -0.01999999978244104 0
0.09823887759021539 -0.07804898220434958 0
0.001907058436732166 -0.01216074852712595 0
0.09699342927453 -0.09338362747692323 0
0.003077350419229043 0.003312607239954959 0
0.003077350308060329 -0.09331260618005974 0
0.09692265047741606 0.003312606998661315 0
0.02500000025754491 0.00326794903184746 0
0.02600000026262021 0.001535898234752118 0
0.02800000025428899 0.001535898246439094 0
0.02700000025938485 -0.0001961525678490421 0
0.02900000024497514 -0.0001961525708724521 0
0.02800000023341809 -0.001928203371635238 0
0.03000000022785304 -0.001928203385571463 0
0.02900000022372551 -0.003660254181200922 0
0.0310000002153784 -0.00366025419928077 0
0.03000000021201938 -0.005392304994750815 0
0.03200000020293543 -0.00539230501372687 0
0.03100000020016096 -0.007124355808985405 0
0.03300000019088251 -0.007124355828173249 0
0.03200000018817305 -0.008856406623431833 0
0.03400000019436965 -0.008856406652075412 0
0.03300000017309487 -0.01058845744275659 0
0.03500000017376398 -0.01058845746126846 0
0.03400000015914489 -0.01232050825717582 0
0.03600000015882055 -0.01232050828020723 0
0.03500000014632663 -0.01405255907240176 0
0.03700000014619092 -0.01405255909177523 0
0.03600000013408264 -0.01578460988653368 0
0.03800000013404263 -0.01578460990572481 0
0.03700000012201458 -0.0175166607008802 0
0.03900000012200391 -0.01751666071471575 0
0.03800000010998857 -0.01924871151397064 0
0.04000000010999046 -0.01924871152806224 0
0.03900000009798487 -0.02098076232850845 0
0.04100000009798492 -0.02098076234238129 0
0.0400000000859806 -0.0227128131429748 0
0.04200000008596191 -0.02271281315685592 0
0.04100000007397345 -0.0244448639574377 0
0.04300000007394955 -0.02444486397133701 0
0.0420000000614508 -0.02617691477208281 0
0.04400000006183803 -0.026176914785869 0
0.04300000004934243 -0.02790896558664819 0
0.04500000004986097 -0.02790896560037215 0
0.04400000003784225 -0.02964101640098657 0
0.04600000003792942 -0.02964101641484529 0
0.04500000002518274 -0.0313730672157848 0
0.0470000000257184 -0.03137306722944494 0
0.04600000001303496 -0.0331051180303685 0
0.04800000001373231 -0.03310511804393823 0
0.04700000000368248 -0.03483716884565996 0
0.04900000000195247 -0.03483716885832627 0
0.04799999999215699 -0.03656921966026033 0
0.04999999999014982 -0.03656921967311023 0
0.04899999997832867 -0.03830127047375392 0
0.05099999997790167 -0.03830127048728086 0
0.04999999996596079 -0.04003332128801168 0
0.05100000000170168 -0.03483716887254591 0
0.05199999996581001 -0.04003332130158334 0
0.05099999995396166 -0.04176537210218662 0
0.0489999999539488 -0.04176537208858542 0
0.04999999994188439 -0.04349742290202819 0
0.04799999994192052 -0.04349742288914172 0
0.05199999994303271 -0.04349742291287046 0
0.04899999992985363 -0.04522947370251441 0
0.04699999992990392 -0.04522947368973879 0
0.04799999991753431 -0.04696152450390501 0
0.04599999991783467 -0.04696152449046568 0
0.04699999990548559 -0.04869357530466047 0
0.04499999990578329 -0.04869357529112154 0
0.04200000003644994 -0.02964101638695066 0
0.04599999989375356 -0.05042562610548715 0
0.04399999989389987 -0.05042562609162314 0
0.0449999998817751 -0.05215767690614491 0
0.04699999988178689 -0.05215767692000955 0
0.04299999988189608 -0.052157676892228 0
0.04399999986976481 -0.05388972770677481 0
0.0419999998698744 -0.05388972769267797 0
0.04099999988223148 -0.05215767687864365 0
0.03999999987056416 -0.05388972767842783 0
0.03899999988328362 -0.05215767687549781 0
0.03799999987222832 -0.05388972766574485 0
0.04600000006174226 -0.02617691479982323 0
0.03699999987934838 -0.05215767686770312 0
0.04299999985759141 -0.05562177850688877 0
0.0370000000979846 -0.02098076231452908 0
0.03599999987403872 -0.05388972765253731 0
0.03499999988159438 -0.05215767684529209 0
0.03399999987748482 -0.05388972763725253 0
0.0349999998640923 -0.05562177844731978 0
0.03300000014624499 -0.01405255905713342 0
0.03299999989189219 -0.05215767682667252 0
0.03299999986837707 -0.05562177843287372 0
0.03399999985411273 -0.05735382924347276 0
0.03199999985826411 -0.05735382922948183 0
0.0329999998439039 -0.05908588004024549 0
0.03099999984787712 -0.05908588002642692 0
0.0319999998332829 -0.06081793083727977 0
0.02999999983724663 -0.0608179308238421 0
0.03099999982275678 -0.06254998163483935 0
0.04200000010940234 -0.01924871154206064 0
0.0290000001940167 -0.007124355798613804 0
0.02899999982648128 -0.06254998162141379 0
0.02899999984931367 -0.05908588001976823 0
0.0299999998126191 -0.06428203243291686 0
0.03199999980775273 -0.06428203244834362 0
0.02799999981582001 -0.06428203241836421 0
0.03099999979862532 -0.06601408324674285 0
0.03299999979567603 -0.06601408326247624 0
0.03199999978558458 -0.06774613406149407 0
0.03399999978543805 -0.06774613407584855 0
0.03299999977344299 -0.06947818487607096 0
0.03499999977347899 -0.0694781848903222 0
0.03399999989780433 -0.05042562603158833 0
0.03199999990712354 -0.0504256260159933 0
0.03299999991024757 -0.04869357522335977 0
0.03099999992198538 -0.04869357520657301 0
0.03199999993031613 -0.04696152441142931 0
0.02999999993807827 -0.04696152439689076 0
0.03099999994632256 -0.04522947360248565 0
0.02899999995390475 -0.0452294735883695 0
0.0299999999618033 -0.04349742279446281 0
0.02799999996962878 -0.0434974227813228 0
0.02699999996216578 -0.04522947357435048 0
0.02599999997861126 -0.04349742276791294 0
0.02699999998541081 -0.0417653719750173 0
0.0249999999950693 -0.04176537196176369 0
0.02600000000154321 -0.0400333211692191 0
0.02499999995190028 -0.04522947357609707 0
0.02400000001168959 -0.04003332115603803 0
0.0250000000154199 -0.03830127036532583 0
0.02300000002816538 -0.03830127035053185 0
0.02400000003310935 -0.03656921955953302 0
0.03399999976117669 -0.07121023569072583 0
0.03599999976119456 -0.07121023570500336 0
0.03199999976118909 -0.07121023567642945 0
0.02200000003941598 -0.03656921955361406 0
0.02300000004787889 -0.0348371687567454 0
0.02099999999794944 -0.0383012703918895 0
0.03800000017157525 -0.01232050831537633 0
0.02100000004554049 -0.03483716876561303 0
0.0220000000682673 -0.0331051179493056 0
0.03299999974883473 -0.07294228649113613 0
0.03099999974921546 -0.07294228647706225 0
0.02000000007942233 -0.03310511793600812 0
0.02100000008450256 -0.03137306714538465 0
0.03199999973653232 -0.07467433729159313 0
0.02999999973691988 -0.07467433727752693 0
0.01900000009684977 -0.03137306713171471 0
0.02000000010099589 -0.02964101634154256 0
0.02400000005986776 -0.03310511797676542 0
0.03699999977359338 -0.06947818490456781 0
0.03799999976121667 -0.07121023571928142 0
0.03899999977359338 -0.06947818491885405 0
0.03999999976122039 -0.07121023573356633 0
0.04099999977158032 -0.06947818493430251 0
0.04199999976088549 -0.07121023574804605 0
0.04299999977118902 -0.06947818495110511 0
0.04399999976076448 -0.0712102357463498 0
0.04499999977359339 -0.06947818496171281 0
0.0459999997757317 -0.07121023574893759 0
0.04699999977601181 -0.06947818497141781 0
0.0479999997786293 -0.07121023577694469 0
0.04899999977689784 -0.0694781849872273 0
0.04999999976725409 -0.071210235791276 0
0.05099999977348046 -0.06947818500394498 0
0.05199999978043807 -0.07121023579693976 0
0.05299999977491129 -0.06947818501703587 0
0.05399999978029302 -0.0712102358205069 0
0.05499999977699167 -0.06947818503159231 0
0.05599999976496615 -0.0712102358454202 0
0.0569999997739033 -0.06947818504725722 0
0.05799999976189694 -0.07121023586170741 0
0.05899999977375765 -0.0694781850616152 0
0.05999999976136115 -0.07121023587633908 0
0.06099999977359337 -0.06947818507600266 0
0.06199999976124448 -0.07121023589069975 0
0.06299999977361356 -0.06947818509030522 0
0.06399999976110621 -0.07121023590507164 0
0.06499999977324196 -0.06947818510461658 0
0.0639999997860084 -0.06774613429019813 0
0.0659999997853989 -0.06774613430472416 0
0.0669999997726778 -0.06947818511833279 0
0.06799999978396642 -0.0677461343043121 0
0.06699999979732607 -0.06601408350363595 0
0.06899999979466172 -0.06601408350273028 0
0.06799999980874183 -0.06428203270520282 0
0.06899999980657059 -0.06947818505031834 0
0.06999999980484387 -0.06428203271922811 0
0.06899999981937929 -0.06254998191110327 0
0.07099999981470299 -0.06254998192577078 0
0.06999999982939066 -0.06081793111572701 0
0.07199999982329736 -0.06081793111986397 0
0.07099999983570751 -0.05908588030995914 0
0.07299999983117506 -0.05908588032149038 0
0.07199999984733739 -0.05735382951173078 0
0.07299999982633756 -0.06254998189670867 0
0.07399999983952273 -0.05735382952664117 0
0.07299999985942057 -0.0556217787271138 0
0.07499999984772381 -0.05562177873473666 0
0.07399999986444811 -0.05388972794049654 0
0.07599999985434427 -0.05388972795311227 0
0.07499999987182245 -0.05215767714925021 0
0.06899999983693073 -0.0590858802884241 0
0.07699999986144196 -0.05215767716206252 0
0.07599999987886416 -0.05042562635802831 0
0.07399999988578967 -0.05042562633090389 0
0.07499999989803699 -0.04869357555076814 0
0.0769999998546097 -0.05562177873896687 0
0.07699999988620335 -0.04869357556636529 0
0.07599999990434382 -0.04696152476151412 0
0.07399999991500118 -0.04696152474724102 0
0.07499999992247897 -0.04522947395640005 0
0.07699999991145602 -0.04522947397126207 0
0.07599999992998335 -0.04349742316590326 0
0.07399999994050585 -0.04349742315052335 0
0.07499999994855179 -0.04176537235957618 0
0.07299999995848631 -0.04176537234405094 0
0.07399999996694413 -0.0400333215523533 0
0.07599999995839653 -0.04003332156628923 0
0.07499999997649298 -0.03830127075941053 0
0.07299999998441023 -0.03830127074437681 0
0.07399999999353199 -0.03656921995168033 0
0.07599999998600217 -0.03656921996748729 0
0.07500000000356466 -0.03483716915835822 0
0.07300000000997078 -0.03483716914255053 0
0.07400000002088333 -0.03310511834814317 0
0.07200000002596901 -0.03310511833223621 0
0.07300000003816434 -0.03137306753608868 0
0.07100000004220311 -0.03137306752031891 0
0.07200000005414696 -0.02964101672388886 0
0.0740000000506616 -0.02964101673984392 0
0.07300000006661378 -0.02790896592695364 0
0.07100000006942307 -0.02790896591063263 0
0.07200000008258857 -0.02617691511297346 0
0.0700000000843468 -0.02617691509626387 0
0.07100000009815723 -0.02444486429790655 0
0.06900000010615087 -0.02444486427695882 0
0.07300000009699018 -0.02444486431766917 0
0.07000000011423195 -0.02271281348152525 0
0.06800000012200352 -0.02271281345207745 0
0.06900000012923048 -0.0209807626640456 0
0.06700000012932057 -0.02098076263869872 0
0.06800000014259314 -0.01924871184828478 0
0.0660000001424097 -0.01924871183160942 0
0.06700000015648398 -0.01751666103460542 0
0.06900000015657948 -0.01751666105093395 0
0.0650000001565488 -0.0175166610175349 0
0.04299999976914404 -0.07294228650643128 0
0.05499999975391242 -0.07294228663553018 0
0.06299999974883361 -0.07294228670543593 0
0.05599999978545148 -0.06774613423286172 0
0.04899999978160152 -0.07294228656850835 0
0.07699999999594095 -0.03483716917481037 0
0.06500000012624124 -0.02098076262816204 0
0.0680000001709639 -0.01578461023532519 0
0.07000000017096658 -0.01578461025201646 0
0.0700000000302692 -0.03310511831678604 0
0.01800000004550766 -0.03310511799690996 0
0.06900000018541208 -0.01405255943616931 0
0.07100000018541515 -0.01405255945285884 0
0.01800000011403781 -0.0296410163272324 0
0.01900000009145904 -0.027908965562604 0
0.02100000010423515 -0.02790896556069271 0
0.02000000012557068 -0.02617691474425215 0
0.01800000008418462 -0.02617691479413402 0
0.01900000013274445 -0.02444486394980339 0
0.0270000000045373 -0.03830127038271462 0
0.03199999995457723 -0.0434974228076636 0
0.03099999972418287 -0.07640638809202986 0
0.02899999972418702 -0.07640638807774325 0
0.02799999973768944 -0.07467433726194556 0
0.02699999972431598 -0.07640638806323949 0
0.0259999997374634 -0.07467433724718865 0
0.0249999997242998 -0.07640638804883695 0
0.02399999973600832 -0.07467433723388815 0
0.02299999972405459 -0.07640638803469404 0
0.02199999973520574 -0.07467433722008827 0
0.02099999972406818 -0.07640638802047113 0
0.01999999973612752 -0.0746743372067384 0
0.01899999972510131 -0.0764063879950901 0
0.01799999974257495 -0.07467433718876318 0
0.01699999973327347 -0.07640638797473576 0
0.01899999975075484 -0.07294228639361103 0
0.01699999975814074 -0.07294228637273743 0
0.0179999997639915 -0.07121023558352343 0
0.01700000015198697 -0.0244448639262193 0
0.01800000015551611 -0.02271281313642619 0
0.02100000013236179 -0.02444486395989926 0
0.07000000019987659 -0.01232050863694923 0
0.07200000019987669 -0.01232050865365055 0
0.06800000019987618 -0.01232050862024929 0
0.07300000018468034 -0.01405255946914733 0
0.07400000019975425 -0.01232050867028326 0
0.07500000018453745 -0.01405255948576859 0
0.07600000019969699 -0.01232050868696747 0
0.077000000185799 -0.01405255950308944 0
0.07800000019987609 -0.01232050870375766 0
0.07900000018650463 -0.0140525595196402 0
0.08000000019987608 -0.01232050872045925 0
0.08100000018574746 -0.01405255953551141 0
0.08200000019905773 -0.01232050873734218 0
0.08300000018912322 -0.01405255954683077 0
0.08200000017218999 -0.01578461034780729 0
0.04500000000572913 -0.0348371688537281 0
0.06800000008981705 -0.02617691505499186 0
0.04999999978596567 -0.06774613418985949 0
0.02600000025145273 -0.00192820341247506 0
0.08400000017923773 -0.01578461035227065 0
0.08300000015791933 -0.0175166611575596 0
0.0840000001999705 -0.01232050875180134 0
0.01600000016843011 -0.02271281312120212 0
0.01700000017361189 -0.02098076232975758 0
0.01999999972893424 -0.07813843879331077 0
0.02799999972870212 -0.07813843886031996 0
0.01599999977017446 -0.0712102355644787 0
0.01699999977720468 -0.06947818477616796 0
0.01500000011595607 -0.02444486399472412 0
0.01500000018511894 -0.02098076231645499 0
0.0160000001907576 -0.01924871152434918 0
0.01800000018091202 -0.01924871153837779 0
0.01700000019665341 -0.01751666073072221 0
0.01900000018922238 -0.01751666074459426 0
0.01800000020336815 -0.01578460993544058 0
0.01600000021034816 -0.01578460992296206 0
0.0170000002170855 -0.01405255912716548 0
0.01499999978486077 -0.06947818476390674 0
0.0159999997920878 -0.06774613397142942 0
0.03299999972412271 -0.07640638809469366 0
0.08500000014964476 -0.01751666117624678 0
0.08400000013941537 -0.01924871196916424 0
0.01500000022342055 -0.01405255911449006 0
0.01600000023092089 -0.01232050831849773 0
0.0690000002143402 -0.01058845782103116 0
0.06700000021434015 -0.01058845780432982 0
0.08100000021395239 -0.01058845792171835 0
0.03500000021574665 -0.007124355869876944 0
0.04499999991876422 -0.04522947370529219 0
0.0750000002142788 -0.01058845787113211 0
0.01399999980267234 -0.0677461339582707 0
0.01499999980862845 -0.06601408316709925 0
0.01399999977929718 -0.07121023554308295 0
0.01400000023488458 -0.01232050830519982 0
0.01500000024133653 -0.01058845750740664 0
0.08600000013097678 -0.01924871198545097 0
0.0850000001217158 -0.02098076277702078 0
0.06800000022880417 -0.008856407005111835 0
0.06600000022880416 -0.008856406988410229 0
0.02000000019724875 -0.01578460994884665 0
0.03999999978533338 -0.06774613412000539 0
0.01700000023964343 -0.01058845752064118 0
0.01600000025150755 -0.008856406709626808 0
0.0140000002520412 -0.008856406696837793 0
0.02999999991226548 -0.05042562598508471 0
0.08700000011081366 -0.02098076279331018 0
0.08600000010246342 -0.02271281358364639 0
0.01299999982073649 -0.06601408315399881 0
0.01399999982590851 -0.06428203236393495 0
0.01599999981395094 -0.06428203237650518 0
0.01499999983111712 -0.06254998157326289 0
0.01699999981914197 -0.06254998158575896 0
0.01599999983633862 -0.06081793078224285 0
0.01399999984843123 -0.0608179307706732 0
0.01499999985327282 -0.05908587998016386 0
0.01699999983921058 -0.05908587999150738 0
0.01599999985769473 -0.05735382918975526 0
0.01399999987130837 -0.05735382917739084 0
0.01499999987496452 -0.0556217783883691 0
0.01699999986140494 -0.05562177840032757 0
0.015999999878509 -0.05388972759887776 0
0.01399999989291585 -0.05388972758711451 0
0.01499999989576398 -0.05215767679822741 0
0.01299999991123208 -0.05215767678618213 0
0.0139999999134978 -0.05042562599824372 0
0.08700000015818672 -0.01751666116852124 0
0.01300000023013508 -0.01405255910246002 0
0.01799999986488474 -0.05388972761048137 0
0.08400000011336077 -0.02271281356816853 0
0.08500000009495787 -0.02444486437367365 0
0.08700000008288233 -0.02444486438924197 0
0.08600000007612818 -0.02617691517823654 0
0.01199999992979564 -0.05042562598671693 0
0.01299999993164763 -0.04869357519914819 0
0.03499999983897915 -0.05908588005800074 0
0.08800000006290851 -0.02617691519325733 0
0.08700000005655673 -0.02790896598167254 0
0.0670000002432682 -0.007124356189192183 0
0.0650000002432682 -0.007124356172490565 0
0.06400000022880416 -0.008856406971708624 0
0.06300000024326821 -0.007124356155788936 0
0.06200000022880417 -0.008856406955006984 0
0.06100000024326822 -0.007124356139087288 0
0.06000000022880417 -0.008856406938305344 0
0.05900000024326821 -0.007124356122385656 0
0.05800000022880417 -0.008856406921603697 0
0.05700000024326823 -0.007124356105684006 0
0.0560000002288042 -0.00885640690490206 0
0.05700000021434013 -0.01058845772082176 0
0.05500000021434015 -0.01058845770412013 0
0.0560000001998761 -0.01232050852003982 0
0.05400000022880419 -0.00885640688820042 0
0.05300000021434016 -0.01058845768741851 0
0.05200000022880417 -0.008856406871498801 0
0.05100000021434015 -0.01058845767071689 0
0.05000000022880419 -0.008856406854797202 0
0.04900000021434014 -0.01058845765401527 0
0.05000000019235047 -0.01232050845375855 0
0.04800000022880419 -0.008856406838095578 0
0.05100000024326823 -0.00712435605557912 0
0.01500000026275012 -0.007124355898848312 0
0.01300000026421618 -0.007124355887345301 0
0.01499999991746121 -0.04869357520931823 0
0.01399999993623574 -0.04696152440997992 0
0.01199999994977667 -0.04696152439986379 0
0.01299999995178415 -0.04522947361246321 0
0.08500000006978599 -0.02790896596698568 0
0.08600000005100412 -0.02964101676992201 0
0.08800000003678111 -0.02964101678428451 0
0.08700000003177188 -0.03137306757192705 0
0.01800000025031779 -0.008856406721694901 0
0.01099999995653692 -0.04522947360171854 0
0.01199999996769383 -0.04349742281469461 0
0.01899999977757016 -0.06947818478174497 0
0.0690000002432682 -0.007124356205893807 0
0.02100000018339976 -0.01751666075841183 0
0.02200000019232468 -0.01578460996154502 0
0.02300000017863458 -0.017516660770842 0
0.0109999999279793 -0.05215767677351808 0
0.0890000000160607 -0.03137306758656718 0
0.0880000000112782 -0.03310511837327949 0
0.08999999999569683 -0.0331051183915816 0
0.08899999999022576 -0.03483716917458043 0
0.08700000000683512 -0.03483716915975755 0
0.08799999998589043 -0.03656921996065204 0
0.08600000000260766 -0.03656921994610387 0
0.08699999998233904 -0.03830127074672901 0
0.08899999996636132 -0.03830127076485018 0
0.08799999996194274 -0.04003332154754726 0
0.08599999998247643 -0.04003332156312539 0
0.08699999996237223 -0.0417653723367938 0
0.08899999994312741 -0.0417653723504057 0
0.0879999999394805 -0.04349742313374583 0
0.01499999993478929 -0.04522947362346994 0
0.06800000025773222 -0.005392305389974117 0
0.07000000025773222 -0.005392305406675717 0
0.05800000025773227 -0.005392305306465955 0
0.08599999995507951 -0.04349742314832336 0
0.0869999999409157 -0.04522947392634548 0
0.08899999991940896 -0.04522947393580785 0
0.08799999991732396 -0.04696152472104865 0
0.0859999999282636 -0.04696152473364339 0
0.08699999991854401 -0.04869357551203688 0
0.08899999989729251 -0.04869357551984696 0
0.08799999989553937 -0.0504256263043531 0
0.08599999990639515 -0.05042562631976885 0
0.08699999989747051 -0.05215767709696221 0
0.08899999987631087 -0.0521576771032447 0
0.08799999987484783 -0.05388972788880332 0
0.08599999988539848 -0.05388972790581154 0
0.08699999987734586 -0.05562177868201328 0
0.0889999998557959 -0.05562177868677352 0
0.08799999985566875 -0.05735382947375081 0
0.08599999987791573 -0.05735382946519595 0
0.08699999985524466 -0.05908588026034998 0
0.0849999998708717 -0.05908588024767756 0
0.08599999985270992 -0.06081793104683398 0
0.08399999986930359 -0.06081793103267025 0
0.08499999985137859 -0.06254998183420962 0
0.08699999983490166 -0.06254998184561052 0
0.08599999983364173 -0.06428203263355833 0
0.08399999984903074 -0.06428203262223547 0
0.08499999983248162 -0.06601408342346256 0
0.08299999984679762 -0.06601408341314875 0
0.08399999983049311 -0.0677461342146758 0
0.08199999984305636 -0.06774613420438373 0
0.08299999982812031 -0.06947818500749421 0
0.08499999981523632 -0.06947818501580862 0
0.08399999982088827 -0.07121023581732326 0
0.08199999982535087 -0.07121023580306161 0
0.08299999982577602 -0.07294228661976537 0
0.08099999982097263 -0.07294228660038996 0
0.08199999981628035 -0.07467433741307195 0
0.07999999981170633 -0.07467433739700255 0
0.08099999980309022 -0.07640638820734444 0
0.07899999980223774 -0.07640638819591901 0
0.08299999980321929 -0.07640638821886228 0
0.07999999979458247 -0.07813843900789791 0
0.07799999979465597 -0.07813843899772022 0
0.07899999978643991 -0.07987048980985396 0
0.07699999978647416 -0.07987048980032375 0
0.08599999980413578 -0.07121023582069577 0
0.07799999977833573 -0.08160254061267228 0
0.07599999977833684 -0.08160254060328999 0
0.07999999977832556 -0.08160254062201469 0
0.07499999978647304 -0.0798704897908798 0
0.07399999977833452 -0.08160254059389943 0
0.07299999978646136 -0.07987048978162986 0
0.07199999977832972 -0.08160254058455318 0
0.08799999981754252 -0.06428203264393766 0
0.07899999982212372 -0.07294228658671119 0
0.07099999978645311 -0.079870489772288 0
0.06999999977833003 -0.08160254057517387 0
0.07099999977020811 -0.08333459138743278 0
0.06899999977020811 -0.08333459137805466 0
0.06799999977832982 -0.08160254056579674 0
0.06699999977020808 -0.0833345913686768 0
0.06599999977832977 -0.08160254055641886 0
0.06499999977020808 -0.08333459135929869 0
0.06399999977832972 -0.08160254054704082 0
0.06299999977020811 -0.08333459134992069 0
0.06199999977832971 -0.08160254053766285 0
0.06099999977020813 -0.08333459134054273 0
0.05999999977832967 -0.08160254052828492 0
0.05899999977020812 -0.0833345913311648 0
0.05799999977832966 -0.08160254051890696 0
0.05699999977020814 -0.08333459132178686 0
0.0559999997783296 -0.08160254050952864 0
0.05499999977020814 -0.08333459131240889 0
0.05399999977832956 -0.08160254050015066 0
0.05299999977021078 -0.08333459130307182 0
0.05199999977833002 -0.08160254049077997 0
0.05099999977021663 -0.08333459129374422 0
0.04999999977833108 -0.08160254048141141 0
0.04899999977021514 -0.08333459128433546 0
0.04799999977833098 -0.08160254047202969 0
0.04699999977020956 -0.08333459127490953 0
0.04599999977832962 -0.08160254046263973 0
0.04499999977020839 -0.08333459126552163 0
0.04399999977832965 -0.08160254045326222 0
0.04299999977020821 -0.08333459125614223 0
0.04199999977832961 -0.08160254044388408 0
0.0409999997702082 -0.08333459124676407 0
0.078999999770223 -0.08333459142492533 0
0.08099999977022171 -0.08333459143428537 0
0.04700000021434014 -0.01058845763731364 0
0.04600000022880418 -0.008856406821393943 0
0.02499999975313844 -0.07294228642626996 0
0.0760000001671261 -0.01578461030525175 0
0.02400000018817688 -0.01578460997300611 0
0.02500000017527403 -0.01751666078438674 0
0.0719999997945779 -0.07813843896939573 0
0.04199999976208679 -0.08506664205902187 0
0.03999999976208679 -0.08506664204964401 0
0.0389999997702082 -0.08333459123738619 0
0.03799999976208678 -0.0850666420402662 0
0.04799999976210923 -0.08506664208729993 0
0.05399999976209349 -0.08506664211532164 0
0.05999999976210234 -0.08506664214347742 0
0.0699999997620904 -0.08506664219032878 0
0.009999999958701572 -0.0434974228099813 0
0.01099999997284162 -0.0417653720238968 0
0.08999999983714964 -0.05735382948347182 0
0.01400000027344836 -0.005392305086097566 0
0.01200000027480782 -0.005392305075544156 0
0.01100000026635169 -0.007124355874090001 0
0.01000000027632597 -0.005392305064548015 0
0.0840000000639009 -0.02964101675564652 0
0.08099999985809475 -0.0660140834006521 0
0.02699999983016515 -0.06254998160687471 0
0.0259999998200997 -0.06428203240322239 0
0.02499999983484577 -0.0625499815933222 0
0.03999999989061952 -0.05042562609000923 0
0.07099999980414975 -0.06601408347871902 0
0.07499999986742666 -0.0590858802691723 0
0.02299999997159418 -0.04176537198569638 0
0.07799999997781688 -0.03656921998248064 0
0.01199999981506111 -0.06774613394354814 0
0.01099999983409021 -0.0660140831411062 0
0.009999999829172863 -0.06774613392852888 0
0.009999999939279565 -0.04696152438828925 0
0.08900000006941046 -0.0244448644058688 0
0.0529999999773437 -0.03830127050129886 0
0.05399999996526923 -0.04003332131504388 0
0.05499999997656188 -0.03830127051532864 0
0.05599999996412962 -0.04003332132836748 0
0.0569999999751736 -0.038301270529197 0
0.05799999996249305 -0.0400333213417549 0
0.0589999999791412 -0.03830127055323706 0
0.05799999998716025 -0.03656921973184761 0
0.05999999996696175 -0.04003332137417813 0
0.05899999995082845 -0.0417653721566906 0
0.06099999994766535 -0.04176537217458731 0
0.05999999993700567 -0.04349742296621251 0
0.06199999993846481 -0.04349742298775361 0
0.06099999992344669 -0.04522947377606194 0
0.06299999992640171 -0.04522947380429559 0
0.06199999991113238 -0.04696152458971684 0
0.05999999991369816 -0.046961524574163 0
0.060999999900593 -0.0486935753857235 0
0.05899999990344346 -0.04869357537199624 0
0.05999999989046244 -0.05042562618333572 0
0.06199999988738897 -0.05042562619673607 0
0.06099999987766911 -0.05215767699505323 0
0.05899999988054341 -0.0521576769818761 0
0.05999999986792073 -0.05388972779360904 0
0.0579999998701699 -0.05388972778092423 0
0.05899999985816697 -0.05562177859359403 0
0.05699999986083759 -0.05562177858142917 0
0.06299999995765906 -0.04176537220496493 0
0.05999999999748325 -0.03656921977394432 0
0.05899999999960951 -0.03483716893632795 0
0.05799999984788715 -0.0573538293937537 0
0.05599999985142466 -0.05735382938646215 0
0.06299999987434909 -0.05215767700770352 0
0.06100000000431731 -0.03483716896834408 0
0.06000000001020393 -0.03310511813646296 0
0.05999999984662847 -0.05735382940653767 0
0.05899999983616475 -0.05908588020660147 0
0.0559999998732308 -0.05388972777266166 0
0.06200000002122966 -0.03310511815685184 0
0.06100000002165315 -0.03137306733374791 0
0.0590000000211699 -0.03137306731914177 0
0.06000000003208496 -0.02964101651788183 0
0.05800000003243791 -0.02964101650409191 0
0.05900000004427692 -0.02790896570340605 0
0.05700000004474423 -0.02790896568926465 0
0.05800000005636329 -0.02617691488883413 0
0.05600000005686605 -0.02617691487465437 0
0.05700000006192163 -0.02444486407802251 0
0.05500000006794704 -0.02444486406068258 0
0.05600000007269434 -0.02271281326422745 0
0.05400000007894823 -0.02271281324676017 0
0.06099999983733717 -0.05908588022065404 0
0.06399999988370599 -0.05042562621027341 0
0.0649999998703182 -0.05215767702037138 0
0.06599999987916014 -0.05042562622381666 0
0.08200000014463887 -0.0192487119594145 0
0.04699999994979085 -0.04176537209121722 0
0.05999999982754232 -0.06081793102143575 0
0.08300000010540216 -0.02444486435885315 0
0.04999999991934817 -0.04696152451274439 0
0.07499999977021739 -0.08333459140618395 0
0.04599999978120087 -0.06774613416666758 0
0.02399999972974027 -0.07813843883394377 0
0.04400000008539874 -0.02271281317193669 0
0.03900000007397656 -0.02444486394360778 0
0.05800000019987608 -0.01232050853674145 0
0.03899999974884891 -0.0729422865339918 0
0.03500000012201057 -0.01751666068610533 0
0.03100000019914365 -0.01058845746739605 0
0.06200000025773225 -0.005392305339869234 0
0.04700000024326827 -0.007124356022175889 0
0.04500000024326825 -0.007124356005474204 0
0.04600000025773235 -0.005392305206256169 0
0.04400000025773232 -0.005392305189554501 0
0.0449999998577024 -0.05562177852120399 0
0.04399999984552062 -0.05735382932151327 0
0.04599999984566697 -0.05735382933571863 0
0.03199999972625909 -0.07813843886399537 0
0.03300000023209782 -0.003660254240842357 0
0.07199999995004031 -0.04349742313581984 0
0.05799999982582883 -0.06081793100751853 0
0.03399999991819865 -0.04696152444740692 0
0.01299999997034834 -0.04176537202799675 0
0.01199999998461137 -0.04003332123055218 0
0.009999999993394517 -0.04003332122645168 0
0.01100000000385267 -0.03830127043447751 0
0.01899999984832614 -0.0556217784127748 0
0.01999999985246888 -0.05388972762160755 0
0.07799999991854709 -0.04349742317936221 0
0.04900000002562602 -0.03137306724338161 0
0.07099999996739426 -0.04176537232851849 0
0.07500000006299701 -0.02790896594414618 0
0.01600000027272864 -0.005392305097370845 0
0.04499999983364453 -0.05908588013634886 0
0.04699999983367687 -0.05908588015030304 0
0.04299999983348927 -0.05908588012172842 0
0.04799999984569372 -0.05735382934966596 0
0.04899999983367983 -0.05908588016418954 0
0.02300000020213299 -0.01405255916567229 0
0.04000000014544874 -0.01578460994111935 0
0.02099999983596621 -0.05562177842503561 0
0.02199999983937467 -0.05388972763260927 0
0.02099999985644853 -0.05215767682959522 0
0.06300000002494516 -0.03483716901957371 0
0.06999999979457423 -0.07813843896003282 0
0.05500000009078111 -0.02098076245319779 0
0.05300000009179571 -0.02098076243293705 0
0.05700000009647067 -0.0209807625011264 0
0.05899999976569701 -0.07294228666711808 0
0.09000000004839859 -0.02617691520799155 0
0.008976924264139508 -0.03827735226250498 0
0.009996154064545413 -0.03656523327684298 0
0.008999999849174295 -0.06601408312796342 0
0.06599999976208638 -0.08506664217155664 0
0.07999999976211671 -0.08506664223717843 0
0.08199999976211649 -0.08506664224653832 0
0.08299999977022171 -0.08333459144364919 0
0.08399999976211645 -0.08506664225589869 0
0.08499999977022178 -0.08333459145351407 0
0.08599999976211638 -0.08506664226519078 0
0.08699999977018558 -0.0833345914628052 0
0.08799999976169988 -0.08506664227407457 0
0.08899999976744674 -0.08333459147196771 0
0.08999999975888508 -0.08506664228215252 0
0.08799999977741546 -0.08160254066364965 0
0.08999999977360416 -0.0816025406722555 0
0.08899999978457027 -0.07987048986653036 0
0.09099999983654181 -0.05562177869748931 0
0.09099999999902637 -0.03137306760264227 0
0.09099999997295674 -0.03483716919669713 0
0.09100000005424763 -0.02444486442261482 0
0.00900000026890198 -0.00712435586102167 0
0.0909999997754944 -0.07987048987419365 0
0.08999999978885627 -0.07813843907180633 0
0.06900000027219624 -0.003660254590756054 0
0.0710000002721962 -0.003660254607457647 0
0.01299999998378183 -0.03830127043854854 0
0.01500000028304871 -0.003660254284337922 0
0.01700000028293664 -0.003660254295694072 0
0.04500000027219637 -0.003660254390336454 0
0.04300000027219639 -0.003660254373634799 0
0.04700000027219639 -0.003660254407038116 0
0.07900000000061237 -0.03483716917002042 0
0.08399999987971175 -0.05735382948233556 0
0.02299999986663311 -0.05215767683343096 0
0.078999999899717 -0.04522947398563424 0
0.02399999982540382 -0.06428203238842647 0
0.06999999995846001 -0.0434974231150332 0
0.04200000025773235 -0.005392305172852848 0
0.04100000027219639 -0.003660254356933141 0
0.06100000004424167 -0.02790896571723985 0
0.01100000028537151 -0.003660254264521699 0
0.009000000286110924 -0.003660254255049574 0
0.0269999998047993 -0.06601408321409127 0
0.07100000012755127 -0.02098076268317462 0
0.0630000002143401 -0.0105884577709267 0
0.05300000006863188 -0.02444486404569166 0
0.05600000003346865 -0.02964101648920068 0
0.02399999989591294 -0.05388972761409411 0
0.04399999982162234 -0.06081793093690922 0
0.04199999982162195 -0.06081793092258384 0
0.04799999982165949 -0.06081793096481757 0
0.04999999982165992 -0.06081793097869784 0
0.02600000018527833 -0.01578460998592941 0
0.0270000001686109 -0.0175166608001926 0
0.02600000016173526 -0.0192487115967531 0
0.02800000015493709 -0.01924871161254616 0
0.02700000014833593 -0.02098076240864599 0
0.02900000014123259 -0.02098076242438355 0
0.02800000013460897 -0.0227128132198872 0
0.03000000012784489 -0.0227128132355407 0
0.02900000012097388 -0.02444486403099192 0
0.03100000011401732 -0.0244448640466613 0
0.03000000010720116 -0.02617691484185696 0
0.0320000001003712 -0.02617691485746412 0
0.03100000009400979 -0.02790896565266034 0
0.03300000008831027 -0.027908965667332 0
0.03200000007960392 -0.02964101646320338 0
0.03400000007291345 -0.0296410164789315 0
0.0330000000655732 -0.03137306727458362 0
0.035000000058872 -0.03137306728993852 0
0.03400000005159184 -0.03310511808573202 0
0.0360000000466188 -0.03310511809997667 0
0.03500000003790796 -0.03483716889670084 0
0.037000000031656 -0.03483716891179888 0
0.03600000002381584 -0.03656921970241723 0
0.03800000002013331 -0.03656921972085438 0
0.0370000000103488 -0.03830127051259594 0
0.03900000000694878 -0.03830127053169928 0
0.03799999999675709 -0.04003332132945007 0
0.0340000000227456 -0.03656921967391723 0
0.03100000007049732 -0.03137306726047516 0
0.02800000011194015 -0.02617691482739282 0
0.04500000021434013 -0.01058845762061198 0
0.04600000019129819 -0.01232050843157925 0
0.03699999977020819 -0.08333459122800842 0
0.03599999976208677 -0.08506664203088839 0
0.03799999977832956 -0.08160254042512841 0
0.0540000001039363 -0.01924871163939123 0
0.05200000010412895 -0.01924871161866768 0
0.05100000009216184 -0.02098076241816413 0
0.05000000010422208 -0.0192487116035146 0
0.06300000004671723 -0.03137306736938667 0
0.04499999978645101 -0.07987048965038174 0
0.03999999999347355 -0.0400333213444756 0
0.03899999998308851 -0.04176537214216135 0
0.0509999997864512 -0.07987048967851831 0
0.0649999997487918 -0.07294228670555744 0
0.07099999980269309 -0.07640638815715178 0
0.05699999978645091 -0.07987048970664772 0
0.06099999978645126 -0.07987048972540503 0
0.08503077180057667 -0.08674258812723958 0
0.03699999975396535 -0.08679869284314615 0
0.03499999975396532 -0.08679869283376837 0
0.03399999976208679 -0.08506664202151058 0
0.03299999975396535 -0.08679869282439057 0
0.03199999976208681 -0.08506664201213276 0
0.03099999975396534 -0.08679869281501273 0
0.0299999997620868 -0.08506664200275496 0
0.02899999975396537 -0.08679869280563496 0
0.02799999976208677 -0.08506664199337723 0
0.02699999975396543 -0.08679869279625724 0
0.02599999976208678 -0.08506664198399944 0
0.02499999975396541 -0.08679869278687942 0
0.02399999976208678 -0.08506664197462152 0
0.02299999975396535 -0.08679869277750149 0
0.02199999976208676 -0.08506664196524368 0
0.02099999975396537 -0.08679869276812366 0
0.01999999976208678 -0.08506664195586591 0
0.01899999975396535 -0.08679869275874592 0
0.01799999976208674 -0.08506664194648818 0
0.01699999975396537 -0.08679869274936816 0
0.01599999976177289 -0.08506664193692917 0
0.01468620469387647 -0.08709030753276438 0
0.01394770058503912 -0.08511524439298354 0
0.01289503799714444 -0.08646054505318175 0
0.01197378960707068 -0.08501838438285139 0
0.01298691488083789 -0.08333464860458009 0
0.01099345059826519 -0.08332655776630579 0
0.01004342474174233 -0.0849586178739471 0
0.01199672743442779 -0.0816012109987331 0
0.009998362864124796 -0.08160097985707258 0
0.01099918157726389 -0.07987000787631296 0
0.008999590608520784 -0.07987014914691722 0
0.009999795232850012 -0.07813830170252589 0
0.04099999975396547 -0.0867986928619018 0
0.08899999975324287 -0.08679869308485957 0
0.09099999975317088 -0.08679869309372736 0
0.09199999975787716 -0.08506664228924678 0
0.0719999998671398 -0.0538897279104447 0
0.06699999982221472 -0.06254998189473314 0
0.0599999997850718 -0.06774613425952644 0
0.05799999991648671 -0.04696152456010658 0
0.05900000006078841 -0.02444486410341134 0
0.06499999978285732 -0.07987048975101572 0
0.09199999981704077 -0.05735382949342577 0
0.007915394788293461 -0.0365022110930448 0
0.008952438271912298 -0.03480371663825778 0
0.01099143207001424 -0.03483092909116402 0
0.00999064508932187 -0.03309850272698627 0
0.007977056239614649 -0.03302774774508674 0
0.009011663386301841 -0.03134922787834796 0
0.01100038477222719 -0.03136799148306636 0
0.01000200807024496 -0.02963619727665753 0
0.008019325089382792 -0.02962639825716675 0
0.009003555582074262 -0.02790572610786332 0
0.007992992072463971 -0.0400207930882992 0
0.09199999977719772 -0.07813843908088779 0
0.09099999979107586 -0.07640638827926956 0
0.007999999844931481 -0.06774613391407679 0
0.008999999824643119 -0.06947818471453518 0
0.007999897518521709 -0.07813835913086098 0
0.008999948669650964 -0.07640635180353821 0
0.007998516026678998 -0.08155326199259358 0
0.006999999866170764 -0.06601408311376991 0
0.00799999986900952 -0.06428203232883119 0
0.09200000003213106 -0.02617691522295192 0
0.007003813516850756 -0.02790598936946476 0
0.008001228250395079 -0.02617587890141589 0
0.02199999986432363 -0.05042562603653256 0
0.07999999999472761 -0.03656921996338058 0
0.04600000028666044 -0.001928203591118399 0
0.04800000028666046 -0.001928203607820064 0
0.02399999990590651 -0.05042562600754148 0
0.01200039883352266 -0.02963936731711857 0
0.02299999984118096 -0.06254998157894671 0
0.07999999990642494 -0.0434974231942367 0
0.06899999997536715 -0.04176537231296074 0
0.08899999980336848 -0.07640638826935227 0
0.08999999980570079 -0.07467433747344232 0
0.09199999979220953 -0.07467433748722882 0
0.09099999979333687 -0.07294228666839458 0
0.01000000025817756 -0.008856406669606152 0
0.008000000267205145 -0.008856406658230963 0
0.009000000252553177 -0.01058845746327072 0
0.01400000020158946 -0.01924871151198184 0
0.01300000019679362 -0.02098076230300838 0
0.0120000002139002 -0.01924871150008171 0
0.01100000020086086 -0.02098076230466335 0
0.01000000022630591 -0.01924871149076378 0
0.009000000196094185 -0.02098076233344038 0
0.008000000194409905 -0.01924871151111507 0
0.08899999981802455 -0.06254998185680202 0
0.08999999980028822 -0.06428203265431953 0
0.0909999997997723 -0.06254998186646321 0
0.09199999978163292 -0.06428203266500696 0
0.09099999978228554 -0.06601408345102609 0
0.07600000004646949 -0.02964101675611511 0
0.0770000000581525 -0.02790896596146106 0
0.07800000004052422 -0.02964101677193802 0
0.03099999989592087 -0.05562177839502183 0
0.01600000029282155 -0.0019282034824982 0
0.01800000029281444 -0.001928203493835794 0
0.01900000028299435 -0.003660254307074051 0
0.02399999984998154 -0.06081793078465314 0
0.07699999980359565 -0.07640638818495143 0
0.06199999984457131 -0.05735382941801085 0
0.03499999979327174 -0.06601408327793151 0
0.02999999976353034 -0.07121023566282469 0
0.05600000025773229 -0.005392305289764317 0
0.0570000002721963 -0.003660254490546259 0
0.05500000027219631 -0.00366025447384462 0
0.07200000025773222 -0.005392305423377281 0
0.07300000027219619 -0.003660254624159202 0
0.07400000025773223 -0.005392305440078843 0
0.07500000027219628 -0.003660254683935766 0
0.07600000025772263 -0.005392305463954047 0
0.07700000027219467 -0.003660254709012148 0
0.07800000025772075 -0.005392305483247045 0
0.07900000027219405 -0.003660254709227802 0
0.08000000025772996 -0.005392305497638504 0
0.0810000002721955 -0.003660254722796719 0
0.0820000002577318 -0.005392305513433003 0
0.08300000027219603 -0.003660254714063671 0
0.0840000002577322 -0.005392305525744248 0
0.08500000027219619 -0.003660254725794398 0
0.08600000025773225 -0.005392305540288376 0
0.08700000027219623 -0.003660254741357125 0
0.08800000025773223 -0.005392305556989951 0
0.08900000027206065 -0.003660254758074522 0
0.0900000002577889 -0.00539230557267028 0
0.08900000024301732 -0.007124356369654469 0
0.09100000024185961 -0.007124356384637487 0
0.09000000022780019 -0.008856407180138859 0
0.09100000027255008 -0.003660254774373307 0
0.09200000022092136 -0.008856407196066743 0
0.09100000020925894 -0.01058845798855064 0
0.09000000028665985 -0.001928203959318386 0
0.09200000028573588 -0.001928203977338959 0
0.09300000027046497 -0.003660254790180493 0
0.06700000027219626 -0.003660254574054402 0
0.06800000028666026 -0.001928203774836364 0
0.0660000002866602 -0.001928203758134776 0
0.04299999975396547 -0.08679869287127953 0
0.0219999998231691 -0.06428203238040149 0
0.02299999981443024 -0.06601408318393889 0
0.06900000004580203 -0.03137306750431754 0
0.05699999999967555 -0.03483716891825123 0
0.009000000237539217 -0.01751666069467788 0
0.05699999990589253 -0.04869357535874419 0
0.04999999984569871 -0.0573538293635578 0
0.03899999985864852 -0.05562177847734622 0
0.085000000022454 -0.03483716914493405 0
0.07999999985386969 -0.06774613419385563 0
0.07899999986886218 -0.0660140833895364 0
0.07799999985803685 -0.06774613417964295 0
0.07999999987339115 -0.06428203259617837 0
0.04299999980962758 -0.06254998173756467 0
0.04099999980963175 -0.06254998172368972 0
0.03099999996957564 -0.04176537199960371 0
0.01099995718263598 -0.07640635905592776 0
0.05700000018541204 -0.01405255932921365 0
0.05900000018541202 -0.01405255935153686 0
0.03900000002034563 -0.03483716890363031 0
0.01000000029523773 -0.001928203454373364 0
0.008000000297059717 -0.00192820344652781 0
0.00700000028993648 -0.00366025424458009 0
0.03600000006831747 -0.0296410164794894 0
0.01399727356899352 -0.08160232834485216 0
0.05300000011786742 -0.01751666082457311 0
0.02000000029282656 -0.001928203505177735 0
0.02100000028290357 -0.003660254318401229 0
0.08099999975401129 -0.08679869304942835 0
0.07899999975401134 -0.08679869304006939 0
0.09300000019818928 -0.01058845800633206 0
0.09200000018847643 -0.01232050879486485 0
0.09000000020069369 -0.01232050877850829 0
0.09100000018046897 -0.01405255958344386 0
0.03199999974584387 -0.08853074362727054 0
0.0420307717542118 -0.08851297744703736 0
0.09003077179318959 -0.08851297764629919 0
0.007000000130826024 -0.02098076242318644 0
0.09299999977971762 -0.07294228668428263 0
0.09299999978002424 -0.06254998187590578 0
0.006999999841413832 -0.06947818469962283 0
0.09300000003739546 -0.02444486443878328 0
0.09200000005989747 -0.02271281363850325 0
0.04400512841393412 -0.088527782645721 0
0.09200512842111866 -0.0885277828630204 0
0.092999999816719 -0.055621778709018 0
0.09299999976355183 -0.07987048988086719 0
0.09300000016673099 -0.01405255959964691 0
0.09200000015973442 -0.01578461038631557 0
0.09299999976301511 -0.06601408346161078 0
0.007000000208753587 -0.0175166607085663 0
0.006999974248662191 -0.07640636860919001 0
0.005999978513257625 -0.07813842220407886 0
0.007000000264572132 -0.01058845745086559 0
0.08600000028671234 -0.00192820392553955 0
0.08200000037585189 -0.001928203799042942 0
0.07800000041673109 -0.00192820382793195 0
0.07400000035365598 -0.001928203922665313 0
0.05600000028666036 -0.001928203674626563 0
0.05800000028666034 -0.001928203691328195 0
0.05400000028666038 -0.001928203657924909 0
0.04200000028666045 -0.001928203557715088 0
0.04000000028666044 -0.00192820354101344 0
0.01000079735387662 -0.02617620229582677 0
0.03300000010991613 -0.02444486404598977 0
0.03100000013750568 -0.02098076242320237 0
0.02900000016484475 -0.01751666079899447 0
0.04100000000411771 -0.03830127054615009 0
0.01300013061320349 -0.03137194645353771 0
0.07900000006175636 -0.02790896596964564 0
0.07800000007140402 -0.02617691516670579 0
0.0809999998874872 -0.04522947400055956 0
0.0779999998840884 -0.0642820325848132 0
0.07899999988922633 -0.06254998179204424 0
0.0669999998652813 -0.05215767703288796 0
0.06799999987363181 -0.05042562623662418 0
0.06599999985671226 -0.05388972782964891 0
0.06699999988808236 -0.04869357542801291 0
0.09199999977459297 -0.06774613425392988 0
0.02199999984771291 -0.06081793077313891 0
0.00800000024973032 -0.01578460988981156 0
0.06299999984093982 -0.05908588023937561 0
0.04000000025773232 -0.005392305156151193 0
0.04100000024326826 -0.007124355972070895 0
0.06799999996609549 -0.04349742310081288 0
0.08699999979082004 -0.07987048985582036 0
0.08800000023251819 -0.008856407165086101 0
0.06899999988176997 -0.04869357544584459 0
0.05899999981630084 -0.06254998182198643 0
0.05699999981644883 -0.06254998180941955 0
0.06099999981970224 -0.06254998183896118 0
0.03699999997617393 -0.04176537211618443 0
0.03799999997092494 -0.04349742293804004 0
0.06800000003739361 -0.0331051183030019 0
0.0690000000192683 -0.03483716911360799 0
0.02600000013916188 -0.02271281320563482 0
0.007999999820275775 -0.07121023549936439 0
0.01999999987315164 -0.05042562602606447 0
0.02099999987704396 -0.04869357523464441 0
0.08999999978392688 -0.06774613423844068 0
0.03999999982165224 -0.06081793090874732 0
0.05599999991848899 -0.04696152454646568 0
0.05499999990769156 -0.04869357534568294 0
0.04900000009223838 -0.02098076240393945 0
0.04800000010425329 -0.01924871158935709 0
0.02200000016929008 -0.01924871156832355 0
0.04899999980964012 -0.06254998177932708 0
0.05099999980964019 -0.06254998179320652 0
0.05199999982166 -0.06081793099257726 0
0.01900000023882368 -0.01058845753431097 0
0.0200000002499066 -0.008856406734257236 0
0.03899999980963748 -0.06254998170981826 0
0.03599999977832954 -0.08160254041575066 0
0.03699999979271699 -0.07987048961648843 0
0.04400000019844644 -0.01232050841900463 0
0.0450000001680514 -0.01405255921484381 0
0.03999999996920749 -0.04349742295377797 0
0.04199999999091458 -0.04003332135858258 0
0.02099999977020809 -0.08333459115298596 0
0.02499999977020808 -0.08333459117174148 0
0.04900000011625214 -0.01751666078872588 0
0.02899999977020817 -0.08333459119049724 0
0.05800000017094798 -0.01578461014382167 0
0.06000000017094795 -0.0157846101670506 0
0.06899999981462868 -0.07640638815466771 0
0.03899999994935029 -0.04522947374625734 0
0.0639999997364645 -0.07467433751778096 0
0.06999999982528189 -0.07467433735325009 0
0.07199999981304479 -0.07467433735556309 0
0.09399999979614015 -0.05735382950426744 0
0.01599999974584397 -0.08853074355224815 0
0.01999999974584396 -0.08853074357100367 0
0.02399999974584389 -0.08853074358975928 0
0.02799999974584409 -0.08853074360851496 0
0.07999999974608554 -0.08849240516114822 0
0.07799999974593597 -0.08852435406109749 0
0.03599999974584388 -0.08853074364602616 0
0.005999999887276999 -0.06428203231583496 0
0.006999999889123346 -0.06254998153106822 0
0.008999999871240267 -0.06254998154161939 0
0.007999999890351391 -0.06081793074542655 0
0.005999999909467434 -0.06081793073430306 0
0.006999999910489786 -0.05908587994922121 0
0.008999999891293471 -0.05908587995667408 0
0.007999999910924645 -0.05735382916336999 0
0.09399999974459523 -0.06774613425736468 0
0.09400000014464072 -0.01578461040258186 0
0.09300000013475898 -0.01751666119487238 0
0.006000840378564241 -0.02617624615662357 0
0.09399999977461333 -0.07467433749600159 0
0.005999999931123698 -0.05735382915214263 0
0.006999999931346585 -0.05562177836804419 0
0.004999999952177916 -0.05562177835652042 0
0.005999999951862688 -0.0538897275730276 0
0.0940000000140917 -0.02617691523811696 0
0.006000000280851249 -0.01578460987725862 0
0.09400000028244969 -0.001928203995824216 0
0.006000000301338563 -0.001928203438417791 0
0.006015640881433391 -0.02961263122763122 0
0.09400000020792414 -0.008856407217983522 0
0.09500000018394157 -0.01058845802313777 0
0.006000000280175218 -0.008856406648525262 0
0.005999999837522843 -0.07121023548557175 0
0.09400000004203093 -0.02271281365441286 0
0.09501338030446506 -0.003660254806538267 0
0.004986620368302415 -0.003660254234750786 0
0.09100000030109047 -0.0001961531614146192 0
0.04700000033167451 -0.000196152751279203 0
0.04900000034855307 -0.0001961527238813179 0
0.00900000030400764 -0.0001961526445359883 0
0.0410000003011245 -0.000196152741795386 0
0.0390000003011245 -0.0001961527025538936 0
0.03800000028666043 -0.001928203520555146 0
0.03700000030112451 -0.0001961526814694909 0
0.02599999995147549 -0.04696152436908931 0
0.04299999999294059 -0.03830127055454649 0
0.05700000030112436 -0.0001961528754085123 0
0.05900000035284002 -0.0001961528355523175 0
0.06700000032816671 -0.0001961529745296374 0
0.06500000038675866 -0.0001961528645683608 0
0.06900000030563136 -0.00019615297822051 0
0.01400008824878678 -0.02964055482053843 0
0.08199999989354238 -0.04349742321155012 0
0.08099999992358667 -0.04176537239807002 0
0.03100000024871161 -0.0001961525984969886 0
0.03900000024326827 -0.00712435595536925 0
0.08000000005355036 -0.02964101676721945 0
0.08400000000982924 -0.03656921994285742 0
0.08300000003817137 -0.03483716913334565 0
0.01799999980223889 -0.06428203238962869 0
0.08900000019215533 -0.01405255956764849 0
0.06700000002361614 -0.03483716909469906 0
0.06800000000772538 -0.03656921990841355 0
0.06600000000878133 -0.03656921988811668 0
0.08799999981779466 -0.07467433746173659 0
0.03299999995825556 -0.04176537201538891 0
0.01100000030425029 -0.0001961526523136081 0
0.00899999991158053 -0.05562177837932174 0
0.0669999999825979 -0.04176537229763146 0
0.09100000014448635 -0.01751666117690635 0
0.06999999986684893 -0.05042562625012931 0
0.06799999985132923 -0.05388972784206559 0
0.06699999984482155 -0.05562177864187182 0
0.01700000030263696 -0.0001961526696807301 0
0.009999984182450045 -0.07467432627835889 0
0.0670000000596554 -0.0313730674866815 0
0.093000000010142 -0.02790896602178946 0
0.05299999981205947 -0.06254998180380428 0
0.09399999976338505 -0.07813843909012227 0
0.01200000015398092 -0.02271281316387685 0
0.08399999977832669 -0.08160254064134982 0
0.01699999976881014 -0.08333459113354769 0
0.04299999990618231 -0.04869357528835386 0
0.009999999942233839 -0.05042562597247079 0
0.08500000024326841 -0.007124356339506498 0
0.09199999983685704 -0.05388972791305775 0
0.09399999981612091 -0.05388972792491099 0
0.09299999983714376 -0.05215767713000463 0
0.05799999980567205 -0.06428203262330222 0
0.07999999988091973 -0.04696152478953308 0
0.08199999986752632 -0.04696152480408106 0
0.08099999986180889 -0.04869357559226565 0
0.01899999988933285 -0.04869357522439696 0
0.01999999989369636 -0.04696152443178138 0
0.05499999995378951 -0.04176537212690219 0
0.07899999996396496 -0.03830127078224063 0
0.08099999997882751 -0.03830127077131058 0
0.01500000030313256 -0.0001961526677508125 0
0.07900000024324032 -0.00712435629049504 0
0.07100000015545072 -0.01751666106855145 0
0.07699999975401629 -0.0867976280670671 0
0.07599999974591184 -0.08852950137601592 0
0.07499999975400284 -0.08679830845113545 0
0.07399999974590035 -0.08853047265293512 0
0.04003590042245225 -0.08847177068920593 0
0.03899999978749523 -0.07987048962285127 0
0.03799999980205665 -0.07813843881431187 0
0.03999999979599361 -0.07813843882018891 0
0.0500000000802417 -0.02271281321840005 0
0.0450000003062162 -0.0001961527433131258 0
0.05300000027219631 -0.003660254457142962 0
0.06100000018541194 -0.01405255936892049 0
0.0469999998096401 -0.06254998176544774 0
0.04300000021410186 -0.01058845760377274 0
0.06000000029527961 -0.001928203698603533 0
0.06600000019987598 -0.01232050860354796 0
0.04899999985771925 -0.05562177854905102 0
0.05099999985771932 -0.05562177856293056 0
0.07300000024326822 -0.007124356239296929 0
0.04999999986973939 -0.05388972774842257 0
0.04900000027219639 -0.003660254423739759 0
0.03299999977020821 -0.08333459120925277 0
0.0519999998456995 -0.0573538293774391 0
0.06199999973647206 -0.074674337505461 0
0.06100000035917209 -0.0001961528268559277 0
0.06200000029777143 -0.001928203677973686 0
0.08203077186130849 -0.08838895149027938 0
0.08900000030132012 -0.0001961531434463505 0
0.08806667270055615 -0.08845409754872315 0
0.05399999998895397 -0.03656921970154765 0
0.05599999982880172 -0.06081793100074628 0
0.02999999978791773 -0.06774613404547437 0
0.05199999986973938 -0.05388972776230188 0
0.0509999998824136 -0.05215767694469774 0
0.01300008121297257 -0.02790861388600298 0
0.04200000000551886 -0.03656921972647771 0
0.05799999993992191 -0.04349742295180597 0
0.02299999984932784 -0.05908587998526704 0
0.02499999985529809 -0.0590858799920514 0
0.08300000008345501 -0.02790896595330907 0
0.01999999982905999 -0.05735382920677196 0
0.08200000012342733 -0.02271281355246113 0
0.06999999998293784 -0.04003332152238046 0
0.02099999981750623 -0.0660140831715289 0
0.02199999979970326 -0.06774613398161189 0
0.02399999979877801 -0.06774613399384627 0
0.02299999978327172 -0.06947818479286916 0
0.02499999978453652 -0.06947818480496354 0
0.04800000008094783 -0.02271281320376932 0
0.08699999981443304 -0.07640638825826632 0
0.08800000021141964 -0.01232050876233803 0
0.04900000006860393 -0.0244448640179021 0
0.05399999992045566 -0.04696152453300984 0
0.05299999990958332 -0.04869357533299684 0
0.05399999989672066 -0.05042562614663703 0
0.02100000023718853 -0.0105884575465935 0
0.02200000024961666 -0.008856406746498065 0
0.02300000023409775 -0.01058845755879224 0
0.02400000024906138 -0.008856406758813941 0
0.02500000023517264 -0.01058845757227218 0
0.02300000026081456 -0.007124355945388633 0
0.009999999808577915 -0.07121023551088802 0
0.05199999979991915 -0.06428203260607379 0
0.05399999980374759 -0.06428203261114079 0
0.0479999997997433 -0.06428203257670298 0
0.04599999979705208 -0.06428203256274592 0
0.04199999979965924 -0.06428203253709858 0
0.07099999993766076 -0.04522947391064802 0
0.04000000023326823 -0.008856406768711637 0
0.03199999997693332 -0.04003332121013416 0
0.01199999009063444 -0.07467433050031941 0
0.03800000026158133 -0.005392305137227315 0
0.04699999997688542 -0.03830127047826375 0
0.01299999106541838 -0.07640638200327145 0
0.05900000015648391 -0.01751666095898075 0
0.06100000015648383 -0.0175166609827759 0
0.06000000014201981 -0.01924871177474128 0
0.03399999994294247 -0.0434974228422388 0
0.04200000020447214 -0.01232050840015385 0
0.05500000017998083 -0.01405255929449976 0
0.02200000028757606 -0.001928203519530506 0
0.02100000030176646 -0.0001961527037791494 0
0.02300000027992767 -0.003660254331584943 0
0.04700000011625731 -0.01751666078448946 0
0.04600000010426063 -0.01924871157544104 0
0.04800000013473069 -0.01578461000176271 0
0.02500000025517439 -0.007124355961034565 0
0.045000000124135 -0.01751666077620777 0
0.06799999978769075 -0.0712102358891239 0
0.04099999993191611 -0.04522947374629592 0
0.07099999982625464 -0.07294228654625429 0
0.07299999981993945 -0.07294228655219492 0
0.07199999984144778 -0.07121023574813072 0
0.07399999982853522 -0.07121023575103101 0
0.07499999981757563 -0.07294228656034246 0
0.07599999982411344 -0.07121023575853283 0
0.07499999983786051 -0.06947818495260594 0
0.07699999990769052 -0.06254998178495332 0
0.07799999991464451 -0.0608179309933546 0
0.07999999989532117 -0.06081793100050129 0
0.078999999910101 -0.05908588019574366 0
0.0759999998891193 -0.0642820326046957 0
0.0419999999608266 -0.04349742296436891 0
0.05000000013686201 -0.01578461000880305 0
0.06299999973790825 -0.07640638828661964 0
0.06099999975766139 -0.07640638827751163 0
0.06499999976524205 -0.07640638825829174 0
0.005050716372435697 -0.01748737966409468 0
0.09499999981552239 -0.05215767714227093 0
0.09399999983694386 -0.05042562634734938 0
0.09503991750641201 -0.07985841689388266 0
0.09400665270963729 -0.0816005285131538 0
0.09496441089372021 -0.07295190543470013 0
0.004999999885212164 -0.06601408309929514 0
0.09100956759817429 -0.09023738362095443 0
0.04300956754419858 -0.09023738341529144 0
0.0749999997378008 -0.09026279463648947 0
0.07902197994547948 -0.09016082017353549 0
0.005049497495362296 -0.06944960721065274 0
0.005047260865631727 -0.01061574335096133 0
0.07299999973780089 -0.09026279462713045 0
0.07199999974589218 -0.08853069861964809 0
0.07099999973797808 -0.09022444840552329 0
0.06999999974592175 -0.0885243452376014 0
0.06903077176937801 -0.09023757090454701 0
0.0680051284178344 -0.08852547341753537 0
0.06703675522010899 -0.09020170027506849 0
0.06599999974590612 -0.08853074378680514 0
0.06500312528143065 -0.09021857328447495 0
0.06400052066984462 -0.08852337355989326 0
0.06300015797821906 -0.09024062077440789 0
0.06200011293996585 -0.08852581976417212 0
0.06100004497705936 -0.09021993959811599 0
0.06000002615145941 -0.08852278059592973 0
0.05903078370197874 -0.09023655863655025 0
0.05800513480752822 -0.08852504390138838 0
0.0570367582656563 -0.09020136702150236 0
0.05599999974590641 -0.08853074374000487 0
0.05500612615928915 -0.09021421795497837 0
0.05400102081615452 -0.0885226476326284 0
0.05303196300489813 -0.09023558285292023 0
0.05200549713546407 -0.08852485909151289 0
0.0510370151992306 -0.09020117357845604 0
0.04999999974590649 -0.08853074371192443 0
0.04900616898155159 -0.09021418569616531 0
0.04800102795321665 -0.088522642232779 0
0.04703197132655765 -0.09023557656052507 0
0.0929999997382854 -0.09026279471521081 0
0.09400085452514564 -0.08853025040669878 0
0.0949999997379741 -0.09026279472282313 0
0.09000000036094646 0.001535897629580716 0
0.06800000033093893 0.001535897831438754 0
0.05800000035957863 0.001535897977099799 0
0.007000344850799034 -0.02444457996817199 0
0.04600000033056179 0.001535898122107855 0
0.01500002824385996 -0.02790883011197088 0
0.04000000031729147 0.001535898096091291 0
0.02199999989306274 -0.04696152442441641 0
0.02099999989467641 -0.04522947363598719 0
0.0189999999096689 -0.04522947362848914 0
0.01999999991133984 -0.0434974228382134 0
0.01799999992449897 -0.04349742282819932 0
0.01899999992723945 -0.04176537203782147 0
0.0169999999412026 -0.04176537202693057 0
0.01799999994361837 -0.0400333212419135 0
0.08299999994422297 -0.04176537240663088 0
0.01600000031245073 0.001535898132616733 0
0.01000000031218887 0.001535898158342507 0
0.09300000007662314 -0.02098076283422893 0
0.09100000009034227 -0.02098076281191498 0
0.09496448666413704 -0.02098396900411157 0
0.09399406829974014 -0.07121183901392274 0
0.01899999982423723 -0.06254998158194836 0
0.09099999977729968 -0.069478185042452 0
0.0800000000885841 -0.0261769151579977 0
0.07900000010048115 -0.02444486435532298 0
0.07700000009132488 -0.02444486435373458 0
0.0780000001114913 -0.02271281355264079 0
0.07600000010834364 -0.02271281354270507 0
0.07700000012017449 -0.02098076274819628 0
0.07500000012209196 -0.02098076272935245 0
0.06899999985033142 -0.05562177866156213 0
0.006007877028683222 -0.0123250558946027 0
0.08599999982889484 -0.07467433745493787 0
0.08700000020299914 -0.01405255955264686 0
0.02300000029717446 -0.00019615269940789 0
0.07900000012219668 -0.02098076276079649 0
0.07800000013302308 -0.01924871195324356 0
0.008999999944170504 -0.05215767676419739 0
0.007999999955047169 -0.05042562597157204 0
0.09400223025963927 -0.005392305600151332 0
0.09598171262934346 -0.005380010601805131 0
0.01200000024207027 -0.01232050829454866 0
0.08299999986908176 -0.04869357558814367 0
0.08199999984575521 -0.05042562639182428 0
0.005997770296659495 -0.005392305039571781 0
0.0040182880611317 -0.005380009945370403 0
0.00699999982152719 -0.07294228628622368 0
0.005035588820149116 -0.07295190507622756 0
0.09299999979710885 -0.05908588028826128 0
0.07900000002498112 -0.03137306757531286 0
0.08100000003190858 -0.03137306757521197 0
0.01300000021664439 -0.01751666070883777 0
0.03499999977995332 -0.07987048962416528 0
0.03600000029009945 -0.001928203500511411 0
0.03500000030513669 -0.0001961526840346949 0
0.01500002606703173 -0.03137287887195218 0
0.01400002611689253 -0.03310489987035828 0
0.09199999985821423 -0.0504256263341714 0
0.09299999985866425 -0.04869357555001985 0
0.09495658261800871 -0.04871864250719632 0
0.09399276365600776 -0.04696570259272318 0
0.09628321838556206 -0.04697820382032587 0
0.09499999985846719 -0.04522947398754518 0
0.09299879384708243 -0.04523017027823802 0
0.09399979887511047 -0.04349753924271814 0
0.09199976539641548 -0.04349755856741182 0
0.09299998100845423 -0.04176538330484088 0
0.09499996323117807 -0.04176539356985164 0
0.09399999064618084 -0.04003332695890575 0
0.09199999523545124 -0.04003332430319623 0
0.09299999760318052 -0.03830127215802488 0
0.08999999981895575 -0.06081793106997939 0
0.07999999985665798 -0.05042562638106989 0
0.0809999998378647 -0.05215767718294904 0
0.08299999984560215 -0.0521576771773922 0
0.08199999982145131 -0.05388972797576436 0
0.07999999983159883 -0.05388972797160476 0
0.08099999985134862 -0.05562177875038744 0
0.06399999990788616 -0.04696152460747276 0
0.01799999988431938 -0.05042562601826549 0
0.06499999984851272 -0.05562177862785322 0
0.06599999984450403 -0.05735382945166674 0
0.01000000024393781 -0.0157846099016901 0
0.00900000024723184 -0.01405255908146605 0
0.07099999988200166 -0.04869357546421112 0
0.06599999996250233 -0.04349742306751564 0
0.05100091598560279 -0.0867977121374085 0
0.0570008555976054 -0.08679774296235901 0
0.07000000000469839 -0.03656921992209686 0
0.03799999982223234 -0.06081793089437535 0
0.03699999980974419 -0.0625499816933948 0
0.0379999997997556 -0.064282032504036 0
0.03899999983367982 -0.05908588009479288 0
0.06300003826943586 -0.08679794623160592 0
0.07199999976208966 -0.08506664219969493 0
0.06200000014201978 -0.01924871179863667 0
0.06100000011667911 -0.02098076258221682 0
0.06799999980849622 -0.07813843897206774 0
0.06500000027219621 -0.003660254557352735 0
0.05200000028666041 -0.001928203614493638 0
0.05300000034757442 -0.0001961527084015832 0
0.04500085453201694 -0.08679819937443878 0
0.08899999978492101 -0.06947818502641538 0
0.02000000027217689 -0.005392305120286149 0
0.06800000006127568 -0.02964101669108988 0
0.06600000006171682 -0.0296410166449769 0
0.03800000022948698 -0.008856406750846302 0
0.02999999998445376 -0.0400333211931883 0
0.0309999999961307 -0.03830127041101301 0
0.087999999800186 -0.06774613422946757 0
0.0840000000427964 -0.03310511834181385 0
0.07899999984799913 -0.06947818498683639 0
0.05499999993186729 -0.04522947373550455 0
0.08099999989961243 -0.05908588022169309 0
0.02000000022498456 -0.01232050834624956 0
0.01599999995618359 -0.04003332123040663 0
0.01699999997567513 -0.0383012704466963 0
0.03399999997726027 -0.0400333212497451 0
0.0670000000001526 -0.03830127070202113 0
0.06500000001115108 -0.03830127068608952 0
0.05500000013197612 -0.01751666087519303 0
0.05299999979096238 -0.06601408341558833 0
0.03699999994954749 -0.04522947372351525 0
0.03799999994239689 -0.04696152454585159 0
0.06799999981564232 -0.0746743374077517 0
0.0139999986662923 -0.07467433636154043 0
0.02399999986400842 -0.05735382919117625 0
0.02599999989334532 -0.05735382919637722 0
0.06799999991166962 -0.04696152464876139 0
0.04399999996712324 -0.04003332134079791 0
0.03899999977939832 -0.07640638802448418 0
0.03699999976844588 -0.07640638804985203 0
0.04099999977426841 -0.07640638803685529 0
0.04199999979007158 -0.07813843883227717 0
0.04299999979285364 -0.07640638804336114 0
0.09496430775338061 -0.05907156679285526 0
0.09493915208339659 -0.0660492138844203 0
0.09493962704807796 -0.01408741604214193 0
0.094940169421596 -0.02787442284116622 0
0.09399002822554121 -0.02963525962878805 0
0.09597485603749925 -0.02610712893114892 0
0.094949283960455 -0.01748738023129925 0
0.005052077766905812 -0.02447465827733258 0
0.004060699918322789 -0.02621172211589904 0
0.09494427428073972 -0.03833344403538397 0
0.09399071193622066 -0.03657458245960629 0
0.005052980448443798 -0.07643697479761219 0
0.004061814821878783 -0.07817412662595223 0
0.004999999822974286 -0.07987048946373797 0
0.09575994612133809 -0.02946642160360154 0
0.0949124312276228 -0.03131650980164368 0
0.004048571355599679 -0.06431007504182827 0
0.09592417167923661 -0.06780085314625325 0
0.09594623600593327 -0.05385868739842527 0
0.09630201924249529 -0.03672598871545908 0
0.09504878848618782 -0.03486419110228883 0
0.09682012029612704 -0.03491837461839691 0
0.04806790073903569 -0.09182922469541718 0
0.05406789223850751 -0.09182923112084251 0
0.06006668218111194 -0.09183034735885949 0
0.07006667269160322 -0.09183126753846399 0
0.004014075859875036 -0.05394201633454966 0
0.005061080043129849 -0.05220030171341945 0
0.00300045051296535 -0.05572865369779583 0
0.09626472624171718 -0.05722798441244062 0
0.09627462803897968 -0.0711478295837758 0
0.0969507448194083 -0.05208926918558154 0
0.003042056190975799 -0.07993750089698828 0
0.004038382204966844 -0.08165328508921119 0
0.003221930227526354 -0.0835155377307268 0
0.005168881824043597 -0.08326585522135252 0
0.00439630995503481 -0.08510347244723063 0
0.006324194001560627 -0.08488934706925272 0
0.005589117215491696 -0.08669974688437587 0
0.007549961122193995 -0.08646666024707539 0
0.006795709008594692 -0.08829159003562137 0
0.008730699330997301 -0.08818079359941891 0
0.008008267403967729 -0.0898813962818351 0
0.009994998044741025 -0.08974864092333537 0
0.006153977823479425 -0.09000818414253414 0
0.00921492105248127 -0.09147638445815121 0
0.01119954812754985 -0.09122888607347029 0
0.01198429222544364 -0.08944493598021874 0
0.002370755728682928 -0.08521817386830045 0
0.01340378119011173 -0.09095074539996451 0
0.01481854707507169 -0.09226372860628573 0
0.09597496188696195 -0.02264912515277315 0
0.09597499277216084 -0.07462271075344452 0
0.09586672494443602 -0.008888675769651477 0
0.09686453743041902 -0.0105033776629206 0
0.003715759620622241 -0.008906954113618375 0
0.003048475342543086 -0.0660365047107862 0
0.0959999997430462 -0.08853074392045931 0
0.09496093704332223 -0.08682124597992505 0
0.0969999997338208 -0.09026279472855853 0
0.004040960113625727 -0.01232647311854875 0
0.0960278154680599 -0.08159489676830858 0
0.09496126049254834 -0.08330729927365327 0
0.004044172501563281 -0.01576677900514519 0
0.09605256707534576 -0.00193580291121849 0
0.0950087614281417 -0.0001974196366047668 0
0.09700000028919899 -0.0001961532227840369 0
0.003947433698806747 -0.001935802370236629 0
0.004991239210308675 -0.0001974191267628752 0
0.003000000319313857 -0.0001961526264090072 0
0.09602248613156578 -0.07813089155562919 0
0.001942799092568972 -0.07808600325091132 0
0.09805635494512502 -0.05392809599090417 0
0.001921984635236304 -0.0641521163597531 0
0.01406114682585345 -0.08910985231850133 0
0.09699357280742434 -0.003725226423287078 0
0.003006428047430431 -0.003725225720888648 0
0.09812204583742824 -0.005716896547432924 0
0.001924748010799469 -0.005643258030595389 0
0.01098147188811319 -0.09323585615346799 0
0.09598856896008628 0.001543129733954686 0
0.09200000037236196 0.001535897734409019 0
0.07000000035031854 0.001535897841448989 0
0.0710000002759951 -0.0001961530080627659 0
0.0981581964949895 0.001742211540969568 0
0.07200000038444339 0.001535897700464715 0
0.006008737194579068 -0.02271773162299732 0
0.003736826162153028 -0.02281668365872678 0
0.008001513769845005 -0.02271358560170665 0
0.09100000063032732 0.003267948703563645 0
0.04200000031899619 0.001535898090513644 0
0.08800000047142317 0.001535897826699484 0
0.0140000182973879 -0.02617683363269252 0
0.004011431792971841 0.001543130142567132 0
0.004993107407658737 -0.02100210006437307 0
0.008000000287424423 0.001535898176604492 0
0.06900000051167884 0.003267948793016542 0
0.01400000029634097 0.001535898152473689 0
0.05600000035165399 0.001535897987017877 0
0.03600000032502288 0.001535898186556393 0
0.019999999958406 -0.04003332122326474 0
0.0219999999238113 -0.04349742281731678 0
0.04100000036059455 0.003267948986524593 0
0.01600000780948648 -0.0261768786902683 0
0.01300000314724883 -0.02444485048163631 0
0.06400000001286621 -0.03656921986387265 0
0.06300000000754442 -0.0383012706528382 0
0.01599999999412575 -0.03310511808861078 0
0.0150000043409356 -0.03483713250458122 0
0.01700000073836059 -0.03483716278562404 0
0.01000025241495147 -0.02271294193216669 0
0.01900000016487946 -0.03483716778558484 0
0.03400000030629825 0.001535898192689752 0
0.07499999990875442 -0.06254998176766696 0
0.07699999990248593 -0.05908588024464604 0
0.08399999986911923 -0.05388972793057649 0
0.04399999999089192 -0.03656921969079517 0
0.08399999991372276 -0.04696152476217606 0
0.02200000031245617 0.001535898098626902 0
0.02000000027490382 0.001535898165786364 0
0.02399999991188495 -0.04696152440240396 0
0.02499999991681285 -0.04869357519374173 0
0.02699999993189856 -0.04869357517592998 0
0.02599999993235133 -0.05042562598168066 0
0.0249999999281223 -0.0521576767944077 0
0.02699999995496495 -0.05215767675466024 0
0.02599999995200833 -0.05388972757379566 0
0.02799999998574544 -0.05388972753313035 0
0.02699999995885385 -0.05562177836675769 0
0.08399999992745336 -0.04349742319055006 0
0.08999999976990458 -0.07121023582708333 0
0.08200000000639733 -0.03656921995176163 0
0.08299999996673325 -0.03830127078434963 0
0.08100000003899488 -0.03483716912923505 0
0.03300000030112451 -0.0001961526749887773 0
0.01800000013710712 -0.03656921845520134 0
0.08800000018141414 -0.01578461035811499 0
0.08699999982143171 -0.07294228664752377 0
0.09199901120509253 -0.07121050305302055 0
0.08200000006587271 -0.02964101675621749 0
0.06499999998339499 -0.04176537226354791 0
0.09398562850945205 -0.0192443662311502 0
0.09626503424382704 -0.01916499591389124 0
0.09199760484603843 -0.01924798769977595 0
0.08999960091133637 -0.01924859127461704 0
0.09630622749269666 -0.03302786057923161 0
0.0939999999516879 -0.03310511845846702 0
0.01999999980319257 -0.06774613396995888 0
0.05700000014907119 -0.01751666092448142 0
0.09498520371301766 0.003276597196506622 0
0.07300000064517786 0.003267948571748342 0
0.07400000048484143 0.001535897656367412 0
0.0760000005710879 0.001535897864962861 0
0.07500000051701587 -0.0001961530678095523 0
0.07700000073084867 0.003267948720989989 0
0.07800000069856987 0.001535898029586393 0
0.08000000088286691 0.001535898100478089 0
0.07900000061288745 -0.0001961528017096505 0
0.08100000074213955 -0.0001961527066409121 0
0.08100000084223286 0.003267948983316373 0
0.07199999988246994 -0.05042562629410055 0
0.07099999986733137 -0.05215767708161571 0
0.08100000010927674 -0.02444486435249266 0
0.06200000000892084 -0.03656921981625359 0
0.009999999921239403 -0.05388972757350916 0
0.05900000011013191 -0.02098076255114302 0
0.06500000002716447 -0.03483716905760771 0
0.06400000004501055 -0.03310511822498426 0
0.08600000018104473 -0.01578461035770313 0
0.02900000027305279 0.003267949062941423 0
0.03100000028520234 0.003267949055383857 0
0.09499999979234548 -0.06947818512736864 0
0.08499999982190516 -0.07640638824871933 0
0.03599999994356921 -0.04696152452435236 0
0.0369999999001145 -0.04869357530502442 0
0.00501550174328342 -0.01405133932741984 0
0.003041917847224914 -0.01403132194553993 0
0.007003896633016972 -0.01405311372158176 0
0.08600000021781778 -0.01232050874715938 0
0.09199845156460904 -0.03657011397136434 0
0.07500000075743793 -0.09326794797943863 0
0.03500000033531964 0.003267949044227303 0
0.06500186959761164 -0.09331519268956698 0
0.09499960164180005 -0.09330285001262259 0
0.02100000020255421 0.003267949069436306 0
0.07903590138394184 -0.09332692093842934 0
0.004968564595430033 -0.09328739496530855 0
0.003963052240108386 -0.09156116026243927 0
0.001834892896124133 -0.091744786632494 0
0.002911753230773893 -0.0898632260646384 0
0.0850000007736801 0.003267949064834227 0
0.08400000069356857 0.001535898251597191 0
0.03700000036785436 -0.09326794798254098 0
0.03800000037240432 -0.09153589716971157 0
0.04002198023499699 -0.09163254670401438 0
0.04100366370849873 -0.09332239482720703 0
0.04300305318642451 -0.09334063872714851 0
0.06300000062140478 0.003267949065927189 0
0.06200000062760066 0.001535898259711265 0
0.06000000051411783 0.001535898157784915 0
0.05900000040883767 0.003267948892293234 0
0.02300000023850792 -0.09326794798063381 0
0.02200000022744679 -0.09153589716971132 0
0.02000000022572858 -0.09153589715645401 0
0.01895711493027042 -0.09326213750349051 0
0.01801334589629796 -0.09161041486607337 0
0.02700000028459317 -0.09326794797402305 0
0.02600000026743495 -0.09153589716971122 0
0.02400000026571682 -0.0915358971564539 0
0.03600000035990714 -0.09153589716971131 0
0.03400000035912625 -0.09153589716132383 0
0.03300000034580731 -0.09326794797250026 0
0.03200000035907748 -0.09153589715065323 0
0.0310000003301919 -0.0932679479722984 0
0.03000000035422505 -0.09153589713930774 0
0.02800000034007379 -0.09153589712225546 0
0.06400000051080433 0.001535898092193696 0
0.0150000002312424 0.003267948996166465 0
0.08000000014258792 -0.01924871195452598 0
0.07900000015552232 -0.01751666114129946 0
0.01100000024607987 -0.01058845747781566 0
0.08499999982359781 -0.07294228663407981 0
0.01000000024179642 -0.01232050827452206 0
0.09299465204156659 -0.08332970742232712 0
0.094939213049723 -0.007106959401875144 0
0.09299024070711416 -0.007121456898086459 0
0.01599999993845535 -0.04349742281910046 0
0.0529999998830757 -0.05215767695553612 0
0.07700000015037191 -0.01751666113024111 0
0.09199833804453686 -0.02964005728543657 0
0.007010179966596722 -0.05216478093099401 0
0.006011876649233619 -0.0504339141628115 0
0.007001979400786628 -0.04869495654577544 0
0.005002309329986143 -0.04869518678486365 0
0.006000364649221656 -0.04696177890189293 0
0.004137149745218329 -0.04697162490624635 0
0.00506328813174562 -0.04520789233918182 0
0.007010608745434914 -0.04522591914160785 0
0.006012316107414204 -0.04349323352644065 0
0.004052969780162065 -0.04346982062855553 0
0.005010880953548122 -0.04173984993218112 0
0.003096907501702193 -0.04859547614015051 0
0.003031317155919074 -0.04178558463160063 0
0.003935931497812946 -0.03999318280917669 0
0.002915190365003221 -0.03812613989535617 0
0.004903622110988572 -0.03819735605135248 0
0.003871331163802536 -0.03647486856546826 0
0.005854664217921656 -0.03646830022274333 0
0.004934625827113677 -0.03473315968374273 0
0.001925646563224895 -0.0436811808900251 0
0.005950828681881565 -0.03997905255325054 0
0.006941345651391984 -0.03473414468655196 0
0.00598878713930894 -0.03295978644931399 0
0.003677829316419587 -0.03301915021887633 0
0.008001949330928692 -0.04349676432708076 0
0.009002092977058149 -0.04522877144232862 0
0.05199999989664392 -0.05042562613844798 0
0.04999999989548311 -0.05042562612931209 0
0.07800000001187277 -0.03310511836989175 0
0.08500000085076943 -0.09326794798098845 0
0.08600000085915667 -0.09157423575605367 0
0.08403077277951163 -0.09156005310890791 0
0.08803077272529497 -0.09167768924985904 0
0.08506667311557825 -0.08996724471730268 0
0.08301025814887482 -0.09327493499879487 0
0.08207351137700419 -0.09161773374067807 0
0.08900133590060127 -0.09328407942428517 0
0.09100000088770298 -0.09326794796522829 0
0.05100000051013474 0.003267949065114962 0
0.05000000048318669 0.001535898243572922 0
0.04800000039904136 0.00153589817299328 0
0.05200000043135606 0.001535898216565615 0
0.04700000035068533 0.003267948974537276 0
0.05300000047761403 0.003267949049394744 0
0.09299448654415488 -0.08680187615688556 0
0.09398522260571947 -0.08506556890695689 0
0.09627731211322704 -0.0850441585863754 0
0.09595628889981542 -0.01230161801252688 0
0.007999628614849378 -0.005392305051940783 0
0.005000000280792758 -0.007124355829964592 0
0.07699999982053823 -0.07294228657281038 0
0.09399405110749041 -0.06081554550247978 0
0.09585825048018734 -0.06085805971946058 0
0.02399999977450682 -0.07121023560114742 0
0.02199999976690381 -0.07121023559636122 0
0.025999999772627 -0.07121023561655285 0
0.02699999978206156 -0.06947818482271699 0
0.02699999975335665 -0.07294228644045456 0
0.09499957966099488 -0.07639652591587959 0
0.09699692346655964 -0.07629424848977254 0
0.0970450519205521 -0.07990508065924462 0
0.02699999985640739 -0.05908588000901658 0
0.03599999982166002 -0.06081793088154273 0
0.03499999981075204 -0.06254998167612327 0
0.006999566668097328 -0.007124355848209175 0
0.01099999557436753 -0.07294228340533634 0
0.09199874533490283 -0.005391822336683226 0
0.004050645489422327 -0.06773662558649426 0
0.009000329852820413 -0.04869380540865579 0
0.09299992975991273 -0.0764047445582316 0
0.09298346623877651 -0.03136252186695744 0
0.08999972302788635 -0.02964085687697091 0
0.08199999996943907 -0.04003332158969657 0
0.08399999998206464 -0.04003332157138365 0
0.00600730405483774 -0.01924738761129797 0
0.003718943969494529 -0.01915397733153623 0
0.05599999980665114 -0.06428203261540794 0
0.009020312179619568 -0.08322806013246425 0
0.008001962444642293 -0.01232135864771815 0
0.05699999979560376 -0.06601408342973832 0
0.05899999979721965 -0.06601408344339688 0
0.07999999995212426 -0.04003332158260558 0
0.07899999993165596 -0.04176537238427834 0
0.09499163633615527 -0.02442261864810596 0
0.09699303005528533 -0.02430414124583716 0
0.09591505433510505 -0.01582701333041411 0
0.07599999980922231 -0.07467433737095244 0
0.02099999974865729 -0.07294228640542118 0
0.08799993359619673 -0.01924869186328682 0
0.006014757165988704 -0.07468103482006228 0
0.003744072130679508 -0.07479433014982186 0
0.09398265278087194 -0.01232316974644173 0
0.0229999997524034 -0.07294228641386269 0
0.013000000242221 -0.01058845749285636 0
0.0539999998279817 -0.06081793099603826 0
0.003722815311179803 -0.07113120927395121 0
0.08000000017267504 -0.01578461033488939 0
0.00501349915903648 -0.02790942849193183 0
0.003051885938993537 -0.02795983954300462 0
0.001942733822980509 -0.02610217063366463 0
0.00403365021123187 -0.02962849418184026 0
0.06999999986340028 -0.05388972787466706 0
0.01400000066125475 -0.02271281089681713 0
0.008999780488769489 -0.04176479993675072 0
0.006999999964417769 -0.04176537199425002 0
0.08899999980960091 -0.07294228664837125 0
0.005056666598338593 -0.0625826980478382 0
0.003718049898257625 -0.06088639206065074 0
0.004999999928963515 -0.05908587993870219 0
0.004013700657164979 -0.05739882510867217 0
0.01100005492425896 -0.04869361355919079 0
0.01299999979578466 -0.06947818474257901 0
0.09398985848507969 -0.06428788774445775 0
0.09597531244598859 -0.064282762114824 0
0.09496957867301405 -0.06255736981022064 0
0.09685210713898981 -0.06248235252312065 0
0.01199999983879491 -0.06428203235142679 0
0.01299999984384773 -0.06254998156060257 0
0.01199999986064548 -0.06081793075931956 0
0.01299999986654897 -0.05908587996774081 0
0.01199999988273613 -0.05735382916890583 0
0.01099999987602871 -0.05908587996352386 0
0.01099999985603718 -0.06254998155183225 0
0.01299999988824173 -0.05562177837752751 0
0.01099999989978825 -0.05562177837418594 0
0.01400000021973928 -0.01578460991344664 0
0.07500000003339896 -0.03137306755223408 0
0.06599999991310031 -0.04696152463062551 0
0.0889999538767185 -0.0279089393419209 0
0.0299999998785345 -0.05735382920004117 0
0.07800000017099704 -0.01578461032176471 0
0.07500000014912864 -0.01751666110515588 0
0.05199999992151636 -0.04696152452236296 0
0.08800000009068069 -0.02271281359985302 0
0.09299884643227765 -0.06947849679134308 0
0.02099999983135374 -0.06254998157851344 0
0.01999999982693963 -0.06081793078416843 0
0.07299999984057993 -0.06947818495524623 0
0.07399999985349495 -0.0677461341820664 0
0.07099999983796398 -0.06947818497766928 0
0.07599999987443946 -0.06774613417264157 0
0.021999999980222 -0.04003332119269616 0
0.01700000437996044 -0.03137303581465653 0
0.02700000012534819 -0.02444486401631736 0
0.02600000011695532 -0.0261769148129409 0
0.0270000001024569 -0.02790896562262201 0
0.0250000001089346 -0.02790896560866607 0
0.02600000009327266 -0.02964101641457431 0
0.02400000011942688 -0.0261769147946355 0
0.0280000000867056 -0.02964101643158797 0
0.02700000007732749 -0.03137306722278646 0
0.0240000000972201 -0.02964101639821366 0
0.02900000007198313 -0.03137306724104065 0
0.0280000000612355 -0.03310511803413065 0
0.02600000006026515 -0.03310511800534782 0
0.02700000003514914 -0.0348371688089236 0
0.02900000003566397 -0.03483716883365721 0
0.02399999994738972 -0.04349742279155257 0
0.04199999989364231 -0.05042562608409822 0
0.04099999989963601 -0.04869357529612627 0
0.08300000021420453 -0.01058845793691921 0
0.08200000022865706 -0.008856407122273018 0
0.09599999981523147 -0.05042562636060536 0
0.0770000000286922 -0.03137306756523657 0
0.03199999989206826 -0.05388972761585018 0
0.0539999998731072 -0.05388972776593759 0
0.09499999979564808 -0.05562177871896413 0
0.08099999987820122 -0.06254998180469908 0
0.03099999990726069 -0.05215767679150746 0
0.02300000011313288 -0.02790896559161358 0
0.07199999980181343 -0.06428203272828828 0
0.07399999981208857 -0.06428203271874844 0
0.0149999999728165 -0.03830127043517481 0
0.01899999986875718 -0.05215767681922549 0
0.02500000015279582 -0.02098076239459521 0
0.02400000014370996 -0.02271281318996932 0
0.02300000015667106 -0.02098076237830892 0
0.0250000001300217 -0.02444486400123641 0
0.02300000013552797 -0.02444486398792057 0
0.01499999995330778 -0.04176537202762962 0
0.04399999991074528 -0.04696152450876324 0
0.0649999997986325 -0.06601408349079296 0
0.06299999979887419 -0.06601408347599021 0
0.06399999981174809 -0.06428203267709041 0
0.06199999981101987 -0.06428203265923788 0
0.06299999982344878 -0.06254998185960765 0
0.06499999982326193 -0.06254998187747787 0
0.06399999983693161 -0.06081793106432967 0
0.06599999983521672 -0.0608179310811235 0
0.06499999984280488 -0.05908588026008559 0
0.06699999983905799 -0.05908588027475076 0
0.067999999839759 -0.05735382946574739 0
0.0699999998490657 -0.05735382949095114 0
0.06199999983098365 -0.0608179310407273 0
0.06099999985589988 -0.05562177860591871 0
0.01699999992535706 -0.04522947362196806 0
0.01599999992928269 -0.04696152441601725 0
0.01299886365486589 -0.07987015235845615 0
0.01499935604750973 -0.07987039799884213 0
0.01599943811660056 -0.08160248974074059 0
0.01699999977518914 -0.07987048951715849 0
0.07100000001462586 -0.03483716912854933 0
0.0829999999119479 -0.04522947398187818 0
0.08799999983630827 -0.06081793105819779 0
0.08899999983696096 -0.05908588027054229 0
0.0899999998770753 -0.05042562631720396 0
0.008002443981181318 -0.07467544234888787 0
0.07699999996906369 -0.0383012707720728 0
0.0459999999275809 -0.04349742291289722 0
0.09099975981101882 -0.04522961257027692 0
0.03200000005516798 -0.03310511807024243 0
0.03300000004216193 -0.0348371688805508 0
0.0310000000403565 -0.03483716885614335 0
0.07799999986865477 -0.05042562636926066 0
0.09599999985892842 -0.04349742320505445 0
0.09695917651960698 -0.04184901528216551 0
0.09592817704273078 -0.04008480081179504 0
0.0979999998588772 -0.04003332164265342 0
0.0179999061537412 -0.08160253190546102 0
0.07799999989310073 -0.04696152477534837 0
0.02899999992786403 -0.0486935751834611 0
0.06299999989734813 -0.04869357540070417 0
0.01129848353881955 -0.08658010054687856 0
0.08400000022888721 -0.008856407137509006 0
0.08999999985650575 -0.05388972790120498 0
0.02400000016573347 -0.01924871158220158 0
0.02100000015888001 -0.02098076236091885 0
0.02000000017409738 -0.01924871155424651 0
0.01799999978787219 -0.06774613397839842 0
0.08199999988306414 -0.06081793101676079 0
0.03599999998376827 -0.04003332128703647 0
0.02899999997708051 -0.04176537198765805 0
0.02099999977727183 -0.06947818478755205 0
0.006008515444917577 -0.06774289531215327 0
0.07599999979470777 -0.07813843898746545 0
0.01199999990752824 -0.05388972757728509 0
0.04800000003770168 -0.02964101642884825 0
0.0500000000376266 -0.02964101644275671 0
0.05100000002574652 -0.03137306725735355 0
0.05200000003718286 -0.02964101645688929 0
0.05100000004775932 -0.02790896564262226 0
0.05300000002512016 -0.03137306727241211 0
0.05300000004719785 -0.02790896565789778 0
0.006999759742050637 -0.0798541101704113 0
0.08999992082353882 -0.04349746882271004 0
0.09099999987899572 -0.04869357553591167 0
0.05299999995403563 -0.04176537211380067 0
0.08000000022868844 -0.008856407106111071 0
0.01500000020595538 -0.01751666071871662 0
0.01699999988162485 -0.05215767680914511 0
0.04700000004911957 -0.02790896561469191 0
0.04799999996706914 -0.04003332128115993 0
0.08399999989507054 -0.05042562634685186 0
0.07799999984663197 -0.05388972796137868 0
0.06899999986329558 -0.05215767705043618 0
0.08099999978643922 -0.07987048981926398 0
0.05199999998949723 -0.03656921968699749 0
0.05300000000155188 -0.03483716888709798 0
0.03599999994479124 -0.04349742288476771 0
0.01200000027590944 0.001535898172077681 0
0.01799999982759932 -0.06081793078759722 0
0.02900000009806633 -0.02790896563740772 0
0.06199999978593285 -0.06774613427551127 0
0.0599999998080584 -0.0642820326413216 0
0.07499999980242497 -0.07640638817527745 0
0.05000000001386707 -0.03310511805797981 0
0.02400000026515165 -0.005392305147944228 0
0.02600000027189591 -0.005392305156583295 0
0.05200000001372952 -0.03310511807239194 0
0.05400000001287285 -0.0331051180879341 0
0.06199999986501875 -0.05388972780602307 0
0.06000000005505503 -0.02617691490528855 0
0.0620000000561154 -0.02617691491715614 0
0.06300000004419798 -0.02790896573125402 0
0.06400000005631885 -0.02617691493083079 0
0.06300000006849593 -0.02444486411621333 0
0.06500000008638909 -0.02444486416882518 0
0.06500000005447408 -0.02790896577946141 0
0.06400000005532241 -0.02964101658426932 0
0.06100000006778328 -0.02444486411119227 0
0.06700085453265223 -0.08679781458743069 0
0.07600000001572546 -0.03310511836144568 0
0.03599999978288543 -0.06774613409156108 0
0.05700000002230247 -0.03137306730403239 0
0.04503854987995885 -0.0901975176191134 0
0.07399999979455392 -0.07813843897852901 0
0.04099999985775711 -0.05562177849224163 0
0.03999999984571749 -0.05735382929222456 0
0.03799999984624008 -0.0573538292766195 0
0.01800000027206434 -0.005392305108740246 0
0.0709999997539937 -0.08679761904208656 0
0.07299999975399418 -0.0867983971957615 0
0.07599999976211025 -0.08506640062947482 0
0.03099999977513617 -0.06947818486215235 0
0.08199999986229582 -0.06428203260993283 0
0.0140000002934594 -0.00192820347135722 0
0.03799999978321948 -0.06774613410826993 0
0.02600000024261863 -0.008856406775329898 0
0.02700000023134043 -0.01058845758944207 0
0.02600000022231571 -0.01232050838513796 0
0.02800000022898066 -0.01232050836018785 0
0.02800000024991714 -0.008856406784414827 0
0.01800000027772327 0.001535898144774539 0
0.03499999974883417 -0.07294228649777962 0
0.03399999973648313 -0.0746743372950039 0
0.03499999975157012 -0.0764063880645959 0
0.07000000014223831 -0.01924871186649108 0
0.0720000001396775 -0.01924871188455358 0
0.07699999977022329 -0.08333455115072798 0
0.05900100263913238 -0.08679625744883919 0
0.04399999979457216 -0.07813843883812323 0
0.04499999980909093 -0.07640638804279951 0
0.04599999979563841 -0.07813843884876023 0
0.04699999980393728 -0.07640638806334217 0
0.04799999979495716 -0.07813843886020841 0
0.04899999980296482 -0.07640638808543385 0
0.04599999981135007 -0.07467433728684621 0
0.04999999979468157 -0.07813843887205094 0
0.05099999980275687 -0.07640638808008909 0
0.05199999979460102 -0.07813843887938605 0
0.05299999979031911 -0.07640638808749067 0
0.05399999979457208 -0.07813843888501119 0
0.05499999977585158 -0.07640638810764883 0
0.05199999979124106 -0.07467433732559463 0
0.05599999979009847 -0.07813843889864189 0
0.05699999979337519 -0.07640638815199655 0
0.05799999979624189 -0.0781384389566708 0
0.06300000011470587 -0.02098076259623673 0
0.03699999974884117 -0.07294228649558245 0
0.05499999978570526 -0.0798704896979789 0
0.05300123886923828 -0.08679619933510019 0
0.0830000002432575 -0.007124356324094881 0
0.08600000023238485 -0.008856407150238842 0
0.06600000006659378 -0.02617691496809162 0
0.03800305257799678 -0.08848670274754622 0
0.04899999978649323 -0.07987048966991495 0
0.08199999977832785 -0.08160254063151261 0
0.08299999978646232 -0.07987048983018818 0
0.08499999978736518 -0.07987048983949571 0
0.06400000014202005 -0.01924871181712195 0
0.08100000024324243 -0.007124356307585186 0
0.07800000022866012 -0.008856407088976894 0
0.04099999978611178 -0.07987048963245193 0
0.06599999978163486 -0.07467433745294783 0
0.06600000017096132 -0.01578461021861398 0
0.0640000001709608 -0.01578461020191084 0
0.06500000018541147 -0.01405255940276624 0
0.02599999974584422 -0.0885307435991375 0
0.05100000006834498 -0.02444486403150751 0
0.07200000016887202 -0.01578461026898542 0
0.05899999978672935 -0.07987048974495917 0
0.0430000001817618 -0.01405255919682109 0
0.06200000618134219 -0.08506651769726017 0
0.06699999978817292 -0.0798704897716207 0
0.01900000029044525 -0.0001961526769854174 0
0.0429999997856443 -0.07987048964173005 0
0.06299999977204539 -0.07987048976941188 0
0.06000000019987606 -0.01232050855318201 0
0.04799999978400247 -0.06774613417845035 0
0.04800000025773235 -0.005392305222957866 0
0.05400000025773228 -0.005392305273062654 0
0.07799999976211681 -0.08506641775824049 0
0.02299999977020808 -0.08333459116236359 0
0.02199999976728554 -0.08160254036882478 0
0.01999998416020052 -0.081602538956628 0
0.02399999976544501 -0.08160254038214076 0
0.02599999977723386 -0.08160254038442682 0
0.03700000024733967 -0.007124355924429405 0
0.04900032382716108 -0.08679717919275227 0
0.05000020647956791 -0.08506622635028273 0
0.04700036759710108 -0.0867970081096979 0
0.0440000003204356 0.001535898119243533 0
0.03600000010999524 -0.01924871150041362 0
0.03500000010182538 -0.02098076230274706 0
0.03600000009000227 -0.02271281311706904 0
0.03400000008685767 -0.02271281310087994 0
0.03800000008657616 -0.02271281312926892 0
0.03700000007790628 -0.0244448639313494 0
0.0380000000620444 -0.02617691474342804 0
0.03600000006474673 -0.02617691474344738 0
0.03700000005203592 -0.02790896555654026 0
0.03900000005133584 -0.02790896556251993 0
0.0400000000616082 -0.02617691475876865 0
0.04100000004686814 -0.02790896557353568 0
0.04000000003874001 -0.02964101637574755 0
0.04100000002422554 -0.03137306718724382 0
0.03900000002565357 -0.03137306718692606 0
0.04000000002035466 -0.03310511805752735 0
0.0420000000143425 -0.03310511803779524 0
0.04300000002458169 -0.03137306720780769 0
0.04400000001276783 -0.03310511802690957 0
0.04300000000046773 -0.03483716884882265 0
0.07000000022880415 -0.00885640702181343 0
0.07100000024326818 -0.007124356222595436 0
0.07200000022880415 -0.008856407038515136 0
0.04800000018861428 -0.01232050843461731 0
0.05200000025773226 -0.005392305256361031 0
0.03099999977020818 -0.08333459119987496 0
0.02999999975170589 -0.08160254040061493 0
0.03199999975937542 -0.081602540411586 0
0.02799999976160291 -0.08160254040356053 0
0.04499999980953707 -0.06254998175096746 0
0.06200000019987598 -0.01232050857002758 0
0.05100000011793194 -0.01751666080769234 0
0.0520000001394487 -0.01578461003507029 0
0.07400000022877129 -0.008856407055229096 0
0.06100019765723966 -0.08679599398021409 0
0.05200000008026216 -0.02271281323214525 0
0.02599999974666002 -0.0781384388482195 0
0.06600000025773223 -0.005392305373272446 0
0.03999999980248014 -0.06428203252076416 0
0.0439999997969241 -0.06428203255078592 0
0.04299999978905994 -0.06601408334728336 0
0.06700000018541449 -0.01405255941945628 0
0.04200000022950848 -0.008856406787538108 0
0.05600014240270233 -0.08506648379558246 0
0.04699999985771015 -0.05562177853514114 0
0.04099999983358224 -0.05908588010690582 0
0.04300000009682559 -0.0209807623574881 0
0.034000000134109 -0.01578460987186218 0
0.03300000012603088 -0.01751666067427588 0
0.03200000013874568 -0.01578460986020209 0
0.03100000014600059 -0.01405255904275037 0
0.0300000001664968 -0.01578460991191994 0
0.03400000011499939 -0.01924871148926852 0
0.03200000010998856 -0.01924871147238751 0
0.06100000027548467 -0.003660254514585526 0
0.04799999986974149 -0.05388972773453644 0
0.03700000027726006 -0.003660254319128004 0
0.03500000026195581 -0.003660254281202069 0
0.03900000027368183 -0.003660254338501373 0
0.04899999988175927 -0.05215767693391403 0
0.04799999989371334 -0.05042562611852128 0
0.06800014222520559 -0.08506649578155608 0
0.03999999977844709 -0.08160254043474431 0
0.04999999980237572 -0.06428203259092864 0
0.03399999974584376 -0.08853074363664838 0
0.05900000021434011 -0.01058845773747988 0
0.05699999976994977 -0.07294228662980436 0
0.03200000017357119 -0.01232050825388373 0
0.04100000012267392 -0.01751666073472602 0
0.04500000007318251 -0.02444486398609496 0
0.06000000025828033 -0.005392305321606927 0
0.05999999975799636 -0.07467433747830887 0
0.04400000028750908 -0.001928203569102477 0
0.07500000024322884 -0.007124356257203717 0
0.04100000022039185 -0.01058845758360769 0
0.04000000019970339 -0.01232050836169763 0
0.03800000032406663 0.001535898178200721 0
0.05900000027427225 -0.003660254503856066 0
0.07700186898063272 -0.09021444819141956 0
0.0409999997512249 -0.07294228651901787 0
0.06400000025773221 -0.005392305356570846 0
0.01799999980580295 -0.08845340233060886 0
0.0540000001996405 -0.01232050850063153 0
0.05200000019105695 -0.01232050847118356 0
0.04300000030349033 -0.0001961527336948164 0
0.07300000021430418 -0.01058845785442388 0
0.04300000024338563 -0.007124355988697123 0
0.04400000022890142 -0.008856406804581347 0
0.02199999974584399 -0.08853074358038134 0
0.07100000021433434 -0.01058845783773056 0
0.06100000021434009 -0.01058845775415475 0
0.06500000021434008 -0.01058845778762828 0
0.02199999973557262 -0.07813843881330115 0
0.04599999982163006 -0.06081793095079897 0
0.05799999978539583 -0.0677461342460961 0
0.05100000033320307 -0.0001961526837696839 0
0.05500000024326825 -0.007124356088982348 0
0.05300000024326822 -0.007124356072280728 0
0.03499999977020816 -0.0833345912186306 0
0.06300000027459614 -0.003660254531297561 0
0.02999999971941517 -0.0781384388553619 0
0.0609999997521237 -0.07294228668914379 0
0.05099999983367972 -0.0590858801780684 0
0.06899999978905937 -0.07987048976949664 0
0.04699999978670006 -0.07987048966065577 0
0.05100000027219635 -0.003660254435986421 0
0.05000000025773231 -0.005392305238916953 0
0.05000000029991162 -0.001928203581615147 0
0.04599999986974204 -0.05388972772065341 0
0.08400000035980607 -0.00192820375728061 0
0.08500000047901116 -0.0001961527363266539 0
0.06400000019987587 -0.01232050858682694 0
0.07299999977021097 -0.08333459139680555 0
0.047000000092638 -0.02098076238971672 0
0.04400014222509541 -0.08506655981736355 0
0.03899999975396536 -0.08679869285252394 0
0.05500000033036032 -0.0001961527724591737 0
0.04900000024326825 -0.007124356038753768 0
0.06300000037993639 -0.0001961527769241787 0
0.0529999998602286 -0.05562177857206534 0
0.05399999985132879 -0.05735382938104272 0
0.0700000002832232 -0.001928203794595496 0
0.03399999977408762 -0.08160254041866702 0
0.05799999976208663 -0.08506664213404468 0
0.05299999978633152 -0.0798704896886375 0
0.02699999976723776 -0.08333459118793379 0
0.0299999997458439 -0.08853074361789261 0
0.05500054286561674 -0.08679674326349943 0
0.07399999976209914 -0.08506653245009782 0
0.06400000725121541 -0.08506649696401754 0
0.06400000031631983 -0.001928203694375216 0
0.05299999983798054 -0.05908588018517392 0
0.06200000017094998 -0.01578461018465419 0
0.07200000026139644 -0.001928203845944289 0
0.08301025711451857 -0.08672737148181114 0
0.04600022727612342 -0.08506626532153855 0
0.0630000001564972 -0.01751666100043907 0
0.01899998156285557 -0.08333458950849612 0
0.06300000018541432 -0.01405255938585104 0
0.0650002367051901 -0.08679716955021821 0
0.0520003934394883 -0.0850659937558215 0
0.07299999980267849 -0.07640638816652578 0
0.06900102073961634 -0.0867963983760898 0
0.02700000023181362 -0.003660254206234103 0
0.0490000000477193 -0.0279089656289808 0
0.07700000024320786 -0.007124356275032545 0
0.07700000021417855 -0.01058845788792327 0
0.01999999976419157 -0.07121023559136896 0
0.03699999986085694 -0.05562177846156788 0
0.0609999997984358 -0.06601408346104501 0
0.04601298328379755 -0.08851312109037919 0
0.08700000040115242 -0.0001961529185379125 0
0.0760000002287209 -0.008856407072582936 0
0.02799999984029974 -0.06081793081315934 0
0.07200000011240433 -0.02271281350079581 0
0.08599999977832733 -0.08160254065314838 0
0.08700000024444221 -0.007124356353627373 0
0.05599999989563342 -0.05042562615841749 0
0.06599999981032084 -0.06428203269148886 0
0.08800000030335026 -0.001928203907712308 0
0.03000000008347768 -0.0296410164477292 0
0.07400000008004828 -0.02617691513204606 0
0.01299857708853522 -0.03483608647253651 0
0.07899999987091499 -0.05562177874113548 0
0.067999999830365 -0.06081793109431029 0
0.05699999995218019 -0.04176537214046988 0
0.08999999916596635 -0.04003332202374353 0
0.02899999999925466 -0.03830127039652818 0
0.01498855444700902 -0.08334265735893887 0
0.0620000000407029 -0.0296410165422966 0
0.07900000021420528 -0.01058845790482441 0
0.08199999979472181 -0.07813843901948331 0
0.02299999988609823 -0.04869357522496268 0
0.06499999989488051 -0.04869357541681757 0
0.01300000028440497 -0.003660254273957992 0
0.0810000001575889 -0.01751666114924937 0
0.01200000025484792 -0.008856406683091879 0
0.07299999993500657 -0.04522947393704933 0
0.04099999997922074 -0.04176537215560251 0
0.01599999989816334 -0.05042562600920508 0
0.09826795021512759 -0.04599999944202391 0
0.09826795021512819 -0.04799999941581635 0
0.01199776140617465 -0.03310269517283574 0
0.05599999998797506 -0.03656921971639555 0
0.00173205078487482 -0.03199999962521077 0
0.001849175421560468 -0.03622471468318979 0
0.08499999998767505 -0.03830127075909149 0
0.07299999987316688 -0.05215767711780193 0
0.08899992247931983 -0.02098073932747372 0
0.02099999994543546 -0.04176537201583481 0
0.009999999853057729 -0.0642820323404632 0
0.001931241376278077 -0.05397767794079984 0
0.02899999980153919 -0.06601408322990866 0
0.09099966917330221 -0.02790877499284355 0
0.03299999993225967 -0.04522947362623483 0
0.09827481333527988 -0.05802235401230195 0
0.05899999992667437 -0.04522947376291407 0
0.05799999989328922 -0.05042562617058158 0
0.008001696604466072 -0.05389091159818235 0
0.01399999995272979 -0.04349742282089243 0
0.001732050784882459 -0.05999999925840806 0
0.02200000027030523 -0.00539230513289027 0
0.001732050784874821 -0.02199999975623622 0
0.02799999994423115 -0.04696152438134852 0
0.04000000001156589 -0.03656921972920919 0
0.06399999986133081 -0.05388972781778475 0
0.02799999999161077 -0.04003332118235339 0
0.06599999976547974 -0.07121023589521094 0
0.09809276891302027 -0.02603284672405395 0
0.09843802427799937 -0.03005745493580234 0
0.05699999983960677 -0.05908588019682665 0
0.0919990083536317 -0.0608175334800989 0
0.02599999984218432 -0.06081793079804067 0
0.09826795021512517 -0.07199999910135012 0
0.0980152501995408 -0.06792435681226411 0
0.001764551721192645 -0.01804494556268165 0
0.08704701263373585 -0.08675880161426114 0
0.07000000005755354 -0.02964101670731709 0
0.05800000001040564 -0.03310511811865901 0
0.09000000017110917 -0.01578461036960341 0
0.05500000000032512 -0.03483716890220123 0
0.09099983457680794 -0.05908581401429656 0
0.03000000005350939 -0.0331051180495519 0
0.07699999993916062 -0.04176537237314509 0
0.01100114018569213 -0.02790717029603026 0
0.01799999984257071 -0.05735382920018239 0
0.09099910847730154 -0.08333377746837414 0
0.07399999981081426 -0.07467433736347602 0
0.09801344182062732 -0.01594142242760612 0
0.00173205078488337 -0.07399999907504522 0
0.098267950215117 -0.01999999978256534 0
0.00176401051552375 -0.07003626537346243 0
0.01200034004525591 -0.02617642244815071 0
0.01100023220164736 -0.0244446824023758 0
0.07899999987455758 -0.04869357557897382 0
0.0720000000010034 -0.03656921993593906 0
0.07799999981002169 -0.07467433738387688 0
0.001761351731010225 -0.009978556559912911 0
0.01699999979756887 -0.06601408317906043 0
0.02100000026078198 -0.007124355933685315 0
0.06299999985258414 -0.05562177861689591 0
0.04199999984560968 -0.05735382930691707 0
0.07199999997588752 -0.0400333215368045 0
0.08600000002722009 -0.03310511835813694 0
0.08999974190619611 -0.03656936897766563 0
0.04299999995386518 -0.04176537215355755 0
0.0909999998570178 -0.05215767711648123 0
0.07600000007653623 -0.02617691514963034 0
0.07699999985743622 -0.06947818497839126 0
0.09826795021512517 -0.08399999894411564 0
0.08999998714064972 -0.0227128097010381 0
0.08400000008785635 -0.02617691516332617 0
0.01099999980947208 -0.06947818472624562 0
0.02499999980949678 -0.06601408319835467 0
0.02500000019958685 -0.01405255917624661 0
0.08899999980008158 -0.06601408344116907 0
0.01900000021205945 -0.01405255914099687 0
0.09826795021512429 -0.08599999891791189 0
0.06900000007309123 -0.02790896588991114 0
0.01100000022835229 -0.01751666070129584 0
0.08300000013187017 -0.020980762762621 0
0.05699999992968422 -0.0452294737491795 0
0.05699999988376017 -0.05215767696911976 0
0.08200000009657839 -0.02617691515484545 0
0.01900000026081768 -0.007124355921685277 0
0.03599999985023426 -0.05735382926038005 0
0.07600000013532829 -0.01924871193073545 0
0.0639999998456528 -0.05735382943564798 0
0.04899999990761331 -0.04869357531515127 0
0.01199963141608019 -0.07813827361820613 0
0.02700000020657656 -0.01405255916754543 0
0.03000000025407405 0.001535898230195484 0
0.03200000028428413 0.001535898207632019 0
0.09300632531598435 -0.03484271560219845 0
0.01700000026115007 -0.007124355909983135 0
0.08099999983880322 -0.06947818499808867 0
0.05600000001204103 -0.03310511810393778 0
0.07699999988917007 -0.06601408338281767 0
0.009000265417340846 -0.02444478431526993 0
0.09300146049702562 -0.0001963641885995826 0
0.003714601098605548 -0.05059754777146175 0
0.08900000021883264 -0.01058845797202848 0
0.06700000007020046 -0.02790896584982554 0
0.06899999999695419 -0.03830127071557118 0
0.08799999979895091 -0.07813843906209511 0
0.02899999975116414 -0.07294228646288284 0
0.01800000022725292 -0.01232050833131029 0
0.08599999981469668 -0.06774613422281171 0
0.03699999983712435 -0.05908588007529962 0
0.006998540119009418 -0.0001963637225608259 0
0.0559999999416323 -0.04349742293801327 0
0.05400000003545022 -0.02964101647288487 0
0.0550000000463057 -0.02790896567380366 0
0.0119976938638847 -0.03656733489509978 0
0.08300000005418079 -0.03137306755374222 0
0.07099999999098192 -0.03830127072952814 0
0.04300000012785244 -0.01751666076206154 0
0.05499999988425465 -0.05215767696138494 0
0.08699999981632522 -0.06601408343076255 0
0.0920000687568593 -0.08160125563852856 0
0.01300000029489777 -0.0001961526547932772 0
0.0850000000451457 -0.03137306755853143 0
0.07899999985047503 -0.05215767717138759 0
0.08299999986554568 -0.06254998182008467 0
0.01200000023132019 -0.01578460990828573 0
0.07300000012518762 -0.02098076270265298 0
0.08399999979453737 -0.07813843903334303 0
0.01399964027847931 -0.07813833877442997 0
0.08500000021506209 -0.01058845794780834 0
0.05500000002377066 -0.0313730672886629 0
0.01200000029293695 -0.001928203461886193 0
0.07500000009466615 -0.02444486433780555 0
0.074000000137876 -0.01924871190422869 0
0.00800256259410022 -0.04696112597142497 0
0.09399733259980658 0.001538298266818943 0
0.05399999994235074 -0.04349742292421757 0
0.02599999979441879 -0.06774613400896497 0
0.05200000005754021 -0.02617691484386591 0
0.05400000005818406 -0.02617691485928607 0
0.009999999874266082 -0.06081793075306594 0
0.05000000005796881 -0.02617691483014392 0
0.033999999827585 -0.0608179308526463 0
0.048000000058197 -0.0261769148158634 0
0.0470000000703226 -0.02444486400166569 0
0.04500000009489714 -0.020980762373457 0
0.04400000010853264 -0.01924871156258414 0
0.0460000000828978 -0.0227128131877734 0
0.01100000015187602 0.003267949059766469 0
0.01699999990262337 -0.04869357521750677 0
0.07999999983330917 -0.07121023579246299 0
0.09199855282512577 -0.04696236021107639 0
0.07400000016741834 -0.01578461028711535 0
0.0779999999517087 -0.04003332157452849 0
0.08399999982999357 -0.0746743374377736 0
0.0190000001611453 -0.02098076234346394 0
0.08699999979964212 -0.06947818501838944 0
0.05499999979660694 -0.0660140834233349 0
0.05299999993151054 -0.04522947372328466 0
0.05399999978328214 -0.0677461342218372 0
0.02000000014623501 -0.02271281315088901 0
0.08500000020067612 -0.01405255954769239 0
0.05099999993080514 -0.04522947371237945 0
0.03299999981656122 -0.06254998165119428 0
0.05099999991000775 -0.04869357532419644 0
0.0110000002418663 -0.01405255909951559 0
0.04499999978930055 -0.06601408335921212 0
0.0289999997783113 -0.0694781848471011 0
0.009000403864729964 -0.07294246822150986 0
0.08599999981165747 -0.07813843905079507 0
0.02799999976688219 -0.07121023564464307 0
0.0870000002213392 -0.0105884579574432 0
0.08999971870819429 -0.04696168708232807 0
0.0740000001099473 -0.02271281352183017 0
0.08799999978873846 -0.07121023581570624 0
0.01799999991028565 -0.04696152442023535 0
0.07300000015224051 -0.01751666108698928 0
0.06799999998950408 -0.04003332150805371 0
0.07799999984460555 -0.07121023577969021 0
0.0279999997905018 -0.06774613402501575 0
0.0220000001468739 -0.02271281316778655 0
0.08299999988662635 -0.05908588025320944 0
0.01899999979003998 -0.06601408318624689 0
0.01999999980655085 -0.06428203238663872 0
0.02100000020662435 -0.01405255915500545 0
0.009999999895391957 -0.05735382916766357 0
0.02200000012170922 -0.02617691477316896 0
0.02200000021935494 -0.01232050835735343 0
0.01899999983003504 -0.05908587999115475 0
0.09099994359549225 -0.0417654048953847 0
0.06600000000089509 -0.0400333214885869 0
0.05499999986169295 -0.05562177857659976 0
0.05499999981594841 -0.06254998180609285 0
0.02199999982809332 -0.05735382920887108 0
0.08100000013417963 -0.02098076275520686 0
0.0249999998818672 -0.05562177840157674 0
0.02299999985753712 -0.05562177841222717 0
0.08000000012356062 -0.02271281355099212 0
0.02400000021877681 -0.01232050836924578 0
0.0139999999701749 -0.04003332123171809 0
0.0549999998395207 -0.05908588019104832 0
0.02200000009048967 -0.02964101636473068 0
0.04599999996896275 -0.0400333212843139 0
0.05199999978155016 -0.06774613420898912 0
0.05099999979504071 -0.06601408340086443 0
0.04599999998588312 -0.03656921967849915 0
0.0489999997921214 -0.06601408338397541 0
0.0469999997905701 -0.06601408337129239 0
0.02300000007235543 -0.03137306716796895 0
0.09099969757362743 -0.03830144536647413 0
0.0439999997797053 -0.06774613415427808 0
0.04199999978245374 -0.0677461341398079 0
0.04099999979532064 -0.06601408333117495 0
0.08100000007496615 -0.02790896595987247 0
0.03899999979194638 -0.06601408331346871 0
0.03399999980061122 -0.06428203246706213 0
0.03699999978856945 -0.06601408329637723 0
0.09199829857902145 -0.03310428518642398 0
0.035999999799642 -0.0642820324847098 0
0.02500000007895452 -0.03137306719689532 0
0.009000000134492366 0.003267949070471147 0
0.08899992252712159 -0.01751663770184164 0
0.02500000003385389 -0.03483716877828613 0
0.03800000003118523 -0.03310511807844434 0
0.01399937920425812 -0.03656871906713435 0
0.03700000004583452 -0.03137306726813124 0
0.026000000022009 -0.03656921958498476 0
0.04100000001216545 -0.03483716890177698 0
0.01199999909160676 -0.07121023504287249 0
0.03500000007020684 -0.02790896566939398 0
0.08200000003525654 -0.03310511834989033 0
0.03800000005240436 -0.02964101637159125 0
0.03400000008475341 -0.02617691485689207 0
0.08000000000548722 -0.03310511836599326 0
0.01599989739485884 -0.03656912894906868 0
0.03500000009383748 -0.02444486392622545 0
0.0729999999012753 -0.04869357551814808 0
0.03200000024261446 -0.001928203423469161 0
0.03200000011107888 -0.02271281324079268 0
0.07199999991996295 -0.04696152471213801 0
0.0390000003523262 0.003267948997640076 0
0.07099999985611585 -0.05562177869607826 0
0.06600000004759289 -0.03310511826937827 0
0.01599999956938235 -0.07467433702648935 0
0.03300000012014568 -0.0209807622996817 0
0.02299999992045423 -0.04522947360796233 0
0.03400000027217145 -0.001928203467508078 0
0.01299999716035535 -0.07294228453101086 0
0.06999999990708407 -0.04696152467538426 0
0.03400000023074078 -0.005392305057205998 0
0.03000000013666479 -0.01924871161843102 0
0.02000000002235222 -0.03656921958029093 0
0.02799999992188534 -0.05042562596206973 0
0.0360000002581676 -0.005392305101388632 0
0.03100000014462646 -0.01751666068505162 0
0.02799999985787131 -0.05735382923636455 0
0.006000000313917489 0.001535898144275017 0
0.0649999999377817 -0.04522947383314541 0
0.03600000020511925 -0.008856406697132422 0
0.06399999995103409 -0.04349742302687051 0
0.02800000017042723 -0.01578460999274959 0
0.03200000002375013 -0.0365692196480862 0
0.01900000000585138 -0.03830127022320938 0
0.01499993817396146 -0.07640637014667084 0
0.01499999911727373 -0.07294228589988995 0
0.03900000022222026 -0.01058845755285594 0
0.005014797120157547 0.003276597394311464 0
0.03500000000724481 -0.03830127047491471 0
0.03900000016860286 -0.01405255913352593 0
0.03300000000067747 -0.03830127044463506 0
0.04100000017233092 -0.01405255916939921 0
0.08499999994453281 -0.04522947394720974 0
0.03499999996386528 -0.04176537206589357 0
0.02400000028619053 0.001535898180767638 0
0.02800000001723381 -0.03656921960547335 0
0.08499999990517962 -0.04869357554377011 0
0.02400000027294115 -0.00192820351574004 0
0.084999999883176 -0.05215767712956052 0
0.02500000025358001 -0.003660254344207885 0
0.05300000016479094 -0.01405255926763519 0
0.06899999993962397 -0.04522947388339371 0
0.03000000001873163 -0.03656921962515022 0
0.0280000002302896 -0.005392305028979152 0
0.03499999993855145 -0.04522947367475264 0
0.08299999987689038 -0.05562177872300731 0
0.08499999987773023 -0.05562177869815669 0
0.03299999974179153 -0.07987048963177343 0
0.0270000002308952 -0.007124355970982607 0
0.03000000021232596 -0.008856406626309644 0
0.02900000022233161 -0.01058845754712231 0
0.06399999998626421 -0.04003332145108178 0
0.0560000001650008 -0.01578461009927488 0
0.06199999997874391 -0.04003332141276648 0
0.06099999999453336 -0.038301270603416 0
0.03499999987648546 -0.04869357525262228 0
0.05600000010810848 -0.01924871168650334 0
0.03599999988076395 -0.05042562606745053 0
0.05800000013132545 -0.01924871173021974 0
0.03599999976774449 -0.07813843883680946 0
0.05800000008037992 -0.02271281330843664 0
0.05400000014984413 -0.01578461006604105 0
0.02099999983519479 -0.05908587999156201 0
0.03599999974844184 -0.07467433727433159 0
0.0650000000526692 -0.03137306742994615 0
0.06600000011309302 -0.02271281339867894 0
0.06699999993846223 -0.04522947386070909 0
0.06700000011991772 -0.02444486422932985 0
0.03700000018678654 -0.01058845751380975 0
0.0159998222868941 -0.07813840385866702 0
0.04399999977796071 -0.0746743372707539 0
0.07599999987304581 -0.05735382950378932 0
0.04200000015350264 -0.01578460996375196 0
0.04400000014726038 -0.01578460998866596 0
0.04600000013739657 -0.01578460999811773 0
0.07599999988622512 -0.06081793102373498 0
0.01600002450287001 -0.02964088027136991 0
0.07399999981634871 -0.06081793108261661 0
0.04700000016758386 -0.01405255921487021 0
0.02999999992356352 -0.05388972755962518 0
0.03799999988868603 -0.05042562609645822 0
0.01700001014098299 -0.02790891429292992 0
0.04900000016006659 -0.01405255922724342 0
0.02899999992403663 -0.05215767675426379 0
0.0389999998887164 -0.04869357532343815 0
0.05100000016409593 -0.01405255924394901 0
0.04999999979228546 -0.07467433732651432 0
0.03999999989846729 -0.04696152453210466 0
0.04499999998044783 -0.03830127050453606 0
0.01799997016045039 -0.07813843294932411 0
0.04199999991822619 -0.04696152452902984 0
0.08499999995894483 -0.04176537236946785 0
0.0429999999114464 -0.04522947374099077 0
0.06000000008606896 -0.02271281333739286 0
0.06200000008065118 -0.02271281336795707 0
0.04399999991630589 -0.04349742294569302 0
0.06400000009826273 -0.02271281337934555 0
0.04499999994727147 -0.0417653721214128 0
0.03399999974857354 -0.07813843885267216 0
0.01899997662749428 -0.07987048695563129 0
0.02099999978645021 -0.0798704896119054 0
0.05099999979259427 -0.07294228656476953 0
0.01700000023736101 0.003267948980991094 0
0.02299999976182404 -0.07987048960761459 0
0.02499999976843287 -0.0798704896225146 0
0.06599999979457298 -0.07813843902150791 0
0.02699999975999109 -0.07987048962977539 0
0.06699999981887303 -0.07640638820221603 0
0.02899999973679449 -0.07987048962840272 0
0.06699999976224735 -0.07294228665008506 0
0.07499999990465121 -0.06601408339322874 0
0.03099999973922359 -0.07987048963195571 0
0.06899999989379843 -0.07294228657586249 0
0.0729999998385579 -0.06601408345211147 0
0.06999999978999842 -0.06774613424690007 0
0.07199999983536944 -0.0677461342143566 0
0.06999999983228768 -0.07121023579789316 0
0.08199999989407752 -0.05735382949881211 0
0.03799999974131802 -0.07467433725073308 0
0.00184180433980787 0.001742211803787475 0
0.0399999997413649 -0.07467433725942751 0
0.02899999991674825 -0.05562177838182346 0
0.04199999975885244 -0.07467433727098356 0
0.0449999997885533 -0.07294228651665433 0
0.04699999980404353 -0.07294228654054793 0
0.04799999980263541 -0.07467433732140506 0
0.05400000040171148 0.00153589816895589 0
0.05299999979256478 -0.07294228658007784 0
0.02500000027162732 -0.0001961526299920459 0
0.07999999991479478 -0.0573538295159023 0
0.05399999976284629 -0.07467433734485703 0
0.03000000022818 -0.01232050828864162 0
0.0290000002061246 -0.01405255911529173 0
0.05599999978211415 -0.07467433738153739 0
0.05799999981701796 -0.07467433742092493 0
0.07799999990668599 -0.05735382949911253 0
0.05899999979767529 -0.07640638822358872 0
0.05999999979248575 -0.0781384390238945 0
0.06199999978549868 -0.07813843903779676 0
0.06399999977302077 -0.07813843902077394 0
0.04500000037648418 0.003267948992972414 0
0.08000000036931654 -0.001928203889742057 0
0.06700000051256468 0.003267948676193289 0
0.06600000045322132 0.001535897970973866 0
0.08200000077360117 0.001535898237309331 0
0.05700000045262541 0.003267948929418358 0
0.07300000037955802 -0.0001961530812749655 0
0.07600000037065055 -0.001928203779797928 0
0.08600000058357905 0.001535898060484883 0
0.08900000065423137 0.003267948802414468 0
0.08300000057066305 -0.000196152751730766 0
0.07700000053115712 -0.000196152930449971 0
0.004856682543791061 -0.08849802702978643 0
0.00348808476714404 -0.08693037121366343 0
0.09822032778465772 -0.06407625886530303 0
0.01538789704140146 -0.09040992699385089 0
0.006932404355948122 -0.03824084421186588 0
0.09822485734270849 -0.01208942684838264 0
0.006023652672777066 -0.08154296435270285 0
0.001669933344050861 -0.04983416034259995 0
0.008890524323125287 -0.0933292144684414 0
0.005011372056125792 -0.03128729796283587 0
0.0070039741320279 -0.03131051492006376 0
0.09828236575033432 -0.09192404243417308 0
0.09831316156014444 -0.03600410221157767 0
0.007073104306015487 -0.08318911942274951 0
0.08303362143654372 -0.08997790954936638 0
0.08002702766391093 -0.09169822053267208 0
0.07101111254367676 -0.0933936676651935 0
0.06101111405857676 -0.09339351430325034 0
0.05502157297470892 -0.09341882536646748 0
0.0490215743542157 -0.09341882429631959 0
0.04101637001690592 -0.09010898786296674 0
0.04602673387055477 -0.09181504457628198 0
0.05203306915152577 -0.09182495183874134 0
0.05803262811979165 -0.09182533274876614 0
0.06802603009493161 -0.09181641445849167 0
0.08603518847552356 -0.08837622027127004 0
0.08902296442550542 -0.09011365911113212 0
0.02300000023662164 -0.09003332054610044 0
0.02100000023654764 -0.0900333205353053 0
0.01900222427498562 -0.09000106338897919 0
0.02700000012261564 -0.09003332043977581 0
0.02500000012473379 -0.09003332045715638 0
0.02900000029549158 -0.09003332053915776 0
0.03100000003988002 -0.09003332037653052 0
0.03500000005261247 -0.09003332040327729 0
0.03300000005039731 -0.0900333203926173 0
0.03700000036615558 -0.09003332062105286 0
0.03901288399848531 -0.0900448709657496 0
0.04401664754298544 -0.09178685177200982 0
0.06400085882478321 -0.09176208651050406 0
0.06601510324778032 -0.0917797607902668 0
0.07400000024236236 -0.09176527837064424 0
0.07600000076043543 -0.09176537165393464 0
0.07801446325072332 -0.09173895491084988 0
0.09200000091626505 -0.09176537174171036 0
0.09399999973241097 -0.09176537094861029 0
0.09604589931181169 -0.09181691338728512 0
0.09000000088010512 -0.09176592870234561 0
0.06902096619630947 -0.09340099079760729 0
0.08703704538360249 -0.09002719110905677 0
0.05902866163143369 -0.09341168709975652 0
0.05303067993839398 -0.09341565608558207 0
0.04702303171225901 -0.09340461479067555 0
0.04200000040677759 -0.09176592871818894 0
0.05003787877190552 -0.09181821511542343 0
0.05603775366788259 -0.09181831746670334 0
0.06199999973077068 -0.09176481335591442 0
0.07199999973077272 -0.09176481335176413 0
0.08102225135757601 -0.09004936555830882 0
0.08403454730067486 -0.08836338093954485 0
0.007445464507519904 -0.09162909024219018 0
0.09678817394857943 -0.007264447000406906 0
0.003260232546444553 -0.007007796896787289 0
0.09687999218023252 -0.05939468796121275 0
0.003229433826773077 -0.05900426314933445 0
0.09675062255252145 -0.07300200881463559 0
0.0032135337633918 -0.07299999908814182 0
0.09674979715830705 -0.02101084982749731 0
0.003182595821811189 -0.02099455211866266 0
0.09674238337728991 -0.08693149268537578 0
0.09831473866878862 -0.03392801953713641 0
0.0967434840401491 -0.04509183307246818 0
0.00323006007972607 -0.04531852814508819 0
0.09672069225264181 -0.04886527380099389 0
0.09673641187184974 -0.08314873022184452 0
0.09681889414999557 -0.03081365889389705 0
0.00141350789990087 -0.04799999941557961 0
0.001489416014189629 -0.08371462417531281 0
0.003294478153524418 -0.01079769513403346 0
0.008171103670629296 -0.08484828994870991 0
0.003265342285778611 -0.03116204512459782 0
0.003295464654462843 -0.06278625614845637 0
0.09860895338834448 -0.00999999991353754 0
0.09668410716464966 -0.0692874766983213 0
0.003299176694007846 -0.06924408244347023 0
0.09861625349321994 -0.06199999923237953 0
0.09667706974715513 -0.01731443479392039 0
0.003297680990052098 -0.01726713467948043 0
0.003153043929114227 -0.03495363634337101 0
0.003326578602279924 -0.02470485725241144 0
0.09863368301054182 -0.02399999973017707 0
0.00332866599607524 -0.07667837756704698 0
0.09864638728357082 -0.07603334345928348 0
0.0966849756911736 -0.0553499456665852 0
0.001357175173491298 -0.05599999931080062 0
0.09666858409669093 -0.0386098566632716 0
0.09865515668611821 -0.08999999886550662 0
0.09861135652203823 -0.04192939361314717 0
0.001339746209507688 -2.529634961787389e-10 0
0.09866025437584648 -8.463834504134418e-10 0
0.001298920854862435 -0.08993353559060771 0
0.09863255122175965 -0.0520316085044466 0
0.001344385985722281 -0.07999286231111837 0
0.001357515466630413 -0.02798795547636743 0
0.001343687028178562 -0.01400388692495824 0
0.001333366344659529 -0.06599999917982285 0
0.001346061329933823 -0.04189440068346708 0
0.003327257515803359 -0.0524349943143078 0
0.09664101655604523 -0.02770170687766576 0
0.09663776151307846 -0.01426169819591875 0
0.01713062307944495 -0.0901268330201484 0
0.09671747029386772 -0.06617437267358461 0
0.01640766357817737 -0.09159355465916258 0
0.001286838583212477 -0.03799999954659627 0
0.0986822615955729 -0.003958601654549616 0
0.001341887244287285 -0.003868456159453779 0
0.005638331600305167 -0.09164907264831315 0
0.009438783822136417 -0.08656207464830774 0
0.09873881863403658 -0.07997462791599538 0
0.001464101637632665 0.003535898264750049 0
0.001464101637622206 -0.0935358971747542 0
0.09853589936237876 0.003535898264754787 0
0.01500000014996965 -0.09380857775788536 0
0.09854608248421437 -0.09354608029683124 0
0.01083903052843605 -0.08833798567381673 0
0.004447851527388432 -0.08998686153814918 0
0.001433100374327437 -0.08651779621790118 0
0.003248472678972839 -0.08842639381073664 0
0.09737651562273565 -0.009082469312917316 0
0.09738289727603922 -0.06108515792042826 0
0.01276332629042932 -0.08808805194777319 0
0.002620407990916132 -0.04709122700654633 0
0.09723787275285621 -0.02911797873235396 0
$EndNodes
$Elements
9 6032 1 6032
0 1 15 1
1 1 
0 2 15 1
2 2 
0 3 15 1
3 3 
0 4 15 1
4 4 
1 1 1 50
5 1 5 
6 5 6 
7 6 7 
8 7 8 
9 8 9 
10 9 10 
11 10 11 
12 11 12 
13 12 13 
14 13 14 
15 14 15 
16 15 16 
17 16 17 
18 17 18 
19 18 19 
20 19 20 
21 20 21 
22 21 22 
23 22 23 
24 23 24 
25 24 25 
26 25 26 
27 26 27 
28 27 28 
29 28 29 
30 29 30 
31 30 31 
32 31 32 
33 32 33 
34 33 34 
35 34 35 
36 35 36 
37 36 37 
38 37 38 
39 38 39 
40 39 40 
41 40 41 
42 41 42 
43 42 43 
44 43 44 
45 44 45 
46 45 46 
47 46 47 
48 47 48 
49 48 49 
50 49 50 
51 50 51 
52 51 52 
53 52 53 
54 53 2 
1 2 1 50
55 2 54 
56 54 55 
57 55 56 
58 56 57 
59 57 58 
60 58 59 
61 59 60 
62 60 61 
63 61 62 
64 62 63 
65 63 64 
66 64 65 
67 65 66 
68 66 67 
69 67 68 
70 68 69 
71 69 70 
72 70 71 
73 71 72 
74 72 73 
75 73 74 
76 74 75 
77 75 76 
78 76 77 
79 77 78 
80 78 79 
81 79 80 
82 80 81 
83 81 82 
84 82 83 
85 83 84 
86 84 85 
87 85 86 
88 86 87 
89 87 88 
90 88 89 
91 89 90 
92 90 91 
93 91 92 
94 92 93 
95 93 94 
96 94 95 
97 95 96 
98 96 97 
99 97 98 
100 98 99 
101 99 100 
102 100 101 
103 101 102 
104 102 3 
1 3 1 50
105 3 103 
106 103 104 
107 104 105 
108 105 106 
109 106 107 
110 107 108 
111 108 109 
112 109 110 
113 110 111 
114 111 112 
115 112 113 
116 113 114 
117 114 115 
118 115 116 
119 116 117 
120 117 118 
121 118 119 
122 119 120 
123 120 121 
124 121 122 
125 122 123 
126 123 124 
127 124 125 
128 125 126 
129 126 127 
130 127 128 
131 128 129 
132 129 130 
133 130 131 
134 131 132 
135 132 133 
136 133 134 
137 134 135 
138 135 136 
139 136 137 
140 137 138 
141 138 139 
142 139 140 
143 140 141 
144 141 142 
145 142 143 
146 143 144 
147 144 145 
148 145 146 
149 146 147 
150 147 148 
151 148 149 
152 149 150 
153 150 151 
154 151 4 
1 4 1 50
155 4 152 
156 152 153 
157 153 154 
158 154 155 
159 155 156 
160 156 157 
161 157 158 
162 158 159 
163 159 160 
164 160 161 
165 161 162 
166 162 163 
167 163 164 
168 164 165 
169 165 166 
170 166 167 
171 167 168 
172 168 169 
173 169 170 
174 170 171 
175 171 172 
176 172 173 
177 173 174 
178 174 175 
179 175 176 
180 176 177 
181 177 178 
182 178 179 
183 179 180 
184 180 181 
185 181 182 
186 182 183 
187 183 184 
188 184 185 
189 185 186 
190 186 187 
191 187 188 
192 188 189 
193 189 190 
194 190 191 
195 191 192 
196 192 193 
197 193 194 
198 194 195 
199 195 196 
200 196 197 
201 197 198 
202 198 199 
203 199 200 
204 200 1 
2 1 2 5828
205 220 1762 2025 
206 2888 1988 2992 
207 228 2888 2992 
208 2885 2054 2994 
209 241 2593 2890 
210 223 1763 2000 
211 1739 211 2050 
212 1757 232 1760 
213 2593 241 2990 
214 215 2885 2994 
215 157 230 1789 
216 243 97 1788 
217 220 2025 2973 
218 1730 242 2895 
219 208 1740 2508 
220 227 2031 2542 
221 176 203 1960 
222 216 1798 2515 
223 232 1757 1790 
224 267 1853 2543 
225 270 2016 2528 
226 223 2000 2975 
227 269 1741 2526 
228 268 2036 2544 
229 265 2048 2513 
230 1766 230 2550 
231 2562 1987 2570 
232 251 1768 1770 
233 2493 1637 2494 
234 211 1739 2977 
235 2155 204 2156 
236 1785 1074 3013 
237 242 1730 2978 
238 212 1856 2953 
239 1772 229 2001 
240 207 1964 2497 
241 1742 240 2103 
242 1955 1957 2498 
243 1740 208 2976 
244 1743 244 1744 
245 1325 1074 1785 
246 2031 227 2974 
247 2891 1756 2943 
248 2039 264 2041 
249 248 2891 2943 
250 1798 216 2972 
251 1074 1076 3013 
252 1771 272 1887 
253 251 1770 2979 
254 1853 267 2969 
255 2528 2016 2970 
256 156 157 1789 
257 97 98 1788 
258 265 185 1784 
259 175 176 1960 
260 1789 230 2945 
261 243 1788 2944 
262 1741 269 2966 
263 2544 2036 2967 
264 2156 204 2980 
265 1767 219 2008 
266 101 102 1795 
267 152 153 2850 
268 199 200 1899 
269 2048 265 2964 
270 1955 2498 2996 
271 1757 1756 1790 
272 1964 207 2971 
273 224 1774 1887 
274 1766 2550 2961 
275 1856 212 2958 
276 1790 1756 2891 
277 1960 203 2955 
278 2894 1770 2929 
279 1987 2562 2957 
280 185 186 1784 
281 216 166 2040 
282 2494 1637 2956 
283 240 1742 2984 
284 1856 1732 2953 
285 1728 2527 2994 
286 166 167 2040 
287 192 193 1782 
288 73 74 1783 
289 1775 249 1777 
290 252 1778 1780 
291 80 81 2158 
292 3000 1752 3007 
293 227 192 1782 
294 1744 244 1745 
295 2026 2541 2992 
296 244 1743 2985 
297 1637 2493 2954 
298 1760 232 1761 
299 2163 3000 3007 
300 2895 83 2953 
301 239 1953 1954 
302 1795 102 3004 
303 152 2850 3002 
304 1899 200 3003 
305 2570 1987 2952 
306 1535 1772 2001 
307 208 73 1783 
308 2521 1716 2991 
309 271 1781 2001 
310 1760 1761 2886 
311 1097 1098 1962 
312 239 1954 1955 
313 230 1766 2945 
314 264 2039 2986 
315 1959 1963 1964 
316 1732 1730 2895 
317 249 1775 1786 
318 1778 252 1787 
319 2504 1737 2990 
320 1958 1097 1962 
321 2513 2048 2947 
322 1785 1760 2886 
323 2001 229 3001 
324 1739 1737 2504 
325 1759 196 3009 
326 1887 272 2987 
327 1107 951 2887 
328 2593 1952 2890 
329 1781 271 2000 
330 2526 1741 2948 
331 2036 268 2949 
332 1781 1535 2001 
333 273 2894 2929 
334 196 1759 2960 
335 1765 1988 2888 
336 81 242 2158 
337 2527 215 2994 
338 2056 2054 2885 
339 2025 1716 2521 
340 260 1761 3005 
341 2543 1853 2950 
342 2016 270 2951 
343 1959 1962 1963 
344 2541 228 2992 
345 1762 220 2950 
346 2515 1798 2951 
347 1761 260 2995 
348 219 1767 2988 
349 2497 1964 2963 
350 1732 2895 2953 
351 1098 1101 1962 
352 1763 223 2948 
353 2542 2031 2949 
354 266 2521 2991 
355 1961 1951 2045 
356 224 1887 2987 
357 2508 1740 2946 
358 2050 211 2947 
359 1961 1107 2887 
360 265 1784 2964 
361 2541 2026 2969 
362 1774 224 2970 
363 2527 1728 2966 
364 2008 219 2967 
365 1959 1964 2971 
366 272 1771 2961 
367 1768 251 2952 
368 2163 3007 3013 
369 204 2155 2954 
370 241 2504 2990 
371 229 1772 2957 
372 2103 240 2956 
373 1359 1616 1786 
374 1775 1359 1786 
375 1621 1360 1787 
376 1360 1778 1787 
377 1744 1745 1746 
378 1954 1951 1961 
379 1107 1961 2045 
380 951 1097 2887 
381 1955 1954 1956 
382 2041 264 2963 
383 1076 2163 3013 
384 1353 2892 2893 
385 1097 1958 2887 
386 80 2158 2980 
387 250 2884 3009 
388 1786 1616 1788 
389 1621 1787 1789 
390 1976 2897 2941 
391 2909 1453 2932 
392 2907 1551 2923 
393 2903 1429 2920 
394 1896 2898 2926 
395 2904 2225 2921 
396 2908 1052 2942 
397 2906 1561 2938 
398 2905 1567 2937 
399 28 2902 2935 
400 31 2901 2934 
401 34 2900 2933 
402 39 2899 2931 
403 1325 1785 2886 
404 10 232 1790 
405 9 10 1790 
406 1770 2894 2979 
407 1746 1745 1747 
408 1955 1956 1957 
409 1956 1954 1961 
410 252 1780 2981 
411 1900 250 2983 
412 1777 249 2982 
413 216 2040 2972 
414 1747 1745 1759 
415 1746 1747 1748 
416 1957 1956 1958 
417 1748 1747 1749 
418 1957 1958 1959 
419 1748 1749 1750 
420 1959 1958 1962 
421 1750 1749 1751 
422 1962 1101 1963 
423 1750 1751 1752 
424 1752 1751 1753 
425 1752 1753 1754 
426 1753 1751 1755 
427 257 1862 1863 
428 1251 1868 2882 
429 1792 247 1800 
430 247 106 1800 
431 1250 2422 2881 
432 107 108 2880 
433 2423 2464 2879 
434 2878 1251 2882 
435 115 116 1861 
436 276 1791 1795 
437 106 107 1800 
438 257 1861 1862 
439 1793 214 1807 
440 1791 276 1860 
441 214 117 1807 
442 221 1866 1867 
443 1252 1864 2877 
444 1250 1869 2872 
445 123 124 2876 
446 118 119 2873 
447 113 114 1865 
448 206 122 1911 
449 247 1792 2627 
450 1800 107 2880 
451 214 1793 1796 
452 1577 1372 1910 
453 117 118 1807 
454 1869 1868 2872 
455 1902 2423 2879 
456 1864 1862 2877 
457 221 1865 1866 
458 257 115 1861 
459 116 214 1861 
460 1449 1909 1910 
461 1372 1449 1910 
462 1676 2429 2857 
463 1869 1250 2881 
464 1807 118 2873 
465 201 128 1983 
466 1142 1245 2015 
467 1374 1927 2431 
468 104 105 1860 
469 2592 1776 2627 
470 1579 1362 1981 
471 1909 1449 2431 
472 1754 1753 1756 
473 114 257 1865 
474 221 113 1865 
475 1867 1869 2875 
476 1910 206 1911 
477 1363 1980 1981 
478 1805 2015 2016 
479 111 112 1870 
480 122 123 1911 
481 1362 1363 1981 
482 1232 1797 1799 
483 1141 1232 1799 
484 145 233 1928 
485 1860 247 2627 
486 1791 1860 2627 
487 1982 1676 2857 
488 532 535 2812 
489 1911 123 2876 
490 233 1808 1928 
491 1404 1821 2546 
492 1863 1862 1864 
493 1815 1404 2546 
494 1797 1232 1805 
495 1141 1799 1821 
496 129 130 2871 
497 1577 1910 1911 
498 131 132 1813 
499 277 255 2765 
500 1927 1909 2431 
501 1803 587 1815 
502 535 556 1814 
503 1676 1982 2408 
504 587 1803 1814 
505 556 587 1814 
506 1801 235 1813 
507 2431 1450 2443 
508 235 131 1813 
509 1818 528 2083 
510 1631 1818 2083 
511 1824 466 2112 
512 1980 1363 2408 
513 1526 1824 2112 
514 1829 255 1895 
515 528 1818 1820 
516 143 144 2833 
517 528 1820 1822 
518 1810 210 1892 
519 1650 1826 2769 
520 1868 1251 2872 
521 1981 201 1983 
522 1703 1839 2687 
523 1590 1840 2822 
524 1618 2193 2767 
525 1835 999 1837 
526 257 1863 1865 
527 535 1814 2812 
528 2143 1828 2763 
529 128 129 1983 
530 105 247 1860 
531 276 104 1860 
532 226 1830 1895 
533 1675 2408 2420 
534 1830 1829 1895 
535 1245 1532 2015 
536 1232 1142 2015 
537 1843 2014 2499 
538 408 1811 2082 
539 1837 999 2687 
540 1839 1837 2687 
541 274 1804 2758 
542 398 2098 2737 
543 1434 2312 2397 
544 245 1806 2712 
545 834 2082 2502 
546 2082 1811 2502 
547 2329 2328 2719 
548 255 1829 2765 
549 108 231 2880 
550 253 1823 1892 
551 1823 1810 1892 
552 834 1812 2098 
553 1792 2592 2627 
554 1812 834 2502 
555 112 221 1870 
556 259 111 1870 
557 1823 253 2585 
558 1776 1791 2627 
559 2747 2070 2852 
560 1826 728 2769 
561 1827 574 2332 
562 1811 408 2754 
563 1867 1866 1868 
564 1368 1366 2389 
565 214 1796 1861 
566 2193 724 2767 
567 1831 1582 2485 
568 235 1801 2312 
569 985 999 1835 
570 1832 1831 2485 
571 144 145 1928 
572 1460 1827 2332 
573 2464 1802 2879 
574 1124 1832 2485 
575 1828 720 2763 
576 1579 1981 1983 
577 2328 1214 2719 
578 2546 1821 2591 
579 2098 1812 2737 
580 1832 1124 1834 
581 408 2743 2754 
582 1813 132 2732 
583 119 262 2873 
584 2200 233 2640 
585 1804 2748 2758 
586 1821 1799 2591 
587 1592 2200 2640 
588 1121 1421 1842 
589 221 1867 1870 
590 1610 2768 2859 
591 1982 1980 2408 
592 1808 233 2200 
593 983 1121 1844 
594 1121 1842 1844 
595 2219 1043 2795 
596 1830 226 2243 
597 2422 2423 2881 
598 2748 245 2758 
599 1840 716 2822 
600 1404 1815 2043 
601 944 874 1874 
602 1816 944 1874 
603 1842 1421 1843 
604 262 1927 2874 
605 2873 262 2874 
606 124 237 2876 
607 2545 1815 2546 
608 1592 2640 2712 
609 1815 587 2043 
610 1803 1815 2545 
611 2014 708 2499 
612 1806 245 2748 
613 1806 1592 2712 
614 410 414 1822 
615 606 291 2750 
616 1884 1698 2775 
617 1374 2431 2443 
618 1449 1450 2431 
619 1139 1141 1821 
620 1404 1139 1821 
621 2774 2208 2779 
622 414 528 1822 
623 371 2774 2779 
624 144 1928 2833 
625 2780 2242 2781 
626 1845 1823 2585 
627 909 2780 2781 
628 2199 1286 2764 
629 210 1810 2389 
630 1379 1845 2585 
631 1918 1917 1926 
632 1233 1596 1849 
633 2429 1809 2857 
634 2274 2218 2595 
635 1531 2836 2838 
636 1124 985 1835 
637 2583 2752 2863 
638 1681 2218 2219 
639 132 133 2732 
640 874 869 1874 
641 1043 879 1878 
642 2218 1681 2595 
643 575 2274 2595 
644 944 1816 1877 
645 1593 1595 1852 
646 1983 129 2871 
647 1594 1855 2501 
648 1593 1852 1854 
649 1264 1381 2705 
650 2408 1363 2420 
651 1675 1676 2408 
652 2079 2841 2844 
653 1868 1866 2882 
654 1381 1626 1850 
655 1870 1867 2875 
656 1834 1124 1835 
657 819 1965 1966 
658 1728 1340 1882 
659 577 2768 2770 
660 1850 1626 2607 
661 2312 1801 2397 
662 1434 1579 2312 
663 1273 1598 2075 
664 2456 577 2770 
665 1692 1846 2726 
666 820 925 2044 
667 897 2694 2828 
668 2366 1260 2736 
669 278 277 2765 
670 1382 1843 2499 
671 2364 1261 2746 
672 2316 1259 2727 
673 1497 2697 2819 
674 2042 1606 2733 
675 2308 606 2750 
676 1597 2077 2201 
677 253 1881 2585 
678 1597 2076 2077 
679 1132 1233 1849 
680 2321 1218 2723 
681 1195 2076 2675 
682 644 2029 2713 
683 1261 2742 2746 
684 1810 1368 2389 
685 1366 1581 2389 
686 1381 1850 2705 
687 1871 1872 2500 
688 1260 2730 2736 
689 1754 1756 1757 
690 476 1871 2500 
691 1594 1854 1855 
692 531 532 2812 
693 690 819 1966 
694 1841 1132 1849 
695 2083 531 2807 
696 1259 2724 2727 
697 2321 2320 2721 
698 1805 1232 2015 
699 1710 2801 2853 
700 2243 1398 2295 
701 1090 1872 2042 
702 2721 2320 2724 
703 1872 1090 2500 
704 466 1824 2808 
705 839 690 1966 
706 1717 1852 1853 
707 2807 531 2812 
708 833 1825 2802 
709 1628 2790 2829 
710 1378 2013 2022 
711 1382 1842 1843 
712 869 847 2785 
713 1839 1703 2747 
714 2076 1597 2675 
715 1043 1878 2795 
716 1951 1949 2045 
717 1824 2806 2808 
718 2776 984 2777 
719 2328 2327 2715 
720 1681 2219 2795 
721 1602 1600 2689 
722 1774 1886 1887 
723 213 1924 1925 
724 2332 2329 2719 
725 1856 1726 1857 
726 1809 237 2857 
727 1873 1599 2576 
728 1218 2717 2723 
729 1600 1599 1873 
730 1886 1350 1888 
731 2715 2327 2717 
732 2193 1650 2769 
733 148 245 2712 
734 1882 1340 2075 
735 574 1827 2697 
736 1917 213 1926 
737 1774 1350 1886 
738 1831 398 2737 
739 1828 1618 2767 
740 922 1884 2775 
741 1502 2199 2764 
742 2730 2316 2736 
743 1965 819 2044 
744 1259 2316 2730 
745 2724 2320 2727 
746 473 463 2133 
747 2742 2366 2746 
748 2208 2456 2770 
749 410 1822 2743 
750 406 410 2743 
751 2456 2208 2774 
752 1260 2366 2742 
753 1840 2143 2763 
754 1261 2364 2752 
755 1218 2321 2721 
756 2242 371 2779 
757 260 1915 1916 
758 1849 1596 2075 
759 371 2242 2780 
760 1846 1820 2726 
761 747 749 1932 
762 983 1844 2725 
763 1132 1841 2046 
764 1855 2029 2501 
765 2014 1590 2822 
766 839 1966 2626 
767 868 853 2751 
768 1600 1873 2689 
769 1617 1933 2657 
770 578 599 1879 
771 1214 2328 2715 
772 1715 1940 2011 
773 260 13 1915 
774 2717 2327 2723 
775 749 751 2646 
776 1848 2046 2666 
777 213 1925 1926 
778 572 578 2653 
779 692 1858 2169 
780 1851 868 2751 
781 1932 749 2646 
782 213 19 1924 
783 50 246 1978 
784 1090 2042 2733 
785 1843 2013 2014 
786 150 274 2758 
787 253 136 1881 
788 26 238 1907 
789 1847 644 2713 
790 1274 1462 2793 
791 2743 1846 2754 
792 879 944 1878 
793 1934 1089 1986 
794 2132 473 2133 
795 2246 1707 2794 
796 2284 1531 2838 
797 1888 1659 2019 
798 1773 1986 1987 
799 1822 1820 1846 
800 453 457 2845 
801 1845 2729 2738 
802 1460 2332 2719 
803 2029 1855 2713 
804 760 1848 2666 
805 463 465 2133 
806 578 1879 2653 
807 1852 1595 1853 
808 2729 919 2738 
809 644 1847 1879 
810 2796 2217 2798 
811 2284 1700 2840 
812 2370 2741 2745 
813 1048 2284 2840 
814 1582 1831 2737 
815 1874 869 2785 
816 2741 606 2745 
817 1826 2776 2777 
818 1913 1912 1919 
819 1659 1933 2019 
820 599 644 1879 
821 1839 2747 2852 
822 2840 1700 2843 
823 728 1826 2777 
824 1342 1394 1854 
825 1513 2843 2847 
826 1852 1342 1854 
827 457 2080 2845 
828 457 1513 2847 
829 2757 1682 2799 
830 1340 1273 2075 
831 724 2193 2769 
832 1941 1614 1942 
833 1848 760 1932 
834 1933 1659 2657 
835 2340 2778 2842 
836 137 1880 1881 
837 1906 25 1907 
838 1594 1593 1854 
839 1598 1849 2075 
840 925 1107 2044 
841 1206 2081 2561 
842 2687 999 2688 
843 1857 1726 2011 
844 2081 1521 2561 
845 819 820 2044 
846 720 1828 2767 
847 1275 1659 1888 
848 2782 1817 2784 
849 2030 1246 2147 
850 760 747 1932 
851 1657 2131 2132 
852 1471 1469 2173 
853 1773 1934 1986 
854 1462 1702 2685 
855 1378 1590 2013 
856 478 2802 2866 
857 716 1840 2763 
858 1657 2130 2131 
859 1929 896 2488 
860 1276 2130 2580 
861 2110 2089 2678 
862 2009 1408 2051 
863 1613 1614 1941 
864 1631 2083 2807 
865 2685 1702 2688 
866 1867 1868 1869 
867 1804 274 2850 
868 1844 2722 2725 
869 225 1975 1976 
870 1930 1929 2488 
871 1940 969 2011 
872 2389 1581 2732 
873 1581 1813 2732 
874 226 143 2833 
875 1591 1398 2243 
876 1830 2243 2295 
877 1350 1275 1888 
878 2009 839 2626 
879 1970 1972 1975 
880 1979 1982 1984 
881 1825 833 2806 
882 2806 833 2808 
883 462 466 2808 
884 1875 1613 2511 
885 20 1922 1924 
886 137 138 1880 
887 13 14 1915 
888 24 25 1906 
889 1977 49 1978 
890 1949 1965 2045 
891 1875 1392 2065 
892 1388 1386 1877 
893 1613 1941 2511 
894 1702 2687 2688 
895 1816 1388 1877 
896 1622 2030 2147 
897 2130 1657 2580 
898 2046 1841 2666 
899 467 833 2802 
900 1354 1764 1935 
901 2131 473 2132 
902 2037 1930 2488 
903 1399 2006 2660 
904 2013 1421 2022 
905 1392 1875 2511 
906 1881 1880 2584 
907 1726 1715 2011 
908 1599 1264 2705 
909 1858 692 2173 
910 1389 1130 2046 
911 1354 1935 1936 
912 217 41 1891 
913 218 139 277 
914 210 134 1892 
915 37 254 1893 
916 52 273 1894 
917 255 141 1895 
918 256 43 1896 
919 46 1970 1975 
920 275 6 1897 
921 126 1979 1984 
922 110 259 1901 
923 23 205 1903 
924 261 17 1917 
925 121 206 1908 
926 222 15 1912 
927 291 293 2750 
928 1468 1195 2675 
929 2028 1995 2460 
930 1930 2037 2071 
931 533 2110 2678 
932 1276 2128 2130 
933 133 210 2732 
934 807 1939 2071 
935 1969 983 2725 
936 2061 2065 2677 
937 1864 2878 2882 
938 1858 1468 2674 
939 1883 755 2619 
940 2388 409 2760 
941 1607 1886 1888 
942 1912 261 1919 
943 1722 2030 2031 
944 1617 1931 1933 
945 2722 1626 2725 
946 218 277 278 
947 1975 1972 1976 
948 275 1897 1898 
949 1901 259 1902 
950 1903 205 1904 
951 261 1917 1918 
952 1908 206 1909 
953 222 1912 1913 
954 1707 2246 2790 
955 1660 1871 2728 
956 580 1889 2621 
957 2388 2760 2762 
958 2201 2077 2680 
959 1859 1696 2787 
960 1696 1859 2783 
961 47 234 1970 
962 127 201 1979 
963 20 21 1922 
964 2245 2246 2794 
965 48 49 1977 
966 1845 1379 2729 
967 1995 2028 2033 
968 2674 1468 2675 
969 136 137 1881 
970 25 26 1907 
971 1402 1488 2684 
972 839 2009 2051 
973 1881 2584 2585 
974 2444 2035 2692 
975 1660 2728 2731 
976 2731 1492 2740 
977 1876 1501 2789 
978 1939 1930 2071 
979 19 20 1924 
980 49 50 1978 
981 806 1994 2033 
982 1922 1923 1924 
983 1691 2113 2691 
984 1766 1356 1990 
985 1843 1421 2013 
986 1696 1039 2787 
987 1693 2171 2759 
988 1606 2133 2733 
989 1722 1246 2030 
990 2044 1107 2045 
991 948 1876 2789 
992 583 2830 2831 
993 1859 1317 2783 
994 1611 1602 2689 
995 2768 577 2859 
996 2557 706 2701 
997 751 755 2646 
998 2697 1827 2819 
999 1854 1394 1855 
1000 919 2370 2738 
1001 2432 2433 2683 
1002 1990 1356 2005 
1003 1469 1858 2173 
1004 1286 2171 2764 
1005 969 700 2709 
1006 2059 2062 2632 
1007 2370 919 2741 
1008 1890 970 2557 
1009 1698 2199 2775 
1010 1834 1835 1836 
1011 1089 1934 2539 
1012 1607 1888 2019 
1013 1994 1995 2033 
1014 1596 1882 2075 
1015 2171 1028 2759 
1016 1606 1397 2132 
1017 580 572 2653 
1018 1285 2125 2126 
1019 2006 1486 2660 
1020 1993 2055 2056 
1021 2217 2274 2798 
1022 1397 1657 2132 
1023 1970 234 1971 
1024 1979 201 1980 
1025 1861 1796 1862 
1026 1865 1863 1866 
1027 2479 710 2681 
1028 1995 1471 2173 
1029 892 898 2134 
1030 1885 1884 2786 
1031 1996 806 1998 
1032 1614 1408 2009 
1033 2841 2112 2844 
1034 1929 1611 2686 
1035 1924 1923 1925 
1036 1754 1757 1758 
1037 2065 1392 2677 
1038 1183 1186 1936 
1039 2128 1276 2134 
1040 2694 1705 2828 
1041 2322 2321 2723 
1042 409 297 2760 
1043 1521 1520 2561 
1044 138 218 1880 
1045 14 222 1915 
1046 205 24 1906 
1047 1520 1991 2670 
1048 1089 1985 1986 
1049 1994 806 1996 
1050 2607 1626 2722 
1051 612 613 2034 
1052 1931 1617 2034 
1053 682 681 2137 
1054 1993 1992 2055 
1055 1885 2786 2788 
1056 2081 1206 2590 
1057 1130 1132 2046 
1058 1738 1941 1942 
1059 1134 972 2005 
1060 2641 1417 2667 
1061 606 2308 2745 
1062 1992 1234 2055 
1063 1938 1479 1967 
1064 225 45 1975 
1065 142 226 1895 
1066 44 225 1896 
1067 140 255 277 
1068 42 256 1891 
1069 135 253 1892 
1070 209 36 1893 
1071 246 51 1894 
1072 7 248 1897 
1073 262 120 1908 
1074 237 125 1984 
1075 16 261 1912 
1076 258 22 1903 
1077 231 109 1901 
1078 18 213 1917 
1079 2686 1611 2689 
1080 944 1877 1878 
1081 1458 1938 1967 
1082 1089 1088 1985 
1083 2365 2366 2736 
1084 1181 1183 2007 
1085 2169 1858 2674 
1086 972 825 1989 
1087 1763 1999 2000 
1088 1848 1389 2046 
1089 1937 2120 2512 
1090 2362 2364 2746 
1091 970 1890 2586 
1092 1938 2106 2610 
1093 1183 1936 2007 
1094 972 1989 2005 
1095 2576 1599 2705 
1096 1186 1354 1936 
1097 2240 1484 2690 
1098 1939 807 2072 
1099 1939 2072 2579 
1100 420 2095 2711 
1101 2790 2246 2829 
1102 1903 1904 1920 
1103 1908 1909 1927 
1104 2315 2316 2727 
1105 755 1883 2646 
1106 2153 2151 2535 
1107 2752 2364 2863 
1108 2062 1338 2632 
1109 2097 2153 2535 
1110 1458 1967 1968 
1111 2120 923 2512 
1112 2830 2305 2831 
1113 1145 1234 2524 
1114 929 1127 2023 
1115 1713 1988 2032 
1116 1234 1992 2524 
1117 1889 580 2653 
1118 1763 1344 1999 
1119 1488 2017 2684 
1120 1660 2731 2740 
1121 234 48 1977 
1122 21 258 1922 
1123 2089 2119 2678 
1124 46 47 1970 
1125 142 143 226 
1126 44 45 225 
1127 127 128 201 
1128 29 30 202 
1129 130 131 235 
1130 32 33 236 
1131 138 139 218 
1132 140 141 255 
1133 40 41 217 
1134 42 43 256 
1135 135 136 253 
1136 133 134 210 
1137 37 38 254 
1138 35 36 209 
1139 148 149 245 
1140 50 51 246 
1141 150 151 274 
1142 52 53 273 
1143 145 146 233 
1144 47 48 234 
1145 108 109 231 
1146 103 104 276 
1147 7 8 248 
1148 105 106 247 
1149 110 111 259 
1150 112 113 221 
1151 116 117 214 
1152 126 127 1979 
1153 5 6 275 
1154 119 120 262 
1155 10 11 232 
1156 18 19 213 
1157 124 125 237 
1158 14 15 222 
1159 16 17 261 
1160 26 27 238 
1161 21 22 258 
1162 12 13 260 
1163 121 122 206 
1164 23 24 205 
1165 114 115 257 
1166 1937 712 2136 
1167 969 1940 2012 
1168 964 1089 2539 
1169 1846 1692 2754 
1170 1285 2126 2134 
1171 489 2536 2645 
1172 1871 476 2728 
1173 718 2150 2185 
1174 1969 1625 2104 
1175 2125 1285 2204 
1176 2096 2095 2714 
1177 2101 580 2621 
1178 258 1903 1920 
1179 262 1908 1927 
1180 903 2834 2835 
1181 1356 1134 2005 
1182 1092 2021 2407 
1183 2579 2072 2625 
1184 2106 878 2610 
1185 1283 1413 2204 
1186 2581 1968 2656 
1187 2619 2279 2661 
1188 1185 1181 2007 
1189 2273 2621 2663 
1190 2021 1092 2462 
1191 1617 612 2034 
1192 2150 1641 2185 
1193 2810 2109 2814 
1194 712 1937 2512 
1195 2035 1455 2692 
1196 2749 2068 2797 
1197 558 2119 2672 
1198 1942 1614 1943 
1199 1935 1615 1936 
1200 2021 2020 2407 
1201 2092 2110 2693 
1202 2095 2091 2711 
1203 1606 2132 2133 
1204 2119 2116 2672 
1205 825 993 1989 
1206 555 553 2460 
1207 1622 2147 2660 
1208 1276 892 2134 
1209 755 2484 2619 
1210 1479 1938 2610 
1211 2170 2108 2616 
1212 2700 420 2711 
1213 1280 2279 2468 
1214 2567 1004 2583 
1215 2305 2159 2450 
1216 2113 977 2691 
1217 2131 2129 2477 
1218 2561 1520 2670 
1219 2020 521 2407 
1220 868 2782 2784 
1221 2096 2714 2718 
1222 2240 2567 2583 
1223 409 2388 2757 
1224 898 1285 2134 
1225 2147 1399 2660 
1226 130 235 2871 
1227 473 2131 2477 
1228 712 682 2137 
1229 1135 1248 2019 
1230 1088 1239 1985 
1231 1999 1344 2010 
1232 2618 2467 2665 
1233 2433 872 2683 
1234 2273 1281 2469 
1235 769 1991 2549 
1236 1883 2619 2661 
1237 1875 2065 2176 
1238 436 2832 2858 
1239 653 2003 2601 
1240 613 622 2034 
1241 543 541 1998 
1242 806 543 1998 
1243 1995 2173 2460 
1244 1890 2557 2701 
1245 2092 2693 2700 
1246 2057 2063 2503 
1247 2011 969 2709 
1248 2008 1543 2174 
1249 373 2002 2466 
1250 2621 1889 2663 
1251 1645 2479 2681 
1252 1738 1942 2593 
1253 474 2194 2615 
1254 51 52 1894 
1255 36 37 1893 
1256 134 135 1892 
1257 41 42 1891 
1258 139 140 277 
1259 141 142 1895 
1260 43 44 1896 
1261 45 46 1975 
1262 6 7 1897 
1263 22 23 1903 
1264 109 110 1901 
1265 120 121 1908 
1266 17 18 1917 
1267 125 126 1984 
1268 15 16 1912 
1269 1082 1114 2018 
1270 408 406 2743 
1271 694 592 2168 
1272 645 1617 2657 
1273 754 752 2549 
1274 1127 1378 2023 
1275 594 2066 2189 
1276 320 574 2697 
1277 2129 1091 2477 
1278 2760 940 2762 
1279 2003 1665 2601 
1280 2063 1334 2503 
1281 2127 1091 2129 
1282 2093 1032 2473 
1283 2117 1300 2167 
1284 1899 1898 1900 
1285 1936 1615 2007 
1286 2735 554 2756 
1287 1768 1574 1770 
1288 1248 1607 2019 
1289 1543 1235 2174 
1290 147 148 2712 
1291 2204 2021 2462 
1292 275 1898 1899 
1293 2659 1456 2671 
1294 1652 2194 2476 
1295 1573 1768 1769 
1296 1079 1082 2018 
1297 2017 1488 2649 
1298 718 719 2664 
1299 1988 1355 2032 
1300 218 278 279 
1301 261 1918 1919 
1302 222 1913 1914 
1303 1909 206 1910 
1304 1904 205 1905 
1305 2146 1633 2186 
1306 1573 1574 1768 
1307 2137 2641 2667 
1308 1462 2685 2793 
1309 1620 1990 2005 
1310 1653 1652 2476 
1311 1351 1190 1359 
1312 1927 1374 2874 
1313 2146 726 2559 
1314 1114 1084 2184 
1315 1190 1185 2007 
1316 2069 2012 2506 
1317 1300 2117 2166 
1318 2065 2064 2176 
1319 340 2325 2326 
1320 736 2170 2616 
1321 574 2331 2332 
1322 2062 2061 2677 
1323 622 680 2489 
1324 1217 1352 1360 
1325 2104 2067 2222 
1326 1633 1634 2186 
1327 1413 2021 2204 
1328 1285 1283 2204 
1329 1969 2104 2222 
1330 1349 1716 2024 
1331 2066 1627 2189 
1332 1355 1225 2032 
1333 1108 1403 2010 
1334 2159 1406 2450 
1335 731 733 2145 
1336 2126 2128 2134 
1337 2004 2003 2634 
1338 2536 2023 2645 
1339 2012 1940 2506 
1340 318 316 2331 
1341 2089 2118 2119 
1342 2127 2124 2471 
1343 1762 2024 2025 
1344 2151 1032 2535 
1345 966 2539 2612 
1346 687 2012 2069 
1347 1986 1769 1987 
1348 479 2154 2547 
1349 1968 1967 2656 
1350 1109 1108 2010 
1351 1091 2127 2471 
1352 633 636 2060 
1353 692 555 2460 
1354 2279 1405 2468 
1355 1359 1615 1616 
1356 2024 1716 2025 
1357 2060 636 2061 
1358 1337 1345 2049 
1359 1647 1145 2524 
1360 592 590 2168 
1361 1620 1360 1621 
1362 2058 632 2059 
1363 1970 1971 1972 
1364 1971 234 1973 
1365 1979 1980 1982 
1366 1980 201 1981 
1367 1131 1109 2010 
1368 687 698 2012 
1369 929 2023 2536 
1370 2049 1345 2050 
1371 1359 1190 1615 
1372 1458 1968 2372 
1373 1032 1018 2473 
1374 1933 1135 2019 
1375 1217 1360 1620 
1376 1758 1757 1760 
1377 553 2028 2460 
1378 1836 1835 1837 
1379 1137 1404 2043 
1380 698 969 2012 
1381 853 855 2751 
1382 340 2324 2325 
1383 629 632 2058 
1384 545 806 2033 
1385 752 769 2549 
1386 2066 645 2617 
1387 1347 1739 2050 
1388 824 825 972 
1389 1633 2146 2559 
1390 2038 2039 2041 
1391 1488 1697 2649 
1392 827 742 2235 
1393 1181 1182 1183 
1394 490 489 2148 
1395 1189 1185 1190 
1396 2068 1654 2486 
1397 964 1088 1089 
1398 1236 1349 2024 
1399 2194 1652 2615 
1400 1080 1079 2018 
1401 588 1137 2043 
1402 1396 2042 2195 
1403 368 373 2466 
1404 1079 1081 1082 
1405 1989 1620 2005 
1406 1343 1719 2038 
1407 2038 1719 2039 
1408 1324 1740 2107 
1409 1183 1184 1186 
1410 1690 1304 2599 
1411 821 731 2145 
1412 1351 1359 1775 
1413 2114 1655 2190 
1414 1409 2273 2469 
1415 965 963 966 
1416 2059 2060 2062 
1417 1764 1355 1765 
1418 680 823 824 
1419 961 963 965 
1420 2042 1872 2195 
1421 1242 1713 2032 
1422 2085 2084 2118 
1423 437 2651 2695 
1424 831 2099 2100 
1425 993 1216 1217 
1426 609 836 2052 
1427 1341 1717 2026 
1428 2029 624 2501 
1429 637 640 2064 
1430 566 807 2071 
1431 1654 2162 2486 
1432 1133 972 1134 
1433 1378 2022 2023 
1434 970 701 2557 
1435 1942 1943 1944 
1436 2649 1697 2651 
1437 2015 1532 2016 
1438 2013 1590 2014 
1439 2047 1336 2048 
1440 2057 2058 2063 
1441 614 624 2029 
1442 1108 1241 1403 
1443 340 2326 2330 
1444 655 687 2069 
1445 993 1217 1989 
1446 1354 1225 1355 
1447 2089 2085 2118 
1448 1991 769 2670 
1449 1077 1078 1079 
1450 1186 1187 1225 
1451 1403 1999 2010 
1452 1248 1356 1544 
1453 1235 1110 2174 
1454 2064 640 2176 
1455 967 966 973 
1456 1181 1179 1182 
1457 974 973 1108 
1458 1360 1352 1778 
1459 2154 1648 2547 
1460 1300 694 2168 
1461 1234 2053 2055 
1462 1345 1347 2050 
1463 961 962 963 
1464 1082 1083 1084 
1465 1403 1535 1781 
1466 683 839 2051 
1467 312 310 2324 
1468 2190 1655 2492 
1469 2063 2059 2632 
1470 2034 622 2489 
1471 1357 1543 2036 
1472 2145 1647 2534 
1473 1183 1182 1184 
1474 1079 1078 1081 
1475 1135 1134 1248 
1476 824 972 1133 
1477 1354 1355 1764 
1478 1333 1336 2047 
1479 896 1929 2686 
1480 1605 2579 2625 
1481 1668 2228 2229 
1482 1544 1356 1766 
1483 1189 1190 1351 
1484 2501 2074 2563 
1485 596 609 2052 
1486 1234 1146 2053 
1487 2539 1934 2612 
1488 1616 1615 1935 
1489 1247 1246 1722 
1490 1620 1621 1990 
1491 963 964 2539 
1492 1403 1241 1535 
1493 574 318 2331 
1494 1084 1085 1112 
1495 1247 1722 1723 
1496 334 900 2654 
1497 1344 1131 2010 
1498 2055 2054 2056 
1499 1743 1723 1782 
1500 1108 973 1241 
1501 2067 496 2222 
1502 1625 1150 2104 
1503 828 2466 2525 
1504 1186 1225 1354 
1505 2125 2204 2462 
1506 1082 1081 1083 
1507 233 146 2640 
1508 900 2581 2656 
1509 1186 1184 1187 
1510 1406 2140 2481 
1511 1248 1134 1356 
1512 824 823 825 
1513 1713 1341 2026 
1514 2004 2634 2655 
1515 1683 2480 2519 
1516 2035 1402 2684 
1517 364 1151 2070 
1518 1607 1544 1771 
1519 1033 2084 2085 
1520 258 1920 1921 
1521 1077 1079 1080 
1522 961 965 2468 
1523 2117 2115 2166 
1524 1082 1084 1114 
1525 401 408 2082 
1526 733 2144 2145 
1527 2053 2054 2055 
1528 965 966 967 
1529 2140 1406 2159 
1530 1269 1396 2195 
1531 1112 1113 1246 
1532 2161 388 2516 
1533 742 740 2235 
1534 1295 1001 2358 
1535 965 1280 2468 
1536 2137 681 2641 
1537 601 612 645 
1538 2078 1521 2079 
1539 1594 2501 2563 
1540 2020 2017 2649 
1541 2567 2240 2690 
1542 1999 1781 2000 
1543 551 553 554 
1544 1112 1246 1247 
1545 2092 2700 2711 
1546 572 573 578 
1547 1240 1324 2107 
1548 807 564 2644 
1549 2076 1274 2077 
1550 571 570 572 
1551 2115 1006 2166 
1552 2618 1605 2625 
1553 2326 2329 2330 
1554 967 973 974 
1555 755 753 2484 
1556 1217 1216 1352 
1557 1032 2093 2535 
1558 550 549 551 
1559 1233 1344 1537 
1560 2150 718 2664 
1561 1033 1012 2084 
1562 1150 1148 2104 
1563 644 614 2029 
1564 466 460 2111 
1565 963 962 964 
1566 1518 1521 2078 
1567 1226 1242 2032 
1568 1886 1771 1887 
1569 1409 2164 2273 
1570 1225 1226 2032 
1571 1133 1134 1135 
1572 594 601 2066 
1573 1242 1341 1713 
1574 1156 2027 2205 
1575 1226 1228 1242 
1576 578 579 599 
1577 974 1108 1109 
1578 554 555 585 
1579 498 496 2067 
1580 1792 1361 2592 
1581 1242 1243 1341 
1582 632 633 2060 
1583 649 840 2074 
1584 396 834 2098 
1585 585 586 596 
1586 831 348 2099 
1587 2039 1719 2040 
1588 1130 1109 1131 
1589 1537 1344 1763 
1590 1132 1131 1233 
1591 652 683 2051 
1592 493 490 2148 
1593 358 361 2105 
1594 611 596 2052 
1595 1720 1644 2157 
1596 2480 537 2519 
1597 1840 1377 2143 
1598 1118 1343 2038 
1599 2072 807 2644 
1600 340 312 2324 
1601 1084 1083 1085 
1602 1126 1274 2076 
1603 738 1143 2144 
1604 1239 1573 1985 
1605 1341 1342 1717 
1606 571 572 580 
1607 1833 2161 2516 
1608 1281 1182 2469 
1609 2058 2059 2063 
1610 2771 2396 2816 
1611 599 600 614 
1612 1143 1647 2144 
1613 1225 1187 1226 
1614 614 615 624 
1615 1182 1179 2469 
1616 1073 1406 2481 
1617 1997 1996 2662 
1618 2372 1968 2373 
1619 1623 1357 2036 
1620 2060 2061 2062 
1621 1765 1355 1988 
1622 1139 1140 1141 
1623 1965 2044 2045 
1624 1985 1769 1986 
1625 550 551 552 
1626 2079 1521 2081 
1627 1767 1727 1784 
1628 2110 533 2693 
1629 571 580 2101 
1630 1245 1350 1532 
1631 1141 1142 1232 
1632 2105 361 2109 
1633 2326 2325 2327 
1634 1647 2524 2534 
1635 1156 754 2549 
1636 1605 2618 2665 
1637 1532 1350 1774 
1638 1635 1534 2103 
1639 316 2330 2331 
1640 1233 1131 1344 
1641 1595 1358 1762 
1642 596 597 609 
1643 2433 2444 2692 
1644 2152 2151 2153 
1645 1357 1235 1543 
1646 1180 1181 1185 
1647 1141 1140 1142 
1648 551 549 553 
1649 466 2111 2112 
1650 645 612 1617 
1651 1596 1537 1741 
1652 1625 1969 2725 
1653 1180 1179 1181 
1654 599 614 644 
1655 554 553 555 
1656 1336 1337 2049 
1657 971 950 1117 
1658 460 458 2111 
1659 384 623 2109 
1660 1110 953 1115 
1661 840 654 950 
1662 838 837 953 
1663 1236 1117 1349 
1664 2466 2002 2525 
1665 1538 1332 1727 
1666 1157 1276 2580 
1667 581 588 2043 
1668 601 645 2066 
1669 2167 2168 2647 
1670 2148 489 2645 
1671 1112 1085 1113 
1672 1210 1683 2172 
1673 578 573 579 
1674 497 527 2142 
1675 1776 1775 1777 
1676 495 497 2142 
1677 572 570 573 
1678 585 596 611 
1679 836 626 837 
1680 1137 1138 1139 
1681 585 555 586 
1682 1538 1727 1767 
1683 361 384 2109 
1684 971 1117 1236 
1685 2278 1405 2279 
1686 838 953 1110 
1687 2596 1467 2608 
1688 1248 1544 1607 
1689 1099 2475 2495 
1690 1264 1150 1381 
1691 1149 1148 1150 
1692 968 1410 2165 
1693 2202 2090 2473 
1694 840 950 971 
1695 1022 2151 2152 
1696 1518 1520 1521 
1697 1139 1138 1140 
1698 932 501 1148 
1699 2124 2122 2471 
1700 348 345 2099 
1701 1349 1714 1716 
1702 596 586 597 
1703 588 1136 1137 
1704 1130 1131 1132 
1705 1343 1718 1719 
1706 337 607 2121 
1707 649 650 654 
1708 936 916 2554 
1709 836 837 838 
1710 1246 1113 2147 
1711 1517 1518 2078 
1712 2136 712 2137 
1713 1115 1332 1538 
1714 636 637 2064 
1715 1664 2596 2608 
1716 1517 1516 1518 
1717 1724 1723 1743 
1718 1353 2038 2041 
1719 523 493 835 
1720 900 2073 2654 
1721 2059 632 2060 
1722 1414 986 2160 
1723 627 629 2058 
1724 730 968 2165 
1725 556 581 587 
1726 1654 856 2162 
1727 2475 1632 2495 
1728 1353 1118 2038 
1729 986 483 2160 
1730 649 654 840 
1731 1244 1340 1712 
1732 983 835 1121 
1733 599 579 600 
1734 1943 1614 2009 
1735 624 625 2074 
1736 697 1875 2176 
1737 609 610 626 
1738 1242 1228 1243 
1739 696 1300 2166 
1740 1381 1625 1626 
1741 1349 1401 1714 
1742 1115 1116 1332 
1743 2061 636 2064 
1744 1700 2284 2838 
1745 1712 1340 1728 
1746 687 688 698 
1747 625 648 649 
1748 1403 1781 1999 
1749 1105 1118 1353 
1750 1937 1588 2120 
1751 418 531 2083 
1752 2057 627 2058 
1753 614 600 615 
1754 609 626 836 
1755 1524 2108 2170 
1756 548 549 550 
1757 2061 2064 2065 
1758 1607 1771 1886 
1759 624 615 625 
1760 376 372 828 
1761 2084 1290 2118 
1762 2144 1647 2145 
1763 625 649 2074 
1764 642 697 2176 
1765 399 401 2082 
1766 753 756 2484 
1767 1586 1937 2136 
1768 218 279 1880 
1769 279 278 280 
1770 222 1914 1915 
1771 1905 205 1906 
1772 1415 1828 2143 
1773 1292 1655 2114 
1774 698 700 969 
1775 987 830 1126 
1776 2167 1300 2168 
1777 1358 1236 2024 
1778 654 655 2069 
1779 1714 1715 1725 
1780 501 498 2067 
1781 829 828 830 
1782 1195 1126 2076 
1783 1149 1150 1264 
1784 932 1148 1149 
1785 1944 1946 1952 
1786 1643 2155 2156 
1787 1145 1146 1234 
1788 1613 1408 1614 
1789 864 866 2135 
1790 2090 2093 2473 
1791 368 366 373 
1792 697 651 1408 
1793 1143 1144 1145 
1794 1137 1136 1138 
1795 1518 1519 1520 
1796 2226 2205 2454 
1797 394 396 2098 
1798 1020 1032 2151 
1799 1778 1779 1780 
1800 1950 1953 1960 
1801 146 147 2640 
1802 1215 992 2623 
1803 1347 1737 1739 
1804 2142 1664 2548 
1805 523 835 983 
1806 1207 827 2235 
1807 1377 1266 2143 
1808 1126 1155 1274 
1809 1535 1536 1772 
1810 2053 1712 2054 
1811 1145 1144 1146 
1812 1121 1420 1421 
1813 587 581 2043 
1814 697 1408 1613 
1815 646 928 2114 
1816 856 858 2162 
1817 366 364 2070 
1818 1742 1729 1783 
1819 1233 1537 1596 
1820 655 686 687 
1821 456 455 458 
1822 968 1096 1240 
1823 1033 2085 2086 
1824 2030 1623 2031 
1825 1033 2086 2202 
1826 1341 1243 1342 
1827 451 454 2122 
1828 1525 1524 1689 
1829 2086 2085 2087 
1830 454 453 455 
1831 698 699 700 
1832 1148 2067 2104 
1833 925 951 1107 
1834 2095 420 2714 
1835 1533 1729 1742 
1836 1668 1295 2358 
1837 1001 936 2358 
1838 2118 2116 2119 
1839 1998 541 2598 
1840 414 418 528 
1841 1240 1096 1324 
1842 547 545 2033 
1843 642 651 697 
1844 459 458 460 
1845 569 570 571 
1846 1643 1640 2155 
1847 1077 1080 2163 
1848 626 627 2057 
1849 461 460 462 
1850 568 566 2071 
1851 968 821 1096 
1852 2698 1489 2699 
1853 2299 2698 2699 
1854 905 2318 2319 
1855 700 701 970 
1856 1324 1711 1740 
1857 351 350 353 
1858 2048 1336 2049 
1859 2164 1409 2272 
1860 356 353 357 
1861 683 690 839 
1862 730 821 968 
1863 1333 1335 1336 
1864 1717 1342 1852 
1865 358 357 361 
1866 1533 1411 1729 
1867 471 478 2194 
1868 1523 1268 1524 
1869 738 768 1143 
1870 349 348 350 
1871 2379 2864 2865 
1872 430 2854 2855 
1873 1944 1945 1946 
1874 332 897 2149 
1875 401 406 408 
1876 1345 1346 1347 
1877 463 462 464 
1878 393 394 398 
1879 629 631 632 
1880 1143 768 1144 
1881 1012 1010 2084 
1882 1268 1207 2108 
1883 462 460 466 
1884 640 641 642 
1885 1137 1139 1404 
1886 609 597 610 
1887 451 453 454 
1888 2088 2087 2092 
1889 1146 1244 2053 
1890 393 392 394 
1891 1381 1150 1625 
1892 2086 2090 2202 
1893 362 358 2105 
1894 642 643 651 
1895 1590 1377 1840 
1896 356 357 358 
1897 1524 1268 2108 
1898 1640 1638 2155 
1899 465 464 467 
1900 623 386 2161 
1901 1347 1348 1737 
1902 351 353 356 
1903 1127 986 1266 
1904 2652 558 2672 
1905 1364 1806 2602 
1906 895 1269 1270 
1907 1337 1339 1345 
1908 1282 1395 1660 
1909 390 392 393 
1910 1731 1730 1732 
1911 905 2319 2323 
1912 471 469 478 
1913 2128 2127 2129 
1914 468 467 469 
1915 2644 2290 2668 
1916 649 648 650 
1917 398 394 2098 
1918 2130 2129 2131 
1919 1113 1399 2147 
1920 654 650 655 
1921 1596 1741 1882 
1922 929 483 986 
1923 1332 1333 2047 
1924 528 418 2083 
1925 1010 1008 1290 
1926 396 399 834 
1927 1290 2115 2116 
1928 633 635 636 
1929 2319 2318 2320 
1930 1615 1190 2007 
1931 893 894 895 
1932 1622 1357 1623 
1933 467 464 833 
1934 1290 2116 2118 
1935 1018 1016 2473 
1936 349 350 351 
1937 1593 1358 1595 
1938 2171 1693 2764 
1939 735 738 2144 
1940 470 469 471 
1941 2087 2089 2110 
1942 1118 1119 1343 
1943 1075 1073 2481 
1944 364 362 1151 
1945 1588 1691 2120 
1946 1077 1075 1078 
1947 950 654 2069 
1948 1973 234 1977 
1949 1972 1971 1974 
1950 1014 1012 1033 
1951 1944 1943 1945 
1952 1660 1395 1871 
1953 834 399 2082 
1954 703 705 706 
1955 373 366 2070 
1956 450 449 451 
1957 1010 1290 2084 
1958 1396 1606 2042 
1959 987 1126 1195 
1960 1289 1387 1664 
1961 502 932 2474 
1962 1718 1797 1798 
1963 1148 501 2067 
1964 1291 1235 1357 
1965 1127 1266 1377 
1966 1415 1618 1828 
1967 1758 1760 1785 
1968 1126 830 1155 
1969 637 639 640 
1970 1721 1720 1730 
1971 2279 1280 2661 
1972 1762 1358 2024 
1973 928 943 2114 
1974 1586 1588 1937 
1975 1282 1270 1395 
1976 2179 2206 2209 
1977 1105 1106 1118 
1978 310 2323 2324 
1979 458 832 2111 
1980 1237 1236 1358 
1981 2157 2156 2158 
1982 451 452 453 
1983 376 828 829 
1984 1292 1417 1655 
1985 1111 1110 1235 
1986 873 862 2211 
1987 1292 1293 1417 
1988 837 626 2057 
1989 1950 1951 1953 
1990 1584 1586 2136 
1991 2126 2124 2127 
1992 329 333 2187 
1993 895 894 1269 
1994 1343 1578 1718 
1995 1142 1199 1245 
1996 1266 1415 2143 
1997 2106 2432 2683 
1998 829 830 987 
1999 929 986 1127 
2000 2319 2322 2323 
2001 2102 2164 2272 
2002 690 691 819 
2003 2659 1997 2662 
2004 1245 1275 1350 
2005 683 684 690 
2006 1115 953 1116 
2007 687 686 688 
2008 723 726 2146 
2009 1410 1240 1411 
2010 1619 1650 2193 
2011 2315 2314 2316 
2012 925 926 951 
2013 2099 1407 2100 
2014 943 1292 2114 
2015 632 631 633 
2016 1043 2219 2482 
2017 372 368 2466 
2018 454 455 456 
2019 1349 1117 1401 
2020 1636 1635 1637 
2021 876 892 1157 
2022 1515 1516 1517 
2023 472 471 474 
2024 2228 1668 2358 
2025 1121 835 1420 
2026 1655 1417 2641 
2027 1412 1411 1533 
2028 626 610 627 
2029 809 696 2166 
2030 2094 2091 2095 
2031 893 873 894 
2032 2182 2209 2210 
2033 864 2135 2211 
2034 847 846 849 
2035 905 2317 2318 
2036 2092 2087 2110 
2037 707 709 710 
2038 456 458 459 
2039 1020 1018 1032 
2040 1711 1992 1993 
2041 1274 1155 1462 
2042 1523 1524 1525 
2043 943 1120 1292 
2044 2175 2205 2226 
2045 861 873 893 
2046 347 348 349 
2047 1006 809 2166 
2048 1947 1949 1950 
2049 2326 2327 2328 
2050 964 1087 1088 
2051 361 383 384 
2052 1727 1332 2047 
2053 722 723 2146 
2054 2086 2087 2088 
2055 1244 1712 2053 
2056 459 460 461 
2057 1714 1401 1715 
2058 1324 1624 1711 
2059 1266 1414 1415 
2060 2003 653 2634 
2061 384 385 386 
2062 1421 1420 2022 
2063 386 387 388 
2064 489 486 2536 
2065 386 388 2161 
2066 951 952 1097 
2067 450 451 2122 
2068 730 731 821 
2069 1272 1270 1282 
2070 2120 1691 2691 
2071 866 876 2135 
2072 461 462 463 
2073 1008 1006 2115 
2074 698 688 699 
2075 548 547 549 
2076 845 844 846 
2077 1480 1304 1690 
2078 764 759 2175 
2079 2317 2315 2318 
2080 1332 1116 1333 
2081 2630 2183 2631 
2082 384 386 623 
2083 1031 1024 2152 
2084 2087 2085 2089 
2085 1586 1587 1588 
2086 2102 2272 2281 
2087 1281 2273 2663 
2088 1584 1585 1586 
2089 646 2114 2190 
2090 388 389 390 
2091 652 682 683 
2092 350 348 831 
2093 355 2314 2315 
2094 483 480 2160 
2095 1618 1619 2193 
2096 477 475 479 
2097 1157 892 1276 
2098 390 391 392 
2099 337 335 607 
2100 1650 1651 1826 
2101 527 1289 2142 
2102 1415 1416 1618 
2103 1024 1022 2152 
2104 2126 2127 2128 
2105 711 717 718 
2106 719 721 722 
2107 1819 2716 2726 
2108 1022 1020 2151 
2109 723 725 726 
2110 479 475 2154 
2111 2128 2129 2130 
2112 1336 1335 1337 
2113 1286 1030 2171 
2114 1588 1589 1691 
2115 1423 2188 2281 
2116 651 652 2051 
2117 1026 1024 1031 
2118 1698 1287 2199 
2119 2319 2320 2321 
2120 394 395 396 
2121 463 464 465 
2122 556 557 581 
2123 396 397 399 
2124 1129 1109 1130 
2125 2188 2102 2281 
2126 1151 362 2105 
2127 636 635 637 
2128 1634 1534 1635 
2129 2454 2205 2540 
2130 1642 1640 1643 
2131 1244 1273 1340 
2132 1411 1240 2107 
2133 458 455 832 
2134 851 853 868 
2135 820 924 925 
2136 465 467 468 
2137 2028 547 2033 
2138 1007 1006 1008 
2139 342 1407 2099 
2140 475 474 2154 
2141 591 594 2189 
2142 347 345 348 
2143 727 729 730 
2144 726 727 2165 
2145 1270 1269 2195 
2146 1791 1777 1795 
2147 727 730 2165 
2148 339 337 2121 
2149 342 339 1407 
2150 399 400 401 
2151 1030 1028 2171 
2152 1725 1715 1726 
2153 1646 1644 1720 
2154 1418 1583 1584 
2155 1265 1264 1599 
2156 843 842 844 
2157 710 711 2185 
2158 480 479 2160 
2159 1407 339 2121 
2160 1287 1286 2199 
2161 506 508 2467 
2162 401 402 406 
2163 1226 1227 1228 
2164 468 469 470 
2165 2027 1156 2549 
2166 1102 1104 1105 
2167 1691 1692 2113 
2168 1518 1516 1519 
2169 258 1921 1922 
2170 2094 2095 2096 
2171 2135 1157 2553 
2172 1143 1145 1647 
2173 1619 1649 1650 
2174 1110 1115 2174 
2175 1931 1135 1933 
2176 700 699 701 
2177 1345 1339 1346 
2178 549 547 2028 
2179 355 2315 2317 
2180 535 536 556 
2181 1290 1008 2115 
2182 879 874 944 
2183 642 641 643 
2184 640 639 641 
2185 345 342 2099 
2186 1098 1100 1101 
2187 2116 2115 2117 
2188 1009 1008 1010 
2189 876 1157 2135 
2190 1520 1519 1991 
2191 1689 1524 2170 
2192 726 2165 2559 
2193 588 589 1136 
2194 1931 2034 2489 
2195 849 850 851 
2196 1699 1698 1884 
2197 1289 1386 1387 
2198 1005 809 1006 
2199 1146 1147 1244 
2200 502 501 932 
2201 735 737 738 
2202 410 411 414 
2203 581 582 588 
2204 706 705 707 
2205 406 407 410 
2206 2172 1683 2519 
2207 1369 398 1831 
2208 858 861 2162 
2209 2537 1459 2545 
2210 851 852 853 
2211 418 419 531 
2212 1016 1014 2202 
2213 1408 651 2051 
2214 601 602 612 
2215 651 643 652 
2216 738 739 768 
2217 1347 1346 1348 
2218 1378 1377 1590 
2219 680 824 2489 
2220 1991 2027 2549 
2221 1573 1769 1985 
2222 1289 1664 2142 
2223 1269 1271 1396 
2224 1292 1120 1293 
2225 853 854 855 
2226 335 332 2149 
2227 1598 1841 1849 
2228 733 735 2144 
2229 746 760 2648 
2230 2160 479 2547 
2231 2182 2179 2209 
2232 1534 1533 2103 
2233 1737 1348 1738 
2234 414 415 418 
2235 2229 1202 2461 
2236 640 642 2176 
2237 855 856 1654 
2238 325 841 2197 
2239 527 1288 1289 
2240 1417 1293 1418 
2241 494 493 523 
2242 484 483 929 
2243 2188 1423 2282 
2244 325 328 841 
2245 2358 936 2554 
2246 470 471 472 
2247 710 709 711 
2248 1396 1397 1606 
2249 1011 1010 1012 
2250 1046 1030 1286 
2251 482 480 483 
2252 323 325 2197 
2253 1266 986 1414 
2254 847 849 2785 
2255 1247 1723 1724 
2256 2206 327 2209 
2257 1387 1388 1694 
2258 843 844 845 
2259 849 846 850 
2260 845 846 847 
2261 1113 1211 1399 
2262 1517 2078 2080 
2263 1210 1494 1683 
2264 722 2146 2186 
2265 968 1240 1410 
2266 825 992 993 
2267 861 893 2162 
2268 1946 1945 1947 
2269 1644 1643 2157 
2270 950 2069 2506 
2271 764 2175 2226 
2272 361 357 383 
2273 895 1270 1272 
2274 837 2057 2503 
2275 1084 1112 2184 
2276 1320 1287 1698 
2277 1243 1228 2532 
2278 2218 2214 2219 
2279 1533 1742 2103 
2280 625 647 648 
2281 711 718 2185 
2282 830 828 2525 
2283 1643 2156 2157 
2284 696 694 1300 
2285 1538 1767 2008 
2286 477 479 480 
2287 607 335 2149 
2288 2123 2122 2124 
2289 1013 1012 1014 
2290 1729 1411 2107 
2291 861 862 873 
2292 1399 1495 2006 
2293 1116 953 2503 
2294 472 474 475 
2295 718 717 719 
2296 1950 1949 1951 
2297 2324 2322 2325 
2298 355 2313 2314 
2299 1401 1117 2506 
2300 453 452 457 
2301 722 721 723 
2302 1239 1572 1573 
2303 841 328 842 
2304 569 568 570 
2305 819 691 820 
2306 690 684 691 
2307 683 682 684 
2308 1462 1463 1702 
2309 759 757 2175 
2310 876 877 892 
2311 321 322 323 
2312 1410 1411 1412 
2313 279 280 281 
2314 1915 1914 1916 
2315 841 842 843 
2316 2314 2313 2365 
2317 1636 1637 1638 
2318 1731 1732 1856 
2319 1412 1533 1534 
2320 726 725 727 
2321 1272 1282 1704 
2322 862 864 2211 
2323 1267 1207 1268 
2324 332 330 897 
2325 697 1613 1875 
2326 474 471 2194 
2327 1258 2537 2545 
2328 844 842 1419 
2329 384 383 385 
2330 1608 1389 1848 
2331 1324 1096 1624 
2332 1953 1951 1954 
2333 1586 1585 1587 
2334 1584 1583 1585 
2335 2365 2361 2366 
2336 594 595 601 
2337 841 1454 2197 
2338 2203 2123 2462 
2339 1415 1414 1416 
2340 386 385 387 
2341 622 679 680 
2342 1205 827 1207 
2343 1721 1730 1731 
2344 1588 1587 1589 
2345 323 324 325 
2346 680 822 823 
2347 2123 2125 2462 
2348 2125 2124 2126 
2349 325 326 328 
2350 365 364 366 
2351 1618 1416 1619 
2352 1015 1014 1016 
2353 1485 2514 2552 
2354 925 924 926 
2355 1634 1635 1636 
2356 858 860 861 
2357 324 1497 2192 
2358 880 1043 2482 
2359 388 387 389 
2360 1394 1243 2532 
2361 2237 2706 2708 
2362 1665 1668 2601 
2363 882 880 2482 
2364 2074 840 2563 
2365 1612 1611 1929 
2366 2090 2088 2091 
2367 2578 653 2601 
2368 570 568 2037 
2369 746 747 760 
2370 359 358 362 
2371 363 362 364 
2372 327 2197 2198 
2373 394 392 395 
2374 1573 1572 1574 
2375 1118 1106 1119 
2376 706 707 2479 
2377 2311 815 2448 
2378 2331 2329 2332 
2379 2702 2353 2703 
2380 2108 1207 2235 
2381 1385 1609 1847 
2382 393 398 1369 
2383 2309 815 2311 
2384 633 634 635 
2385 730 729 731 
2386 391 1210 2172 
2387 447 449 450 
2388 1017 1016 1018 
2389 1014 1033 2202 
2390 451 449 452 
2391 390 389 391 
2392 2119 558 2678 
2393 374 372 376 
2394 1677 1238 2463 
2395 1469 1468 1858 
2396 319 320 321 
2397 791 793 2310 
2398 2194 478 2476 
2399 2213 2216 2220 
2400 2706 1667 2708 
2401 1650 1649 1651 
2402 789 791 2453 
2403 1997 2659 2671 
2404 319 321 2206 
2405 327 2198 2209 
2406 317 319 930 
2407 791 2310 2453 
2408 1711 1624 1992 
2409 1046 1286 1287 
2410 2037 568 2071 
2411 2228 1202 2229 
2412 1196 1195 1468 
2413 1019 1018 1020 
2414 835 493 2148 
2415 971 1236 1237 
2416 1871 1395 1872 
2417 2196 763 2277 
2418 1646 1720 1721 
2419 1334 1116 2503 
2420 1522 1268 1523 
2421 951 926 952 
2422 341 344 2373 
2423 1666 2003 2004 
2424 1642 1643 1644 
2425 367 366 368 
2426 1343 1119 1578 
2427 2356 1663 2436 
2428 2209 2198 2210 
2429 655 685 686 
2430 1097 952 1098 
2431 2093 2091 2094 
2432 2323 2322 2324 
2433 1663 2250 2436 
2434 379 1456 2234 
2435 1564 1562 2440 
2436 1677 2311 2448 
2437 369 368 372 
2438 2162 893 2486 
2439 1538 2008 2174 
2440 2154 474 2615 
2441 1691 1589 1692 
2442 627 628 629 
2443 1683 1494 1684 
2444 898 1283 1285 
2445 866 871 876 
2446 2250 817 2436 
2447 1007 1008 1009 
2448 2552 1679 2577 
2449 1289 1288 1386 
2450 326 324 2192 
2451 1922 1921 1923 
2452 826 2607 2614 
2453 1320 1698 1699 
2454 817 2250 2347 
2455 815 2309 2310 
2456 2219 2214 2482 
2457 1940 1401 2506 
2458 532 534 535 
2459 629 630 631 
2460 1798 1797 1805 
2461 1836 1837 1838 
2462 1699 1884 1885 
2463 1105 1104 1106 
2464 838 1110 1111 
2465 396 395 397 
2466 2293 817 2347 
2467 317 318 319 
2468 793 815 2310 
2469 2330 2329 2331 
2470 1005 1006 1007 
2471 2212 2213 2220 
2472 851 850 852 
2473 1669 2293 2347 
2474 850 846 2478 
2475 2293 1669 2442 
2476 1718 1578 1797 
2477 1269 894 1271 
2478 2196 2277 2278 
2479 1101 1100 1102 
2480 1094 886 2212 
2481 816 2271 2440 
2482 2311 1677 2463 
2483 327 323 2197 
2484 2229 2578 2601 
2485 382 421 2223 
2486 328 329 2187 
2487 1663 2356 2440 
2488 816 789 2453 
2489 2423 1249 2464 
2490 844 1419 2478 
2491 427 2702 2703 
2492 344 2372 2373 
2493 338 341 2373 
2494 954 2221 2374 
2495 1094 2212 2220 
2496 388 390 2516 
2497 853 852 854 
2498 321 323 327 
2499 1021 1020 1022 
2500 818 2374 2455 
2501 315 317 2177 
2502 399 397 400 
2503 281 280 282 
2504 1554 1552 2452 
2505 488 486 489 
2506 1562 1663 2440 
2507 2271 1564 2440 
2508 2282 1423 2458 
2509 2271 816 2453 
2510 1142 1140 1199 
2511 758 763 2196 
2512 315 316 317 
2513 2442 1669 2452 
2514 2374 2221 2455 
2515 500 498 501 
2516 1387 1386 1388 
2517 848 847 869 
2518 506 504 508 
2519 1127 1377 1378 
2520 895 1272 2486 
2521 2221 954 2452 
2522 1548 1546 2231 
2523 586 555 692 
2524 2223 421 2237 
2525 2231 1546 2232 
2526 1115 1538 2174 
2527 824 1133 2489 
2528 766 764 2226 
2529 810 766 2226 
2530 886 884 2212 
2531 334 332 335 
2532 1092 445 2203 
2533 2179 930 2206 
2534 1146 1144 1147 
2535 1081 1078 1219 
2536 380 382 2223 
2537 930 319 2206 
2538 1552 2221 2452 
2539 1669 1554 2452 
2540 1009 1010 1011 
2541 2458 2386 2465 
2542 1428 1427 2232 
2543 1184 1182 1281 
2544 2232 1427 2441 
2545 943 985 1120 
2546 1427 2233 2441 
2547 1679 1154 2230 
2548 1023 1022 1024 
2549 855 854 856 
2550 1238 2225 2463 
2551 1546 1428 2232 
2552 605 571 2101 
2553 2233 901 2441 
2554 1423 1169 2458 
2555 1025 1024 1026 
2556 492 490 493 
2557 2167 2647 2652 
2558 637 638 639 
2559 1159 405 2234 
2560 2231 818 2455 
2561 2356 816 2440 
2562 954 2442 2452 
2563 1133 1931 2489 
2564 901 2233 2249 
2565 281 282 283 
2566 282 280 577 
2567 1689 2170 2673 
2568 1622 1623 2030 
2569 1424 2247 2248 
2570 313 314 315 
2571 2247 995 2248 
2572 1154 979 2230 
2573 1670 2231 2232 
2574 370 305 2359 
2575 751 753 755 
2576 2564 899 2576 
2577 762 901 2249 
2578 1604 1602 1611 
2579 405 381 2234 
2580 511 995 2247 
2581 810 2226 2454 
2582 1369 1831 1832 
2583 1670 2232 2441 
2584 553 549 2028 
2585 605 2188 2483 
2586 421 423 2237 
2587 423 619 2237 
2588 591 593 594 
2589 283 282 284 
2590 281 283 1379 
2591 761 762 2249 
2592 997 2630 2631 
2593 1548 2231 2455 
2594 1152 1422 2236 
2595 2267 1050 2291 
2596 2265 1050 2267 
2597 2238 1484 2239 
2598 1221 1506 2295 
2599 401 400 402 
2600 788 786 2270 
2601 2262 2260 2437 
2602 2260 1047 2437 
2603 2258 1047 2260 
2604 794 792 2276 
2605 794 2276 2417 
2606 1424 516 2247 
2607 1050 2265 2270 
2608 1483 1484 2238 
2609 796 794 2417 
2610 416 598 2245 
2611 1506 1830 2295 
2612 283 284 285 
2613 786 1050 2270 
2614 2249 2233 2302 
2615 2244 412 2245 
2616 1153 1221 2295 
2617 2251 1044 2253 
2618 788 2270 2437 
2619 1047 2258 2276 
2620 412 416 2245 
2621 2245 598 2246 
2622 792 1047 2276 
2623 1044 2251 2296 
2624 2270 2262 2437 
2625 2268 524 2280 
2626 2251 1709 2296 
2627 802 2249 2302 
2628 403 412 2244 
2629 516 513 2247 
2630 2238 2239 2242 
2631 2239 1484 2240 
2632 1044 796 2417 
2633 1440 2287 2354 
2634 1064 1327 2288 
2635 2287 2285 2354 
2636 2341 2307 2438 
2637 1709 2283 2296 
2638 2306 1314 2307 
2639 1062 1064 2288 
2640 2253 1044 2417 
2641 2303 1314 2306 
2642 285 284 286 
2643 2346 2335 2398 
2644 1330 1426 2391 
2645 2275 1429 2428 
2646 1560 1558 2250 
2647 2250 1558 2347 
2648 1671 2268 2280 
2649 1175 1173 2272 
2650 2272 1173 2281 
2651 1429 1086 2428 
2652 2287 1440 2424 
2653 1542 1330 2391 
2654 800 2283 2375 
2655 2398 2335 2402 
2656 1566 1564 2271 
2657 2283 800 2296 
2658 2307 1314 2438 
2659 1556 1669 2347 
2660 2424 2343 2451 
2661 813 801 2375 
2662 2285 525 2354 
2663 1051 780 2297 
2664 1558 1556 2347 
2665 949 2384 2414 
2666 515 525 2285 
2667 780 778 2297 
2668 2289 997 2348 
2669 1171 1423 2281 
2670 1065 1314 2303 
2671 902 431 2299 
2672 1528 2344 2345 
2673 670 2409 2410 
2674 524 514 2280 
2675 2280 517 2449 
2676 1326 1070 2394 
2677 907 422 2269 
2678 1443 2334 2335 
2679 1173 1171 2281 
2680 1209 1306 2351 
2681 781 817 2293 
2682 2239 2240 2241 
2683 1067 1065 2303 
2684 945 1673 2416 
2685 1193 1374 2443 
2686 2368 1444 2372 
2687 1163 714 2334 
2688 1437 1002 2406 
2689 1445 982 2300 
2690 431 433 2299 
2691 1038 813 2375 
2692 2343 996 2403 
2693 1316 1059 2338 
2694 1316 2341 2438 
2695 955 802 2302 
2696 1365 1256 2397 
2697 1059 1057 2338 
2698 1070 1072 2394 
2699 2283 1430 2375 
2700 782 1051 2291 
2701 801 800 2375 
2702 1306 1667 2351 
2703 1443 2335 2346 
2704 2298 2343 2403 
2705 938 1003 2415 
2706 1551 1552 1553 
2707 2215 2218 2274 
2708 608 2346 2398 
2709 1095 776 2294 
2710 2287 2424 2451 
2711 1443 1163 2334 
2712 1331 1054 2377 
2713 672 670 2410 
2714 2338 1446 2340 
2715 560 2398 2402 
2716 1302 1301 2376 
2717 1663 1560 2250 
2718 2384 1448 2414 
2719 546 548 2405 
2720 344 2368 2372 
2721 1438 1034 2400 
2722 285 286 287 
2723 982 913 2300 
2724 1122 1434 2385 
2725 1375 1192 2434 
2726 997 891 2348 
2727 1301 1489 2376 
2728 1432 1430 2283 
2729 1490 1437 2342 
2730 2342 1437 2406 
2731 1561 1560 1562 
2732 1570 2309 2311 
2733 1673 2294 2416 
2734 2393 1674 2412 
2735 1671 2280 2449 
2736 1055 1037 2411 
2737 2277 1405 2278 
2738 912 914 2399 
2739 1528 1315 2344 
2740 1162 1435 2301 
2741 1034 805 2400 
2742 1794 1375 2434 
2743 1002 935 2406 
2744 1373 1192 1375 
2745 2301 1435 2337 
2746 1052 958 2447 
2747 1194 1677 2427 
2748 1553 1554 1555 
2749 1164 1252 2446 
2750 1441 1444 2368 
2751 1568 1566 1662 
2752 2298 1436 2343 
2753 2259 2260 2261 
2754 1433 2289 2348 
2755 604 617 2404 
2756 949 442 2379 
2757 910 2367 2383 
2758 1223 955 1224 
2759 1426 1428 1541 
2760 526 1424 2290 
2761 1670 818 2231 
2762 1435 1675 2418 
2763 1309 1503 2292 
2764 1316 2338 2339 
2765 1557 1558 1559 
2766 2350 1674 2393 
2767 442 440 2379 
2768 905 306 2317 
2769 2363 360 2380 
2770 1040 1220 2344 
2771 1562 1560 1663 
2772 2286 2285 2287 
2773 559 560 2402 
2774 617 658 2404 
2775 671 673 2396 
2776 1409 1175 2272 
2777 1801 1365 2397 
2778 1048 520 1321 
2779 673 676 2396 
2780 804 1035 2336 
2781 1490 2342 2352 
2782 1557 1559 1735 
2783 1570 1568 2309 
2784 1213 1436 2298 
2785 1307 1628 2435 
2786 1426 1427 1428 
2787 2383 2367 2390 
2788 778 776 1095 
2789 1576 1793 1807 
2790 2409 2301 2410 
2791 404 2244 2269 
2792 433 576 2299 
2793 437 436 438 
2794 444 949 2414 
2795 767 766 770 
2796 787 816 2356 
2797 812 801 813 
2798 1201 938 2415 
2799 1037 1036 2411 
2800 1066 1065 1067 
2801 2411 1307 2435 
2802 1316 2339 2341 
2803 1545 1428 1546 
2804 1547 1546 1548 
2805 1549 1548 1550 
2806 2266 2265 2267 
2807 959 960 961 
2808 657 656 2350 
2809 1510 1315 1528 
2810 1303 2035 2444 
2811 517 2286 2449 
2812 1555 1556 1557 
2813 772 773 818 
2814 1563 1564 1565 
2815 784 782 2291 
2816 818 773 2374 
2817 775 776 777 
2818 1054 1056 2377 
2819 542 544 2349 
2820 1301 1002 1437 
2821 2344 1220 2345 
2822 2259 2261 2264 
2823 976 714 1163 
2824 1319 1049 1322 
2825 1209 1295 1306 
2826 1372 1439 1449 
2827 990 1257 2371 
2828 303 370 2381 
2829 1565 1566 1567 
2830 911 677 2430 
2831 797 798 799 
2832 1277 990 2371 
2833 1191 1193 1674 
2834 1230 1086 1429 
2835 1441 1201 1442 
2836 433 434 435 
2837 447 448 449 
2838 678 2337 2419 
2839 1165 1443 2386 
2840 336 335 337 
2841 1662 1566 2271 
2842 285 287 919 
2843 1431 1430 1432 
2844 2304 2303 2306 
2845 2339 2338 2340 
2846 790 788 2437 
2847 1328 1062 2288 
2848 562 530 2290 
2849 1086 812 2428 
2850 1042 1040 2344 
2851 1438 2355 2387 
2852 2355 1438 2400 
2853 529 530 559 
2854 891 947 2348 
2855 989 990 1277 
2856 1547 1548 1549 
2857 287 286 288 
2858 305 304 306 
2859 1706 1432 1708 
2860 2256 2258 2259 
2861 937 1441 2357 
2862 1209 1001 1295 
2863 1076 1077 2163 
2864 1442 1201 1447 
2865 1303 1302 1402 
2866 1380 1496 2308 
2867 1433 1476 2289 
2868 1666 1665 2003 
2869 906 2298 2378 
2870 2352 1491 2353 
2871 989 1277 1278 
2872 1433 1473 1476 
2873 1166 1167 1168 
2874 786 784 1050 
2875 1329 1224 1330 
2876 2265 2262 2270 
2877 670 666 2409 
2878 656 616 693 
2879 1308 1038 1430 
2880 1122 1362 1434 
2881 301 300 302 
2882 775 777 954 
2883 1050 784 2291 
2884 787 788 789 
2885 1036 813 1038 
2886 1315 1042 2344 
2887 1062 1063 1064 
2888 1171 1169 1423 
2889 1176 1175 1177 
2890 1213 1317 1318 
2891 517 515 2285 
2892 617 616 656 
2893 1208 1001 1209 
2894 1254 1161 2390 
2895 1318 1317 1499 
2896 1547 1549 1736 
2897 1529 1448 1530 
2898 542 543 544 
2899 1213 1318 1436 
2900 1256 2385 2397 
2901 1563 1565 1734 
2902 664 665 666 
2903 713 693 714 
2904 917 916 934 
2905 934 936 1000 
2906 976 1163 1164 
2907 980 1122 2385 
2908 426 424 2392 
2909 428 426 518 
2910 800 798 2296 
2911 945 810 1049 
2912 1164 1166 1252 
2913 1174 1175 1176 
2914 908 298 2360 
2915 656 713 2350 
2916 799 800 801 
2917 812 813 814 
2918 891 946 947 
2919 2313 908 2365 
2920 989 981 990 
2921 1056 1057 1058 
2922 1073 1071 1406 
2923 1170 1169 1171 
2924 1500 1501 1671 
2925 306 304 2317 
2926 566 564 807 
2927 678 2419 2430 
2928 1439 1254 2390 
2929 1309 1438 1503 
2930 343 342 345 
2931 346 345 347 
2932 346 347 354 
2933 660 661 662 
2934 662 663 664 
2935 675 804 2336 
2936 781 782 783 
2937 917 935 937 
2938 937 938 1201 
2939 1671 1501 1672 
2940 307 306 308 
2941 1065 1063 1314 
2942 1278 1277 1380 
2943 1541 1428 1545 
2944 1709 1432 2283 
2945 2385 1434 2397 
2946 2252 2254 2257 
2947 304 302 355 
2948 423 424 425 
2949 423 425 619 
2950 437 438 439 
2951 439 440 441 
2952 805 911 912 
2953 1003 1303 2415 
2954 1488 1487 1697 
2955 539 417 540 
2956 947 946 1039 
2957 1040 1039 1220 
2958 658 660 996 
2959 667 906 2378 
2960 676 675 2336 
2961 975 714 976 
2962 1000 936 1001 
2963 1035 1034 1309 
2964 1035 1309 1310 
2965 1220 1039 1696 
2966 1444 1442 1457 
2967 1630 1810 1823 
2968 300 908 2313 
2969 889 891 997 
2970 910 2393 2412 
2971 1191 1674 2350 
2972 2362 360 2363 
2973 518 426 2392 
2974 431 432 433 
2975 530 526 2290 
2976 604 616 617 
2977 770 945 2416 
2978 792 790 1047 
2979 906 1212 1213 
2980 1164 1163 1165 
2981 1402 1302 1487 
2982 1371 1372 1577 
2983 1682 1380 2308 
2984 2334 2333 2335 
2985 336 337 338 
2986 341 342 343 
2987 563 565 608 
2988 1000 1001 1208 
2989 1003 1002 1301 
2990 1299 1042 1315 
2991 1176 1178 1249 
2992 2369 1496 2371 
2993 515 516 525 
2994 560 562 563 
2995 996 660 2403 
2996 1003 1302 1303 
2997 1194 1086 1230 
2998 1172 1174 1250 
2999 1449 1439 1450 
3000 297 296 298 
3001 1515 1323 1516 
3002 1581 1801 1813 
3003 2360 360 2362 
3004 660 659 661 
3005 662 661 663 
3006 787 789 816 
3007 1257 1256 1365 
3008 1380 1277 1496 
3009 1367 1366 1368 
3010 1440 2404 2424 
3011 2418 1675 2420 
3012 658 659 660 
3013 957 959 1405 
3014 1367 1368 1629 
3015 2378 2298 2403 
3016 338 339 341 
3017 344 343 2421 
3018 773 775 2374 
3019 901 2425 2441 
3020 937 1201 1441 
3021 1066 1067 1068 
3022 1491 1209 2351 
3023 1665 1295 1668 
3024 293 292 294 
3025 296 360 2360 
3026 299 298 300 
3027 908 2361 2365 
3028 980 982 1122 
3029 990 981 1256 
3030 1793 1794 1796 
3031 287 288 289 
3032 292 290 909 
3033 293 294 295 
3034 297 298 299 
3035 300 298 908 
3036 299 300 301 
3037 301 302 303 
3038 355 302 2313 
3039 303 304 305 
3040 305 306 307 
3041 311 312 313 
3042 334 336 900 
3043 341 343 344 
3044 423 422 424 
3045 425 424 426 
3046 427 426 428 
3047 429 428 430 
3048 431 430 432 
3049 433 432 434 
3050 435 434 436 
3051 439 438 440 
3052 441 440 442 
3053 443 442 444 
3054 445 444 446 
3055 447 446 448 
3056 448 520 1048 
3057 526 516 1424 
3058 560 530 562 
3059 544 543 545 
3060 544 903 2349 
3061 546 545 547 
3062 668 666 670 
3063 671 670 672 
3064 675 674 677 
3065 767 772 2425 
3066 770 810 945 
3067 773 771 774 
3068 772 818 1670 
3069 775 774 776 
3070 777 776 778 
3071 779 778 780 
3072 778 1095 2297 
3073 781 780 782 
3074 783 782 784 
3075 785 784 786 
3076 789 788 790 
3077 791 790 792 
3078 793 792 794 
3079 795 794 796 
3080 797 796 798 
3081 799 798 800 
3082 912 913 914 
3083 915 916 917 
3084 917 934 935 
3085 937 935 938 
3086 938 1002 1003 
3087 945 1049 1319 
3088 947 1039 1040 
3089 957 1405 2277 
3090 959 958 960 
3091 1000 1208 2342 
3092 1003 1301 1302 
3093 1309 1034 1438 
3094 1430 1038 2375 
3095 1041 1433 2348 
3096 1298 1042 1299 
3097 1053 1331 2275 
3098 1056 1055 1057 
3099 1058 1057 1059 
3100 1057 1446 2338 
3101 1060 1059 1061 
3102 1062 1061 1063 
3103 1061 1316 2438 
3104 1068 1067 1069 
3105 1068 1326 2401 
3106 1070 1069 1071 
3107 1069 1313 2450 
3108 1072 1071 1073 
3109 1074 1073 1075 
3110 1076 1075 1077 
3111 1174 1173 1175 
3112 1223 1329 1451 
3113 1330 1224 1425 
3114 1306 1295 1665 
3115 1299 1315 1508 
3116 1508 1315 1510 
3117 1321 1529 1531 
3118 1402 1487 1488 
3119 1426 1425 1427 
3120 1426 1541 2391 
3121 1431 1432 1706 
3122 1431 1706 1707 
3123 1708 1432 1709 
3124 1457 1442 2432 
3125 1444 1458 2372 
3126 1565 1564 1566 
3127 1567 1566 1568 
3128 1569 1568 1570 
3129 2425 1670 2441 
3130 1671 1672 2268 
3131 1710 1709 2251 
3132 2217 2215 2274 
3133 2252 2251 2253 
3134 2254 2253 2255 
3135 2259 2258 2260 
3136 2261 2260 2262 
3137 2263 2262 2265 
3138 2361 2360 2362 
3139 289 288 290 
3140 529 526 530 
3141 980 913 982 
3142 1322 1049 1323 
3143 1306 1666 1667 
3144 303 302 304 
3145 313 312 314 
3146 315 314 316 
3147 529 561 2354 
3148 584 542 2349 
3149 906 669 1212 
3150 674 672 678 
3151 811 812 1086 
3152 934 916 936 
3153 947 1040 1041 
3154 1041 1042 1298 
3155 1433 1298 1473 
3156 1581 1365 1801 
3157 291 290 292 
3158 295 294 296 
3159 1160 715 1161 
3160 288 286 371 
3161 289 290 291 
3162 289 291 606 
3163 296 294 360 
3164 295 297 409 
3165 302 300 2313 
3166 308 306 905 
3167 314 312 340 
3168 693 616 2333 
3169 667 666 668 
3170 891 890 946 
3171 947 1041 2348 
3172 1122 982 1123 
3173 1160 1161 1162 
3174 1167 1165 2386 
3175 1170 1171 1172 
3176 1191 1192 1193 
3177 1208 1209 1491 
3178 1372 1254 1439 
3179 1257 1366 1367 
3180 1493 1380 1682 
3181 2367 1439 2390 
3182 1443 2346 2386 
3183 1444 1457 1458 
3184 1503 2387 2388 
3185 1506 1610 1829 
3186 673 674 675 
3187 990 1256 1257 
3188 1172 1171 1173 
3189 1371 1254 1372 
3190 1434 1362 1579 
3191 434 432 522 
3192 1060 1061 1062 
3193 1069 1067 1313 
3194 1160 1162 2301 
3195 1630 1823 1845 
3196 291 292 293 
3197 295 296 297 
3198 298 296 2360 
3199 561 603 604 
3200 565 564 566 
3201 567 566 568 
3202 658 996 2404 
3203 661 659 910 
3204 664 663 665 
3205 665 715 1160 
3206 673 672 674 
3207 678 672 2410 
3208 908 2360 2361 
3209 912 911 913 
3210 913 911 2300 
3211 914 980 981 
3212 1123 982 1445 
3213 1162 1253 1255 
3214 1278 1493 2355 
3215 1630 1368 1810 
3216 1503 1438 2387 
3217 1506 1505 1610 
3218 1808 1591 1928 
3219 1708 1709 1710 
3220 915 354 916 
3221 561 559 603 
3222 782 780 1051 
3223 781 783 817 
3224 906 1213 2298 
3225 938 935 1002 
3226 1499 1317 1859 
3227 1441 1442 1444 
3228 2369 1629 2370 
3229 545 543 806 
3230 561 1440 2354 
3231 664 666 667 
3232 675 677 804 
3233 914 913 980 
3234 1122 1123 1362 
3235 1162 1255 1435 
3236 1194 1238 1677 
3237 1505 1222 1507 
3238 311 310 312 
3239 317 316 318 
3240 319 318 320 
3241 422 404 2269 
3242 424 422 907 
3243 433 435 576 
3244 546 547 548 
3245 814 1037 1053 
3246 914 981 989 
3247 957 958 959 
3248 1072 1073 1074 
3249 1074 1075 1076 
3250 1257 1365 1366 
3251 617 656 657 
3252 714 693 2334 
3253 791 792 793 
3254 793 794 795 
3255 795 796 797 
3256 1446 1055 2411 
3257 1064 1065 1066 
3258 1177 1175 1409 
3259 1435 1255 1675 
3260 1567 1568 1569 
3261 561 604 1440 
3262 665 663 715 
3263 805 677 911 
3264 804 805 1034 
3265 1253 1161 1254 
3266 1310 1309 2292 
3267 1330 1425 1426 
3268 563 564 565 
3269 567 568 569 
3270 1629 1368 1630 
3271 321 320 322 
3272 798 796 1044 
3273 1056 1058 1229 
3274 1064 1066 1327 
3275 307 308 309 
3276 309 310 311 
3277 425 426 427 
3278 441 442 443 
3279 448 446 520 
3280 529 559 561 
3281 563 562 564 
3282 661 910 2383 
3283 667 669 906 
3284 804 677 805 
3285 713 975 1191 
3286 770 766 810 
3287 889 890 891 
3288 1041 1040 1042 
3289 1072 1074 1325 
3290 1496 1277 2371 
3291 1318 1499 1500 
3292 1321 1448 1529 
3293 1509 1508 1512 
3294 2252 2253 2254 
3295 334 335 336 
3296 604 603 616 
3297 1172 1173 1174 
3298 338 337 339 
3299 341 339 342 
3300 565 566 567 
3301 1367 1629 2369 
3302 1458 1457 1938 
3303 1500 1499 1501 
3304 2362 2363 2364 
3305 292 909 2380 
3306 2368 344 2421 
3307 793 795 815 
3308 1221 1505 1506 
3309 1253 1254 1371 
3310 1303 1402 2035 
3311 1366 1365 1581 
3312 1576 1375 1793 
3313 1506 1829 1830 
3314 421 422 423 
3315 427 428 429 
3316 443 444 445 
3317 445 446 447 
3318 811 801 812 
3319 814 1036 1037 
3320 1053 1037 1054 
3321 1054 1055 1056 
3322 1068 1069 1070 
3323 544 545 546 
3324 677 674 2430 
3325 1161 715 2390 
3326 1164 1165 1166 
3327 1168 1170 1251 
3328 1675 1255 1676 
3329 2355 1493 2387 
3330 671 672 673 
3331 783 784 785 
3332 1178 1177 1179 
3333 1221 1222 1505 
3334 514 517 2280 
3335 656 693 713 
3336 713 714 975 
3337 713 1191 2350 
3338 2276 2255 2417 
3339 435 436 437 
3340 598 539 918 
3341 1440 604 2404 
3342 658 657 659 
3343 1278 1380 1493 
3344 1672 1501 1876 
3345 343 345 346 
3346 559 530 560 
3347 804 1034 1035 
3348 935 934 2406 
3349 1165 1163 1443 
3350 1213 1212 1317 
3351 946 890 948 
3352 1166 1165 1167 
3353 2216 2215 2217 
3354 301 303 2381 
3355 320 318 574 
3356 912 2399 2400 
3357 914 989 2399 
3358 1373 1375 1576 
3359 2258 2255 2276 
3360 299 301 940 
3361 416 417 539 
3362 779 781 2293 
3363 1422 1591 1808 
3364 515 513 516 
3365 1041 1298 1433 
3366 1070 1071 1072 
3367 2415 1303 2444 
3368 2427 1677 2448 
3369 309 308 310 
3370 660 662 2403 
3371 776 774 2294 
3372 917 937 2357 
3373 1257 1367 2371 
3374 412 405 413 
3375 416 413 417 
3376 785 786 787 
3377 1222 1154 1679 
3378 1299 1508 1509 
3379 940 301 2381 
3380 346 354 915 
3381 525 529 2354 
3382 1168 1167 1169 
3383 1193 1192 1373 
3384 1367 2369 2371 
3385 1938 1457 2106 
3386 715 2383 2390 
3387 772 771 773 
3388 773 774 775 
3389 1307 1038 1308 
3390 1674 1193 2443 
3391 1569 1570 1571 
3392 429 431 902 
3393 443 445 1092 
3394 1176 1177 1178 
3395 1191 975 1192 
3396 1322 1323 1515 
3397 2233 1425 2302 
3398 2254 2255 2256 
3399 667 668 669 
3400 668 670 671 
3401 1212 669 1504 
3402 1162 1161 1253 
3403 1178 1179 1180 
3404 2395 671 2396 
3405 1306 1665 1666 
3406 1371 1577 1809 
3407 444 442 949 
3408 903 546 2405 
3409 799 801 811 
3410 1061 1059 1316 
3411 1313 1067 2303 
3412 1487 1302 2376 
3413 1489 1437 1490 
3414 1549 1550 1551 
3415 303 305 370 
3416 657 2350 2393 
3417 805 912 2400 
3418 673 675 676 
3419 1250 1174 2422 
3420 1450 1439 2367 
3421 539 540 2413 
3422 777 778 779 
3423 2207 1511 2208 
3424 439 441 521 
3425 540 541 542 
3426 1053 1054 1331 
3427 1057 1055 1446 
3428 693 2333 2334 
3429 803 957 2277 
3430 956 955 1223 
3431 525 516 526 
3432 617 657 658 
3433 1238 1230 1540 
3434 662 664 2378 
3435 360 294 2380 
3436 540 542 584 
3437 1504 669 2395 
3438 1060 1062 1328 
3439 1068 1070 1326 
3440 1301 1437 1489 
3441 1445 2300 2419 
3442 2215 2214 2218 
3443 525 526 529 
3444 669 668 2395 
3445 1710 2251 2252 
3446 544 546 903 
3447 803 956 957 
3448 2261 2262 2263 
3449 429 430 431 
3450 960 958 1052 
3451 1058 1059 1060 
3452 2337 1435 2418 
3453 767 771 772 
3454 1559 1560 1561 
3455 412 413 416 
3456 662 2378 2403 
3457 785 787 2356 
3458 2367 910 2412 
3459 981 980 2385 
3460 1193 1373 1374 
3461 945 1319 1673 
3462 1329 1330 1542 
3463 2263 2265 2266 
3464 668 671 2395 
3465 1561 1562 1563 
3466 715 663 2383 
3467 1362 1123 1363 
3468 1168 1169 1170 
3469 304 355 2317 
3470 789 790 791 
3471 815 795 2448 
3472 421 404 422 
3473 413 405 1159 
3474 416 539 598 
3475 540 417 541 
3476 424 907 2392 
3477 440 519 2379 
3478 514 515 517 
3479 540 584 2413 
3480 542 541 543 
3481 664 667 2378 
3482 775 954 2374 
3483 787 786 788 
3484 798 1044 2296 
3485 803 955 956 
3486 811 1086 1194 
3487 814 813 1036 
3488 814 1053 2428 
3489 915 917 2357 
3490 957 956 958 
3491 961 960 962 
3492 1036 1038 1307 
3493 1054 1037 1055 
3494 1048 1321 2284 
3495 1064 1063 1065 
3496 1194 1230 1238 
3497 1208 1491 2352 
3498 1238 1540 2225 
3499 1307 1308 1628 
3500 1308 1430 1431 
3501 1319 1322 1700 
3502 1530 1448 2384 
3503 1559 1558 1560 
3504 1563 1562 1564 
3505 2256 2255 2258 
3506 915 2357 2421 
3507 2340 1446 2435 
3508 1321 1531 2284 
3509 2357 1441 2368 
3510 440 438 519 
3511 1321 520 1448 
3512 1545 1546 1547 
3513 2213 2215 2216 
3514 674 678 2430 
3515 1256 981 2385 
3516 765 766 767 
3517 767 770 771 
3518 663 661 2383 
3519 779 780 781 
3520 1363 1123 2420 
3521 294 292 2380 
3522 1676 1255 2429 
3523 918 539 2413 
3524 1422 1398 1591 
3525 1298 1299 2426 
3526 2337 678 2410 
3527 783 785 2436 
3528 1299 1509 2426 
3529 765 767 2425 
3530 346 915 2421 
3531 934 1000 2406 
3532 1473 1298 2426 
3533 2357 2368 2421 
3534 910 659 2393 
3535 2404 996 2424 
3536 1221 1154 1222 
3537 803 802 955 
3538 1053 2275 2428 
3539 616 603 2333 
3540 2300 911 2430 
3541 1229 1058 2439 
3542 2342 1208 2352 
3543 762 765 901 
3544 1793 1375 1794 
3545 1427 1425 2233 
3546 889 888 890 
3547 1123 1445 2420 
3548 1160 2301 2409 
3549 517 2285 2286 
3550 1278 2355 2399 
3551 1047 790 2437 
3552 1223 1224 1329 
3553 2106 1457 2432 
3554 2301 2337 2410 
3555 989 1278 2399 
3556 1447 1201 2415 
3557 2337 2418 2419 
3558 1442 1447 2432 
3559 763 803 2277 
3560 774 771 2416 
3561 343 346 2421 
3562 1448 520 2414 
3563 765 764 766 
3564 785 2356 2436 
3565 1072 1325 2394 
3566 1174 1176 2422 
3567 1313 2304 2305 
3568 2432 1447 2433 
3569 1450 2367 2412 
3570 1551 1550 1552 
3571 1553 1552 1554 
3572 1555 1554 1556 
3573 901 765 2425 
3574 772 1670 2425 
3575 1313 2303 2304 
3576 2286 2445 2449 
3577 1036 1307 2411 
3578 666 665 2409 
3579 1511 1483 2238 
3580 2399 2355 2400 
3581 659 657 2393 
3582 812 814 2428 
3583 1485 1511 2207 
3584 1446 2411 2435 
3585 1371 1809 2429 
3586 1313 2305 2450 
3587 2419 2300 2430 
3588 1192 975 2434 
3589 2422 1249 2423 
3590 996 2343 2424 
3591 603 559 2402 
3592 446 444 2414 
3593 1000 2342 2406 
3594 520 446 2414 
3595 797 799 2427 
3596 817 783 2436 
3597 958 956 2447 
3598 1255 1253 2429 
3599 1253 1371 2429 
3600 2255 2253 2417 
3601 665 1160 2409 
3602 1556 1554 1669 
3603 2294 774 2416 
3604 443 1092 2407 
3605 771 770 2416 
3606 1224 955 2302 
3607 1056 1229 2377 
3608 1557 1556 1558 
3609 1425 1224 2302 
3610 811 1194 2427 
3611 1436 1318 2445 
3612 2418 1445 2419 
3613 2335 2333 2402 
3614 1327 1066 2401 
3615 976 1164 2446 
3616 1176 1249 2422 
3617 1066 1068 2401 
3618 2309 1662 2310 
3619 1552 1550 2221 
3620 1445 2418 2420 
3621 1569 1571 1733 
3622 514 513 515 
3623 1406 1071 2450 
3624 1058 1060 2439 
3625 2343 1436 2451 
3626 1071 1069 2450 
3627 382 404 421 
3628 403 405 412 
3629 512 514 524 
3630 797 2427 2448 
3631 799 811 2427 
3632 888 886 1094 
3633 2333 603 2402 
3634 887 888 889 
3635 404 403 2244 
3636 795 797 2448 
3637 2213 2214 2215 
3638 1447 2415 2444 
3639 2445 1500 2449 
3640 1318 1500 2445 
3641 1500 1671 2449 
3642 975 976 2434 
3643 2286 2287 2451 
3644 956 1223 2447 
3645 1060 1328 2439 
3646 1568 1662 2309 
3647 331 332 334 
3648 2433 1447 2444 
3649 1398 1153 2295 
3650 1794 2434 2446 
3651 1152 1398 1422 
3652 954 777 2442 
3653 1153 1154 1221 
3654 1063 1061 2438 
3655 521 441 2407 
3656 1314 1063 2438 
3657 2445 2286 2451 
3658 2434 976 2446 
3659 560 563 2398 
3660 563 608 2398 
3661 762 764 765 
3662 2412 1674 2443 
3663 802 761 2249 
3664 777 779 2442 
3665 1223 1451 2447 
3666 1450 2412 2443 
3667 763 802 803 
3668 779 2293 2442 
3669 1485 1483 1511 
3670 441 443 2407 
3671 1436 2445 2451 
3672 512 513 514 
3673 513 511 2247 
3674 403 381 405 
3675 382 403 404 
3676 887 886 888 
3677 2213 991 2214 
3678 2181 2180 2183 
3679 329 331 333 
3680 331 330 332 
3681 1152 1153 1398 
3682 1153 979 1154 
3683 2582 2138 2620 
3684 763 761 802 
3685 762 759 764 
3686 1413 2020 2021 
3687 1483 1482 1484 
3688 1481 1483 1485 
3689 1575 1792 1800 
3690 512 511 513 
3691 382 381 403 
3692 885 886 887 
3693 2212 991 2213 
3694 2180 2179 2182 
3695 2178 2180 2181 
3696 329 330 331 
3697 978 1152 2236 
3698 1152 979 1153 
3699 761 759 762 
3700 758 761 763 
3701 1413 2017 2020 
3702 1481 1482 1483 
3703 1027 1026 1028 
3704 701 703 2557 
3705 509 506 2467 
3706 1452 1575 1802 
3707 1575 1361 1792 
3708 510 511 512 
3709 511 509 995 
3710 1049 810 2454 
3711 1237 1358 1593 
3712 1662 2271 2453 
3713 861 860 862 
3714 1158 380 2223 
3715 381 379 2234 
3716 380 381 382 
3717 928 942 943 
3718 1149 1264 1265 
3719 884 991 2212 
3720 885 884 886 
3721 883 885 998 
3722 523 983 1969 
3723 2178 2179 2180 
3724 329 326 330 
3725 1550 1548 2455 
3726 978 979 1152 
3727 979 933 2230 
3728 309 311 2382 
3729 305 307 2359 
3730 2225 1571 2463 
3731 897 330 2192 
3732 2310 1662 2453 
3733 2175 1156 2205 
3734 758 759 761 
3735 1323 1049 2454 
3736 1413 1284 2017 
3737 703 704 705 
3738 569 605 2483 
3739 1481 1480 1482 
3740 2221 1550 2455 
3741 828 372 2466 
3742 1011 1012 1013 
3743 1452 1361 1575 
3744 328 326 329 
3745 613 621 622 
3746 2282 2458 2465 
3747 1169 1167 2458 
3748 2178 2181 2457 
3749 1694 1388 1695 
3750 1396 1271 1397 
3751 510 509 511 
3752 317 930 2177 
3753 378 380 1158 
3754 380 379 381 
3755 324 322 1497 
3756 1724 1743 1744 
3757 881 883 2224 
3758 565 567 2459 
3759 884 882 991 
3760 883 884 885 
3761 1029 1028 1030 
3762 2178 930 2179 
3763 2122 454 2471 
3764 1337 1338 1339 
3765 1016 2202 2473 
3766 316 314 2330 
3767 841 843 1454 
3768 445 447 2203 
3769 2197 1454 2198 
3770 282 577 2456 
3771 978 933 979 
3772 1217 1620 1989 
3773 284 282 2456 
3774 476 475 477 
3775 1571 1570 2463 
3776 2177 930 2178 
3777 1592 1391 2200 
3778 1364 1592 1806 
3779 2191 2177 2457 
3780 2177 2178 2457 
3781 701 702 703 
3782 1507 1222 2514 
3783 1167 2386 2458 
3784 1092 2203 2462 
3785 323 322 324 
3786 325 324 326 
3787 482 483 484 
3788 883 998 2224 
3789 1333 1334 1335 
3790 757 1156 2175 
3791 756 758 2196 
3792 758 757 759 
3793 1283 1284 1413 
3794 1284 921 1455 
3795 2386 2346 2465 
3796 597 586 2169 
3797 881 2224 2531 
3798 1305 1480 1481 
3799 608 565 2459 
3800 707 708 709 
3801 1111 1235 1291 
3802 904 309 2382 
3803 307 904 2359 
3804 349 351 1202 
3805 406 402 407 
3806 2319 2321 2322 
3807 2188 2282 2483 
3808 738 737 739 
3809 965 967 1280 
3810 1272 2068 2486 
3811 1818 1632 1819 
3812 452 449 2520 
3813 313 315 2191 
3814 314 340 2330 
3815 1291 1357 1622 
3816 310 308 2323 
3817 1418 1582 1583 
3818 2052 836 2565 
3819 916 354 2554 
3820 311 352 2382 
3821 2173 692 2460 
3822 1013 1014 1015 
3823 2164 2101 2621 
3824 608 2459 2465 
3825 2459 2282 2465 
3826 1570 2311 2463 
3827 1188 1361 1452 
3828 1461 850 2478 
3829 870 869 874 
3830 508 504 2474 
3831 2326 2328 2329 
3832 307 309 904 
3833 321 327 2206 
3834 450 2122 2123 
3835 447 450 2203 
3836 2207 1507 2514 
3837 507 509 510 
3838 1452 1802 2464 
3839 1249 1178 2472 
3840 410 407 411 
3841 1454 2496 2533 
3842 711 716 717 
3843 1462 1155 1463 
3844 2346 608 2465 
3845 652 681 682 
3846 378 379 380 
3847 379 377 1456 
3848 875 874 879 
3849 1188 1452 2472 
3850 567 569 2483 
3851 1477 1296 1688 
3852 892 877 898 
3853 920 988 1492 
3854 2464 1249 2472 
3855 880 879 1043 
3856 1656 2518 2553 
3857 883 882 884 
3858 846 844 2478 
3859 1994 1471 1995 
3860 2123 2124 2125 
3861 1631 1263 1632 
3862 2086 2088 2090 
3863 1519 1516 2540 
3864 1535 1241 1536 
3865 1045 1030 1046 
3866 356 358 359 
3867 876 871 877 
3868 330 326 2192 
3869 719 720 721 
3870 995 509 2467 
3871 743 745 746 
3872 456 459 1091 
3873 414 411 415 
3874 822 978 2487 
3875 1015 1016 1017 
3876 308 905 2323 
3877 1239 1539 1572 
3878 2518 2211 2553 
3879 1311 1287 1320 
3880 633 631 634 
3881 723 724 725 
3882 605 2102 2188 
3883 2102 2101 2164 
3884 1017 1018 1019 
3885 2282 2459 2483 
3886 1702 1463 1703 
3887 1138 1136 1627 
3888 822 933 978 
3889 845 847 848 
3890 505 507 575 
3891 573 570 2037 
3892 1364 1391 1592 
3893 556 536 557 
3894 450 2123 2203 
3895 311 313 352 
3896 1226 1187 1227 
3897 625 615 647 
3898 1679 2230 2577 
3899 974 1109 1129 
3900 2073 2650 2654 
3901 1019 1020 1021 
3902 1245 1199 1275 
3903 1083 1081 2138 
3904 1244 1147 1273 
3905 352 313 2191 
3906 842 328 2187 
3907 1454 843 2496 
3908 461 463 473 
3909 1178 1180 2472 
3910 2090 2091 2093 
3911 1265 1599 1600 
3912 756 757 758 
3913 757 754 1156 
3914 418 415 419 
3915 1283 921 1284 
3916 504 502 2474 
3917 1133 1135 1931 
3918 531 419 532 
3919 392 391 2172 
3920 1619 1648 1649 
3921 1947 1948 1949 
3922 1452 2464 2472 
3923 393 1369 2516 
3924 1420 835 2148 
3925 991 882 2482 
3926 391 538 1210 
3927 707 710 2479 
3928 315 2177 2191 
3929 727 728 729 
3930 1523 1525 1825 
3931 820 923 924 
3932 1305 1304 1480 
3933 2205 2027 2540 
3934 856 857 858 
3935 2514 1679 2552 
3936 2094 2096 2097 
3937 1188 1185 1189 
3938 481 480 482 
3939 600 579 896 
3940 710 2185 2681 
3941 858 859 860 
3942 1258 2545 2546 
3943 823 822 2487 
3944 1633 1534 1634 
3945 873 2211 2518 
3946 1297 1478 1479 
3947 1021 1022 1023 
3948 1025 1026 1027 
3949 1280 967 2597 
3950 1023 1024 1025 
3951 1657 1656 2580 
3952 586 692 2169 
3953 1027 1028 1029 
3954 2603 1419 2628 
3955 1205 1207 1267 
3956 1395 1270 2195 
3957 1639 1638 1640 
3958 920 1492 2490 
3959 893 895 2486 
3960 1267 1268 1522 
3961 881 882 883 
3962 497 499 527 
3963 731 732 733 
3964 527 1197 1288 
3965 468 470 1090 
3966 1200 1297 2470 
3967 449 448 2520 
3968 1247 1724 2184 
3969 1029 1030 1045 
3970 1210 1390 1494 
3971 2459 567 2483 
3972 1046 1287 1311 
3973 1456 377 2505 
3974 992 2487 2623 
3975 2210 2198 2533 
3976 1819 1632 2475 
3977 637 635 638 
3978 1695 1816 1817 
3979 987 1195 1196 
3980 2200 1391 2613 
3981 1113 1085 1211 
3982 1418 1293 1582 
3983 629 628 630 
3984 1838 1837 1839 
3985 960 1052 2529 
3986 1271 894 2518 
3987 535 534 536 
3988 351 356 2461 
3989 627 610 628 
3990 2617 645 2657 
3991 655 650 685 
3992 848 869 870 
3993 1651 1652 1653 
3994 347 349 2227 
3995 641 639 2190 
3996 477 480 481 
3997 1297 1479 2470 
3998 1184 1281 2594 
3999 1262 1370 1460 
4000 978 2236 2487 
4001 472 475 476 
4002 2474 932 2560 
4003 652 643 681 
4004 1641 1640 1642 
4005 1112 1247 2184 
4006 548 583 2405 
4007 1188 1189 1361 
4008 624 2074 2501 
4009 1120 985 1124 
4010 581 557 582 
4011 1683 1684 2480 
4012 943 942 985 
4013 733 734 735 
4014 500 501 502 
4015 1833 1832 1834 
4016 1180 1188 2472 
4017 711 709 716 
4018 354 347 2227 
4019 1272 1704 2068 
4020 707 705 708 
4021 588 582 589 
4022 862 863 864 
4023 2569 1690 2599 
4024 852 850 1461 
4025 1387 1694 2596 
4026 867 865 878 
4027 1585 1583 1812 
4028 756 2196 2484 
4029 953 837 2503 
4030 507 506 509 
4031 862 860 863 
4032 1645 1644 1646 
4033 485 484 486 
4034 639 638 646 
4035 1419 842 2187 
4036 1117 950 2506 
4037 719 717 720 
4038 1479 1478 1967 
4039 881 880 882 
4040 387 385 922 
4041 1222 1679 2514 
4042 735 736 737 
4043 1311 1514 1527 
4044 2227 1202 2228 
4045 648 647 899 
4046 870 874 875 
4047 1481 1485 2552 
4048 858 857 859 
4049 1464 2564 2576 
4050 875 880 881 
4051 510 2796 2798 
4052 1513 452 2520 
4053 1311 1320 1514 
4054 349 1202 2227 
4055 1399 1211 1495 
4056 1478 1477 2073 
4057 1369 1833 2516 
4058 1004 809 1005 
4059 1098 1099 1100 
4060 378 377 379 
4061 1323 2454 2540 
4062 1102 1103 1104 
4063 2496 1198 2533 
4064 391 389 538 
4065 856 854 857 
4066 1397 1656 1657 
4067 875 879 880 
4068 1453 1087 2529 
4069 848 870 1198 
4070 1337 1335 1338 
4071 363 364 365 
4072 701 699 702 
4073 1589 1587 1811 
4074 492 493 494 
4075 376 829 994 
4076 639 646 2190 
4077 488 489 490 
4078 723 721 724 
4079 359 362 363 
4080 859 857 1093 
4081 1619 1416 1648 
4082 1045 1046 2491 
4083 2214 991 2482 
4084 1370 1312 1705 
4085 703 702 704 
4086 686 685 826 
4087 600 896 2573 
4088 1385 1847 2532 
4089 1818 1819 1820 
4090 390 393 2516 
4091 808 696 809 
4092 1346 1339 1392 
4093 1297 1296 1477 
4094 1333 1116 1334 
4095 684 682 712 
4096 1262 1045 1312 
4097 820 691 923 
4098 843 845 2496 
4099 1297 1477 1478 
4100 2027 1519 2540 
4101 1129 1130 1389 
4102 1715 1401 1940 
4103 496 494 2222 
4104 548 550 583 
4105 1631 1632 1818 
4106 1081 1219 2138 
4107 741 2600 2611 
4108 821 2145 2534 
4109 2336 2809 2813 
4110 1202 351 2461 
4111 727 725 728 
4112 2613 1391 2623 
4113 1342 1243 1394 
4114 1738 1348 1941 
4115 1656 2553 2580 
4116 454 456 2471 
4117 1196 1468 1469 
4118 864 865 866 
4119 898 921 1283 
4120 1228 1227 1385 
4121 605 2101 2102 
4122 866 867 871 
4123 1083 2138 2582 
4124 1817 1816 1874 
4125 456 1091 2471 
4126 1942 1944 2593 
4127 1651 1649 1652 
4128 1485 2207 2514 
4129 959 961 2468 
4130 2108 2235 2616 
4131 860 859 2510 
4132 1695 1388 1816 
4133 1872 1395 2195 
4134 1947 1945 1948 
4135 1460 1370 1827 
4136 1029 1045 1262 
4137 1405 959 2468 
4138 966 963 2539 
4139 689 620 1304 
4140 1200 1093 1296 
4141 569 571 605 
4142 1210 538 1390 
4143 894 873 2518 
4144 1200 1296 1297 
4145 1412 1534 1633 
4146 2230 933 2587 
4147 1096 821 2534 
4148 2093 2094 2535 
4149 1025 1027 1214 
4150 1632 1263 2495 
4151 1656 1271 2518 
4152 485 487 920 
4153 597 2169 2551 
4154 395 392 2172 
4155 1414 2160 2547 
4156 1046 1311 2491 
4157 1494 1390 1693 
4158 365 366 367 
4159 459 461 2477 
4160 731 729 732 
4161 1125 1376 1459 
4162 77 78 2493 
4163 1013 1015 1259 
4164 1369 1832 1833 
4165 859 1093 1200 
4166 1125 1459 2537 
4167 752 750 769 
4168 1636 1638 1639 
4169 1262 1312 1370 
4170 1847 1609 1879 
4171 1288 1197 1400 
4172 400 397 537 
4173 1128 931 1467 
4174 1091 459 2477 
4175 1612 1929 1930 
4176 926 924 977 
4177 1120 1124 2485 
4178 2228 2358 2554 
4179 1455 921 2523 
4180 171 172 2498 
4181 941 927 1465 
4182 485 486 487 
4183 1019 1021 1218 
4184 482 484 485 
4185 1391 1215 2623 
4186 864 863 865 
4187 631 630 2201 
4188 448 1048 2520 
4189 1608 1848 1932 
4190 1312 1045 2491 
4191 695 694 696 
4192 356 359 2461 
4193 76 77 2494 
4194 1279 1393 1661 
4195 630 1597 2201 
4196 988 1128 1279 
4197 527 499 1197 
4198 2577 2230 2587 
4199 1239 1231 1539 
4200 1604 1611 1612 
4201 898 877 921 
4202 176 177 203 
4203 78 79 204 
4204 1397 1271 1656 
4205 866 865 867 
4206 2138 1219 2139 
4207 461 473 2477 
4208 845 848 2496 
4209 1390 538 1502 
4210 367 368 369 
4211 75 76 240 
4212 173 174 239 
4213 962 960 2529 
4214 1992 1624 2524 
4215 1088 1231 1239 
4216 1009 1011 1260 
4217 2187 333 2628 
4218 871 867 872 
4219 1311 1527 2491 
4220 72 73 208 
4221 170 171 207 
4222 369 372 374 
4223 1661 1393 1851 
4224 1098 952 1099 
4225 494 523 2222 
4226 971 1237 2563 
4227 1293 1120 2485 
4228 705 704 2499 
4229 2604 2182 2622 
4230 1880 279 2584 
4231 1383 1203 1686 
4232 1703 1463 2002 
4233 1400 1197 1680 
4234 1262 1460 2517 
4235 822 679 933 
4236 863 860 2510 
4237 1668 2229 2601 
4238 1642 1644 1645 
4239 180 181 2504 
4240 2553 1157 2580 
4241 1526 1522 1824 
4242 1949 1948 1965 
4243 500 502 503 
4244 1459 1580 1803 
4245 71 72 2508 
4246 169 170 2497 
4247 1279 1128 1393 
4248 495 2142 2548 
4249 1400 1680 1681 
4250 920 931 988 
4251 733 732 734 
4252 503 504 505 
4253 1772 1536 1773 
4254 973 966 2612 
4255 1005 1007 1261 
4256 1102 1100 1103 
4257 1200 2470 2510 
4258 848 1198 2496 
4259 503 502 504 
4260 179 180 241 
4261 81 82 242 
4262 618 592 694 
4263 505 506 507 
4264 2165 1410 2559 
4265 487 486 488 
4266 1078 1075 2481 
4267 1364 1215 1391 
4268 928 941 942 
4269 70 71 263 
4270 168 169 264 
4271 1646 1721 1890 
4272 638 635 2538 
4273 900 336 2581 
4274 1639 1640 1641 
4275 993 1215 1216 
4276 646 927 928 
4277 411 407 420 
4278 573 2037 2488 
4279 1472 1996 1997 
4280 481 482 2490 
4281 1582 1293 2485 
4282 689 1304 1305 
4283 838 1111 2565 
4284 1149 1265 2560 
4285 1731 1856 1857 
4286 985 942 999 
4287 988 931 1128 
4288 859 1200 2510 
4289 735 734 736 
4290 744 742 827 
4291 1688 1296 2574 
4292 630 1384 1597 
4293 643 641 2492 
4294 739 740 741 
4295 1155 830 2525 
4296 854 852 2509 
4297 279 281 2584 
4298 1177 1409 2469 
4299 1587 1585 2502 
4300 470 472 2500 
4301 182 183 211 
4302 84 85 212 
4303 634 631 2201 
4304 1991 1519 2027 
4305 2373 1968 2581 
4306 338 2373 2581 
4307 635 634 2538 
4308 2568 768 2611 
4309 1119 1106 1258 
4310 594 593 595 
4311 1125 1103 1263 
4312 1231 1087 1453 
4313 734 732 984 
4314 1179 1177 2469 
4315 2548 1664 2608 
4316 2094 2097 2535 
4317 2198 1454 2533 
4318 457 452 1513 
4319 389 387 2507 
4320 1090 470 2500 
4321 532 533 534 
4322 920 487 931 
4323 497 498 499 
4324 1204 827 1205 
4325 67 68 215 
4326 708 705 2499 
4327 1376 1263 1631 
4328 165 166 216 
4329 2530 503 2571 
4330 87 88 2521 
4331 875 881 2531 
4332 491 490 492 
4333 852 1461 2509 
4334 183 184 2513 
4335 495 494 496 
4336 641 2190 2492 
4337 1416 1414 2547 
4338 85 86 2522 
4339 646 638 927 
4340 1104 1103 1125 
4341 1199 1140 2572 
4342 808 809 1004 
4343 532 419 533 
4344 681 643 2492 
4345 1312 2491 2558 
4346 756 754 757 
4347 2491 1527 2558 
4348 492 494 495 
4349 495 496 497 
4350 746 745 747 
4351 2836 1673 2838 
4352 2834 2306 2835 
4353 704 1203 1382 
4354 1180 1185 1188 
4355 488 490 491 
4356 1516 1323 2540 
4357 857 854 2509 
4358 482 485 2490 
4359 1093 857 2509 
4360 1027 1029 2517 
4361 472 476 2500 
4362 1144 768 2568 
4363 1498 2582 2620 
4364 2227 2228 2554 
4365 739 737 740 
4366 1273 1294 1598 
4367 877 871 2523 
4368 706 2479 2701 
4369 2509 1461 2574 
4370 611 2720 2739 
4371 695 696 808 
4372 66 67 2527 
4373 164 165 2515 
4374 1267 1522 1526 
4375 374 376 2505 
4376 703 706 2557 
4377 86 87 266 
4378 184 185 265 
4379 1585 1812 2502 
4380 505 575 2571 
4381 630 628 1384 
4382 1639 1641 2150 
4383 1382 1383 1842 
4384 1305 1481 2552 
4385 704 1382 2499 
4386 505 504 506 
4387 1100 1099 2495 
4388 1965 1948 1966 
4389 387 922 2507 
4390 691 684 2512 
4391 541 417 2598 
4392 413 1159 2598 
4393 354 2227 2554 
4394 499 498 500 
4395 1198 870 2531 
4396 601 595 602 
4397 704 702 1203 
4398 928 927 941 
4399 538 389 2507 
4400 485 920 2490 
4401 1093 2509 2574 
4402 497 496 498 
4403 2181 2630 2633 
4404 65 66 269 
4405 1348 1346 2511 
4406 163 164 270 
4407 648 899 2564 
4408 871 872 2523 
4409 2181 2183 2630 
4410 1136 589 2189 
4411 1811 1587 2502 
4412 1797 1578 1799 
4413 1598 1678 1841 
4414 1601 1600 1602 
4415 397 395 2519 
4416 1125 1263 1376 
4417 491 492 2548 
4418 1459 1376 1580 
4419 1334 2063 2632 
4420 2457 2181 2633 
4421 1410 1412 2559 
4422 1463 1155 2525 
4423 536 534 558 
4424 1029 1262 2517 
4425 826 1464 1850 
4426 484 929 2536 
4427 932 1149 2560 
4428 840 971 2563 
4429 64 65 2526 
4430 162 163 2528 
4431 1305 2552 2577 
4432 610 597 2551 
4433 1087 962 2529 
4434 1214 1027 2517 
4435 1678 1294 1685 
4436 825 823 992 
4437 375 377 378 
4438 486 484 2536 
4439 870 875 2531 
4440 363 365 653 
4441 923 691 2512 
4442 1138 1627 2572 
4443 684 712 2512 
4444 2600 1685 2611 
4445 89 90 220 
4446 187 188 219 
4447 899 1466 1873 
4448 523 1969 2222 
4449 927 638 2538 
4450 1265 1600 1601 
4451 1680 2530 2571 
4452 998 885 2605 
4453 2196 2278 2484 
4454 63 64 223 
4455 161 162 224 
4456 1648 1416 2547 
4457 836 838 2565 
4458 1803 1580 1814 
4459 2183 2180 2604 
4460 2607 1686 2614 
4461 1382 1203 1383 
4462 699 688 2556 
4463 1624 1096 2534 
4464 618 694 695 
4465 1103 1100 2495 
4466 921 877 2523 
4467 1808 2200 2613 
4468 1842 1383 1844 
4469 2167 2652 2672 
4470 695 808 939 
4471 1502 538 2507 
4472 375 374 377 
4473 1237 1594 2563 
4474 2211 2135 2553 
4475 1275 1658 1659 
4476 2584 1379 2585 
4477 826 685 1464 
4478 685 650 2564 
4479 579 573 2488 
4480 589 590 591 
4481 1237 1593 1594 
4482 537 397 2519 
4483 1228 1385 2532 
4484 829 987 2566 
4485 500 503 2530 
4486 589 591 2189 
4487 741 740 742 
4488 1273 1147 1294 
4489 1346 1392 2511 
4490 878 865 2575 
4491 589 582 590 
4492 612 602 613 
4493 987 1196 2566 
4494 1941 1348 2511 
4495 90 91 2543 
4496 188 189 2544 
4497 964 962 1087 
4498 1705 1312 2558 
4499 492 495 2548 
4500 1459 1803 2545 
4501 1197 499 2530 
4502 1265 1601 2560 
4503 2023 2022 2645 
4504 1338 2062 2677 
4505 650 648 2564 
4506 77 2493 2494 
4507 2478 1419 2603 
4508 1140 1138 2572 
4509 369 374 375 
4510 1106 1104 2537 
4511 395 2172 2519 
4512 78 204 2493 
4513 1603 1602 1604 
4514 1422 1808 2613 
4515 377 374 2505 
4516 2002 1463 2525 
4517 622 621 679 
4518 743 746 2600 
4519 2073 900 2656 
4520 2484 2278 2619 
4521 1495 1498 1701 
4522 1680 1197 2530 
4523 207 171 2498 
4524 2116 2117 2672 
4525 1412 1633 2559 
4526 91 92 267 
4527 189 190 268 
4528 240 76 2494 
4529 1944 1952 2593 
4530 1196 1469 1470 
4531 1111 1291 1486 
4532 1465 927 2538 
4533 1304 620 2599 
4534 1648 2154 2615 
4535 1263 1103 2495 
4536 1204 1205 1206 
4537 1111 1486 2565 
4538 628 610 2551 
4539 899 647 1466 
4540 994 829 2566 
4541 1470 1469 1471 
4542 2139 2140 2141 
4543 741 742 743 
4544 499 500 2530 
4545 702 699 2556 
4546 1104 1125 2537 
4547 863 2510 2575 
4548 1204 1206 1687 
4549 376 994 2505 
4550 61 62 271 
4551 159 160 272 
4552 1601 1602 1603 
4553 1088 1087 1231 
4554 1219 1078 2481 
4555 72 208 2508 
4556 170 207 2497 
4557 591 590 592 
4558 1688 2603 2628 
4559 92 93 2541 
4560 190 191 2542 
4561 2133 465 2733 
4562 2524 1624 2534 
4563 615 600 2573 
4564 1686 1203 2556 
4565 1627 1136 2189 
4566 2637 1509 2638 
4567 2531 2224 2589 
4568 744 827 1204 
4569 1721 1731 2586 
4570 409 2757 2799 
4571 593 592 618 
4572 2182 2210 2622 
4573 241 180 2504 
4574 2359 2637 2638 
4575 1467 931 2555 
4576 1598 1294 1678 
4577 896 579 2488 
4578 1876 948 2791 
4579 995 2467 2618 
4580 998 2604 2622 
4581 1495 1211 1498 
4582 263 71 2508 
4583 264 169 2497 
4584 2210 2533 2589 
4585 591 592 593 
4586 2210 2589 2622 
4587 1275 1199 1658 
4588 93 94 228 
4589 191 192 227 
4590 1658 1199 2572 
4591 1472 1471 1994 
4592 1603 1604 1605 
4593 158 159 2550 
4594 2643 2150 2664 
4595 336 338 2581 
4596 2241 2240 2583 
4597 487 488 2555 
4598 1385 1475 1609 
4599 1687 1206 2561 
4600 1612 1930 1939 
4601 1258 1106 2537 
4602 503 505 2571 
4603 1474 1389 1608 
4604 281 1379 2584 
4605 2229 2461 2578 
4606 931 487 2555 
4607 680 679 822 
4608 488 491 2555 
4609 689 1305 2577 
4610 747 748 749 
4611 747 745 748 
4612 1296 1093 2574 
4613 2510 2470 2575 
4614 1890 1721 2586 
4615 865 863 2575 
4616 993 992 1215 
4617 2141 2140 2159 
4618 2136 2137 2667 
4619 1464 685 2564 
4620 992 823 2487 
4621 1470 1471 1472 
4622 1085 1083 2582 
4623 1472 1994 1996 
4624 889 997 2631 
4625 59 60 229 
4626 743 742 744 
4627 157 158 230 
4628 689 2577 2587 
4629 2022 1420 2645 
4630 1731 1857 2586 
4631 753 752 754 
4632 933 679 2587 
4633 2199 1502 2775 
4634 2191 2457 2635 
4635 2650 333 2654 
4636 1649 1648 2615 
4637 743 744 745 
4638 1578 1119 2591 
4639 1205 1267 2590 
4640 749 748 750 
4641 686 826 2614 
4642 211 183 2513 
4643 212 85 2522 
4644 1384 628 2551 
4645 1685 2568 2611 
4646 753 754 756 
4647 1147 1144 2568 
4648 1484 1482 2690 
4649 751 750 752 
4650 1678 1685 2648 
4651 1203 702 2556 
4652 508 2474 2624 
4653 1513 2840 2843 
4654 1664 1387 2596 
4655 1196 1470 2566 
4656 749 750 751 
4657 621 620 689 
4658 751 752 753 
4659 2589 2224 2622 
4660 67 215 2527 
4661 165 216 2515 
4662 899 1873 2576 
4663 1385 1227 1475 
4664 266 87 2521 
4665 1129 1389 1474 
4666 184 265 2513 
4667 86 266 2522 
4668 2475 1099 2606 
4669 1206 1205 2590 
4670 868 1851 2782 
4671 1119 1258 2591 
4672 1267 1526 2590 
4673 2072 2644 2668 
4674 521 2020 2649 
4675 1609 1475 1889 
4676 564 562 2644 
4677 926 977 2606 
4678 1584 2136 2667 
4679 2533 1198 2589 
4680 2586 1857 2709 
4681 1198 2531 2589 
4682 417 413 2598 
4683 2555 491 2608 
4684 613 620 621 
4685 269 66 2527 
4686 270 164 2515 
4687 58 59 2562 
4688 647 615 2573 
4689 967 974 2597 
4690 1536 1241 2612 
4691 878 2575 2610 
4692 1467 2555 2608 
4693 613 602 620 
4694 1099 952 2606 
4695 2234 1456 2659 
4696 1604 1612 2579 
4697 1474 1608 1883 
4698 2235 740 2616 
4699 359 363 2578 
4700 2139 1219 2140 
4701 2461 359 2578 
4702 2596 1694 2669 
4703 1799 1578 2591 
4704 700 970 2709 
4705 2467 508 2665 
4706 1335 1334 2632 
4707 439 521 2651 
4708 2651 1697 2695 
4709 65 269 2526 
4710 163 270 2528 
4711 1685 1294 2568 
4712 1187 1184 2594 
4713 363 653 2578 
4714 808 1004 2567 
4715 1351 1775 1776 
4716 2140 1219 2481 
4717 1216 1215 1364 
4718 2556 688 2614 
4719 331 334 2654 
4720 719 722 2664 
4721 2604 998 2605 
4722 1945 1943 2626 
4723 2183 2604 2605 
4724 96 97 243 
4725 194 195 244 
4726 740 737 2616 
4727 1258 2546 2591 
4728 739 741 2611 
4729 223 64 2526 
4730 224 162 2528 
4731 2186 1634 2643 
4732 939 808 2567 
4733 2180 2182 2604 
4734 1605 1604 2579 
4735 885 887 2605 
4736 621 689 2587 
4737 1361 1189 2592 
4738 1294 1147 2568 
4739 220 90 2543 
4740 219 188 2544 
4741 2457 2633 2635 
4742 1211 1085 2582 
4743 1685 2600 2648 
4744 2575 2470 2610 
4745 593 618 2569 
4746 952 926 2606 
4747 1490 2352 2658 
4748 521 2649 2651 
4749 1417 1418 2667 
4750 1241 973 2612 
4751 2637 904 2639 
4752 1681 1680 2595 
4753 1634 1636 2643 
4754 679 621 2587 
4755 904 2382 2639 
4756 2571 575 2595 
4757 1476 1473 2636 
4758 595 593 2569 
4759 1509 1512 2638 
4760 2381 370 2609 
4761 1778 1352 1779 
4762 2359 904 2637 
4763 1943 2009 2626 
4764 1686 2556 2614 
4765 2635 1476 2636 
4766 1455 2035 2684 
4767 2598 1159 2662 
4768 768 739 2611 
4769 1466 647 2573 
4770 1526 2112 2841 
4771 1461 2478 2603 
4772 91 267 2543 
4773 189 268 2544 
4774 2236 1422 2613 
4775 1472 1997 2629 
4776 1884 922 2786 
4777 769 750 2642 
4778 1612 1939 2579 
4779 748 745 2588 
4780 688 686 2614 
4781 1490 2658 2699 
4782 744 1204 2588 
4783 1694 1695 2682 
4784 1688 2574 2603 
4785 1204 1687 2588 
4786 1966 1948 2626 
4787 745 744 2588 
4788 2073 1477 2650 
4789 2290 1424 2668 
4790 1478 2073 2656 
4791 2278 2279 2619 
4792 2273 2164 2621 
4793 1773 1536 1934 
4794 267 92 2541 
4795 268 190 2542 
4796 2470 1479 2610 
4797 491 2548 2608 
4798 2236 2613 2623 
4799 748 2588 2642 
4800 737 736 2616 
4801 1680 2571 2595 
4802 2183 2605 2631 
4803 2605 887 2631 
4804 826 1850 2607 
4805 1227 1187 2594 
4806 2625 2072 2668 
4807 741 743 2600 
4808 974 1129 2597 
4809 2248 995 2618 
4810 653 365 2634 
4811 2186 2643 2664 
4812 1652 1649 2615 
4813 1498 1211 2582 
4814 2492 1655 2641 
4815 1661 1851 2751 
4816 159 272 2550 
4817 93 228 2541 
4818 191 227 2542 
4819 2168 590 2647 
4820 2224 998 2622 
4821 2609 370 2638 
4822 1512 2609 2638 
4823 970 2586 2709 
4824 1996 1998 2662 
4825 1639 2150 2643 
4826 57 58 2570 
4827 2474 2560 2624 
4828 2574 1461 2603 
4829 2588 1687 2642 
4830 1934 1536 2612 
4831 2080 457 2847 
4832 994 2566 2629 
4833 620 602 2599 
4834 2487 2236 2623 
4835 602 595 2599 
4836 230 158 2550 
4837 2809 1510 2813 
4838 1291 1622 2660 
4839 536 558 2652 
4840 997 2289 2630 
4841 1627 2066 2617 
4842 2630 2289 2633 
4843 887 889 2631 
4844 590 582 2647 
4845 2289 1476 2633 
4846 2560 1601 2624 
4847 2138 2139 2620 
4848 352 2191 2635 
4849 2382 352 2636 
4850 1128 1467 2669 
4851 1948 1945 2626 
4852 2426 1509 2637 
4853 352 2635 2636 
4854 2170 736 2673 
4855 2426 2637 2639 
4856 370 2359 2638 
4857 2566 1470 2629 
4858 1473 2426 2639 
4859 1419 2187 2628 
4860 1998 2598 2662 
4861 681 2492 2641 
4862 369 375 2655 
4863 1338 1335 2632 
4864 508 2624 2665 
4865 595 2569 2599 
4866 1129 1474 2597 
4867 1475 1227 2594 
4868 1609 1889 2653 
4869 1883 1608 2646 
4870 1339 1338 2677 
4871 59 229 2562 
4872 878 2106 2683 
4873 1477 1688 2650 
4874 1601 1603 2624 
4875 2628 333 2650 
4876 365 367 2634 
4877 2572 1627 2617 
4878 1855 1394 2713 
4879 1189 1351 2592 
4880 2648 760 2666 
4881 1280 2597 2661 
4882 562 2290 2644 
4883 1776 1777 1791 
4884 2676 939 2679 
4885 2801 518 2853 
4886 736 734 2673 
4887 1456 2505 2671 
4888 1470 1472 2629 
4889 2633 1476 2635 
4890 56 57 251 
4891 154 155 252 
4892 1658 2572 2617 
4893 1216 1364 2602 
4894 1636 1639 2643 
4895 1780 1779 1804 
4896 2594 1281 2663 
4897 1467 2596 2669 
4898 1420 2148 2645 
4899 99 100 249 
4900 197 198 250 
4901 872 2433 2692 
4902 1608 1932 2646 
4903 582 557 2647 
4904 1284 1455 2684 
4905 437 439 2651 
4906 2185 1641 2681 
4907 1482 1480 2679 
4908 1352 1216 2602 
4909 2248 2625 2668 
4910 333 331 2654 
4911 923 2120 2691 
4912 2669 1694 2682 
4913 2382 2636 2639 
4914 2636 1473 2639 
4915 2192 1497 2694 
4916 750 748 2642 
4917 2753 2153 2773 
4918 557 536 2652 
4919 695 939 2676 
4920 558 534 2678 
4921 2376 1489 2698 
4922 1879 1609 2653 
4923 1641 1642 2681 
4924 2600 746 2648 
4925 2248 2618 2625 
4926 611 2052 2720 
4927 902 2299 2699 
4928 867 878 2683 
4929 2629 1997 2671 
4930 367 369 2655 
4931 1967 1478 2656 
4932 2634 367 2655 
4933 2352 2353 2658 
4934 1159 2234 2659 
4935 2647 557 2652 
4936 2117 2167 2672 
4937 1351 1776 2592 
4938 435 437 2695 
4939 2569 618 2676 
4940 924 923 2691 
4941 1487 2376 2696 
4942 58 2562 2570 
4943 322 320 2697 
4944 634 2201 2680 
4945 1659 1658 2657 
4946 2658 902 2699 
4947 2551 2169 2674 
4948 999 942 2688 
4949 429 902 2702 
4950 1688 2628 2650 
4951 2624 1603 2665 
4952 425 427 2703 
4953 2351 1667 2706 
4954 2655 375 2707 
4955 1491 2351 2704 
4956 2325 2322 2723 
4957 994 2629 2671 
4958 2223 2237 2708 
4959 1779 1352 2602 
4960 2091 2088 2711 
4961 1418 1584 2667 
4962 2707 1158 2710 
4963 2708 1667 2710 
4964 1095 2836 2870 
4965 2597 1474 2661 
4966 1424 2248 2668 
4967 1486 1291 2660 
4968 378 1158 2707 
4969 2523 872 2692 
4970 1667 1666 2710 
4971 722 2186 2664 
4972 533 419 2693 
4973 2696 2376 2698 
4974 2704 2351 2706 
4975 2479 1645 2701 
4976 1474 1883 2661 
4977 1475 2594 2663 
4978 1645 1646 2701 
4979 373 2070 2747 
4980 1393 1128 2669 
4981 1889 1475 2663 
4982 769 2642 2670 
4983 1658 2617 2657 
4984 734 984 2673 
4985 2640 147 2712 
4986 411 420 2700 
4987 1690 2569 2676 
4988 1603 1605 2665 
4989 1687 2561 2670 
4990 1394 2532 2713 
4991 2505 994 2671 
4992 1841 1678 2666 
4993 1597 1384 2675 
4994 1159 2659 2662 
4995 2788 353 2811 
4996 1384 2551 2674 
4997 1465 2538 2680 
4998 1690 2676 2679 
4999 2642 1687 2670 
5000 618 695 2676 
5001 1392 1339 2677 
5002 2854 2257 2855 
5003 2573 896 2686 
5004 1701 2735 2756 
5005 1384 2674 2675 
5006 1819 2475 2716 
5007 534 533 2678 
5008 2716 2113 2726 
5009 2004 2655 2707 
5010 251 57 2570 
5011 2274 575 2798 
5012 1393 2669 2682 
5013 2658 2353 2702 
5014 1486 2006 2720 
5015 1482 2679 2690 
5016 1025 1214 2715 
5017 2318 2315 2727 
5018 420 407 2714 
5019 623 2161 2744 
5020 552 551 2735 
5021 902 2658 2702 
5022 2791 1094 2824 
5023 855 1654 2749 
5024 1218 1021 2717 
5025 1678 2648 2666 
5026 400 537 2718 
5027 1480 1690 2679 
5028 2345 1220 2792 
5029 1019 1218 2721 
5030 1464 2576 2705 
5031 1642 1645 2681 
5032 2538 634 2680 
5033 1851 1393 2682 
5034 285 919 2729 
5035 1379 283 2729 
5036 1259 1015 2724 
5037 2314 2365 2736 
5038 2017 1284 2684 
5039 2077 1274 2793 
5040 2759 1031 2761 
5041 476 477 2728 
5042 941 1465 2685 
5043 872 867 2683 
5044 1844 1383 2722 
5045 2517 1460 2719 
5046 149 150 2758 
5047 1702 1703 2687 
5048 1630 1845 2738 
5049 2370 1629 2738 
5050 942 941 2688 
5051 2149 897 2828 
5052 1873 1466 2689 
5053 465 468 2733 
5054 1704 1282 2740 
5055 2778 918 2842 
5056 2121 607 2823 
5057 1455 2523 2692 
5058 1013 1259 2730 
5059 1583 1582 2737 
5060 977 924 2691 
5061 1288 1400 2734 
5062 1260 1011 2730 
5063 2602 1806 2748 
5064 941 2685 2688 
5065 419 415 2693 
5066 831 2100 2815 
5067 289 606 2741 
5068 919 287 2741 
5069 2718 537 2766 
5070 1877 1386 2734 
5071 1695 1817 2782 
5072 607 2149 2826 
5073 1466 2573 2686 
5074 2694 1497 2819 
5075 1834 1836 2744 
5076 897 2192 2694 
5077 1857 2011 2709 
5078 576 435 2695 
5079 939 2567 2690 
5080 1697 1487 2696 
5081 1466 2686 2689 
5082 2490 1492 2731 
5083 2734 1400 2795 
5084 1497 322 2697 
5085 2308 1496 2745 
5086 2369 2370 2745 
5087 2299 576 2698 
5088 1489 1490 2699 
5089 2803 2609 2804 
5090 1802 231 2879 
5091 427 429 2702 
5092 2864 2266 2865 
5093 2070 1151 2852 
5094 2693 415 2700 
5095 2720 2006 2739 
5096 1693 2759 2761 
5097 1031 2152 2753 
5098 415 411 2700 
5099 2292 2803 2804 
5100 2361 2362 2746 
5101 619 425 2703 
5102 576 2696 2698 
5103 1009 1260 2742 
5104 1495 1701 2739 
5105 1261 1007 2742 
5106 2353 1491 2704 
5107 1646 1890 2701 
5108 2237 619 2706 
5109 2565 1486 2720 
5110 977 2113 2716 
5111 619 2704 2706 
5112 1703 2002 2747 
5113 1158 2223 2708 
5114 1158 2708 2710 
5115 2679 939 2690 
5116 1850 1464 2705 
5117 2004 2707 2710 
5118 1666 2004 2710 
5119 2823 607 2826 
5120 2826 2149 2828 
5121 2088 2092 2711 
5122 708 2014 2822 
5123 554 585 2756 
5124 375 378 2707 
5125 1005 1261 2752 
5126 1514 2818 2821 
5127 1692 1589 2754 
5128 2388 2387 2757 
5129 1493 1682 2757 
5130 1684 2753 2773 
5131 1661 2749 2797 
5132 1686 2607 2722 
5133 1833 1834 2744 
5134 2606 977 2716 
5135 1028 1026 2759 
5136 297 299 2760 
5137 2815 2100 2818 
5138 1503 2388 2762 
5139 1684 1494 2761 
5140 2532 1847 2713 
5141 2749 1661 2751 
5142 407 402 2714 
5143 717 716 2763 
5144 1023 1025 2715 
5145 1610 1505 2768 
5146 1693 1390 2764 
5147 721 720 2767 
5148 2695 1697 2696 
5149 576 2695 2696 
5150 1504 2395 2771 
5151 2207 2208 2770 
5152 2714 402 2718 
5153 1822 1846 2743 
5154 1023 2715 2717 
5155 371 286 2774 
5156 1021 1023 2717 
5157 284 2456 2774 
5158 725 724 2769 
5159 1492 988 2772 
5160 402 400 2718 
5161 2435 1628 2778 
5162 2238 2242 2779 
5163 2208 1511 2779 
5164 434 522 2832 
5165 909 290 2780 
5166 288 371 2780 
5167 1651 1653 2776 
5168 1214 2517 2719 
5169 729 728 2777 
5170 2242 2239 2781 
5171 1817 1874 2785 
5172 849 851 2784 
5173 1017 1019 2721 
5174 2113 1692 2726 
5175 2052 2565 2720 
5176 2097 2766 2773 
5177 2327 2325 2723 
5178 1317 1212 2783 
5179 1701 1498 2755 
5180 1383 1686 2722 
5181 2475 2606 2716 
5182 984 732 2777 
5183 1626 1625 2725 
5184 1015 1017 2724 
5185 2787 948 2789 
5186 1859 2787 2789 
5187 2703 2353 2704 
5188 619 2703 2704 
5189 1017 2721 2724 
5190 1039 946 2787 
5191 2320 2318 2727 
5192 357 353 2788 
5193 1878 1877 2734 
5194 922 385 2786 
5195 2097 2096 2766 
5196 1820 1819 2726 
5197 2796 524 2827 
5198 1465 2680 2793 
5199 1501 1499 2789 
5200 1502 2507 2775 
5201 1431 1707 2790 
5202 1628 1308 2790 
5203 2079 2081 2841 
5204 2096 2718 2766 
5205 888 1094 2791 
5206 948 890 2791 
5207 283 285 2729 
5208 477 481 2728 
5209 1011 1013 2730 
5210 2153 2097 2773 
5211 2244 2245 2794 
5212 1804 1779 2748 
5213 2002 373 2747 
5214 210 2389 2732 
5215 231 1802 2880 
5216 2405 583 2831 
5217 468 1090 2733 
5218 1386 1288 2734 
5219 481 2490 2731 
5220 2728 481 2731 
5221 551 554 2735 
5222 2316 2314 2736 
5223 245 149 2758 
5224 1629 1630 2738 
5225 2783 1504 2792 
5226 1696 2783 2792 
5227 2345 2771 2816 
5228 1812 1583 2737 
5229 237 1984 2857 
5230 2739 1701 2756 
5231 1838 2810 2814 
5232 2159 2305 2830 
5233 855 2749 2751 
5234 1282 1660 2740 
5235 2006 1495 2739 
5236 1878 2734 2795 
5237 510 512 2796 
5238 1704 2740 2772 
5239 287 289 2741 
5240 2680 2077 2793 
5241 2802 1825 2866 
5242 2161 1833 2744 
5243 1007 1009 2742 
5244 2109 623 2814 
5245 2068 1704 2797 
5246 575 507 2798 
5247 1654 2068 2749 
5248 1496 2369 2745 
5249 2366 2361 2746 
5250 293 295 2799 
5251 552 2735 2755 
5252 469 467 2802 
5253 1710 2252 2801 
5254 1682 2308 2750 
5255 2583 1004 2752 
5256 940 2381 2803 
5257 1004 1005 2752 
5258 2349 903 2835 
5259 1508 1510 2805 
5260 2139 2141 2800 
5261 1151 2105 2810 
5262 464 462 2808 
5263 2152 2153 2753 
5264 350 831 2811 
5265 1523 1825 2806 
5266 1885 2788 2811 
5267 2336 1035 2809 
5268 2349 2835 2837 
5269 1589 1811 2754 
5270 1824 1522 2806 
5271 1031 2753 2761 
5272 585 611 2756 
5273 1376 1631 2807 
5274 2387 1493 2757 
5275 1779 2602 2748 
5276 584 2349 2837 
5277 2740 1492 2772 
5278 2735 1701 2755 
5279 1407 2121 2821 
5280 2259 2264 2817 
5281 2753 1684 2761 
5282 583 2820 2830 
5283 1026 1031 2759 
5284 1498 2620 2755 
5285 1514 1320 2818 
5286 299 940 2760 
5287 1370 1705 2819 
5288 1876 2791 2824 
5289 1704 2772 2797 
5290 583 550 2820 
5291 709 708 2822 
5292 2292 1503 2762 
5293 2805 1510 2809 
5294 1494 1693 2761 
5295 1579 1983 2871 
5296 2766 2480 2773 
5297 720 717 2763 
5298 1829 1610 2765 
5299 1390 1502 2764 
5300 598 918 2829 
5301 1510 1528 2813 
5302 611 2739 2756 
5303 537 2480 2766 
5304 2771 2345 2792 
5305 2768 1507 2770 
5306 2339 2340 2842 
5307 2396 676 2816 
5308 1505 1507 2768 
5309 724 721 2767 
5310 2609 1512 2804 
5311 1851 2682 2782 
5312 1507 2207 2770 
5313 728 725 2769 
5314 2395 2396 2771 
5315 2845 2080 2846 
5316 286 284 2774 
5317 988 1279 2772 
5318 2304 2306 2834 
5319 1826 1651 2776 
5320 1705 2694 2819 
5321 2682 1695 2782 
5322 2340 2435 2778 
5323 2480 1684 2773 
5324 2507 922 2775 
5325 1511 2238 2779 
5326 732 729 2777 
5327 1220 1696 2792 
5328 2776 1653 2848 
5329 290 288 2780 
5330 2848 1653 2860 
5331 2239 2241 2781 
5332 2784 1817 2785 
5333 2294 1673 2836 
5334 2217 2796 2827 
5335 1212 1504 2783 
5336 851 868 2784 
5337 849 2784 2785 
5338 2862 2241 2863 
5339 385 383 2786 
5340 2778 1628 2829 
5341 1319 1700 2838 
5342 2750 293 2799 
5343 946 948 2787 
5344 2341 2339 2839 
5345 2241 2583 2863 
5346 2800 2141 2820 
5347 2786 383 2788 
5348 2111 832 2844 
5349 383 357 2788 
5350 2520 1048 2840 
5351 832 2845 2846 
5352 455 453 2845 
5353 1700 1322 2843 
5354 1499 1859 2789 
5355 1308 1431 2790 
5356 1517 2080 2847 
5357 1682 2750 2799 
5358 552 2755 2800 
5359 2865 2266 2867 
5360 890 888 2791 
5361 1504 2771 2792 
5362 2811 831 2815 
5363 2772 1279 2797 
5364 2762 940 2803 
5365 2266 2267 2867 
5366 2755 2620 2800 
5367 2312 1579 2871 
5368 2269 2244 2794 
5369 1864 1252 2878 
5370 2832 2264 2858 
5371 1672 1876 2824 
5372 623 2744 2814 
5373 1672 2824 2825 
5374 2818 2100 2821 
5375 2268 1672 2825 
5376 2078 2079 2846 
5377 2268 2825 2827 
5378 1707 1706 2849 
5379 1400 1681 2795 
5380 524 2268 2827 
5381 428 518 2854 
5382 2849 1706 2851 
5383 512 524 2796 
5384 432 430 2855 
5385 2821 2121 2823 
5386 1706 1708 2851 
5387 2685 1465 2793 
5388 2839 2339 2842 
5389 507 510 2798 
5390 2257 2254 2856 
5391 1279 1661 2797 
5392 2851 1708 2853 
5393 2292 2762 2803 
5394 2765 1610 2859 
5395 1708 1710 2853 
5396 1653 2476 2860 
5397 918 2778 2829 
5398 438 436 2858 
5399 2836 1531 2870 
5400 295 409 2799 
5401 280 278 2859 
5402 2252 2257 2801 
5403 2380 909 2862 
5404 478 469 2802 
5405 2476 478 2866 
5406 1310 2292 2804 
5407 2860 2476 2866 
5408 2673 984 2848 
5409 949 2379 2865 
5410 1512 1508 2805 
5411 2381 2609 2803 
5412 2620 2139 2800 
5413 1522 1523 2806 
5414 833 464 2808 
5415 2855 2257 2856 
5416 1035 1310 2809 
5417 1580 1376 2807 
5418 522 2817 2832 
5419 2105 2109 2810 
5420 2781 2241 2862 
5421 353 350 2811 
5422 2267 2291 2868 
5423 676 2336 2813 
5424 1580 2807 2812 
5425 1814 1580 2812 
5426 1699 1885 2815 
5427 1836 1838 2814 
5428 2744 1836 2814 
5429 1528 2345 2816 
5430 1699 2815 2818 
5431 2256 2259 2817 
5432 1310 2805 2809 
5433 550 552 2820 
5434 1320 1699 2818 
5435 2820 2141 2830 
5436 1827 1370 2819 
5437 2100 1407 2821 
5438 903 2405 2834 
5439 1094 2220 2824 
5440 716 709 2822 
5441 1527 1514 2823 
5442 436 434 2832 
5443 2824 2220 2825 
5444 2220 2216 2825 
5445 2590 1526 2841 
5446 1527 2823 2826 
5447 2825 2216 2827 
5448 2558 1527 2826 
5449 2216 2217 2827 
5450 2261 2263 2861 
5451 552 2800 2820 
5452 2558 2826 2828 
5453 2794 1707 2849 
5454 2269 2794 2849 
5455 1705 2558 2828 
5456 2861 2263 2864 
5457 2246 598 2829 
5458 2263 2266 2864 
5459 2243 226 2833 
5460 1591 2243 2833 
5461 2867 2267 2868 
5462 2141 2159 2830 
5463 984 2776 2848 
5464 278 2765 2859 
5465 2305 2304 2831 
5466 1530 2868 2869 
5467 1251 1170 2872 
5468 1172 1250 2872 
5469 1838 1839 2852 
5470 2817 2264 2832 
5471 1885 2811 2815 
5472 1529 1530 2869 
5473 2413 584 2839 
5474 909 2781 2862 
5475 1928 1591 2833 
5476 518 2801 2854 
5477 2297 1095 2870 
5478 2306 2307 2835 
5479 2835 2307 2837 
5480 1095 2294 2836 
5481 2307 2341 2837 
5482 1310 2804 2805 
5483 2804 1512 2805 
5484 2080 2078 2846 
5485 1673 1319 2838 
5486 1514 2821 2823 
5487 2256 2817 2856 
5488 2817 522 2856 
5489 1513 2520 2840 
5490 2801 2257 2854 
5491 2844 832 2846 
5492 918 2413 2842 
5493 1322 1515 2843 
5494 2112 2111 2844 
5495 1689 2673 2848 
5496 832 455 2845 
5497 1780 1804 2850 
5498 2081 2590 2841 
5499 676 2813 2816 
5500 2813 1528 2816 
5501 2843 1515 2847 
5502 1515 1517 2847 
5503 907 2269 2849 
5504 1984 1982 2857 
5505 2079 2844 2846 
5506 1689 2848 2860 
5507 907 2849 2851 
5508 237 1809 2876 
5509 2413 2839 2842 
5510 1374 1373 2874 
5511 2392 907 2851 
5512 1151 2810 2852 
5513 2392 2851 2853 
5514 518 2392 2853 
5515 2264 2261 2861 
5516 430 428 2854 
5517 522 432 2855 
5518 2405 2831 2834 
5519 2254 2256 2856 
5520 2810 1838 2852 
5521 1862 1796 2877 
5522 519 438 2858 
5523 1796 1794 2877 
5524 2446 1252 2877 
5525 577 280 2859 
5526 1525 1689 2860 
5527 522 2855 2856 
5528 519 2861 2864 
5529 2363 2380 2862 
5530 2363 2862 2863 
5531 2364 2363 2863 
5532 2379 519 2864 
5533 2831 2304 2834 
5534 1525 2860 2866 
5535 2384 949 2865 
5536 584 2837 2839 
5537 1825 1525 2866 
5538 2384 2865 2867 
5539 1530 2384 2867 
5540 2291 1051 2868 
5541 2868 1051 2869 
5542 1051 2297 2869 
5543 2837 2341 2839 
5544 1531 1529 2870 
5545 235 2312 2871 
5546 1252 1166 2878 
5547 1168 1251 2878 
5548 1530 2867 2868 
5549 231 1901 2879 
5550 1170 1172 2872 
5551 2858 2264 2861 
5552 1802 1575 2880 
5553 2423 1902 2881 
5554 519 2858 2861 
5555 2869 2297 2870 
5556 1529 2869 2870 
5557 1809 1577 2876 
5558 1576 1807 2873 
5559 1576 2873 2874 
5560 1373 1576 2874 
5561 259 1870 2875 
5562 1577 1911 2876 
5563 1902 259 2875 
5564 1794 2446 2877 
5565 1166 1168 2878 
5566 1901 1902 2879 
5567 1575 1800 2880 
5568 2875 1869 2881 
5569 1902 2875 2881 
5570 1863 1864 2882 
5571 1866 1863 2882 
5572 1751 1749 2883 
5573 1755 1751 2883 
5574 1747 1759 2884 
5575 1749 1747 2884 
5576 2883 1749 2884 
5577 2944 1764 3011 
5578 2892 1963 2893 
5579 68 69 2885 
5580 2958 2522 3015 
5581 1783 74 2984 
5582 227 1782 2974 
5583 94 95 2888 
5584 1744 1746 2889 
5585 1953 239 2989 
5586 215 68 2885 
5587 1114 2184 2889 
5588 1724 1744 2889 
5589 2946 1993 3012 
5590 1725 2958 3015 
5591 1958 1956 2887 
5592 1782 193 2985 
5593 178 179 2890 
5594 2884 1759 3009 
5595 208 1783 2976 
5596 9 1790 2891 
5597 248 8 2891 
5598 1956 1961 2887 
5599 1963 1101 2893 
5600 1105 1353 2893 
5601 1101 1102 2893 
5602 1974 2908 2942 
5603 236 2906 2938 
5604 202 2905 2937 
5605 2902 1733 2935 
5606 2901 1734 2934 
5607 2900 1735 2933 
5608 2899 1736 2931 
5609 254 2907 2923 
5610 1905 2903 2920 
5611 2898 1542 2926 
5612 238 2904 2921 
5613 228 94 2888 
5614 2897 1451 2941 
5615 1973 2909 2932 
5616 178 2890 2959 
5617 1964 1963 2892 
5618 243 2944 3011 
5619 82 83 2895 
5620 2040 167 2986 
5621 2018 1114 2896 
5622 2184 1724 2889 
5623 263 2946 3012 
5624 1896 225 2898 
5625 1976 1972 2897 
5626 39 40 2899 
5627 34 35 2900 
5628 31 32 2901 
5629 28 29 2902 
5630 1230 1429 2903 
5631 1571 2225 2904 
5632 1565 1567 2905 
5633 1559 1561 2906 
5634 1549 1551 2907 
5635 2529 1052 2908 
5636 1231 1453 2909 
5637 1353 2041 2892 
5638 254 38 2931 
5639 236 33 2933 
5640 202 30 2934 
5641 238 27 2935 
5642 1905 1906 2936 
5643 1973 1977 2930 
5644 1974 1971 2932 
5645 1569 1733 2937 
5646 1563 1734 2938 
5647 1557 1735 2939 
5648 1547 1736 2940 
5649 1329 1542 2941 
5650 2447 1451 2942 
5651 1739 2504 2977 
5652 179 241 2890 
5653 2888 95 2965 
5654 1756 1753 2943 
5655 239 1955 2996 
5656 1935 1764 2944 
5657 1766 1990 2945 
5658 1946 2955 3014 
5659 8 9 2891 
5660 2158 242 2978 
5661 267 2541 2969 
5662 224 2528 2970 
5663 2885 69 2968 
5664 1987 1769 2952 
5665 1761 232 3005 
5666 83 84 2953 
5667 2000 271 2975 
5668 1638 1637 2954 
5669 1950 1960 2955 
5670 1946 1947 2955 
5671 271 2001 3001 
5672 2158 2156 2980 
5673 2890 1952 2959 
5674 1102 1105 2893 
5675 1621 1789 2945 
5676 1788 1616 2944 
5677 1637 1635 2956 
5678 1916 2912 2993 
5679 1773 1987 2957 
5680 269 2527 2966 
5681 219 2544 2967 
5682 1726 1856 2958 
5683 203 177 2959 
5684 1544 1766 2961 
5685 1711 1993 2946 
5686 2048 2049 2947 
5687 1765 2888 2965 
5688 2047 2048 2964 
5689 1784 1727 2964 
5690 96 243 2965 
5691 54 55 2894 
5692 1882 1741 2966 
5693 2036 1543 2967 
5694 2056 2885 2968 
5695 2025 2521 2973 
5696 70 263 2968 
5697 2018 2896 2962 
5698 1717 1853 2969 
5699 2016 1532 2970 
5700 2040 1719 2972 
5701 1718 1798 2972 
5702 2498 1957 2971 
5703 2521 88 2973 
5704 89 220 2973 
5705 1722 2031 2974 
5706 1782 1723 2974 
5707 250 1900 3010 
5708 63 223 2975 
5709 271 62 2975 
5710 1745 244 2960 
5711 2107 1740 2976 
5712 1783 1729 2976 
5713 2504 181 2977 
5714 182 211 2977 
5715 1730 1720 2978 
5716 2157 2158 2978 
5717 56 251 2979 
5718 204 79 2980 
5719 250 198 2983 
5720 154 252 2981 
5721 249 100 2982 
5722 75 240 2984 
5723 194 244 2985 
5724 168 264 2986 
5725 161 224 2987 
5726 272 160 2987 
5727 187 219 2988 
5728 1741 1537 2948 
5729 1623 2036 2949 
5730 1738 2593 2990 
5731 1714 1725 2991 
5732 1988 1713 2992 
5733 2054 1712 2994 
5734 2550 272 2961 
5735 2498 172 2996 
5736 173 239 2996 
5737 242 82 2895 
5738 1897 248 2999 
5739 3008 2883 3010 
5740 1900 3008 3010 
5741 249 1786 2997 
5742 1787 252 2998 
5743 1114 2889 2896 
5744 1784 186 2988 
5745 61 271 3001 
5746 229 60 3001 
5747 276 1795 3004 
5748 2850 274 3002 
5749 151 4 3002 
5750 1 5 3003 
5751 3 103 3004 
5752 4 152 3002 
5753 200 1 3003 
5754 102 3 3004 
5755 275 1899 3003 
5756 232 11 3005 
5757 12 260 3005 
5758 1752 1754 3007 
5759 212 2522 2958 
5760 1805 2016 2951 
5761 1853 1595 2950 
5762 196 197 3009 
5763 1742 1783 2984 
5764 239 174 2989 
5765 53 2 3006 
5766 2 54 3006 
5767 2562 229 2957 
5768 99 249 2997 
5769 252 155 2998 
5770 1743 1782 2985 
5771 1595 1762 2950 
5772 1798 1805 2951 
5773 240 2494 2956 
5774 264 2497 2963 
5775 1080 2018 2962 
5776 1746 1748 2896 
5777 2955 203 3014 
5778 244 195 2960 
5779 1916 2993 2995 
5780 1733 2902 2937 
5781 1734 2901 2938 
5782 1735 2900 2939 
5783 1736 2899 2940 
5784 1542 2898 2941 
5785 1451 2897 2942 
5786 2903 1905 2936 
5787 2904 238 2935 
5788 2905 202 2934 
5789 2906 236 2933 
5790 2907 254 2931 
5791 2909 1973 2930 
5792 2908 1974 2932 
5793 1537 1763 2948 
5794 2031 1623 2949 
5795 225 1976 2898 
5796 1972 1974 2897 
5797 40 217 2899 
5798 35 209 2900 
5799 32 236 2901 
5800 29 202 2902 
5801 1540 1230 2903 
5802 1733 1571 2904 
5803 1734 1565 2905 
5804 1735 1559 2906 
5805 1736 1549 2907 
5806 1453 2529 2908 
5807 1539 1231 2909 
5808 2039 2040 2986 
5809 2889 1746 2896 
5810 2493 204 2954 
5811 251 2570 2952 
5812 1740 1711 2946 
5813 2049 2050 2947 
5814 209 2922 2939 
5815 217 2924 2940 
5816 2921 1540 2936 
5817 2927 1539 2930 
5818 1541 2924 2925 
5819 2924 1891 2925 
5820 1328 2913 2915 
5821 1331 2917 2919 
5822 2917 1920 2919 
5823 2913 1926 2915 
5824 1894 273 2929 
5825 2391 2925 2926 
5826 246 1894 2928 
5827 217 1891 2924 
5828 1572 1539 2927 
5829 2928 1894 2929 
5830 1893 254 2923 
5831 1918 1926 2913 
5832 1542 2391 2926 
5833 2391 1541 2925 
5834 1327 2910 2914 
5835 1553 1555 2922 
5836 2225 1540 2921 
5837 2439 2915 2916 
5838 1921 1920 2917 
5839 1921 2917 2918 
5840 1923 1921 2918 
5841 1229 2439 2916 
5842 2275 1331 2919 
5843 2439 1328 2915 
5844 2288 1327 2914 
5845 1904 1905 2920 
5846 1327 2401 2910 
5847 2910 2401 2911 
5848 2401 1326 2911 
5849 1326 2394 2912 
5850 2911 1326 2912 
5851 1913 1919 2910 
5852 2910 1919 2914 
5853 1914 1913 2911 
5854 1913 2910 2911 
5855 1916 1914 2912 
5856 1914 2911 2912 
5857 1919 1918 2914 
5858 1328 2288 2913 
5859 1926 1925 2915 
5860 1920 1904 2919 
5861 2915 1925 2916 
5862 1925 1923 2916 
5863 1331 2377 2917 
5864 2917 2377 2918 
5865 2377 1229 2918 
5866 1907 238 2921 
5867 1429 2275 2920 
5868 209 1893 2922 
5869 1551 1553 2923 
5870 2925 256 2926 
5871 256 1896 2926 
5872 1541 1545 2924 
5873 1891 256 2925 
5874 1978 246 2927 
5875 1574 1572 2928 
5876 1770 1574 2929 
5877 1574 2928 2929 
5878 2913 2288 2914 
5879 1918 2913 2914 
5880 2916 1923 2918 
5881 1229 2916 2918 
5882 2919 1904 2920 
5883 2275 2919 2920 
5884 1553 2922 2923 
5885 2922 1893 2923 
5886 1572 2927 2928 
5887 2927 246 2928 
5888 2922 1555 2939 
5889 1907 2921 2936 
5890 1978 2927 2930 
5891 2924 1545 2940 
5892 1977 1978 2930 
5893 38 39 2931 
5894 33 34 2933 
5895 1971 1973 2932 
5896 30 31 2934 
5897 1906 1907 2936 
5898 27 28 2935 
5899 1567 1569 2937 
5900 1561 1563 2938 
5901 1555 1557 2939 
5902 1545 1547 2940 
5903 1451 1329 2941 
5904 1052 2447 2942 
5905 2884 250 3010 
5906 2894 55 2979 
5907 1753 1755 2943 
5908 195 196 2960 
5909 1616 1935 2944 
5910 1990 1621 2945 
5911 1080 2962 3000 
5912 263 2508 2946 
5913 211 2513 2947 
5914 223 2526 2948 
5915 268 2542 2949 
5916 220 2543 2950 
5917 270 2515 2951 
5918 2896 1748 2962 
5919 1769 1768 2952 
5920 84 212 2953 
5921 2155 1638 2954 
5922 1947 1950 2955 
5923 1767 1784 2988 
5924 248 2943 2999 
5925 1635 2103 2956 
5926 101 1795 2982 
5927 2850 153 2981 
5928 199 1899 2983 
5929 175 1960 2989 
5930 1772 1773 2957 
5931 2912 2394 2993 
5932 1725 1726 2958 
5933 177 178 2959 
5934 2163 1080 3000 
5935 1759 1745 2960 
5936 1771 1544 2961 
5937 1748 1750 2962 
5938 1727 2047 2964 
5939 95 96 2965 
5940 1728 1882 2966 
5941 1543 2008 2967 
5942 207 2498 2971 
5943 69 70 2968 
5944 1964 2892 2963 
5945 2026 1717 2969 
5946 1532 1774 2970 
5947 1957 1959 2971 
5948 1719 1718 2972 
5949 1788 98 2997 
5950 156 1789 2998 
5951 88 89 2973 
5952 1723 1722 2974 
5953 62 63 2975 
5954 1729 2107 2976 
5955 181 182 2977 
5956 174 175 2989 
5957 2897 1974 2942 
5958 2898 1976 2941 
5959 2899 217 2940 
5960 2900 209 2939 
5961 2901 236 2938 
5962 2902 202 2937 
5963 1540 2903 2936 
5964 1733 2904 2935 
5965 1734 2905 2934 
5966 1735 2906 2933 
5967 1736 2907 2931 
5968 1453 2908 2932 
5969 1539 2909 2930 
5970 1720 2157 2978 
5971 2962 1750 3000 
5972 55 56 2979 
5973 79 80 2980 
5974 100 101 2982 
5975 153 154 2981 
5976 1795 1777 2982 
5977 198 199 2983 
5978 1899 1900 2983 
5979 1780 2850 2981 
5980 74 75 2984 
5981 193 194 2985 
5982 167 168 2986 
5983 160 161 2987 
5984 186 187 2988 
5985 1960 1953 2989 
5986 1737 1738 2990 
5987 155 156 2998 
5988 98 99 2997 
5989 2993 2886 2995 
5990 1716 1714 2991 
5991 1713 2026 2992 
5992 2394 1325 2993 
5993 1712 1728 2994 
5994 1786 1788 2997 
5995 1789 1787 2998 
5996 260 1916 2995 
5997 2892 2041 2963 
5998 172 173 2996 
5999 1898 1897 2999 
6000 1750 1752 3000 
6001 2999 1755 3008 
6002 1325 2886 2993 
6003 2886 1761 2995 
6004 2991 1725 3015 
6005 1898 2999 3008 
6006 60 61 3001 
6007 2883 2884 3010 
6008 273 53 3006 
6009 1755 2883 3008 
6010 274 151 3002 
6011 103 276 3004 
6012 5 275 3003 
6013 2968 263 3012 
6014 11 12 3005 
6015 2965 243 3011 
6016 1754 1758 3007 
6017 203 2959 3014 
6018 1900 1898 3008 
6019 1952 1946 3014 
6020 197 250 3009 
6021 3007 1758 3013 
6022 1764 1765 3011 
6023 1993 2056 3012 
6024 1758 1785 3013 
6025 2522 266 3015 
6026 2943 1755 2999 
6027 2894 273 3006 
6028 54 2894 3006 
6029 2959 1952 3014 
6030 1765 2965 3011 
6031 2056 2968 3012 
6032 266 2991 3015 
$EndElements
