$MeshFormat
4.1 0 8
$EndMeshFormat
$PhysicalNames
2
1 2 "bc"
2 1 "material"
$EndPhysicalNames
$Entities
4 4 1 0
1 0 -0.095 0 0 
2 0.1 -0.095 0 0 
3 0.1 0.005 0 0 
4 0 0.005 0 0 
1 0 -0.095 0 0.1 -0.095 0 1 2 2 1 -2 
2 0.1 -0.095 0 0.1 0.005000000000000004 0 1 2 2 2 -3 
3 0 0.005 0 0.1 0.005 0 1 2 2 3 -4 
4 0 -0.095 0 0 0.004999999999999998 0 1 2 2 4 -1 
1 0 -0.095 0 0.1 0.005000000000000004 0 1 1 4 1 2 3 4 
$EndEntities
$Nodes
9 10201 1 10201
0 1 0 1
1
0 -0.095 0
0 2 0 1
2
0.1 -0.095 0
0 3 0 1
3
0.1 0.005 0
0 4 0 1
4
0 0.005 0
1 1 0 99
5
6
7
8
9
10
11
12
13
14
15
16
17
18
19
20
21
22
23
24
25
26
27
28
29
30
31
32
33
34
35
36
37
38
39
40
41
42
43
44
45
46
47
48
49
50
51
52
53
54
55
56
57
58
59
60
61
62
63
64
65
66
67
68
69
70
71
72
73
74
75
76
77
78
79
80
81
82
83
84
85
86
87
88
89
90
91
92
93
94
95
96
97
98
99
100
101
102
103
0.0009999999999981796 -0.095 0
0.001999999999996392 -0.095 0
0.002999999999994533 -0.095 0
0.003999999999992523 -0.095 0
0.004999999999990301 -0.095 0
0.005999999999988311 -0.095 0
0.006999999999986685 -0.095 0
0.007999999999985366 -0.095 0
0.008999999999984054 -0.095 0
0.009999999999982485 -0.095 0
0.01099999999998125 -0.095 0
0.01199999999997956 -0.095 0
0.01299999999997734 -0.095 0
0.01399999999997459 -0.095 0
0.01499999999997172 -0.095 0
0.01599999999996885 -0.095 0
0.01699999999996598 -0.095 0
0.01799999999996308 -0.095 0
0.01899999999995934 -0.095 0
0.01999999999995601 -0.095 0
0.02099999999995315 -0.095 0
0.02199999999995027 -0.095 0
0.0229999999999474 -0.095 0
0.02399999999994453 -0.095 0
0.02499999999994167 -0.095 0
0.02599999999993879 -0.095 0
0.02699999999993593 -0.095 0
0.02799999999993305 -0.095 0
0.02899999999993018 -0.095 0
0.02999999999992731 -0.095 0
0.03099999999992444 -0.095 0
0.03199999999992157 -0.095 0
0.0329999999999187 -0.095 0
0.03399999999991583 -0.095 0
0.03499999999991296 -0.095 0
0.0359999999999101 -0.095 0
0.03699999999990673 -0.095 0
0.03799999999990213 -0.095 0
0.03899999999989877 -0.095 0
0.0399999999998959 -0.095 0
0.04099999999989303 -0.095 0
0.04199999999989016 -0.095 0
0.0429999999998873 -0.095 0
0.04399999999988442 -0.095 0
0.04499999999988155 -0.095 0
0.04599999999987867 -0.095 0
0.04699999999987581 -0.095 0
0.04799999999987294 -0.095 0
0.04899999999987006 -0.095 0
0.04999999999986855 -0.095 0
0.05099999999986953 -0.095 0
0.05199999999987262 -0.095 0
0.05299999999987555 -0.095 0
0.05399999999987788 -0.095 0
0.05499999999988021 -0.095 0
0.05599999999988345 -0.095 0
0.05699999999988621 -0.095 0
0.05799999999988854 -0.095 0
0.05899999999989088 -0.095 0
0.0599999999998943 -0.095 0
0.06099999999989689 -0.095 0
0.06199999999989923 -0.095 0
0.06299999999990157 -0.095 0
0.06399999999990513 -0.095 0
0.06499999999990866 -0.095 0
0.06599999999990926 -0.095 0
0.06699999999991191 -0.095 0
0.06799999999991597 -0.095 0
0.06899999999991917 -0.095 0
0.06999999999991978 -0.095 0
0.07099999999992276 -0.095 0
0.07199999999992683 -0.095 0
0.07299999999992968 -0.095 0
0.07399999999993027 -0.095 0
0.07499999999993359 -0.095 0
0.0759999999999369 -0.095 0
0.07699999999993751 -0.095 0
0.07799999999994037 -0.095 0
0.07899999999994443 -0.095 0
0.07999999999994742 -0.095 0
0.08099999999994802 -0.095 0
0.08199999999995122 -0.095 0
0.08299999999995528 -0.095 0
0.08399999999995794 -0.095 0
0.08499999999995854 -0.095 0
0.08599999999996205 -0.095 0
0.08699999999996612 -0.095 0
0.08799999999996844 -0.095 0
0.08899999999996905 -0.095 0
0.08999999999997288 -0.095 0
0.09099999999997695 -0.095 0
0.09199999999997896 -0.095 0
0.09299999999997965 -0.095 0
0.09399999999998374 -0.095 0
0.0949999999999878 -0.095 0
0.09599999999998948 -0.095 0
0.09699999999999051 -0.095 0
0.09799999999999458 -0.095 0
0.09899999999999864 -0.095 0
1 2 0 99
104
105
106
107
108
109
110
111
112
113
114
115
116
117
118
119
120
121
122
123
124
125
126
127
128
129
130
131
132
133
134
135
136
137
138
139
140
141
142
143
144
145
146
147
148
149
150
151
152
153
154
155
156
157
158
159
160
161
162
163
164
165
166
167
168
169
170
171
172
173
174
175
176
177
178
179
180
181
182
183
184
185
186
187
188
189
190
191
192
193
194
195
196
197
198
199
200
201
202
0.1 -0.09400000000000275 0
0.1 -0.09300000000000548 0
0.1 -0.09200000000000823 0
0.1 -0.09100000000001096 0
0.1 -0.09000000000001371 0
0.1 -0.08900000000001644 0
0.1 -0.08800000000001919 0
0.1 -0.08700000000002192 0
0.1 -0.08600000000002467 0
0.1 -0.08500000000002741 0
0.1 -0.08400000000003015 0
0.1 -0.08300000000003289 0
0.1 -0.08200000000003563 0
0.1 -0.08100000000003837 0
0.1 -0.08000000000004112 0
0.1 -0.07900000000004385 0
0.1 -0.0780000000000466 0
0.1 -0.07700000000004935 0
0.1 -0.07600000000005208 0
0.1 -0.07500000000005483 0
0.1 -0.07400000000005758 0
0.1 -0.07300000000006031 0
0.1 -0.07200000000006306 0
0.1 -0.0710000000000658 0
0.1 -0.07000000000006854 0
0.1 -0.06900000000007128 0
0.1 -0.06800000000007402 0
0.1 -0.06700000000007675 0
0.1 -0.0660000000000795 0
0.1 -0.06500000000008223 0
0.1 -0.06400000000008498 0
0.1 -0.06300000000008771 0
0.1 -0.06200000000009045 0
0.1 -0.06100000000009319 0
0.1 -0.06000000000009593 0
0.1 -0.05900000000009867 0
0.1 -0.05800000000010189 0
0.1 -0.05700000000010636 0
0.1 -0.05600000000010959 0
0.1 -0.05500000000011233 0
0.1 -0.05400000000011507 0
0.1 -0.05300000000011781 0
0.1 -0.05200000000012054 0
0.1 -0.05100000000012328 0
0.1 -0.05000000000012603 0
0.1 -0.04900000000012876 0
0.1 -0.0480000000001315 0
0.1 -0.04700000000013424 0
0.1 -0.04600000000013698 0
0.1 -0.04500000000013837 0
0.1 -0.04400000000013724 0
0.1 -0.04300000000013402 0
0.1 -0.04200000000013096 0
0.1 -0.04100000000012848 0
0.1 -0.04000000000012602 0
0.1 -0.03900000000012263 0
0.1 -0.03800000000011972 0
0.1 -0.03700000000011725 0
0.1 -0.03600000000011479 0
0.1 -0.03500000000011122 0
0.1 -0.03400000000010849 0
0.1 -0.03300000000010601 0
0.1 -0.03200000000010356 0
0.1 -0.03100000000009984 0
0.1 -0.03000000000009617 0
0.1 -0.02900000000009544 0
0.1 -0.02800000000009265 0
0.1 -0.02700000000008844 0
0.1 -0.02600000000008511 0
0.1 -0.02500000000008437 0
0.1 -0.02400000000008126 0
0.1 -0.02300000000007706 0
0.1 -0.02200000000007403 0
0.1 -0.02100000000007331 0
0.1 -0.02000000000006985 0
0.1 -0.01900000000006639 0
0.1 -0.01800000000006567 0
0.1 -0.01700000000006266 0
0.1 -0.01600000000005845 0
0.1 -0.01500000000005533 0
0.1 -0.01400000000005461 0
0.1 -0.01300000000005128 0
0.1 -0.01200000000004706 0
0.1 -0.01100000000004428 0
0.1 -0.01000000000004353 0
0.1 -0.009000000000039865 0
0.1 -0.008000000000035673 0
0.1 -0.007000000000033202 0
0.1 -0.006000000000032452 0
0.1 -0.005000000000028482 0
0.1 -0.004000000000024276 0
0.1 -0.003000000000022124 0
0.1 -0.00200000000002129 0
0.1 -0.001000000000017071 0
0.1 -1.287858708565182e-14 0
0.1 0.0009999999999889403 0
0.1 0.001999999999990107 0
0.1 0.002999999999994313 0
0.1 0.003999999999998519 0
1 3 0 99
203
204
205
206
207
208
209
210
211
212
213
214
215
216
217
218
219
220
221
222
223
224
225
226
227
228
229
230
231
232
233
234
235
236
237
238
239
240
241
242
243
244
245
246
247
248
249
250
251
252
253
254
255
256
257
258
259
260
261
262
263
264
265
266
267
268
269
270
271
272
273
274
275
276
277
278
279
280
281
282
283
284
285
286
287
288
289
290
291
292
293
294
295
296
297
298
299
300
301
0.09900000000000277 0.005 0
0.09800000000000554 0.005 0
0.0970000000000083 0.005 0
0.09600000000001108 0.005 0
0.09500000000001384 0.005 0
0.09400000000001661 0.005 0
0.09300000000001937 0.005 0
0.09200000000002215 0.005 0
0.09100000000002491 0.005 0
0.09000000000002767 0.005 0
0.08900000000003044 0.005 0
0.0880000000000332 0.005 0
0.08700000000003598 0.005 0
0.08600000000003874 0.005 0
0.08500000000004151 0.005 0
0.08400000000004428 0.005 0
0.08300000000004704 0.005 0
0.08200000000004981 0.005 0
0.08100000000005257 0.005 0
0.08000000000005535 0.005 0
0.07900000000005811 0.005 0
0.07800000000006088 0.005 0
0.07700000000006364 0.005 0
0.0760000000000664 0.005 0
0.07500000000006918 0.005 0
0.07400000000007194 0.005 0
0.07300000000007471 0.005 0
0.07200000000007747 0.005 0
0.07100000000008025 0.005 0
0.07000000000008301 0.005 0
0.06900000000008577 0.005 0
0.06800000000008855 0.005 0
0.06700000000009131 0.005 0
0.06600000000009407 0.005 0
0.06500000000009684 0.005 0
0.0640000000000996 0.005 0
0.06300000000010236 0.005 0
0.06200000000010514 0.005 0
0.06100000000010791 0.005 0
0.06000000000011067 0.005 0
0.05900000000011344 0.005 0
0.05800000000011621 0.005 0
0.05700000000011898 0.005 0
0.05600000000012174 0.005 0
0.0550000000001245 0.005 0
0.05400000000012727 0.005 0
0.05300000000013003 0.005 0
0.0520000000001328 0.005 0
0.05100000000013558 0.005 0
0.05000000000013698 0.005 0
0.04900000000013589 0.005 0
0.04800000000013269 0.005 0
0.04700000000012966 0.005 0
0.04600000000012721 0.005 0
0.04500000000012477 0.005 0
0.04400000000012141 0.005 0
0.04300000000011853 0.005 0
0.04200000000011609 0.005 0
0.04100000000011365 0.005 0
0.04000000000011013 0.005 0
0.03900000000010741 0.005 0
0.03800000000010496 0.005 0
0.03700000000010253 0.005 0
0.03600000000009884 0.005 0
0.0350000000000952 0.005 0
0.0340000000000945 0.005 0
0.03300000000009173 0.005 0
0.03200000000008756 0.005 0
0.03100000000008425 0.005 0
0.03000000000008354 0.005 0
0.02900000000008045 0.005 0
0.02800000000007627 0.005 0
0.02700000000007328 0.005 0
0.02600000000007258 0.005 0
0.02500000000006916 0.005 0
0.02400000000006575 0.005 0
0.02300000000006504 0.005 0
0.02200000000006205 0.005 0
0.02100000000005789 0.005 0
0.02000000000005478 0.005 0
0.01900000000005407 0.005 0
0.01800000000005078 0.005 0
0.01700000000004659 0.005 0
0.01600000000004383 0.005 0
0.01500000000004312 0.005 0
0.01400000000003948 0.005 0
0.0130000000000353 0.005 0
0.01200000000003287 0.005 0
0.01100000000003216 0.005 0
0.01000000000002819 0.005 0
0.009000000000024017 0.005 0
0.008000000000021906 0.005 0
0.007000000000021087 0.005 0
0.006000000000016908 0.005 0
0.005000000000012744 0.005 0
0.004000000000010953 0.005 0
0.0030000000000098 0.005 0
0.002000000000005636 0.005 0
0.001000000000001458 0.005 0
1 4 0 99
302
303
304
305
306
307
308
309
310
311
312
313
314
315
316
317
318
319
320
321
322
323
324
325
326
327
328
329
330
331
332
333
334
335
336
337
338
339
340
341
342
343
344
345
346
347
348
349
350
351
352
353
354
355
356
357
358
359
360
361
362
363
364
365
366
367
368
369
370
371
372
373
374
375
376
377
378
379
380
381
382
383
384
385
386
387
388
389
390
391
392
393
394
395
396
397
398
399
400
0 0.004000000000001743 0
0 0.003000000000003364 0
0 0.002000000000005188 0
0 0.001000000000007202 0
0 9.425620006719981e-15 0
0 -0.0009999999999885803 0
0 -0.001999999999986951 0
0 -0.00299999999998563 0
0 -0.003999999999984314 0
0 -0.00499999999998274 0
0 -0.005999999999981504 0
0 -0.00699999999997981 0
0 -0.007999999999977584 0
0 -0.008999999999974834 0
0 -0.009999999999971958 0
0 -0.01099999999996909 0
0 -0.01199999999996621 0
0 -0.01299999999996331 0
0 -0.01399999999995957 0
0 -0.01499999999995624 0
0 -0.01599999999995336 0
0 -0.01699999999995049 0
0 -0.01799999999994761 0
0 -0.01899999999994474 0
0 -0.01999999999994186 0
0 -0.02099999999993899 0
0 -0.02199999999993611 0
0 -0.02299999999993323 0
0 -0.02399999999993035 0
0 -0.02499999999992747 0
0 -0.0259999999999246 0
0 -0.02699999999992172 0
0 -0.02799999999991884 0
0 -0.02899999999991596 0
0 -0.02999999999991309 0
0 -0.03099999999991021 0
0 -0.03199999999990685 0
0 -0.03299999999990224 0
0 -0.03399999999989887 0
0 -0.034999999999896 0
0 -0.03599999999989312 0
0 -0.03699999999989024 0
0 -0.03799999999988737 0
0 -0.03899999999988448 0
0 -0.03999999999988161 0
0 -0.04099999999987873 0
0 -0.04199999999987585 0
0 -0.04299999999987298 0
0 -0.04399999999987009 0
0 -0.04499999999986858 0
0 -0.04599999999986955 0
0 -0.04699999999987264 0
0 -0.04799999999987557 0
0 -0.04899999999987791 0
0 -0.04999999999988024 0
0 -0.05099999999988347 0
0 -0.05199999999988623 0
0 -0.05299999999988857 0
0 -0.0539999999998909 0
0 -0.05499999999989432 0
0 -0.05599999999989692 0
0 -0.05699999999989925 0
0 -0.05799999999990158 0
0 -0.05899999999990516 0
0 -0.05999999999990867 0
0 -0.06099999999990929 0
0 -0.06199999999991194 0
0 -0.062999999999916 0
0 -0.06399999999991919 0
0 -0.06499999999991979 0
0 -0.06599999999992277 0
0 -0.06699999999992684 0
0 -0.0679999999999297 0
0 -0.0689999999999303 0
0 -0.0699999999999336 0
0 -0.07099999999993692 0
0 -0.07199999999993752 0
0 -0.07299999999994039 0
0 -0.07399999999994444 0
0 -0.07499999999994744 0
0 -0.07599999999994804 0
0 -0.07699999999995123 0
0 -0.0779999999999553 0
0 -0.07899999999995795 0
0 -0.07999999999995855 0
0 -0.08099999999996207 0
0 -0.08199999999996614 0
0 -0.08299999999996846 0
0 -0.08399999999996906 0
0 -0.0849999999999729 0
0 -0.08599999999997697 0
0 -0.08699999999997898 0
0 -0.08799999999997968 0
0 -0.08899999999998376 0
0 -0.08999999999998781 0
0 -0.09099999999998949 0
0 -0.09199999999999053 0
0 -0.09299999999999459 0
0 -0.09399999999999865 0
2 1 0 9801
401
402
403
404
405
406
407
408
409
410
411
412
413
414
415
416
417
418
419
420
421
422
423
424
425
426
427
428
429
430
431
432
433
434
435
436
437
438
439
440
441
442
443
444
445
446
447
448
449
450
451
452
453
454
455
456
457
458
459
460
461
462
463
464
465
466
467
468
469
470
471
472
473
474
475
476
477
478
479
480
481
482
483
484
485
486
487
488
489
490
491
492
493
494
495
496
497
498
499
500
501
502
503
504
505
506
507
508
509
510
511
512
513
514
515
516
517
518
519
520
521
522
523
524
525
526
527
528
529
530
531
532
533
534
535
536
537
538
539
540
541
542
543
544
545
546
547
548
549
550
551
552
553
554
555
556
557
558
559
560
561
562
563
564
565
566
567
568
569
570
571
572
573
574
575
576
577
578
579
580
581
582
583
584
585
586
587
588
589
590
591
592
593
594
595
596
597
598
599
600
601
602
603
604
605
606
607
608
609
610
611
612
613
614
615
616
617
618
619
620
621
622
623
624
625
626
627
628
629
630
631
632
633
634
635
636
637
638
639
640
641
642
643
644
645
646
647
648
649
650
651
652
653
654
655
656
657
658
659
660
661
662
663
664
665
666
667
668
669
670
671
672
673
674
675
676
677
678
679
680
681
682
683
684
685
686
687
688
689
690
691
692
693
694
695
696
697
698
699
700
701
702
703
704
705
706
707
708
709
710
711
712
713
714
715
716
717
718
719
720
721
722
723
724
725
726
727
728
729
730
731
732
733
734
735
736
737
738
739
740
741
742
743
744
745
746
747
748
749
750
751
752
753
754
755
756
757
758
759
760
761
762
763
764
765
766
767
768
769
770
771
772
773
774
775
776
777
778
779
780
781
782
783
784
785
786
787
788
789
790
791
792
793
794
795
796
797
798
799
800
801
802
803
804
805
806
807
808
809
810
811
812
813
814
815
816
817
818
819
820
821
822
823
824
825
826
827
828
829
830
831
832
833
834
835
836
837
838
839
840
841
842
843
844
845
846
847
848
849
850
851
852
853
854
855
856
857
858
859
860
861
862
863
864
865
866
867
868
869
870
871
872
873
874
875
876
877
878
879
880
881
882
883
884
885
886
887
888
889
890
891
892
893
894
895
896
897
898
899
900
901
902
903
904
905
906
907
908
909
910
911
912
913
914
915
916
917
918
919
920
921
922
923
924
925
926
927
928
929
930
931
932
933
934
935
936
937
938
939
940
941
942
943
944
945
946
947
948
949
950
951
952
953
954
955
956
957
958
959
960
961
962
963
964
965
966
967
968
969
970
971
972
973
974
975
976
977
978
979
980
981
982
983
984
985
986
987
988
989
990
991
992
993
994
995
996
997
998
999
1000
1001
1002
1003
1004
1005
1006
1007
1008
1009
1010
1011
1012
1013
1014
1015
1016
1017
1018
1019
1020
1021
1022
1023
1024
1025
1026
1027
1028
1029
1030
1031
1032
1033
1034
1035
1036
1037
1038
1039
1040
1041
1042
1043
1044
1045
1046
1047
1048
1049
1050
1051
1052
1053
1054
1055
1056
1057
1058
1059
1060
1061
1062
1063
1064
1065
1066
1067
1068
1069
1070
1071
1072
1073
1074
1075
1076
1077
1078
1079
1080
1081
1082
1083
1084
1085
1086
1087
1088
1089
1090
1091
1092
1093
1094
1095
1096
1097
1098
1099
1100
1101
1102
1103
1104
1105
1106
1107
1108
1109
1110
1111
1112
1113
1114
1115
1116
1117
1118
1119
1120
1121
1122
1123
1124
1125
1126
1127
1128
1129
1130
1131
1132
1133
1134
1135
1136
1137
1138
1139
1140
1141
1142
1143
1144
1145
1146
1147
1148
1149
1150
1151
1152
1153
1154
1155
1156
1157
1158
1159
1160
1161
1162
1163
1164
1165
1166
1167
1168
1169
1170
1171
1172
1173
1174
1175
1176
1177
1178
1179
1180
1181
1182
1183
1184
1185
1186
1187
1188
1189
1190
1191
1192
1193
1194
1195
1196
1197
1198
1199
1200
1201
1202
1203
1204
1205
1206
1207
1208
1209
1210
1211
1212
1213
1214
1215
1216
1217
1218
1219
1220
1221
1222
1223
1224
1225
1226
1227
1228
1229
1230
1231
1232
1233
1234
1235
1236
1237
1238
1239
1240
1241
1242
1243
1244
1245
1246
1247
1248
1249
1250
1251
1252
1253
1254
1255
1256
1257
1258
1259
1260
1261
1262
1263
1264
1265
1266
1267
1268
1269
1270
1271
1272
1273
1274
1275
1276
1277
1278
1279
1280
1281
1282
1283
1284
1285
1286
1287
1288
1289
1290
1291
1292
1293
1294
1295
1296
1297
1298
1299
1300
1301
1302
1303
1304
1305
1306
1307
1308
1309
1310
1311
1312
1313
1314
1315
1316
1317
1318
1319
1320
1321
1322
1323
1324
1325
1326
1327
1328
1329
1330
1331
1332
1333
1334
1335
1336
1337
1338
1339
1340
1341
1342
1343
1344
1345
1346
1347
1348
1349
1350
1351
1352
1353
1354
1355
1356
1357
1358
1359
1360
1361
1362
1363
1364
1365
1366
1367
1368
1369
1370
1371
1372
1373
1374
1375
1376
1377
1378
1379
1380
1381
1382
1383
1384
1385
1386
1387
1388
1389
1390
1391
1392
1393
1394
1395
1396
1397
1398
1399
1400
1401
1402
1403
1404
1405
1406
1407
1408
1409
1410
1411
1412
1413
1414
1415
1416
1417
1418
1419
1420
1421
1422
1423
1424
1425
1426
1427
1428
1429
1430
1431
1432
1433
1434
1435
1436
1437
1438
1439
1440
1441
1442
1443
1444
1445
1446
1447
1448
1449
1450
1451
1452
1453
1454
1455
1456
1457
1458
1459
1460
1461
1462
1463
1464
1465
1466
1467
1468
1469
1470
1471
1472
1473
1474
1475
1476
1477
1478
1479
1480
1481
1482
1483
1484
1485
1486
1487
1488
1489
1490
1491
1492
1493
1494
1495
1496
1497
1498
1499
1500
1501
1502
1503
1504
1505
1506
1507
1508
1509
1510
1511
1512
1513
1514
1515
1516
1517
1518
1519
1520
1521
1522
1523
1524
1525
1526
1527
1528
1529
1530
1531
1532
1533
1534
1535
1536
1537
1538
1539
1540
1541
1542
1543
1544
1545
1546
1547
1548
1549
1550
1551
1552
1553
1554
1555
1556
1557
1558
1559
1560
1561
1562
1563
1564
1565
1566
1567
1568
1569
1570
1571
1572
1573
1574
1575
1576
1577
1578
1579
1580
1581
1582
1583
1584
1585
1586
1587
1588
1589
1590
1591
1592
1593
1594
1595
1596
1597
1598
1599
1600
1601
1602
1603
1604
1605
1606
1607
1608
1609
1610
1611
1612
1613
1614
1615
1616
1617
1618
1619
1620
1621
1622
1623
1624
1625
1626
1627
1628
1629
1630
1631
1632
1633
1634
1635
1636
1637
1638
1639
1640
1641
1642
1643
1644
1645
1646
1647
1648
1649
1650
1651
1652
1653
1654
1655
1656
1657
1658
1659
1660
1661
1662
1663
1664
1665
1666
1667
1668
1669
1670
1671
1672
1673
1674
1675
1676
1677
1678
1679
1680
1681
1682
1683
1684
1685
1686
1687
1688
1689
1690
1691
1692
1693
1694
1695
1696
1697
1698
1699
1700
1701
1702
1703
1704
1705
1706
1707
1708
1709
1710
1711
1712
1713
1714
1715
1716
1717
1718
1719
1720
1721
1722
1723
1724
1725
1726
1727
1728
1729
1730
1731
1732
1733
1734
1735
1736
1737
1738
1739
1740
1741
1742
1743
1744
1745
1746
1747
1748
1749
1750
1751
1752
1753
1754
1755
1756
1757
1758
1759
1760
1761
1762
1763
1764
1765
1766
1767
1768
1769
1770
1771
1772
1773
1774
1775
1776
1777
1778
1779
1780
1781
1782
1783
1784
1785
1786
1787
1788
1789
1790
1791
1792
1793
1794
1795
1796
1797
1798
1799
1800
1801
1802
1803
1804
1805
1806
1807
1808
1809
1810
1811
1812
1813
1814
1815
1816
1817
1818
1819
1820
1821
1822
1823
1824
1825
1826
1827
1828
1829
1830
1831
1832
1833
1834
1835
1836
1837
1838
1839
1840
1841
1842
1843
1844
1845
1846
1847
1848
1849
1850
1851
1852
1853
1854
1855
1856
1857
1858
1859
1860
1861
1862
1863
1864
1865
1866
1867
1868
1869
1870
1871
1872
1873
1874
1875
1876
1877
1878
1879
1880
1881
1882
1883
1884
1885
1886
1887
1888
1889
1890
1891
1892
1893
1894
1895
1896
1897
1898
1899
1900
1901
1902
1903
1904
1905
1906
1907
1908
1909
1910
1911
1912
1913
1914
1915
1916
1917
1918
1919
1920
1921
1922
1923
1924
1925
1926
1927
1928
1929
1930
1931
1932
1933
1934
1935
1936
1937
1938
1939
1940
1941
1942
1943
1944
1945
1946
1947
1948
1949
1950
1951
1952
1953
1954
1955
1956
1957
1958
1959
1960
1961
1962
1963
1964
1965
1966
1967
1968
1969
1970
1971
1972
1973
1974
1975
1976
1977
1978
1979
1980
1981
1982
1983
1984
1985
1986
1987
1988
1989
1990
1991
1992
1993
1994
1995
1996
1997
1998
1999
2000
2001
2002
2003
2004
2005
2006
2007
2008
2009
2010
2011
2012
2013
2014
2015
2016
2017
2018
2019
2020
2021
2022
2023
2024
2025
2026
2027
2028
2029
2030
2031
2032
2033
2034
2035
2036
2037
2038
2039
2040
2041
2042
2043
2044
2045
2046
2047
2048
2049
2050
2051
2052
2053
2054
2055
2056
2057
2058
2059
2060
2061
2062
2063
2064
2065
2066
2067
2068
2069
2070
2071
2072
2073
2074
2075
2076
2077
2078
2079
2080
2081
2082
2083
2084
2085
2086
2087
2088
2089
2090
2091
2092
2093
2094
2095
2096
2097
2098
2099
2100
2101
2102
2103
2104
2105
2106
2107
2108
2109
2110
2111
2112
2113
2114
2115
2116
2117
2118
2119
2120
2121
2122
2123
2124
2125
2126
2127
2128
2129
2130
2131
2132
2133
2134
2135
2136
2137
2138
2139
2140
2141
2142
2143
2144
2145
2146
2147
2148
2149
2150
2151
2152
2153
2154
2155
2156
2157
2158
2159
2160
2161
2162
2163
2164
2165
2166
2167
2168
2169
2170
2171
2172
2173
2174
2175
2176
2177
2178
2179
2180
2181
2182
2183
2184
2185
2186
2187
2188
2189
2190
2191
2192
2193
2194
2195
2196
2197
2198
2199
2200
2201
2202
2203
2204
2205
2206
2207
2208
2209
2210
2211
2212
2213
2214
2215
2216
2217
2218
2219
2220
2221
2222
2223
2224
2225
2226
2227
2228
2229
2230
2231
2232
2233
2234
2235
2236
2237
2238
2239
2240
2241
2242
2243
2244
2245
2246
2247
2248
2249
2250
2251
2252
2253
2254
2255
2256
2257
2258
2259
2260
2261
2262
2263
2264
2265
2266
2267
2268
2269
2270
2271
2272
2273
2274
2275
2276
2277
2278
2279
2280
2281
2282
2283
2284
2285
2286
2287
2288
2289
2290
2291
2292
2293
2294
2295
2296
2297
2298
2299
2300
2301
2302
2303
2304
2305
2306
2307
2308
2309
2310
2311
2312
2313
2314
2315
2316
2317
2318
2319
2320
2321
2322
2323
2324
2325
2326
2327
2328
2329
2330
2331
2332
2333
2334
2335
2336
2337
2338
2339
2340
2341
2342
2343
2344
2345
2346
2347
2348
2349
2350
2351
2352
2353
2354
2355
2356
2357
2358
2359
2360
2361
2362
2363
2364
2365
2366
2367
2368
2369
2370
2371
2372
2373
2374
2375
2376
2377
2378
2379
2380
2381
2382
2383
2384
2385
2386
2387
2388
2389
2390
2391
2392
2393
2394
2395
2396
2397
2398
2399
2400
2401
2402
2403
2404
2405
2406
2407
2408
2409
2410
2411
2412
2413
2414
2415
2416
2417
2418
2419
2420
2421
2422
2423
2424
2425
2426
2427
2428
2429
2430
2431
2432
2433
2434
2435
2436
2437
2438
2439
2440
2441
2442
2443
2444
2445
2446
2447
2448
2449
2450
2451
2452
2453
2454
2455
2456
2457
2458
2459
2460
2461
2462
2463
2464
2465
2466
2467
2468
2469
2470
2471
2472
2473
2474
2475
2476
2477
2478
2479
2480
2481
2482
2483
2484
2485
2486
2487
2488
2489
2490
2491
2492
2493
2494
2495
2496
2497
2498
2499
2500
2501
2502
2503
2504
2505
2506
2507
2508
2509
2510
2511
2512
2513
2514
2515
2516
2517
2518
2519
2520
2521
2522
2523
2524
2525
2526
2527
2528
2529
2530
2531
2532
2533
2534
2535
2536
2537
2538
2539
2540
2541
2542
2543
2544
2545
2546
2547
2548
2549
2550
2551
2552
2553
2554
2555
2556
2557
2558
2559
2560
2561
2562
2563
2564
2565
2566
2567
2568
2569
2570
2571
2572
2573
2574
2575
2576
2577
2578
2579
2580
2581
2582
2583
2584
2585
2586
2587
2588
2589
2590
2591
2592
2593
2594
2595
2596
2597
2598
2599
2600
2601
2602
2603
2604
2605
2606
2607
2608
2609
2610
2611
2612
2613
2614
2615
2616
2617
2618
2619
2620
2621
2622
2623
2624
2625
2626
2627
2628
2629
2630
2631
2632
2633
2634
2635
2636
2637
2638
2639
2640
2641
2642
2643
2644
2645
2646
2647
2648
2649
2650
2651
2652
2653
2654
2655
2656
2657
2658
2659
2660
2661
2662
2663
2664
2665
2666
2667
2668
2669
2670
2671
2672
2673
2674
2675
2676
2677
2678
2679
2680
2681
2682
2683
2684
2685
2686
2687
2688
2689
2690
2691
2692
2693
2694
2695
2696
2697
2698
2699
2700
2701
2702
2703
2704
2705
2706
2707
2708
2709
2710
2711
2712
2713
2714
2715
2716
2717
2718
2719
2720
2721
2722
2723
2724
2725
2726
2727
2728
2729
2730
2731
2732
2733
2734
2735
2736
2737
2738
2739
2740
2741
2742
2743
2744
2745
2746
2747
2748
2749
2750
2751
2752
2753
2754
2755
2756
2757
2758
2759
2760
2761
2762
2763
2764
2765
2766
2767
2768
2769
2770
2771
2772
2773
2774
2775
2776
2777
2778
2779
2780
2781
2782
2783
2784
2785
2786
2787
2788
2789
2790
2791
2792
2793
2794
2795
2796
2797
2798
2799
2800
2801
2802
2803
2804
2805
2806
2807
2808
2809
2810
2811
2812
2813
2814
2815
2816
2817
2818
2819
2820
2821
2822
2823
2824
2825
2826
2827
2828
2829
2830
2831
2832
2833
2834
2835
2836
2837
2838
2839
2840
2841
2842
2843
2844
2845
2846
2847
2848
2849
2850
2851
2852
2853
2854
2855
2856
2857
2858
2859
2860
2861
2862
2863
2864
2865
2866
2867
2868
2869
2870
2871
2872
2873
2874
2875
2876
2877
2878
2879
2880
2881
2882
2883
2884
2885
2886
2887
2888
2889
2890
2891
2892
2893
2894
2895
2896
2897
2898
2899
2900
2901
2902
2903
2904
2905
2906
2907
2908
2909
2910
2911
2912
2913
2914
2915
2916
2917
2918
2919
2920
2921
2922
2923
2924
2925
2926
2927
2928
2929
2930
2931
2932
2933
2934
2935
2936
2937
2938
2939
2940
2941
2942
2943
2944
2945
2946
2947
2948
2949
2950
2951
2952
2953
2954
2955
2956
2957
2958
2959
2960
2961
2962
2963
2964
2965
2966
2967
2968
2969
2970
2971
2972
2973
2974
2975
2976
2977
2978
2979
2980
2981
2982
2983
2984
2985
2986
2987
2988
2989
2990
2991
2992
2993
2994
2995
2996
2997
2998
2999
3000
3001
3002
3003
3004
3005
3006
3007
3008
3009
3010
3011
3012
3013
3014
3015
3016
3017
3018
3019
3020
3021
3022
3023
3024
3025
3026
3027
3028
3029
3030
3031
3032
3033
3034
3035
3036
3037
3038
3039
3040
3041
3042
3043
3044
3045
3046
3047
3048
3049
3050
3051
3052
3053
3054
3055
3056
3057
3058
3059
3060
3061
3062
3063
3064
3065
3066
3067
3068
3069
3070
3071
3072
3073
3074
3075
3076
3077
3078
3079
3080
3081
3082
3083
3084
3085
3086
3087
3088
3089
3090
3091
3092
3093
3094
3095
3096
3097
3098
3099
3100
3101
3102
3103
3104
3105
3106
3107
3108
3109
3110
3111
3112
3113
3114
3115
3116
3117
3118
3119
3120
3121
3122
3123
3124
3125
3126
3127
3128
3129
3130
3131
3132
3133
3134
3135
3136
3137
3138
3139
3140
3141
3142
3143
3144
3145
3146
3147
3148
3149
3150
3151
3152
3153
3154
3155
3156
3157
3158
3159
3160
3161
3162
3163
3164
3165
3166
3167
3168
3169
3170
3171
3172
3173
3174
3175
3176
3177
3178
3179
3180
3181
3182
3183
3184
3185
3186
3187
3188
3189
3190
3191
3192
3193
3194
3195
3196
3197
3198
3199
3200
3201
3202
3203
3204
3205
3206
3207
3208
3209
3210
3211
3212
3213
3214
3215
3216
3217
3218
3219
3220
3221
3222
3223
3224
3225
3226
3227
3228
3229
3230
3231
3232
3233
3234
3235
3236
3237
3238
3239
3240
3241
3242
3243
3244
3245
3246
3247
3248
3249
3250
3251
3252
3253
3254
3255
3256
3257
3258
3259
3260
3261
3262
3263
3264
3265
3266
3267
3268
3269
3270
3271
3272
3273
3274
3275
3276
3277
3278
3279
3280
3281
3282
3283
3284
3285
3286
3287
3288
3289
3290
3291
3292
3293
3294
3295
3296
3297
3298
3299
3300
3301
3302
3303
3304
3305
3306
3307
3308
3309
3310
3311
3312
3313
3314
3315
3316
3317
3318
3319
3320
3321
3322
3323
3324
3325
3326
3327
3328
3329
3330
3331
3332
3333
3334
3335
3336
3337
3338
3339
3340
3341
3342
3343
3344
3345
3346
3347
3348
3349
3350
3351
3352
3353
3354
3355
3356
3357
3358
3359
3360
3361
3362
3363
3364
3365
3366
3367
3368
3369
3370
3371
3372
3373
3374
3375
3376
3377
3378
3379
3380
3381
3382
3383
3384
3385
3386
3387
3388
3389
3390
3391
3392
3393
3394
3395
3396
3397
3398
3399
3400
3401
3402
3403
3404
3405
3406
3407
3408
3409
3410
3411
3412
3413
3414
3415
3416
3417
3418
3419
3420
3421
3422
3423
3424
3425
3426
3427
3428
3429
3430
3431
3432
3433
3434
3435
3436
3437
3438
3439
3440
3441
3442
3443
3444
3445
3446
3447
3448
3449
3450
3451
3452
3453
3454
3455
3456
3457
3458
3459
3460
3461
3462
3463
3464
3465
3466
3467
3468
3469
3470
3471
3472
3473
3474
3475
3476
3477
3478
3479
3480
3481
3482
3483
3484
3485
3486
3487
3488
3489
3490
3491
3492
3493
3494
3495
3496
3497
3498
3499
3500
3501
3502
3503
3504
3505
3506
3507
3508
3509
3510
3511
3512
3513
3514
3515
3516
3517
3518
3519
3520
3521
3522
3523
3524
3525
3526
3527
3528
3529
3530
3531
3532
3533
3534
3535
3536
3537
3538
3539
3540
3541
3542
3543
3544
3545
3546
3547
3548
3549
3550
3551
3552
3553
3554
3555
3556
3557
3558
3559
3560
3561
3562
3563
3564
3565
3566
3567
3568
3569
3570
3571
3572
3573
3574
3575
3576
3577
3578
3579
3580
3581
3582
3583
3584
3585
3586
3587
3588
3589
3590
3591
3592
3593
3594
3595
3596
3597
3598
3599
3600
3601
3602
3603
3604
3605
3606
3607
3608
3609
3610
3611
3612
3613
3614
3615
3616
3617
3618
3619
3620
3621
3622
3623
3624
3625
3626
3627
3628
3629
3630
3631
3632
3633
3634
3635
3636
3637
3638
3639
3640
3641
3642
3643
3644
3645
3646
3647
3648
3649
3650
3651
3652
3653
3654
3655
3656
3657
3658
3659
3660
3661
3662
3663
3664
3665
3666
3667
3668
3669
3670
3671
3672
3673
3674
3675
3676
3677
3678
3679
3680
3681
3682
3683
3684
3685
3686
3687
3688
3689
3690
3691
3692
3693
3694
3695
3696
3697
3698
3699
3700
3701
3702
3703
3704
3705
3706
3707
3708
3709
3710
3711
3712
3713
3714
3715
3716
3717
3718
3719
3720
3721
3722
3723
3724
3725
3726
3727
3728
3729
3730
3731
3732
3733
3734
3735
3736
3737
3738
3739
3740
3741
3742
3743
3744
3745
3746
3747
3748
3749
3750
3751
3752
3753
3754
3755
3756
3757
3758
3759
3760
3761
3762
3763
3764
3765
3766
3767
3768
3769
3770
3771
3772
3773
3774
3775
3776
3777
3778
3779
3780
3781
3782
3783
3784
3785
3786
3787
3788
3789
3790
3791
3792
3793
3794
3795
3796
3797
3798
3799
3800
3801
3802
3803
3804
3805
3806
3807
3808
3809
3810
3811
3812
3813
3814
3815
3816
3817
3818
3819
3820
3821
3822
3823
3824
3825
3826
3827
3828
3829
3830
3831
3832
3833
3834
3835
3836
3837
3838
3839
3840
3841
3842
3843
3844
3845
3846
3847
3848
3849
3850
3851
3852
3853
3854
3855
3856
3857
3858
3859
3860
3861
3862
3863
3864
3865
3866
3867
3868
3869
3870
3871
3872
3873
3874
3875
3876
3877
3878
3879
3880
3881
3882
3883
3884
3885
3886
3887
3888
3889
3890
3891
3892
3893
3894
3895
3896
3897
3898
3899
3900
3901
3902
3903
3904
3905
3906
3907
3908
3909
3910
3911
3912
3913
3914
3915
3916
3917
3918
3919
3920
3921
3922
3923
3924
3925
3926
3927
3928
3929
3930
3931
3932
3933
3934
3935
3936
3937
3938
3939
3940
3941
3942
3943
3944
3945
3946
3947
3948
3949
3950
3951
3952
3953
3954
3955
3956
3957
3958
3959
3960
3961
3962
3963
3964
3965
3966
3967
3968
3969
3970
3971
3972
3973
3974
3975
3976
3977
3978
3979
3980
3981
3982
3983
3984
3985
3986
3987
3988
3989
3990
3991
3992
3993
3994
3995
3996
3997
3998
3999
4000
4001
4002
4003
4004
4005
4006
4007
4008
4009
4010
4011
4012
4013
4014
4015
4016
4017
4018
4019
4020
4021
4022
4023
4024
4025
4026
4027
4028
4029
4030
4031
4032
4033
4034
4035
4036
4037
4038
4039
4040
4041
4042
4043
4044
4045
4046
4047
4048
4049
4050
4051
4052
4053
4054
4055
4056
4057
4058
4059
4060
4061
4062
4063
4064
4065
4066
4067
4068
4069
4070
4071
4072
4073
4074
4075
4076
4077
4078
4079
4080
4081
4082
4083
4084
4085
4086
4087
4088
4089
4090
4091
4092
4093
4094
4095
4096
4097
4098
4099
4100
4101
4102
4103
4104
4105
4106
4107
4108
4109
4110
4111
4112
4113
4114
4115
4116
4117
4118
4119
4120
4121
4122
4123
4124
4125
4126
4127
4128
4129
4130
4131
4132
4133
4134
4135
4136
4137
4138
4139
4140
4141
4142
4143
4144
4145
4146
4147
4148
4149
4150
4151
4152
4153
4154
4155
4156
4157
4158
4159
4160
4161
4162
4163
4164
4165
4166
4167
4168
4169
4170
4171
4172
4173
4174
4175
4176
4177
4178
4179
4180
4181
4182
4183
4184
4185
4186
4187
4188
4189
4190
4191
4192
4193
4194
4195
4196
4197
4198
4199
4200
4201
4202
4203
4204
4205
4206
4207
4208
4209
4210
4211
4212
4213
4214
4215
4216
4217
4218
4219
4220
4221
4222
4223
4224
4225
4226
4227
4228
4229
4230
4231
4232
4233
4234
4235
4236
4237
4238
4239
4240
4241
4242
4243
4244
4245
4246
4247
4248
4249
4250
4251
4252
4253
4254
4255
4256
4257
4258
4259
4260
4261
4262
4263
4264
4265
4266
4267
4268
4269
4270
4271
4272
4273
4274
4275
4276
4277
4278
4279
4280
4281
4282
4283
4284
4285
4286
4287
4288
4289
4290
4291
4292
4293
4294
4295
4296
4297
4298
4299
4300
4301
4302
4303
4304
4305
4306
4307
4308
4309
4310
4311
4312
4313
4314
4315
4316
4317
4318
4319
4320
4321
4322
4323
4324
4325
4326
4327
4328
4329
4330
4331
4332
4333
4334
4335
4336
4337
4338
4339
4340
4341
4342
4343
4344
4345
4346
4347
4348
4349
4350
4351
4352
4353
4354
4355
4356
4357
4358
4359
4360
4361
4362
4363
4364
4365
4366
4367
4368
4369
4370
4371
4372
4373
4374
4375
4376
4377
4378
4379
4380
4381
4382
4383
4384
4385
4386
4387
4388
4389
4390
4391
4392
4393
4394
4395
4396
4397
4398
4399
4400
4401
4402
4403
4404
4405
4406
4407
4408
4409
4410
4411
4412
4413
4414
4415
4416
4417
4418
4419
4420
4421
4422
4423
4424
4425
4426
4427
4428
4429
4430
4431
4432
4433
4434
4435
4436
4437
4438
4439
4440
4441
4442
4443
4444
4445
4446
4447
4448
4449
4450
4451
4452
4453
4454
4455
4456
4457
4458
4459
4460
4461
4462
4463
4464
4465
4466
4467
4468
4469
4470
4471
4472
4473
4474
4475
4476
4477
4478
4479
4480
4481
4482
4483
4484
4485
4486
4487
4488
4489
4490
4491
4492
4493
4494
4495
4496
4497
4498
4499
4500
4501
4502
4503
4504
4505
4506
4507
4508
4509
4510
4511
4512
4513
4514
4515
4516
4517
4518
4519
4520
4521
4522
4523
4524
4525
4526
4527
4528
4529
4530
4531
4532
4533
4534
4535
4536
4537
4538
4539
4540
4541
4542
4543
4544
4545
4546
4547
4548
4549
4550
4551
4552
4553
4554
4555
4556
4557
4558
4559
4560
4561
4562
4563
4564
4565
4566
4567
4568
4569
4570
4571
4572
4573
4574
4575
4576
4577
4578
4579
4580
4581
4582
4583
4584
4585
4586
4587
4588
4589
4590
4591
4592
4593
4594
4595
4596
4597
4598
4599
4600
4601
4602
4603
4604
4605
4606
4607
4608
4609
4610
4611
4612
4613
4614
4615
4616
4617
4618
4619
4620
4621
4622
4623
4624
4625
4626
4627
4628
4629
4630
4631
4632
4633
4634
4635
4636
4637
4638
4639
4640
4641
4642
4643
4644
4645
4646
4647
4648
4649
4650
4651
4652
4653
4654
4655
4656
4657
4658
4659
4660
4661
4662
4663
4664
4665
4666
4667
4668
4669
4670
4671
4672
4673
4674
4675
4676
4677
4678
4679
4680
4681
4682
4683
4684
4685
4686
4687
4688
4689
4690
4691
4692
4693
4694
4695
4696
4697
4698
4699
4700
4701
4702
4703
4704
4705
4706
4707
4708
4709
4710
4711
4712
4713
4714
4715
4716
4717
4718
4719
4720
4721
4722
4723
4724
4725
4726
4727
4728
4729
4730
4731
4732
4733
4734
4735
4736
4737
4738
4739
4740
4741
4742
4743
4744
4745
4746
4747
4748
4749
4750
4751
4752
4753
4754
4755
4756
4757
4758
4759
4760
4761
4762
4763
4764
4765
4766
4767
4768
4769
4770
4771
4772
4773
4774
4775
4776
4777
4778
4779
4780
4781
4782
4783
4784
4785
4786
4787
4788
4789
4790
4791
4792
4793
4794
4795
4796
4797
4798
4799
4800
4801
4802
4803
4804
4805
4806
4807
4808
4809
4810
4811
4812
4813
4814
4815
4816
4817
4818
4819
4820
4821
4822
4823
4824
4825
4826
4827
4828
4829
4830
4831
4832
4833
4834
4835
4836
4837
4838
4839
4840
4841
4842
4843
4844
4845
4846
4847
4848
4849
4850
4851
4852
4853
4854
4855
4856
4857
4858
4859
4860
4861
4862
4863
4864
4865
4866
4867
4868
4869
4870
4871
4872
4873
4874
4875
4876
4877
4878
4879
4880
4881
4882
4883
4884
4885
4886
4887
4888
4889
4890
4891
4892
4893
4894
4895
4896
4897
4898
4899
4900
4901
4902
4903
4904
4905
4906
4907
4908
4909
4910
4911
4912
4913
4914
4915
4916
4917
4918
4919
4920
4921
4922
4923
4924
4925
4926
4927
4928
4929
4930
4931
4932
4933
4934
4935
4936
4937
4938
4939
4940
4941
4942
4943
4944
4945
4946
4947
4948
4949
4950
4951
4952
4953
4954
4955
4956
4957
4958
4959
4960
4961
4962
4963
4964
4965
4966
4967
4968
4969
4970
4971
4972
4973
4974
4975
4976
4977
4978
4979
4980
4981
4982
4983
4984
4985
4986
4987
4988
4989
4990
4991
4992
4993
4994
4995
4996
4997
4998
4999
5000
5001
5002
5003
5004
5005
5006
5007
5008
5009
5010
5011
5012
5013
5014
5015
5016
5017
5018
5019
5020
5021
5022
5023
5024
5025
5026
5027
5028
5029
5030
5031
5032
5033
5034
5035
5036
5037
5038
5039
5040
5041
5042
5043
5044
5045
5046
5047
5048
5049
5050
5051
5052
5053
5054
5055
5056
5057
5058
5059
5060
5061
5062
5063
5064
5065
5066
5067
5068
5069
5070
5071
5072
5073
5074
5075
5076
5077
5078
5079
5080
5081
5082
5083
5084
5085
5086
5087
5088
5089
5090
5091
5092
5093
5094
5095
5096
5097
5098
5099
5100
5101
5102
5103
5104
5105
5106
5107
5108
5109
5110
5111
5112
5113
5114
5115
5116
5117
5118
5119
5120
5121
5122
5123
5124
5125
5126
5127
5128
5129
5130
5131
5132
5133
5134
5135
5136
5137
5138
5139
5140
5141
5142
5143
5144
5145
5146
5147
5148
5149
5150
5151
5152
5153
5154
5155
5156
5157
5158
5159
5160
5161
5162
5163
5164
5165
5166
5167
5168
5169
5170
5171
5172
5173
5174
5175
5176
5177
5178
5179
5180
5181
5182
5183
5184
5185
5186
5187
5188
5189
5190
5191
5192
5193
5194
5195
5196
5197
5198
5199
5200
5201
5202
5203
5204
5205
5206
5207
5208
5209
5210
5211
5212
5213
5214
5215
5216
5217
5218
5219
5220
5221
5222
5223
5224
5225
5226
5227
5228
5229
5230
5231
5232
5233
5234
5235
5236
5237
5238
5239
5240
5241
5242
5243
5244
5245
5246
5247
5248
5249
5250
5251
5252
5253
5254
5255
5256
5257
5258
5259
5260
5261
5262
5263
5264
5265
5266
5267
5268
5269
5270
5271
5272
5273
5274
5275
5276
5277
5278
5279
5280
5281
5282
5283
5284
5285
5286
5287
5288
5289
5290
5291
5292
5293
5294
5295
5296
5297
5298
5299
5300
5301
5302
5303
5304
5305
5306
5307
5308
5309
5310
5311
5312
5313
5314
5315
5316
5317
5318
5319
5320
5321
5322
5323
5324
5325
5326
5327
5328
5329
5330
5331
5332
5333
5334
5335
5336
5337
5338
5339
5340
5341
5342
5343
5344
5345
5346
5347
5348
5349
5350
5351
5352
5353
5354
5355
5356
5357
5358
5359
5360
5361
5362
5363
5364
5365
5366
5367
5368
5369
5370
5371
5372
5373
5374
5375
5376
5377
5378
5379
5380
5381
5382
5383
5384
5385
5386
5387
5388
5389
5390
5391
5392
5393
5394
5395
5396
5397
5398
5399
5400
5401
5402
5403
5404
5405
5406
5407
5408
5409
5410
5411
5412
5413
5414
5415
5416
5417
5418
5419
5420
5421
5422
5423
5424
5425
5426
5427
5428
5429
5430
5431
5432
5433
5434
5435
5436
5437
5438
5439
5440
5441
5442
5443
5444
5445
5446
5447
5448
5449
5450
5451
5452
5453
5454
5455
5456
5457
5458
5459
5460
5461
5462
5463
5464
5465
5466
5467
5468
5469
5470
5471
5472
5473
5474
5475
5476
5477
5478
5479
5480
5481
5482
5483
5484
5485
5486
5487
5488
5489
5490
5491
5492
5493
5494
5495
5496
5497
5498
5499
5500
5501
5502
5503
5504
5505
5506
5507
5508
5509
5510
5511
5512
5513
5514
5515
5516
5517
5518
5519
5520
5521
5522
5523
5524
5525
5526
5527
5528
5529
5530
5531
5532
5533
5534
5535
5536
5537
5538
5539
5540
5541
5542
5543
5544
5545
5546
5547
5548
5549
5550
5551
5552
5553
5554
5555
5556
5557
5558
5559
5560
5561
5562
5563
5564
5565
5566
5567
5568
5569
5570
5571
5572
5573
5574
5575
5576
5577
5578
5579
5580
5581
5582
5583
5584
5585
5586
5587
5588
5589
5590
5591
5592
5593
5594
5595
5596
5597
5598
5599
5600
5601
5602
5603
5604
5605
5606
5607
5608
5609
5610
5611
5612
5613
5614
5615
5616
5617
5618
5619
5620
5621
5622
5623
5624
5625
5626
5627
5628
5629
5630
5631
5632
5633
5634
5635
5636
5637
5638
5639
5640
5641
5642
5643
5644
5645
5646
5647
5648
5649
5650
5651
5652
5653
5654
5655
5656
5657
5658
5659
5660
5661
5662
5663
5664
5665
5666
5667
5668
5669
5670
5671
5672
5673
5674
5675
5676
5677
5678
5679
5680
5681
5682
5683
5684
5685
5686
5687
5688
5689
5690
5691
5692
5693
5694
5695
5696
5697
5698
5699
5700
5701
5702
5703
5704
5705
5706
5707
5708
5709
5710
5711
5712
5713
5714
5715
5716
5717
5718
5719
5720
5721
5722
5723
5724
5725
5726
5727
5728
5729
5730
5731
5732
5733
5734
5735
5736
5737
5738
5739
5740
5741
5742
5743
5744
5745
5746
5747
5748
5749
5750
5751
5752
5753
5754
5755
5756
5757
5758
5759
5760
5761
5762
5763
5764
5765
5766
5767
5768
5769
5770
5771
5772
5773
5774
5775
5776
5777
5778
5779
5780
5781
5782
5783
5784
5785
5786
5787
5788
5789
5790
5791
5792
5793
5794
5795
5796
5797
5798
5799
5800
5801
5802
5803
5804
5805
5806
5807
5808
5809
5810
5811
5812
5813
5814
5815
5816
5817
5818
5819
5820
5821
5822
5823
5824
5825
5826
5827
5828
5829
5830
5831
5832
5833
5834
5835
5836
5837
5838
5839
5840
5841
5842
5843
5844
5845
5846
5847
5848
5849
5850
5851
5852
5853
5854
5855
5856
5857
5858
5859
5860
5861
5862
5863
5864
5865
5866
5867
5868
5869
5870
5871
5872
5873
5874
5875
5876
5877
5878
5879
5880
5881
5882
5883
5884
5885
5886
5887
5888
5889
5890
5891
5892
5893
5894
5895
5896
5897
5898
5899
5900
5901
5902
5903
5904
5905
5906
5907
5908
5909
5910
5911
5912
5913
5914
5915
5916
5917
5918
5919
5920
5921
5922
5923
5924
5925
5926
5927
5928
5929
5930
5931
5932
5933
5934
5935
5936
5937
5938
5939
5940
5941
5942
5943
5944
5945
5946
5947
5948
5949
5950
5951
5952
5953
5954
5955
5956
5957
5958
5959
5960
5961
5962
5963
5964
5965
5966
5967
5968
5969
5970
5971
5972
5973
5974
5975
5976
5977
5978
5979
5980
5981
5982
5983
5984
5985
5986
5987
5988
5989
5990
5991
5992
5993
5994
5995
5996
5997
5998
5999
6000
6001
6002
6003
6004
6005
6006
6007
6008
6009
6010
6011
6012
6013
6014
6015
6016
6017
6018
6019
6020
6021
6022
6023
6024
6025
6026
6027
6028
6029
6030
6031
6032
6033
6034
6035
6036
6037
6038
6039
6040
6041
6042
6043
6044
6045
6046
6047
6048
6049
6050
6051
6052
6053
6054
6055
6056
6057
6058
6059
6060
6061
6062
6063
6064
6065
6066
6067
6068
6069
6070
6071
6072
6073
6074
6075
6076
6077
6078
6079
6080
6081
6082
6083
6084
6085
6086
6087
6088
6089
6090
6091
6092
6093
6094
6095
6096
6097
6098
6099
6100
6101
6102
6103
6104
6105
6106
6107
6108
6109
6110
6111
6112
6113
6114
6115
6116
6117
6118
6119
6120
6121
6122
6123
6124
6125
6126
6127
6128
6129
6130
6131
6132
6133
6134
6135
6136
6137
6138
6139
6140
6141
6142
6143
6144
6145
6146
6147
6148
6149
6150
6151
6152
6153
6154
6155
6156
6157
6158
6159
6160
6161
6162
6163
6164
6165
6166
6167
6168
6169
6170
6171
6172
6173
6174
6175
6176
6177
6178
6179
6180
6181
6182
6183
6184
6185
6186
6187
6188
6189
6190
6191
6192
6193
6194
6195
6196
6197
6198
6199
6200
6201
6202
6203
6204
6205
6206
6207
6208
6209
6210
6211
6212
6213
6214
6215
6216
6217
6218
6219
6220
6221
6222
6223
6224
6225
6226
6227
6228
6229
6230
6231
6232
6233
6234
6235
6236
6237
6238
6239
6240
6241
6242
6243
6244
6245
6246
6247
6248
6249
6250
6251
6252
6253
6254
6255
6256
6257
6258
6259
6260
6261
6262
6263
6264
6265
6266
6267
6268
6269
6270
6271
6272
6273
6274
6275
6276
6277
6278
6279
6280
6281
6282
6283
6284
6285
6286
6287
6288
6289
6290
6291
6292
6293
6294
6295
6296
6297
6298
6299
6300
6301
6302
6303
6304
6305
6306
6307
6308
6309
6310
6311
6312
6313
6314
6315
6316
6317
6318
6319
6320
6321
6322
6323
6324
6325
6326
6327
6328
6329
6330
6331
6332
6333
6334
6335
6336
6337
6338
6339
6340
6341
6342
6343
6344
6345
6346
6347
6348
6349
6350
6351
6352
6353
6354
6355
6356
6357
6358
6359
6360
6361
6362
6363
6364
6365
6366
6367
6368
6369
6370
6371
6372
6373
6374
6375
6376
6377
6378
6379
6380
6381
6382
6383
6384
6385
6386
6387
6388
6389
6390
6391
6392
6393
6394
6395
6396
6397
6398
6399
6400
6401
6402
6403
6404
6405
6406
6407
6408
6409
6410
6411
6412
6413
6414
6415
6416
6417
6418
6419
6420
6421
6422
6423
6424
6425
6426
6427
6428
6429
6430
6431
6432
6433
6434
6435
6436
6437
6438
6439
6440
6441
6442
6443
6444
6445
6446
6447
6448
6449
6450
6451
6452
6453
6454
6455
6456
6457
6458
6459
6460
6461
6462
6463
6464
6465
6466
6467
6468
6469
6470
6471
6472
6473
6474
6475
6476
6477
6478
6479
6480
6481
6482
6483
6484
6485
6486
6487
6488
6489
6490
6491
6492
6493
6494
6495
6496
6497
6498
6499
6500
6501
6502
6503
6504
6505
6506
6507
6508
6509
6510
6511
6512
6513
6514
6515
6516
6517
6518
6519
6520
6521
6522
6523
6524
6525
6526
6527
6528
6529
6530
6531
6532
6533
6534
6535
6536
6537
6538
6539
6540
6541
6542
6543
6544
6545
6546
6547
6548
6549
6550
6551
6552
6553
6554
6555
6556
6557
6558
6559
6560
6561
6562
6563
6564
6565
6566
6567
6568
6569
6570
6571
6572
6573
6574
6575
6576
6577
6578
6579
6580
6581
6582
6583
6584
6585
6586
6587
6588
6589
6590
6591
6592
6593
6594
6595
6596
6597
6598
6599
6600
6601
6602
6603
6604
6605
6606
6607
6608
6609
6610
6611
6612
6613
6614
6615
6616
6617
6618
6619
6620
6621
6622
6623
6624
6625
6626
6627
6628
6629
6630
6631
6632
6633
6634
6635
6636
6637
6638
6639
6640
6641
6642
6643
6644
6645
6646
6647
6648
6649
6650
6651
6652
6653
6654
6655
6656
6657
6658
6659
6660
6661
6662
6663
6664
6665
6666
6667
6668
6669
6670
6671
6672
6673
6674
6675
6676
6677
6678
6679
6680
6681
6682
6683
6684
6685
6686
6687
6688
6689
6690
6691
6692
6693
6694
6695
6696
6697
6698
6699
6700
6701
6702
6703
6704
6705
6706
6707
6708
6709
6710
6711
6712
6713
6714
6715
6716
6717
6718
6719
6720
6721
6722
6723
6724
6725
6726
6727
6728
6729
6730
6731
6732
6733
6734
6735
6736
6737
6738
6739
6740
6741
6742
6743
6744
6745
6746
6747
6748
6749
6750
6751
6752
6753
6754
6755
6756
6757
6758
6759
6760
6761
6762
6763
6764
6765
6766
6767
6768
6769
6770
6771
6772
6773
6774
6775
6776
6777
6778
6779
6780
6781
6782
6783
6784
6785
6786
6787
6788
6789
6790
6791
6792
6793
6794
6795
6796
6797
6798
6799
6800
6801
6802
6803
6804
6805
6806
6807
6808
6809
6810
6811
6812
6813
6814
6815
6816
6817
6818
6819
6820
6821
6822
6823
6824
6825
6826
6827
6828
6829
6830
6831
6832
6833
6834
6835
6836
6837
6838
6839
6840
6841
6842
6843
6844
6845
6846
6847
6848
6849
6850
6851
6852
6853
6854
6855
6856
6857
6858
6859
6860
6861
6862
6863
6864
6865
6866
6867
6868
6869
6870
6871
6872
6873
6874
6875
6876
6877
6878
6879
6880
6881
6882
6883
6884
6885
6886
6887
6888
6889
6890
6891
6892
6893
6894
6895
6896
6897
6898
6899
6900
6901
6902
6903
6904
6905
6906
6907
6908
6909
6910
6911
6912
6913
6914
6915
6916
6917
6918
6919
6920
6921
6922
6923
6924
6925
6926
6927
6928
6929
6930
6931
6932
6933
6934
6935
6936
6937
6938
6939
6940
6941
6942
6943
6944
6945
6946
6947
6948
6949
6950
6951
6952
6953
6954
6955
6956
6957
6958
6959
6960
6961
6962
6963
6964
6965
6966
6967
6968
6969
6970
6971
6972
6973
6974
6975
6976
6977
6978
6979
6980
6981
6982
6983
6984
6985
6986
6987
6988
6989
6990
6991
6992
6993
6994
6995
6996
6997
6998
6999
7000
7001
7002
7003
7004
7005
7006
7007
7008
7009
7010
7011
7012
7013
7014
7015
7016
7017
7018
7019
7020
7021
7022
7023
7024
7025
7026
7027
7028
7029
7030
7031
7032
7033
7034
7035
7036
7037
7038
7039
7040
7041
7042
7043
7044
7045
7046
7047
7048
7049
7050
7051
7052
7053
7054
7055
7056
7057
7058
7059
7060
7061
7062
7063
7064
7065
7066
7067
7068
7069
7070
7071
7072
7073
7074
7075
7076
7077
7078
7079
7080
7081
7082
7083
7084
7085
7086
7087
7088
7089
7090
7091
7092
7093
7094
7095
7096
7097
7098
7099
7100
7101
7102
7103
7104
7105
7106
7107
7108
7109
7110
7111
7112
7113
7114
7115
7116
7117
7118
7119
7120
7121
7122
7123
7124
7125
7126
7127
7128
7129
7130
7131
7132
7133
7134
7135
7136
7137
7138
7139
7140
7141
7142
7143
7144
7145
7146
7147
7148
7149
7150
7151
7152
7153
7154
7155
7156
7157
7158
7159
7160
7161
7162
7163
7164
7165
7166
7167
7168
7169
7170
7171
7172
7173
7174
7175
7176
7177
7178
7179
7180
7181
7182
7183
7184
7185
7186
7187
7188
7189
7190
7191
7192
7193
7194
7195
7196
7197
7198
7199
7200
7201
7202
7203
7204
7205
7206
7207
7208
7209
7210
7211
7212
7213
7214
7215
7216
7217
7218
7219
7220
7221
7222
7223
7224
7225
7226
7227
7228
7229
7230
7231
7232
7233
7234
7235
7236
7237
7238
7239
7240
7241
7242
7243
7244
7245
7246
7247
7248
7249
7250
7251
7252
7253
7254
7255
7256
7257
7258
7259
7260
7261
7262
7263
7264
7265
7266
7267
7268
7269
7270
7271
7272
7273
7274
7275
7276
7277
7278
7279
7280
7281
7282
7283
7284
7285
7286
7287
7288
7289
7290
7291
7292
7293
7294
7295
7296
7297
7298
7299
7300
7301
7302
7303
7304
7305
7306
7307
7308
7309
7310
7311
7312
7313
7314
7315
7316
7317
7318
7319
7320
7321
7322
7323
7324
7325
7326
7327
7328
7329
7330
7331
7332
7333
7334
7335
7336
7337
7338
7339
7340
7341
7342
7343
7344
7345
7346
7347
7348
7349
7350
7351
7352
7353
7354
7355
7356
7357
7358
7359
7360
7361
7362
7363
7364
7365
7366
7367
7368
7369
7370
7371
7372
7373
7374
7375
7376
7377
7378
7379
7380
7381
7382
7383
7384
7385
7386
7387
7388
7389
7390
7391
7392
7393
7394
7395
7396
7397
7398
7399
7400
7401
7402
7403
7404
7405
7406
7407
7408
7409
7410
7411
7412
7413
7414
7415
7416
7417
7418
7419
7420
7421
7422
7423
7424
7425
7426
7427
7428
7429
7430
7431
7432
7433
7434
7435
7436
7437
7438
7439
7440
7441
7442
7443
7444
7445
7446
7447
7448
7449
7450
7451
7452
7453
7454
7455
7456
7457
7458
7459
7460
7461
7462
7463
7464
7465
7466
7467
7468
7469
7470
7471
7472
7473
7474
7475
7476
7477
7478
7479
7480
7481
7482
7483
7484
7485
7486
7487
7488
7489
7490
7491
7492
7493
7494
7495
7496
7497
7498
7499
7500
7501
7502
7503
7504
7505
7506
7507
7508
7509
7510
7511
7512
7513
7514
7515
7516
7517
7518
7519
7520
7521
7522
7523
7524
7525
7526
7527
7528
7529
7530
7531
7532
7533
7534
7535
7536
7537
7538
7539
7540
7541
7542
7543
7544
7545
7546
7547
7548
7549
7550
7551
7552
7553
7554
7555
7556
7557
7558
7559
7560
7561
7562
7563
7564
7565
7566
7567
7568
7569
7570
7571
7572
7573
7574
7575
7576
7577
7578
7579
7580
7581
7582
7583
7584
7585
7586
7587
7588
7589
7590
7591
7592
7593
7594
7595
7596
7597
7598
7599
7600
7601
7602
7603
7604
7605
7606
7607
7608
7609
7610
7611
7612
7613
7614
7615
7616
7617
7618
7619
7620
7621
7622
7623
7624
7625
7626
7627
7628
7629
7630
7631
7632
7633
7634
7635
7636
7637
7638
7639
7640
7641
7642
7643
7644
7645
7646
7647
7648
7649
7650
7651
7652
7653
7654
7655
7656
7657
7658
7659
7660
7661
7662
7663
7664
7665
7666
7667
7668
7669
7670
7671
7672
7673
7674
7675
7676
7677
7678
7679
7680
7681
7682
7683
7684
7685
7686
7687
7688
7689
7690
7691
7692
7693
7694
7695
7696
7697
7698
7699
7700
7701
7702
7703
7704
7705
7706
7707
7708
7709
7710
7711
7712
7713
7714
7715
7716
7717
7718
7719
7720
7721
7722
7723
7724
7725
7726
7727
7728
7729
7730
7731
7732
7733
7734
7735
7736
7737
7738
7739
7740
7741
7742
7743
7744
7745
7746
7747
7748
7749
7750
7751
7752
7753
7754
7755
7756
7757
7758
7759
7760
7761
7762
7763
7764
7765
7766
7767
7768
7769
7770
7771
7772
7773
7774
7775
7776
7777
7778
7779
7780
7781
7782
7783
7784
7785
7786
7787
7788
7789
7790
7791
7792
7793
7794
7795
7796
7797
7798
7799
7800
7801
7802
7803
7804
7805
7806
7807
7808
7809
7810
7811
7812
7813
7814
7815
7816
7817
7818
7819
7820
7821
7822
7823
7824
7825
7826
7827
7828
7829
7830
7831
7832
7833
7834
7835
7836
7837
7838
7839
7840
7841
7842
7843
7844
7845
7846
7847
7848
7849
7850
7851
7852
7853
7854
7855
7856
7857
7858
7859
7860
7861
7862
7863
7864
7865
7866
7867
7868
7869
7870
7871
7872
7873
7874
7875
7876
7877
7878
7879
7880
7881
7882
7883
7884
7885
7886
7887
7888
7889
7890
7891
7892
7893
7894
7895
7896
7897
7898
7899
7900
7901
7902
7903
7904
7905
7906
7907
7908
7909
7910
7911
7912
7913
7914
7915
7916
7917
7918
7919
7920
7921
7922
7923
7924
7925
7926
7927
7928
7929
7930
7931
7932
7933
7934
7935
7936
7937
7938
7939
7940
7941
7942
7943
7944
7945
7946
7947
7948
7949
7950
7951
7952
7953
7954
7955
7956
7957
7958
7959
7960
7961
7962
7963
7964
7965
7966
7967
7968
7969
7970
7971
7972
7973
7974
7975
7976
7977
7978
7979
7980
7981
7982
7983
7984
7985
7986
7987
7988
7989
7990
7991
7992
7993
7994
7995
7996
7997
7998
7999
8000
8001
8002
8003
8004
8005
8006
8007
8008
8009
8010
8011
8012
8013
8014
8015
8016
8017
8018
8019
8020
8021
8022
8023
8024
8025
8026
8027
8028
8029
8030
8031
8032
8033
8034
8035
8036
8037
8038
8039
8040
8041
8042
8043
8044
8045
8046
8047
8048
8049
8050
8051
8052
8053
8054
8055
8056
8057
8058
8059
8060
8061
8062
8063
8064
8065
8066
8067
8068
8069
8070
8071
8072
8073
8074
8075
8076
8077
8078
8079
8080
8081
8082
8083
8084
8085
8086
8087
8088
8089
8090
8091
8092
8093
8094
8095
8096
8097
8098
8099
8100
8101
8102
8103
8104
8105
8106
8107
8108
8109
8110
8111
8112
8113
8114
8115
8116
8117
8118
8119
8120
8121
8122
8123
8124
8125
8126
8127
8128
8129
8130
8131
8132
8133
8134
8135
8136
8137
8138
8139
8140
8141
8142
8143
8144
8145
8146
8147
8148
8149
8150
8151
8152
8153
8154
8155
8156
8157
8158
8159
8160
8161
8162
8163
8164
8165
8166
8167
8168
8169
8170
8171
8172
8173
8174
8175
8176
8177
8178
8179
8180
8181
8182
8183
8184
8185
8186
8187
8188
8189
8190
8191
8192
8193
8194
8195
8196
8197
8198
8199
8200
8201
8202
8203
8204
8205
8206
8207
8208
8209
8210
8211
8212
8213
8214
8215
8216
8217
8218
8219
8220
8221
8222
8223
8224
8225
8226
8227
8228
8229
8230
8231
8232
8233
8234
8235
8236
8237
8238
8239
8240
8241
8242
8243
8244
8245
8246
8247
8248
8249
8250
8251
8252
8253
8254
8255
8256
8257
8258
8259
8260
8261
8262
8263
8264
8265
8266
8267
8268
8269
8270
8271
8272
8273
8274
8275
8276
8277
8278
8279
8280
8281
8282
8283
8284
8285
8286
8287
8288
8289
8290
8291
8292
8293
8294
8295
8296
8297
8298
8299
8300
8301
8302
8303
8304
8305
8306
8307
8308
8309
8310
8311
8312
8313
8314
8315
8316
8317
8318
8319
8320
8321
8322
8323
8324
8325
8326
8327
8328
8329
8330
8331
8332
8333
8334
8335
8336
8337
8338
8339
8340
8341
8342
8343
8344
8345
8346
8347
8348
8349
8350
8351
8352
8353
8354
8355
8356
8357
8358
8359
8360
8361
8362
8363
8364
8365
8366
8367
8368
8369
8370
8371
8372
8373
8374
8375
8376
8377
8378
8379
8380
8381
8382
8383
8384
8385
8386
8387
8388
8389
8390
8391
8392
8393
8394
8395
8396
8397
8398
8399
8400
8401
8402
8403
8404
8405
8406
8407
8408
8409
8410
8411
8412
8413
8414
8415
8416
8417
8418
8419
8420
8421
8422
8423
8424
8425
8426
8427
8428
8429
8430
8431
8432
8433
8434
8435
8436
8437
8438
8439
8440
8441
8442
8443
8444
8445
8446
8447
8448
8449
8450
8451
8452
8453
8454
8455
8456
8457
8458
8459
8460
8461
8462
8463
8464
8465
8466
8467
8468
8469
8470
8471
8472
8473
8474
8475
8476
8477
8478
8479
8480
8481
8482
8483
8484
8485
8486
8487
8488
8489
8490
8491
8492
8493
8494
8495
8496
8497
8498
8499
8500
8501
8502
8503
8504
8505
8506
8507
8508
8509
8510
8511
8512
8513
8514
8515
8516
8517
8518
8519
8520
8521
8522
8523
8524
8525
8526
8527
8528
8529
8530
8531
8532
8533
8534
8535
8536
8537
8538
8539
8540
8541
8542
8543
8544
8545
8546
8547
8548
8549
8550
8551
8552
8553
8554
8555
8556
8557
8558
8559
8560
8561
8562
8563
8564
8565
8566
8567
8568
8569
8570
8571
8572
8573
8574
8575
8576
8577
8578
8579
8580
8581
8582
8583
8584
8585
8586
8587
8588
8589
8590
8591
8592
8593
8594
8595
8596
8597
8598
8599
8600
8601
8602
8603
8604
8605
8606
8607
8608
8609
8610
8611
8612
8613
8614
8615
8616
8617
8618
8619
8620
8621
8622
8623
8624
8625
8626
8627
8628
8629
8630
8631
8632
8633
8634
8635
8636
8637
8638
8639
8640
8641
8642
8643
8644
8645
8646
8647
8648
8649
8650
8651
8652
8653
8654
8655
8656
8657
8658
8659
8660
8661
8662
8663
8664
8665
8666
8667
8668
8669
8670
8671
8672
8673
8674
8675
8676
8677
8678
8679
8680
8681
8682
8683
8684
8685
8686
8687
8688
8689
8690
8691
8692
8693
8694
8695
8696
8697
8698
8699
8700
8701
8702
8703
8704
8705
8706
8707
8708
8709
8710
8711
8712
8713
8714
8715
8716
8717
8718
8719
8720
8721
8722
8723
8724
8725
8726
8727
8728
8729
8730
8731
8732
8733
8734
8735
8736
8737
8738
8739
8740
8741
8742
8743
8744
8745
8746
8747
8748
8749
8750
8751
8752
8753
8754
8755
8756
8757
8758
8759
8760
8761
8762
8763
8764
8765
8766
8767
8768
8769
8770
8771
8772
8773
8774
8775
8776
8777
8778
8779
8780
8781
8782
8783
8784
8785
8786
8787
8788
8789
8790
8791
8792
8793
8794
8795
8796
8797
8798
8799
8800
8801
8802
8803
8804
8805
8806
8807
8808
8809
8810
8811
8812
8813
8814
8815
8816
8817
8818
8819
8820
8821
8822
8823
8824
8825
8826
8827
8828
8829
8830
8831
8832
8833
8834
8835
8836
8837
8838
8839
8840
8841
8842
8843
8844
8845
8846
8847
8848
8849
8850
8851
8852
8853
8854
8855
8856
8857
8858
8859
8860
8861
8862
8863
8864
8865
8866
8867
8868
8869
8870
8871
8872
8873
8874
8875
8876
8877
8878
8879
8880
8881
8882
8883
8884
8885
8886
8887
8888
8889
8890
8891
8892
8893
8894
8895
8896
8897
8898
8899
8900
8901
8902
8903
8904
8905
8906
8907
8908
8909
8910
8911
8912
8913
8914
8915
8916
8917
8918
8919
8920
8921
8922
8923
8924
8925
8926
8927
8928
8929
8930
8931
8932
8933
8934
8935
8936
8937
8938
8939
8940
8941
8942
8943
8944
8945
8946
8947
8948
8949
8950
8951
8952
8953
8954
8955
8956
8957
8958
8959
8960
8961
8962
8963
8964
8965
8966
8967
8968
8969
8970
8971
8972
8973
8974
8975
8976
8977
8978
8979
8980
8981
8982
8983
8984
8985
8986
8987
8988
8989
8990
8991
8992
8993
8994
8995
8996
8997
8998
8999
9000
9001
9002
9003
9004
9005
9006
9007
9008
9009
9010
9011
9012
9013
9014
9015
9016
9017
9018
9019
9020
9021
9022
9023
9024
9025
9026
9027
9028
9029
9030
9031
9032
9033
9034
9035
9036
9037
9038
9039
9040
9041
9042
9043
9044
9045
9046
9047
9048
9049
9050
9051
9052
9053
9054
9055
9056
9057
9058
9059
9060
9061
9062
9063
9064
9065
9066
9067
9068
9069
9070
9071
9072
9073
9074
9075
9076
9077
9078
9079
9080
9081
9082
9083
9084
9085
9086
9087
9088
9089
9090
9091
9092
9093
9094
9095
9096
9097
9098
9099
9100
9101
9102
9103
9104
9105
9106
9107
9108
9109
9110
9111
9112
9113
9114
9115
9116
9117
9118
9119
9120
9121
9122
9123
9124
9125
9126
9127
9128
9129
9130
9131
9132
9133
9134
9135
9136
9137
9138
9139
9140
9141
9142
9143
9144
9145
9146
9147
9148
9149
9150
9151
9152
9153
9154
9155
9156
9157
9158
9159
9160
9161
9162
9163
9164
9165
9166
9167
9168
9169
9170
9171
9172
9173
9174
9175
9176
9177
9178
9179
9180
9181
9182
9183
9184
9185
9186
9187
9188
9189
9190
9191
9192
9193
9194
9195
9196
9197
9198
9199
9200
9201
9202
9203
9204
9205
9206
9207
9208
9209
9210
9211
9212
9213
9214
9215
9216
9217
9218
9219
9220
9221
9222
9223
9224
9225
9226
9227
9228
9229
9230
9231
9232
9233
9234
9235
9236
9237
9238
9239
9240
9241
9242
9243
9244
9245
9246
9247
9248
9249
9250
9251
9252
9253
9254
9255
9256
9257
9258
9259
9260
9261
9262
9263
9264
9265
9266
9267
9268
9269
9270
9271
9272
9273
9274
9275
9276
9277
9278
9279
9280
9281
9282
9283
9284
9285
9286
9287
9288
9289
9290
9291
9292
9293
9294
9295
9296
9297
9298
9299
9300
9301
9302
9303
9304
9305
9306
9307
9308
9309
9310
9311
9312
9313
9314
9315
9316
9317
9318
9319
9320
9321
9322
9323
9324
9325
9326
9327
9328
9329
9330
9331
9332
9333
9334
9335
9336
9337
9338
9339
9340
9341
9342
9343
9344
9345
9346
9347
9348
9349
9350
9351
9352
9353
9354
9355
9356
9357
9358
9359
9360
9361
9362
9363
9364
9365
9366
9367
9368
9369
9370
9371
9372
9373
9374
9375
9376
9377
9378
9379
9380
9381
9382
9383
9384
9385
9386
9387
9388
9389
9390
9391
9392
9393
9394
9395
9396
9397
9398
9399
9400
9401
9402
9403
9404
9405
9406
9407
9408
9409
9410
9411
9412
9413
9414
9415
9416
9417
9418
9419
9420
9421
9422
9423
9424
9425
9426
9427
9428
9429
9430
9431
9432
9433
9434
9435
9436
9437
9438
9439
9440
9441
9442
9443
9444
9445
9446
9447
9448
9449
9450
9451
9452
9453
9454
9455
9456
9457
9458
9459
9460
9461
9462
9463
9464
9465
9466
9467
9468
9469
9470
9471
9472
9473
9474
9475
9476
9477
9478
9479
9480
9481
9482
9483
9484
9485
9486
9487
9488
9489
9490
9491
9492
9493
9494
9495
9496
9497
9498
9499
9500
9501
9502
9503
9504
9505
9506
9507
9508
9509
9510
9511
9512
9513
9514
9515
9516
9517
9518
9519
9520
9521
9522
9523
9524
9525
9526
9527
9528
9529
9530
9531
9532
9533
9534
9535
9536
9537
9538
9539
9540
9541
9542
9543
9544
9545
9546
9547
9548
9549
9550
9551
9552
9553
9554
9555
9556
9557
9558
9559
9560
9561
9562
9563
9564
9565
9566
9567
9568
9569
9570
9571
9572
9573
9574
9575
9576
9577
9578
9579
9580
9581
9582
9583
9584
9585
9586
9587
9588
9589
9590
9591
9592
9593
9594
9595
9596
9597
9598
9599
9600
9601
9602
9603
9604
9605
9606
9607
9608
9609
9610
9611
9612
9613
9614
9615
9616
9617
9618
9619
9620
9621
9622
9623
9624
9625
9626
9627
9628
9629
9630
9631
9632
9633
9634
9635
9636
9637
9638
9639
9640
9641
9642
9643
9644
9645
9646
9647
9648
9649
9650
9651
9652
9653
9654
9655
9656
9657
9658
9659
9660
9661
9662
9663
9664
9665
9666
9667
9668
9669
9670
9671
9672
9673
9674
9675
9676
9677
9678
9679
9680
9681
9682
9683
9684
9685
9686
9687
9688
9689
9690
9691
9692
9693
9694
9695
9696
9697
9698
9699
9700
9701
9702
9703
9704
9705
9706
9707
9708
9709
9710
9711
9712
9713
9714
9715
9716
9717
9718
9719
9720
9721
9722
9723
9724
9725
9726
9727
9728
9729
9730
9731
9732
9733
9734
9735
9736
9737
9738
9739
9740
9741
9742
9743
9744
9745
9746
9747
9748
9749
9750
9751
9752
9753
9754
9755
9756
9757
9758
9759
9760
9761
9762
9763
9764
9765
9766
9767
9768
9769
9770
9771
9772
9773
9774
9775
9776
9777
9778
9779
9780
9781
9782
9783
9784
9785
9786
9787
9788
9789
9790
9791
9792
9793
9794
9795
9796
9797
9798
9799
9800
9801
9802
9803
9804
9805
9806
9807
9808
9809
9810
9811
9812
9813
9814
9815
9816
9817
9818
9819
9820
9821
9822
9823
9824
9825
9826
9827
9828
9829
9830
9831
9832
9833
9834
9835
9836
9837
9838
9839
9840
9841
9842
9843
9844
9845
9846
9847
9848
9849
9850
9851
9852
9853
9854
9855
9856
9857
9858
9859
9860
9861
9862
9863
9864
9865
9866
9867
9868
9869
9870
9871
9872
9873
9874
9875
9876
9877
9878
9879
9880
9881
9882
9883
9884
9885
9886
9887
9888
9889
9890
9891
9892
9893
9894
9895
9896
9897
9898
9899
9900
9901
9902
9903
9904
9905
9906
9907
9908
9909
9910
9911
9912
9913
9914
9915
9916
9917
9918
9919
9920
9921
9922
9923
9924
9925
9926
9927
9928
9929
9930
9931
9932
9933
9934
9935
9936
9937
9938
9939
9940
9941
9942
9943
9944
9945
9946
9947
9948
9949
9950
9951
9952
9953
9954
9955
9956
9957
9958
9959
9960
9961
9962
9963
9964
9965
9966
9967
9968
9969
9970
9971
9972
9973
9974
9975
9976
9977
9978
9979
9980
9981
9982
9983
9984
9985
9986
9987
9988
9989
9990
9991
9992
9993
9994
9995
9996
9997
9998
9999
10000
10001
10002
10003
10004
10005
10006
10007
10008
10009
10010
10011
10012
10013
10014
10015
10016
10017
10018
10019
10020
10021
10022
10023
10024
10025
10026
10027
10028
10029
10030
10031
10032
10033
10034
10035
10036
10037
10038
10039
10040
10041
10042
10043
10044
10045
10046
10047
10048
10049
10050
10051
10052
10053
10054
10055
10056
10057
10058
10059
10060
10061
10062
10063
10064
10065
10066
10067
10068
10069
10070
10071
10072
10073
10074
10075
10076
10077
10078
10079
10080
10081
10082
10083
10084
10085
10086
10087
10088
10089
10090
10091
10092
10093
10094
10095
10096
10097
10098
10099
10100
10101
10102
10103
10104
10105
10106
10107
10108
10109
10110
10111
10112
10113
10114
10115
10116
10117
10118
10119
10120
10121
10122
10123
10124
10125
10126
10127
10128
10129
10130
10131
10132
10133
10134
10135
10136
10137
10138
10139
10140
10141
10142
10143
10144
10145
10146
10147
10148
10149
10150
10151
10152
10153
10154
10155
10156
10157
10158
10159
10160
10161
10162
10163
10164
10165
10166
10167
10168
10169
10170
10171
10172
10173
10174
10175
10176
10177
10178
10179
10180
10181
10182
10183
10184
10185
10186
10187
10188
10189
10190
10191
10192
10193
10194
10195
10196
10197
10198
10199
10200
10201
0.0009999999999982124 -0.09399999999999871 0
0.0009999999999982453 -0.0929999999999947 0
0.0009999999999982781 -0.09199999999999073 0
0.0009999999999983104 -0.09099999999998971 0
0.0009999999999983436 -0.08999999999998805 0
0.0009999999999983763 -0.08899999999998409 0
0.0009999999999984091 -0.08799999999998008 0
0.000999999999998442 -0.08699999999997941 0
0.0009999999999984745 -0.08599999999997746 0
0.0009999999999985075 -0.08499999999997344 0
0.00099999999999854 -0.08399999999996965 0
0.000999999999998573 -0.0829999999999691 0
0.000999999999998606 -0.08199999999996685 0
0.0009999999999986389 -0.08099999999996282 0
0.0009999999999986714 -0.07999999999995938 0
0.0009999999999987044 -0.07899999999995877 0
0.0009999999999987367 -0.0779999999999562 0
0.0009999999999987697 -0.07699999999995218 0
0.0009999999999988022 -0.07599999999994907 0
0.0009999999999988356 -0.07499999999994851 0
0.0009999999999988679 -0.07399999999994561 0
0.0009999999999989009 -0.0729999999999416 0
0.0009999999999989338 -0.07199999999993878 0
0.0009999999999989663 -0.07099999999993824 0
0.0009999999999989993 -0.06999999999993496 0
0.0009999999999990318 -0.06899999999993171 0
0.0009999999999990646 -0.06799999999993114 0
0.0009999999999990977 -0.06699999999992835 0
0.0009999999999991303 -0.06599999999992433 0
0.0009999999999991632 -0.06499999999992143 0
0.0009999999999991958 -0.06399999999992087 0
0.0009999999999992287 -0.06299999999991775 0
0.0009999999999992617 -0.06199999999991374 0
0.0009999999999992942 -0.06099999999991112 0
0.0009999999999993272 -0.05999999999991053 0
0.0009999999999993597 -0.05899999999990711 0
0.0009999999999993927 -0.05799999999990359 0
0.0009999999999994256 -0.05699999999990132 0
0.0009999999999994581 -0.05599999999989903 0
0.0009999999999994911 -0.05499999999989649 0
0.0009999999999995236 -0.05399999999989314 0
0.0009999999999995566 -0.05299999999989085 0
0.0009999999999995895 -0.05199999999988859 0
0.0009999999999996221 -0.05099999999988588 0
0.0009999999999996548 -0.04999999999988271 0
0.0009999999999996876 -0.04899999999988042 0
0.0009999999999997205 -0.04799999999987813 0
0.0009999999999997535 -0.04699999999987525 0
0.0009999999999997862 -0.04599999999987223 0
0.0009999999999998187 -0.04499999999987128 0
0.0009999999999998515 -0.04399999999987277 0
0.0009999999999998844 -0.0429999999998756 0
0.0009999999999999174 -0.04199999999987839 0
0.0009999999999999504 -0.04099999999988124 0
0.0009999999999999825 -0.03999999999988405 0
0.001000000000000015 -0.03899999999988688 0
0.001000000000000048 -0.03799999999988969 0
0.001000000000000081 -0.03699999999989251 0
0.001000000000000114 -0.03599999999989534 0
0.001000000000000146 -0.03499999999989815 0
0.001000000000000179 -0.03399999999990095 0
0.001000000000000212 -0.03299999999990427 0
0.001000000000000245 -0.03199999999990883 0
0.001000000000000278 -0.03099999999991211 0
0.001000000000000311 -0.02999999999991493 0
0.001000000000000343 -0.02899999999991776 0
0.001000000000000376 -0.02799999999992058 0
0.001000000000000409 -0.02699999999992338 0
0.001000000000000442 -0.02599999999992621 0
0.001000000000000475 -0.02499999999992904 0
0.001000000000000507 -0.02399999999993185 0
0.00100000000000054 -0.02299999999993467 0
0.001000000000000573 -0.02199999999993749 0
0.001000000000000606 -0.02099999999994033 0
0.001000000000000638 -0.01999999999994315 0
0.001000000000000671 -0.01899999999994596 0
0.001000000000000704 -0.01799999999994879 0
0.001000000000000737 -0.01699999999995161 0
0.00100000000000077 -0.01599999999995442 0
0.001000000000000802 -0.01499999999995723 0
0.001000000000000835 -0.01399999999996052 0
0.001000000000000868 -0.01299999999996419 0
0.001000000000000901 -0.01199999999996702 0
0.001000000000000934 -0.01099999999996984 0
0.001000000000000966 -0.009999999999972673 0
0.001000000000000999 -0.008999999999975486 0
0.001000000000001032 -0.007999999999978163 0
0.001000000000001064 -0.006999999999980345 0
0.001000000000001097 -0.005999999999982015 0
0.00100000000000113 -0.004999999999983196 0
0.001000000000001163 -0.003999999999984715 0
0.001000000000001196 -0.002999999999985994 0
0.001000000000001229 -0.001999999999987295 0
0.001000000000001261 -0.0009999999999888648 0
0.001000000000001294 9.202708040056962e-15 0
0.001000000000001327 0.001000000000007018 0
0.00100000000000136 0.002000000000005037 0
0.001000000000001393 0.003000000000003274 0
0.001000000000001425 0.004000000000001711 0
0.001999999999996485 -0.09399999999999872 0
0.001999999999996577 -0.09299999999999481 0
0.00199999999999667 -0.09199999999999089 0
0.001999999999996761 -0.09099999999998994 0
0.001999999999996855 -0.08999999999998831 0
0.001999999999996946 -0.08899999999998442 0
0.001999999999997039 -0.08799999999998047 0
0.001999999999997132 -0.08699999999997984 0
0.001999999999997224 -0.08599999999997793 0
0.001999999999997317 -0.084999999999974 0
0.001999999999997408 -0.08399999999997027 0
0.001999999999997502 -0.08299999999996975 0
0.001999999999997594 -0.0819999999999675 0
0.001999999999997686 -0.0809999999999636 0
0.001999999999997778 -0.07999999999996019 0
0.001999999999997871 -0.07899999999995964 0
0.001999999999997963 -0.07799999999995713 0
0.001999999999998056 -0.07699999999995319 0
0.001999999999998148 -0.07599999999995011 0
0.001999999999998241 -0.07499999999994959 0
0.001999999999998333 -0.07399999999994671 0
0.001999999999998426 -0.07299999999994278 0
0.001999999999998518 -0.07199999999994003 0
0.001999999999998611 -0.0709999999999395 0
0.001999999999998702 -0.06999999999993628 0
0.001999999999998796 -0.06899999999993313 0
0.001999999999998888 -0.06799999999993259 0
0.00199999999999898 -0.06699999999992985 0
0.001999999999999072 -0.0659999999999259 0
0.001999999999999165 -0.06499999999992305 0
0.001999999999999258 -0.06399999999992252 0
0.00199999999999935 -0.06299999999991945 0
0.001999999999999442 -0.06199999999991553 0
0.001999999999999535 -0.06099999999991298 0
0.001999999999999627 -0.05999999999991241 0
0.00199999999999972 -0.05899999999990905 0
0.001999999999999812 -0.0579999999999056 0
0.001999999999999905 -0.0569999999999034 0
0.001999999999999997 -0.05599999999990118 0
0.00200000000000009 -0.0549999999998987 0
0.002000000000000182 -0.05399999999989537 0
0.002000000000000275 -0.05299999999989315 0
0.002000000000000367 -0.05199999999989092 0
0.00200000000000046 -0.05099999999988826 0
0.002000000000000552 -0.04999999999988514 0
0.002000000000000644 -0.04899999999988292 0
0.002000000000000737 -0.0479999999998807 0
0.002000000000000829 -0.04699999999987788 0
0.002000000000000922 -0.04599999999987488 0
0.002000000000001014 -0.04499999999987397 0
0.002000000000001107 -0.04399999999987544 0
0.002000000000001199 -0.0429999999998782 0
0.002000000000001291 -0.04199999999988096 0
0.002000000000001383 -0.04099999999988373 0
0.002000000000001476 -0.03999999999988649 0
0.002000000000001569 -0.03899999999988925 0
0.002000000000001661 -0.037999999999892 0
0.002000000000001754 -0.03699999999989476 0
0.002000000000001846 -0.03599999999989756 0
0.002000000000001938 -0.03499999999990031 0
0.002000000000002031 -0.03399999999990306 0
0.002000000000002123 -0.03299999999990632 0
0.002000000000002215 -0.03199999999991079 0
0.002000000000002309 -0.03099999999991401 0
0.0020000000000024 -0.02999999999991676 0
0.002000000000002493 -0.02899999999991956 0
0.002000000000002586 -0.02799999999992231 0
0.002000000000002678 -0.02699999999992506 0
0.00200000000000277 -0.02599999999992781 0
0.002000000000002863 -0.02499999999993061 0
0.002000000000002956 -0.02399999999993336 0
0.002000000000003047 -0.02299999999993611 0
0.00200000000000314 -0.02199999999993886 0
0.002000000000003233 -0.02099999999994168 0
0.002000000000003325 -0.01999999999994442 0
0.002000000000003417 -0.01899999999994718 0
0.002000000000003509 -0.01799999999994997 0
0.002000000000003602 -0.01699999999995273 0
0.002000000000003695 -0.01599999999995546 0
0.002000000000003787 -0.01499999999995822 0
0.00200000000000388 -0.01399999999996147 0
0.002000000000003972 -0.01299999999996507 0
0.002000000000004064 -0.01199999999996783 0
0.002000000000004156 -0.01099999999997059 0
0.002000000000004249 -0.009999999999973384 0
0.002000000000004341 -0.008999999999976128 0
0.002000000000004434 -0.007999999999978743 0
0.002000000000004526 -0.00699999999998088 0
0.00200000000000462 -0.005999999999982522 0
0.002000000000004712 -0.004999999999983654 0
0.002000000000004803 -0.003999999999985113 0
0.002000000000004896 -0.002999999999986359 0
0.002000000000004989 -0.001999999999987637 0
0.002000000000005081 -0.0009999999999891502 0
0.002000000000005173 8.979796073393942e-15 0
0.002000000000005266 0.001000000000006836 0
0.002000000000005359 0.002000000000004886 0
0.002000000000005451 0.003000000000003183 0
0.002000000000005544 0.004000000000001679 0
0.002999999999994686 -0.09399999999999878 0
0.002999999999994839 -0.09299999999999492 0
0.002999999999994992 -0.09199999999999108 0
0.002999999999995144 -0.09099999999999016 0
0.002999999999995297 -0.08999999999998858 0
0.00299999999999545 -0.08899999999998476 0
0.002999999999995601 -0.0879999999999809 0
0.002999999999995754 -0.08699999999998026 0
0.002999999999995907 -0.0859999999999784 0
0.00299999999999606 -0.08499999999997453 0
0.002999999999996212 -0.08399999999997089 0
0.002999999999996365 -0.08299999999997042 0
0.002999999999996518 -0.08199999999996822 0
0.002999999999996671 -0.08099999999996439 0
0.002999999999996824 -0.07999999999996103 0
0.002999999999996976 -0.07899999999996048 0
0.002999999999997129 -0.07799999999995803 0
0.002999999999997282 -0.07699999999995417 0
0.002999999999997434 -0.07599999999995115 0
0.002999999999997587 -0.07499999999995065 0
0.002999999999997739 -0.07399999999994782 0
0.002999999999997892 -0.07299999999994397 0
0.002999999999998045 -0.07199999999994126 0
0.002999999999998197 -0.0709999999999408 0
0.00299999999999835 -0.06999999999993767 0
0.002999999999998503 -0.06899999999993454 0
0.002999999999998655 -0.06799999999993403 0
0.002999999999998808 -0.06699999999993135 0
0.002999999999998961 -0.06599999999992748 0
0.002999999999999114 -0.06499999999992466 0
0.002999999999999266 -0.0639999999999242 0
0.002999999999999418 -0.06299999999992115 0
0.002999999999999571 -0.06199999999991729 0
0.002999999999999723 -0.0609999999999148 0
0.002999999999999877 -0.05999999999991429 0
0.00300000000000003 -0.05899999999991096 0
0.003000000000000181 -0.05799999999990759 0
0.003000000000000335 -0.05699999999990546 0
0.003000000000000488 -0.0559999999999033 0
0.003000000000000641 -0.05499999999990086 0
0.003000000000000793 -0.05399999999989761 0
0.003000000000000945 -0.05299999999989545 0
0.003000000000001098 -0.05199999999989326 0
0.003000000000001251 -0.05099999999989067 0
0.003000000000001403 -0.04999999999988761 0
0.003000000000001556 -0.04899999999988545 0
0.003000000000001708 -0.04799999999988325 0
0.003000000000001861 -0.04699999999988049 0
0.003000000000002014 -0.04599999999987758 0
0.003000000000002167 -0.04499999999987667 0
0.003000000000002319 -0.04399999999987811 0
0.003000000000002472 -0.04299999999988081 0
0.003000000000002625 -0.04199999999988351 0
0.003000000000002777 -0.04099999999988623 0
0.003000000000002931 -0.03999999999988894 0
0.003000000000003084 -0.03899999999989162 0
0.003000000000003234 -0.03799999999989434 0
0.003000000000003389 -0.03699999999989704 0
0.003000000000003541 -0.03599999999989979 0
0.003000000000003694 -0.03499999999990246 0
0.003000000000003846 -0.03399999999990515 0
0.003000000000003999 -0.03299999999990833 0
0.003000000000004151 -0.03199999999991275 0
0.003000000000004305 -0.0309999999999159 0
0.003000000000004457 -0.02999999999991859 0
0.003000000000004611 -0.02899999999992135 0
0.003000000000004762 -0.02799999999992405 0
0.003000000000004916 -0.02699999999992672 0
0.003000000000005068 -0.02599999999992942 0
0.003000000000005221 -0.02499999999993218 0
0.003000000000005373 -0.02399999999993487 0
0.003000000000005526 -0.02299999999993755 0
0.003000000000005679 -0.02199999999994024 0
0.003000000000005831 -0.02099999999994301 0
0.003000000000005984 -0.0199999999999457 0
0.003000000000006137 -0.01899999999994839 0
0.00300000000000629 -0.01799999999995116 0
0.003000000000006442 -0.01699999999995385 0
0.003000000000006595 -0.01599999999995652 0
0.003000000000006748 -0.01499999999995921 0
0.0030000000000069 -0.01399999999996242 0
0.003000000000007053 -0.01299999999996595 0
0.003000000000007205 -0.01199999999996864 0
0.003000000000007358 -0.01099999999997134 0
0.003000000000007511 -0.009999999999974109 0
0.003000000000007664 -0.00899999999997678 0
0.003000000000007816 -0.007999999999979326 0
0.003000000000007969 -0.006999999999981413 0
0.003000000000008122 -0.005999999999983032 0
0.003000000000008274 -0.004999999999984113 0
0.003000000000008427 -0.003999999999985512 0
0.00300000000000858 -0.002999999999986723 0
0.003000000000008732 -0.001999999999987982 0
0.003000000000008884 -0.0009999999999894347 0
0.003000000000009038 8.756884106730922e-15 0
0.00300000000000919 0.001000000000006654 0
0.003000000000009343 0.002000000000004735 0
0.003000000000009496 0.003000000000003093 0
0.003000000000009648 0.004000000000001646 0
0.003999999999992706 -0.09399999999999882 0
0.00399999999999289 -0.09299999999999503 0
0.003999999999993076 -0.09199999999999124 0
0.00399999999999326 -0.09099999999999038 0
0.003999999999993444 -0.08999999999998884 0
0.003999999999993629 -0.08899999999998506 0
0.003999999999993812 -0.08799999999998127 0
0.003999999999993997 -0.08699999999998068 0
0.00399999999999418 -0.08599999999997889 0
0.003999999999994365 -0.08499999999997507 0
0.00399999999999455 -0.08399999999997149 0
0.003999999999994734 -0.08299999999997104 0
0.003999999999994918 -0.08199999999996892 0
0.003999999999995104 -0.08099999999996516 0
0.003999999999995288 -0.07999999999996187 0
0.003999999999995472 -0.07899999999996139 0
0.003999999999995655 -0.07799999999995892 0
0.003999999999995841 -0.07699999999995515 0
0.003999999999996025 -0.0759999999999522 0
0.00399999999999621 -0.07499999999995176 0
0.003999999999996393 -0.07399999999994898 0
0.003999999999996578 -0.07299999999994519 0
0.003999999999996762 -0.07199999999994254 0
0.003999999999996946 -0.07099999999994208 0
0.00399999999999713 -0.06999999999993901 0
0.003999999999997315 -0.06899999999993593 0
0.003999999999997499 -0.06799999999993547 0
0.003999999999997683 -0.06699999999993285 0
0.003999999999997866 -0.06599999999992902 0
0.003999999999998053 -0.0649999999999263 0
0.003999999999998237 -0.06399999999992585 0
0.003999999999998421 -0.06299999999992287 0
0.003999999999998604 -0.06199999999991906 0
0.003999999999998788 -0.06099999999991663 0
0.003999999999998972 -0.05999999999991618 0
0.003999999999999156 -0.0589999999999129 0
0.003999999999999342 -0.0579999999999096 0
0.003999999999999525 -0.05699999999990753 0
0.003999999999999711 -0.05599999999990542 0
0.003999999999999895 -0.05499999999990306 0
0.004000000000000079 -0.05399999999989985 0
0.004000000000000264 -0.05299999999989772 0
0.004000000000000447 -0.0519999999998956 0
0.004000000000000632 -0.05099999999989306 0
0.004000000000000815 -0.04999999999989008 0
0.004000000000001 -0.04899999999988795 0
0.004000000000001184 -0.04799999999988581 0
0.00400000000000137 -0.0469999999998831 0
0.004000000000001554 -0.04599999999988023 0
0.004000000000001738 -0.04499999999987937 0
0.004000000000001921 -0.04399999999988077 0
0.004000000000002105 -0.04299999999988342 0
0.004000000000002291 -0.04199999999988606 0
0.004000000000002476 -0.04099999999988873 0
0.00400000000000266 -0.03999999999989137 0
0.004000000000002844 -0.03899999999989401 0
0.004000000000003028 -0.03799999999989666 0
0.004000000000003212 -0.03699999999989931 0
0.004000000000003396 -0.035999999999902 0
0.004000000000003581 -0.03499999999990461 0
0.004000000000003765 -0.03399999999990725 0
0.004000000000003949 -0.0329999999999104 0
0.004000000000004135 -0.03199999999991471 0
0.004000000000004319 -0.03099999999991779 0
0.004000000000004503 -0.02999999999992042 0
0.004000000000004686 -0.02899999999992315 0
0.00400000000000487 -0.0279999999999258 0
0.004000000000005056 -0.02699999999992839 0
0.00400000000000524 -0.02599999999993102 0
0.004000000000005424 -0.02499999999993375 0
0.004000000000005608 -0.02399999999993638 0
0.004000000000005793 -0.02299999999993899 0
0.004000000000005977 -0.02199999999994163 0
0.004000000000006161 -0.02099999999994435 0
0.004000000000006345 -0.01999999999994699 0
0.004000000000006529 -0.01899999999994962 0
0.004000000000006713 -0.01799999999995234 0
0.004000000000006898 -0.01699999999995498 0
0.004000000000007082 -0.01599999999995757 0
0.004000000000007268 -0.0149999999999602 0
0.004000000000007452 -0.01399999999996337 0
0.004000000000007635 -0.01299999999996683 0
0.004000000000007819 -0.01199999999996945 0
0.004000000000008005 -0.01099999999997209 0
0.004000000000008187 -0.009999999999974824 0
0.004000000000008373 -0.008999999999977436 0
0.004000000000008557 -0.007999999999979909 0
0.004000000000008742 -0.006999999999981949 0
0.004000000000008926 -0.005999999999983541 0
0.00400000000000911 -0.004999999999984569 0
0.004000000000009294 -0.003999999999985914 0
0.004000000000009478 -0.002999999999987089 0
0.004000000000009662 -0.001999999999988325 0
0.004000000000009847 -0.00099999999998972 0
0.004000000000010031 8.533972140067903e-15 0
0.004000000000010217 0.001000000000006471 0
0.004000000000010401 0.002000000000004585 0
0.004000000000010584 0.003000000000003002 0
0.004000000000010768 0.004000000000001613 0
0.004999999999990526 -0.09399999999999882 0
0.00499999999999075 -0.09299999999999514 0
0.004999999999990974 -0.09199999999999142 0
0.004999999999991198 -0.0909999999999906 0
0.004999999999991423 -0.08999999999998907 0
0.004999999999991647 -0.08899999999998537 0
0.004999999999991874 -0.08799999999998168 0
0.004999999999992098 -0.08699999999998113 0
0.004999999999992321 -0.08599999999997936 0
0.004999999999992545 -0.08499999999997564 0
0.004999999999992769 -0.0839999999999721 0
0.004999999999992994 -0.08299999999997168 0
0.00499999999999322 -0.08199999999996962 0
0.004999999999993443 -0.08099999999996589 0
0.004999999999993667 -0.07999999999996268 0
0.004999999999993891 -0.07899999999996221 0
0.004999999999994114 -0.07799999999995987 0
0.00499999999999434 -0.07699999999995613 0
0.004999999999994563 -0.07599999999995324 0
0.00499999999999479 -0.07499999999995281 0
0.004999999999995014 -0.07399999999995009 0
0.004999999999995239 -0.07299999999994636 0
0.004999999999995463 -0.07199999999994376 0
0.004999999999995688 -0.07099999999994336 0
0.004999999999995912 -0.06999999999994035 0
0.004999999999996136 -0.06899999999993735 0
0.004999999999996362 -0.06799999999993692 0
0.004999999999996585 -0.06699999999993433 0
0.004999999999996811 -0.06599999999993059 0
0.004999999999997035 -0.06499999999992789 0
0.00499999999999726 -0.06399999999992749 0
0.004999999999997484 -0.06299999999992459 0
0.004999999999997708 -0.06199999999992088 0
0.004999999999997933 -0.06099999999991849 0
0.004999999999998157 -0.05999999999991804 0
0.004999999999998381 -0.05899999999991484 0
0.004999999999998605 -0.05799999999991162 0
0.00499999999999883 -0.0569999999999096 0
0.004999999999999054 -0.05599999999990754 0
0.004999999999999279 -0.05499999999990521 0
0.004999999999999503 -0.05399999999990211 0
0.004999999999999727 -0.05299999999990003 0
0.004999999999999952 -0.05199999999989795 0
0.005000000000000176 -0.05099999999989548 0
0.0050000000000004 -0.04999999999989253 0
0.005000000000000625 -0.04899999999989044 0
0.005000000000000849 -0.04799999999988836 0
0.005000000000001073 -0.04699999999988572 0
0.005000000000001299 -0.04599999999988293 0
0.005000000000001522 -0.04499999999988206 0
0.005000000000001746 -0.04399999999988344 0
0.005000000000001972 -0.04299999999988603 0
0.005000000000002195 -0.04199999999988861 0
0.005000000000002421 -0.04099999999989123 0
0.005000000000002645 -0.03999999999989382 0
0.00500000000000287 -0.0389999999998964 0
0.005000000000003092 -0.03799999999989896 0
0.005000000000003318 -0.03699999999990159 0
0.005000000000003543 -0.03599999999990421 0
0.005000000000003767 -0.03499999999990676 0
0.005000000000003991 -0.03399999999990934 0
0.005000000000004216 -0.03299999999991243 0
0.00500000000000444 -0.03199999999991669 0
0.005000000000004666 -0.03099999999991969 0
0.005000000000004889 -0.02999999999992224 0
0.005000000000005115 -0.02899999999992494 0
0.005000000000005339 -0.02799999999992753 0
0.005000000000005562 -0.02699999999993005 0
0.005000000000005786 -0.02599999999993262 0
0.005000000000006012 -0.02499999999993532 0
0.005000000000006236 -0.02399999999993789 0
0.005000000000006461 -0.02299999999994042 0
0.005000000000006684 -0.021999999999943 0
0.005000000000006909 -0.02099999999994571 0
0.005000000000007133 -0.01999999999994827 0
0.005000000000007358 -0.01899999999995082 0
0.005000000000007582 -0.01799999999995352 0
0.005000000000007807 -0.0169999999999561 0
0.005000000000008031 -0.01599999999995862 0
0.005000000000008255 -0.01499999999996119 0
0.00500000000000848 -0.01399999999996432 0
0.005000000000008704 -0.01299999999996771 0
0.005000000000008928 -0.01199999999997026 0
0.005000000000009153 -0.01099999999997285 0
0.005000000000009379 -0.009999999999975539 0
0.0050000000000096 -0.008999999999978088 0
0.005000000000009826 -0.007999999999980486 0
0.005000000000010052 -0.006999999999982479 0
0.005000000000010276 -0.005999999999984051 0
0.005000000000010499 -0.004999999999985027 0
0.005000000000010725 -0.003999999999986313 0
0.005000000000010948 -0.002999999999987454 0
0.005000000000011173 -0.001999999999988669 0
0.005000000000011398 -0.0009999999999900054 0
0.005000000000011622 8.310192811666894e-15 0
0.005000000000011846 0.001000000000006288 0
0.00500000000001207 0.002000000000004434 0
0.005000000000012295 0.003000000000002912 0
0.00500000000001252 0.004000000000001583 0
0.005999999999988598 -0.09399999999999889 0
0.005999999999988883 -0.09299999999999525 0
0.005999999999989169 -0.09199999999999159 0
0.005999999999989456 -0.09099999999999077 0
0.00599999999998974 -0.08999999999998934 0
0.005999999999990025 -0.08899999999998572 0
0.005999999999990313 -0.08799999999998206 0
0.005999999999990597 -0.08699999999998156 0
0.005999999999990886 -0.08599999999997986 0
0.00599999999999117 -0.08499999999997618 0
0.005999999999991455 -0.08399999999997271 0
0.005999999999991742 -0.08299999999997235 0
0.005999999999992029 -0.0819999999999703 0
0.005999999999992313 -0.08099999999996665 0
0.005999999999992601 -0.07999999999996349 0
0.005999999999992887 -0.0789999999999631 0
0.005999999999993172 -0.07799999999996078 0
0.005999999999993457 -0.07699999999995712 0
0.005999999999993744 -0.07599999999995428 0
0.00599999999999403 -0.07499999999995387 0
0.005999999999994316 -0.07399999999995123 0
0.005999999999994603 -0.07299999999994759 0
0.005999999999994888 -0.07199999999994504 0
0.005999999999995175 -0.07099999999994468 0
0.005999999999995461 -0.06999999999994168 0
0.005999999999995746 -0.06899999999993876 0
0.005999999999996032 -0.06799999999993836 0
0.005999999999996317 -0.06699999999993585 0
0.005999999999996604 -0.06599999999993214 0
0.005999999999996891 -0.06499999999992954 0
0.005999999999997175 -0.06399999999992916 0
0.005999999999997461 -0.0629999999999263 0
0.005999999999997748 -0.06199999999992264 0
0.005999999999998036 -0.06099999999992033 0
0.005999999999998321 -0.0599999999999199 0
0.005999999999998605 -0.05899999999991677 0
0.005999999999998891 -0.05799999999991361 0
0.005999999999999177 -0.05699999999991167 0
0.005999999999999462 -0.05599999999990967 0
0.00599999999999975 -0.05499999999990741 0
0.006000000000000036 -0.05399999999990434 0
0.006000000000000323 -0.05299999999990231 0
0.006000000000000608 -0.05199999999990029 0
0.006000000000000894 -0.05099999999989786 0
0.006000000000001178 -0.04999999999989499 0
0.006000000000001465 -0.04899999999989296 0
0.006000000000001751 -0.04799999999989093 0
0.006000000000002038 -0.04699999999988834 0
0.006000000000002324 -0.0459999999998856 0
0.006000000000002611 -0.04499999999988477 0
0.006000000000002895 -0.04399999999988613 0
0.006000000000003181 -0.04299999999988864 0
0.006000000000003467 -0.04199999999989115 0
0.006000000000003752 -0.04099999999989373 0
0.006000000000004039 -0.03999999999989627 0
0.006000000000004324 -0.03899999999989878 0
0.006000000000004613 -0.03799999999990131 0
0.006000000000004897 -0.03699999999990385 0
0.006000000000005183 -0.03599999999990643 0
0.00600000000000547 -0.03499999999990891 0
0.006000000000005757 -0.03399999999991144 0
0.00600000000000604 -0.03299999999991446 0
0.006000000000006328 -0.03199999999991865 0
0.006000000000006613 -0.03099999999992159 0
0.006000000000006898 -0.02999999999992407 0
0.006000000000007187 -0.02899999999992674 0
0.00600000000000747 -0.02799999999992927 0
0.006000000000007756 -0.02699999999993172 0
0.006000000000008043 -0.02599999999993423 0
0.006000000000008328 -0.02499999999993689 0
0.006000000000008616 -0.0239999999999394 0
0.006000000000008899 -0.02299999999994187 0
0.006000000000009187 -0.02199999999994439 0
0.006000000000009473 -0.02099999999994705 0
0.006000000000009759 -0.01999999999994954 0
0.006000000000010045 -0.01899999999995204 0
0.006000000000010331 -0.01799999999995471 0
0.006000000000010618 -0.01699999999995721 0
0.006000000000010902 -0.01599999999995966 0
0.00600000000001119 -0.01499999999996218 0
0.006000000000011474 -0.01399999999996527 0
0.00600000000001176 -0.01299999999996859 0
0.006000000000012047 -0.01199999999997106 0
0.006000000000012333 -0.0109999999999736 0
0.006000000000012619 -0.009999999999976254 0
0.006000000000012906 -0.008999999999978733 0
0.006000000000013189 -0.007999999999981071 0
0.006000000000013476 -0.006999999999983015 0
0.006000000000013763 -0.005999999999984561 0
0.006000000000014049 -0.004999999999985485 0
0.006000000000014335 -0.003999999999986712 0
0.006000000000014621 -0.002999999999987817 0
0.006000000000014906 -0.001999999999989011 0
0.006000000000015194 -0.0009999999999902899 0
0.006000000000015478 8.088148206741863e-15 0
0.006000000000015764 0.001000000000006105 0
0.00600000000001605 0.002000000000004282 0
0.006000000000016336 0.003000000000002821 0
0.006000000000016623 0.004000000000001552 0
0.006999999999987029 -0.09399999999999895 0
0.006999999999987374 -0.09299999999999538 0
0.006999999999987718 -0.09199999999999178 0
0.006999999999988062 -0.090999999999991 0
0.006999999999988406 -0.0899999999999896 0
0.00699999999998875 -0.08899999999998603 0
0.006999999999989093 -0.08799999999998245 0
0.006999999999989437 -0.08699999999998197 0
0.006999999999989783 -0.08599999999998034 0
0.006999999999990126 -0.08499999999997672 0
0.00699999999999047 -0.08399999999997333 0
0.006999999999990814 -0.08299999999997296 0
0.006999999999991159 -0.081999999999971 0
0.006999999999991503 -0.08099999999996743 0
0.006999999999991846 -0.07999999999996432 0
0.006999999999992191 -0.07899999999996393 0
0.006999999999992532 -0.07799999999996168 0
0.006999999999992879 -0.07699999999995806 0
0.006999999999993221 -0.07599999999995533 0
0.006999999999993566 -0.07499999999995494 0
0.006999999999993909 -0.07399999999995238 0
0.006999999999994254 -0.07299999999994876 0
0.006999999999994598 -0.0719999999999463 0
0.006999999999994943 -0.07099999999994597 0
0.006999999999995286 -0.06999999999994308 0
0.00699999999999563 -0.06899999999994016 0
0.006999999999995973 -0.0679999999999398 0
0.006999999999996318 -0.06699999999993735 0
0.006999999999996662 -0.06599999999993372 0
0.006999999999997007 -0.06499999999993114 0
0.00699999999999735 -0.06399999999993079 0
0.006999999999997694 -0.062999999999928 0
0.006999999999998037 -0.06199999999992442 0
0.006999999999998383 -0.06099999999992216 0
0.006999999999998726 -0.05999999999992178 0
0.006999999999999069 -0.05899999999991871 0
0.006999999999999413 -0.05799999999991563 0
0.006999999999999756 -0.05699999999991373 0
0.007000000000000103 -0.05599999999991181 0
0.007000000000000447 -0.05499999999990957 0
0.007000000000000791 -0.05399999999990659 0
0.007000000000001135 -0.05299999999990462 0
0.007000000000001479 -0.05199999999990264 0
0.007000000000001821 -0.05099999999990026 0
0.007000000000002168 -0.04999999999989744 0
0.007000000000002509 -0.04899999999989547 0
0.007000000000002855 -0.04799999999989349 0
0.007000000000003198 -0.04699999999989095 0
0.007000000000003542 -0.04599999999988826 0
0.007000000000003886 -0.04499999999988747 0
0.007000000000004232 -0.04399999999988879 0
0.007000000000004574 -0.04299999999989125 0
0.007000000000004919 -0.04199999999989372 0
0.007000000000005262 -0.04099999999989623 0
0.007000000000005606 -0.03999999999989873 0
0.007000000000005949 -0.03899999999990115 0
0.007000000000006294 -0.03799999999990362 0
0.007000000000006637 -0.03699999999990611 0
0.007000000000006982 -0.03599999999990863 0
0.007000000000007328 -0.03499999999991106 0
0.00700000000000767 -0.03399999999991354 0
0.007000000000008014 -0.0329999999999165 0
0.007000000000008357 -0.03199999999992062 0
0.007000000000008703 -0.03099999999992347 0
0.007000000000009048 -0.02999999999992591 0
0.007000000000009391 -0.02899999999992852 0
0.007000000000009735 -0.027999999999931 0
0.007000000000010078 -0.02699999999993339 0
0.007000000000010421 -0.02599999999993583 0
0.007000000000010767 -0.02499999999993845 0
0.007000000000011108 -0.0239999999999409 0
0.007000000000011455 -0.0229999999999433 0
0.0070000000000118 -0.02199999999994576 0
0.007000000000012142 -0.02099999999994838 0
0.007000000000012487 -0.01999999999995082 0
0.007000000000012829 -0.01899999999995326 0
0.007000000000013173 -0.01799999999995588 0
0.007000000000013521 -0.01699999999995834 0
0.007000000000013863 -0.01599999999996072 0
0.007000000000014208 -0.01499999999996317 0
0.00700000000001455 -0.01399999999996622 0
0.007000000000014894 -0.01299999999996946 0
0.007000000000015239 -0.01199999999997187 0
0.007000000000015584 -0.01099999999997435 0
0.007000000000015926 -0.009999999999976967 0
0.007000000000016271 -0.008999999999979382 0
0.007000000000016614 -0.00799999999998165 0
0.007000000000016958 -0.006999999999983548 0
0.007000000000017302 -0.005999999999985072 0
0.007000000000017647 -0.00499999999998594 0
0.007000000000017992 -0.00399999999998711 0
0.007000000000018335 -0.002999999999988182 0
0.00700000000001868 -0.001999999999989355 0
0.007000000000019022 -0.0009999999999905744 0
0.007000000000019366 7.864368878340855e-15 0
0.007000000000019709 0.001000000000005923 0
0.007000000000020058 0.002000000000004133 0
0.0070000000000204 0.003000000000002731 0
0.007000000000020743 0.004000000000001517 0
0.00799999999998573 -0.09399999999999897 0
0.007999999999986096 -0.09299999999999546 0
0.007999999999986464 -0.09199999999999196 0
0.007999999999986828 -0.0909999999999912 0
0.007999999999987193 -0.08999999999998985 0
0.00799999999998756 -0.08899999999998637 0
0.007999999999987923 -0.08799999999998284 0
0.007999999999988289 -0.08699999999998241 0
0.007999999999988657 -0.08599999999998077 0
0.007999999999989021 -0.08499999999997722 0
0.007999999999989385 -0.08399999999997391 0
0.00799999999998975 -0.08299999999997362 0
0.007999999999990117 -0.08199999999997169 0
0.007999999999990482 -0.08099999999996819 0
0.007999999999990844 -0.07999999999996517 0
0.00799999999999121 -0.07899999999996481 0
0.007999999999991578 -0.0779999999999626 0
0.007999999999991942 -0.07699999999995906 0
0.007999999999992308 -0.07599999999995634 0
0.007999999999992676 -0.07499999999995603 0
0.007999999999993039 -0.07399999999995348 0
0.007999999999993406 -0.07299999999994997 0
0.007999999999993771 -0.07199999999994754 0
0.007999999999994133 -0.07099999999994726 0
0.007999999999994499 -0.0699999999999444 0
0.007999999999994867 -0.06899999999994161 0
0.007999999999995231 -0.06799999999994126 0
0.007999999999995599 -0.06699999999993884 0
0.007999999999995963 -0.06599999999993529 0
0.007999999999996328 -0.06499999999993275 0
0.00799999999999669 -0.06399999999993247 0
0.00799999999999706 -0.06299999999992972 0
0.007999999999997424 -0.06199999999992622 0
0.00799999999999779 -0.06099999999992398 0
0.007999999999998153 -0.05999999999992366 0
0.00799999999999852 -0.05899999999992064 0
0.007999999999998885 -0.05799999999991761 0
0.007999999999999253 -0.05699999999991583 0
0.007999999999999617 -0.05599999999991394 0
0.007999999999999981 -0.05499999999991177 0
0.008000000000000345 -0.05399999999990883 0
0.008000000000000713 -0.05299999999990691 0
0.008000000000001077 -0.05199999999990498 0
0.008000000000001445 -0.05099999999990265 0
0.008000000000001808 -0.0499999999998999 0
0.008000000000002174 -0.04899999999989797 0
0.008000000000002538 -0.04799999999989605 0
0.008000000000002906 -0.04699999999989357 0
0.00800000000000327 -0.04599999999989095 0
0.008000000000003636 -0.04499999999989016 0
0.008000000000004002 -0.04399999999989146 0
0.008000000000004366 -0.04299999999989385 0
0.008000000000004731 -0.04199999999989626 0
0.008000000000005099 -0.04099999999989872 0
0.008000000000005463 -0.03999999999990115 0
0.008000000000005831 -0.03899999999990354 0
0.008000000000006195 -0.03799999999990595 0
0.008000000000006559 -0.03699999999990839 0
0.008000000000006923 -0.03599999999991086 0
0.008000000000007291 -0.03499999999991321 0
0.008000000000007656 -0.03399999999991563 0
0.00800000000000802 -0.03299999999991853 0
0.008000000000008388 -0.03199999999992259 0
0.00800000000000875 -0.03099999999992537 0
0.008000000000009116 -0.02999999999992774 0
0.008000000000009484 -0.02899999999993033 0
0.008000000000009848 -0.02799999999993274 0
0.008000000000010212 -0.02699999999993507 0
0.00800000000001058 -0.02599999999993744 0
0.008000000000010945 -0.02499999999994003 0
0.008000000000011309 -0.02399999999994241 0
0.008000000000011677 -0.02299999999994474 0
0.008000000000012041 -0.02199999999994713 0
0.008000000000012405 -0.02099999999994973 0
0.008000000000012769 -0.0199999999999521 0
0.008000000000013137 -0.01899999999995447 0
0.008000000000013502 -0.01799999999995706 0
0.008000000000013866 -0.01699999999995946 0
0.008000000000014234 -0.01599999999996177 0
0.008000000000014598 -0.01499999999996417 0
0.00800000000001496 -0.01399999999996717 0
0.008000000000015326 -0.01299999999997034 0
0.008000000000015694 -0.01199999999997268 0
0.008000000000016059 -0.0109999999999751 0
0.008000000000016423 -0.009999999999977683 0
0.008000000000016791 -0.008999999999980034 0
0.008000000000017155 -0.00799999999998223 0
0.008000000000017519 -0.006999999999984082 0
0.008000000000017887 -0.005999999999985581 0
0.008000000000018251 -0.004999999999986398 0
0.008000000000018615 -0.003999999999987509 0
0.008000000000018983 -0.00299999999998855 0
0.008000000000019348 -0.001999999999989698 0
0.008000000000019712 -0.0009999999999908598 0
0.00800000000002008 7.640589549939847e-15 0
0.008000000000020444 0.001000000000005741 0
0.008000000000020808 0.002000000000003982 0
0.008000000000021174 0.00300000000000264 0
0.008000000000021542 0.004000000000001485 0
0.008999999999984453 -0.09399999999999903 0
0.008999999999984853 -0.09299999999999559 0
0.008999999999985251 -0.09199999999999213 0
0.008999999999985648 -0.09099999999999145 0
0.00899999999998605 -0.08999999999999013 0
0.008999999999986451 -0.08899999999998671 0
0.008999999999986852 -0.08799999999998323 0
0.008999999999987247 -0.08699999999998284 0
0.008999999999987652 -0.08599999999998127 0
0.008999999999988049 -0.08499999999997779 0
0.008999999999988448 -0.08399999999997454 0
0.008999999999988852 -0.08299999999997427 0
0.008999999999989251 -0.08199999999997241 0
0.008999999999989648 -0.08099999999996893 0
0.008999999999990049 -0.07999999999996599 0
0.008999999999990448 -0.07899999999996565 0
0.008999999999990845 -0.07799999999996352 0
0.008999999999991244 -0.07699999999996007 0
0.008999999999991647 -0.07599999999995742 0
0.008999999999992044 -0.0749999999999571 0
0.008999999999992445 -0.07399999999995466 0
0.008999999999992844 -0.07299999999995119 0
0.008999999999993244 -0.07199999999994883 0
0.008999999999993642 -0.07099999999994851 0
0.008999999999994041 -0.06999999999994572 0
0.008999999999994443 -0.06899999999994297 0
0.008999999999994844 -0.0679999999999427 0
0.008999999999995241 -0.06699999999994033 0
0.008999999999995645 -0.06599999999993686 0
0.008999999999996039 -0.06499999999993439 0
0.008999999999996438 -0.06399999999993414 0
0.00899999999999684 -0.06299999999993144 0
0.008999999999997239 -0.061999999999928 0
0.00899999999999764 -0.06099999999992584 0
0.008999999999998041 -0.05999999999992552 0
0.00899999999999844 -0.05899999999992259 0
0.008999999999998841 -0.05799999999991962 0
0.00899999999999924 -0.05699999999991789 0
0.00899999999999964 -0.05599999999991605 0
0.009000000000000037 -0.05499999999991395 0
0.009000000000000438 -0.05399999999991106 0
0.009000000000000839 -0.0529999999999092 0
0.009000000000001236 -0.05199999999990731 0
0.009000000000001635 -0.05099999999990505 0
0.009000000000002034 -0.04999999999990235 0
0.009000000000002437 -0.04899999999990049 0
0.009000000000002832 -0.0479999999998986 0
0.009000000000003235 -0.04699999999989619 0
0.009000000000003635 -0.04599999999989362 0
0.009000000000004034 -0.04499999999989285 0
0.009000000000004432 -0.04399999999989414 0
0.009000000000004834 -0.04299999999989647 0
0.009000000000005233 -0.04199999999989881 0
0.009000000000005632 -0.04099999999990122 0
0.009000000000006031 -0.0399999999999036 0
0.009000000000006433 -0.03899999999990591 0
0.009000000000006831 -0.03799999999990827 0
0.009000000000007231 -0.03699999999991066 0
0.00900000000000763 -0.03599999999991308 0
0.009000000000008029 -0.03499999999991536 0
0.00900000000000843 -0.03399999999991774 0
0.009000000000008827 -0.03299999999992058 0
0.00900000000000923 -0.03199999999992455 0
0.009000000000009629 -0.03099999999992727 0
0.009000000000010028 -0.02999999999992957 0
0.009000000000010427 -0.02899999999993213 0
0.009000000000010826 -0.02799999999993449 0
0.009000000000011228 -0.02699999999993673 0
0.009000000000011627 -0.02599999999993904 0
0.009000000000012026 -0.02499999999994159 0
0.009000000000012425 -0.02399999999994393 0
0.009000000000012826 -0.02299999999994619 0
0.009000000000013223 -0.02199999999994852 0
0.009000000000013627 -0.02099999999995107 0
0.009000000000014026 -0.01999999999995339 0
0.009000000000014424 -0.01899999999995569 0
0.009000000000014824 -0.01799999999995824 0
0.009000000000015225 -0.01699999999996059 0
0.009000000000015621 -0.01599999999996283 0
0.009000000000016023 -0.01499999999996515 0
0.009000000000016422 -0.01399999999996812 0
0.009000000000016823 -0.01299999999997123 0
0.009000000000017222 -0.01199999999997349 0
0.009000000000017621 -0.01099999999997586 0
0.009000000000018021 -0.009999999999978396 0
0.00900000000001842 -0.008999999999980687 0
0.009000000000018821 -0.007999999999982811 0
0.009000000000019222 -0.006999999999984616 0
0.009000000000019619 -0.005999999999986088 0
0.009000000000020021 -0.004999999999986857 0
0.009000000000020419 -0.003999999999987912 0
0.009000000000020819 -0.002999999999988913 0
0.00900000000002122 -0.001999999999990043 0
0.009000000000021617 -0.0009999999999911443 0
0.00900000000002202 7.418544945014816e-15 0
0.009000000000022414 0.001000000000005558 0
0.009000000000022818 0.00200000000000383 0
0.009000000000023217 0.003000000000002549 0
0.009000000000023614 0.004000000000001453 0
0.009999999999982939 -0.09399999999999904 0
0.009999999999983399 -0.0929999999999957 0
0.009999999999983857 -0.09199999999999228 0
0.009999999999984313 -0.09099999999999166 0
0.009999999999984771 -0.08999999999999041 0
0.009999999999985229 -0.08899999999998703 0
0.009999999999985684 -0.08799999999998363 0
0.009999999999986138 -0.08699999999998329 0
0.009999999999986598 -0.08599999999998173 0
0.009999999999987056 -0.08499999999997833 0
0.009999999999987515 -0.08399999999997514 0
0.00999999999998797 -0.08299999999997491 0
0.00999999999998843 -0.08199999999997307 0
0.009999999999988886 -0.08099999999996972 0
0.00999999999998934 -0.07999999999996681 0
0.0099999999999898 -0.07899999999996653 0
0.009999999999990256 -0.07799999999996443 0
0.009999999999990712 -0.07699999999996103 0
0.009999999999991169 -0.07599999999995843 0
0.009999999999991627 -0.07499999999995818 0
0.009999999999992085 -0.07399999999995575 0
0.009999999999992544 -0.07299999999995238 0
0.009999999999993001 -0.07199999999995008 0
0.009999999999993455 -0.07099999999994981 0
0.009999999999993913 -0.06999999999994712 0
0.009999999999994368 -0.06899999999994437 0
0.009999999999994827 -0.06799999999994413 0
0.009999999999995285 -0.06699999999994187 0
0.009999999999995743 -0.06599999999993841 0
0.009999999999996199 -0.06499999999993604 0
0.009999999999996656 -0.06399999999993579 0
0.00999999999999711 -0.06299999999993317 0
0.00999999999999757 -0.06199999999992978 0
0.00999999999999803 -0.06099999999992768 0
0.009999999999998488 -0.05999999999992741 0
0.00999999999999894 -0.05899999999992452 0
0.0099999999999994 -0.05799999999992161 0
0.009999999999999856 -0.05699999999991995 0
0.01000000000000031 -0.05599999999991818 0
0.01000000000000077 -0.05499999999991612 0
0.01000000000000123 -0.05399999999991331 0
0.01000000000000168 -0.05299999999991149 0
0.01000000000000214 -0.05199999999990967 0
0.0100000000000026 -0.05099999999990746 0
0.01000000000000306 -0.04999999999990482 0
0.01000000000000351 -0.04899999999990299 0
0.01000000000000397 -0.04799999999990116 0
0.01000000000000443 -0.04699999999989879 0
0.01000000000000488 -0.04599999999989628 0
0.01000000000000534 -0.04499999999989555 0
0.0100000000000058 -0.04399999999989681 0
0.01000000000000625 -0.04299999999989908 0
0.01000000000000671 -0.04199999999990135 0
0.01000000000000717 -0.04099999999990372 0
0.01000000000000763 -0.03999999999990607 0
0.01000000000000808 -0.0389999999999083 0
0.01000000000000854 -0.03799999999991059 0
0.01000000000000899 -0.03699999999991293 0
0.01000000000000945 -0.03599999999991529 0
0.01000000000000991 -0.03499999999991751 0
0.01000000000001037 -0.03399999999991982 0
0.01000000000001083 -0.03299999999992261 0
0.01000000000001128 -0.03199999999992652 0
0.01000000000001174 -0.03099999999992918 0
0.01000000000001219 -0.0299999999999314 0
0.01000000000001265 -0.02899999999993392 0
0.01000000000001311 -0.02799999999993623 0
0.01000000000001357 -0.02699999999993839 0
0.01000000000001403 -0.02599999999994066 0
0.01000000000001448 -0.02499999999994316 0
0.01000000000001494 -0.02399999999994544 0
0.0100000000000154 -0.02299999999994761 0
0.01000000000001585 -0.02199999999994989 0
0.01000000000001631 -0.02099999999995242 0
0.01000000000001677 -0.01999999999995466 0
0.01000000000001722 -0.01899999999995692 0
0.01000000000001768 -0.01799999999995942 0
0.01000000000001814 -0.0169999999999617 0
0.0100000000000186 -0.01599999999996387 0
0.01000000000001905 -0.01499999999996614 0
0.01000000000001951 -0.01399999999996907 0
0.01000000000001997 -0.01299999999997211 0
0.01000000000002042 -0.0119999999999743 0
0.01000000000002088 -0.01099999999997661 0
0.01000000000002134 -0.009999999999979118 0
0.0100000000000218 -0.008999999999981332 0
0.01000000000002225 -0.007999999999983392 0
0.01000000000002271 -0.006999999999985149 0
0.01000000000002316 -0.005999999999986595 0
0.01000000000002362 -0.004999999999987314 0
0.01000000000002408 -0.003999999999988312 0
0.01000000000002454 -0.002999999999989277 0
0.010000000000025 -0.001999999999990385 0
0.01000000000002545 -0.0009999999999914296 0
0.01000000000002591 7.194765616613807e-15 0
0.01000000000002637 0.001000000000005375 0
0.01000000000002683 0.002000000000003679 0
0.01000000000002728 0.003000000000002459 0
0.01000000000002774 0.004000000000001421 0
0.01099999999998177 -0.09399999999999911 0
0.01099999999998227 -0.09299999999999582 0
0.01099999999998278 -0.09199999999999248 0
0.01099999999998329 -0.09099999999999188 0
0.0109999999999838 -0.08999999999999066 0
0.01099999999998431 -0.08899999999998737 0
0.01099999999998482 -0.08799999999998404 0
0.01099999999998533 -0.08699999999998369 0
0.01099999999998584 -0.08599999999998223 0
0.01099999999998634 -0.0849999999999789 0
0.01099999999998686 -0.08399999999997575 0
0.01099999999998736 -0.08299999999997554 0
0.01099999999998787 -0.08199999999997382 0
0.01099999999998839 -0.0809999999999705 0
0.01099999999998889 -0.07999999999996764 0
0.0109999999999894 -0.07899999999996737 0
0.01099999999998991 -0.07799999999996531 0
0.01099999999999042 -0.07699999999996202 0
0.01099999999999093 -0.07599999999995947 0
0.01099999999999144 -0.07499999999995924 0
0.01099999999999195 -0.07399999999995689 0
0.01099999999999245 -0.07299999999995357 0
0.01099999999999296 -0.07199999999995133 0
0.01099999999999347 -0.07099999999995112 0
0.01099999999999398 -0.06999999999994845 0
0.01099999999999449 -0.06899999999994581 0
0.010999999999995 -0.06799999999994558 0
0.01099999999999551 -0.06699999999994334 0
0.01099999999999602 -0.06599999999993998 0
0.01099999999999653 -0.06499999999993765 0
0.01099999999999704 -0.06399999999993744 0
0.01099999999999755 -0.06299999999993489 0
0.01099999999999805 -0.06199999999993156 0
0.01099999999999856 -0.06099999999992951 0
0.01099999999999907 -0.05999999999992927 0
0.01099999999999958 -0.05899999999992644 0
0.01100000000000009 -0.05799999999992362 0
0.0110000000000006 -0.05699999999992204 0
0.01100000000000111 -0.05599999999992029 0
0.01100000000000162 -0.05499999999991831 0
0.01100000000000213 -0.05399999999991554 0
0.01100000000000264 -0.05299999999991379 0
0.01100000000000315 -0.05199999999991201 0
0.01100000000000366 -0.05099999999990985 0
0.01100000000000417 -0.04999999999990727 0
0.01100000000000467 -0.04899999999990549 0
0.01100000000000518 -0.04799999999990372 0
0.01100000000000569 -0.04699999999990141 0
0.0110000000000062 -0.04599999999989896 0
0.01100000000000671 -0.04499999999989825 0
0.01100000000000722 -0.04399999999989948 0
0.01100000000000773 -0.04299999999990169 0
0.01100000000000824 -0.04199999999990391 0
0.01100000000000875 -0.04099999999990621 0
0.01100000000000925 -0.0399999999999085 0
0.01100000000000977 -0.03899999999991069 0
0.01100000000001027 -0.03799999999991292 0
0.01100000000001078 -0.0369999999999152 0
0.01100000000001129 -0.03599999999991752 0
0.0110000000000118 -0.03499999999991969 0
0.01100000000001231 -0.03399999999992193 0
0.01100000000001282 -0.03299999999992465 0
0.01100000000001333 -0.03199999999992847 0
0.01100000000001384 -0.03099999999993107 0
0.01100000000001435 -0.02999999999993323 0
0.01100000000001486 -0.02899999999993572 0
0.01100000000001537 -0.02799999999993796 0
0.01100000000001587 -0.02699999999994006 0
0.01100000000001638 -0.02599999999994225 0
0.01100000000001689 -0.02499999999994473 0
0.0110000000000174 -0.02399999999994695 0
0.01100000000001791 -0.02299999999994905 0
0.01100000000001842 -0.02199999999995127 0
0.01100000000001893 -0.02099999999995376 0
0.01100000000001944 -0.01999999999995594 0
0.01100000000001995 -0.01899999999995812 0
0.01100000000002046 -0.0179999999999606 0
0.01100000000002097 -0.01699999999996282 0
0.01100000000002147 -0.01599999999996492 0
0.01100000000002198 -0.01499999999996714 0
0.01100000000002249 -0.01399999999997002 0
0.011000000000023 -0.01299999999997299 0
0.01100000000002351 -0.0119999999999751 0
0.01100000000002402 -0.01099999999997736 0
0.01100000000002453 -0.009999999999979834 0
0.01100000000002504 -0.008999999999981986 0
0.01100000000002555 -0.00799999999998397 0
0.01100000000002605 -0.006999999999985681 0
0.01100000000002657 -0.005999999999987108 0
0.01100000000002707 -0.004999999999987772 0
0.01100000000002758 -0.00399999999998871 0
0.01100000000002809 -0.002999999999989642 0
0.0110000000000286 -0.00199999999999073 0
0.01100000000002911 -0.0009999999999917141 0
0.01100000000002962 6.970986288212799e-15 0
0.01100000000003013 0.001000000000005192 0
0.01100000000003064 0.002000000000003528 0
0.01100000000003114 0.003000000000002368 0
0.01100000000003166 0.004000000000001389 0
0.0119999999999801 -0.09399999999999913 0
0.01199999999998063 -0.09299999999999592 0
0.01199999999998116 -0.09199999999999266 0
0.0119999999999817 -0.0909999999999921 0
0.01199999999998223 -0.08999999999999091 0
0.01199999999998276 -0.08899999999998766 0
0.01199999999998329 -0.08799999999998445 0
0.01199999999998383 -0.08699999999998412 0
0.01199999999998436 -0.08599999999998273 0
0.01199999999998489 -0.08499999999997947 0
0.01199999999998542 -0.0839999999999764 0
0.01199999999998596 -0.0829999999999762 0
0.01199999999998649 -0.08199999999997447 0
0.01199999999998702 -0.08099999999997125 0
0.01199999999998756 -0.07999999999996847 0
0.01199999999998809 -0.07899999999996825 0
0.01199999999998863 -0.07799999999996626 0
0.01199999999998916 -0.076999999999963 0
0.01199999999998969 -0.07599999999996053 0
0.01199999999999023 -0.07499999999996031 0
0.01199999999999075 -0.07399999999995802 0
0.01199999999999129 -0.07299999999995477 0
0.01199999999999182 -0.07199999999995256 0
0.01199999999999236 -0.07099999999995241 0
0.01199999999999289 -0.06999999999994978 0
0.01199999999999342 -0.06899999999994719 0
0.01199999999999396 -0.06799999999994702 0
0.01199999999999449 -0.06699999999994483 0
0.01199999999999502 -0.06599999999994156 0
0.01199999999999556 -0.06499999999993927 0
0.01199999999999609 -0.06399999999993912 0
0.01199999999999662 -0.06299999999993661 0
0.01199999999999716 -0.06199999999993336 0
0.01199999999999769 -0.06099999999993135 0
0.01199999999999822 -0.05999999999993114 0
0.01199999999999875 -0.05899999999992838 0
0.01199999999999929 -0.05799999999992565 0
0.01199999999999982 -0.05699999999992411 0
0.01200000000000035 -0.05599999999992243 0
0.01200000000000088 -0.05499999999992047 0
0.01200000000000142 -0.05399999999991779 0
0.01200000000000195 -0.05299999999991607 0
0.01200000000000249 -0.05199999999991435 0
0.01200000000000302 -0.05099999999991225 0
0.01200000000000355 -0.04999999999990974 0
0.01200000000000408 -0.04899999999990802 0
0.01200000000000462 -0.04799999999990628 0
0.01200000000000515 -0.04699999999990403 0
0.01200000000000568 -0.04599999999990165 0
0.01200000000000622 -0.04499999999990095 0
0.01200000000000675 -0.04399999999990215 0
0.01200000000000728 -0.04299999999990431 0
0.01200000000000782 -0.04199999999990646 0
0.01200000000000835 -0.04099999999990871 0
0.01200000000000888 -0.03999999999991095 0
0.01200000000000942 -0.03899999999991307 0
0.01200000000000995 -0.03799999999991525 0
0.01200000000001048 -0.03699999999991749 0
0.01200000000001102 -0.03599999999991972 0
0.01200000000001155 -0.03499999999992182 0
0.01200000000001208 -0.03399999999992401 0
0.01200000000001262 -0.03299999999992669 0
0.01200000000001315 -0.03199999999993045 0
0.01200000000001368 -0.03099999999993297 0
0.01200000000001421 -0.02999999999993507 0
0.01200000000001475 -0.02899999999993751 0
0.01200000000001528 -0.02799999999993971 0
0.01200000000001582 -0.02699999999994173 0
0.01200000000001635 -0.02599999999994386 0
0.01200000000001688 -0.0249999999999463 0
0.01200000000001741 -0.02399999999994845 0
0.01200000000001795 -0.02299999999995049 0
0.01200000000001848 -0.02199999999995266 0
0.01200000000001901 -0.0209999999999551 0
0.01200000000001954 -0.01999999999995723 0
0.01200000000002008 -0.01899999999995935 0
0.01200000000002061 -0.01799999999996178 0
0.01200000000002115 -0.01699999999996395 0
0.01200000000002168 -0.01599999999996598 0
0.01200000000002221 -0.01499999999996813 0
0.01200000000002274 -0.01399999999997097 0
0.01200000000002328 -0.01299999999997386 0
0.01200000000002381 -0.01199999999997591 0
0.01200000000002435 -0.01099999999997811 0
0.01200000000002488 -0.009999999999980549 0
0.01200000000002541 -0.008999999999982638 0
0.01200000000002594 -0.007999999999984554 0
0.01200000000002648 -0.006999999999986215 0
0.01200000000002701 -0.005999999999987619 0
0.01200000000002754 -0.004999999999988231 0
0.01200000000002808 -0.003999999999989109 0
0.01200000000002861 -0.002999999999990008 0
0.01200000000002914 -0.001999999999991074 0
0.01200000000002967 -0.0009999999999919995 0
0.01200000000003021 6.748941683287768e-15 0
0.01200000000003074 0.001000000000005011 0
0.01200000000003128 0.002000000000003378 0
0.01200000000003181 0.003000000000002278 0
0.01200000000003234 0.004000000000001357 0
0.01299999999997792 -0.09399999999999918 0
0.0129999999999785 -0.09299999999999602 0
0.01299999999997908 -0.09199999999999287 0
0.01299999999997966 -0.09099999999999231 0
0.01299999999998024 -0.08999999999999114 0
0.01299999999998082 -0.08899999999998802 0
0.0129999999999814 -0.08799999999998484 0
0.01299999999998198 -0.08699999999998456 0
0.01299999999998256 -0.08599999999998317 0
0.01299999999998314 -0.08499999999997999 0
0.01299999999998372 -0.08399999999997698 0
0.0129999999999843 -0.08299999999997686 0
0.01299999999998488 -0.08199999999997518 0
0.01299999999998546 -0.080999999999972 0
0.01299999999998603 -0.07999999999996929 0
0.01299999999998661 -0.07899999999996909 0
0.0129999999999872 -0.07799999999996714 0
0.01299999999998777 -0.076999999999964 0
0.01299999999998836 -0.07599999999996153 0
0.01299999999998893 -0.07499999999996143 0
0.01299999999998951 -0.07399999999995914 0
0.01299999999999009 -0.07299999999995598 0
0.01299999999999067 -0.07199999999995382 0
0.01299999999999125 -0.07099999999995368 0
0.01299999999999183 -0.06999999999995114 0
0.01299999999999241 -0.06899999999994862 0
0.01299999999999299 -0.06799999999994846 0
0.01299999999999357 -0.06699999999994632 0
0.01299999999999415 -0.06599999999994313 0
0.01299999999999473 -0.06499999999994092 0
0.01299999999999531 -0.06399999999994077 0
0.01299999999999589 -0.06299999999993833 0
0.01299999999999647 -0.06199999999993513 0
0.01299999999999705 -0.06099999999993319 0
0.01299999999999763 -0.05999999999993301 0
0.01299999999999821 -0.05899999999993032 0
0.01299999999999879 -0.05799999999992764 0
0.01299999999999937 -0.05699999999992617 0
0.01299999999999995 -0.05599999999992455 0
0.01300000000000053 -0.05499999999992266 0
0.01300000000000111 -0.05399999999992003 0
0.01300000000000168 -0.05299999999991837 0
0.01300000000000227 -0.0519999999999167 0
0.01300000000000285 -0.05099999999991466 0
0.01300000000000342 -0.04999999999991218 0
0.013000000000004 -0.04899999999991052 0
0.01300000000000458 -0.04799999999990884 0
0.01300000000000516 -0.04699999999990665 0
0.01300000000000574 -0.0459999999999043 0
0.01300000000000632 -0.04499999999990365 0
0.0130000000000069 -0.04399999999990482 0
0.01300000000000748 -0.0429999999999069 0
0.01300000000000806 -0.04199999999990901 0
0.01300000000000864 -0.04099999999991121 0
0.01300000000000922 -0.03999999999991338 0
0.0130000000000098 -0.03899999999991544 0
0.01300000000001038 -0.03799999999991757 0
0.01300000000001096 -0.03699999999991974 0
0.01300000000001154 -0.03599999999992193 0
0.01300000000001212 -0.03499999999992398 0
0.01300000000001269 -0.03399999999992612 0
0.01300000000001328 -0.03299999999992873 0
0.01300000000001386 -0.03199999999993243 0
0.01300000000001444 -0.03099999999993486 0
0.01300000000001502 -0.02999999999993688 0
0.0130000000000156 -0.0289999999999393 0
0.01300000000001618 -0.02799999999994143 0
0.01300000000001676 -0.0269999999999434 0
0.01300000000001733 -0.02599999999994547 0
0.01300000000001791 -0.02499999999994787 0
0.01300000000001849 -0.02399999999994996 0
0.01300000000001907 -0.02299999999995193 0
0.01300000000001965 -0.02199999999995404 0
0.01300000000002023 -0.02099999999995645 0
0.01300000000002081 -0.01999999999995851 0
0.01300000000002139 -0.01899999999996056 0
0.01300000000002197 -0.01799999999996296 0
0.01300000000002255 -0.01699999999996507 0
0.01300000000002313 -0.01599999999996703 0
0.01300000000002371 -0.01499999999996912 0
0.01300000000002429 -0.01399999999997192 0
0.01300000000002487 -0.01299999999997475 0
0.01300000000002545 -0.01199999999997672 0
0.01300000000002603 -0.01099999999997886 0
0.01300000000002661 -0.009999999999981263 0
0.01300000000002719 -0.008999999999983285 0
0.01300000000002777 -0.007999999999985137 0
0.01300000000002835 -0.006999999999986748 0
0.01300000000002893 -0.005999999999988129 0
0.01300000000002951 -0.004999999999988686 0
0.01300000000003008 -0.003999999999989508 0
0.01300000000003067 -0.002999999999990372 0
0.01300000000003124 -0.001999999999991415 0
0.01300000000003182 -0.0009999999999922831 0
0.0130000000000324 6.526897078362737e-15 0
0.01300000000003299 0.001000000000004827 0
0.01300000000003356 0.002000000000003227 0
0.01300000000003414 0.003000000000002188 0
0.01300000000003472 0.004000000000001325 0
0.01399999999997524 -0.09399999999999921 0
0.01399999999997589 -0.09299999999999613 0
0.01399999999997653 -0.09199999999999302 0
0.01399999999997719 -0.09099999999999249 0
0.01399999999997784 -0.08999999999999139 0
0.01399999999997849 -0.08899999999998831 0
0.01399999999997914 -0.08799999999998524 0
0.01399999999997978 -0.08699999999998499 0
0.01399999999998043 -0.08599999999998367 0
0.01399999999998108 -0.08499999999998049 0
0.01399999999998173 -0.08399999999997758 0
0.01399999999998238 -0.08299999999997749 0
0.01399999999998303 -0.08199999999997586 0
0.01399999999998367 -0.08099999999997276 0
0.01399999999998433 -0.0799999999999701 0
0.01399999999998497 -0.07899999999996997 0
0.01399999999998562 -0.07799999999996808 0
0.01399999999998627 -0.07699999999996496 0
0.01399999999998692 -0.07599999999996258 0
0.01399999999998757 -0.07499999999996246 0
0.01399999999998822 -0.07399999999996031 0
0.01399999999998886 -0.07299999999995718 0
0.01399999999998952 -0.0719999999999551 0
0.01399999999999016 -0.07099999999995496 0
0.01399999999999081 -0.06999999999995249 0
0.01399999999999146 -0.06899999999995002 0
0.01399999999999211 -0.06799999999994991 0
0.01399999999999276 -0.06699999999994784 0
0.01399999999999341 -0.06599999999994467 0
0.01399999999999406 -0.06499999999994253 0
0.0139999999999947 -0.06399999999994241 0
0.01399999999999536 -0.06299999999994005 0
0.01399999999999601 -0.06199999999993693 0
0.01399999999999666 -0.06099999999993504 0
0.0139999999999973 -0.0599999999999349 0
0.01399999999999795 -0.05899999999993225 0
0.0139999999999986 -0.05799999999992964 0
0.01399999999999925 -0.05699999999992825 0
0.0139999999999999 -0.05599999999992668 0
0.01400000000000055 -0.05499999999992484 0
0.0140000000000012 -0.05399999999992228 0
0.01400000000000184 -0.05299999999992066 0
0.01400000000000249 -0.05199999999991903 0
0.01400000000000315 -0.05099999999991706 0
0.01400000000000379 -0.04999999999991464 0
0.01400000000000444 -0.04899999999991304 0
0.01400000000000509 -0.04799999999991139 0
0.01400000000000574 -0.04699999999990927 0
0.01400000000000639 -0.04599999999990698 0
0.01400000000000704 -0.04499999999990633 0
0.01400000000000769 -0.0439999999999075 0
0.01400000000000834 -0.04299999999990953 0
0.01400000000000898 -0.04199999999991157 0
0.01400000000000963 -0.04099999999991371 0
0.01400000000001028 -0.03999999999991584 0
0.01400000000001093 -0.03899999999991782 0
0.01400000000001158 -0.0379999999999199 0
0.01400000000001222 -0.03699999999992202 0
0.01400000000001288 -0.03599999999992416 0
0.01400000000001353 -0.03499999999992611 0
0.01400000000001418 -0.03399999999992821 0
0.01400000000001482 -0.03299999999993077 0
0.01400000000001547 -0.03199999999993439 0
0.01400000000001612 -0.03099999999993676 0
0.01400000000001677 -0.02999999999993874 0
0.01400000000001742 -0.0289999999999411 0
0.01400000000001807 -0.02799999999994317 0
0.01400000000001872 -0.02699999999994506 0
0.01400000000001937 -0.02599999999994707 0
0.01400000000002001 -0.02499999999994944 0
0.01400000000002066 -0.02399999999995148 0
0.01400000000002131 -0.02299999999995337 0
0.01400000000002196 -0.02199999999995542 0
0.01400000000002261 -0.02099999999995779 0
0.01400000000002326 -0.01999999999995979 0
0.01400000000002391 -0.01899999999996178 0
0.01400000000002456 -0.01799999999996414 0
0.0140000000000252 -0.01699999999996619 0
0.01400000000002585 -0.01599999999996808 0
0.0140000000000265 -0.01499999999997011 0
0.01400000000002715 -0.01399999999997288 0
0.0140000000000278 -0.01299999999997563 0
0.01400000000002845 -0.01199999999997753 0
0.0140000000000291 -0.01099999999997961 0
0.01400000000002975 -0.009999999999981978 0
0.0140000000000304 -0.008999999999983938 0
0.01400000000003104 -0.007999999999985715 0
0.0140000000000317 -0.006999999999987285 0
0.01400000000003234 -0.005999999999988634 0
0.01400000000003299 -0.004999999999989143 0
0.01400000000003364 -0.003999999999989907 0
0.01400000000003429 -0.002999999999990738 0
0.01400000000003494 -0.001999999999991759 0
0.01400000000003559 -0.0009999999999925685 0
0.01400000000003624 6.303117749961729e-15 0
0.01400000000003689 0.001000000000004645 0
0.01400000000003754 0.002000000000003077 0
0.01400000000003819 0.003000000000002097 0
0.01400000000003883 0.004000000000001291 0
0.01499999999997244 -0.09399999999999928 0
0.01499999999997315 -0.09299999999999622 0
0.01499999999997386 -0.09199999999999318 0
0.01499999999997458 -0.09099999999999271 0
0.01499999999997529 -0.08999999999999167 0
0.014999999999976 -0.08899999999998867 0
0.01499999999997672 -0.0879999999999856 0
0.01499999999997743 -0.08699999999998544 0
0.01499999999997815 -0.08599999999998416 0
0.01499999999997886 -0.08499999999998105 0
0.01499999999997957 -0.0839999999999782 0
0.01499999999998029 -0.08299999999997812 0
0.014999999999981 -0.08199999999997658 0
0.01499999999998172 -0.08099999999997355 0
0.01499999999998243 -0.07999999999997094 0
0.01499999999998314 -0.0789999999999708 0
0.01499999999998386 -0.07799999999996897 0
0.01499999999998457 -0.07699999999996596 0
0.01499999999998529 -0.07599999999996365 0
0.014999999999986 -0.07499999999996354 0
0.01499999999998671 -0.07399999999996142 0
0.01499999999998743 -0.07299999999995836 0
0.01499999999998814 -0.07199999999995636 0
0.01499999999998886 -0.07099999999995626 0
0.01499999999998957 -0.06999999999995384 0
0.01499999999999028 -0.06899999999995143 0
0.014999999999991 -0.06799999999995135 0
0.01499999999999171 -0.06699999999994936 0
0.01499999999999243 -0.06599999999994625 0
0.01499999999999314 -0.06499999999994414 0
0.01499999999999386 -0.06399999999994406 0
0.01499999999999457 -0.06299999999994177 0
0.01499999999999528 -0.06199999999993872 0
0.014999999999996 -0.06099999999993687 0
0.01499999999999671 -0.05999999999993676 0
0.01499999999999742 -0.05899999999993419 0
0.01499999999999814 -0.05799999999993163 0
0.01499999999999885 -0.0569999999999303 0
0.01499999999999956 -0.05599999999992881 0
0.01500000000000028 -0.05499999999992702 0
0.015000000000001 -0.05399999999992451 0
0.01500000000000171 -0.05299999999992296 0
0.01500000000000242 -0.05199999999992139 0
0.01500000000000314 -0.05099999999991944 0
0.01500000000000385 -0.04999999999991709 0
0.01500000000000456 -0.04899999999991553 0
0.01500000000000528 -0.04799999999991394 0
0.01500000000000599 -0.04699999999991188 0
0.01500000000000671 -0.04599999999990967 0
0.01500000000000742 -0.04499999999990905 0
0.01500000000000814 -0.04399999999991016 0
0.01500000000000884 -0.04299999999991213 0
0.01500000000000956 -0.04199999999991411 0
0.01500000000001027 -0.04099999999991621 0
0.01500000000001099 -0.03999999999991827 0
0.0150000000000117 -0.03899999999992021 0
0.01500000000001242 -0.03799999999992222 0
0.01500000000001313 -0.03699999999992427 0
0.01500000000001385 -0.03599999999992638 0
0.01500000000001456 -0.03499999999992828 0
0.01500000000001527 -0.03399999999993032 0
0.01500000000001599 -0.0329999999999328 0
0.0150000000000167 -0.03199999999993636 0
0.01500000000001741 -0.03099999999993866 0
0.01500000000001813 -0.02999999999994055 0
0.01500000000001884 -0.02899999999994289 0
0.01500000000001955 -0.02799999999994491 0
0.01500000000002027 -0.02699999999994672 0
0.01500000000002098 -0.02599999999994868 0
0.0150000000000217 -0.02499999999995101 0
0.01500000000002242 -0.02399999999995298 0
0.01500000000002313 -0.0229999999999548 0
0.01500000000002384 -0.02199999999995679 0
0.01500000000002455 -0.02099999999995913 0
0.01500000000002527 -0.01999999999996106 0
0.01500000000002598 -0.01899999999996299 0
0.0150000000000267 -0.01799999999996532 0
0.01500000000002741 -0.01699999999996732 0
0.01500000000002812 -0.01599999999996913 0
0.01500000000002884 -0.0149999999999711 0
0.01500000000002955 -0.01399999999997382 0
0.01500000000003027 -0.01299999999997651 0
0.01500000000003098 -0.01199999999997834 0
0.01500000000003169 -0.01099999999998037 0
0.01500000000003241 -0.009999999999982691 0
0.01500000000003312 -0.008999999999984586 0
0.01500000000003384 -0.007999999999986294 0
0.01500000000003455 -0.00699999999998782 0
0.01500000000003527 -0.005999999999989147 0
0.01500000000003598 -0.0049999999999896 0
0.0150000000000367 -0.00399999999999031 0
0.01500000000003741 -0.002999999999991104 0
0.01500000000003812 -0.001999999999992102 0
0.01500000000003883 -0.000999999999992853 0
0.01500000000003955 6.07933842156072e-15 0
0.01500000000004026 0.001000000000004463 0
0.01500000000004097 0.002000000000002926 0
0.01500000000004169 0.003000000000002007 0
0.0150000000000424 0.004000000000001259 0
0.0159999999999696 -0.09399999999999931 0
0.01599999999997035 -0.09299999999999635 0
0.0159999999999711 -0.09199999999999334 0
0.01599999999997185 -0.09099999999999292 0
0.0159999999999726 -0.08999999999999195 0
0.01599999999997335 -0.08899999999998898 0
0.0159999999999741 -0.08799999999998601 0
0.01599999999997485 -0.08699999999998584 0
0.01599999999997559 -0.08599999999998462 0
0.01599999999997635 -0.0849999999999816 0
0.0159999999999771 -0.0839999999999788 0
0.01599999999997785 -0.08299999999997879 0
0.0159999999999786 -0.08199999999997724 0
0.01599999999997935 -0.0809999999999743 0
0.0159999999999801 -0.07999999999997177 0
0.01599999999998085 -0.07899999999997169 0
0.01599999999998159 -0.0779999999999699 0
0.01599999999998235 -0.07699999999996694 0
0.0159999999999831 -0.07599999999996467 0
0.01599999999998384 -0.07499999999996461 0
0.0159999999999846 -0.07399999999996253 0
0.01599999999998535 -0.07299999999995958 0
0.01599999999998609 -0.0719999999999576 0
0.01599999999998684 -0.07099999999995757 0
0.01599999999998759 -0.06999999999995517 0
0.01599999999998834 -0.06899999999995286 0
0.01599999999998909 -0.06799999999995279 0
0.01599999999998984 -0.06699999999995082 0
0.0159999999999906 -0.06599999999994785 0
0.01599999999999134 -0.06499999999994578 0
0.0159999999999921 -0.06399999999994574 0
0.01599999999999284 -0.06299999999994349 0
0.01599999999999359 -0.06199999999994049 0
0.01599999999999435 -0.06099999999993871 0
0.01599999999999509 -0.05999999999993864 0
0.01599999999999584 -0.05899999999993614 0
0.01599999999999659 -0.05799999999993363 0
0.01599999999999734 -0.05699999999993238 0
0.01599999999999809 -0.05599999999993092 0
0.01599999999999884 -0.0549999999999292 0
0.01599999999999959 -0.05399999999992675 0
0.01600000000000034 -0.05299999999992525 0
0.01600000000000109 -0.05199999999992372 0
0.01600000000000184 -0.05099999999992183 0
0.01600000000000259 -0.04999999999991955 0
0.01600000000000334 -0.04899999999991804 0
0.01600000000000409 -0.04799999999991653 0
0.01600000000000484 -0.0469999999999145 0
0.01600000000000559 -0.04599999999991233 0
0.01600000000000634 -0.04499999999991175 0
0.01600000000000709 -0.04399999999991283 0
0.01600000000000784 -0.04299999999991475 0
0.01600000000000859 -0.04199999999991667 0
0.01600000000000934 -0.04099999999991871 0
0.01600000000001009 -0.03999999999992072 0
0.01600000000001084 -0.0389999999999226 0
0.01600000000001159 -0.03799999999992454 0
0.01600000000001234 -0.03699999999992655 0
0.01600000000001309 -0.0359999999999286 0
0.01600000000001384 -0.03499999999993043 0
0.01600000000001459 -0.03399999999993239 0
0.01600000000001534 -0.03299999999993485 0
0.01600000000001608 -0.03199999999993834 0
0.01600000000001683 -0.03099999999994055 0
0.01600000000001758 -0.02999999999994238 0
0.01600000000001833 -0.02899999999994469 0
0.01600000000001908 -0.02799999999994665 0
0.01600000000001983 -0.0269999999999484 0
0.01600000000002058 -0.02599999999995028 0
0.01600000000002133 -0.02499999999995257 0
0.01600000000002209 -0.02399999999995449 0
0.01600000000002283 -0.02299999999995624 0
0.01600000000002359 -0.02199999999995818 0
0.01600000000002433 -0.02099999999996047 0
0.01600000000002508 -0.01999999999996234 0
0.01600000000002583 -0.01899999999996421 0
0.01600000000002658 -0.0179999999999665 0
0.01600000000002733 -0.01699999999996843 0
0.01600000000002808 -0.01599999999997018 0
0.01600000000002883 -0.01499999999997209 0
0.01600000000002958 -0.01399999999997478 0
0.01600000000003033 -0.01299999999997739 0
0.01600000000003108 -0.01199999999997915 0
0.01600000000003184 -0.01099999999998112 0
0.01600000000003258 -0.009999999999983408 0
0.01600000000003333 -0.008999999999985239 0
0.01600000000003408 -0.007999999999986877 0
0.01600000000003483 -0.006999999999988353 0
0.01600000000003558 -0.005999999999989654 0
0.01600000000003633 -0.004999999999990059 0
0.01600000000003707 -0.003999999999990708 0
0.01600000000003783 -0.002999999999991467 0
0.01600000000003858 -0.001999999999992445 0
0.01600000000003933 -0.0009999999999931392 0
0.01600000000004008 5.857293816635689e-15 0
0.01600000000004083 0.00100000000000428 0
0.01600000000004157 0.002000000000002775 0
0.01600000000004233 0.003000000000001916 0
0.01600000000004307 0.004000000000001228 0
0.01699999999996678 -0.09399999999999933 0
0.01699999999996759 -0.09299999999999643 0
0.0169999999999684 -0.09199999999999352 0
0.01699999999996921 -0.09099999999999314 0
0.01699999999997001 -0.0899999999999922 0
0.01699999999997082 -0.08899999999998931 0
0.01699999999997162 -0.08799999999998639 0
0.01699999999997243 -0.08699999999998628 0
0.01699999999997324 -0.08599999999998509 0
0.01699999999997404 -0.08499999999998216 0
0.01699999999997485 -0.08399999999997945 0
0.01699999999997566 -0.08299999999997938 0
0.01699999999997647 -0.08199999999997798 0
0.01699999999997727 -0.08099999999997504 0
0.01699999999997807 -0.07999999999997255 0
0.01699999999997888 -0.07899999999997252 0
0.01699999999997969 -0.0779999999999708 0
0.01699999999998049 -0.07699999999996789 0
0.0169999999999813 -0.07599999999996571 0
0.0169999999999821 -0.07499999999996568 0
0.01699999999998292 -0.07399999999996368 0
0.01699999999998371 -0.07299999999996076 0
0.01699999999998452 -0.07199999999995886 0
0.01699999999998533 -0.07099999999995886 0
0.01699999999998613 -0.06999999999995656 0
0.01699999999998694 -0.06899999999995424 0
0.01699999999998775 -0.06799999999995424 0
0.01699999999998856 -0.06699999999995233 0
0.01699999999998936 -0.06599999999994939 0
0.01699999999999017 -0.06499999999994741 0
0.01699999999999097 -0.06399999999994739 0
0.01699999999999178 -0.06299999999994521 0
0.01699999999999259 -0.0619999999999423 0
0.01699999999999339 -0.06099999999994055 0
0.0169999999999942 -0.05999999999994051 0
0.016999999999995 -0.05899999999993807 0
0.01699999999999581 -0.05799999999993564 0
0.01699999999999661 -0.05699999999993446 0
0.01699999999999742 -0.05599999999993307 0
0.01699999999999822 -0.05499999999993138 0
0.01699999999999903 -0.053999999999929 0
0.01699999999999984 -0.05299999999992754 0
0.01700000000000064 -0.05199999999992606 0
0.01700000000000145 -0.05099999999992424 0
0.01700000000000226 -0.04999999999992203 0
0.01700000000000306 -0.04899999999992056 0
0.01700000000000387 -0.04799999999991908 0
0.01700000000000467 -0.04699999999991711 0
0.01700000000000548 -0.04599999999991502 0
0.01700000000000629 -0.04499999999991444 0
0.01700000000000709 -0.0439999999999155 0
0.0170000000000079 -0.04299999999991737 0
0.01700000000000871 -0.04199999999991923 0
0.01700000000000951 -0.0409999999999212 0
0.01700000000001032 -0.03999999999992315 0
0.01700000000001112 -0.03899999999992496 0
0.01700000000001193 -0.03799999999992686 0
0.01700000000001273 -0.03699999999992882 0
0.01700000000001354 -0.03599999999993082 0
0.01700000000001435 -0.03499999999993258 0
0.01700000000001515 -0.0339999999999345 0
0.01700000000001596 -0.03299999999993687 0
0.01700000000001676 -0.03199999999994031 0
0.01700000000001757 -0.03099999999994243 0
0.01700000000001837 -0.02999999999994421 0
0.01700000000001918 -0.02899999999994648 0
0.01700000000001999 -0.02799999999994839 0
0.01700000000002079 -0.02699999999995006 0
0.0170000000000216 -0.02599999999995188 0
0.0170000000000224 -0.02499999999995414 0
0.01700000000002322 -0.023999999999956 0
0.01700000000002402 -0.02299999999995768 0
0.01700000000002483 -0.02199999999995956 0
0.01700000000002563 -0.02099999999996181 0
0.01700000000002643 -0.01999999999996362 0
0.01700000000002725 -0.01899999999996542 0
0.01700000000002806 -0.01799999999996769 0
0.01700000000002886 -0.01699999999996955 0
0.01700000000002966 -0.01599999999997124 0
0.01700000000003047 -0.01499999999997309 0
0.01700000000003128 -0.01399999999997572 0
0.01700000000003208 -0.01299999999997826 0
0.01700000000003289 -0.01199999999997996 0
0.01700000000003369 -0.01099999999998187 0
0.0170000000000345 -0.009999999999984129 0
0.0170000000000353 -0.008999999999985887 0
0.01700000000003611 -0.007999999999987462 0
0.01700000000003691 -0.006999999999988887 0
0.01700000000003772 -0.005999999999990163 0
0.01700000000003853 -0.004999999999990517 0
0.01700000000003933 -0.003999999999991107 0
0.01700000000004015 -0.002999999999991833 0
0.01700000000004095 -0.001999999999992788 0
0.01700000000004176 -0.0009999999999934237 0
0.01700000000004256 5.633514488234681e-15 0
0.01700000000004337 0.001000000000004096 0
0.01700000000004417 0.002000000000002625 0
0.01700000000004498 0.003000000000001825 0
0.01700000000004578 0.004000000000001195 0
0.01799999999996396 -0.09399999999999939 0
0.01799999999996484 -0.09299999999999654 0
0.01799999999996571 -0.09199999999999371 0
0.01799999999996659 -0.09099999999999339 0
0.01799999999996746 -0.08999999999999247 0
0.01799999999996834 -0.08899999999998964 0
0.01799999999996921 -0.0879999999999868 0
0.0179999999999701 -0.08699999999998671 0
0.01799999999997097 -0.08599999999998557 0
0.01799999999997184 -0.0849999999999827 0
0.01799999999997273 -0.08399999999998005 0
0.0179999999999736 -0.08299999999998009 0
0.01799999999997448 -0.08199999999997865 0
0.01799999999997536 -0.08099999999997581 0
0.01799999999997624 -0.07999999999997341 0
0.01799999999997711 -0.0789999999999734 0
0.01799999999997799 -0.07799999999997174 0
0.01799999999997887 -0.07699999999996889 0
0.01799999999997974 -0.07599999999996675 0
0.01799999999998063 -0.07499999999996677 0
0.0179999999999815 -0.07399999999996482 0
0.01799999999998238 -0.07299999999996197 0
0.01799999999998325 -0.0719999999999601 0
0.01799999999998413 -0.07099999999996014 0
0.01799999999998501 -0.06999999999995789 0
0.01799999999998589 -0.06899999999995569 0
0.01799999999998676 -0.06799999999995568 0
0.01799999999998764 -0.06699999999995383 0
0.01799999999998851 -0.06599999999995097 0
0.01799999999998939 -0.06499999999994902 0
0.01799999999999027 -0.06399999999994906 0
0.01799999999999114 -0.06299999999994692 0
0.01799999999999203 -0.06199999999994408 0
0.0179999999999929 -0.06099999999994241 0
0.01799999999999377 -0.05999999999994237 0
0.01799999999999465 -0.05899999999994 0
0.01799999999999553 -0.05799999999993764 0
0.0179999999999964 -0.05699999999993653 0
0.01799999999999728 -0.05599999999993519 0
0.01799999999999816 -0.05499999999993355 0
0.01799999999999903 -0.05399999999993125 0
0.01799999999999992 -0.05299999999992983 0
0.01800000000000079 -0.05199999999992841 0
0.01800000000000167 -0.05099999999992665 0
0.01800000000000254 -0.04999999999992447 0
0.01800000000000342 -0.04899999999992306 0
0.0180000000000043 -0.04799999999992165 0
0.01800000000000517 -0.04699999999991973 0
0.01800000000000605 -0.04599999999991769 0
0.01800000000000693 -0.04499999999991714 0
0.01800000000000781 -0.04399999999991817 0
0.01800000000000868 -0.04299999999991996 0
0.01800000000000956 -0.04199999999992177 0
0.01800000000001044 -0.04099999999992369 0
0.01800000000001131 -0.0399999999999256 0
0.01800000000001219 -0.03899999999992734 0
0.01800000000001307 -0.03799999999992919 0
0.01800000000001395 -0.03699999999993109 0
0.01800000000001482 -0.03599999999993303 0
0.0180000000000157 -0.03499999999993474 0
0.01800000000001658 -0.0339999999999366 0
0.01800000000001745 -0.03299999999993892 0
0.01800000000001833 -0.03199999999994227 0
0.01800000000001921 -0.03099999999994434 0
0.01800000000002008 -0.02999999999994604 0
0.01800000000002096 -0.02899999999994828 0
0.01800000000002183 -0.02799999999995013 0
0.01800000000002271 -0.02699999999995174 0
0.01800000000002359 -0.02599999999995349 0
0.01800000000002447 -0.02499999999995571 0
0.01800000000002534 -0.02399999999995751 0
0.01800000000002622 -0.02299999999995912 0
0.0180000000000271 -0.02199999999996093 0
0.01800000000002798 -0.02099999999996316 0
0.01800000000002885 -0.01999999999996491 0
0.01800000000002973 -0.01899999999996664 0
0.01800000000003061 -0.01799999999996887 0
0.01800000000003149 -0.01699999999997068 0
0.01800000000003237 -0.01599999999997228 0
0.01800000000003324 -0.01499999999997408 0
0.01800000000003411 -0.01399999999997668 0
0.018000000000035 -0.01299999999997914 0
0.01800000000003587 -0.01199999999998076 0
0.01800000000003675 -0.01099999999998262 0
0.01800000000003762 -0.009999999999984844 0
0.0180000000000385 -0.00899999999998654 0
0.01800000000003937 -0.007999999999988036 0
0.01800000000004025 -0.006999999999989423 0
0.01800000000004114 -0.005999999999990674 0
0.01800000000004201 -0.004999999999990973 0
0.01800000000004289 -0.003999999999991505 0
0.01800000000004376 -0.002999999999992198 0
0.01800000000004464 -0.001999999999993132 0
0.01800000000004552 -0.0009999999999937086 0
0.0180000000000464 5.410602521571661e-15 0
0.01800000000004727 0.001000000000003914 0
0.01800000000004814 0.002000000000002472 0
0.01800000000004902 0.003000000000001735 0
0.0180000000000499 0.004000000000001163 0
0.01899999999996029 -0.09399999999999945 0
0.01899999999996124 -0.0929999999999967 0
0.01899999999996219 -0.09199999999999391 0
0.01899999999996313 -0.0909999999999936 0
0.01899999999996408 -0.08999999999999272 0
0.01899999999996502 -0.08899999999998996 0
0.01899999999996597 -0.08799999999998724 0
0.01899999999996692 -0.08699999999998712 0
0.01899999999996787 -0.08599999999998606 0
0.01899999999996882 -0.08499999999998324 0
0.01899999999996977 -0.08399999999998066 0
0.01899999999997071 -0.08299999999998069 0
0.01899999999997166 -0.08199999999997935 0
0.0189999999999726 -0.08099999999997659 0
0.01899999999997356 -0.07999999999997422 0
0.0189999999999745 -0.07899999999997426 0
0.01899999999997545 -0.07799999999997265 0
0.0189999999999764 -0.07699999999996986 0
0.01899999999997734 -0.07599999999996782 0
0.0189999999999783 -0.07499999999996784 0
0.01899999999997923 -0.07399999999996595 0
0.01899999999998019 -0.07299999999996319 0
0.01899999999998114 -0.07199999999996137 0
0.01899999999998208 -0.07099999999996143 0
0.01899999999998303 -0.06999999999995921 0
0.01899999999998397 -0.06899999999995707 0
0.01899999999998492 -0.06799999999995712 0
0.01899999999998587 -0.06699999999995532 0
0.01899999999998681 -0.06599999999995254 0
0.01899999999998776 -0.06499999999995064 0
0.0189999999999887 -0.06399999999995072 0
0.01899999999998965 -0.06299999999994862 0
0.01899999999999061 -0.06199999999994585 0
0.01899999999999155 -0.06099999999994422 0
0.0189999999999925 -0.05999999999994426 0
0.01899999999999345 -0.05899999999994192 0
0.0189999999999944 -0.05799999999993965 0
0.01899999999999535 -0.05699999999993861 0
0.01899999999999629 -0.05599999999993731 0
0.01899999999999724 -0.05499999999993575 0
0.01899999999999819 -0.05399999999993348 0
0.01899999999999914 -0.05299999999993213 0
0.01900000000000008 -0.05199999999993075 0
0.01900000000000103 -0.05099999999992902 0
0.01900000000000198 -0.04999999999992694 0
0.01900000000000292 -0.04899999999992558 0
0.01900000000000387 -0.0479999999999242 0
0.01900000000000482 -0.04699999999992235 0
0.01900000000000576 -0.04599999999992036 0
0.01900000000000671 -0.04499999999991985 0
0.01900000000000765 -0.04399999999992085 0
0.01900000000000861 -0.04299999999992259 0
0.01900000000000955 -0.04199999999992431 0
0.0190000000000105 -0.0409999999999262 0
0.01900000000001145 -0.03999999999992804 0
0.0190000000000124 -0.03899999999992973 0
0.01900000000001334 -0.0379999999999315 0
0.01900000000001429 -0.03699999999993336 0
0.01900000000001523 -0.03599999999993525 0
0.01900000000001618 -0.03499999999993689 0
0.01900000000001713 -0.03399999999993869 0
0.01900000000001808 -0.03299999999994095 0
0.01900000000001902 -0.03199999999994421 0
0.01900000000001997 -0.03099999999994622 0
0.01900000000002092 -0.02999999999994787 0
0.01900000000002187 -0.02899999999995007 0
0.01900000000002281 -0.02799999999995186 0
0.01900000000002376 -0.0269999999999534 0
0.01900000000002471 -0.02599999999995509 0
0.01900000000002565 -0.02499999999995728 0
0.0190000000000266 -0.02399999999995902 0
0.01900000000002755 -0.02299999999996056 0
0.0190000000000285 -0.02199999999996232 0
0.01900000000002944 -0.02099999999996451 0
0.01900000000003039 -0.01999999999996618 0
0.01900000000003134 -0.01899999999996786 0
0.01900000000003229 -0.01799999999997005 0
0.01900000000003323 -0.0169999999999718 0
0.01900000000003418 -0.01599999999997333 0
0.01900000000003513 -0.01499999999997506 0
0.01900000000003608 -0.01399999999997762 0
0.01900000000003702 -0.01299999999998002 0
0.01900000000003797 -0.01199999999998158 0
0.01900000000003892 -0.01099999999998337 0
0.01900000000003986 -0.009999999999985559 0
0.01900000000004081 -0.008999999999987192 0
0.01900000000004176 -0.00799999999998862 0
0.01900000000004271 -0.006999999999989957 0
0.01900000000004365 -0.005999999999991184 0
0.0190000000000446 -0.004999999999991431 0
0.01900000000004555 -0.003999999999991905 0
0.0190000000000465 -0.002999999999992564 0
0.01900000000004744 -0.001999999999993476 0
0.01900000000004839 -0.0009999999999939935 0
0.01900000000004934 5.188124235777636e-15 0
0.01900000000005029 0.001000000000003732 0
0.01900000000005123 0.002000000000002322 0
0.01900000000005217 0.003000000000001645 0
0.01900000000005312 0.004000000000001131 0
0.019999999999957 -0.09399999999999947 0
0.01999999999995799 -0.09299999999999678 0
0.01999999999995897 -0.09199999999999407 0
0.01999999999995996 -0.09099999999999382 0
0.01999999999996096 -0.08999999999999295 0
0.01999999999996194 -0.08899999999999031 0
0.01999999999996293 -0.08799999999998762 0
0.01999999999996392 -0.08699999999998755 0
0.0199999999999649 -0.08599999999998653 0
0.01999999999996589 -0.08499999999998378 0
0.01999999999996688 -0.08399999999998127 0
0.01999999999996786 -0.08299999999998134 0
0.01999999999996885 -0.08199999999998005 0
0.01999999999996984 -0.08099999999997733 0
0.01999999999997082 -0.07999999999997506 0
0.01999999999997182 -0.07899999999997512 0
0.0199999999999728 -0.07799999999997355 0
0.01999999999997379 -0.07699999999997084 0
0.01999999999997477 -0.07599999999996883 0
0.01999999999997577 -0.0749999999999689 0
0.01999999999997675 -0.07399999999996708 0
0.01999999999997774 -0.07299999999996436 0
0.01999999999997873 -0.07199999999996262 0
0.01999999999997971 -0.07099999999996269 0
0.01999999999998071 -0.06999999999996061 0
0.01999999999998169 -0.0689999999999585 0
0.01999999999998268 -0.06799999999995858 0
0.01999999999998366 -0.06699999999995683 0
0.01999999999998466 -0.06599999999995412 0
0.01999999999998564 -0.06499999999995228 0
0.01999999999998663 -0.06399999999995236 0
0.01999999999998762 -0.06299999999995035 0
0.0199999999999886 -0.06199999999994767 0
0.0199999999999896 -0.06099999999994608 0
0.01999999999999059 -0.05999999999994612 0
0.01999999999999157 -0.05899999999994386 0
0.01999999999999256 -0.05799999999994166 0
0.01999999999999355 -0.05699999999994067 0
0.01999999999999453 -0.05599999999993945 0
0.01999999999999552 -0.05499999999993792 0
0.01999999999999651 -0.05399999999993574 0
0.01999999999999749 -0.05299999999993441 0
0.01999999999999849 -0.0519999999999331 0
0.01999999999999948 -0.05099999999993145 0
0.02000000000000046 -0.04999999999992939 0
0.02000000000000145 -0.04899999999992809 0
0.02000000000000243 -0.04799999999992673 0
0.02000000000000342 -0.04699999999992496 0
0.0200000000000044 -0.04599999999992305 0
0.0200000000000054 -0.04499999999992253 0
0.02000000000000639 -0.04399999999992351 0
0.02000000000000737 -0.0429999999999252 0
0.02000000000000836 -0.04199999999992687 0
0.02000000000000935 -0.04099999999992869 0
0.02000000000001034 -0.03999999999993049 0
0.02000000000001133 -0.03899999999993212 0
0.02000000000001231 -0.03799999999993384 0
0.0200000000000133 -0.03699999999993563 0
0.02000000000001428 -0.03599999999993746 0
0.02000000000001527 -0.03499999999993904 0
0.02000000000001626 -0.03399999999994079 0
0.02000000000001725 -0.03299999999994298 0
0.02000000000001824 -0.03199999999994618 0
0.02000000000001922 -0.03099999999994814 0
0.02000000000002021 -0.02999999999994971 0
0.0200000000000212 -0.02899999999995186 0
0.02000000000002219 -0.0279999999999536 0
0.02000000000002318 -0.02699999999995506 0
0.02000000000002417 -0.0259999999999567 0
0.02000000000002515 -0.02499999999995885 0
0.02000000000002614 -0.02399999999996052 0
0.02000000000002712 -0.022999999999962 0
0.02000000000002811 -0.02199999999996369 0
0.0200000000000291 -0.02099999999996585 0
0.02000000000003009 -0.01999999999996746 0
0.02000000000003108 -0.01899999999996907 0
0.02000000000003206 -0.01799999999997123 0
0.02000000000003305 -0.01699999999997293 0
0.02000000000003404 -0.01599999999997439 0
0.02000000000003502 -0.01499999999997605 0
0.02000000000003602 -0.01399999999997858 0
0.020000000000037 -0.01299999999998091 0
0.02000000000003798 -0.01199999999998238 0
0.02000000000003897 -0.01099999999998412 0
0.02000000000003996 -0.009999999999986272 0
0.02000000000004095 -0.008999999999987841 0
0.02000000000004194 -0.007999999999989203 0
0.02000000000004293 -0.006999999999990488 0
0.02000000000004391 -0.005999999999991694 0
0.0200000000000449 -0.00499999999999189 0
0.02000000000004589 -0.003999999999992308 0
0.02000000000004688 -0.002999999999992928 0
0.02000000000004786 -0.001999999999993819 0
0.02000000000004885 -0.0009999999999942776 0
0.02000000000004984 4.965212269114616e-15 0
0.02000000000005082 0.00100000000000355 0
0.02000000000005181 0.002000000000002172 0
0.0200000000000528 0.003000000000001554 0
0.02000000000005379 0.0040000000000011 0
0.02099999999995419 -0.0939999999999995 0
0.02099999999995524 -0.09299999999999689 0
0.02099999999995629 -0.09199999999999425 0
0.02099999999995734 -0.09099999999999403 0
0.02099999999995839 -0.08999999999999325 0
0.02099999999995943 -0.08899999999999061 0
0.02099999999996047 -0.087999999999988 0
0.02099999999996153 -0.086999999999988 0
0.02099999999996258 -0.08599999999998699 0
0.02099999999996362 -0.08499999999998432 0
0.02099999999996467 -0.08399999999998191 0
0.02099999999996572 -0.08299999999998202 0
0.02099999999996676 -0.08199999999998074 0
0.02099999999996781 -0.0809999999999781 0
0.02099999999996886 -0.07999999999997591 0
0.0209999999999699 -0.07899999999997598 0
0.02099999999997095 -0.07799999999997448 0
0.020999999999972 -0.07699999999997183 0
0.02099999999997305 -0.07599999999996988 0
0.0209999999999741 -0.07499999999996999 0
0.02099999999997515 -0.0739999999999682 0
0.02099999999997619 -0.07299999999996556 0
0.02099999999997724 -0.07199999999996387 0
0.02099999999997829 -0.07099999999996401 0
0.02099999999997933 -0.06999999999996194 0
0.02099999999998038 -0.06899999999995993 0
0.02099999999998143 -0.06799999999996001 0
0.02099999999998248 -0.06699999999995833 0
0.02099999999998352 -0.06599999999995568 0
0.02099999999998457 -0.06499999999995391 0
0.02099999999998562 -0.06399999999995404 0
0.02099999999998666 -0.06299999999995204 0
0.02099999999998771 -0.06199999999994943 0
0.02099999999998876 -0.06099999999994792 0
0.02099999999998982 -0.059999999999948 0
0.02099999999999086 -0.0589999999999458 0
0.0209999999999919 -0.05799999999994366 0
0.02099999999999295 -0.05699999999994274 0
0.020999999999994 -0.05599999999994159 0
0.02099999999999505 -0.0549999999999401 0
0.02099999999999609 -0.05399999999993797 0
0.02099999999999714 -0.05299999999993671 0
0.02099999999999819 -0.05199999999993543 0
0.02099999999999923 -0.05099999999993384 0
0.02100000000000028 -0.04999999999993185 0
0.02100000000000132 -0.04899999999993059 0
0.02100000000000238 -0.04799999999992932 0
0.02100000000000342 -0.04699999999992759 0
0.02100000000000447 -0.0459999999999257 0
0.02100000000000551 -0.04499999999992525 0
0.02100000000000656 -0.0439999999999262 0
0.02100000000000761 -0.0429999999999278 0
0.02100000000000866 -0.04199999999992943 0
0.02100000000000971 -0.0409999999999312 0
0.02100000000001075 -0.03999999999993292 0
0.0210000000000118 -0.0389999999999345 0
0.02100000000001285 -0.03799999999993617 0
0.0210000000000139 -0.0369999999999379 0
0.02100000000001494 -0.03599999999993968 0
0.02100000000001599 -0.03499999999994119 0
0.02100000000001704 -0.03399999999994288 0
0.02100000000001809 -0.03299999999994504 0
0.02100000000001914 -0.03199999999994816 0
0.02100000000002018 -0.03099999999995004 0
0.02100000000002123 -0.02999999999995154 0
0.02100000000002228 -0.02899999999995366 0
0.02100000000002332 -0.02799999999995535 0
0.02100000000002437 -0.02699999999995673 0
0.02100000000002542 -0.02599999999995831 0
0.02100000000002647 -0.02499999999996042 0
0.02100000000002751 -0.02399999999996204 0
0.02100000000002857 -0.02299999999996343 0
0.02100000000002961 -0.02199999999996508 0
0.02100000000003066 -0.02099999999996719 0
0.02100000000003171 -0.01999999999996874 0
0.02100000000003275 -0.0189999999999703 0
0.0210000000000338 -0.01799999999997241 0
0.02100000000003486 -0.01699999999997404 0
0.0210000000000359 -0.01599999999997544 0
0.02100000000003694 -0.01499999999997705 0
0.02100000000003799 -0.01399999999997952 0
0.02100000000003903 -0.01299999999998178 0
0.02100000000004008 -0.01199999999998319 0
0.02100000000004113 -0.01099999999998488 0
0.02100000000004218 -0.009999999999986986 0
0.02100000000004322 -0.008999999999988488 0
0.02100000000004427 -0.007999999999989783 0
0.02100000000004532 -0.006999999999991024 0
0.02100000000004637 -0.005999999999992201 0
0.02100000000004741 -0.004999999999992346 0
0.02100000000004847 -0.003999999999992706 0
0.02100000000004951 -0.002999999999993292 0
0.02100000000005056 -0.001999999999994162 0
0.02100000000005161 -0.0009999999999945634 0
0.02100000000005265 4.741866621582602e-15 0
0.0210000000000537 0.001000000000003366 0
0.02100000000005475 0.002000000000002021 0
0.0210000000000558 0.003000000000001463 0
0.02100000000005684 0.004000000000001065 0
0.0219999999999514 -0.09399999999999954 0
0.02199999999995251 -0.09299999999999699 0
0.02199999999995363 -0.09199999999999442 0
0.02199999999995475 -0.09099999999999425 0
0.02199999999995586 -0.08999999999999352 0
0.02199999999995698 -0.08899999999999095 0
0.0219999999999581 -0.08799999999998838 0
0.02199999999995922 -0.08699999999998842 0
0.02199999999996033 -0.08599999999998748 0
0.02199999999996145 -0.08499999999998489 0
0.02199999999996256 -0.08399999999998251 0
0.02199999999996369 -0.08299999999998266 0
0.0219999999999648 -0.08199999999998141 0
0.02199999999996592 -0.08099999999997887 0
0.02199999999996705 -0.07999999999997674 0
0.02199999999996816 -0.07899999999997682 0
0.02199999999996928 -0.07799999999997539 0
0.0219999999999704 -0.07699999999997283 0
0.02199999999997151 -0.07599999999997091 0
0.02199999999997263 -0.07499999999997108 0
0.02199999999997375 -0.07399999999996935 0
0.02199999999997487 -0.07299999999996679 0
0.02199999999997598 -0.07199999999996515 0
0.0219999999999771 -0.07099999999996527 0
0.02199999999997822 -0.06999999999996327 0
0.02199999999997933 -0.06899999999996131 0
0.02199999999998045 -0.06799999999996145 0
0.02199999999998158 -0.06699999999995983 0
0.02199999999998269 -0.06599999999995723 0
0.0219999999999838 -0.06499999999995552 0
0.02199999999998493 -0.06399999999995568 0
0.02199999999998604 -0.06299999999995376 0
0.02199999999998716 -0.0619999999999512 0
0.02199999999998828 -0.06099999999994975 0
0.0219999999999894 -0.05999999999994986 0
0.02199999999999051 -0.05899999999994774 0
0.02199999999999163 -0.05799999999994565 0
0.02199999999999275 -0.05699999999994482 0
0.02199999999999386 -0.05599999999994369 0
0.02199999999999499 -0.05499999999994228 0
0.02199999999999611 -0.05399999999994022 0
0.02199999999999722 -0.05299999999993899 0
0.02199999999999833 -0.05199999999993778 0
0.02199999999999946 -0.05099999999993623 0
0.02200000000000057 -0.04999999999993431 0
0.02200000000000169 -0.0489999999999331 0
0.02200000000000281 -0.04799999999993187 0
0.02200000000000393 -0.04699999999993019 0
0.02200000000000505 -0.04599999999992838 0
0.02200000000000616 -0.04499999999992792 0
0.02200000000000728 -0.04399999999992887 0
0.02200000000000839 -0.04299999999993041 0
0.02200000000000952 -0.04199999999993196 0
0.02200000000001064 -0.04099999999993368 0
0.02200000000001175 -0.03999999999993537 0
0.02200000000001287 -0.03899999999993688 0
0.02200000000001399 -0.03799999999993847 0
0.0220000000000151 -0.03699999999994017 0
0.02200000000001622 -0.03599999999994188 0
0.02200000000001734 -0.03499999999994335 0
0.02200000000001846 -0.03399999999994498 0
0.02200000000001958 -0.03299999999994706 0
0.0220000000000207 -0.03199999999995013 0
0.02200000000002181 -0.03099999999995192 0
0.02200000000002293 -0.02999999999995338 0
0.02200000000002405 -0.02899999999995546 0
0.02200000000002517 -0.02799999999995708 0
0.02200000000002628 -0.02699999999995839 0
0.02200000000002741 -0.02599999999995992 0
0.02200000000002852 -0.02499999999996199 0
0.02200000000002964 -0.02399999999996355 0
0.02200000000003075 -0.02299999999996487 0
0.02200000000003188 -0.02199999999996645 0
0.02200000000003299 -0.02099999999996854 0
0.02200000000003411 -0.01999999999997003 0
0.02200000000003522 -0.01899999999997151 0
0.02200000000003635 -0.01799999999997359 0
0.02200000000003746 -0.01699999999997516 0
0.02200000000003858 -0.01599999999997648 0
0.0220000000000397 -0.01499999999997804 0
0.02200000000004081 -0.01399999999998047 0
0.02200000000004194 -0.01299999999998266 0
0.02200000000004304 -0.011999999999984 0
0.02200000000004417 -0.01099999999998563 0
0.02200000000004528 -0.009999999999987701 0
0.0220000000000464 -0.008999999999989138 0
0.02200000000004752 -0.007999999999990362 0
0.02200000000004864 -0.006999999999991558 0
0.02200000000004976 -0.005999999999992714 0
0.02200000000005087 -0.004999999999992803 0
0.02200000000005199 -0.003999999999993106 0
0.02200000000005311 -0.002999999999993657 0
0.02200000000005423 -0.001999999999994506 0
0.02200000000005535 -0.0009999999999948475 0
0.02200000000005647 4.520255697526565e-15 0
0.02200000000005758 0.001000000000003185 0
0.0220000000000587 0.00200000000000187 0
0.02200000000005982 0.003000000000001373 0
0.02200000000006093 0.004000000000001034 0
0.02299999999994858 -0.09399999999999961 0
0.02299999999994976 -0.09299999999999711 0
0.02299999999995093 -0.09199999999999461 0
0.02299999999995211 -0.09099999999999442 0
0.02299999999995329 -0.08999999999999375 0
0.02299999999995446 -0.08899999999999128 0
0.02299999999995564 -0.08799999999998878 0
0.02299999999995682 -0.08699999999998884 0
0.02299999999995799 -0.08599999999998795 0
0.02299999999995916 -0.08499999999998545 0
0.02299999999996034 -0.08399999999998312 0
0.02299999999996152 -0.08299999999998328 0
0.0229999999999627 -0.08199999999998213 0
0.02299999999996388 -0.08099999999997962 0
0.02299999999996505 -0.07999999999997756 0
0.02299999999996623 -0.0789999999999777 0
0.0229999999999674 -0.0779999999999763 0
0.02299999999996858 -0.07699999999997377 0
0.02299999999996975 -0.07599999999997196 0
0.02299999999997093 -0.07499999999997213 0
0.02299999999997211 -0.07399999999997045 0
0.02299999999997328 -0.07299999999996797 0
0.02299999999997446 -0.0719999999999664 0
0.02299999999997564 -0.07099999999996655 0
0.02299999999997682 -0.06999999999996463 0
0.02299999999997799 -0.06899999999996274 0
0.02299999999997917 -0.0679999999999629 0
0.02299999999998033 -0.06699999999996135 0
0.02299999999998152 -0.0659999999999588 0
0.02299999999998269 -0.06499999999995712 0
0.02299999999998387 -0.06399999999995733 0
0.02299999999998505 -0.06299999999995548 0
0.02299999999998622 -0.06199999999995299 0
0.0229999999999874 -0.06099999999995158 0
0.02299999999998858 -0.05999999999995175 0
0.02299999999998975 -0.05899999999994968 0
0.02299999999999093 -0.05799999999994764 0
0.0229999999999921 -0.05699999999994688 0
0.02299999999999328 -0.05599999999994582 0
0.02299999999999446 -0.05499999999994445 0
0.02299999999999564 -0.05399999999994247 0
0.02299999999999681 -0.0529999999999413 0
0.02299999999999799 -0.05199999999994011 0
0.02299999999999917 -0.05099999999993862 0
0.02300000000000034 -0.04999999999993676 0
0.02300000000000151 -0.04899999999993561 0
0.02300000000000269 -0.04799999999993443 0
0.02300000000000387 -0.04699999999993281 0
0.02300000000000504 -0.04599999999993105 0
0.02300000000000622 -0.04499999999993063 0
0.0230000000000074 -0.04399999999993154 0
0.02300000000000857 -0.04299999999993302 0
0.02300000000000975 -0.04199999999993451 0
0.02300000000001092 -0.04099999999993619 0
0.0230000000000121 -0.03999999999993782 0
0.02300000000001328 -0.03899999999993926 0
0.02300000000001445 -0.03799999999994079 0
0.02300000000001563 -0.03699999999994245 0
0.02300000000001681 -0.0359999999999441 0
0.02300000000001799 -0.03499999999994549 0
0.02300000000001916 -0.03399999999994708 0
0.02300000000002034 -0.03299999999994909 0
0.02300000000002152 -0.03199999999995209 0
0.02300000000002269 -0.03099999999995382 0
0.02300000000002387 -0.0299999999999552 0
0.02300000000002504 -0.02899999999995725 0
0.02300000000002621 -0.02799999999995881 0
0.02300000000002739 -0.02699999999996007 0
0.02300000000002857 -0.02599999999996152 0
0.02300000000002975 -0.02499999999996357 0
0.02300000000003092 -0.02399999999996505 0
0.0230000000000321 -0.02299999999996631 0
0.02300000000003328 -0.02199999999996783 0
0.02300000000003446 -0.02099999999996988 0
0.02300000000003563 -0.0199999999999713 0
0.0230000000000368 -0.01899999999997272 0
0.02300000000003798 -0.01799999999997477 0
0.02300000000003916 -0.01699999999997628 0
0.02300000000004034 -0.01599999999997754 0
0.02300000000004151 -0.01499999999997903 0
0.02300000000004269 -0.01399999999998143 0
0.02300000000004387 -0.01299999999998355 0
0.02300000000004504 -0.01199999999998481 0
0.02300000000004621 -0.01099999999998638 0
0.02300000000004739 -0.009999999999988423 0
0.02300000000004857 -0.008999999999989789 0
0.02300000000004974 -0.007999999999990945 0
0.02300000000005092 -0.006999999999992094 0
0.0230000000000521 -0.005999999999993222 0
0.02300000000005328 -0.004999999999993262 0
0.02300000000005446 -0.003999999999993505 0
0.02300000000005563 -0.002999999999994024 0
0.0230000000000568 -0.001999999999994849 0
0.02300000000005798 -0.0009999999999951337 0
0.02300000000005916 4.296476369125557e-15 0
0.02300000000006033 0.001000000000003001 0
0.02300000000006151 0.00200000000000172 0
0.02300000000006269 0.003000000000001282 0
0.02300000000006387 0.004000000000001004 0
0.02399999999994575 -0.09399999999999964 0
0.02399999999994695 -0.0929999999999972 0
0.02399999999994817 -0.09199999999999478 0
0.02399999999994938 -0.09099999999999465 0
0.02399999999995059 -0.08999999999999402 0
0.02399999999995181 -0.08899999999999159 0
0.02399999999995302 -0.08799999999998918 0
0.02399999999995423 -0.08699999999998928 0
0.02399999999995545 -0.08599999999998845 0
0.02399999999995665 -0.08499999999998595 0
0.02399999999995786 -0.0839999999999837 0
0.02399999999995907 -0.08299999999998392 0
0.02399999999996029 -0.08199999999998279 0
0.0239999999999615 -0.08099999999998037 0
0.02399999999996272 -0.07999999999997838 0
0.02399999999996393 -0.07899999999997852 0
0.02399999999996514 -0.0779999999999772 0
0.02399999999996635 -0.0769999999999748 0
0.02399999999996756 -0.07599999999997299 0
0.02399999999996878 -0.0749999999999732 0
0.02399999999996998 -0.07399999999997159 0
0.0239999999999712 -0.0729999999999692 0
0.02399999999997241 -0.07199999999996765 0
0.02399999999997363 -0.07099999999996788 0
0.02399999999997484 -0.06999999999996599 0
0.02399999999997605 -0.06899999999996415 0
0.02399999999997726 -0.06799999999996434 0
0.02399999999997848 -0.06699999999996281 0
0.02399999999997968 -0.06599999999996035 0
0.0239999999999809 -0.06499999999995876 0
0.02399999999998211 -0.06399999999995901 0
0.02399999999998333 -0.0629999999999572 0
0.02399999999998454 -0.06199999999995479 0
0.02399999999998575 -0.06099999999995342 0
0.02399999999998696 -0.05999999999995361 0
0.02399999999998817 -0.05899999999995161 0
0.02399999999998938 -0.05799999999994967 0
0.0239999999999906 -0.05699999999994896 0
0.02399999999999181 -0.05599999999994795 0
0.02399999999999302 -0.05499999999994665 0
0.02399999999999423 -0.0539999999999447 0
0.02399999999999543 -0.05299999999994358 0
0.02399999999999666 -0.05199999999994247 0
0.02399999999999786 -0.05099999999994101 0
0.02399999999999908 -0.04999999999993924 0
0.02400000000000029 -0.04899999999993811 0
0.02400000000000151 -0.04799999999993699 0
0.02400000000000272 -0.04699999999993542 0
0.02400000000000393 -0.04599999999993373 0
0.02400000000000514 -0.04499999999993332 0
0.02400000000000636 -0.0439999999999342 0
0.02400000000000756 -0.04299999999993563 0
0.02400000000000878 -0.04199999999993707 0
0.02400000000000999 -0.04099999999993867 0
0.0240000000000112 -0.03999999999994025 0
0.02400000000001241 -0.03899999999994164 0
0.02400000000001363 -0.03799999999994313 0
0.02400000000001484 -0.03699999999994471 0
0.02400000000001605 -0.03599999999994632 0
0.02400000000001726 -0.03499999999994765 0
0.02400000000001847 -0.03399999999994917 0
0.02400000000001969 -0.03299999999995115 0
0.0240000000000209 -0.03199999999995407 0
0.02400000000002211 -0.03099999999995573 0
0.02400000000002332 -0.02999999999995704 0
0.02400000000002454 -0.02899999999995904 0
0.02400000000002574 -0.02799999999996055 0
0.02400000000002696 -0.02699999999996174 0
0.02400000000002817 -0.02599999999996313 0
0.02400000000002938 -0.02499999999996513 0
0.02400000000003059 -0.02399999999996656 0
0.02400000000003181 -0.02299999999996775 0
0.02400000000003302 -0.02199999999996921 0
0.02400000000003424 -0.02099999999997123 0
0.02400000000003544 -0.01999999999997258 0
0.02400000000003665 -0.01899999999997394 0
0.02400000000003787 -0.01799999999997596 0
0.02400000000003908 -0.0169999999999774 0
0.02400000000004029 -0.01599999999997858 0
0.0240000000000415 -0.01499999999998002 0
0.02400000000004271 -0.01399999999998238 0
0.02400000000004393 -0.01299999999998442 0
0.02400000000004514 -0.01199999999998562 0
0.02400000000004635 -0.01099999999998713 0
0.02400000000004756 -0.009999999999989139 0
0.02400000000004878 -0.008999999999990439 0
0.02400000000004999 -0.007999999999991524 0
0.0240000000000512 -0.006999999999992624 0
0.02400000000005242 -0.005999999999993731 0
0.02400000000005362 -0.004999999999993718 0
0.02400000000005484 -0.003999999999993904 0
0.02400000000005605 -0.002999999999994389 0
0.02400000000005726 -0.001999999999995192 0
0.02400000000005848 -0.0009999999999954164 0
0.02400000000005969 4.072697040724549e-15 0
0.0240000000000609 0.001000000000002819 0
0.02400000000006211 0.002000000000001568 0
0.02400000000006332 0.003000000000001192 0
0.02400000000006454 0.004000000000000971 0
0.02499999999994295 -0.09399999999999965 0
0.02499999999994422 -0.09299999999999731 0
0.02499999999994549 -0.09199999999999495 0
0.02499999999994676 -0.09099999999999489 0
0.02499999999994805 -0.08999999999999429 0
0.02499999999994931 -0.08899999999999191 0
0.02499999999995059 -0.08799999999998957 0
0.02499999999995187 -0.0869999999999897 0
0.02499999999995314 -0.08599999999998892 0
0.02499999999995441 -0.08499999999998652 0
0.02499999999995568 -0.08399999999998434 0
0.02499999999995697 -0.08299999999998456 0
0.02499999999995825 -0.08199999999998352 0
0.02499999999995952 -0.08099999999998116 0
0.02499999999996079 -0.07999999999997918 0
0.02499999999996207 -0.07899999999997941 0
0.02499999999996334 -0.07799999999997814 0
0.02499999999996461 -0.07699999999997574 0
0.02499999999996589 -0.07599999999997405 0
0.02499999999996717 -0.07499999999997428 0
0.02499999999996844 -0.07399999999997274 0
0.02499999999996971 -0.07299999999997034 0
0.02499999999997099 -0.07199999999996889 0
0.02499999999997227 -0.07099999999996918 0
0.02499999999997355 -0.06999999999996731 0
0.02499999999997482 -0.06899999999996556 0
0.02499999999997609 -0.06799999999996578 0
0.02499999999997737 -0.06699999999996432 0
0.02499999999997864 -0.06599999999996195 0
0.02499999999997992 -0.0649999999999604 0
0.02499999999998119 -0.06399999999996067 0
0.02499999999998247 -0.06299999999995892 0
0.02499999999998374 -0.06199999999995656 0
0.02499999999998502 -0.06099999999995527 0
0.02499999999998629 -0.0599999999999555 0
0.02499999999998757 -0.05899999999995354 0
0.02499999999998884 -0.05799999999995168 0
0.02499999999999011 -0.05699999999995102 0
0.02499999999999139 -0.05599999999995007 0
0.02499999999999267 -0.05499999999994882 0
0.02499999999999394 -0.05399999999994693 0
0.02499999999999521 -0.05299999999994588 0
0.02499999999999648 -0.05199999999994481 0
0.02499999999999776 -0.05099999999994344 0
0.02499999999999904 -0.04999999999994167 0
0.02500000000000031 -0.04899999999994063 0
0.02500000000000159 -0.04799999999993956 0
0.02500000000000287 -0.04699999999993803 0
0.02500000000000413 -0.0459999999999364 0
0.02500000000000542 -0.04499999999993602 0
0.02500000000000669 -0.04399999999993688 0
0.02500000000000796 -0.04299999999993823 0
0.02500000000000924 -0.04199999999993963 0
0.02500000000001051 -0.04099999999994117 0
0.02500000000001178 -0.03999999999994272 0
0.02500000000001307 -0.03899999999994402 0
0.02500000000001434 -0.03799999999994545 0
0.02500000000001561 -0.03699999999994699 0
0.02500000000001688 -0.03599999999994855 0
0.02500000000001817 -0.03499999999994979 0
0.02500000000001944 -0.03399999999995127 0
0.02500000000002071 -0.03299999999995318 0
0.02500000000002199 -0.03199999999995603 0
0.02500000000002327 -0.03099999999995762 0
0.02500000000002454 -0.02999999999995887 0
0.02500000000002581 -0.02899999999996083 0
0.02500000000002708 -0.02799999999996229 0
0.02500000000002836 -0.0269999999999634 0
0.02500000000002964 -0.02599999999996473 0
0.02500000000003092 -0.02499999999996669 0
0.02500000000003219 -0.02399999999996808 0
0.02500000000003347 -0.02299999999996919 0
0.02500000000003473 -0.02199999999997059 0
0.02500000000003601 -0.02099999999997256 0
0.02500000000003728 -0.01999999999997386 0
0.02500000000003856 -0.01899999999997516 0
0.02500000000003984 -0.01799999999997713 0
0.02500000000004111 -0.01699999999997853 0
0.02500000000004239 -0.01599999999997964 0
0.02500000000004367 -0.01499999999998102 0
0.02500000000004493 -0.01399999999998333 0
0.02500000000004621 -0.0129999999999853 0
0.02500000000004748 -0.01199999999998643 0
0.02500000000004876 -0.01099999999998789 0
0.02500000000005004 -0.00999999999998985 0
0.02500000000005131 -0.008999999999991093 0
0.02500000000005259 -0.007999999999992102 0
0.02500000000005386 -0.006999999999993158 0
0.02500000000005513 -0.00599999999999424 0
0.02500000000005641 -0.004999999999994176 0
0.02500000000005768 -0.003999999999994302 0
0.02500000000005896 -0.002999999999994753 0
0.02500000000006024 -0.001999999999995537 0
0.02500000000006151 -0.0009999999999957022 0
0.02500000000006279 3.849351393192535e-15 0
0.02500000000006406 0.001000000000002636 0
0.02500000000006533 0.002000000000001418 0
0.02500000000006661 0.003000000000001102 0
0.02500000000006789 0.004000000000000937 0
0.02599999999994014 -0.09399999999999972 0
0.02599999999994147 -0.0929999999999974 0
0.0259999999999428 -0.0919999999999951 0
0.02599999999994414 -0.09099999999999511 0
0.02599999999994548 -0.08999999999999454 0
0.02599999999994682 -0.08899999999999225 0
0.02599999999994816 -0.08799999999998993 0
0.0259999999999495 -0.08699999999999011 0
0.02599999999995083 -0.08599999999998938 0
0.02599999999995217 -0.08499999999998706 0
0.0259999999999535 -0.08399999999998493 0
0.02599999999995484 -0.08299999999998524 0
0.02599999999995618 -0.08199999999998422 0
0.02599999999995752 -0.08099999999998193 0
0.02599999999995886 -0.07999999999998003 0
0.0259999999999602 -0.07899999999998027 0
0.02599999999996154 -0.07799999999997903 0
0.02599999999996287 -0.07699999999997675 0
0.02599999999996421 -0.07599999999997507 0
0.02599999999996555 -0.07499999999997535 0
0.02599999999996688 -0.07399999999997385 0
0.02599999999996823 -0.07299999999997157 0
0.02599999999996956 -0.07199999999997014 0
0.0259999999999709 -0.07099999999997043 0
0.02599999999997225 -0.06999999999996871 0
0.02599999999997357 -0.06899999999996695 0
0.02599999999997491 -0.06799999999996723 0
0.02599999999997626 -0.06699999999996585 0
0.02599999999997759 -0.0659999999999635 0
0.02599999999997893 -0.064999999999962 0
0.02599999999998027 -0.06399999999996231 0
0.0259999999999816 -0.06299999999996064 0
0.02599999999998295 -0.06199999999995837 0
0.02599999999998428 -0.0609999999999571 0
0.02599999999998561 -0.05999999999995734 0
0.02599999999998696 -0.05899999999995548 0
0.02599999999998829 -0.05799999999995367 0
0.02599999999998963 -0.05699999999995309 0
0.02599999999999097 -0.05599999999995221 0
0.0259999999999923 -0.054999999999951 0
0.02599999999999365 -0.05399999999994918 0
0.02599999999999498 -0.05299999999994816 0
0.02599999999999632 -0.05199999999994715 0
0.02599999999999766 -0.05099999999994582 0
0.025999999999999 -0.04999999999994414 0
0.02600000000000034 -0.04899999999994312 0
0.02600000000000167 -0.04799999999994212 0
0.02600000000000301 -0.04699999999994065 0
0.02600000000000435 -0.04599999999993908 0
0.02600000000000569 -0.04499999999993872 0
0.02600000000000702 -0.04399999999993956 0
0.02600000000000836 -0.04299999999994084 0
0.0260000000000097 -0.04199999999994218 0
0.02600000000001104 -0.04099999999994367 0
0.02600000000001237 -0.03999999999994516 0
0.02600000000001371 -0.03899999999994641 0
0.02600000000001505 -0.03799999999994778 0
0.02600000000001639 -0.03699999999994925 0
0.02600000000001772 -0.03599999999995077 0
0.02600000000001906 -0.03499999999995195 0
0.0260000000000204 -0.03399999999995337 0
0.02600000000002174 -0.03299999999995522 0
0.02600000000002308 -0.031999999999958 0
0.02600000000002441 -0.03099999999995952 0
0.02600000000002575 -0.0299999999999607 0
0.02600000000002709 -0.02899999999996264 0
0.02600000000002842 -0.02799999999996403 0
0.02600000000002977 -0.02699999999996507 0
0.0260000000000311 -0.02599999999996633 0
0.02600000000003245 -0.02499999999996827 0
0.02600000000003378 -0.02399999999996958 0
0.02600000000003512 -0.02299999999997063 0
0.02600000000003646 -0.02199999999997196 0
0.02600000000003779 -0.0209999999999739 0
0.02600000000003913 -0.01999999999997515 0
0.02600000000004047 -0.01899999999997637 0
0.02600000000004181 -0.01799999999997831 0
0.02600000000004314 -0.01699999999997965 0
0.02600000000004448 -0.01599999999998069 0
0.02600000000004582 -0.014999999999982 0
0.02600000000004716 -0.01399999999998427 0
0.02600000000004849 -0.01299999999998618 0
0.02600000000004984 -0.01199999999998724 0
0.02600000000005117 -0.01099999999998864 0
0.02600000000005251 -0.009999999999990567 0
0.02600000000005385 -0.008999999999991744 0
0.02600000000005518 -0.007999999999992687 0
0.02600000000005653 -0.006999999999993692 0
0.02600000000005786 -0.005999999999994752 0
0.0260000000000592 -0.004999999999994635 0
0.02600000000006054 -0.003999999999994705 0
0.02600000000006187 -0.002999999999995118 0
0.02600000000006322 -0.001999999999995879 0
0.02600000000006455 -0.0009999999999959867 0
0.02600000000006589 3.626873107398509e-15 0
0.02600000000006723 0.001000000000002453 0
0.02600000000006856 0.002000000000001267 0
0.02600000000006991 0.003000000000001011 0
0.02600000000007124 0.004000000000000906 0
0.0269999999999373 -0.09399999999999978 0
0.02699999999993867 -0.09299999999999752 0
0.02699999999994004 -0.09199999999999528 0
0.02699999999994142 -0.09099999999999532 0
0.0269999999999428 -0.08999999999999478 0
0.02699999999994417 -0.08899999999999259 0
0.02699999999994554 -0.08799999999999035 0
0.02699999999994692 -0.08699999999999056 0
0.02699999999994829 -0.08599999999998988 0
0.02699999999994966 -0.08499999999998763 0
0.02699999999995104 -0.08399999999998556 0
0.02699999999995241 -0.08299999999998588 0
0.02699999999995378 -0.0819999999999849 0
0.02699999999995515 -0.08099999999998267 0
0.02699999999995653 -0.07999999999998084 0
0.0269999999999579 -0.07899999999998114 0
0.02699999999995928 -0.07799999999997993 0
0.02699999999996065 -0.07699999999997773 0
0.02699999999996203 -0.07599999999997614 0
0.0269999999999634 -0.07499999999997643 0
0.02699999999996477 -0.073999999999975 0
0.02699999999996615 -0.07299999999997277 0
0.02699999999996752 -0.07199999999997142 0
0.0269999999999689 -0.07099999999997171 0
0.02699999999997027 -0.06999999999997003 0
0.02699999999997164 -0.06899999999996835 0
0.02699999999997301 -0.06799999999996867 0
0.02699999999997438 -0.06699999999996732 0
0.02699999999997576 -0.06599999999996506 0
0.02699999999997713 -0.06499999999996363 0
0.02699999999997851 -0.06399999999996396 0
0.02699999999997988 -0.06299999999996236 0
0.02699999999998125 -0.06199999999996015 0
0.02699999999998262 -0.06099999999995893 0
0.026999999999984 -0.05999999999995924 0
0.02699999999998538 -0.05899999999995741 0
0.02699999999998675 -0.05799999999995567 0
0.02699999999998812 -0.05699999999995518 0
0.0269999999999895 -0.05599999999995433 0
0.02699999999999087 -0.05499999999995318 0
0.02699999999999225 -0.05399999999995143 0
0.02699999999999361 -0.05299999999995046 0
0.02699999999999499 -0.0519999999999495 0
0.02699999999999636 -0.05099999999994822 0
0.02699999999999774 -0.04999999999994659 0
0.02699999999999911 -0.04899999999994564 0
0.02700000000000048 -0.04799999999994468 0
0.02700000000000186 -0.04699999999994328 0
0.02700000000000323 -0.04599999999994175 0
0.02700000000000461 -0.04499999999994143 0
0.02700000000000598 -0.04399999999994222 0
0.02700000000000736 -0.04299999999994346 0
0.02700000000000873 -0.04199999999994473 0
0.0270000000000101 -0.04099999999994617 0
0.02700000000001147 -0.0399999999999476 0
0.02700000000001285 -0.0389999999999488 0
0.02700000000001421 -0.03799999999995009 0
0.02700000000001559 -0.03699999999995152 0
0.02700000000001698 -0.03599999999995297 0
0.02700000000001834 -0.03499999999995411 0
0.02700000000001971 -0.03399999999995545 0
0.02700000000002109 -0.03299999999995725 0
0.02700000000002246 -0.03199999999995996 0
0.02700000000002383 -0.03099999999996142 0
0.02700000000002521 -0.02999999999996253 0
0.02700000000002659 -0.02899999999996443 0
0.02700000000002795 -0.02799999999996576 0
0.02700000000002933 -0.02699999999996673 0
0.0270000000000307 -0.02599999999996794 0
0.02700000000003207 -0.02499999999996984 0
0.02700000000003345 -0.02399999999997109 0
0.02700000000003482 -0.02299999999997206 0
0.0270000000000362 -0.02199999999997335 0
0.02700000000003757 -0.02099999999997525 0
0.02700000000003894 -0.01999999999997643 0
0.02700000000004032 -0.01899999999997759 0
0.02700000000004169 -0.01799999999997949 0
0.02700000000004307 -0.01699999999998077 0
0.02700000000004444 -0.01599999999998174 0
0.02700000000004581 -0.01499999999998299 0
0.02700000000004718 -0.01399999999998523 0
0.02700000000004856 -0.01299999999998706 0
0.02700000000004994 -0.01199999999998804 0
0.02700000000005131 -0.01099999999998939 0
0.02700000000005268 -0.009999999999991281 0
0.02700000000005405 -0.008999999999992393 0
0.02700000000005543 -0.007999999999993269 0
0.0270000000000568 -0.006999999999994228 0
0.02700000000005818 -0.00599999999999526 0
0.02700000000005955 -0.00499999999999509 0
0.02700000000006093 -0.003999999999995105 0
0.02700000000006229 -0.002999999999995483 0
0.02700000000006368 -0.001999999999996223 0
0.02700000000006504 -0.0009999999999962734 0
0.02700000000006642 3.403527459866496e-15 0
0.0270000000000678 0.001000000000002271 0
0.02700000000006916 0.002000000000001116 0
0.02700000000007054 0.00300000000000092 0
0.02700000000007191 0.004000000000000873 0
0.02799999999993448 -0.09399999999999979 0
0.02799999999993591 -0.09299999999999763 0
0.02799999999993735 -0.09199999999999549 0
0.02799999999993878 -0.0909999999999955 0
0.02799999999994021 -0.08999999999999503 0
0.02799999999994164 -0.08899999999999292 0
0.02799999999994307 -0.08799999999999077 0
0.02799999999994451 -0.08699999999999102 0
0.02799999999994594 -0.08599999999999035 0
0.02799999999994737 -0.08499999999998815 0
0.0279999999999488 -0.08399999999998617 0
0.02799999999995023 -0.0829999999999865 0
0.02799999999995167 -0.0819999999999856 0
0.0279999999999531 -0.08099999999998345 0
0.02799999999995453 -0.07999999999998168 0
0.02799999999995596 -0.07899999999998196 0
0.0279999999999574 -0.07799999999998086 0
0.02799999999995883 -0.07699999999997874 0
0.02799999999996026 -0.07599999999997716 0
0.02799999999996169 -0.07499999999997752 0
0.02799999999996313 -0.07399999999997613 0
0.02799999999996456 -0.07299999999997395 0
0.02799999999996599 -0.07199999999997267 0
0.02799999999996742 -0.07099999999997299 0
0.02799999999996886 -0.06999999999997138 0
0.02799999999997028 -0.06899999999996979 0
0.02799999999997172 -0.06799999999997011 0
0.02799999999997315 -0.06699999999996885 0
0.02799999999997459 -0.06599999999996663 0
0.02799999999997602 -0.06499999999996528 0
0.02799999999997745 -0.06399999999996563 0
0.02799999999997888 -0.06299999999996408 0
0.02799999999998032 -0.06199999999996191 0
0.02799999999998175 -0.06099999999996078 0
0.02799999999998318 -0.0599999999999611 0
0.02799999999998461 -0.05899999999995933 0
0.02799999999998604 -0.05799999999995767 0
0.02799999999998747 -0.05699999999995723 0
0.02799999999998891 -0.05599999999995647 0
0.02799999999999033 -0.05499999999995537 0
0.02799999999999177 -0.05399999999995366 0
0.0279999999999932 -0.05299999999995274 0
0.02799999999999463 -0.05199999999995183 0
0.02799999999999606 -0.05099999999995061 0
0.0279999999999975 -0.04999999999994906 0
0.02799999999999893 -0.04899999999994816 0
0.02800000000000037 -0.04799999999994723 0
0.02800000000000179 -0.04699999999994588 0
0.02800000000000323 -0.04599999999994443 0
0.02800000000000466 -0.04499999999994412 0
0.0280000000000061 -0.04399999999994489 0
0.02800000000000753 -0.04299999999994607 0
0.02800000000000896 -0.04199999999994729 0
0.02800000000001038 -0.04099999999994867 0
0.02800000000001182 -0.03999999999995003 0
0.02800000000001325 -0.03899999999995117 0
0.02800000000001469 -0.03799999999995243 0
0.02800000000001612 -0.0369999999999538 0
0.02800000000001755 -0.03599999999995519 0
0.02800000000001899 -0.03499999999995626 0
0.02800000000002041 -0.03399999999995757 0
0.02800000000002185 -0.0329999999999593 0
0.02800000000002328 -0.03199999999996193 0
0.02800000000002471 -0.0309999999999633 0
0.02800000000002614 -0.02999999999996436 0
0.02800000000002758 -0.02899999999996623 0
0.02800000000002901 -0.0279999999999675 0
0.02800000000003044 -0.0269999999999684 0
0.02800000000003187 -0.02599999999996954 0
0.0280000000000333 -0.02499999999997141 0
0.02800000000003473 -0.0239999999999726 0
0.02800000000003617 -0.0229999999999735 0
0.0280000000000376 -0.02199999999997472 0
0.02800000000003903 -0.0209999999999766 0
0.02800000000004047 -0.0199999999999777 0
0.0280000000000419 -0.01899999999997881 0
0.02800000000004333 -0.01799999999998067 0
0.02800000000004476 -0.01699999999998189 0
0.0280000000000462 -0.01599999999998279 0
0.02800000000004762 -0.01499999999998399 0
0.02800000000004906 -0.01399999999998618 0
0.02800000000005049 -0.01299999999998794 0
0.02800000000005193 -0.01199999999998885 0
0.02800000000005335 -0.01099999999999014 0
0.02800000000005478 -0.009999999999991996 0
0.02800000000005621 -0.00899999999999304 0
0.02800000000005765 -0.007999999999993847 0
0.02800000000005908 -0.006999999999994762 0
0.02800000000006051 -0.005999999999995766 0
0.02800000000006195 -0.004999999999995548 0
0.02800000000006338 -0.003999999999995502 0
0.02800000000006481 -0.002999999999995848 0
0.02800000000006624 -0.001999999999996565 0
0.02800000000006767 -0.0009999999999965566 0
0.02800000000006911 3.180181812334482e-15 0
0.02800000000007054 0.001000000000002089 0
0.02800000000007198 0.002000000000000965 0
0.0280000000000734 0.003000000000000829 0
0.02800000000007484 0.00400000000000084 0
0.02899999999993169 -0.09399999999999982 0
0.02899999999993319 -0.09299999999999774 0
0.02899999999993469 -0.09199999999999568 0
0.02899999999993619 -0.0909999999999957 0
0.0289999999999377 -0.08999999999999529 0
0.02899999999993921 -0.08899999999999327 0
0.02899999999994071 -0.08799999999999118 0
0.0289999999999422 -0.08699999999999146 0
0.02899999999994371 -0.08599999999999083 0
0.02899999999994521 -0.08499999999998868 0
0.02899999999994671 -0.08399999999998678 0
0.02899999999994822 -0.08299999999998715 0
0.02899999999994972 -0.08199999999998629 0
0.02899999999995122 -0.08099999999998421 0
0.02899999999995273 -0.0799999999999825 0
0.02899999999995422 -0.07899999999998286 0
0.02899999999995573 -0.07799999999998176 0
0.02899999999995723 -0.07699999999997967 0
0.02899999999995873 -0.0759999999999782 0
0.02899999999996023 -0.07499999999997857 0
0.02899999999996174 -0.07399999999997724 0
0.02899999999996324 -0.0729999999999752 0
0.02899999999996474 -0.07199999999997392 0
0.02899999999996624 -0.07099999999997431 0
0.02899999999996775 -0.06999999999997272 0
0.02899999999996925 -0.06899999999997117 0
0.02899999999997076 -0.06799999999997156 0
0.02899999999997226 -0.06699999999997031 0
0.02899999999997376 -0.06599999999996821 0
0.02899999999997526 -0.06499999999996689 0
0.02899999999997676 -0.06399999999996725 0
0.02899999999997827 -0.06299999999996581 0
0.02899999999997977 -0.06199999999996371 0
0.02899999999998127 -0.06099999999996263 0
0.02899999999998277 -0.05999999999996296 0
0.02899999999998429 -0.05899999999996128 0
0.02899999999998578 -0.05799999999995969 0
0.02899999999998728 -0.05699999999995931 0
0.02899999999998879 -0.0559999999999586 0
0.02899999999999029 -0.05499999999995754 0
0.02899999999999179 -0.0539999999999559 0
0.0289999999999933 -0.05299999999995505 0
0.0289999999999948 -0.05199999999995418 0
0.02899999999999631 -0.05099999999995303 0
0.02899999999999781 -0.04999999999995151 0
0.0289999999999993 -0.04899999999995066 0
0.02900000000000081 -0.04799999999994978 0
0.02900000000000232 -0.0469999999999485 0
0.02900000000000381 -0.04599999999994711 0
0.02900000000000532 -0.0449999999999468 0
0.02900000000000682 -0.04399999999994756 0
0.02900000000000832 -0.04299999999994868 0
0.02900000000000983 -0.04199999999994983 0
0.02900000000001133 -0.04099999999995117 0
0.02900000000001283 -0.03999999999995249 0
0.02900000000001434 -0.03899999999995354 0
0.02900000000001584 -0.03799999999995474 0
0.02900000000001734 -0.03699999999995606 0
0.02900000000001884 -0.03599999999995741 0
0.02900000000002034 -0.03499999999995841 0
0.02900000000002185 -0.03399999999995965 0
0.02900000000002335 -0.03299999999996133 0
0.02900000000002485 -0.0319999999999639 0
0.02900000000002636 -0.0309999999999652 0
0.02900000000002785 -0.02999999999996619 0
0.02900000000002936 -0.02899999999996802 0
0.02900000000003086 -0.02799999999996925 0
0.02900000000003237 -0.02699999999997007 0
0.02900000000003386 -0.02599999999997115 0
0.02900000000003537 -0.02499999999997297 0
0.02900000000003686 -0.02399999999997411 0
0.02900000000003837 -0.02299999999997494 0
0.02900000000003988 -0.02199999999997609 0
0.02900000000004138 -0.02099999999997793 0
0.02900000000004288 -0.01999999999997898 0
0.02900000000004438 -0.01899999999998002 0
0.02900000000004588 -0.01799999999998185 0
0.02900000000004739 -0.01699999999998301 0
0.0290000000000489 -0.01599999999998384 0
0.02900000000005039 -0.01499999999998497 0
0.02900000000005189 -0.01399999999998713 0
0.0290000000000534 -0.01299999999998882 0
0.0290000000000549 -0.01199999999998966 0
0.02900000000005641 -0.01099999999999089 0
0.02900000000005791 -0.009999999999992713 0
0.02900000000005941 -0.008999999999993694 0
0.02900000000006091 -0.007999999999994428 0
0.02900000000006242 -0.006999999999995295 0
0.02900000000006392 -0.005999999999996275 0
0.02900000000006542 -0.004999999999996006 0
0.02900000000006693 -0.003999999999995902 0
0.02900000000006843 -0.002999999999996214 0
0.02900000000006993 -0.001999999999996908 0
0.02900000000007143 -0.0009999999999968424 0
0.02900000000007293 2.958570888278444e-15 0
0.02900000000007443 0.001000000000001906 0
0.02900000000007594 0.002000000000000814 0
0.02900000000007744 0.003000000000000739 0
0.02900000000007895 0.004000000000000808 0
0.02999999999992887 -0.09399999999999989 0
0.02999999999993044 -0.09299999999999785 0
0.02999999999993199 -0.09199999999999585 0
0.02999999999993357 -0.09099999999999595 0
0.02999999999993512 -0.08999999999999556 0
0.02999999999993669 -0.08899999999999357 0
0.02999999999993825 -0.08799999999999154 0
0.02999999999993981 -0.08699999999999182 0
0.02999999999994137 -0.08599999999999126 0
0.02999999999994293 -0.08499999999998922 0
0.02999999999994449 -0.0839999999999874 0
0.02999999999994606 -0.08299999999998779 0
0.02999999999994762 -0.081999999999987 0
0.02999999999994918 -0.08099999999998497 0
0.02999999999995074 -0.07999999999998335 0
0.0299999999999523 -0.07899999999998369 0
0.02999999999995386 -0.07799999999998268 0
0.02999999999995543 -0.07699999999998065 0
0.02999999999995698 -0.07599999999997924 0
0.02999999999995855 -0.07499999999997968 0
0.02999999999996012 -0.0739999999999784 0
0.02999999999996168 -0.07299999999997635 0
0.02999999999996324 -0.07199999999997519 0
0.0299999999999648 -0.0709999999999756 0
0.02999999999996636 -0.06999999999997408 0
0.02999999999996793 -0.06899999999997258 0
0.02999999999996949 -0.067999999999973 0
0.02999999999997106 -0.0669999999999718 0
0.02999999999997262 -0.06599999999996978 0
0.02999999999997418 -0.06499999999996851 0
0.02999999999997575 -0.06399999999996892 0
0.0299999999999773 -0.06299999999996753 0
0.02999999999997886 -0.06199999999996551 0
0.02999999999998044 -0.06099999999996446 0
0.029999999999982 -0.05999999999996485 0
0.02999999999998355 -0.05899999999996323 0
0.02999999999998511 -0.0579999999999617 0
0.02999999999998668 -0.05699999999996139 0
0.02999999999998824 -0.05599999999996071 0
0.02999999999998981 -0.05499999999995973 0
0.02999999999999136 -0.05399999999995814 0
0.02999999999999293 -0.05299999999995735 0
0.02999999999999449 -0.05199999999995653 0
0.02999999999999605 -0.05099999999995543 0
0.02999999999999762 -0.04999999999995398 0
0.02999999999999918 -0.04899999999995318 0
0.03000000000000074 -0.04799999999995235 0
0.0300000000000023 -0.04699999999995113 0
0.03000000000000386 -0.04599999999994978 0
0.03000000000000543 -0.04499999999994952 0
0.03000000000000699 -0.04399999999995025 0
0.03000000000000854 -0.04299999999995128 0
0.03000000000001011 -0.04199999999995239 0
0.03000000000001167 -0.04099999999995366 0
0.03000000000001325 -0.03999999999995494 0
0.0300000000000148 -0.03899999999995593 0
0.03000000000001636 -0.03799999999995706 0
0.03000000000001793 -0.03699999999995834 0
0.03000000000001949 -0.03599999999995962 0
0.03000000000002105 -0.03499999999996056 0
0.03000000000002261 -0.03399999999996176 0
0.03000000000002417 -0.03299999999996336 0
0.03000000000002574 -0.03199999999996587 0
0.0300000000000273 -0.03099999999996711 0
0.03000000000002886 -0.02999999999996803 0
0.03000000000003042 -0.02899999999996981 0
0.03000000000003199 -0.02799999999997099 0
0.03000000000003354 -0.02699999999997173 0
0.03000000000003511 -0.02599999999997275 0
0.03000000000003667 -0.02499999999997454 0
0.03000000000003824 -0.02399999999997562 0
0.0300000000000398 -0.02299999999997638 0
0.03000000000004136 -0.02199999999997749 0
0.03000000000004292 -0.02099999999997929 0
0.03000000000004448 -0.01999999999998026 0
0.03000000000004605 -0.01899999999998124 0
0.03000000000004762 -0.01799999999998303 0
0.03000000000004917 -0.01699999999998413 0
0.03000000000005074 -0.01599999999998489 0
0.03000000000005229 -0.01499999999998596 0
0.03000000000005386 -0.01399999999998808 0
0.03000000000005542 -0.0129999999999897 0
0.03000000000005698 -0.01199999999999047 0
0.03000000000005855 -0.01099999999999165 0
0.03000000000006011 -0.009999999999993433 0
0.03000000000006168 -0.008999999999994342 0
0.03000000000006323 -0.007999999999995011 0
0.0300000000000648 -0.006999999999995827 0
0.03000000000006635 -0.005999999999996788 0
0.03000000000006792 -0.004999999999996462 0
0.03000000000006949 -0.003999999999996301 0
0.03000000000007105 -0.002999999999996578 0
0.03000000000007261 -0.001999999999997253 0
0.03000000000007417 -0.0009999999999971269 0
0.03000000000007573 2.73305683640146e-15 0
0.03000000000007729 0.001000000000001722 0
0.03000000000007886 0.002000000000000664 0
0.03000000000008042 0.003000000000000649 0
0.03000000000008198 0.004000000000000776 0
0.03099999999992603 -0.09399999999999992 0
0.03099999999992763 -0.09299999999999797 0
0.03099999999992924 -0.09199999999999603 0
0.03099999999993083 -0.09099999999999615 0
0.03099999999993243 -0.08999999999999581 0
0.03099999999993403 -0.08899999999999389 0
0.03099999999993562 -0.08799999999999195 0
0.03099999999993722 -0.08699999999999229 0
0.03099999999993882 -0.08599999999999178 0
0.03099999999994042 -0.08499999999998976 0
0.03099999999994203 -0.08399999999998797 0
0.03099999999994362 -0.08299999999998846 0
0.03099999999994521 -0.08199999999998769 0
0.03099999999994681 -0.08099999999998572 0
0.03099999999994841 -0.07999999999998417 0
0.03099999999995001 -0.07899999999998458 0
0.03099999999995161 -0.0779999999999836 0
0.03099999999995321 -0.07699999999998167 0
0.0309999999999548 -0.07599999999998032 0
0.0309999999999564 -0.07499999999998075 0
0.030999999999958 -0.07399999999997953 0
0.03099999999995959 -0.07299999999997757 0
0.03099999999996119 -0.07199999999997642 0
0.0309999999999628 -0.07099999999997689 0
0.03099999999996439 -0.06999999999997543 0
0.03099999999996599 -0.06899999999997401 0
0.03099999999996759 -0.06799999999997444 0
0.03099999999996918 -0.06699999999997332 0
0.03099999999997078 -0.06599999999997135 0
0.03099999999997238 -0.06499999999997012 0
0.03099999999997398 -0.06399999999997061 0
0.03099999999997558 -0.06299999999996922 0
0.03099999999997718 -0.06199999999996729 0
0.03099999999997877 -0.0609999999999663 0
0.03099999999998037 -0.05999999999996671 0
0.03099999999998197 -0.05899999999996516 0
0.03099999999998358 -0.0579999999999637 0
0.03099999999998518 -0.05699999999996345 0
0.03099999999998676 -0.05599999999996286 0
0.03099999999998836 -0.0549999999999619 0
0.03099999999998996 -0.05399999999996038 0
0.03099999999999156 -0.05299999999995963 0
0.03099999999999316 -0.05199999999995886 0
0.03099999999999476 -0.05099999999995782 0
0.03099999999999635 -0.04999999999995643 0
0.03099999999999796 -0.04899999999995568 0
0.03099999999999955 -0.04799999999995491 0
0.03100000000000116 -0.04699999999995374 0
0.03100000000000274 -0.04599999999995245 0
0.03100000000000435 -0.04499999999995221 0
0.03100000000000595 -0.04399999999995291 0
0.03100000000000754 -0.04299999999995389 0
0.03100000000000913 -0.04199999999995495 0
0.03100000000001075 -0.04099999999995615 0
0.03100000000001234 -0.03999999999995738 0
0.03100000000001394 -0.03899999999995832 0
0.03100000000001553 -0.0379999999999594 0
0.03100000000001713 -0.0369999999999606 0
0.03100000000001873 -0.03599999999996184 0
0.03100000000002032 -0.03499999999996271 0
0.03100000000002192 -0.03399999999996384 0
0.03100000000002352 -0.03299999999996541 0
0.03100000000002512 -0.03199999999996784 0
0.03100000000002672 -0.030999999999969 0
0.03100000000002831 -0.02999999999996985 0
0.03100000000002992 -0.02899999999997161 0
0.03100000000003152 -0.02799999999997272 0
0.03100000000003312 -0.0269999999999734 0
0.03100000000003471 -0.02599999999997435 0
0.03100000000003631 -0.02499999999997611 0
0.03100000000003791 -0.02399999999997712 0
0.0310000000000395 -0.02299999999997782 0
0.03100000000004111 -0.02199999999997886 0
0.0310000000000427 -0.02099999999998062 0
0.0310000000000443 -0.01999999999998155 0
0.03100000000004589 -0.01899999999998246 0
0.03100000000004749 -0.01799999999998421 0
0.03100000000004909 -0.01699999999998526 0
0.03100000000005068 -0.01599999999998595 0
0.03100000000005229 -0.01499999999998696 0
0.03100000000005389 -0.01399999999998903 0
0.03100000000005549 -0.01299999999999058 0
0.03100000000005708 -0.01199999999999128 0
0.03100000000005868 -0.0109999999999924 0
0.03100000000006027 -0.009999999999994149 0
0.03100000000006187 -0.008999999999994991 0
0.03100000000006348 -0.00799999999999559 0
0.03100000000006508 -0.00699999999999636 0
0.03100000000006668 -0.005999999999997298 0
0.03100000000006826 -0.004999999999996922 0
0.03100000000006987 -0.003999999999996701 0
0.03100000000007146 -0.002999999999996943 0
0.03100000000007307 -0.001999999999997596 0
0.03100000000007467 -0.0009999999999974122 0
0.03100000000007626 2.510578550607434e-15 0
0.03100000000007786 0.001000000000001541 0
0.03100000000007946 0.002000000000000513 0
0.03100000000008106 0.003000000000000558 0
0.03100000000008266 0.004000000000000743 0
0.03199999999992324 -0.09399999999999994 0
0.03199999999992489 -0.09299999999999807 0
0.03199999999992655 -0.0919999999999962 0
0.03199999999992822 -0.09099999999999638 0
0.03199999999992987 -0.08999999999999607 0
0.03199999999993153 -0.08899999999999422 0
0.03199999999993319 -0.08799999999999233 0
0.03199999999993485 -0.08699999999999274 0
0.03199999999993651 -0.08599999999999225 0
0.03199999999993818 -0.08499999999999033 0
0.03199999999993982 -0.08399999999998861 0
0.03199999999994149 -0.08299999999998908 0
0.03199999999994315 -0.08199999999998837 0
0.03199999999994482 -0.08099999999998649 0
0.03199999999994647 -0.07999999999998497 0
0.03199999999994813 -0.07899999999998542 0
0.03199999999994978 -0.07799999999998451 0
0.03199999999995145 -0.0769999999999826 0
0.03199999999995311 -0.07599999999998132 0
0.03199999999995477 -0.07499999999998179 0
0.03199999999995644 -0.07399999999998066 0
0.0319999999999581 -0.07299999999997878 0
0.03199999999995975 -0.07199999999997769 0
0.0319999999999614 -0.07099999999997816 0
0.03199999999996307 -0.06999999999997676 0
0.03199999999996472 -0.06899999999997539 0
0.03199999999996638 -0.06799999999997589 0
0.03199999999996805 -0.06699999999997483 0
0.03199999999996971 -0.06599999999997291 0
0.03199999999997137 -0.06499999999997177 0
0.03199999999997304 -0.06399999999997226 0
0.03199999999997469 -0.06299999999997094 0
0.03199999999997635 -0.06199999999996905 0
0.031999999999978 -0.06099999999996814 0
0.03199999999997966 -0.05999999999996859 0
0.03199999999998134 -0.05899999999996708 0
0.03199999999998298 -0.05799999999996569 0
0.03199999999998464 -0.05699999999996552 0
0.03199999999998631 -0.05599999999996496 0
0.03199999999998797 -0.05499999999996408 0
0.03199999999998963 -0.05399999999996263 0
0.03199999999999129 -0.05299999999996193 0
0.03199999999999294 -0.05199999999996122 0
0.0319999999999946 -0.0509999999999602 0
0.03199999999999627 -0.04999999999995889 0
0.03199999999999793 -0.04899999999995817 0
0.03199999999999958 -0.04799999999995747 0
0.03200000000000124 -0.04699999999995635 0
0.0320000000000029 -0.04599999999995513 0
0.03200000000000457 -0.04499999999995492 0
0.03200000000000623 -0.04399999999995557 0
0.03200000000000789 -0.04299999999995651 0
0.03200000000000955 -0.04199999999995748 0
0.03200000000001121 -0.04099999999995866 0
0.03200000000001287 -0.03999999999995982 0
0.03200000000001453 -0.0389999999999607 0
0.03200000000001618 -0.03799999999996172 0
0.03200000000001786 -0.03699999999996288 0
0.03200000000001949 -0.03599999999996406 0
0.03200000000002116 -0.03499999999996486 0
0.03200000000002282 -0.03399999999996595 0
0.03200000000002447 -0.03299999999996744 0
0.03200000000002615 -0.0319999999999698 0
0.03200000000002779 -0.0309999999999709 0
0.03200000000002946 -0.02999999999997168 0
0.03200000000003112 -0.0289999999999734 0
0.03200000000003279 -0.02799999999997445 0
0.03200000000003446 -0.02699999999997508 0
0.03200000000003609 -0.02599999999997596 0
0.03200000000003776 -0.02499999999997768 0
0.03200000000003943 -0.02399999999997864 0
0.03200000000004109 -0.02299999999997926 0
0.03200000000004274 -0.02199999999998025 0
0.0320000000000444 -0.02099999999998197 0
0.03200000000004605 -0.01999999999998282 0
0.03200000000004773 -0.01899999999998368 0
0.03200000000004938 -0.01799999999998539 0
0.03200000000005104 -0.01699999999998638 0
0.0320000000000527 -0.01599999999998699 0
0.03200000000005437 -0.01499999999998795 0
0.03200000000005603 -0.01399999999998999 0
0.03200000000005768 -0.01299999999999146 0
0.03200000000005934 -0.01199999999999208 0
0.03200000000006099 -0.01099999999999315 0
0.03200000000006265 -0.009999999999994864 0
0.03200000000006432 -0.008999999999995642 0
0.03200000000006598 -0.00799999999999617 0
0.03200000000006763 -0.006999999999996894 0
0.03200000000006931 -0.005999999999997807 0
0.03200000000007095 -0.00499999999999738 0
0.03200000000007262 -0.003999999999997102 0
0.03200000000007428 -0.002999999999997307 0
0.03200000000007595 -0.00199999999999794 0
0.0320000000000776 -0.0009999999999976976 0
0.03200000000007925 2.288100264813409e-15 0
0.03200000000008092 0.001000000000001358 0
0.03200000000008259 0.002000000000000361 0
0.03200000000008425 0.003000000000000468 0
0.0320000000000859 0.004000000000000711 0
0.03299999999992042 -0.094 0
0.03299999999992216 -0.0929999999999982 0
0.0329999999999239 -0.09199999999999636 0
0.03299999999992562 -0.09099999999999661 0
0.03299999999992736 -0.08999999999999635 0
0.03299999999992908 -0.08899999999999453 0
0.03299999999993081 -0.08799999999999274 0
0.03299999999993253 -0.08699999999999311 0
0.03299999999993426 -0.08599999999999274 0
0.032999999999936 -0.0849999999999909 0
0.03299999999993773 -0.08399999999998918 0
0.03299999999993947 -0.08299999999998972 0
0.03299999999994119 -0.08199999999998908 0
0.03299999999994292 -0.08099999999998726 0
0.03299999999994466 -0.07999999999998579 0
0.03299999999994639 -0.07899999999998626 0
0.03299999999994811 -0.07799999999998541 0
0.03299999999994985 -0.07699999999998361 0
0.03299999999995157 -0.07599999999998236 0
0.0329999999999533 -0.07499999999998287 0
0.03299999999995504 -0.07399999999998182 0
0.03299999999995677 -0.07299999999997997 0
0.03299999999995849 -0.07199999999997894 0
0.03299999999996023 -0.07099999999997944 0
0.03299999999996195 -0.06999999999997814 0
0.03299999999996368 -0.06899999999997682 0
0.03299999999996542 -0.06799999999997733 0
0.03299999999996715 -0.06699999999997631 0
0.03299999999996887 -0.06599999999997451 0
0.03299999999997061 -0.0649999999999734 0
0.03299999999997234 -0.06399999999997392 0
0.03299999999997406 -0.06299999999997266 0
0.0329999999999758 -0.06199999999997087 0
0.03299999999997753 -0.06099999999996997 0
0.03299999999997925 -0.05999999999997046 0
0.03299999999998099 -0.05899999999996902 0
0.03299999999998272 -0.0579999999999677 0
0.03299999999998444 -0.05699999999996758 0
0.03299999999998618 -0.05599999999996709 0
0.03299999999998791 -0.05499999999996627 0
0.03299999999998965 -0.05399999999996486 0
0.03299999999999137 -0.05299999999996421 0
0.0329999999999931 -0.05199999999996355 0
0.03299999999999484 -0.05099999999996262 0
0.03299999999999656 -0.04999999999996133 0
0.03299999999999829 -0.0489999999999607 0
0.03300000000000003 -0.04799999999996003 0
0.03300000000000175 -0.04699999999995898 0
0.03300000000000348 -0.04599999999995779 0
0.03300000000000522 -0.04499999999995761 0
0.03300000000000694 -0.04399999999995825 0
0.03300000000000868 -0.04299999999995911 0
0.03300000000001041 -0.04199999999996003 0
0.03300000000001213 -0.04099999999996115 0
0.03300000000001387 -0.03999999999996227 0
0.0330000000000156 -0.03899999999996306 0
0.03300000000001733 -0.03799999999996403 0
0.03300000000001907 -0.03699999999996515 0
0.03300000000002079 -0.03599999999996627 0
0.03300000000002251 -0.03499999999996701 0
0.03300000000002425 -0.03399999999996803 0
0.03300000000002598 -0.03299999999996948 0
0.03300000000002772 -0.03199999999997177 0
0.03300000000002945 -0.03099999999997279 0
0.03300000000003117 -0.02999999999997351 0
0.03300000000003289 -0.0289999999999752 0
0.03300000000003463 -0.02799999999997619 0
0.03300000000003636 -0.02699999999997674 0
0.03300000000003808 -0.02599999999997757 0
0.03300000000003983 -0.02499999999997925 0
0.03300000000004155 -0.02399999999998015 0
0.03300000000004329 -0.0229999999999807 0
0.03300000000004501 -0.02199999999998162 0
0.03300000000004674 -0.02099999999998331 0
0.03300000000004848 -0.0199999999999841 0
0.0330000000000502 -0.01899999999998489 0
0.03300000000005193 -0.01799999999998658 0
0.03300000000005366 -0.0169999999999875 0
0.0330000000000554 -0.01599999999998804 0
0.03300000000005712 -0.01499999999998894 0
0.03300000000005885 -0.01399999999999093 0
0.03300000000006059 -0.01299999999999234 0
0.03300000000006231 -0.01199999999999289 0
0.03300000000006405 -0.0109999999999939 0
0.03300000000006578 -0.00999999999999558 0
0.0330000000000675 -0.008999999999996296 0
0.03300000000006924 -0.007999999999996751 0
0.03300000000007097 -0.006999999999997429 0
0.03300000000007269 -0.005999999999998314 0
0.03300000000007443 -0.004999999999997833 0
0.03300000000007616 -0.0039999999999975 0
0.0330000000000779 -0.002999999999997671 0
0.03300000000007963 -0.001999999999998282 0
0.03300000000008135 -0.0009999999999979817 0
0.03300000000008307 2.064754617281395e-15 0
0.03300000000008481 0.001000000000001175 0
0.03300000000008654 0.002000000000000211 0
0.03300000000008826 0.003000000000000377 0
0.03300000000009001 0.004000000000000678 0
0.03399999999991762 -0.09400000000000004 0
0.03399999999991939 -0.09299999999999831 0
0.0339999999999212 -0.09199999999999658 0
0.03399999999992298 -0.09099999999999682 0
0.03399999999992476 -0.0899999999999966 0
0.03399999999992655 -0.08899999999999486 0
0.03399999999992834 -0.08799999999999311 0
0.03399999999993013 -0.08699999999999355 0
0.03399999999993191 -0.08599999999999322 0
0.0339999999999337 -0.08499999999999144 0
0.03399999999993548 -0.08399999999998983 0
0.03399999999993727 -0.08299999999999037 0
0.03399999999993906 -0.08199999999998976 0
0.03399999999994085 -0.08099999999998804 0
0.03399999999994264 -0.07999999999998662 0
0.03399999999994441 -0.07899999999998712 0
0.03399999999994621 -0.07799999999998634 0
0.033999999999948 -0.07699999999998459 0
0.03399999999994979 -0.0759999999999834 0
0.03399999999995156 -0.07499999999998395 0
0.03399999999995335 -0.0739999999999829 0
0.03399999999995514 -0.07299999999998118 0
0.03399999999995693 -0.07199999999998019 0
0.03399999999995871 -0.07099999999998076 0
0.0339999999999605 -0.06999999999997948 0
0.03399999999996229 -0.06899999999997823 0
0.03399999999996407 -0.06799999999997877 0
0.03399999999996586 -0.06699999999997784 0
0.03399999999996765 -0.06599999999997605 0
0.03399999999996944 -0.06499999999997501 0
0.03399999999997121 -0.06399999999997559 0
0.033999999999973 -0.06299999999997438 0
0.03399999999997479 -0.06199999999997263 0
0.03399999999997657 -0.06099999999997181 0
0.03399999999997837 -0.05999999999997234 0
0.03399999999998015 -0.05899999999997096 0
0.03399999999998194 -0.05799999999996969 0
0.03399999999998373 -0.05699999999996967 0
0.03399999999998551 -0.05599999999996924 0
0.0339999999999873 -0.05499999999996844 0
0.03399999999998909 -0.05399999999996712 0
0.03399999999999088 -0.0529999999999665 0
0.03399999999999265 -0.05199999999996589 0
0.03399999999999444 -0.05099999999996499 0
0.03399999999999623 -0.0499999999999638 0
0.03399999999999802 -0.04899999999996318 0
0.03399999999999981 -0.04799999999996259 0
0.03400000000000159 -0.04699999999996158 0
0.03400000000000339 -0.04599999999996047 0
0.03400000000000516 -0.04499999999996031 0
0.03400000000000695 -0.04399999999996092 0
0.03400000000000874 -0.04299999999996174 0
0.03400000000001051 -0.04199999999996259 0
0.03400000000001232 -0.04099999999996366 0
0.0340000000000141 -0.03999999999996471 0
0.03400000000001589 -0.03899999999996545 0
0.03400000000001768 -0.03799999999996637 0
0.03400000000001945 -0.03699999999996741 0
0.03400000000002124 -0.03599999999996849 0
0.03400000000002303 -0.03499999999996917 0
0.03400000000002482 -0.03399999999997014 0
0.03400000000002661 -0.03299999999997151 0
0.03400000000002839 -0.03199999999997373 0
0.03400000000003018 -0.03099999999997469 0
0.03400000000003197 -0.02999999999997534 0
0.03400000000003375 -0.02899999999997699 0
0.03400000000003554 -0.02799999999997794 0
0.03400000000003733 -0.02699999999997841 0
0.0340000000000391 -0.02599999999997917 0
0.03400000000004089 -0.02499999999998081 0
0.03400000000004268 -0.02399999999998165 0
0.03400000000004447 -0.02299999999998214 0
0.03400000000004625 -0.02199999999998299 0
0.03400000000004804 -0.02099999999998465 0
0.03400000000004982 -0.01999999999998538 0
0.03400000000005162 -0.01899999999998611 0
0.0340000000000534 -0.01799999999998775 0
0.03400000000005519 -0.01699999999998863 0
0.03400000000005697 -0.0159999999999891 0
0.03400000000005877 -0.01499999999998992 0
0.03400000000006056 -0.01399999999999188 0
0.03400000000006233 -0.01299999999999322 0
0.03400000000006412 -0.0119999999999937 0
0.03400000000006591 -0.01099999999999465 0
0.03400000000006768 -0.009999999999996291 0
0.03400000000006947 -0.008999999999996944 0
0.03400000000007127 -0.007999999999997334 0
0.03400000000007305 -0.006999999999997964 0
0.03400000000007485 -0.005999999999998827 0
0.03400000000007663 -0.004999999999998291 0
0.03400000000007842 -0.0039999999999979 0
0.03400000000008021 -0.002999999999998038 0
0.03400000000008198 -0.001999999999998627 0
0.03400000000008378 -0.000999999999998267 0
0.03400000000008557 1.842710012356363e-15 0
0.03400000000008734 0.001000000000000993 0
0.03400000000008915 0.00200000000000006 0
0.03400000000009092 0.003000000000000286 0
0.03400000000009271 0.004000000000000647 0
0.03499999999991479 -0.09400000000000008 0
0.03499999999991661 -0.09299999999999843 0
0.03499999999991842 -0.09199999999999674 0
0.03499999999992025 -0.09099999999999703 0
0.03499999999992209 -0.08999999999999685 0
0.0349999999999239 -0.08899999999999519 0
0.03499999999992572 -0.08799999999999351 0
0.03499999999992755 -0.08699999999999401 0
0.03499999999992937 -0.08599999999999368 0
0.03499999999993119 -0.08499999999999196 0
0.03499999999993302 -0.08399999999999043 0
0.03499999999993483 -0.08299999999999101 0
0.03499999999993666 -0.08199999999999047 0
0.03499999999993849 -0.08099999999998879 0
0.03499999999994031 -0.07999999999998746 0
0.03499999999994211 -0.078999999999988 0
0.03499999999994394 -0.07799999999998725 0
0.03499999999994576 -0.07699999999998555 0
0.03499999999994759 -0.07599999999998444 0
0.03499999999994942 -0.07499999999998502 0
0.03499999999995123 -0.07399999999998405 0
0.03499999999995304 -0.07299999999998234 0
0.03499999999995488 -0.07199999999998147 0
0.0349999999999567 -0.07099999999998206 0
0.03499999999995852 -0.06999999999998083 0
0.03499999999996035 -0.06899999999997962 0
0.03499999999996217 -0.06799999999998022 0
0.03499999999996398 -0.06699999999997931 0
0.03499999999996582 -0.0659999999999776 0
0.03499999999996763 -0.06499999999997662 0
0.03499999999996946 -0.06399999999997723 0
0.03499999999997128 -0.06299999999997608 0
0.0349999999999731 -0.06199999999997441 0
0.03499999999997493 -0.06099999999997364 0
0.03499999999997675 -0.05999999999997421 0
0.03499999999997857 -0.0589999999999729 0
0.03499999999998039 -0.05799999999997169 0
0.03499999999998222 -0.05699999999997175 0
0.03499999999998404 -0.05599999999997135 0
0.03499999999998585 -0.05499999999997061 0
0.03499999999998767 -0.05399999999996934 0
0.03499999999998951 -0.05299999999996881 0
0.03499999999999132 -0.05199999999996824 0
0.03499999999999315 -0.0509999999999674 0
0.03499999999999497 -0.04999999999996626 0
0.0349999999999968 -0.0489999999999657 0
0.03499999999999862 -0.04799999999996515 0
0.03500000000000044 -0.0469999999999642 0
0.03500000000000227 -0.04599999999996315 0
0.03500000000000408 -0.04499999999996301 0
0.03500000000000591 -0.0439999999999636 0
0.03500000000000773 -0.04299999999996434 0
0.03500000000000954 -0.04199999999996513 0
0.03500000000001138 -0.04099999999996614 0
0.03500000000001319 -0.03999999999996715 0
0.03500000000001501 -0.03899999999996784 0
0.03500000000001684 -0.03799999999996868 0
0.03500000000001866 -0.03699999999996968 0
0.03500000000002049 -0.03599999999997072 0
0.03500000000002231 -0.03499999999997132 0
0.03500000000002413 -0.03399999999997222 0
0.03500000000002595 -0.03299999999997356 0
0.03500000000002778 -0.03199999999997569 0
0.0350000000000296 -0.03099999999997657 0
0.03500000000003142 -0.02999999999997718 0
0.03500000000003324 -0.02899999999997879 0
0.03500000000003507 -0.02799999999997967 0
0.03500000000003688 -0.02699999999998007 0
0.0350000000000387 -0.02599999999998078 0
0.03500000000004053 -0.02499999999998238 0
0.03500000000004235 -0.02399999999998316 0
0.03500000000004418 -0.02299999999998357 0
0.035000000000046 -0.02199999999998439 0
0.03500000000004782 -0.02099999999998599 0
0.03500000000004964 -0.01999999999998666 0
0.03500000000005147 -0.01899999999998732 0
0.03500000000005329 -0.01799999999998894 0
0.03500000000005512 -0.01699999999998974 0
0.03500000000005694 -0.01599999999999015 0
0.03500000000005875 -0.01499999999999093 0
0.03500000000006057 -0.01399999999999283 0
0.0350000000000624 -0.0129999999999941 0
0.03500000000006422 -0.01199999999999451 0
0.03500000000006605 -0.0109999999999954 0
0.03500000000006787 -0.009999999999997008 0
0.03500000000006969 -0.008999999999997593 0
0.03500000000007151 -0.007999999999997915 0
0.03500000000007334 -0.006999999999998499 0
0.03500000000007516 -0.005999999999999334 0
0.03500000000007698 -0.00499999999999875 0
0.03500000000007879 -0.003999999999998298 0
0.03500000000008063 -0.002999999999998402 0
0.03500000000008244 -0.00199999999999897 0
0.03500000000008426 -0.0009999999999985524 0
0.03500000000008609 1.619364364824349e-15 0
0.03500000000008791 0.00100000000000081 0
0.03500000000008973 0.00199999999999991 0
0.03500000000009156 0.003000000000000197 0
0.03500000000009339 0.004000000000000615 0
0.03599999999991198 -0.09400000000000013 0
0.03599999999991387 -0.09299999999999851 0
0.03599999999991576 -0.09199999999999689 0
0.03599999999991764 -0.09099999999999724 0
0.03599999999991955 -0.08999999999999712 0
0.03599999999992142 -0.08899999999999553 0
0.03599999999992331 -0.08799999999999393 0
0.0359999999999252 -0.08699999999999443 0
0.03599999999992708 -0.08599999999999416 0
0.03599999999992899 -0.08499999999999248 0
0.03599999999993086 -0.08399999999999104 0
0.03599999999993275 -0.08299999999999166 0
0.03599999999993463 -0.08199999999999118 0
0.03599999999993652 -0.08099999999998955 0
0.03599999999993841 -0.07999999999998827 0
0.0359999999999403 -0.07899999999998884 0
0.03599999999994218 -0.07799999999998815 0
0.03599999999994407 -0.07699999999998655 0
0.03599999999994596 -0.07599999999998548 0
0.03599999999994784 -0.07499999999998612 0
0.03599999999994973 -0.07399999999998517 0
0.03599999999995161 -0.07299999999998356 0
0.03599999999995351 -0.0719999999999827 0
0.03599999999995539 -0.07099999999998333 0
0.03599999999995727 -0.06999999999998219 0
0.03599999999995918 -0.06899999999998105 0
0.03599999999996106 -0.06799999999998166 0
0.03599999999996294 -0.06699999999998084 0
0.03599999999996482 -0.06599999999997919 0
0.03599999999996672 -0.06499999999997828 0
0.03599999999996861 -0.06399999999997889 0
0.03599999999997049 -0.06299999999997782 0
0.03599999999997238 -0.06199999999997621 0
0.03599999999997427 -0.06099999999997549 0
0.03599999999997616 -0.05999999999997608 0
0.03599999999997804 -0.05899999999997481 0
0.03599999999997993 -0.0579999999999737 0
0.03599999999998182 -0.05699999999997379 0
0.0359999999999837 -0.05599999999997347 0
0.0359999999999856 -0.05499999999997279 0
0.03599999999998748 -0.05399999999997159 0
0.03599999999998937 -0.0529999999999711 0
0.03599999999999125 -0.05199999999997058 0
0.03599999999999313 -0.05099999999996979 0
0.03599999999999502 -0.04999999999996871 0
0.03599999999999691 -0.04899999999996821 0
0.0359999999999988 -0.04799999999996771 0
0.03600000000000069 -0.04699999999996682 0
0.03600000000000259 -0.04599999999996583 0
0.03600000000000447 -0.04499999999996571 0
0.03600000000000635 -0.04399999999996626 0
0.03600000000000824 -0.04299999999996695 0
0.03600000000001013 -0.04199999999996769 0
0.03600000000001202 -0.04099999999996865 0
0.0360000000000139 -0.03999999999996959 0
0.03600000000001578 -0.03899999999997022 0
0.03600000000001768 -0.037999999999971 0
0.03600000000001956 -0.03699999999997195 0
0.03600000000002145 -0.03599999999997292 0
0.03600000000002334 -0.03499999999997347 0
0.03600000000002523 -0.03399999999997433 0
0.03600000000002711 -0.03299999999997559 0
0.036000000000029 -0.03199999999997766 0
0.03600000000003089 -0.03099999999997849 0
0.03600000000003278 -0.029999999999979 0
0.03600000000003466 -0.02899999999998058 0
0.03600000000003654 -0.02799999999998141 0
0.03600000000003844 -0.02699999999998174 0
0.03600000000004033 -0.02599999999998238 0
0.03600000000004221 -0.02499999999998396 0
0.03600000000004409 -0.02399999999998467 0
0.03600000000004599 -0.022999999999985 0
0.03600000000004787 -0.02199999999998576 0
0.03600000000004976 -0.02099999999998733 0
0.03600000000005165 -0.01999999999998794 0
0.03600000000005354 -0.01899999999998854 0
0.03600000000005543 -0.01799999999999012 0
0.03600000000005731 -0.01699999999999087 0
0.0360000000000592 -0.0159999999999912 0
0.03600000000006109 -0.01499999999999191 0
0.03600000000006299 -0.01399999999999378 0
0.03600000000006486 -0.01299999999999498 0
0.03600000000006675 -0.01199999999999532 0
0.03600000000006863 -0.01099999999999616 0
0.03600000000007052 -0.009999999999997723 0
0.03600000000007243 -0.00899999999999824 0
0.0360000000000743 -0.007999999999998494 0
0.03600000000007619 -0.00699999999999903 0
0.03600000000007808 -0.005999999999999846 0
0.03600000000007996 -0.004999999999999206 0
0.03600000000008186 -0.003999999999998701 0
0.03600000000008374 -0.002999999999998768 0
0.03600000000008562 -0.001999999999999314 0
0.03600000000008751 -0.000999999999998836 0
0.0360000000000894 1.396886079030324e-15 0
0.03600000000009128 0.001000000000000627 0
0.03600000000009317 0.001999999999999758 0
0.03600000000009506 0.003000000000000105 0
0.03600000000009695 0.004000000000000583 0
0.0369999999999087 -0.09400000000000017 0
0.03699999999991065 -0.09299999999999864 0
0.0369999999999126 -0.09199999999999707 0
0.03699999999991457 -0.09099999999999744 0
0.03699999999991652 -0.08999999999999737 0
0.03699999999991849 -0.08899999999999586 0
0.03699999999992044 -0.08799999999999433 0
0.03699999999992239 -0.08699999999999483 0
0.03699999999992434 -0.08599999999999461 0
0.03699999999992631 -0.08499999999999305 0
0.03699999999992828 -0.08399999999999164 0
0.03699999999993022 -0.0829999999999923 0
0.03699999999993218 -0.08199999999999184 0
0.03699999999993414 -0.0809999999999903 0
0.03699999999993612 -0.07999999999998912 0
0.03699999999993806 -0.07899999999998972 0
0.03699999999994002 -0.07799999999998906 0
0.03699999999994198 -0.07699999999998752 0
0.03699999999994393 -0.07599999999998654 0
0.03699999999994589 -0.07499999999998719 0
0.03699999999994785 -0.0739999999999863 0
0.0369999999999498 -0.07299999999998477 0
0.03699999999995176 -0.07199999999998397 0
0.03699999999995373 -0.0709999999999846 0
0.03699999999995569 -0.06999999999998353 0
0.03699999999995764 -0.06899999999998246 0
0.0369999999999596 -0.0679999999999831 0
0.03699999999996156 -0.06699999999998232 0
0.03699999999996351 -0.06599999999998075 0
0.03699999999996547 -0.06499999999997991 0
0.03699999999996743 -0.06399999999998054 0
0.03699999999996939 -0.06299999999997952 0
0.03699999999997134 -0.06199999999997796 0
0.0369999999999733 -0.06099999999997732 0
0.03699999999997527 -0.05999999999997795 0
0.03699999999997722 -0.05899999999997677 0
0.03699999999997918 -0.05799999999997572 0
0.03699999999998114 -0.05699999999997589 0
0.0369999999999831 -0.0559999999999756 0
0.03699999999998505 -0.05499999999997498 0
0.03699999999998701 -0.05399999999997383 0
0.03699999999998897 -0.05299999999997339 0
0.03699999999999092 -0.05199999999997293 0
0.03699999999999289 -0.05099999999997219 0
0.03699999999999483 -0.04999999999997119 0
0.0369999999999968 -0.04899999999997073 0
0.03699999999999876 -0.04799999999997027 0
0.03700000000000072 -0.04699999999996942 0
0.03700000000000266 -0.04599999999996849 0
0.03700000000000463 -0.0449999999999684 0
0.03700000000000659 -0.04399999999996894 0
0.03700000000000855 -0.04299999999996956 0
0.0370000000000105 -0.04199999999997023 0
0.03700000000001246 -0.04099999999997114 0
0.03700000000001443 -0.03999999999997204 0
0.03700000000001638 -0.0389999999999726 0
0.03700000000001832 -0.03799999999997333 0
0.0370000000000203 -0.03699999999997423 0
0.03700000000002226 -0.03599999999997514 0
0.03700000000002421 -0.03499999999997563 0
0.03700000000002617 -0.03399999999997642 0
0.03700000000002813 -0.03299999999997762 0
0.03700000000003009 -0.03199999999997963 0
0.03700000000003204 -0.03099999999998037 0
0.037000000000034 -0.02999999999998084 0
0.03700000000003597 -0.02899999999998237 0
0.03700000000003791 -0.02799999999998315 0
0.03700000000003988 -0.0269999999999834 0
0.03700000000004184 -0.02599999999998398 0
0.0370000000000438 -0.02499999999998552 0
0.03700000000004575 -0.02399999999998619 0
0.0370000000000477 -0.02299999999998645 0
0.03700000000004967 -0.02199999999998713 0
0.03700000000005162 -0.02099999999998868 0
0.03700000000005358 -0.01999999999998922 0
0.03700000000005554 -0.01899999999998976 0
0.03700000000005751 -0.0179999999999913 0
0.03700000000005945 -0.01699999999999199 0
0.03700000000006142 -0.01599999999999225 0
0.03700000000006336 -0.0149999999999929 0
0.03700000000006533 -0.01399999999999474 0
0.03700000000006729 -0.01299999999999586 0
0.03700000000006925 -0.01199999999999612 0
0.03700000000007121 -0.01099999999999691 0
0.03700000000007316 -0.009999999999998435 0
0.03700000000007511 -0.008999999999998894 0
0.03700000000007707 -0.007999999999999077 0
0.03700000000007905 -0.006999999999999566 0
0.03700000000008099 -0.006000000000000354 0
0.03700000000008296 -0.004999999999999665 0
0.03700000000008492 -0.0039999999999991 0
0.03700000000008687 -0.002999999999999132 0
0.03700000000008883 -0.001999999999999657 0
0.03700000000009079 -0.0009999999999991205 0
0.03700000000009274 1.172239388891327e-15 0
0.0370000000000947 0.001000000000000445 0
0.03700000000009666 0.001999999999999608 0
0.03700000000009861 0.003000000000000015 0
0.03700000000010058 0.00400000000000055 0
0.03799999999990415 -0.09400000000000019 0
0.03799999999990619 -0.09299999999999875 0
0.03799999999990822 -0.09199999999999724 0
0.03799999999991024 -0.09099999999999767 0
0.03799999999991227 -0.08999999999999762 0
0.0379999999999143 -0.08899999999999617 0
0.03799999999991632 -0.08799999999999474 0
0.03799999999991836 -0.08699999999999528 0
0.03799999999992039 -0.08599999999999511 0
0.0379999999999224 -0.08499999999999362 0
0.03799999999992444 -0.08399999999999229 0
0.03799999999992645 -0.08299999999999294 0
0.03799999999992849 -0.08199999999999255 0
0.03799999999993052 -0.08099999999999108 0
0.03799999999993256 -0.07999999999998995 0
0.03799999999993457 -0.07899999999999056 0
0.03799999999993661 -0.07799999999998999 0
0.03799999999993864 -0.07699999999998848 0
0.03799999999994066 -0.07599999999998758 0
0.03799999999994269 -0.07499999999998823 0
0.03799999999994472 -0.07399999999998745 0
0.03799999999994676 -0.07299999999998594 0
0.03799999999994878 -0.07199999999998521 0
0.03799999999995081 -0.07099999999998588 0
0.03799999999995284 -0.06999999999998489 0
0.03799999999995486 -0.06899999999998388 0
0.0379999999999569 -0.06799999999998455 0
0.03799999999995893 -0.06699999999998381 0
0.03799999999996095 -0.06599999999998232 0
0.03799999999996298 -0.0649999999999815 0
0.037999999999965 -0.06399999999998221 0
0.03799999999996703 -0.06299999999998124 0
0.03799999999996906 -0.06199999999997977 0
0.03799999999997108 -0.06099999999997917 0
0.03799999999997311 -0.05999999999997983 0
0.03799999999997515 -0.05899999999997869 0
0.03799999999997718 -0.05799999999997771 0
0.0379999999999792 -0.05699999999997797 0
0.03799999999998123 -0.05599999999997773 0
0.03799999999998326 -0.05499999999997716 0
0.0379999999999853 -0.05399999999997607 0
0.03799999999998731 -0.05299999999997568 0
0.03799999999998935 -0.05199999999997526 0
0.03799999999999137 -0.05099999999997461 0
0.03799999999999339 -0.04999999999997363 0
0.03799999999999543 -0.04899999999997325 0
0.03799999999999745 -0.04799999999997283 0
0.03799999999999949 -0.04699999999997205 0
0.03800000000000152 -0.04599999999997117 0
0.03800000000000353 -0.04499999999997109 0
0.03800000000000558 -0.0439999999999716 0
0.0380000000000076 -0.04299999999997217 0
0.03800000000000962 -0.04199999999997279 0
0.03800000000001166 -0.04099999999997364 0
0.03800000000001369 -0.03999999999997449 0
0.03800000000001572 -0.03899999999997499 0
0.03800000000001774 -0.03799999999997566 0
0.03800000000001977 -0.0369999999999765 0
0.03800000000002179 -0.03599999999997736 0
0.03800000000002382 -0.03499999999997778 0
0.03800000000002585 -0.03399999999997853 0
0.03800000000002789 -0.03299999999997968 0
0.03800000000002991 -0.03199999999998161 0
0.03800000000003194 -0.03099999999998226 0
0.03800000000003396 -0.02999999999998267 0
0.038000000000036 -0.02899999999998417 0
0.03800000000003803 -0.02799999999998488 0
0.03800000000004006 -0.02699999999998507 0
0.03800000000004208 -0.0259999999999856 0
0.03800000000004411 -0.0249999999999871 0
0.03800000000004614 -0.02399999999998768 0
0.03800000000004817 -0.02299999999998789 0
0.0380000000000502 -0.02199999999998852 0
0.03800000000005223 -0.02099999999999002 0
0.03800000000005425 -0.0199999999999905 0
0.03800000000005628 -0.01899999999999097 0
0.03800000000005831 -0.01799999999999248 0
0.03800000000006033 -0.01699999999999311 0
0.03800000000006237 -0.0159999999999933 0
0.03800000000006439 -0.01499999999999389 0
0.03800000000006643 -0.01399999999999568 0
0.03800000000006845 -0.01299999999999673 0
0.03800000000007048 -0.01199999999999694 0
0.0380000000000725 -0.01099999999999766 0
0.03800000000007452 -0.009999999999999159 0
0.03800000000007656 -0.008999999999999543 0
0.0380000000000786 -0.007999999999999657 0
0.03800000000008062 -0.0070000000000001 0
0.03800000000008265 -0.006000000000000866 0
0.03800000000008468 -0.005000000000000119 0
0.03800000000008671 -0.003999999999999499 0
0.03800000000008874 -0.002999999999999496 0
0.03800000000009076 -0.002000000000000001 0
0.03800000000009279 -0.0009999999999994072 0
0.03800000000009482 9.501947839662961e-16 0
0.03800000000009685 0.001000000000000262 0
0.03800000000009887 0.001999999999999457 0
0.0380000000001009 0.002999999999999925 0
0.03800000000010294 0.004000000000000517 0
0.03899999999990086 -0.09400000000000024 0
0.03899999999990295 -0.09299999999999885 0
0.03899999999990502 -0.09199999999999744 0
0.03899999999990712 -0.09099999999999787 0
0.0389999999999092 -0.08999999999999787 0
0.03899999999991129 -0.08899999999999653 0
0.03899999999991337 -0.08799999999999511 0
0.03899999999991546 -0.08699999999999572 0
0.03899999999991755 -0.08599999999999559 0
0.03899999999991963 -0.08499999999999416 0
0.03899999999992172 -0.08399999999999287 0
0.0389999999999238 -0.08299999999999362 0
0.0389999999999259 -0.08199999999999324 0
0.03899999999992799 -0.08099999999999183 0
0.03899999999993007 -0.07999999999999079 0
0.03899999999993216 -0.07899999999999142 0
0.03899999999993425 -0.07799999999999091 0
0.03899999999993633 -0.07699999999998948 0
0.03899999999993841 -0.07599999999998862 0
0.03899999999994051 -0.07499999999998934 0
0.03899999999994259 -0.07399999999998856 0
0.03899999999994467 -0.07299999999998716 0
0.03899999999994675 -0.07199999999998646 0
0.03899999999994883 -0.07099999999998721 0
0.03899999999995094 -0.06999999999998623 0
0.03899999999995301 -0.06899999999998527 0
0.03899999999995511 -0.06799999999998599 0
0.03899999999995719 -0.06699999999998532 0
0.03899999999995927 -0.06599999999998388 0
0.03899999999996135 -0.06499999999998315 0
0.03899999999996345 -0.06399999999998386 0
0.03899999999996553 -0.06299999999998296 0
0.03899999999996762 -0.06199999999998157 0
0.03899999999996971 -0.06099999999998101 0
0.03899999999997179 -0.05999999999998169 0
0.03899999999997387 -0.05899999999998062 0
0.03899999999997596 -0.0579999999999797 0
0.03899999999997805 -0.05699999999998001 0
0.03899999999998014 -0.05599999999997986 0
0.03899999999998223 -0.05499999999997934 0
0.0389999999999843 -0.05399999999997832 0
0.03899999999998639 -0.05299999999997797 0
0.03899999999998848 -0.05199999999997761 0
0.03899999999999058 -0.050999999999977 0
0.03899999999999266 -0.04999999999997608 0
0.03899999999999474 -0.04899999999997574 0
0.03899999999999683 -0.04799999999997537 0
0.03899999999999892 -0.04699999999997467 0
0.03900000000000101 -0.04599999999997385 0
0.03900000000000309 -0.0449999999999738 0
0.03900000000000518 -0.04399999999997427 0
0.03900000000000726 -0.04299999999997479 0
0.03900000000000934 -0.04199999999997534 0
0.03900000000001144 -0.04099999999997615 0
0.03900000000001352 -0.03999999999997692 0
0.03900000000001561 -0.03899999999997735 0
0.0390000000000177 -0.03799999999997799 0
0.03900000000001978 -0.03699999999997877 0
0.03900000000002186 -0.03599999999997958 0
0.03900000000002395 -0.03499999999997994 0
0.03900000000002605 -0.03399999999998062 0
0.03900000000002813 -0.0329999999999817 0
0.03900000000003021 -0.03199999999998357 0
0.03900000000003229 -0.03099999999998416 0
0.03900000000003438 -0.0299999999999845 0
0.03900000000003647 -0.02899999999998596 0
0.03900000000003857 -0.02799999999998663 0
0.03900000000004065 -0.02699999999998674 0
0.03900000000004274 -0.0259999999999872 0
0.03900000000004481 -0.02499999999998866 0
0.03900000000004691 -0.0239999999999892 0
0.03900000000004899 -0.02299999999998932 0
0.03900000000005107 -0.02199999999998989 0
0.03900000000005317 -0.02099999999999137 0
0.03900000000005525 -0.01999999999999179 0
0.03900000000005734 -0.01899999999999219 0
0.03900000000005941 -0.01799999999999365 0
0.03900000000006151 -0.01699999999999424 0
0.03900000000006361 -0.01599999999999435 0
0.03900000000006568 -0.01499999999999489 0
0.03900000000006777 -0.01399999999999664 0
0.03900000000006985 -0.01299999999999761 0
0.03900000000007194 -0.01199999999999774 0
0.03900000000007404 -0.01099999999999841 0
0.03900000000007613 -0.009999999999999874 0
0.0390000000000782 -0.009000000000000195 0
0.03900000000008029 -0.008000000000000236 0
0.03900000000008236 -0.007000000000000634 0
0.03900000000008445 -0.006000000000001372 0
0.03900000000008654 -0.005000000000000579 0
0.03900000000008864 -0.003999999999999898 0
0.03900000000009073 -0.002999999999999861 0
0.0390000000000928 -0.002000000000000343 0
0.03900000000009488 -0.0009999999999996908 0
0.03900000000009697 7.268491364342822e-16 0
0.03900000000009906 0.001000000000000079 0
0.03900000000010116 0.001999999999999307 0
0.03900000000010324 0.002999999999999834 0
0.03900000000010533 0.004000000000000486 0
0.03999999999989804 -0.09400000000000028 0
0.03999999999990018 -0.09299999999999897 0
0.03999999999990232 -0.09199999999999763 0
0.03999999999990447 -0.09099999999999808 0
0.03999999999990661 -0.08999999999999815 0
0.03999999999990875 -0.08899999999999685 0
0.03999999999991088 -0.0879999999999955 0
0.03999999999991304 -0.08699999999999618 0
0.03999999999991517 -0.08599999999999605 0
0.03999999999991733 -0.0849999999999947 0
0.03999999999991946 -0.0839999999999935 0
0.03999999999992162 -0.08299999999999422 0
0.03999999999992376 -0.08199999999999397 0
0.03999999999992589 -0.08099999999999259 0
0.03999999999992804 -0.07999999999999158 0
0.03999999999993018 -0.07899999999999228 0
0.03999999999993231 -0.07799999999999183 0
0.03999999999993447 -0.07699999999999049 0
0.0399999999999366 -0.07599999999998967 0
0.03999999999993875 -0.07499999999999039 0
0.03999999999994089 -0.07399999999998969 0
0.03999999999994303 -0.07299999999998834 0
0.03999999999994518 -0.07199999999998774 0
0.03999999999994731 -0.0709999999999885 0
0.03999999999994945 -0.06999999999998759 0
0.03999999999995161 -0.06899999999998667 0
0.03999999999995375 -0.06799999999998743 0
0.03999999999995589 -0.06699999999998681 0
0.03999999999995801 -0.06599999999998545 0
0.03999999999996016 -0.06499999999998479 0
0.0399999999999623 -0.06399999999998553 0
0.03999999999996445 -0.06299999999998468 0
0.0399999999999666 -0.06199999999998334 0
0.03999999999996873 -0.06099999999998285 0
0.03999999999997088 -0.05999999999998356 0
0.03999999999997304 -0.05899999999998258 0
0.03999999999997515 -0.05799999999998171 0
0.03999999999997731 -0.0569999999999821 0
0.03999999999997945 -0.05599999999998198 0
0.03999999999998159 -0.05499999999998152 0
0.03999999999998374 -0.05399999999998056 0
0.03999999999998589 -0.05299999999998028 0
0.03999999999998802 -0.05199999999997996 0
0.03999999999999015 -0.0509999999999794 0
0.03999999999999231 -0.04999999999997854 0
0.03999999999999444 -0.04899999999997825 0
0.03999999999999658 -0.04799999999997794 0
0.03999999999999873 -0.04699999999997728 0
0.04000000000000088 -0.04599999999997651 0
0.04000000000000301 -0.0449999999999765 0
0.04000000000000516 -0.04399999999997695 0
0.04000000000000729 -0.04299999999997739 0
0.04000000000000943 -0.0419999999999779 0
0.04000000000001158 -0.04099999999997863 0
0.04000000000001372 -0.03999999999997937 0
0.04000000000001586 -0.03899999999997975 0
0.04000000000001801 -0.0379999999999803 0
0.04000000000002016 -0.03699999999998103 0
0.0400000000000223 -0.0359999999999818 0
0.04000000000002443 -0.03499999999998207 0
0.04000000000002657 -0.03399999999998272 0
0.04000000000002872 -0.03299999999998376 0
0.04000000000003088 -0.03199999999998553 0
0.04000000000003302 -0.03099999999998606 0
0.04000000000003515 -0.02999999999998632 0
0.04000000000003729 -0.02899999999998776 0
0.04000000000003942 -0.02799999999998835 0
0.04000000000004157 -0.02699999999998841 0
0.04000000000004372 -0.0259999999999888 0
0.04000000000004586 -0.02499999999999023 0
0.040000000000048 -0.02399999999999071 0
0.04000000000005014 -0.02299999999999076 0
0.04000000000005229 -0.02199999999999128 0
0.04000000000005444 -0.02099999999999271 0
0.04000000000005658 -0.01999999999999307 0
0.04000000000005871 -0.0189999999999934 0
0.04000000000006087 -0.01799999999999484 0
0.04000000000006299 -0.01699999999999535 0
0.04000000000006516 -0.01599999999999539 0
0.04000000000006729 -0.01499999999999588 0
0.04000000000006943 -0.01399999999999758 0
0.04000000000007157 -0.0129999999999985 0
0.04000000000007371 -0.01199999999999856 0
0.04000000000007586 -0.01099999999999916 0
0.04000000000007801 -0.01000000000000059 0
0.04000000000008014 -0.009000000000000848 0
0.04000000000008228 -0.008000000000000817 0
0.04000000000008443 -0.007000000000001168 0
0.04000000000008657 -0.006000000000001881 0
0.04000000000008871 -0.005000000000001037 0
0.04000000000009086 -0.004000000000000298 0
0.040000000000093 -0.003000000000000228 0
0.04000000000009513 -0.002000000000000687 0
0.04000000000009728 -0.0009999999999999762 0
0.04000000000009941 5.030698080332741e-16 0
0.04000000000010157 0.0009999999999998966 0
0.0400000000001037 0.001999999999999155 0
0.04000000000010584 0.002999999999999744 0
0.04000000000010798 0.004000000000000454 0
0.04099999999989525 -0.09400000000000033 0
0.04099999999989745 -0.09299999999999906 0
0.04099999999989964 -0.09199999999999781 0
0.04099999999990186 -0.09099999999999832 0
0.04099999999990405 -0.0899999999999984 0
0.04099999999990626 -0.08899999999999716 0
0.04099999999990848 -0.08799999999999589 0
0.04099999999991068 -0.08699999999999654 0
0.0409999999999129 -0.08599999999999657 0
0.0409999999999151 -0.0849999999999952 0
0.0409999999999173 -0.08399999999999411 0
0.0409999999999195 -0.0829999999999949 0
0.04099999999992172 -0.08199999999999463 0
0.04099999999992391 -0.08099999999999336 0
0.04099999999992613 -0.07999999999999242 0
0.04099999999992834 -0.07899999999999315 0
0.04099999999993054 -0.07799999999999274 0
0.04099999999993274 -0.07699999999999146 0
0.04099999999993496 -0.07599999999999067 0
0.04099999999993715 -0.07499999999999148 0
0.04099999999993936 -0.07399999999999085 0
0.04099999999994158 -0.07299999999998956 0
0.04099999999994378 -0.07199999999998898 0
0.04099999999994598 -0.07099999999998977 0
0.04099999999994818 -0.06999999999998893 0
0.0409999999999504 -0.06899999999998811 0
0.0409999999999526 -0.06799999999998887 0
0.04099999999995481 -0.06699999999998832 0
0.04099999999995701 -0.06599999999998701 0
0.04099999999995921 -0.06499999999998637 0
0.04099999999996143 -0.06399999999998719 0
0.04099999999996363 -0.0629999999999864 0
0.04099999999996584 -0.06199999999998512 0
0.04099999999996804 -0.06099999999998469 0
0.04099999999997025 -0.05999999999998544 0
0.04099999999997246 -0.05899999999998452 0
0.04099999999997466 -0.05799999999998372 0
0.04099999999997687 -0.05699999999998416 0
0.04099999999997909 -0.0559999999999841 0
0.04099999999998129 -0.05499999999998371 0
0.04099999999998349 -0.05399999999998279 0
0.04099999999998569 -0.05299999999998256 0
0.04099999999998789 -0.05199999999998229 0
0.0409999999999901 -0.05099999999998179 0
0.04099999999999231 -0.049999999999981 0
0.04099999999999451 -0.04899999999998076 0
0.04099999999999673 -0.0479999999999805 0
0.04099999999999894 -0.04699999999997989 0
0.04100000000000113 -0.04599999999997919 0
0.04100000000000334 -0.0449999999999792 0
0.04100000000000555 -0.04399999999997962 0
0.04100000000000777 -0.04299999999998001 0
0.04100000000000996 -0.04199999999998045 0
0.04100000000001218 -0.04099999999998113 0
0.04100000000001437 -0.03999999999998181 0
0.04100000000001659 -0.03899999999998213 0
0.04100000000001879 -0.03799999999998263 0
0.04100000000002099 -0.0369999999999833 0
0.04100000000002319 -0.035999999999984 0
0.04100000000002541 -0.03499999999998424 0
0.04100000000002761 -0.03399999999998481 0
0.04100000000002981 -0.03299999999998578 0
0.04100000000003202 -0.0319999999999875 0
0.04100000000003423 -0.03099999999998795 0
0.04100000000003643 -0.02999999999998815 0
0.04100000000003864 -0.02899999999998955 0
0.04100000000004085 -0.0279999999999901 0
0.04100000000004305 -0.02699999999999008 0
0.04100000000004526 -0.02599999999999041 0
0.04100000000004746 -0.0249999999999918 0
0.04100000000004967 -0.02399999999999222 0
0.04100000000005186 -0.0229999999999922 0
0.04100000000005408 -0.02199999999999265 0
0.04100000000005629 -0.02099999999999405 0
0.0410000000000585 -0.01999999999999434 0
0.0410000000000607 -0.01899999999999463 0
0.04100000000006292 -0.01799999999999602 0
0.04100000000006511 -0.01699999999999647 0
0.04100000000006732 -0.01599999999999645 0
0.04100000000006952 -0.01499999999999686 0
0.04100000000007174 -0.01399999999999854 0
0.04100000000007393 -0.01299999999999938 0
0.04100000000007615 -0.01199999999999936 0
0.04100000000007836 -0.01099999999999992 0
0.04100000000008057 -0.0100000000000013 0
0.04100000000008276 -0.009000000000001495 0
0.04100000000008498 -0.008000000000001402 0
0.04100000000008717 -0.007000000000001699 0
0.04100000000008938 -0.006000000000002396 0
0.04100000000009158 -0.005000000000001493 0
0.0410000000000938 -0.004000000000000697 0
0.041000000000096 -0.003000000000000592 0
0.0410000000000982 -0.00200000000000103 0
0.04100000000010041 -0.001000000000000261 0
0.04100000000010263 2.810252031082427e-16 0
0.04100000000010483 0.0009999999999997138 0
0.04100000000010703 0.001999999999999006 0
0.04100000000010924 0.002999999999999654 0
0.04100000000011144 0.004000000000000422 0
0.04199999999989242 -0.09400000000000036 0
0.04199999999989468 -0.09299999999999921 0
0.04199999999989695 -0.09199999999999797 0
0.04199999999989921 -0.09099999999999853 0
0.04199999999990145 -0.08999999999999868 0
0.04199999999990371 -0.08899999999999747 0
0.04199999999990599 -0.08799999999999629 0
0.04199999999990824 -0.08699999999999698 0
0.0419999999999105 -0.085999999999997 0
0.04199999999991277 -0.08499999999999579 0
0.04199999999991502 -0.08399999999999472 0
0.04199999999991728 -0.08299999999999554 0
0.04199999999991954 -0.08199999999999535 0
0.04199999999992179 -0.08099999999999415 0
0.04199999999992406 -0.07999999999999322 0
0.0419999999999263 -0.07899999999999402 0
0.04199999999992858 -0.07799999999999364 0
0.04199999999993084 -0.07699999999999244 0
0.04199999999993309 -0.07599999999999173 0
0.04199999999993535 -0.07499999999999256 0
0.04199999999993761 -0.07399999999999197 0
0.04199999999993986 -0.07299999999999077 0
0.04199999999994213 -0.07199999999999024 0
0.04199999999994439 -0.07099999999999104 0
0.04199999999994664 -0.06999999999999025 0
0.04199999999994891 -0.0689999999999895 0
0.04199999999995117 -0.06799999999999032 0
0.04199999999995341 -0.0669999999999898 0
0.04199999999995568 -0.0659999999999886 0
0.04199999999995795 -0.064999999999988 0
0.04199999999996021 -0.06399999999998882 0
0.04199999999996246 -0.06299999999998812 0
0.04199999999996473 -0.06199999999998691 0
0.04199999999996697 -0.06099999999998652 0
0.04199999999996923 -0.05999999999998732 0
0.04199999999997151 -0.05899999999998642 0
0.04199999999997376 -0.05799999999998572 0
0.04199999999997601 -0.05699999999998623 0
0.04199999999997828 -0.05599999999998623 0
0.04199999999998055 -0.05499999999998588 0
0.0419999999999828 -0.05399999999998505 0
0.04199999999998506 -0.05299999999998486 0
0.04199999999998731 -0.05199999999998464 0
0.04199999999998957 -0.0509999999999842 0
0.04199999999999182 -0.04999999999998347 0
0.04199999999999408 -0.04899999999998327 0
0.04199999999999635 -0.04799999999998306 0
0.04199999999999861 -0.04699999999998252 0
0.04200000000000087 -0.04599999999998187 0
0.04200000000000312 -0.04499999999998189 0
0.04200000000000539 -0.04399999999998229 0
0.04200000000000764 -0.04299999999998262 0
0.0420000000000099 -0.041999999999983 0
0.04200000000001217 -0.04099999999998363 0
0.04200000000001441 -0.03999999999998425 0
0.04200000000001668 -0.03899999999998451 0
0.04200000000001894 -0.03799999999998495 0
0.0420000000000212 -0.03699999999998558 0
0.04200000000002346 -0.03599999999998622 0
0.04200000000002571 -0.03499999999998639 0
0.04200000000002797 -0.0339999999999869 0
0.04200000000003024 -0.03299999999998782 0
0.0420000000000325 -0.03199999999998946 0
0.04200000000003476 -0.03099999999998986 0
0.04200000000003701 -0.02999999999998999 0
0.04200000000003929 -0.02899999999999135 0
0.04200000000004153 -0.02799999999999184 0
0.04200000000004379 -0.02699999999999175 0
0.04200000000004606 -0.02599999999999202 0
0.0420000000000483 -0.02499999999999337 0
0.04200000000005057 -0.02399999999999373 0
0.04200000000005283 -0.02299999999999365 0
0.04200000000005509 -0.02199999999999403 0
0.04200000000005735 -0.0209999999999954 0
0.04200000000005961 -0.01999999999999562 0
0.04200000000006188 -0.01899999999999584 0
0.04200000000006413 -0.0179999999999972 0
0.04200000000006639 -0.0169999999999976 0
0.04200000000006866 -0.01599999999999751 0
0.0420000000000709 -0.01499999999999786 0
0.04200000000007317 -0.01399999999999948 0
0.04200000000007543 -0.01300000000000025 0
0.04200000000007769 -0.01200000000000017 0
0.04200000000007995 -0.01100000000000067 0
0.0420000000000822 -0.01000000000000202 0
0.04200000000008448 -0.009000000000002145 0
0.04200000000008672 -0.008000000000001981 0
0.04200000000008897 -0.007000000000002234 0
0.04200000000009124 -0.006000000000002901 0
0.04200000000009349 -0.005000000000001951 0
0.04200000000009577 -0.004000000000001096 0
0.04200000000009801 -0.003000000000000957 0
0.04200000000010028 -0.002000000000001374 0
0.04200000000010255 -0.001000000000000546 0
0.04200000000010479 5.767955557622884e-17 0
0.04200000000010706 0.0009999999999995321 0
0.04200000000010931 0.001999999999998854 0
0.04200000000011157 0.002999999999999563 0
0.04200000000011384 0.00400000000000039 0
0.04299999999988961 -0.0940000000000004 0
0.04299999999989192 -0.09299999999999929 0
0.04299999999989423 -0.09199999999999814 0
0.04299999999989654 -0.09099999999999873 0
0.04299999999989887 -0.08999999999999894 0
0.04299999999990117 -0.0889999999999978 0
0.04299999999990348 -0.08799999999999666 0
0.04299999999990579 -0.08699999999999747 0
0.0429999999999081 -0.08599999999999751 0
0.04299999999991042 -0.08499999999999631 0
0.04299999999991274 -0.08399999999999533 0
0.04299999999991504 -0.08299999999999617 0
0.04299999999991736 -0.08199999999999601 0
0.04299999999991967 -0.08099999999999488 0
0.04299999999992198 -0.07999999999999406 0
0.04299999999992429 -0.07899999999999487 0
0.04299999999992661 -0.07799999999999456 0
0.04299999999992891 -0.07699999999999345 0
0.04299999999993123 -0.07599999999999278 0
0.04299999999993354 -0.0749999999999936 0
0.04299999999993584 -0.07399999999999313 0
0.04299999999993815 -0.07299999999999195 0
0.04299999999994047 -0.07199999999999152 0
0.04299999999994279 -0.07099999999999236 0
0.04299999999994511 -0.06999999999999164 0
0.04299999999994741 -0.06899999999999094 0
0.04299999999994973 -0.06799999999999176 0
0.04299999999995203 -0.06699999999999133 0
0.04299999999995435 -0.06599999999999015 0
0.04299999999995666 -0.06499999999998962 0
0.04299999999995897 -0.0639999999999905 0
0.04299999999996129 -0.06299999999998984 0
0.04299999999996361 -0.06199999999998871 0
0.04299999999996591 -0.06099999999998837 0
0.04299999999996823 -0.05999999999998919 0
0.04299999999997055 -0.05899999999998837 0
0.04299999999997285 -0.05799999999998773 0
0.04299999999997517 -0.05699999999998832 0
0.04299999999997749 -0.05599999999998834 0
0.04299999999997979 -0.05499999999998807 0
0.04299999999998211 -0.05399999999998729 0
0.04299999999998441 -0.05299999999998714 0
0.04299999999998673 -0.05199999999998698 0
0.04299999999998903 -0.0509999999999866 0
0.04299999999999135 -0.04999999999998592 0
0.04299999999999367 -0.04899999999998578 0
0.04299999999999597 -0.04799999999998561 0
0.04299999999999829 -0.04699999999998514 0
0.04300000000000061 -0.04599999999998455 0
0.04300000000000291 -0.04499999999998458 0
0.04300000000000523 -0.04399999999998497 0
0.04300000000000755 -0.04299999999998523 0
0.04300000000000985 -0.04199999999998554 0
0.04300000000001215 -0.04099999999998612 0
0.04300000000001448 -0.03999999999998671 0
0.04300000000001679 -0.03899999999998689 0
0.04300000000001911 -0.03799999999998727 0
0.04300000000002142 -0.03699999999998786 0
0.04300000000002373 -0.03599999999998844 0
0.04300000000002603 -0.03499999999998854 0
0.04300000000002835 -0.033999999999989 0
0.04300000000003067 -0.03299999999998986 0
0.04300000000003297 -0.03199999999999143 0
0.04300000000003529 -0.03099999999999176 0
0.04300000000003761 -0.02999999999999181 0
0.04300000000003991 -0.02899999999999315 0
0.04300000000004223 -0.02799999999999358 0
0.04300000000004454 -0.02699999999999341 0
0.04300000000004685 -0.02599999999999361 0
0.04300000000004917 -0.02499999999999494 0
0.04300000000005147 -0.02399999999999523 0
0.04300000000005379 -0.02299999999999507 0
0.0430000000000561 -0.02199999999999542 0
0.04300000000005842 -0.02099999999999674 0
0.04300000000006073 -0.0199999999999969 0
0.04300000000006304 -0.01899999999999706 0
0.04300000000006536 -0.01799999999999838 0
0.04300000000006766 -0.01699999999999872 0
0.04300000000006997 -0.01599999999999855 0
0.04300000000007229 -0.01499999999999885 0
0.0430000000000746 -0.01400000000000044 0
0.04300000000007691 -0.01300000000000113 0
0.04300000000007922 -0.01200000000000098 0
0.04300000000008154 -0.01100000000000142 0
0.04300000000008385 -0.01000000000000273 0
0.04300000000008615 -0.009000000000002797 0
0.04300000000008848 -0.008000000000002559 0
0.04300000000009079 -0.007000000000002768 0
0.04300000000009309 -0.006000000000003412 0
0.04300000000009542 -0.005000000000002411 0
0.04300000000009772 -0.004000000000001498 0
0.04300000000010003 -0.00300000000000132 0
0.04300000000010234 -0.002000000000001718 0
0.04300000000010466 -0.001000000000000831 0
0.04300000000010697 -1.643650493488025e-16 0
0.04300000000010928 0.0009999999999993482 0
0.0430000000001116 0.001999999999998703 0
0.04300000000011391 0.002999999999999472 0
0.04300000000011622 0.004000000000000357 0
0.04399999999988679 -0.09400000000000043 0
0.04399999999988914 -0.09299999999999937 0
0.04399999999989151 -0.09199999999999833 0
0.0439999999998939 -0.09099999999999896 0
0.04399999999989626 -0.08999999999999918 0
0.04399999999989863 -0.08899999999999814 0
0.04399999999990099 -0.08799999999999709 0
0.04399999999990338 -0.08699999999999788 0
0.04399999999990574 -0.08599999999999797 0
0.04399999999990811 -0.08499999999999687 0
0.04399999999991049 -0.08399999999999593 0
0.04399999999991286 -0.08299999999999683 0
0.04399999999991522 -0.08199999999999673 0
0.04399999999991761 -0.08099999999999564 0
0.04399999999991998 -0.07999999999999488 0
0.04399999999992233 -0.07899999999999573 0
0.04399999999992471 -0.07799999999999545 0
0.04399999999992708 -0.07699999999999441 0
0.04399999999992944 -0.07599999999999382 0
0.04399999999993183 -0.0749999999999947 0
0.04399999999993418 -0.07399999999999422 0
0.04399999999993655 -0.07299999999999318 0
0.04399999999993894 -0.07199999999999275 0
0.04399999999994128 -0.07099999999999365 0
0.04399999999994365 -0.06999999999999297 0
0.04399999999994603 -0.06899999999999232 0
0.04399999999994841 -0.0679999999999932 0
0.04399999999995077 -0.06699999999999283 0
0.04399999999995315 -0.06599999999999169 0
0.04399999999995552 -0.06499999999999127 0
0.04399999999995789 -0.06399999999999213 0
0.04399999999996025 -0.06299999999999156 0
0.04399999999996262 -0.06199999999999049 0
0.043999999999965 -0.0609999999999902 0
0.04399999999996737 -0.05999999999999106 0
0.04399999999996973 -0.05899999999999031 0
0.0439999999999721 -0.05799999999998973 0
0.04399999999997446 -0.05699999999999036 0
0.04399999999997685 -0.05599999999999049 0
0.04399999999997921 -0.05499999999999024 0
0.0439999999999816 -0.05399999999998952 0
0.04399999999998396 -0.05299999999998944 0
0.04399999999998633 -0.05199999999998933 0
0.04399999999998869 -0.05099999999998897 0
0.04399999999999107 -0.04999999999998839 0
0.04399999999999343 -0.04899999999998828 0
0.04399999999999581 -0.04799999999998817 0
0.04399999999999817 -0.04699999999998774 0
0.04400000000000055 -0.04599999999998722 0
0.04400000000000291 -0.04499999999998729 0
0.04400000000000528 -0.04399999999998763 0
0.04400000000000766 -0.04299999999998784 0
0.04400000000001003 -0.0419999999999881 0
0.04400000000001239 -0.04099999999998862 0
0.04400000000001476 -0.03999999999998914 0
0.04400000000001714 -0.03899999999998926 0
0.0440000000000195 -0.0379999999999896 0
0.04400000000002187 -0.03699999999999012 0
0.04400000000002424 -0.03599999999999065 0
0.04400000000002662 -0.03499999999999069 0
0.04400000000002899 -0.03399999999999109 0
0.04400000000003136 -0.03299999999999188 0
0.04400000000003372 -0.0319999999999934 0
0.04400000000003609 -0.03099999999999364 0
0.04400000000003847 -0.02999999999999365 0
0.04400000000004083 -0.02899999999999494 0
0.0440000000000432 -0.02799999999999531 0
0.04400000000004557 -0.02699999999999507 0
0.04400000000004795 -0.02599999999999522 0
0.04400000000005032 -0.02499999999999651 0
0.04400000000005268 -0.02399999999999674 0
0.04400000000005506 -0.02299999999999652 0
0.04400000000005742 -0.02199999999999679 0
0.0440000000000598 -0.02099999999999809 0
0.04400000000006217 -0.01999999999999819 0
0.04400000000006452 -0.01899999999999827 0
0.04400000000006692 -0.01799999999999956 0
0.04400000000006928 -0.01699999999999985 0
0.04400000000007164 -0.0159999999999996 0
0.04400000000007402 -0.01499999999999984 0
0.04400000000007638 -0.01400000000000138 0
0.04400000000007875 -0.01300000000000202 0
0.04400000000008113 -0.01200000000000179 0
0.0440000000000835 -0.01100000000000217 0
0.04400000000008586 -0.01000000000000345 0
0.04400000000008823 -0.00900000000000345 0
0.04400000000009061 -0.008000000000003142 0
0.04400000000009298 -0.007000000000003302 0
0.04400000000009534 -0.006000000000003921 0
0.04400000000009772 -0.005000000000002868 0
0.04400000000010008 -0.004000000000001897 0
0.04400000000010246 -0.003000000000001687 0
0.04400000000010482 -0.002000000000002061 0
0.04400000000010719 -0.001000000000001115 0
0.04400000000010956 -3.89011739487799e-16 0
0.04400000000011194 0.0009999999999991661 0
0.04400000000011429 0.001999999999998552 0
0.04400000000011668 0.002999999999999382 0
0.04400000000011904 0.004000000000000324 0
0.04499999999988399 -0.0940000000000005 0
0.04499999999988642 -0.0929999999999995 0
0.04499999999988885 -0.09199999999999851 0
0.04499999999989129 -0.09099999999999915 0
0.04499999999989372 -0.08999999999999946 0
0.04499999999989614 -0.08899999999999847 0
0.04499999999989858 -0.08799999999999746 0
0.04499999999990102 -0.08699999999999826 0
0.04499999999990346 -0.08599999999999844 0
0.04499999999990589 -0.08499999999999745 0
0.0449999999999083 -0.08399999999999655 0
0.04499999999991074 -0.08299999999999746 0
0.04499999999991316 -0.08199999999999739 0
0.04499999999991559 -0.08099999999999642 0
0.04499999999991802 -0.07999999999999573 0
0.04499999999992046 -0.07899999999999656 0
0.04499999999992289 -0.07799999999999636 0
0.04499999999992533 -0.07699999999999538 0
0.04499999999992775 -0.07599999999999484 0
0.0449999999999302 -0.07499999999999578 0
0.04499999999993264 -0.07399999999999535 0
0.04499999999993507 -0.07299999999999432 0
0.04499999999993749 -0.07199999999999401 0
0.04499999999993993 -0.07099999999999493 0
0.04499999999994235 -0.0699999999999943 0
0.04499999999994477 -0.06899999999999373 0
0.04499999999994721 -0.06799999999999465 0
0.04499999999994964 -0.06699999999999433 0
0.04499999999995209 -0.06599999999999329 0
0.04499999999995451 -0.06499999999999287 0
0.04499999999995696 -0.0639999999999938 0
0.04499999999995938 -0.06299999999999328 0
0.04499999999996181 -0.06199999999999228 0
0.04499999999996425 -0.06099999999999205 0
0.04499999999996669 -0.05999999999999294 0
0.04499999999996911 -0.05899999999999224 0
0.04499999999997154 -0.05799999999999173 0
0.04499999999997396 -0.05699999999999245 0
0.0449999999999764 -0.05599999999999263 0
0.04499999999997883 -0.05499999999999242 0
0.04499999999998126 -0.05399999999999177 0
0.04499999999998369 -0.05299999999999173 0
0.04499999999998612 -0.05199999999999166 0
0.04499999999998856 -0.05099999999999139 0
0.04499999999999099 -0.04999999999999083 0
0.04499999999999342 -0.04899999999999079 0
0.04499999999999587 -0.04799999999999075 0
0.04499999999999829 -0.04699999999999035 0
0.04500000000000073 -0.0459999999999899 0
0.04500000000000316 -0.04499999999998999 0
0.04500000000000558 -0.04399999999999031 0
0.04500000000000801 -0.04299999999999045 0
0.04500000000001045 -0.04199999999999064 0
0.04500000000001288 -0.04099999999999112 0
0.04500000000001533 -0.03999999999999159 0
0.04500000000001775 -0.03899999999999165 0
0.04500000000002018 -0.03799999999999193 0
0.04500000000002261 -0.03699999999999239 0
0.04500000000002505 -0.03599999999999287 0
0.04500000000002748 -0.03499999999999284 0
0.04500000000002992 -0.03399999999999321 0
0.04500000000003234 -0.03299999999999394 0
0.04500000000003479 -0.03199999999999537 0
0.04500000000003721 -0.03099999999999555 0
0.04500000000003963 -0.02999999999999547 0
0.04500000000004207 -0.02899999999999672 0
0.04500000000004451 -0.02799999999999706 0
0.04500000000004694 -0.02699999999999674 0
0.04500000000004937 -0.02599999999999683 0
0.04500000000005179 -0.02499999999999808 0
0.04500000000005423 -0.02399999999999826 0
0.04500000000005668 -0.02299999999999796 0
0.04500000000005909 -0.02199999999999818 0
0.04500000000006153 -0.02099999999999943 0
0.04500000000006397 -0.01999999999999946 0
0.0450000000000664 -0.0189999999999995 0
0.04500000000006882 -0.01800000000000074 0
0.04500000000007125 -0.01700000000000096 0
0.0450000000000737 -0.01600000000000066 0
0.04500000000007612 -0.01500000000000083 0
0.04500000000007856 -0.01400000000000234 0
0.04500000000008099 -0.0130000000000029 0
0.04500000000008341 -0.01200000000000259 0
0.04500000000008585 -0.01100000000000292 0
0.04500000000008828 -0.01000000000000417 0
0.04500000000009071 -0.009000000000004097 0
0.04500000000009315 -0.008000000000003726 0
0.04500000000009558 -0.007000000000003836 0
0.045000000000098 -0.006000000000004431 0
0.04500000000010045 -0.005000000000003326 0
0.04500000000010288 -0.004000000000002296 0
0.04500000000010531 -0.003000000000002053 0
0.04500000000010775 -0.002000000000002405 0
0.04500000000011016 -0.0010000000000014 0
0.0450000000001126 -6.123573870198129e-16 0
0.04500000000011505 0.0009999999999989835 0
0.04500000000011747 0.001999999999998401 0
0.04500000000011991 0.002999999999999291 0
0.04500000000012234 0.004000000000000292 0
0.04599999999988115 -0.09400000000000053 0
0.04599999999988365 -0.09299999999999958 0
0.04599999999988612 -0.09199999999999868 0
0.04599999999988863 -0.09099999999999937 0
0.0459999999998911 -0.08999999999999971 0
0.04599999999989358 -0.0889999999999988 0
0.04599999999989607 -0.0879999999999979 0
0.04599999999989857 -0.08699999999999873 0
0.04599999999990104 -0.08599999999999895 0
0.04599999999990353 -0.08499999999999794 0
0.045999999999906 -0.08399999999999716 0
0.0459999999999085 -0.0829999999999981 0
0.04599999999991097 -0.08199999999999813 0
0.04599999999991347 -0.08099999999999717 0
0.04599999999991596 -0.07999999999999653 0
0.04599999999991844 -0.07899999999999746 0
0.04599999999992092 -0.07799999999999729 0
0.04599999999992342 -0.07699999999999638 0
0.04599999999992591 -0.07599999999999589 0
0.04599999999992836 -0.07499999999999685 0
0.04599999999993087 -0.07399999999999653 0
0.04599999999993336 -0.07299999999999555 0
0.04599999999993584 -0.07199999999999526 0
0.04599999999993831 -0.07099999999999622 0
0.04599999999994082 -0.0699999999999957 0
0.04599999999994329 -0.06899999999999516 0
0.04599999999994578 -0.06799999999999609 0
0.04599999999994826 -0.06699999999999583 0
0.04599999999995075 -0.06599999999999487 0
0.04599999999995323 -0.06499999999999449 0
0.04599999999995572 -0.06399999999999546 0
0.04599999999995821 -0.06299999999999498 0
0.04599999999996068 -0.06199999999999407 0
0.04599999999996317 -0.06099999999999388 0
0.04599999999996567 -0.0599999999999948 0
0.04599999999996815 -0.05899999999999418 0
0.04599999999997062 -0.05799999999999372 0
0.0459999999999731 -0.0569999999999945 0
0.0459999999999756 -0.05599999999999474 0
0.04599999999997807 -0.05499999999999459 0
0.04599999999998057 -0.053999999999994 0
0.04599999999998305 -0.05299999999999401 0
0.04599999999998555 -0.051999999999994 0
0.04599999999998804 -0.05099999999999379 0
0.0459999999999905 -0.04999999999999331 0
0.04599999999999299 -0.04899999999999331 0
0.04599999999999549 -0.04799999999999331 0
0.04599999999999797 -0.04699999999999298 0
0.04600000000000046 -0.04599999999999257 0
0.04600000000000294 -0.04499999999999267 0
0.04600000000000543 -0.04399999999999298 0
0.04600000000000791 -0.04299999999999306 0
0.04600000000001039 -0.0419999999999932 0
0.04600000000001289 -0.04099999999999362 0
0.04600000000001536 -0.03999999999999403 0
0.04600000000001785 -0.03899999999999405 0
0.04600000000002034 -0.03799999999999425 0
0.04600000000002283 -0.03699999999999466 0
0.0460000000000253 -0.03599999999999509 0
0.04600000000002778 -0.03499999999999501 0
0.04600000000003028 -0.03399999999999529 0
0.04600000000003278 -0.03299999999999597 0
0.04600000000003525 -0.03199999999999734 0
0.04600000000003773 -0.03099999999999745 0
0.04600000000004022 -0.02999999999999731 0
0.04600000000004272 -0.02899999999999852 0
0.0460000000000452 -0.02799999999999879 0
0.04600000000004768 -0.02699999999999841 0
0.04600000000005017 -0.02599999999999843 0
0.04600000000005265 -0.02499999999999965 0
0.04600000000005512 -0.02399999999999976 0
0.04600000000005762 -0.02299999999999939 0
0.0460000000000601 -0.02199999999999955 0
0.04600000000006259 -0.02100000000000077 0
0.04600000000006507 -0.02000000000000074 0
0.04600000000006756 -0.0190000000000007 0
0.04600000000007005 -0.01800000000000192 0
0.04600000000007252 -0.01700000000000208 0
0.04600000000007502 -0.01600000000000171 0
0.04600000000007751 -0.01500000000000182 0
0.04600000000008 -0.01400000000000329 0
0.04600000000008248 -0.01300000000000377 0
0.04600000000008496 -0.01200000000000341 0
0.04600000000008744 -0.01100000000000367 0
0.04600000000008993 -0.01000000000000488 0
0.04600000000009241 -0.009000000000004747 0
0.0460000000000949 -0.008000000000004301 0
0.04600000000009739 -0.007000000000004367 0
0.04600000000009986 -0.006000000000004942 0
0.04600000000010235 -0.00500000000000378 0
0.04600000000010485 -0.004000000000002695 0
0.04600000000010733 -0.003000000000002416 0
0.04600000000010981 -0.002000000000002748 0
0.0460000000001123 -0.001000000000001685 0
0.04600000000011478 -8.352693536828326e-16 0
0.04600000000011727 0.0009999999999988013 0
0.04600000000011976 0.001999999999998251 0
0.04600000000012224 0.0029999999999992 0
0.04600000000012473 0.00400000000000026 0
0.04699999999987835 -0.09400000000000057 0
0.04699999999988089 -0.09299999999999974 0
0.04699999999988343 -0.09199999999999883 0
0.04699999999988597 -0.0909999999999996 0
0.04699999999988849 -0.08999999999999997 0
0.04699999999989105 -0.08899999999999914 0
0.04699999999989357 -0.08799999999999827 0
0.04699999999989611 -0.08699999999999915 0
0.04699999999989865 -0.0859999999999994 0
0.04699999999990119 -0.08499999999999849 0
0.04699999999990374 -0.08399999999999777 0
0.04699999999990628 -0.08299999999999876 0
0.04699999999990882 -0.0819999999999988 0
0.04699999999991135 -0.08099999999999793 0
0.04699999999991389 -0.07999999999999738 0
0.04699999999991642 -0.07899999999999828 0
0.04699999999991897 -0.0779999999999982 0
0.04699999999992149 -0.07699999999999733 0
0.04699999999992403 -0.07599999999999693 0
0.04699999999992659 -0.0749999999999979 0
0.04699999999992912 -0.07399999999999761 0
0.04699999999993165 -0.07299999999999676 0
0.04699999999993419 -0.0719999999999965 0
0.04699999999993673 -0.07099999999999752 0
0.04699999999993927 -0.06999999999999701 0
0.04699999999994182 -0.06899999999999654 0
0.04699999999994436 -0.06799999999999753 0
0.04699999999994689 -0.06699999999999731 0
0.04699999999994943 -0.06599999999999642 0
0.04699999999995196 -0.06499999999999612 0
0.04699999999995449 -0.06399999999999714 0
0.04699999999995704 -0.06299999999999673 0
0.04699999999995959 -0.06199999999999583 0
0.04699999999996211 -0.06099999999999572 0
0.04699999999996465 -0.05999999999999668 0
0.0469999999999672 -0.05899999999999612 0
0.04699999999996973 -0.05799999999999574 0
0.04699999999997227 -0.05699999999999658 0
0.04699999999997481 -0.05599999999999687 0
0.04699999999997736 -0.05499999999999678 0
0.04699999999997989 -0.05399999999999625 0
0.04699999999998242 -0.05299999999999631 0
0.04699999999998496 -0.05199999999999634 0
0.0469999999999875 -0.05099999999999619 0
0.04699999999999005 -0.04999999999999576 0
0.04699999999999259 -0.0489999999999958 0
0.04699999999999513 -0.04799999999999586 0
0.04699999999999765 -0.04699999999999559 0
0.0470000000000002 -0.04599999999999525 0
0.04700000000000274 -0.04499999999999538 0
0.04700000000000529 -0.04399999999999565 0
0.04700000000000781 -0.04299999999999566 0
0.04700000000001035 -0.04199999999999575 0
0.0470000000000129 -0.04099999999999612 0
0.04700000000001543 -0.03999999999999649 0
0.04700000000001796 -0.03899999999999641 0
0.0470000000000205 -0.03799999999999655 0
0.04700000000002305 -0.03699999999999693 0
0.04700000000002558 -0.03599999999999731 0
0.04700000000002813 -0.03499999999999716 0
0.04700000000003068 -0.03399999999999739 0
0.0470000000000332 -0.03299999999999802 0
0.04700000000003574 -0.03199999999999931 0
0.04700000000003826 -0.03099999999999933 0
0.04700000000004081 -0.02999999999999914 0
0.04700000000004334 -0.02900000000000032 0
0.04700000000004589 -0.02800000000000052 0
0.04700000000004844 -0.02700000000000008 0
0.04700000000005097 -0.02600000000000004 0
0.0470000000000535 -0.02500000000000122 0
0.04700000000005604 -0.02400000000000127 0
0.04700000000005859 -0.02300000000000083 0
0.04700000000006112 -0.02200000000000094 0
0.04700000000006366 -0.02100000000000212 0
0.0470000000000662 -0.02000000000000202 0
0.04700000000006874 -0.01900000000000192 0
0.04700000000007128 -0.01800000000000311 0
0.04700000000007382 -0.0170000000000032 0
0.04700000000007635 -0.01600000000000276 0
0.0470000000000789 -0.01500000000000281 0
0.04700000000008142 -0.01400000000000424 0
0.04700000000008397 -0.01300000000000465 0
0.0470000000000865 -0.01200000000000421 0
0.04700000000008905 -0.01100000000000443 0
0.04700000000009159 -0.0100000000000056 0
0.04700000000009412 -0.009000000000005398 0
0.04700000000009667 -0.008000000000004885 0
0.04700000000009918 -0.007000000000004905 0
0.04700000000010174 -0.00600000000000545 0
0.04700000000010428 -0.005000000000004239 0
0.04700000000010682 -0.004000000000003095 0
0.04700000000010936 -0.003000000000002781 0
0.0470000000001119 -0.002000000000003091 0
0.04700000000011442 -0.001000000000001971 0
0.04700000000011698 -1.057313958607864e-15 0
0.0470000000001195 0.0009999999999986183 0
0.04700000000012204 0.001999999999998099 0
0.04700000000012458 0.002999999999999109 0
0.04700000000012712 0.004000000000000229 0
0.04799999999987554 -0.09400000000000061 0
0.04799999999987814 -0.09299999999999982 0
0.04799999999988073 -0.09199999999999901 0
0.04799999999988332 -0.09099999999999983 0
0.04799999999988593 -0.09000000000000025 0
0.04799999999988853 -0.08899999999999944 0
0.04799999999989112 -0.08799999999999868 0
0.04799999999989371 -0.08699999999999959 0
0.04799999999989631 -0.0859999999999999 0
0.04799999999989893 -0.08499999999999905 0
0.0479999999999015 -0.08399999999999838 0
0.04799999999990411 -0.08299999999999938 0
0.04799999999990671 -0.0819999999999995 0
0.04799999999990929 -0.0809999999999987 0
0.04799999999991191 -0.0799999999999982 0
0.04799999999991449 -0.07899999999999918 0
0.04799999999991709 -0.07799999999999914 0
0.0479999999999197 -0.07699999999999832 0
0.04799999999992229 -0.07599999999999796 0
0.04799999999992489 -0.07499999999999898 0
0.04799999999992747 -0.07399999999999878 0
0.04799999999993008 -0.07299999999999796 0
0.04799999999993267 -0.07199999999999779 0
0.04799999999993529 -0.07099999999999883 0
0.04799999999993788 -0.06999999999999837 0
0.04799999999994047 -0.06899999999999795 0
0.04799999999994307 -0.06799999999999898 0
0.04799999999994566 -0.06699999999999881 0
0.04799999999994826 -0.06599999999999799 0
0.04799999999995085 -0.06499999999999777 0
0.04799999999995347 -0.06399999999999881 0
0.04799999999995606 -0.06299999999999842 0
0.04799999999995865 -0.06199999999999762 0
0.04799999999996125 -0.06099999999999757 0
0.04799999999996386 -0.05999999999999855 0
0.04799999999996644 -0.05899999999999805 0
0.04799999999996905 -0.05799999999999774 0
0.04799999999997163 -0.05699999999999868 0
0.04799999999997424 -0.05599999999999899 0
0.04799999999997684 -0.05499999999999895 0
0.04799999999997944 -0.05399999999999849 0
0.04799999999998204 -0.0529999999999986 0
0.04799999999998462 -0.05199999999999869 0
0.04799999999998722 -0.05099999999999857 0
0.04799999999998984 -0.04999999999999822 0
0.04799999999999242 -0.04899999999999833 0
0.04799999999999503 -0.04799999999999842 0
0.04799999999999762 -0.04699999999999821 0
0.04800000000000022 -0.04599999999999791 0
0.04800000000000282 -0.04499999999999807 0
0.04800000000000541 -0.04399999999999832 0
0.048000000000008 -0.04299999999999828 0
0.04800000000001061 -0.04199999999999831 0
0.04800000000001321 -0.04099999999999861 0
0.04800000000001579 -0.03999999999999893 0
0.04800000000001839 -0.0389999999999988 0
0.04800000000002099 -0.0379999999999989 0
0.04800000000002358 -0.03699999999999919 0
0.04800000000002618 -0.03599999999999952 0
0.04800000000002878 -0.0349999999999993 0
0.04800000000003139 -0.03399999999999948 0
0.04800000000003398 -0.03300000000000006 0
0.04800000000003658 -0.03200000000000127 0
0.04800000000003918 -0.03100000000000122 0
0.04800000000004178 -0.03000000000000097 0
0.04800000000004438 -0.02900000000000212 0
0.04800000000004696 -0.02800000000000226 0
0.04800000000004957 -0.02700000000000175 0
0.04800000000005217 -0.02600000000000164 0
0.04800000000005476 -0.02500000000000278 0
0.04800000000005737 -0.02400000000000279 0
0.04800000000005996 -0.02300000000000227 0
0.04800000000006256 -0.02200000000000231 0
0.04800000000006515 -0.02100000000000346 0
0.04800000000006775 -0.0200000000000033 0
0.04800000000007035 -0.01900000000000314 0
0.04800000000007293 -0.01800000000000429 0
0.04800000000007554 -0.01700000000000433 0
0.04800000000007814 -0.01600000000000381 0
0.04800000000008073 -0.0150000000000038 0
0.04800000000008334 -0.01400000000000519 0
0.04800000000008593 -0.01300000000000553 0
0.04800000000008853 -0.01200000000000502 0
0.04800000000009113 -0.01100000000000518 0
0.04800000000009373 -0.01000000000000631 0
0.04800000000009631 -0.009000000000006048 0
0.04800000000009891 -0.008000000000005468 0
0.04800000000010152 -0.007000000000005438 0
0.04800000000010411 -0.006000000000005959 0
0.04800000000010671 -0.005000000000004696 0
0.0480000000001093 -0.004000000000003496 0
0.04800000000011191 -0.003000000000003146 0
0.04800000000011451 -0.002000000000003434 0
0.04800000000011709 -0.001000000000002256 0
0.0480000000001197 -1.280659606139878e-15 0
0.04800000000012231 0.0009999999999984357 0
0.04800000000012489 0.001999999999997948 0
0.04800000000012749 0.00299999999999902 0
0.04800000000013008 0.004000000000000195 0
0.04899999999987272 -0.09400000000000065 0
0.04899999999987537 -0.09299999999999996 0
0.04899999999987804 -0.09199999999999919 0
0.0489999999998807 -0.09100000000000004 0
0.04899999999988335 -0.09000000000000048 0
0.04899999999988602 -0.08899999999999977 0
0.04899999999988866 -0.08799999999999902 0
0.04899999999989133 -0.08700000000000001 0
0.048999999999894 -0.08600000000000035 0
0.04899999999989663 -0.08499999999999959 0
0.04899999999989931 -0.08399999999999898 0
0.04899999999990196 -0.08300000000000005 0
0.04899999999990462 -0.08200000000000018 0
0.04899999999990727 -0.08099999999999945 0
0.04899999999990994 -0.07999999999999902 0
0.04899999999991259 -0.079 0
0.04899999999991526 -0.07800000000000003 0
0.04899999999991792 -0.07699999999999931 0
0.04899999999992057 -0.075999999999999 0
0.04899999999992322 -0.07500000000000004 0
0.04899999999992589 -0.07399999999999987 0
0.04899999999992855 -0.07299999999999916 0
0.04899999999993122 -0.07199999999999904 0
0.04899999999993386 -0.0710000000000001 0
0.04899999999993652 -0.06999999999999973 0
0.04899999999993918 -0.06899999999999937 0
0.04899999999994184 -0.06800000000000042 0
0.04899999999994449 -0.06700000000000031 0
0.04899999999994715 -0.06599999999999955 0
0.04899999999994982 -0.06499999999999936 0
0.04899999999995246 -0.06400000000000046 0
0.04899999999995513 -0.06300000000000014 0
0.0489999999999578 -0.06199999999999941 0
0.04899999999996046 -0.0609999999999994 0
0.04899999999996311 -0.06000000000000043 0
0.04899999999996577 -0.05899999999999998 0
0.04899999999996843 -0.05799999999999974 0
0.04899999999997108 -0.05700000000000073 0
0.04899999999997374 -0.05600000000000111 0
0.04899999999997639 -0.05500000000000113 0
0.04899999999997907 -0.05400000000000073 0
0.04899999999998171 -0.0530000000000009 0
0.04899999999998437 -0.05200000000000103 0
0.04899999999998703 -0.05100000000000098 0
0.04899999999998968 -0.05000000000000068 0
0.04899999999999234 -0.04900000000000083 0
0.04899999999999501 -0.04800000000000097 0
0.04899999999999766 -0.04700000000000082 0
0.04900000000000033 -0.04600000000000059 0
0.04900000000000299 -0.04500000000000078 0
0.04900000000000565 -0.044000000000001 0
0.04900000000000829 -0.0430000000000009 0
0.04900000000001097 -0.04200000000000085 0
0.04900000000001362 -0.04100000000000111 0
0.04900000000001628 -0.04000000000000137 0
0.04900000000001894 -0.03900000000000117 0
0.0490000000000216 -0.03800000000000122 0
0.04900000000002425 -0.03700000000000148 0
0.04900000000002688 -0.03600000000000174 0
0.04900000000002956 -0.03500000000000145 0
0.04900000000003223 -0.03400000000000158 0
0.04900000000003488 -0.03300000000000208 0
0.04900000000003754 -0.03200000000000324 0
0.04900000000004019 -0.03100000000000313 0
0.04900000000004286 -0.0300000000000028 0
0.04900000000004552 -0.02900000000000391 0
0.04900000000004816 -0.028000000000004 0
0.04900000000005084 -0.02700000000000341 0
0.04900000000005349 -0.02600000000000324 0
0.04900000000005614 -0.02500000000000435 0
0.04900000000005882 -0.02400000000000429 0
0.04900000000006147 -0.0230000000000037 0
0.04900000000006412 -0.02200000000000369 0
0.04900000000006677 -0.0210000000000048 0
0.04900000000006945 -0.02000000000000458 0
0.0490000000000721 -0.01900000000000436 0
0.04900000000007476 -0.01800000000000547 0
0.04900000000007741 -0.01700000000000545 0
0.04900000000008007 -0.01600000000000486 0
0.04900000000008273 -0.01500000000000479 0
0.0490000000000854 -0.01400000000000614 0
0.04900000000008804 -0.01300000000000641 0
0.0490000000000907 -0.01200000000000582 0
0.04900000000009336 -0.01100000000000594 0
0.04900000000009602 -0.01000000000000703 0
0.04900000000009869 -0.009000000000006699 0
0.04900000000010134 -0.008000000000006047 0
0.049000000000104 -0.00700000000000597 0
0.04900000000010667 -0.006000000000006466 0
0.04900000000010931 -0.005000000000005155 0
0.04900000000011196 -0.004000000000003896 0
0.04900000000011463 -0.003000000000003511 0
0.0490000000001173 -0.002000000000003779 0
0.04900000000011994 -0.00100000000000254 0
0.0490000000001226 -1.503137891933903e-15 0
0.04900000000012525 0.000999999999998254 0
0.04900000000012791 0.001999999999997798 0
0.04900000000013058 0.002999999999998929 0
0.04900000000013324 0.004000000000000163 0
0.04999999999987124 -0.09400000000000069 0
0.04999999999987393 -0.09300000000000003 0
0.0499999999998766 -0.09199999999999939 0
0.04999999999987929 -0.09100000000000023 0
0.04999999999988197 -0.09000000000000073 0
0.04999999999988466 -0.08900000000000011 0
0.04999999999988734 -0.08799999999999944 0
0.04999999999989004 -0.08700000000000045 0
0.04999999999989271 -0.08600000000000083 0
0.04999999999989539 -0.08500000000000016 0
0.04999999999989808 -0.0839999999999996 0
0.04999999999990076 -0.08300000000000068 0
0.04999999999990344 -0.08200000000000089 0
0.04999999999990613 -0.08100000000000025 0
0.04999999999990881 -0.07999999999999984 0
0.0499999999999115 -0.07900000000000089 0
0.04999999999991418 -0.07800000000000094 0
0.04999999999991686 -0.07700000000000029 0
0.04999999999991955 -0.07600000000000007 0
0.04999999999992223 -0.07500000000000112 0
0.04999999999992494 -0.074000000000001 0
0.0499999999999276 -0.07300000000000033 0
0.04999999999993028 -0.07200000000000029 0
0.04999999999993297 -0.07100000000000138 0
0.04999999999993565 -0.07000000000000108 0
0.04999999999993836 -0.06900000000000076 0
0.04999999999994102 -0.06800000000000186 0
0.04999999999994371 -0.06700000000000181 0
0.04999999999994639 -0.06600000000000114 0
0.04999999999994909 -0.06500000000000097 0
0.04999999999995177 -0.06400000000000208 0
0.04999999999995445 -0.06300000000000186 0
0.04999999999995715 -0.06200000000000119 0
0.04999999999995983 -0.06100000000000123 0
0.0499999999999625 -0.0600000000000023 0
0.0499999999999652 -0.05900000000000192 0
0.04999999999996788 -0.05800000000000175 0
0.04999999999997055 -0.0570000000000028 0
0.04999999999997325 -0.05600000000000326 0
0.04999999999997592 -0.05500000000000334 0
0.0499999999999786 -0.05400000000000297 0
0.04999999999998129 -0.0530000000000032 0
0.04999999999998397 -0.05200000000000338 0
0.04999999999998667 -0.05100000000000338 0
0.04999999999998936 -0.05000000000000314 0
0.04999999999999204 -0.04900000000000333 0
0.04999999999999472 -0.04800000000000354 0
0.04999999999999739 -0.04700000000000343 0
0.05000000000000009 -0.04600000000000326 0
0.05000000000000276 -0.04500000000000347 0
0.05000000000000544 -0.04400000000000368 0
0.05000000000000814 -0.04300000000000349 0
0.05000000000001081 -0.0420000000000034 0
0.05000000000001351 -0.04100000000000361 0
0.05000000000001618 -0.04000000000000381 0
0.05000000000001888 -0.03900000000000356 0
0.05000000000002155 -0.03800000000000354 0
0.05000000000002425 -0.03700000000000373 0
0.05000000000002693 -0.03600000000000396 0
0.0500000000000296 -0.03500000000000361 0
0.0500000000000323 -0.03400000000000367 0
0.05000000000003497 -0.03300000000000412 0
0.05000000000003767 -0.03200000000000521 0
0.05000000000004035 -0.03100000000000502 0
0.05000000000004303 -0.03000000000000463 0
0.05000000000004572 -0.02900000000000571 0
0.0500000000000484 -0.02800000000000574 0
0.05000000000005109 -0.02700000000000508 0
0.05000000000005377 -0.02600000000000486 0
0.05000000000005645 -0.02500000000000592 0
0.05000000000005914 -0.0240000000000058 0
0.05000000000006184 -0.02300000000000514 0
0.05000000000006451 -0.02200000000000507 0
0.05000000000006719 -0.02100000000000614 0
0.05000000000006988 -0.02000000000000586 0
0.05000000000007256 -0.01900000000000557 0
0.05000000000007523 -0.01800000000000665 0
0.05000000000007793 -0.01700000000000657 0
0.0500000000000806 -0.01600000000000591 0
0.05000000000008328 -0.01500000000000579 0
0.05000000000008598 -0.01400000000000709 0
0.05000000000008865 -0.0130000000000073 0
0.05000000000009135 -0.01200000000000664 0
0.05000000000009402 -0.01100000000000668 0
0.05000000000009672 -0.01000000000000774 0
0.0500000000000994 -0.009000000000007349 0
0.05000000000010207 -0.008000000000006627 0
0.05000000000010477 -0.007000000000006505 0
0.05000000000010746 -0.006000000000006978 0
0.05000000000011014 -0.005000000000005612 0
0.05000000000011282 -0.004000000000004295 0
0.05000000000011551 -0.003000000000003875 0
0.05000000000011819 -0.002000000000004122 0
0.05000000000012087 -0.001000000000002825 0
0.05000000000012356 -1.7277845820729e-15 0
0.05000000000012624 0.0009999999999980706 0
0.05000000000012891 0.001999999999997648 0
0.05000000000013161 0.002999999999998839 0
0.05000000000013431 0.004000000000000132 0
0.0509999999998722 -0.09400000000000075 0
0.05099999999987487 -0.09300000000000012 0
0.05099999999987752 -0.09199999999999958 0
0.05099999999988016 -0.09100000000000046 0
0.05099999999988284 -0.09000000000000101 0
0.0509999999998855 -0.08900000000000041 0
0.05099999999988816 -0.08799999999999984 0
0.05099999999989081 -0.08700000000000088 0
0.05099999999989346 -0.08600000000000134 0
0.05099999999989614 -0.08500000000000071 0
0.05099999999989881 -0.08400000000000021 0
0.05099999999990145 -0.08300000000000132 0
0.05099999999990413 -0.08200000000000156 0
0.05099999999990679 -0.081000000000001 0
0.05099999999990943 -0.08000000000000065 0
0.05099999999991209 -0.07900000000000172 0
0.05099999999991477 -0.07800000000000187 0
0.05099999999991743 -0.07700000000000126 0
0.05099999999992007 -0.07600000000000109 0
0.05099999999992274 -0.07500000000000222 0
0.05099999999992539 -0.07400000000000218 0
0.05099999999992807 -0.07300000000000155 0
0.05099999999993073 -0.07200000000000153 0
0.05099999999993338 -0.07100000000000266 0
0.05099999999993605 -0.07000000000000241 0
0.0509999999999387 -0.0690000000000022 0
0.05099999999994137 -0.06800000000000331 0
0.05099999999994402 -0.06700000000000332 0
0.05099999999994668 -0.06600000000000268 0
0.05099999999994936 -0.06500000000000264 0
0.05099999999995201 -0.06400000000000376 0
0.05099999999995468 -0.06300000000000358 0
0.05099999999995732 -0.06200000000000299 0
0.05099999999995999 -0.06100000000000308 0
0.05099999999996264 -0.06000000000000417 0
0.0509999999999653 -0.05900000000000385 0
0.05099999999996799 -0.05800000000000374 0
0.05099999999997064 -0.05700000000000488 0
0.05099999999997329 -0.05600000000000537 0
0.05099999999997596 -0.0550000000000055 0
0.05099999999997862 -0.05400000000000522 0
0.05099999999998126 -0.05300000000000549 0
0.05099999999998393 -0.05200000000000574 0
0.05099999999998659 -0.05100000000000576 0
0.05099999999998926 -0.0500000000000056 0
0.05099999999999193 -0.04900000000000585 0
0.05099999999999458 -0.0480000000000061 0
0.05099999999999722 -0.04700000000000606 0
0.05099999999999989 -0.04600000000000593 0
0.05100000000000256 -0.04500000000000618 0
0.05100000000000521 -0.04400000000000634 0
0.05100000000000789 -0.0430000000000061 0
0.05100000000001054 -0.04200000000000596 0
0.0510000000000132 -0.04100000000000611 0
0.05100000000001587 -0.04000000000000626 0
0.05100000000001852 -0.03900000000000594 0
0.05100000000002117 -0.03800000000000586 0
0.05100000000002384 -0.03700000000000601 0
0.0510000000000265 -0.03600000000000617 0
0.05100000000002915 -0.03500000000000576 0
0.05100000000003182 -0.03400000000000578 0
0.05100000000003449 -0.03300000000000616 0
0.05100000000003714 -0.03200000000000716 0
0.0510000000000398 -0.03100000000000692 0
0.05100000000004246 -0.03000000000000647 0
0.05100000000004512 -0.02900000000000751 0
0.0510000000000478 -0.02800000000000748 0
0.05100000000005045 -0.02700000000000674 0
0.0510000000000531 -0.02600000000000647 0
0.05100000000005575 -0.02500000000000749 0
0.05100000000005842 -0.0240000000000073 0
0.05100000000006109 -0.02300000000000658 0
0.05100000000006374 -0.02200000000000645 0
0.05100000000006641 -0.02100000000000749 0
0.05100000000006907 -0.02000000000000714 0
0.05100000000007172 -0.01900000000000679 0
0.05100000000007439 -0.01800000000000783 0
0.05100000000007705 -0.0170000000000077 0
0.05100000000007971 -0.01600000000000696 0
0.05100000000008238 -0.01500000000000677 0
0.05100000000008503 -0.01400000000000804 0
0.0510000000000877 -0.01300000000000817 0
0.05100000000009034 -0.01200000000000744 0
0.05100000000009301 -0.01100000000000743 0
0.05100000000009568 -0.01000000000000846 0
0.05100000000009833 -0.009000000000007998 0
0.051000000000101 -0.00800000000000721 0
0.05100000000010365 -0.007000000000007041 0
0.05100000000010631 -0.006000000000007489 0
0.05100000000010897 -0.005000000000006071 0
0.05100000000011163 -0.004000000000004693 0
0.0510000000001143 -0.003000000000004242 0
0.05100000000011696 -0.002000000000004466 0
0.05100000000011962 -0.00100000000000311 0
0.05100000000012227 -1.949829186997931e-15 0
0.05100000000012492 0.000999999999997888 0
0.05100000000012759 0.001999999999997497 0
0.05100000000013026 0.002999999999998748 0
0.05100000000013293 0.004000000000000099 0
0.05199999999987523 -0.09400000000000078 0
0.05199999999987783 -0.09300000000000024 0
0.05199999999988043 -0.09199999999999975 0
0.05199999999988303 -0.09100000000000066 0
0.05199999999988564 -0.09000000000000127 0
0.05199999999988825 -0.08900000000000075 0
0.05199999999989084 -0.08800000000000022 0
0.05199999999989345 -0.0870000000000013 0
0.05199999999989604 -0.08600000000000177 0
0.05199999999989863 -0.0850000000000012 0
0.05199999999990124 -0.08400000000000082 0
0.05199999999990383 -0.08300000000000196 0
0.05199999999990645 -0.08200000000000229 0
0.05199999999990904 -0.08100000000000175 0
0.05199999999991164 -0.0800000000000015 0
0.05199999999991425 -0.07900000000000261 0
0.05199999999991686 -0.07800000000000278 0
0.05199999999991946 -0.07700000000000226 0
0.05199999999992205 -0.07600000000000214 0
0.05199999999992466 -0.07500000000000326 0
0.05199999999992724 -0.07400000000000329 0
0.05199999999992986 -0.07300000000000276 0
0.05199999999993246 -0.07200000000000278 0
0.05199999999993507 -0.07100000000000399 0
0.05199999999993767 -0.07000000000000373 0
0.05199999999994026 -0.0690000000000036 0
0.05199999999994288 -0.06800000000000475 0
0.05199999999994546 -0.06700000000000482 0
0.05199999999994809 -0.06600000000000424 0
0.05199999999995067 -0.06500000000000426 0
0.05199999999995328 -0.0640000000000054 0
0.05199999999995588 -0.06300000000000527 0
0.05199999999995847 -0.06200000000000477 0
0.05199999999996109 -0.06100000000000491 0
0.05199999999996367 -0.06000000000000603 0
0.05199999999996631 -0.05900000000000579 0
0.0519999999999689 -0.05800000000000575 0
0.05199999999997149 -0.05700000000000693 0
0.05199999999997409 -0.0560000000000075 0
0.0519999999999767 -0.05500000000000769 0
0.0519999999999793 -0.05400000000000747 0
0.0519999999999819 -0.05300000000000778 0
0.0519999999999845 -0.05200000000000807 0
0.0519999999999871 -0.05100000000000816 0
0.05199999999998971 -0.05000000000000804 0
0.0519999999999923 -0.04900000000000835 0
0.05199999999999491 -0.04800000000000865 0
0.05199999999999752 -0.04700000000000867 0
0.05200000000000011 -0.04600000000000862 0
0.05200000000000272 -0.04500000000000887 0
0.05200000000000532 -0.044000000000009 0
0.0520000000000079 -0.04300000000000871 0
0.05200000000001051 -0.04200000000000851 0
0.05200000000001313 -0.04100000000000861 0
0.05200000000001573 -0.0400000000000087 0
0.05200000000001834 -0.03900000000000833 0
0.05200000000002092 -0.03800000000000819 0
0.05200000000002353 -0.03700000000000828 0
0.05200000000002612 -0.03600000000000839 0
0.05200000000002872 -0.03500000000000791 0
0.05200000000003133 -0.03400000000000786 0
0.05200000000003394 -0.0330000000000082 0
0.05200000000003654 -0.03200000000000914 0
0.05200000000003913 -0.03100000000000882 0
0.05200000000004174 -0.0300000000000083 0
0.05200000000004434 -0.0290000000000093 0
0.05200000000004694 -0.02800000000000921 0
0.05200000000004953 -0.02700000000000841 0
0.05200000000005214 -0.02600000000000806 0
0.05200000000005476 -0.02500000000000906 0
0.05200000000005735 -0.02400000000000882 0
0.05200000000005996 -0.02300000000000802 0
0.05200000000006255 -0.02200000000000782 0
0.05200000000006516 -0.02100000000000884 0
0.05200000000006774 -0.02000000000000842 0
0.05200000000007036 -0.01900000000000801 0
0.05200000000007296 -0.01800000000000901 0
0.05200000000007557 -0.01700000000000881 0
0.05200000000007816 -0.01600000000000801 0
0.05200000000008076 -0.01500000000000776 0
0.05200000000008337 -0.01400000000000899 0
0.05200000000008598 -0.01300000000000905 0
0.05200000000008856 -0.01200000000000826 0
0.05200000000009117 -0.01100000000000819 0
0.05200000000009378 -0.01000000000000918 0
0.05200000000009639 -0.00900000000000865 0
0.05200000000009897 -0.008000000000007791 0
0.05200000000010158 -0.007000000000007574 0
0.05200000000010419 -0.006000000000007997 0
0.05200000000010678 -0.005000000000006524 0
0.05200000000010938 -0.004000000000005092 0
0.05200000000011198 -0.003000000000004607 0
0.0520000000001146 -0.00200000000000481 0
0.0520000000001172 -0.001000000000003396 0
0.0520000000001198 -2.172741153660951e-15 0
0.05200000000012239 0.0009999999999977054 0
0.052000000000125 0.001999999999997346 0
0.0520000000001276 0.002999999999998657 0
0.05200000000013019 0.004000000000000066 0
0.0529999999998781 -0.09400000000000082 0
0.05299999999988064 -0.09300000000000033 0
0.05299999999988318 -0.09199999999999992 0
0.05299999999988571 -0.09100000000000086 0
0.05299999999988828 -0.09000000000000152 0
0.05299999999989082 -0.08900000000000108 0
0.05299999999989335 -0.08800000000000059 0
0.05299999999989592 -0.08700000000000171 0
0.05299999999989846 -0.08600000000000226 0
0.052999999999901 -0.08500000000000177 0
0.05299999999990354 -0.08400000000000143 0
0.05299999999990609 -0.0830000000000026 0
0.05299999999990863 -0.08200000000000296 0
0.05299999999991117 -0.08100000000000251 0
0.05299999999991373 -0.08000000000000232 0
0.05299999999991626 -0.07900000000000344 0
0.05299999999991881 -0.07800000000000366 0
0.05299999999992136 -0.07700000000000323 0
0.05299999999992391 -0.07600000000000318 0
0.05299999999992645 -0.07500000000000435 0
0.05299999999992899 -0.0740000000000044 0
0.05299999999993154 -0.07300000000000395 0
0.05299999999993407 -0.07200000000000406 0
0.05299999999993663 -0.07100000000000527 0
0.05299999999993917 -0.07000000000000511 0
0.05299999999994171 -0.06900000000000504 0
0.05299999999994425 -0.06800000000000619 0
0.05299999999994679 -0.06700000000000632 0
0.05299999999994935 -0.0660000000000058 0
0.05299999999995189 -0.06500000000000587 0
0.05299999999995444 -0.06400000000000707 0
0.05299999999995698 -0.06300000000000699 0
0.05299999999995952 -0.06200000000000654 0
0.05299999999996207 -0.06100000000000676 0
0.0529999999999646 -0.06000000000000794 0
0.05299999999996716 -0.05900000000000771 0
0.05299999999996971 -0.05800000000000776 0
0.05299999999997226 -0.05700000000000902 0
0.05299999999997479 -0.05600000000000963 0
0.05299999999997733 -0.05500000000000986 0
0.0529999999999799 -0.0540000000000097 0
0.05299999999998242 -0.05300000000001007 0
0.05299999999998498 -0.05200000000001041 0
0.05299999999998752 -0.05100000000001058 0
0.05299999999999007 -0.05000000000001052 0
0.0529999999999926 -0.04900000000001086 0
0.05299999999999516 -0.04800000000001121 0
0.0529999999999977 -0.04700000000001128 0
0.05300000000000024 -0.04600000000001127 0
0.05300000000000279 -0.04500000000001157 0
0.05300000000000533 -0.04400000000001168 0
0.05300000000000789 -0.04300000000001133 0
0.05300000000001043 -0.04200000000001105 0
0.05300000000001297 -0.0410000000000111 0
0.05300000000001551 -0.04000000000001115 0
0.05300000000001806 -0.0390000000000107 0
0.0530000000000206 -0.0380000000000105 0
0.05300000000002314 -0.03700000000001055 0
0.05300000000002569 -0.03600000000001061 0
0.05300000000002825 -0.03500000000001006 0
0.0530000000000308 -0.03400000000000997 0
0.05300000000003333 -0.03300000000001023 0
0.05300000000003588 -0.0320000000000111 0
0.05300000000003842 -0.03100000000001071 0
0.05300000000004096 -0.03000000000001013 0
0.05300000000004351 -0.0290000000000111 0
0.05300000000004605 -0.02800000000001095 0
0.05300000000004859 -0.02700000000001007 0
0.05300000000005115 -0.02600000000000968 0
0.05300000000005368 -0.02500000000001063 0
0.05300000000005623 -0.02400000000001033 0
0.05300000000005878 -0.02300000000000946 0
0.05300000000006132 -0.02200000000000921 0
0.05300000000006388 -0.02100000000001017 0
0.05300000000006641 -0.0200000000000097 0
0.05300000000006896 -0.01900000000000922 0
0.0530000000000715 -0.01800000000001019 0
0.05300000000007404 -0.01700000000000994 0
0.0530000000000766 -0.01600000000000907 0
0.05300000000007912 -0.01500000000000876 0
0.05300000000008167 -0.01400000000000994 0
0.05300000000008423 -0.01300000000000993 0
0.05300000000008677 -0.01200000000000906 0
0.0530000000000893 -0.01100000000000894 0
0.05300000000009186 -0.01000000000000989 0
0.0530000000000944 -0.009000000000009299 0
0.05300000000009694 -0.008000000000008367 0
0.0530000000000995 -0.007000000000008107 0
0.05300000000010203 -0.006000000000008508 0
0.05300000000010459 -0.005000000000006983 0
0.05300000000010713 -0.004000000000005495 0
0.05300000000010968 -0.003000000000004971 0
0.05300000000011222 -0.002000000000005151 0
0.05300000000011475 -0.00100000000000368 0
0.05300000000011731 -2.395653120323971e-15 0
0.05300000000011985 0.0009999999999975233 0
0.05300000000012239 0.001999999999997195 0
0.05300000000012494 0.002999999999998567 0
0.05300000000012749 0.004000000000000035 0
0.05399999999988039 -0.09400000000000086 0
0.05399999999988286 -0.09300000000000046 0
0.05399999999988535 -0.09200000000000007 0
0.05399999999988786 -0.09100000000000111 0
0.05399999999989033 -0.09000000000000179 0
0.05399999999989284 -0.08900000000000141 0
0.05399999999989535 -0.08800000000000105 0
0.05399999999989784 -0.08700000000000216 0
0.05399999999990032 -0.08600000000000275 0
0.05399999999990282 -0.08500000000000231 0
0.05399999999990532 -0.08400000000000203 0
0.0539999999999078 -0.08300000000000327 0
0.05399999999991031 -0.08200000000000367 0
0.05399999999991279 -0.08100000000000331 0
0.05399999999991528 -0.08000000000000317 0
0.05399999999991778 -0.07900000000000433 0
0.05399999999992027 -0.07800000000000459 0
0.05399999999992278 -0.0770000000000042 0
0.05399999999992527 -0.07600000000000423 0
0.05399999999992777 -0.07500000000000544 0
0.05399999999993026 -0.07400000000000556 0
0.05399999999993275 -0.07300000000000517 0
0.05399999999993524 -0.07200000000000531 0
0.05399999999993774 -0.07100000000000654 0
0.05399999999994023 -0.07000000000000645 0
0.05399999999994273 -0.06900000000000643 0
0.05399999999994522 -0.06800000000000764 0
0.05399999999994769 -0.06700000000000782 0
0.05399999999995021 -0.06600000000000739 0
0.0539999999999527 -0.0650000000000075 0
0.05399999999995518 -0.06400000000000873 0
0.05399999999995768 -0.06300000000000872 0
0.05399999999996019 -0.06200000000000833 0
0.05399999999996266 -0.06100000000000859 0
0.05399999999996517 -0.06000000000000978 0
0.05399999999996765 -0.05900000000000966 0
0.05399999999997016 -0.05800000000000977 0
0.05399999999997265 -0.05700000000001108 0
0.05399999999997514 -0.05600000000001175 0
0.05399999999997762 -0.05500000000001205 0
0.05399999999998012 -0.05400000000001196 0
0.05399999999998262 -0.05300000000001236 0
0.05399999999998512 -0.05200000000001276 0
0.05399999999998761 -0.05100000000001297 0
0.0539999999999901 -0.05000000000001296 0
0.0539999999999926 -0.04900000000001338 0
0.05399999999999509 -0.04800000000001377 0
0.05399999999999759 -0.0470000000000139 0
0.05400000000000009 -0.04600000000001396 0
0.05400000000000257 -0.04500000000001426 0
0.05400000000000507 -0.04400000000001436 0
0.05400000000000756 -0.04300000000001394 0
0.05400000000001005 -0.0420000000000136 0
0.05400000000001255 -0.0410000000000136 0
0.05400000000001505 -0.04000000000001359 0
0.05400000000001753 -0.03900000000001308 0
0.05400000000002003 -0.03800000000001283 0
0.05400000000002253 -0.03700000000001282 0
0.05400000000002501 -0.03600000000001283 0
0.05400000000002753 -0.03500000000001222 0
0.05400000000003002 -0.03400000000001205 0
0.0540000000000325 -0.03300000000001227 0
0.05400000000003499 -0.03200000000001307 0
0.05400000000003748 -0.0310000000000126 0
0.05400000000003999 -0.03000000000001196 0
0.05400000000004249 -0.02900000000001289 0
0.05400000000004498 -0.02800000000001269 0
0.05400000000004748 -0.02700000000001175 0
0.05400000000004995 -0.02600000000001128 0
0.05400000000005244 -0.0250000000000122 0
0.05400000000005495 -0.02400000000001183 0
0.05400000000005745 -0.0230000000000109 0
0.05400000000005994 -0.02200000000001058 0
0.05400000000006244 -0.02100000000001151 0
0.05400000000006491 -0.02000000000001098 0
0.05400000000006741 -0.01900000000001044 0
0.05400000000006991 -0.01800000000001137 0
0.05400000000007241 -0.01700000000001106 0
0.0540000000000749 -0.01600000000001011 0
0.0540000000000774 -0.01500000000000975 0
0.05400000000007988 -0.01400000000001089 0
0.05400000000008237 -0.01300000000001081 0
0.05400000000008488 -0.01200000000000987 0
0.05400000000008737 -0.01100000000000969 0
0.05400000000008987 -0.01000000000001061 0
0.05400000000009236 -0.009000000000009951 0
0.05400000000009485 -0.008000000000008951 0
0.05400000000009734 -0.007000000000008643 0
0.05400000000009984 -0.006000000000009014 0
0.05400000000010233 -0.00500000000000744 0
0.05400000000010483 -0.004000000000005893 0
0.05400000000010732 -0.003000000000005335 0
0.05400000000010981 -0.002000000000005494 0
0.05400000000011233 -0.001000000000003965 0
0.0540000000001148 -2.61856508698699e-15 0
0.05400000000011729 0.0009999999999973403 0
0.05400000000011979 0.001999999999997045 0
0.05400000000012228 0.002999999999998476 0
0.05400000000012478 0.004000000000000002 0
0.05499999999988266 -0.09400000000000089 0
0.0549999999998851 -0.09300000000000058 0
0.05499999999988754 -0.09200000000000026 0
0.05499999999988998 -0.09100000000000132 0
0.05499999999989242 -0.09000000000000202 0
0.05499999999989486 -0.08900000000000174 0
0.05499999999989733 -0.08800000000000144 0
0.05499999999989977 -0.08700000000000262 0
0.0549999999999022 -0.08600000000000321 0
0.05499999999990465 -0.08500000000000288 0
0.05499999999990709 -0.08400000000000266 0
0.05499999999990952 -0.0830000000000039 0
0.05499999999991197 -0.08200000000000433 0
0.05499999999991441 -0.08100000000000405 0
0.05499999999991685 -0.08000000000000397 0
0.05499999999991929 -0.07900000000000516 0
0.05499999999992176 -0.0780000000000055 0
0.05499999999992419 -0.0770000000000052 0
0.05499999999992664 -0.07600000000000524 0
0.05499999999992907 -0.07500000000000649 0
0.05499999999993151 -0.07400000000000666 0
0.05499999999993396 -0.07300000000000634 0
0.05499999999993639 -0.07200000000000656 0
0.05499999999993885 -0.07100000000000782 0
0.05499999999994129 -0.07000000000000781 0
0.05499999999994373 -0.06900000000000782 0
0.05499999999994616 -0.06800000000000908 0
0.05499999999994862 -0.0670000000000093 0
0.05499999999995105 -0.06600000000000897 0
0.0549999999999535 -0.06500000000000915 0
0.05499999999995596 -0.0640000000000104 0
0.05499999999995839 -0.06300000000001044 0
0.05499999999996083 -0.06200000000001011 0
0.05499999999996327 -0.06100000000001043 0
0.05499999999996572 -0.06000000000001166 0
0.05499999999996816 -0.05900000000001159 0
0.0549999999999706 -0.05800000000001176 0
0.05499999999997306 -0.05700000000001315 0
0.05499999999997549 -0.05600000000001389 0
0.05499999999997794 -0.05500000000001423 0
0.05499999999998037 -0.05400000000001418 0
0.05499999999998281 -0.05300000000001465 0
0.05499999999998526 -0.0520000000000151 0
0.05499999999998771 -0.05100000000001538 0
0.05499999999999015 -0.05000000000001542 0
0.0549999999999926 -0.04900000000001588 0
0.05499999999999504 -0.04800000000001634 0
0.05499999999999747 -0.04700000000001652 0
0.05499999999999991 -0.04600000000001663 0
0.05500000000000237 -0.04500000000001696 0
0.0550000000000048 -0.04400000000001702 0
0.05500000000000725 -0.04300000000001655 0
0.05500000000000969 -0.04200000000001616 0
0.05500000000001214 -0.0410000000000161 0
0.05500000000001458 -0.04000000000001603 0
0.05500000000001702 -0.03900000000001547 0
0.05500000000001946 -0.03800000000001516 0
0.05500000000002191 -0.03700000000001508 0
0.05500000000002435 -0.03600000000001505 0
0.05500000000002679 -0.03500000000001436 0
0.05500000000002923 -0.03400000000001416 0
0.05500000000003168 -0.03300000000001432 0
0.05500000000003412 -0.03200000000001505 0
0.05500000000003656 -0.03100000000001452 0
0.055000000000039 -0.03000000000001379 0
0.05500000000004145 -0.02900000000001468 0
0.05500000000004389 -0.02800000000001444 0
0.05500000000004633 -0.02700000000001342 0
0.05500000000004877 -0.02600000000001288 0
0.05500000000005122 -0.02500000000001377 0
0.05500000000005366 -0.02400000000001334 0
0.0550000000000561 -0.02300000000001233 0
0.05500000000005855 -0.02200000000001196 0
0.05500000000006099 -0.02100000000001286 0
0.05500000000006343 -0.02000000000001226 0
0.05500000000006587 -0.01900000000001165 0
0.05500000000006831 -0.01800000000001255 0
0.05500000000007076 -0.01700000000001219 0
0.0550000000000732 -0.01600000000001116 0
0.05500000000007564 -0.01500000000001074 0
0.05500000000007809 -0.01400000000001184 0
0.05500000000008053 -0.01300000000001169 0
0.05500000000008297 -0.01200000000001068 0
0.05500000000008541 -0.01100000000001044 0
0.05500000000008785 -0.01000000000001132 0
0.05500000000009031 -0.0090000000000106 0
0.05500000000009274 -0.008000000000009534 0
0.05500000000009518 -0.007000000000009178 0
0.05500000000009764 -0.006000000000009524 0
0.05500000000010007 -0.005000000000007898 0
0.05500000000010252 -0.004000000000006292 0
0.05500000000010496 -0.003000000000005702 0
0.05500000000010741 -0.002000000000005838 0
0.05500000000010986 -0.00100000000000425 0
0.05500000000011228 -2.84147705365001e-15 0
0.05500000000011473 0.0009999999999971577 0
0.05500000000011718 0.001999999999996894 0
0.05500000000011962 0.002999999999998386 0
0.05500000000012205 0.003999999999999969 0
0.05599999999988583 -0.09400000000000094 0
0.05599999999988822 -0.09300000000000069 0
0.0559999999998906 -0.09200000000000044 0
0.05599999999989297 -0.09100000000000154 0
0.05599999999989536 -0.09000000000000229 0
0.05599999999989774 -0.08900000000000205 0
0.05599999999990014 -0.08800000000000183 0
0.05599999999990252 -0.08700000000000301 0
0.05599999999990489 -0.08600000000000373 0
0.05599999999990728 -0.08500000000000342 0
0.05599999999990966 -0.08400000000000327 0
0.05599999999991206 -0.08300000000000456 0
0.05599999999991442 -0.08200000000000507 0
0.0559999999999168 -0.0810000000000048 0
0.05599999999991919 -0.08000000000000479 0
0.05599999999992157 -0.07900000000000605 0
0.05599999999992396 -0.07800000000000641 0
0.05599999999992634 -0.07700000000000617 0
0.05599999999992873 -0.0760000000000063 0
0.05599999999993109 -0.07500000000000757 0
0.05599999999993349 -0.07400000000000781 0
0.05599999999993588 -0.07300000000000754 0
0.05599999999993827 -0.07200000000000781 0
0.05599999999994065 -0.07100000000000913 0
0.05599999999994303 -0.07000000000000917 0
0.0559999999999454 -0.06900000000000926 0
0.05599999999994779 -0.06800000000001052 0
0.05599999999995017 -0.06700000000001081 0
0.05599999999995256 -0.06600000000001051 0
0.05599999999995494 -0.06500000000001074 0
0.05599999999995732 -0.06400000000001203 0
0.05599999999995969 -0.06300000000001216 0
0.05599999999996208 -0.0620000000000119 0
0.05599999999996447 -0.06100000000001227 0
0.05599999999996685 -0.06000000000001354 0
0.05599999999996924 -0.05900000000001353 0
0.05599999999997161 -0.05800000000001376 0
0.05599999999997399 -0.05700000000001523 0
0.05599999999997637 -0.056000000000016 0
0.05599999999997877 -0.05500000000001641 0
0.05599999999998115 -0.05400000000001643 0
0.05599999999998353 -0.05300000000001696 0
0.05599999999998592 -0.05200000000001745 0
0.05599999999998831 -0.05100000000001776 0
0.05599999999999068 -0.05000000000001787 0
0.05599999999999306 -0.04900000000001839 0
0.05599999999999544 -0.0480000000000189 0
0.05599999999999783 -0.04700000000001913 0
0.05600000000000022 -0.0460000000000193 0
0.0560000000000026 -0.04500000000001967 0
0.05600000000000498 -0.04400000000001969 0
0.05600000000000736 -0.04300000000001916 0
0.05600000000000974 -0.04200000000001871 0
0.05600000000001212 -0.0410000000000186 0
0.05600000000001451 -0.04000000000001847 0
0.0560000000000169 -0.03900000000001785 0
0.05600000000001927 -0.03800000000001749 0
0.05600000000002166 -0.03700000000001736 0
0.05600000000002404 -0.03600000000001725 0
0.05600000000002642 -0.03500000000001652 0
0.0560000000000288 -0.03400000000001624 0
0.05600000000003119 -0.03300000000001634 0
0.05600000000003357 -0.03200000000001702 0
0.05600000000003597 -0.0310000000000164 0
0.05600000000003833 -0.03000000000001563 0
0.05600000000004073 -0.02900000000001647 0
0.0560000000000431 -0.02800000000001617 0
0.05600000000004549 -0.02700000000001508 0
0.05600000000004786 -0.02600000000001449 0
0.05600000000005026 -0.02500000000001534 0
0.05600000000005265 -0.02400000000001485 0
0.05600000000005501 -0.02300000000001378 0
0.05600000000005739 -0.02200000000001335 0
0.05600000000005978 -0.02100000000001421 0
0.05600000000006217 -0.02000000000001353 0
0.05600000000006455 -0.01900000000001287 0
0.05600000000006693 -0.01800000000001373 0
0.05600000000006933 -0.0170000000000133 0
0.05600000000007169 -0.01600000000001222 0
0.05600000000007409 -0.01500000000001173 0
0.05600000000007646 -0.01400000000001279 0
0.05600000000007885 -0.01300000000001257 0
0.05600000000008123 -0.01200000000001149 0
0.05600000000008362 -0.01100000000001119 0
0.05600000000008599 -0.01000000000001204 0
0.05600000000008837 -0.009000000000011247 0
0.05600000000009075 -0.008000000000010114 0
0.05600000000009314 -0.007000000000009712 0
0.05600000000009553 -0.006000000000010035 0
0.05600000000009792 -0.005000000000008356 0
0.0560000000001003 -0.004000000000006693 0
0.05600000000010268 -0.003000000000006066 0
0.05600000000010505 -0.002000000000006182 0
0.05600000000010744 -0.001000000000004535 0
0.05600000000010983 -3.063955339444036e-15 0
0.05600000000011221 0.0009999999999969747 0
0.0560000000001146 0.001999999999996743 0
0.05600000000011698 0.002999999999998295 0
0.05600000000011936 0.003999999999999938 0
0.05699999999988854 -0.094000000000001 0
0.05699999999989086 -0.09300000000000079 0
0.05699999999989318 -0.09200000000000062 0
0.05699999999989551 -0.09100000000000176 0
0.05699999999989785 -0.09000000000000258 0
0.05699999999990019 -0.08900000000000238 0
0.05699999999990252 -0.08800000000000222 0
0.05699999999990484 -0.08700000000000344 0
0.05699999999990716 -0.08600000000000417 0
0.05699999999990949 -0.08500000000000395 0
0.05699999999991182 -0.08400000000000389 0
0.05699999999991415 -0.08300000000000518 0
0.05699999999991648 -0.08200000000000572 0
0.05699999999991881 -0.08100000000000558 0
0.05699999999992111 -0.08000000000000564 0
0.05699999999992346 -0.0790000000000069 0
0.05699999999992578 -0.07800000000000734 0
0.05699999999992811 -0.07700000000000715 0
0.05699999999993043 -0.07600000000000734 0
0.05699999999993276 -0.07500000000000864 0
0.0569999999999351 -0.07400000000000895 0
0.05699999999993742 -0.07300000000000877 0
0.05699999999993975 -0.07200000000000906 0
0.05699999999994209 -0.07100000000001042 0
0.0569999999999444 -0.07000000000001051 0
0.05699999999994673 -0.06900000000001065 0
0.05699999999994906 -0.06800000000001197 0
0.05699999999995138 -0.0670000000000123 0
0.05699999999995371 -0.06600000000001209 0
0.05699999999995604 -0.06500000000001235 0
0.05699999999995836 -0.0640000000000137 0
0.05699999999996069 -0.06300000000001388 0
0.05699999999996302 -0.06200000000001368 0
0.05699999999996534 -0.06100000000001411 0
0.05699999999996769 -0.06000000000001541 0
0.05699999999997001 -0.05900000000001546 0
0.05699999999997232 -0.05800000000001577 0
0.05699999999997465 -0.05700000000001729 0
0.05699999999997699 -0.05600000000001814 0
0.05699999999997932 -0.0550000000000186 0
0.05699999999998165 -0.05400000000001867 0
0.05699999999998396 -0.05300000000001924 0
0.0569999999999863 -0.05200000000001978 0
0.05699999999998863 -0.05100000000002017 0
0.05699999999999097 -0.05000000000002033 0
0.05699999999999328 -0.04900000000002089 0
0.05699999999999561 -0.04800000000002144 0
0.05699999999999794 -0.04700000000002175 0
0.05700000000000028 -0.046000000000022 0
0.05700000000000259 -0.04500000000002236 0
0.05700000000000492 -0.04400000000002237 0
0.05700000000000724 -0.04300000000002177 0
0.05700000000000957 -0.04200000000002126 0
0.0570000000000119 -0.0410000000000211 0
0.05700000000001423 -0.04000000000002091 0
0.05700000000001655 -0.03900000000002024 0
0.05700000000001888 -0.03800000000001981 0
0.05700000000002121 -0.03700000000001964 0
0.05700000000002354 -0.03600000000001948 0
0.05700000000002586 -0.03500000000001868 0
0.05700000000002819 -0.03400000000001835 0
0.05700000000003053 -0.03300000000001839 0
0.05700000000003286 -0.03200000000001898 0
0.05700000000003519 -0.03100000000001829 0
0.05700000000003751 -0.03000000000001744 0
0.05700000000003985 -0.02900000000001827 0
0.05700000000004217 -0.0280000000000179 0
0.0570000000000445 -0.02700000000001675 0
0.05700000000004682 -0.02600000000001609 0
0.05700000000004915 -0.0250000000000169 0
0.05700000000005148 -0.02400000000001637 0
0.0570000000000538 -0.02300000000001521 0
0.05700000000005615 -0.02200000000001472 0
0.05700000000005845 -0.02100000000001555 0
0.05700000000006078 -0.02000000000001482 0
0.05700000000006312 -0.01900000000001409 0
0.05700000000006544 -0.01800000000001491 0
0.05700000000006776 -0.01700000000001443 0
0.05700000000007009 -0.01600000000001327 0
0.05700000000007242 -0.01500000000001272 0
0.05700000000007477 -0.01400000000001374 0
0.05700000000007708 -0.01300000000001345 0
0.0570000000000794 -0.01200000000001229 0
0.05700000000008174 -0.01100000000001195 0
0.05700000000008405 -0.01000000000001275 0
0.05700000000008638 -0.009000000000011901 0
0.05700000000008872 -0.008000000000010693 0
0.05700000000009103 -0.007000000000010245 0
0.05700000000009337 -0.006000000000010544 0
0.0570000000000957 -0.005000000000008815 0
0.05700000000009803 -0.004000000000007091 0
0.05700000000010036 -0.003000000000006432 0
0.05700000000010269 -0.002000000000006524 0
0.05700000000010501 -0.00100000000000482 0
0.05700000000010735 -3.287734667845044e-15 0
0.05700000000010966 0.0009999999999967925 0
0.057000000000112 0.001999999999996592 0
0.05700000000011433 0.002999999999998205 0
0.05700000000011665 0.003999999999999905 0
0.05799999999989082 -0.09400000000000103 0
0.05799999999989308 -0.09300000000000092 0
0.05799999999989538 -0.09200000000000078 0
0.05799999999989765 -0.09100000000000197 0
0.05799999999989994 -0.09000000000000281 0
0.0579999999999022 -0.08900000000000272 0
0.05799999999990448 -0.0880000000000026 0
0.05799999999990676 -0.08700000000000388 0
0.05799999999990903 -0.08600000000000466 0
0.05799999999991131 -0.08500000000000449 0
0.05799999999991359 -0.08400000000000449 0
0.05799999999991586 -0.08300000000000583 0
0.05799999999991815 -0.08200000000000646 0
0.05799999999992043 -0.08100000000000632 0
0.0579999999999227 -0.08000000000000643 0
0.05799999999992497 -0.07900000000000777 0
0.05799999999992725 -0.07800000000000824 0
0.05799999999992954 -0.07700000000000815 0
0.0579999999999318 -0.07600000000000839 0
0.05799999999993407 -0.07500000000000971 0
0.05799999999993635 -0.07400000000001006 0
0.05799999999993863 -0.07300000000000993 0
0.0579999999999409 -0.07200000000001033 0
0.05799999999994318 -0.07100000000001169 0
0.05799999999994547 -0.07000000000001184 0
0.05799999999994773 -0.06900000000001205 0
0.05799999999995001 -0.06800000000001341 0
0.05799999999995229 -0.0670000000000138 0
0.05799999999995456 -0.06600000000001367 0
0.05799999999995685 -0.065000000000014 0
0.05799999999995913 -0.06400000000001536 0
0.05799999999996139 -0.0630000000000156 0
0.05799999999996368 -0.06200000000001549 0
0.05799999999996595 -0.06100000000001594 0
0.05799999999996823 -0.06000000000001728 0
0.05799999999997052 -0.05900000000001741 0
0.05799999999997278 -0.05800000000001777 0
0.05799999999997504 -0.05700000000001937 0
0.05799999999997733 -0.05600000000002027 0
0.05799999999997961 -0.05500000000002076 0
0.05799999999998189 -0.05400000000002091 0
0.05799999999998415 -0.05300000000002152 0
0.05799999999998646 -0.05200000000002214 0
0.05799999999998872 -0.05100000000002256 0
0.057999999999991 -0.0500000000000228 0
0.05799999999999328 -0.0490000000000234 0
0.05799999999999554 -0.048000000000024 0
0.05799999999999782 -0.04700000000002436 0
0.05800000000000011 -0.04600000000002465 0
0.05800000000000238 -0.04500000000002505 0
0.05800000000000466 -0.04400000000002505 0
0.05800000000000693 -0.04300000000002438 0
0.05800000000000921 -0.04200000000002381 0
0.05800000000001149 -0.04100000000002359 0
0.05800000000001377 -0.04000000000002335 0
0.05800000000001604 -0.03900000000002262 0
0.05800000000001832 -0.03800000000002213 0
0.0580000000000206 -0.0370000000000219 0
0.05800000000002287 -0.03600000000002168 0
0.05800000000002515 -0.03500000000002082 0
0.05800000000002742 -0.03400000000002044 0
0.05800000000002969 -0.03300000000002042 0
0.05800000000003197 -0.03200000000002095 0
0.05800000000003425 -0.03100000000002019 0
0.05800000000003652 -0.03000000000001929 0
0.0580000000000388 -0.02900000000002007 0
0.05800000000004107 -0.02800000000001965 0
0.05800000000004335 -0.02700000000001842 0
0.05800000000004564 -0.02600000000001769 0
0.0580000000000479 -0.02500000000001847 0
0.05800000000005019 -0.02400000000001787 0
0.05800000000005245 -0.02300000000001665 0
0.05800000000005474 -0.02200000000001611 0
0.05800000000005701 -0.02100000000001689 0
0.05800000000005928 -0.02000000000001611 0
0.05800000000006156 -0.0190000000000153 0
0.05800000000006385 -0.01800000000001609 0
0.05800000000006611 -0.01700000000001554 0
0.05800000000006841 -0.01600000000001432 0
0.05800000000007066 -0.01500000000001371 0
0.05800000000007297 -0.01400000000001469 0
0.05800000000007524 -0.01300000000001433 0
0.0580000000000775 -0.0120000000000131 0
0.05800000000007978 -0.0110000000000127 0
0.05800000000008206 -0.01000000000001347 0
0.05800000000008433 -0.009000000000012552 0
0.05800000000008661 -0.008000000000011274 0
0.0580000000000889 -0.007000000000010779 0
0.05800000000009117 -0.006000000000011051 0
0.05800000000009345 -0.005000000000009269 0
0.05800000000009572 -0.00400000000000749 0
0.05800000000009799 -0.003000000000006795 0
0.05800000000010028 -0.002000000000006869 0
0.05800000000010256 -0.001000000000005104 0
0.05800000000010483 -3.510646634508063e-15 0
0.05800000000010711 0.0009999999999966095 0
0.05800000000010938 0.001999999999996441 0
0.05800000000011166 0.002999999999998114 0
0.05800000000011394 0.003999999999999873 0
0.0589999999998931 -0.09400000000000104 0
0.05899999999989532 -0.09300000000000103 0
0.05899999999989756 -0.09200000000000096 0
0.05899999999989979 -0.09100000000000216 0
0.05899999999990201 -0.09000000000000306 0
0.05899999999990423 -0.08900000000000306 0
0.05899999999990647 -0.08800000000000301 0
0.05899999999990868 -0.08700000000000434 0
0.05899999999991091 -0.08600000000000514 0
0.05899999999991312 -0.08500000000000503 0
0.05899999999991534 -0.08400000000000508 0
0.05899999999991759 -0.08300000000000649 0
0.05899999999991981 -0.08200000000000716 0
0.05899999999992203 -0.08100000000000711 0
0.05899999999992427 -0.08000000000000727 0
0.05899999999992649 -0.07900000000000861 0
0.05899999999992872 -0.07800000000000916 0
0.05899999999993094 -0.07700000000000913 0
0.05899999999993316 -0.07600000000000941 0
0.05899999999993538 -0.07500000000001079 0
0.05899999999993761 -0.07400000000001122 0
0.05899999999993985 -0.07300000000001115 0
0.05899999999994207 -0.07200000000001158 0
0.05899999999994428 -0.07100000000001298 0
0.05899999999994653 -0.07000000000001325 0
0.05899999999994875 -0.06900000000001347 0
0.05899999999995098 -0.06800000000001485 0
0.05899999999995321 -0.06700000000001531 0
0.05899999999995542 -0.06600000000001524 0
0.05899999999995764 -0.06500000000001563 0
0.05899999999995988 -0.064000000000017 0
0.0589999999999621 -0.06300000000001732 0
0.05899999999996432 -0.06200000000001726 0
0.05899999999996655 -0.06100000000001779 0
0.05899999999996877 -0.06000000000001914 0
0.05899999999997099 -0.05900000000001933 0
0.05899999999997323 -0.05800000000001978 0
0.05899999999997545 -0.05700000000002143 0
0.05899999999997768 -0.05600000000002237 0
0.05899999999997991 -0.05500000000002296 0
0.05899999999998212 -0.05400000000002315 0
0.05899999999998435 -0.05300000000002382 0
0.05899999999998656 -0.05200000000002447 0
0.05899999999998881 -0.05100000000002494 0
0.05899999999999103 -0.05000000000002525 0
0.05899999999999325 -0.04900000000002593 0
0.0589999999999955 -0.04800000000002658 0
0.05899999999999769 -0.04700000000002699 0
0.05899999999999993 -0.04600000000002733 0
0.05900000000000218 -0.04500000000002776 0
0.05900000000000438 -0.0440000000000277 0
0.05900000000000662 -0.043000000000027 0
0.05900000000000883 -0.04200000000002636 0
0.05900000000001107 -0.04100000000002609 0
0.05900000000001329 -0.0400000000000258 0
0.05900000000001551 -0.03900000000002499 0
0.05900000000001773 -0.03800000000002446 0
0.05900000000001997 -0.03700000000002417 0
0.05900000000002219 -0.03600000000002391 0
0.05900000000002442 -0.03500000000002298 0
0.05900000000002665 -0.03400000000002254 0
0.05900000000002888 -0.03300000000002248 0
0.0590000000000311 -0.03200000000002291 0
0.05900000000003333 -0.03100000000002209 0
0.05900000000003555 -0.03000000000002111 0
0.05900000000003778 -0.02900000000002185 0
0.05900000000003999 -0.02800000000002139 0
0.05900000000004221 -0.02700000000002008 0
0.05900000000004445 -0.0260000000000193 0
0.05900000000004667 -0.02500000000002004 0
0.0590000000000489 -0.02400000000001938 0
0.05900000000005112 -0.0230000000000181 0
0.05900000000005334 -0.02200000000001748 0
0.05900000000005558 -0.02100000000001823 0
0.05900000000005782 -0.02000000000001738 0
0.05900000000006002 -0.01900000000001652 0
0.05900000000006226 -0.01800000000001726 0
0.05900000000006448 -0.01700000000001667 0
0.05900000000006671 -0.01600000000001536 0
0.05900000000006893 -0.0150000000000147 0
0.05900000000007116 -0.01400000000001564 0
0.05900000000007338 -0.01300000000001521 0
0.0590000000000756 -0.01200000000001391 0
0.05900000000007782 -0.01100000000001345 0
0.05900000000008004 -0.01000000000001419 0
0.0590000000000823 -0.009000000000013201 0
0.0590000000000845 -0.008000000000011859 0
0.05900000000008673 -0.007000000000011315 0
0.05900000000008896 -0.006000000000011564 0
0.05900000000009117 -0.005000000000009727 0
0.05900000000009343 -0.004000000000007892 0
0.05900000000009565 -0.003000000000007158 0
0.05900000000009786 -0.002000000000007212 0
0.05900000000010008 -0.00100000000000539 0
0.05900000000010231 -3.73377544160558e-15 0
0.05900000000010454 0.0009999999999964274 0
0.05900000000010677 0.00199999999999629 0
0.05900000000010899 0.002999999999998025 0
0.05900000000011121 0.00399999999999984 0
0.05999999999989645 -0.0940000000000011 0
0.05999999999989864 -0.09300000000000115 0
0.05999999999990077 -0.09200000000000114 0
0.05999999999990294 -0.0910000000000024 0
0.05999999999990513 -0.09000000000000334 0
0.05999999999990729 -0.08900000000000335 0
0.05999999999990945 -0.08800000000000339 0
0.0599999999999116 -0.08700000000000471 0
0.05999999999991378 -0.0860000000000056 0
0.05999999999991593 -0.0850000000000056 0
0.05999999999991811 -0.08400000000000571 0
0.05999999999992028 -0.08300000000000714 0
0.05999999999992243 -0.08200000000000784 0
0.05999999999992459 -0.08100000000000786 0
0.05999999999992677 -0.08000000000000809 0
0.05999999999992892 -0.07900000000000947 0
0.05999999999993108 -0.07800000000001006 0
0.05999999999993325 -0.07700000000001009 0
0.05999999999993542 -0.07600000000001045 0
0.05999999999993758 -0.07500000000001188 0
0.05999999999993974 -0.07400000000001232 0
0.05999999999994191 -0.07300000000001236 0
0.05999999999994406 -0.07200000000001283 0
0.05999999999994622 -0.07100000000001423 0
0.05999999999994839 -0.07000000000001456 0
0.05999999999995055 -0.06900000000001486 0
0.05999999999995272 -0.0680000000000163 0
0.05999999999995487 -0.06700000000001681 0
0.05999999999995707 -0.0660000000000168 0
0.05999999999995921 -0.06500000000001727 0
0.05999999999996138 -0.06400000000001865 0
0.05999999999996354 -0.06300000000001904 0
0.05999999999996571 -0.06200000000001903 0
0.05999999999996786 -0.06100000000001962 0
0.05999999999997002 -0.06000000000002102 0
0.05999999999997219 -0.05900000000002128 0
0.05999999999997435 -0.05800000000002178 0
0.05999999999997652 -0.0570000000000235 0
0.05999999999997869 -0.05600000000002452 0
0.05999999999998085 -0.05500000000002513 0
0.05999999999998301 -0.0540000000000254 0
0.05999999999998518 -0.05300000000002611 0
0.05999999999998733 -0.05200000000002681 0
0.05999999999998951 -0.05100000000002736 0
0.05999999999999166 -0.0500000000000277 0
0.05999999999999382 -0.04900000000002842 0
0.05999999999999599 -0.04800000000002914 0
0.05999999999999817 -0.04700000000002959 0
0.06000000000000034 -0.04600000000003001 0
0.0600000000000025 -0.04500000000003047 0
0.06000000000000466 -0.04400000000003038 0
0.06000000000000683 -0.04300000000002962 0
0.060000000000009 -0.04200000000002892 0
0.06000000000001115 -0.04100000000002859 0
0.06000000000001329 -0.04000000000002826 0
0.06000000000001547 -0.03900000000002737 0
0.06000000000001762 -0.03800000000002678 0
0.06000000000001979 -0.03700000000002644 0
0.06000000000002197 -0.03600000000002612 0
0.06000000000002413 -0.03500000000002512 0
0.06000000000002629 -0.03400000000002464 0
0.06000000000002845 -0.0330000000000245 0
0.06000000000003062 -0.03200000000002488 0
0.06000000000003278 -0.03100000000002398 0
0.06000000000003494 -0.03000000000002294 0
0.06000000000003711 -0.02900000000002366 0
0.06000000000003927 -0.02800000000002312 0
0.06000000000004144 -0.02700000000002175 0
0.0600000000000436 -0.02600000000002091 0
0.06000000000004577 -0.02500000000002161 0
0.06000000000004793 -0.02400000000002089 0
0.0600000000000501 -0.02300000000001952 0
0.06000000000005225 -0.02200000000001886 0
0.0600000000000544 -0.02100000000001958 0
0.06000000000005658 -0.02000000000001866 0
0.06000000000005874 -0.01900000000001773 0
0.06000000000006092 -0.01800000000001846 0
0.06000000000006306 -0.01700000000001779 0
0.06000000000006524 -0.01600000000001642 0
0.0600000000000674 -0.0150000000000157 0
0.06000000000006955 -0.01400000000001659 0
0.06000000000007172 -0.01300000000001609 0
0.06000000000007389 -0.01200000000001472 0
0.06000000000007605 -0.01100000000001421 0
0.06000000000007821 -0.0100000000000149 0
0.06000000000008038 -0.009000000000013851 0
0.06000000000008254 -0.008000000000012438 0
0.06000000000008471 -0.007000000000011846 0
0.06000000000008689 -0.006000000000012076 0
0.06000000000008904 -0.005000000000010185 0
0.0600000000000912 -0.004000000000008291 0
0.06000000000009337 -0.003000000000007525 0
0.06000000000009553 -0.002000000000007555 0
0.0600000000000977 -0.001000000000005675 0
0.06000000000009986 -3.957121089137594e-15 0
0.06000000000010203 0.0009999999999962446 0
0.06000000000010419 0.001999999999996139 0
0.06000000000010635 0.002999999999997933 0
0.06000000000010852 0.003999999999999809 0
0.06099999999989901 -0.09400000000000114 0
0.06099999999990112 -0.09300000000000126 0
0.06099999999990324 -0.09200000000000134 0
0.06099999999990533 -0.09100000000000259 0
0.06099999999990745 -0.09000000000000358 0
0.06099999999990955 -0.08900000000000369 0
0.06099999999991166 -0.08800000000000377 0
0.06099999999991377 -0.08700000000000517 0
0.06099999999991588 -0.0860000000000061 0
0.06099999999991801 -0.08500000000000617 0
0.06099999999992012 -0.08400000000000632 0
0.06099999999992223 -0.08300000000000776 0
0.06099999999992431 -0.08200000000000855 0
0.06099999999992645 -0.08100000000000863 0
0.06099999999992854 -0.08000000000000894 0
0.06099999999993066 -0.07900000000001034 0
0.06099999999993275 -0.07800000000001099 0
0.06099999999993488 -0.07700000000001109 0
0.06099999999993699 -0.0760000000000115 0
0.0609999999999391 -0.07500000000001293 0
0.06099999999994121 -0.07400000000001346 0
0.06099999999994332 -0.07300000000001354 0
0.06099999999994541 -0.07200000000001411 0
0.06099999999994753 -0.07100000000001554 0
0.06099999999994966 -0.0700000000000159 0
0.06099999999995177 -0.06900000000001631 0
0.06099999999995388 -0.06800000000001774 0
0.06099999999995598 -0.06700000000001831 0
0.0609999999999581 -0.06600000000001835 0
0.0609999999999602 -0.06500000000001885 0
0.06099999999996231 -0.06400000000002033 0
0.06099999999996442 -0.06300000000002073 0
0.06099999999996654 -0.06200000000002082 0
0.06099999999996863 -0.06100000000002147 0
0.06099999999997074 -0.06000000000002289 0
0.06099999999997286 -0.05900000000002321 0
0.06099999999997496 -0.05800000000002378 0
0.06099999999997709 -0.05700000000002559 0
0.06099999999997919 -0.05600000000002665 0
0.06099999999998131 -0.05500000000002732 0
0.06099999999998341 -0.05400000000002763 0
0.06099999999998551 -0.0530000000000284 0
0.06099999999998763 -0.05200000000002916 0
0.06099999999998975 -0.05100000000002976 0
0.06099999999999185 -0.05000000000003017 0
0.06099999999999395 -0.04900000000003094 0
0.06099999999999608 -0.04800000000003168 0
0.06099999999999819 -0.04700000000003221 0
0.06100000000000029 -0.04600000000003268 0
0.0610000000000024 -0.04500000000003315 0
0.0610000000000045 -0.04400000000003305 0
0.06100000000000662 -0.04300000000003222 0
0.06100000000000874 -0.04200000000003146 0
0.06100000000001084 -0.04100000000003109 0
0.06100000000001294 -0.04000000000003069 0
0.06100000000001505 -0.03900000000002975 0
0.06100000000001717 -0.03800000000002909 0
0.0610000000000193 -0.0370000000000287 0
0.0610000000000214 -0.03600000000002836 0
0.06100000000002351 -0.03500000000002729 0
0.06100000000002562 -0.03400000000002673 0
0.06100000000002773 -0.03300000000002654 0
0.06100000000002982 -0.03200000000002684 0
0.06100000000003193 -0.03100000000002588 0
0.06100000000003405 -0.03000000000002477 0
0.06100000000003616 -0.02900000000002545 0
0.06100000000003828 -0.02800000000002486 0
0.06100000000004038 -0.02700000000002343 0
0.0610000000000425 -0.02600000000002251 0
0.06100000000004462 -0.02500000000002318 0
0.0610000000000467 -0.02400000000002241 0
0.06100000000004883 -0.02300000000002097 0
0.06100000000005093 -0.02200000000002024 0
0.06100000000005305 -0.02100000000002093 0
0.06100000000005516 -0.02000000000001994 0
0.06100000000005727 -0.01900000000001895 0
0.06100000000005937 -0.01800000000001963 0
0.06100000000006149 -0.01700000000001891 0
0.06100000000006359 -0.01600000000001747 0
0.0610000000000657 -0.01500000000001668 0
0.06100000000006781 -0.01400000000001754 0
0.06100000000006993 -0.01300000000001697 0
0.06100000000007203 -0.01200000000001552 0
0.06100000000007415 -0.01100000000001495 0
0.06100000000007625 -0.01000000000001562 0
0.06100000000007837 -0.009000000000014502 0
0.06100000000008048 -0.008000000000013018 0
0.06100000000008258 -0.007000000000012378 0
0.0610000000000847 -0.006000000000012582 0
0.0610000000000868 -0.005000000000010642 0
0.0610000000000889 -0.00400000000000869 0
0.06100000000009102 -0.003000000000007892 0
0.06100000000009314 -0.002000000000007898 0
0.06100000000009524 -0.001000000000005959 0
0.06100000000009734 -4.17959937493162e-15 0
0.06100000000009947 0.0009999999999960615 0
0.06100000000010156 0.001999999999995988 0
0.06100000000010369 0.002999999999997843 0
0.0610000000001058 0.003999999999999777 0
0.06199999999990128 -0.09400000000000119 0
0.06199999999990335 -0.09300000000000137 0
0.0619999999999054 -0.09200000000000151 0
0.06199999999990747 -0.09100000000000283 0
0.06199999999990951 -0.09000000000000385 0
0.06199999999991158 -0.08900000000000402 0
0.06199999999991365 -0.08800000000000419 0
0.06199999999991569 -0.0870000000000056 0
0.06199999999991775 -0.08600000000000656 0
0.06199999999991983 -0.08500000000000671 0
0.06199999999992188 -0.08400000000000693 0
0.06199999999992395 -0.08300000000000844 0
0.06199999999992598 -0.08200000000000923 0
0.06199999999992805 -0.0810000000000094 0
0.0619999999999301 -0.08000000000000976 0
0.06199999999993219 -0.07900000000001121 0
0.06199999999993424 -0.07800000000001189 0
0.06199999999993629 -0.07700000000001207 0
0.06199999999993836 -0.07600000000001256 0
0.0619999999999404 -0.07500000000001403 0
0.06199999999994246 -0.0740000000000146 0
0.06199999999994452 -0.07300000000001476 0
0.06199999999994659 -0.07200000000001533 0
0.06199999999994864 -0.07100000000001686 0
0.0619999999999507 -0.07000000000001726 0
0.06199999999995277 -0.06900000000001769 0
0.06199999999995482 -0.06800000000001918 0
0.06199999999995688 -0.06700000000001981 0
0.06199999999995892 -0.0660000000000199 0
0.061999999999961 -0.06500000000002049 0
0.06199999999996306 -0.064000000000022 0
0.0619999999999651 -0.06300000000002245 0
0.06199999999996717 -0.06200000000002261 0
0.06199999999996924 -0.0610000000000233 0
0.06199999999997129 -0.06000000000002478 0
0.06199999999997335 -0.05900000000002514 0
0.06199999999997542 -0.05800000000002579 0
0.06199999999997748 -0.05700000000002765 0
0.06199999999997954 -0.05600000000002877 0
0.0619999999999816 -0.05500000000002948 0
0.06199999999998364 -0.05400000000002988 0
0.0619999999999857 -0.05300000000003071 0
0.06199999999998777 -0.05200000000003151 0
0.06199999999998984 -0.05100000000003215 0
0.06199999999999188 -0.05000000000003263 0
0.06199999999999394 -0.04900000000003344 0
0.061999999999996 -0.04800000000003425 0
0.06199999999999806 -0.04700000000003483 0
0.06200000000000014 -0.04600000000003535 0
0.06200000000000219 -0.04500000000003585 0
0.06200000000000425 -0.04400000000003573 0
0.06200000000000631 -0.04300000000003483 0
0.06200000000000836 -0.04200000000003403 0
0.06200000000001041 -0.04100000000003359 0
0.06200000000001247 -0.04000000000003315 0
0.06200000000001454 -0.03900000000003214 0
0.06200000000001661 -0.03800000000003143 0
0.06200000000001867 -0.03700000000003099 0
0.06200000000002071 -0.03600000000003056 0
0.06200000000002277 -0.03500000000002943 0
0.06200000000002482 -0.03400000000002883 0
0.06200000000002689 -0.03300000000002858 0
0.06200000000002896 -0.03200000000002881 0
0.06200000000003101 -0.03100000000002778 0
0.06200000000003306 -0.03000000000002661 0
0.06200000000003512 -0.02900000000002723 0
0.06200000000003717 -0.02800000000002659 0
0.06200000000003926 -0.02700000000002509 0
0.06200000000004131 -0.02600000000002412 0
0.06200000000004336 -0.02500000000002475 0
0.06200000000004542 -0.02400000000002391 0
0.06200000000004748 -0.02300000000002241 0
0.06200000000004954 -0.02200000000002162 0
0.0620000000000516 -0.02100000000002226 0
0.06200000000005366 -0.02000000000002123 0
0.06200000000005571 -0.01900000000002017 0
0.06200000000005777 -0.01800000000002081 0
0.06200000000005985 -0.01700000000002003 0
0.0620000000000619 -0.01600000000001852 0
0.06200000000006396 -0.01500000000001767 0
0.06200000000006602 -0.01400000000001849 0
0.06200000000006808 -0.01300000000001785 0
0.06200000000007015 -0.01200000000001634 0
0.0620000000000722 -0.01100000000001571 0
0.06200000000007426 -0.01000000000001633 0
0.06200000000007631 -0.00900000000001515 0
0.06200000000007836 -0.008000000000013599 0
0.06200000000008045 -0.007000000000012914 0
0.06200000000008248 -0.006000000000013094 0
0.06200000000008456 -0.005000000000011101 0
0.0620000000000866 -0.004000000000009089 0
0.06200000000008868 -0.003000000000008256 0
0.06200000000009072 -0.002000000000008242 0
0.0620000000000928 -0.001000000000006244 0
0.06200000000009485 -4.402728182029136e-15 0
0.06200000000009691 0.0009999999999958794 0
0.06200000000009896 0.001999999999995837 0
0.062000000000101 0.002999999999997752 0
0.06200000000010309 0.003999999999999743 0
0.06299999999990355 -0.09400000000000121 0
0.06299999999990558 -0.09300000000000147 0
0.06299999999990759 -0.09200000000000169 0
0.0629999999999096 -0.09100000000000304 0
0.0629999999999116 -0.09000000000000412 0
0.0629999999999136 -0.08900000000000435 0
0.06299999999991562 -0.0880000000000046 0
0.06299999999991762 -0.08700000000000604 0
0.06299999999991963 -0.08600000000000704 0
0.06299999999992162 -0.08500000000000721 0
0.06299999999992366 -0.08400000000000754 0
0.06299999999992564 -0.08300000000000904 0
0.06299999999992764 -0.08200000000000994 0
0.06299999999992967 -0.08100000000001016 0
0.06299999999993168 -0.08000000000001059 0
0.06299999999993368 -0.07900000000001206 0
0.06299999999993569 -0.07800000000001282 0
0.06299999999993773 -0.07700000000001303 0
0.06299999999993972 -0.07600000000001358 0
0.06299999999994171 -0.07500000000001508 0
0.06299999999994373 -0.07400000000001572 0
0.06299999999994574 -0.07300000000001594 0
0.06299999999994774 -0.07200000000001659 0
0.06299999999994975 -0.07100000000001812 0
0.06299999999995176 -0.07000000000001862 0
0.06299999999995376 -0.06900000000001912 0
0.0629999999999558 -0.06800000000002063 0
0.0629999999999578 -0.06700000000002129 0
0.0629999999999598 -0.06600000000002153 0
0.06299999999996178 -0.06500000000002212 0
0.06299999999996381 -0.06400000000002368 0
0.06299999999996582 -0.06300000000002418 0
0.06299999999996783 -0.0620000000000244 0
0.06299999999996983 -0.06100000000002515 0
0.06299999999997183 -0.06000000000002663 0
0.06299999999997383 -0.05900000000002708 0
0.06299999999997585 -0.05800000000002777 0
0.06299999999997785 -0.05700000000002972 0
0.06299999999997985 -0.0560000000000309 0
0.06299999999998189 -0.05500000000003167 0
0.06299999999998387 -0.05400000000003211 0
0.06299999999998587 -0.05300000000003299 0
0.06299999999998791 -0.05200000000003384 0
0.0629999999999899 -0.05100000000003455 0
0.06299999999999191 -0.05000000000003507 0
0.06299999999999392 -0.04900000000003594 0
0.06299999999999593 -0.0480000000000368 0
0.06299999999999796 -0.04700000000003745 0
0.06299999999999996 -0.04600000000003804 0
0.06300000000000196 -0.04500000000003854 0
0.06300000000000394 -0.04400000000003839 0
0.06300000000000597 -0.04300000000003743 0
0.06300000000000801 -0.04200000000003658 0
0.06300000000000999 -0.04100000000003608 0
0.06300000000001199 -0.0400000000000356 0
0.06300000000001399 -0.03900000000003452 0
0.06300000000001599 -0.03800000000003373 0
0.06300000000001803 -0.03700000000003325 0
0.06300000000002001 -0.03600000000003278 0
0.06300000000002204 -0.03500000000003159 0
0.06300000000002404 -0.03400000000003093 0
0.06300000000002608 -0.03300000000003061 0
0.06300000000002806 -0.03200000000003079 0
0.06300000000003006 -0.03100000000002967 0
0.0630000000000321 -0.03000000000002843 0
0.06300000000003408 -0.02900000000002904 0
0.06300000000003608 -0.02800000000002834 0
0.06300000000003809 -0.02700000000002676 0
0.06300000000004011 -0.02600000000002572 0
0.06300000000004211 -0.02500000000002632 0
0.06300000000004413 -0.02400000000002542 0
0.06300000000004613 -0.02300000000002384 0
0.06300000000004814 -0.02200000000002301 0
0.06300000000005017 -0.0210000000000236 0
0.06300000000005215 -0.0200000000000225 0
0.06300000000005417 -0.01900000000002138 0
0.06300000000005619 -0.018000000000022 0
0.06300000000005818 -0.01700000000002115 0
0.06300000000006017 -0.01600000000001957 0
0.06300000000006221 -0.01500000000001867 0
0.0630000000000642 -0.01400000000001944 0
0.0630000000000662 -0.01300000000001873 0
0.06300000000006824 -0.01200000000001714 0
0.06300000000007022 -0.01100000000001646 0
0.06300000000007222 -0.01000000000001705 0
0.06300000000007425 -0.009000000000015797 0
0.06300000000007626 -0.00800000000001418 0
0.06300000000007824 -0.007000000000013449 0
0.06300000000008027 -0.0060000000000136 0
0.06300000000008228 -0.005000000000011559 0
0.06300000000008427 -0.004000000000009489 0
0.06300000000008629 -0.003000000000008621 0
0.0630000000000883 -0.002000000000008584 0
0.0630000000000903 -0.001000000000006529 0
0.06300000000009232 -4.625640148692156e-15 0
0.06300000000009431 0.0009999999999956966 0
0.06300000000009633 0.001999999999995687 0
0.06300000000009834 0.002999999999997661 0
0.06300000000010034 0.003999999999999712 0
0.0639999999999071 -0.09400000000000128 0
0.063999999999909 -0.09300000000000157 0
0.06399999999991096 -0.09200000000000184 0
0.0639999999999129 -0.09100000000000326 0
0.06399999999991487 -0.09000000000000437 0
0.06399999999991682 -0.08900000000000469 0
0.06399999999991876 -0.088000000000005 0
0.0639999999999207 -0.08700000000000645 0
0.0639999999999226 -0.08600000000000747 0
0.06399999999992459 -0.08500000000000776 0
0.06399999999992653 -0.08400000000000814 0
0.06399999999992848 -0.08300000000000972 0
0.06399999999993042 -0.08200000000001061 0
0.06399999999993236 -0.0810000000000109 0
0.0639999999999343 -0.0800000000000114 0
0.06399999999993625 -0.07900000000001292 0
0.06399999999993818 -0.07800000000001371 0
0.06399999999994013 -0.07700000000001403 0
0.06399999999994206 -0.07600000000001461 0
0.06399999999994402 -0.07500000000001614 0
0.06399999999994596 -0.07400000000001686 0
0.0639999999999479 -0.07300000000001715 0
0.06399999999994985 -0.07200000000001786 0
0.06399999999995179 -0.07100000000001941 0
0.06399999999995376 -0.07000000000001995 0
0.0639999999999557 -0.06900000000002053 0
0.06399999999995765 -0.06800000000002207 0
0.06399999999995959 -0.06700000000002281 0
0.06399999999996153 -0.06600000000002307 0
0.06399999999996347 -0.06500000000002373 0
0.06399999999996542 -0.0640000000000253 0
0.06399999999996736 -0.0630000000000259 0
0.0639999999999693 -0.0620000000000262 0
0.06399999999997125 -0.06100000000002698 0
0.06399999999997322 -0.06000000000002852 0
0.06399999999997513 -0.05900000000002899 0
0.06399999999997708 -0.0580000000000298 0
0.06399999999997905 -0.0570000000000318 0
0.06399999999998096 -0.05600000000003302 0
0.0639999999999829 -0.05500000000003383 0
0.06399999999998487 -0.05400000000003436 0
0.06399999999998682 -0.05300000000003529 0
0.06399999999998876 -0.05200000000003618 0
0.0639999999999907 -0.05100000000003694 0
0.06399999999999265 -0.05000000000003755 0
0.06399999999999459 -0.04900000000003847 0
0.06399999999999653 -0.04800000000003939 0
0.06399999999999847 -0.04700000000004006 0
0.06400000000000042 -0.0460000000000407 0
0.06400000000000236 -0.04500000000004125 0
0.06400000000000433 -0.04400000000004106 0
0.06400000000000625 -0.04300000000004005 0
0.06400000000000822 -0.04200000000003913 0
0.06400000000001016 -0.04100000000003859 0
0.0640000000000121 -0.04000000000003803 0
0.06400000000001405 -0.03900000000003689 0
0.06400000000001599 -0.03800000000003607 0
0.06400000000001793 -0.03700000000003551 0
0.06400000000001987 -0.036000000000035 0
0.06400000000002182 -0.03500000000003374 0
0.06400000000002376 -0.03400000000003304 0
0.0640000000000257 -0.03300000000003266 0
0.06400000000002765 -0.03200000000003274 0
0.06400000000002959 -0.03100000000003157 0
0.06400000000003153 -0.03000000000003027 0
0.06400000000003347 -0.02900000000003084 0
0.06400000000003542 -0.02800000000003007 0
0.06400000000003736 -0.02700000000002842 0
0.06400000000003929 -0.02600000000002733 0
0.06400000000004127 -0.02500000000002789 0
0.06400000000004319 -0.02400000000002693 0
0.06400000000004516 -0.02300000000002529 0
0.0640000000000471 -0.02200000000002438 0
0.06400000000004905 -0.02100000000002495 0
0.06400000000005099 -0.02000000000002377 0
0.06400000000005293 -0.0190000000000226 0
0.06400000000005487 -0.01800000000002318 0
0.06400000000005682 -0.01700000000002228 0
0.06400000000005875 -0.01600000000002062 0
0.0640000000000607 -0.01500000000001966 0
0.06400000000006265 -0.0140000000000204 0
0.06400000000006459 -0.01300000000001961 0
0.06400000000006656 -0.01200000000001796 0
0.06400000000006847 -0.01100000000001721 0
0.06400000000007044 -0.01000000000001776 0
0.06400000000007239 -0.009000000000016451 0
0.06400000000007433 -0.008000000000014759 0
0.06400000000007627 -0.007000000000013983 0
0.06400000000007822 -0.006000000000014109 0
0.06400000000008016 -0.005000000000012017 0
0.0640000000000821 -0.004000000000009891 0
0.06400000000008403 -0.003000000000008984 0
0.06400000000008599 -0.002000000000008928 0
0.06400000000008793 -0.001000000000006814 0
0.06400000000008987 -4.849202636658667e-15 0
0.06400000000009182 0.0009999999999955142 0
0.06400000000009376 0.001999999999995535 0
0.0640000000000957 0.002999999999997571 0
0.06400000000009765 0.003999999999999681 0
0.06499999999991053 -0.09400000000000133 0
0.06499999999991241 -0.09300000000000168 0
0.06499999999991431 -0.09200000000000204 0
0.06499999999991618 -0.09100000000000344 0
0.06499999999991807 -0.09000000000000462 0
0.06499999999991993 -0.08900000000000502 0
0.06499999999992184 -0.08800000000000538 0
0.0649999999999237 -0.08700000000000689 0
0.06499999999992559 -0.08600000000000799 0
0.06499999999992745 -0.08500000000000832 0
0.06499999999992935 -0.08400000000000878 0
0.06499999999993124 -0.08300000000001036 0
0.06499999999993313 -0.0820000000000113 0
0.06499999999993501 -0.08100000000001169 0
0.06499999999993689 -0.0800000000000122 0
0.06499999999993875 -0.07900000000001377 0
0.06499999999994067 -0.07800000000001464 0
0.06499999999994253 -0.077000000000015 0
0.06499999999994442 -0.07600000000001567 0
0.0649999999999463 -0.07500000000001725 0
0.06499999999994815 -0.074000000000018 0
0.06499999999995006 -0.07300000000001836 0
0.06499999999995194 -0.0720000000000191 0
0.06499999999995382 -0.07100000000002071 0
0.0649999999999557 -0.07000000000002131 0
0.06499999999995759 -0.06900000000002192 0
0.06499999999995947 -0.06800000000002351 0
0.06499999999996135 -0.0670000000000243 0
0.06499999999996323 -0.06600000000002461 0
0.06499999999996509 -0.06500000000002534 0
0.06499999999996697 -0.06400000000002697 0
0.06499999999996886 -0.06300000000002759 0
0.06499999999997075 -0.06200000000002797 0
0.06499999999997264 -0.06100000000002882 0
0.06499999999997449 -0.06000000000003038 0
0.06499999999997638 -0.05900000000003095 0
0.06499999999997827 -0.0580000000000318 0
0.06499999999998017 -0.05700000000003386 0
0.06499999999998204 -0.05600000000003516 0
0.06499999999998392 -0.05500000000003603 0
0.06499999999998579 -0.0540000000000366 0
0.06499999999998769 -0.05300000000003758 0
0.06499999999998957 -0.05200000000003852 0
0.06499999999999145 -0.05100000000003935 0
0.06499999999999334 -0.05000000000003999 0
0.06499999999999523 -0.04900000000004097 0
0.0649999999999971 -0.04800000000004194 0
0.06499999999999898 -0.04700000000004267 0
0.06500000000000085 -0.04600000000004337 0
0.06500000000000272 -0.04500000000004394 0
0.06500000000000461 -0.04400000000004374 0
0.06500000000000651 -0.04300000000004265 0
0.0650000000000084 -0.04200000000004166 0
0.06500000000001029 -0.04100000000004109 0
0.06500000000001216 -0.04000000000004049 0
0.06500000000001402 -0.03900000000003928 0
0.06500000000001592 -0.03800000000003839 0
0.06500000000001779 -0.03700000000003778 0
0.06500000000001965 -0.0360000000000372 0
0.06500000000002154 -0.03500000000003589 0
0.06500000000002344 -0.03400000000003512 0
0.06500000000002532 -0.03300000000003469 0
0.0650000000000272 -0.03200000000003471 0
0.06500000000002909 -0.03100000000003347 0
0.06500000000003098 -0.0300000000000321 0
0.06500000000003288 -0.02900000000003263 0
0.06500000000003472 -0.02800000000003181 0
0.06500000000003661 -0.02700000000003009 0
0.0650000000000385 -0.02600000000002893 0
0.06500000000004039 -0.02500000000002946 0
0.06500000000004225 -0.02400000000002844 0
0.06500000000004413 -0.02300000000002672 0
0.06500000000004602 -0.02200000000002575 0
0.06500000000004792 -0.02100000000002629 0
0.0650000000000498 -0.02000000000002505 0
0.06500000000005166 -0.01900000000002382 0
0.06500000000005354 -0.01800000000002435 0
0.06500000000005543 -0.0170000000000234 0
0.06500000000005732 -0.01600000000002167 0
0.06500000000005922 -0.01500000000002065 0
0.06500000000006106 -0.01400000000002134 0
0.06500000000006295 -0.01300000000002049 0
0.06500000000006485 -0.01200000000001876 0
0.06500000000006674 -0.01100000000001796 0
0.06500000000006863 -0.01000000000001848 0
0.06500000000007052 -0.009000000000017105 0
0.06500000000007237 -0.00800000000001534 0
0.06500000000007425 -0.007000000000014513 0
0.06500000000007615 -0.00600000000001462 0
0.065000000000078 -0.005000000000012472 0
0.06500000000007988 -0.00400000000001029 0
0.06500000000008177 -0.003000000000009351 0
0.06500000000008366 -0.002000000000009273 0
0.06500000000008556 -0.001000000000007099 0
0.06500000000008742 -5.072981965059675e-15 0
0.06500000000008931 0.0009999999999953312 0
0.06500000000009119 0.001999999999995385 0
0.06500000000009304 0.002999999999997481 0
0.06500000000009497 0.003999999999999646 0
0.0659999999999111 -0.09400000000000136 0
0.06599999999991292 -0.09300000000000178 0
0.06599999999991481 -0.09200000000000223 0
0.06599999999991664 -0.09100000000000369 0
0.0659999999999185 -0.09000000000000491 0
0.06599999999992033 -0.08900000000000532 0
0.06599999999992219 -0.08800000000000577 0
0.06599999999992404 -0.08700000000000732 0
0.06599999999992588 -0.08600000000000849 0
0.06599999999992774 -0.08500000000000887 0
0.0659999999999296 -0.08400000000000936 0
0.06599999999993143 -0.083000000000011 0
0.06599999999993326 -0.08200000000001201 0
0.06599999999993512 -0.08100000000001246 0
0.06599999999993698 -0.08000000000001305 0
0.06599999999993882 -0.07900000000001461 0
0.06599999999994068 -0.07800000000001554 0
0.06599999999994251 -0.077000000000016 0
0.06599999999994437 -0.07600000000001671 0
0.06599999999994623 -0.07500000000001832 0
0.06599999999994806 -0.07400000000001911 0
0.0659999999999499 -0.07300000000001954 0
0.06599999999995178 -0.07200000000002038 0
0.06599999999995361 -0.071000000000022 0
0.06599999999995547 -0.07000000000002268 0
0.0659999999999573 -0.06900000000002338 0
0.06599999999995916 -0.06800000000002496 0
0.06599999999996101 -0.0670000000000258 0
0.06599999999996285 -0.06600000000002618 0
0.06599999999996471 -0.06500000000002699 0
0.06599999999996654 -0.06400000000002862 0
0.06599999999996842 -0.06300000000002931 0
0.06599999999997024 -0.06200000000002975 0
0.06599999999997209 -0.06100000000003067 0
0.06599999999997391 -0.06000000000003226 0
0.06599999999997579 -0.05900000000003288 0
0.06599999999997765 -0.05800000000003381 0
0.06599999999997948 -0.05700000000003595 0
0.06599999999998134 -0.05600000000003728 0
0.06599999999998317 -0.05500000000003819 0
0.06599999999998503 -0.05400000000003884 0
0.06599999999998686 -0.05300000000003988 0
0.06599999999998872 -0.05200000000004087 0
0.06599999999999057 -0.05100000000004174 0
0.06599999999999244 -0.05000000000004247 0
0.06599999999999427 -0.04900000000004347 0
0.0659999999999961 -0.04800000000004449 0
0.06599999999999799 -0.04700000000004529 0
0.06599999999999982 -0.04600000000004605 0
0.06600000000000165 -0.04500000000004665 0
0.06600000000000349 -0.04400000000004642 0
0.06600000000000537 -0.04300000000004527 0
0.06600000000000721 -0.04200000000004422 0
0.06600000000000904 -0.04100000000004358 0
0.0660000000000109 -0.04000000000004292 0
0.06600000000001276 -0.03900000000004167 0
0.06600000000001459 -0.03800000000004072 0
0.06600000000001645 -0.03700000000004006 0
0.06600000000001831 -0.03600000000003942 0
0.06600000000002014 -0.03500000000003804 0
0.066000000000022 -0.03400000000003723 0
0.06600000000002383 -0.03300000000003672 0
0.06600000000002569 -0.03200000000003668 0
0.06600000000002751 -0.03100000000003536 0
0.06600000000002938 -0.03000000000003393 0
0.06600000000003124 -0.02900000000003443 0
0.06600000000003307 -0.02800000000003354 0
0.06600000000003493 -0.02700000000003176 0
0.06600000000003679 -0.02600000000003054 0
0.06600000000003862 -0.02500000000003103 0
0.06600000000004048 -0.02400000000002995 0
0.06600000000004232 -0.02300000000002816 0
0.06600000000004418 -0.02200000000002714 0
0.06600000000004601 -0.02100000000002764 0
0.06600000000004787 -0.02000000000002634 0
0.06600000000004971 -0.01900000000002504 0
0.06600000000005156 -0.01800000000002554 0
0.06600000000005342 -0.01700000000002452 0
0.06600000000005525 -0.01600000000002273 0
0.06600000000005711 -0.01500000000002164 0
0.06600000000005894 -0.0140000000000223 0
0.0660000000000608 -0.01300000000002137 0
0.06600000000006266 -0.01200000000001957 0
0.06600000000006449 -0.01100000000001872 0
0.06600000000006633 -0.0100000000000192 0
0.06600000000006821 -0.009000000000017754 0
0.06600000000007004 -0.008000000000015923 0
0.06600000000007188 -0.007000000000015051 0
0.06600000000007374 -0.006000000000015131 0
0.0660000000000756 -0.005000000000012929 0
0.06600000000007743 -0.004000000000010689 0
0.06600000000007929 -0.003000000000009717 0
0.06600000000008115 -0.002000000000009616 0
0.06600000000008298 -0.001000000000007384 0
0.06600000000008481 -5.295026569984707e-15 0
0.06600000000008666 0.0009999999999951484 0
0.06600000000008853 0.001999999999995235 0
0.06600000000009036 0.00299999999999739 0
0.06600000000009222 0.003999999999999615 0
0.0669999999999137 -0.09400000000000139 0
0.0669999999999155 -0.0930000000000019 0
0.06699999999991728 -0.0920000000000024 0
0.06699999999991911 -0.09100000000000391 0
0.06699999999992086 -0.09000000000000515 0
0.06699999999992266 -0.08900000000000566 0
0.06699999999992447 -0.08800000000000617 0
0.06699999999992624 -0.08700000000000774 0
0.06699999999992805 -0.08600000000000894 0
0.06699999999992985 -0.08500000000000943 0
0.06699999999993166 -0.08400000000000998 0
0.06699999999993346 -0.08300000000001165 0
0.06699999999993521 -0.08200000000001272 0
0.06699999999993704 -0.0810000000000132 0
0.06699999999993882 -0.08000000000001387 0
0.06699999999994062 -0.0790000000000155 0
0.06699999999994243 -0.07800000000001647 0
0.0669999999999442 -0.07700000000001697 0
0.06699999999994601 -0.07600000000001773 0
0.06699999999994778 -0.07500000000001937 0
0.06699999999994959 -0.07400000000002027 0
0.06699999999995139 -0.07300000000002074 0
0.06699999999995317 -0.07200000000002163 0
0.06699999999995496 -0.07100000000002328 0
0.06699999999995675 -0.07000000000002402 0
0.06699999999995855 -0.06900000000002475 0
0.06699999999996033 -0.0680000000000264 0
0.06699999999996213 -0.0670000000000273 0
0.06699999999996394 -0.06600000000002776 0
0.06699999999996574 -0.06500000000002863 0
0.06699999999996752 -0.06400000000003027 0
0.06699999999996933 -0.06300000000003103 0
0.0669999999999711 -0.06200000000003152 0
0.0669999999999729 -0.0610000000000325 0
0.0669999999999747 -0.06000000000003413 0
0.06699999999997648 -0.05900000000003482 0
0.06699999999997829 -0.05800000000003581 0
0.06699999999998009 -0.05700000000003801 0
0.06699999999998187 -0.0560000000000394 0
0.06699999999998367 -0.05500000000004038 0
0.06699999999998545 -0.05400000000004108 0
0.06699999999998725 -0.05300000000004217 0
0.06699999999998905 -0.05200000000004322 0
0.06699999999999086 -0.05100000000004415 0
0.06699999999999262 -0.05000000000004491 0
0.06699999999999444 -0.04900000000004599 0
0.06699999999999623 -0.04800000000004703 0
0.06699999999999802 -0.04700000000004791 0
0.06699999999999984 -0.04600000000004872 0
0.06700000000000161 -0.04500000000004934 0
0.0670000000000034 -0.04400000000004908 0
0.06700000000000521 -0.04300000000004787 0
0.06700000000000698 -0.04200000000004678 0
0.06700000000000879 -0.04100000000004608 0
0.06700000000001059 -0.04000000000004537 0
0.06700000000001237 -0.03900000000004405 0
0.06700000000001417 -0.03800000000004303 0
0.06700000000001598 -0.03700000000004233 0
0.06700000000001775 -0.03600000000004164 0
0.06700000000001953 -0.03500000000004019 0
0.06700000000002133 -0.03400000000003931 0
0.06700000000002314 -0.03300000000003876 0
0.06700000000002491 -0.03200000000003864 0
0.06700000000002672 -0.03100000000003726 0
0.06700000000002852 -0.03000000000003575 0
0.06700000000003033 -0.02900000000003622 0
0.0670000000000321 -0.0280000000000353 0
0.06700000000003391 -0.02700000000003342 0
0.06700000000003568 -0.02600000000003214 0
0.06700000000003749 -0.0250000000000326 0
0.06700000000003929 -0.02400000000003145 0
0.06700000000004107 -0.0230000000000296 0
0.06700000000004287 -0.02200000000002851 0
0.06700000000004468 -0.02100000000002898 0
0.06700000000004645 -0.02000000000002762 0
0.06700000000004826 -0.01900000000002625 0
0.06700000000005006 -0.01800000000002672 0
0.06700000000005184 -0.01700000000002565 0
0.06700000000005364 -0.01600000000002378 0
0.06700000000005545 -0.01500000000002264 0
0.06700000000005722 -0.01400000000002324 0
0.067000000000059 -0.01300000000002225 0
0.0670000000000608 -0.01200000000002038 0
0.06700000000006262 -0.01100000000001946 0
0.06700000000006438 -0.01000000000001991 0
0.06700000000006619 -0.009000000000018403 0
0.06700000000006799 -0.008000000000016504 0
0.06700000000006977 -0.007000000000015579 0
0.06700000000007157 -0.00600000000001564 0
0.06700000000007338 -0.005000000000013387 0
0.06700000000007515 -0.004000000000011088 0
0.06700000000007696 -0.003000000000010081 0
0.06700000000007876 -0.002000000000009956 0
0.06700000000008054 -0.001000000000007667 0
0.06700000000008234 -5.516637494040744e-15 0
0.06700000000008415 0.0009999999999949661 0
0.06700000000008594 0.001999999999995084 0
0.06700000000008773 0.0029999999999973 0
0.0670000000000895 0.003999999999999584 0
0.06799999999991768 -0.09400000000000144 0
0.06799999999991943 -0.09300000000000201 0
0.06799999999992117 -0.09200000000000257 0
0.06799999999992287 -0.09100000000000409 0
0.06799999999992458 -0.09000000000000538 0
0.06799999999992633 -0.08900000000000596 0
0.06799999999992806 -0.08800000000000655 0
0.06799999999992977 -0.08700000000000815 0
0.0679999999999315 -0.08600000000000944 0
0.06799999999993322 -0.08500000000000994 0
0.06799999999993495 -0.08400000000001059 0
0.06799999999993667 -0.08300000000001226 0
0.06799999999993839 -0.08200000000001338 0
0.06799999999994014 -0.08100000000001395 0
0.06799999999994186 -0.08000000000001471 0
0.06799999999994358 -0.07900000000001633 0
0.0679999999999453 -0.07800000000001739 0
0.06799999999994703 -0.07700000000001796 0
0.06799999999994877 -0.07600000000001876 0
0.06799999999995049 -0.07500000000002047 0
0.06799999999995221 -0.0740000000000214 0
0.06799999999995393 -0.07300000000002192 0
0.06799999999995565 -0.07200000000002288 0
0.0679999999999574 -0.07100000000002459 0
0.06799999999995912 -0.07000000000002535 0
0.06799999999996084 -0.06900000000002617 0
0.06799999999996256 -0.06800000000002784 0
0.06799999999996428 -0.06700000000002879 0
0.06799999999996603 -0.06600000000002935 0
0.06799999999996775 -0.06500000000003023 0
0.06799999999996947 -0.06400000000003192 0
0.06799999999997119 -0.06300000000003275 0
0.06799999999997292 -0.06200000000003331 0
0.06799999999997464 -0.06100000000003433 0
0.06799999999997636 -0.06000000000003602 0
0.06799999999997811 -0.05900000000003675 0
0.06799999999997983 -0.05800000000003781 0
0.06799999999998155 -0.05700000000004008 0
0.06799999999998327 -0.05600000000004153 0
0.06799999999998502 -0.05500000000004256 0
0.06799999999998671 -0.05400000000004333 0
0.06799999999998846 -0.05300000000004445 0
0.06799999999999018 -0.05200000000004557 0
0.06799999999999189 -0.05100000000004654 0
0.06799999999999361 -0.05000000000004737 0
0.06799999999999537 -0.0490000000000485 0
0.06799999999999706 -0.04800000000004959 0
0.06799999999999881 -0.04700000000005053 0
0.06800000000000053 -0.0460000000000514 0
0.06800000000000225 -0.04500000000005203 0
0.068000000000004 -0.04400000000005175 0
0.06800000000000572 -0.04300000000005048 0
0.06800000000000744 -0.04200000000004931 0
0.06800000000000916 -0.04100000000004857 0
0.06800000000001089 -0.0400000000000478 0
0.06800000000001261 -0.03900000000004642 0
0.06800000000001433 -0.03800000000004536 0
0.06800000000001605 -0.0370000000000446 0
0.0680000000000178 -0.03600000000004386 0
0.06800000000001952 -0.03500000000004234 0
0.06800000000002124 -0.03400000000004141 0
0.06800000000002299 -0.0330000000000408 0
0.06800000000002471 -0.03200000000004061 0
0.06800000000002643 -0.03100000000003916 0
0.06800000000002814 -0.03000000000003758 0
0.06800000000002987 -0.02900000000003801 0
0.06800000000003159 -0.02800000000003702 0
0.06800000000003331 -0.02700000000003508 0
0.06800000000003506 -0.02600000000003375 0
0.06800000000003675 -0.02500000000003416 0
0.0680000000000385 -0.02400000000003297 0
0.06800000000004022 -0.02300000000003104 0
0.06800000000004197 -0.02200000000002989 0
0.06800000000004369 -0.02100000000003032 0
0.06800000000004541 -0.0200000000000289 0
0.06800000000004713 -0.01900000000002747 0
0.06800000000004885 -0.0180000000000279 0
0.06800000000005058 -0.01700000000002676 0
0.0680000000000523 -0.01600000000002483 0
0.06800000000005402 -0.01500000000002362 0
0.06800000000005574 -0.0140000000000242 0
0.06800000000005749 -0.01300000000002312 0
0.06800000000005919 -0.01200000000002119 0
0.06800000000006093 -0.01100000000002022 0
0.06800000000006268 -0.01000000000002063 0
0.0680000000000644 -0.009000000000019055 0
0.06800000000006612 -0.008000000000017082 0
0.06800000000006784 -0.007000000000016114 0
0.06800000000006956 -0.006000000000016146 0
0.06800000000007128 -0.005000000000013842 0
0.06800000000007299 -0.004000000000011486 0
0.06800000000007472 -0.003000000000010445 0
0.06800000000007647 -0.002000000000010301 0
0.06800000000007819 -0.001000000000007953 0
0.06800000000007991 -5.740633662876249e-15 0
0.06800000000008166 0.0009999999999947837 0
0.06800000000008338 0.001999999999994932 0
0.0680000000000851 0.002999999999997209 0
0.06800000000008681 0.003999999999999551 0
0.06899999999992083 -0.09400000000000147 0
0.0689999999999225 -0.09300000000000212 0
0.06899999999992419 -0.09200000000000273 0
0.06899999999992582 -0.09100000000000431 0
0.06899999999992748 -0.09000000000000567 0
0.06899999999992919 -0.0890000000000063 0
0.06899999999993081 -0.08800000000000695 0
0.06899999999993248 -0.08700000000000861 0
0.06899999999993418 -0.08600000000000987 0
0.06899999999993582 -0.0850000000000105 0
0.06899999999993749 -0.08400000000001122 0
0.06899999999993918 -0.08300000000001294 0
0.06899999999994082 -0.08200000000001412 0
0.06899999999994247 -0.08100000000001474 0
0.06899999999994416 -0.08000000000001553 0
0.0689999999999458 -0.07900000000001721 0
0.06899999999994749 -0.0780000000000183 0
0.06899999999994913 -0.0770000000000189 0
0.06899999999995082 -0.07600000000001982 0
0.06899999999995247 -0.07500000000002152 0
0.06899999999995417 -0.07400000000002252 0
0.06899999999995582 -0.07300000000002313 0
0.0689999999999575 -0.07200000000002416 0
0.06899999999995915 -0.07100000000002585 0
0.06899999999996081 -0.07000000000002671 0
0.06899999999996249 -0.06900000000002759 0
0.06899999999996416 -0.06800000000002929 0
0.0689999999999658 -0.06700000000003029 0
0.06899999999996748 -0.06600000000003091 0
0.06899999999996914 -0.06500000000003185 0
0.06899999999997081 -0.0640000000000336 0
0.06899999999997249 -0.06300000000003447 0
0.06899999999997414 -0.06200000000003511 0
0.0689999999999758 -0.06100000000003618 0
0.06899999999997747 -0.06000000000003788 0
0.06899999999997915 -0.0590000000000387 0
0.0689999999999808 -0.0580000000000398 0
0.06899999999998248 -0.05700000000004216 0
0.06899999999998414 -0.05600000000004365 0
0.06899999999998581 -0.05500000000004474 0
0.06899999999998746 -0.05400000000004557 0
0.06899999999998914 -0.05300000000004675 0
0.06899999999999079 -0.05200000000004791 0
0.06899999999999247 -0.05100000000004893 0
0.06899999999999412 -0.05000000000004982 0
0.0689999999999958 -0.04900000000005101 0
0.06899999999999747 -0.04800000000005215 0
0.06899999999999912 -0.04700000000005315 0
0.0690000000000008 -0.04600000000005407 0
0.06900000000000245 -0.04500000000005474 0
0.06900000000000413 -0.04400000000005443 0
0.06900000000000578 -0.04300000000005309 0
0.06900000000000744 -0.04200000000005187 0
0.06900000000000911 -0.04100000000005107 0
0.0690000000000108 -0.04000000000005025 0
0.06900000000001244 -0.0390000000000488 0
0.06900000000001411 -0.03800000000004769 0
0.06900000000001578 -0.03700000000004686 0
0.06900000000001744 -0.03600000000004609 0
0.0690000000000191 -0.03500000000004449 0
0.06900000000002077 -0.0340000000000435 0
0.06900000000002243 -0.03300000000004284 0
0.06900000000002413 -0.03200000000004258 0
0.06900000000002576 -0.03100000000004105 0
0.06900000000002746 -0.03000000000003942 0
0.06900000000002909 -0.02900000000003981 0
0.06900000000003077 -0.02800000000003876 0
0.06900000000003245 -0.02700000000003676 0
0.0690000000000341 -0.02600000000003535 0
0.06900000000003578 -0.02500000000003573 0
0.06900000000003745 -0.02400000000003448 0
0.0690000000000391 -0.02300000000003248 0
0.06900000000004078 -0.02200000000003128 0
0.06900000000004242 -0.02100000000003166 0
0.06900000000004411 -0.02000000000003018 0
0.06900000000004577 -0.01900000000002868 0
0.06900000000004744 -0.01800000000002908 0
0.06900000000004912 -0.01700000000002787 0
0.06900000000005077 -0.01600000000002588 0
0.06900000000005245 -0.01500000000002461 0
0.0690000000000541 -0.01400000000002514 0
0.06900000000005577 -0.013000000000024 0
0.06900000000005743 -0.012000000000022 0
0.0690000000000591 -0.01100000000002097 0
0.06900000000006076 -0.01000000000002134 0
0.06900000000006243 -0.009000000000019708 0
0.06900000000006409 -0.008000000000017665 0
0.06900000000006577 -0.00700000000001665 0
0.06900000000006744 -0.006000000000016656 0
0.0690000000000691 -0.005000000000014302 0
0.06900000000007075 -0.004000000000011888 0
0.06900000000007242 -0.00300000000001081 0
0.06900000000007411 -0.002000000000010644 0
0.06900000000007578 -0.001000000000008239 0
0.06900000000007746 -5.963328789104771e-15 0
0.06900000000007908 0.0009999999999946018 0
0.06900000000008079 0.001999999999994782 0
0.06900000000008245 0.002999999999997119 0
0.06900000000008412 0.003999999999999519 0
0.06999999999992142 -0.09400000000000151 0
0.06999999999992305 -0.09300000000000221 0
0.06999999999992466 -0.09200000000000289 0
0.06999999999992629 -0.09100000000000454 0
0.06999999999992793 -0.09000000000000596 0
0.0699999999999296 -0.08900000000000663 0
0.06999999999993117 -0.08800000000000736 0
0.06999999999993282 -0.08700000000000904 0
0.06999999999993446 -0.08600000000001039 0
0.0699999999999361 -0.08500000000001104 0
0.06999999999993771 -0.08400000000001182 0
0.06999999999993936 -0.08300000000001358 0
0.06999999999994098 -0.08200000000001477 0
0.06999999999994264 -0.08100000000001548 0
0.06999999999994426 -0.08000000000001636 0
0.0699999999999459 -0.07900000000001804 0
0.06999999999994752 -0.07800000000001922 0
0.06999999999994916 -0.07700000000001991 0
0.06999999999995077 -0.07600000000002087 0
0.06999999999995243 -0.07500000000002259 0
0.06999999999995406 -0.07400000000002366 0
0.06999999999995569 -0.07300000000002434 0
0.06999999999995732 -0.07200000000002538 0
0.06999999999995897 -0.07100000000002714 0
0.06999999999996057 -0.07000000000002805 0
0.06999999999996222 -0.06900000000002897 0
0.06999999999996384 -0.06800000000003073 0
0.06999999999996551 -0.06700000000003178 0
0.06999999999996713 -0.06600000000003244 0
0.06999999999996873 -0.0650000000000335 0
0.06999999999997041 -0.06400000000003526 0
0.06999999999997202 -0.06300000000003619 0
0.06999999999997365 -0.06200000000003691 0
0.06999999999997529 -0.06100000000003801 0
0.06999999999997693 -0.06000000000003974 0
0.06999999999997854 -0.05900000000004062 0
0.06999999999998018 -0.0580000000000418 0
0.06999999999998181 -0.05700000000004422 0
0.06999999999998345 -0.05600000000004578 0
0.06999999999998509 -0.05500000000004693 0
0.0699999999999867 -0.05400000000004781 0
0.06999999999998834 -0.05300000000004903 0
0.06999999999998997 -0.05200000000005025 0
0.0699999999999916 -0.05100000000005134 0
0.06999999999999325 -0.05000000000005229 0
0.06999999999999489 -0.04900000000005351 0
0.0699999999999965 -0.04800000000005473 0
0.06999999999999813 -0.04700000000005575 0
0.06999999999999978 -0.04600000000005674 0
0.07000000000000138 -0.04500000000005744 0
0.07000000000000305 -0.0440000000000571 0
0.07000000000000466 -0.0430000000000557 0
0.07000000000000629 -0.04200000000005443 0
0.07000000000000792 -0.04100000000005358 0
0.07000000000000957 -0.04000000000005269 0
0.07000000000001121 -0.03900000000005119 0
0.07000000000001282 -0.03800000000005 0
0.07000000000001445 -0.03700000000004914 0
0.07000000000001609 -0.03600000000004829 0
0.0700000000000177 -0.03500000000004665 0
0.07000000000001937 -0.0340000000000456 0
0.07000000000002098 -0.03300000000004488 0
0.07000000000002261 -0.03200000000004455 0
0.07000000000002425 -0.03100000000004295 0
0.07000000000002586 -0.03000000000004125 0
0.07000000000002753 -0.02900000000004161 0
0.07000000000002914 -0.0280000000000405 0
0.07000000000003077 -0.02700000000003843 0
0.07000000000003241 -0.02600000000003696 0
0.07000000000003405 -0.0250000000000373 0
0.07000000000003569 -0.02400000000003598 0
0.0700000000000373 -0.02300000000003391 0
0.07000000000003893 -0.02200000000003265 0
0.07000000000004057 -0.02100000000003301 0
0.07000000000004218 -0.02000000000003146 0
0.07000000000004385 -0.0190000000000299 0
0.07000000000004546 -0.01800000000003025 0
0.07000000000004709 -0.01700000000002901 0
0.07000000000004873 -0.01600000000002693 0
0.07000000000005034 -0.0150000000000256 0
0.07000000000005201 -0.0140000000000261 0
0.07000000000005362 -0.01300000000002488 0
0.07000000000005525 -0.0120000000000228 0
0.07000000000005689 -0.01100000000002172 0
0.07000000000005852 -0.01000000000002206 0
0.07000000000006017 -0.009000000000020356 0
0.0700000000000618 -0.008000000000018244 0
0.07000000000006341 -0.007000000000017184 0
0.07000000000006505 -0.006000000000017167 0
0.07000000000006669 -0.005000000000014761 0
0.07000000000006833 -0.004000000000012287 0
0.07000000000006994 -0.003000000000011174 0
0.07000000000007162 -0.002000000000010988 0
0.07000000000007321 -0.001000000000008524 0
0.07000000000007485 -6.187541798374774e-15 0
0.07000000000007649 0.000999999999994419 0
0.07000000000007808 0.001999999999994631 0
0.07000000000007973 0.002999999999997028 0
0.07000000000008139 0.003999999999999487 0
0.07099999999992433 -0.09400000000000155 0
0.07099999999992591 -0.09300000000000236 0
0.07099999999992751 -0.09200000000000308 0
0.07099999999992908 -0.09100000000000474 0
0.07099999999993062 -0.09000000000000619 0
0.07099999999993219 -0.08900000000000696 0
0.07099999999993378 -0.08800000000000777 0
0.07099999999993535 -0.08700000000000944 0
0.07099999999993696 -0.08600000000001086 0
0.07099999999993852 -0.08500000000001161 0
0.07099999999994011 -0.08400000000001241 0
0.07099999999994169 -0.0830000000000142 0
0.07099999999994323 -0.0820000000000155 0
0.07099999999994482 -0.08100000000001625 0
0.07099999999994637 -0.08000000000001718 0
0.07099999999994797 -0.07900000000001894 0
0.07099999999994952 -0.07800000000002009 0
0.07099999999995109 -0.07700000000002089 0
0.0709999999999527 -0.0760000000000219 0
0.07099999999995425 -0.0750000000000237 0
0.07099999999995585 -0.07400000000002477 0
0.07099999999995742 -0.07300000000002553 0
0.07099999999995897 -0.07200000000002665 0
0.07099999999996054 -0.07100000000002844 0
0.07099999999996214 -0.07000000000002937 0
0.07099999999996372 -0.06900000000003043 0
0.07099999999996527 -0.06800000000003217 0
0.07099999999996687 -0.06700000000003328 0
0.07099999999996844 -0.06600000000003403 0
0.07099999999997002 -0.06500000000003513 0
0.0709999999999716 -0.06400000000003693 0
0.07099999999997315 -0.06300000000003791 0
0.07099999999997474 -0.06200000000003869 0
0.07099999999997628 -0.06100000000003984 0
0.07099999999997787 -0.06000000000004162 0
0.07099999999997945 -0.05900000000004255 0
0.07099999999998104 -0.05800000000004382 0
0.07099999999998262 -0.05700000000004629 0
0.0709999999999842 -0.05600000000004791 0
0.07099999999998576 -0.05500000000004911 0
0.07099999999998734 -0.05400000000005004 0
0.07099999999998889 -0.05300000000005132 0
0.07099999999999047 -0.05200000000005258 0
0.07099999999999206 -0.05100000000005373 0
0.07099999999999362 -0.05000000000005476 0
0.07099999999999522 -0.04900000000005601 0
0.07099999999999679 -0.04800000000005729 0
0.07099999999999836 -0.04700000000005838 0
0.07099999999999994 -0.04600000000005942 0
0.07100000000000151 -0.04500000000006014 0
0.07100000000000307 -0.04400000000005976 0
0.07100000000000466 -0.04300000000005831 0
0.07100000000000624 -0.04200000000005697 0
0.07100000000000782 -0.04100000000005607 0
0.07100000000000936 -0.04000000000005514 0
0.07100000000001096 -0.03900000000005357 0
0.07100000000001251 -0.03800000000005232 0
0.07100000000001409 -0.03700000000005142 0
0.07100000000001568 -0.03600000000005051 0
0.07100000000001726 -0.0350000000000488 0
0.07100000000001881 -0.03400000000004769 0
0.07100000000002039 -0.03300000000004693 0
0.07100000000002198 -0.03200000000004653 0
0.07100000000002356 -0.03100000000004485 0
0.07100000000002511 -0.03000000000004308 0
0.07100000000002669 -0.0290000000000434 0
0.07100000000002828 -0.02800000000004223 0
0.07100000000002986 -0.0270000000000401 0
0.07100000000003141 -0.02600000000003856 0
0.071000000000033 -0.02500000000003887 0
0.07100000000003458 -0.02400000000003749 0
0.07100000000003616 -0.02300000000003535 0
0.07100000000003774 -0.02200000000003404 0
0.0710000000000393 -0.02100000000003435 0
0.07100000000004088 -0.02000000000003274 0
0.07100000000004246 -0.01900000000003112 0
0.07100000000004401 -0.01800000000003144 0
0.0710000000000456 -0.01700000000003013 0
0.07100000000004718 -0.01600000000002798 0
0.07100000000004873 -0.01500000000002659 0
0.07100000000005031 -0.01400000000002704 0
0.0710000000000519 -0.01300000000002577 0
0.07100000000005348 -0.01200000000002362 0
0.07100000000005505 -0.01100000000002248 0
0.0710000000000566 -0.01000000000002277 0
0.0710000000000582 -0.009000000000021005 0
0.07100000000005978 -0.008000000000018824 0
0.07100000000006136 -0.007000000000017719 0
0.07100000000006296 -0.006000000000017677 0
0.07100000000006451 -0.005000000000015215 0
0.07100000000006609 -0.004000000000012688 0
0.07100000000006766 -0.003000000000011539 0
0.07100000000006922 -0.002000000000011332 0
0.0710000000000708 -0.001000000000008808 0
0.07100000000007238 -6.411321126775782e-15 0
0.07100000000007392 0.0009999999999942353 0
0.07100000000007552 0.001999999999994481 0
0.07100000000007708 0.002999999999996937 0
0.07100000000007868 0.003999999999999455 0
0.07199999999992836 -0.09400000000000161 0
0.07199999999992981 -0.09300000000000244 0
0.07199999999993136 -0.09200000000000329 0
0.07199999999993284 -0.09100000000000497 0
0.07199999999993434 -0.09000000000000644 0
0.07199999999993587 -0.0890000000000073 0
0.07199999999993734 -0.08800000000000816 0
0.07199999999993889 -0.08700000000000989 0
0.07199999999994036 -0.0860000000000113 0
0.0719999999999419 -0.08500000000001215 0
0.0719999999999434 -0.08400000000001302 0
0.07199999999994489 -0.08300000000001487 0
0.07199999999994643 -0.08200000000001617 0
0.07199999999994791 -0.081000000000017 0
0.07199999999994944 -0.08000000000001802 0
0.07199999999995095 -0.07900000000001978 0
0.07199999999995244 -0.07800000000002105 0
0.07199999999995393 -0.07700000000002187 0
0.07199999999995546 -0.07600000000002292 0
0.07199999999995693 -0.07500000000002476 0
0.07199999999995846 -0.07400000000002593 0
0.07199999999995996 -0.07300000000002677 0
0.0719999999999615 -0.0720000000000279 0
0.071999999999963 -0.07100000000002975 0
0.07199999999996445 -0.07000000000003073 0
0.07199999999996599 -0.0690000000000318 0
0.07199999999996749 -0.06800000000003362 0
0.07199999999996898 -0.0670000000000348 0
0.0719999999999705 -0.06600000000003561 0
0.071999999999972 -0.06500000000003674 0
0.07199999999997354 -0.06400000000003858 0
0.07199999999997504 -0.06300000000003964 0
0.07199999999997653 -0.06200000000004047 0
0.07199999999997805 -0.06100000000004169 0
0.07199999999997955 -0.06000000000004348 0
0.07199999999998105 -0.0590000000000445 0
0.07199999999998255 -0.05800000000004583 0
0.07199999999998408 -0.05700000000004838 0
0.07199999999998558 -0.05600000000005002 0
0.07199999999998709 -0.05500000000005128 0
0.07199999999998857 -0.05400000000005228 0
0.07199999999999009 -0.05300000000005363 0
0.0719999999999916 -0.05200000000005493 0
0.0719999999999931 -0.05100000000005613 0
0.07199999999999462 -0.05000000000005719 0
0.07199999999999612 -0.04900000000005852 0
0.07199999999999764 -0.04800000000005984 0
0.07199999999999913 -0.04700000000006099 0
0.07200000000000065 -0.0460000000000621 0
0.07200000000000213 -0.04500000000006282 0
0.07200000000000364 -0.04400000000006243 0
0.07200000000000516 -0.04300000000006091 0
0.07200000000000664 -0.04200000000005953 0
0.07200000000000817 -0.04100000000005857 0
0.07200000000000967 -0.04000000000005758 0
0.07200000000001117 -0.03900000000005596 0
0.07200000000001268 -0.03800000000005466 0
0.07200000000001419 -0.03700000000005368 0
0.07200000000001569 -0.03600000000005273 0
0.07200000000001719 -0.03500000000005096 0
0.07200000000001872 -0.0340000000000498 0
0.07200000000002023 -0.03300000000004896 0
0.07200000000002174 -0.03200000000004848 0
0.07200000000002324 -0.03100000000004674 0
0.07200000000002474 -0.03000000000004491 0
0.07200000000002624 -0.02900000000004519 0
0.07200000000002776 -0.02800000000004398 0
0.07200000000002926 -0.02700000000004176 0
0.07200000000003078 -0.02600000000004016 0
0.07200000000003226 -0.02500000000004043 0
0.07200000000003379 -0.024000000000039 0
0.0720000000000353 -0.02300000000003679 0
0.07200000000003678 -0.02200000000003541 0
0.07200000000003828 -0.0210000000000357 0
0.07200000000003982 -0.02000000000003402 0
0.07200000000004131 -0.01900000000003233 0
0.07200000000004281 -0.01800000000003262 0
0.07200000000004432 -0.01700000000003125 0
0.07200000000004581 -0.01600000000002903 0
0.07200000000004733 -0.01500000000002759 0
0.07200000000004886 -0.014000000000028 0
0.07200000000005037 -0.01300000000002665 0
0.07200000000005186 -0.01200000000002442 0
0.07200000000005335 -0.01100000000002323 0
0.07200000000005487 -0.01000000000002349 0
0.07200000000005635 -0.009000000000021656 0
0.07200000000005785 -0.008000000000019408 0
0.07200000000005939 -0.007000000000018253 0
0.0720000000000609 -0.006000000000018187 0
0.07200000000006242 -0.005000000000015673 0
0.07200000000006392 -0.004000000000013085 0
0.0720000000000654 -0.003000000000011906 0
0.0720000000000669 -0.002000000000011674 0
0.07200000000006843 -0.001000000000009093 0
0.07200000000006992 -6.634666774307796e-15 0
0.07200000000007147 0.0009999999999940534 0
0.07200000000007296 0.00199999999999433 0
0.07200000000007446 0.002999999999996847 0
0.07200000000007596 0.003999999999999421 0
0.07299999999993113 -0.09400000000000164 0
0.07299999999993258 -0.09300000000000255 0
0.07299999999993402 -0.09200000000000344 0
0.07299999999993546 -0.09100000000000517 0
0.07299999999993693 -0.0900000000000067 0
0.07299999999993836 -0.08900000000000763 0
0.07299999999993982 -0.08800000000000856 0
0.07299999999994126 -0.08700000000001032 0
0.07299999999994274 -0.08600000000001183 0
0.07299999999994419 -0.08500000000001266 0
0.07299999999994562 -0.08400000000001365 0
0.07299999999994707 -0.08300000000001552 0
0.07299999999994855 -0.08200000000001689 0
0.07299999999994998 -0.08100000000001779 0
0.07299999999995142 -0.08000000000001883 0
0.07299999999995291 -0.07900000000002065 0
0.07299999999995435 -0.07800000000002194 0
0.07299999999995579 -0.07700000000002286 0
0.07299999999995722 -0.07600000000002399 0
0.07299999999995868 -0.07500000000002584 0
0.07299999999996011 -0.07400000000002704 0
0.0729999999999616 -0.07300000000002793 0
0.07299999999996303 -0.07200000000002915 0
0.07299999999996451 -0.07100000000003101 0
0.07299999999996595 -0.07000000000003211 0
0.07299999999996738 -0.06900000000003322 0
0.07299999999996885 -0.06800000000003506 0
0.0729999999999703 -0.06700000000003629 0
0.07299999999997174 -0.06600000000003715 0
0.0729999999999732 -0.06500000000003836 0
0.07299999999997467 -0.06400000000004023 0
0.07299999999997611 -0.06300000000004136 0
0.07299999999997754 -0.06200000000004224 0
0.072999999999979 -0.06100000000004353 0
0.07299999999998046 -0.06000000000004536 0
0.07299999999998191 -0.05900000000004642 0
0.07299999999998334 -0.05800000000004782 0
0.07299999999998481 -0.05700000000005043 0
0.07299999999998626 -0.05600000000005216 0
0.07299999999998769 -0.05500000000005346 0
0.07299999999998914 -0.05400000000005454 0
0.0729999999999906 -0.05300000000005592 0
0.07299999999999204 -0.05200000000005728 0
0.07299999999999351 -0.05100000000005854 0
0.07299999999999494 -0.05000000000005966 0
0.07299999999999643 -0.04900000000006104 0
0.07299999999999784 -0.0480000000000624 0
0.07299999999999932 -0.0470000000000636 0
0.07300000000000076 -0.04600000000006477 0
0.0730000000000022 -0.04500000000006552 0
0.07300000000000365 -0.04400000000006512 0
0.0730000000000051 -0.04300000000006354 0
0.07300000000000655 -0.04200000000006208 0
0.073000000000008 -0.04100000000006106 0
0.07300000000000947 -0.04000000000006002 0
0.07300000000001092 -0.03900000000005833 0
0.07300000000001236 -0.03800000000005699 0
0.0730000000000138 -0.03700000000005595 0
0.07300000000001525 -0.03600000000005493 0
0.0730000000000167 -0.0350000000000531 0
0.07300000000001815 -0.03400000000005188 0
0.0730000000000196 -0.033000000000051 0
0.07300000000002106 -0.03200000000005045 0
0.07300000000002251 -0.03100000000004862 0
0.07300000000002395 -0.03000000000004674 0
0.07300000000002541 -0.02900000000004698 0
0.07300000000002686 -0.02800000000004571 0
0.07300000000002831 -0.02700000000004342 0
0.07300000000002975 -0.02600000000004177 0
0.07300000000003123 -0.02500000000004201 0
0.07300000000003266 -0.02400000000004052 0
0.07300000000003411 -0.02300000000003823 0
0.07300000000003555 -0.02200000000003679 0
0.07300000000003701 -0.02100000000003703 0
0.07300000000003845 -0.0200000000000353 0
0.07300000000003991 -0.01900000000003355 0
0.07300000000004135 -0.01800000000003379 0
0.07300000000004281 -0.01700000000003237 0
0.07300000000004427 -0.01600000000003008 0
0.07300000000004571 -0.01500000000002857 0
0.07300000000004715 -0.01400000000002894 0
0.07300000000004861 -0.01300000000002752 0
0.07300000000005008 -0.01200000000002524 0
0.07300000000005152 -0.01100000000002398 0
0.07300000000005297 -0.01000000000002421 0
0.07300000000005442 -0.009000000000022304 0
0.07300000000005587 -0.008000000000019991 0
0.07300000000005731 -0.007000000000018787 0
0.07300000000005875 -0.006000000000018697 0
0.0730000000000602 -0.005000000000016132 0
0.07300000000006168 -0.004000000000013485 0
0.07300000000006313 -0.00300000000001227 0
0.07300000000006457 -0.002000000000012019 0
0.07300000000006604 -0.001000000000009378 0
0.07300000000006747 -6.856928219667324e-15 0
0.07300000000006891 0.0009999999999938715 0
0.07300000000007037 0.001999999999994179 0
0.07300000000007181 0.002999999999996756 0
0.07300000000007324 0.003999999999999389 0
0.07399999999993172 -0.09400000000000169 0
0.07399999999993313 -0.09300000000000266 0
0.07399999999993453 -0.09200000000000363 0
0.07399999999993592 -0.09100000000000537 0
0.07399999999993734 -0.09000000000000695 0
0.07399999999993877 -0.08900000000000796 0
0.07399999999994017 -0.08800000000000893 0
0.07399999999994161 -0.08700000000001078 0
0.073999999999943 -0.08600000000001225 0
0.07399999999994443 -0.08500000000001322 0
0.07399999999994585 -0.08400000000001426 0
0.07399999999994726 -0.08300000000001616 0
0.07399999999994869 -0.08200000000001753 0
0.07399999999995008 -0.08100000000001854 0
0.07399999999995152 -0.08000000000001964 0
0.07399999999995295 -0.07900000000002151 0
0.07399999999995435 -0.07800000000002286 0
0.07399999999995577 -0.07700000000002381 0
0.07399999999995718 -0.07600000000002503 0
0.07399999999995861 -0.07500000000002691 0
0.07399999999996003 -0.07400000000002815 0
0.07399999999996143 -0.07300000000002914 0
0.07399999999996285 -0.07200000000003041 0
0.07399999999996426 -0.0710000000000323 0
0.07399999999996568 -0.07000000000003344 0
0.07399999999996711 -0.06900000000003464 0
0.07399999999996851 -0.0680000000000365 0
0.07399999999996994 -0.06700000000003779 0
0.07399999999997134 -0.06600000000003874 0
0.07399999999997275 -0.06500000000004 0
0.07399999999997417 -0.06400000000004187 0
0.0739999999999756 -0.06300000000004308 0
0.073999999999977 -0.06200000000004401 0
0.07399999999997842 -0.06100000000004538 0
0.07399999999997983 -0.06000000000004724 0
0.07399999999998125 -0.05900000000004835 0
0.07399999999998269 -0.05800000000004982 0
0.07399999999998411 -0.05700000000005251 0
0.07399999999998549 -0.0560000000000543 0
0.07399999999998695 -0.05500000000005565 0
0.07399999999998837 -0.05400000000005677 0
0.07399999999998977 -0.05300000000005821 0
0.07399999999999118 -0.05200000000005962 0
0.0739999999999926 -0.05100000000006092 0
0.07399999999999402 -0.05000000000006211 0
0.07399999999999543 -0.04900000000006354 0
0.07399999999999686 -0.04800000000006496 0
0.07399999999999826 -0.04700000000006623 0
0.07399999999999969 -0.04600000000006745 0
0.07400000000000111 -0.04500000000006823 0
0.07400000000000251 -0.04400000000006779 0
0.07400000000000392 -0.04300000000006615 0
0.07400000000000534 -0.04200000000006464 0
0.07400000000000675 -0.04100000000006355 0
0.07400000000000817 -0.04000000000006246 0
0.07400000000000959 -0.03900000000006072 0
0.074000000000011 -0.0380000000000593 0
0.07400000000001244 -0.03700000000005822 0
0.07400000000001385 -0.03600000000005715 0
0.07400000000001525 -0.03500000000005526 0
0.07400000000001666 -0.03400000000005399 0
0.07400000000001811 -0.03300000000005303 0
0.07400000000001949 -0.0320000000000524 0
0.07400000000002094 -0.03100000000005054 0
0.07400000000002233 -0.03000000000004857 0
0.07400000000002374 -0.02900000000004878 0
0.07400000000002516 -0.02800000000004745 0
0.0740000000000266 -0.02700000000004509 0
0.07400000000002802 -0.02600000000004338 0
0.07400000000002943 -0.02500000000004357 0
0.07400000000003085 -0.02400000000004202 0
0.07400000000003228 -0.02300000000003966 0
0.07400000000003369 -0.02200000000003817 0
0.07400000000003509 -0.02100000000003838 0
0.07400000000003652 -0.02000000000003658 0
0.07400000000003794 -0.01900000000003477 0
0.07400000000003935 -0.01800000000003497 0
0.07400000000004076 -0.0170000000000335 0
0.07400000000004217 -0.01600000000003113 0
0.0740000000000436 -0.01500000000002957 0
0.07400000000004502 -0.01400000000002989 0
0.07400000000004642 -0.0130000000000284 0
0.07400000000004786 -0.01200000000002604 0
0.07400000000004925 -0.01100000000002473 0
0.07400000000005071 -0.01000000000002492 0
0.07400000000005209 -0.009000000000022953 0
0.07400000000005352 -0.008000000000020571 0
0.07400000000005492 -0.007000000000019322 0
0.07400000000005637 -0.006000000000019207 0
0.07400000000005777 -0.005000000000016588 0
0.07400000000005919 -0.004000000000013885 0
0.07400000000006057 -0.003000000000012635 0
0.07400000000006203 -0.002000000000012361 0
0.0740000000000634 -0.001000000000009662 0
0.07400000000006486 -7.079840186330344e-15 0
0.07400000000006626 0.0009999999999936878 0
0.07400000000006769 0.001999999999994027 0
0.07400000000006909 0.002999999999996665 0
0.07400000000007051 0.003999999999999358 0
0.07499999999993495 -0.09400000000000171 0
0.07499999999993633 -0.09300000000000277 0
0.07499999999993766 -0.09200000000000379 0
0.074999999999939 -0.09100000000000559 0
0.07499999999994036 -0.09000000000000723 0
0.07499999999994177 -0.08900000000000827 0
0.0749999999999431 -0.08800000000000933 0
0.07499999999994444 -0.08700000000001118 0
0.0749999999999458 -0.08600000000001276 0
0.07499999999994716 -0.08500000000001375 0
0.07499999999994851 -0.08400000000001487 0
0.07499999999994983 -0.08300000000001678 0
0.07499999999995124 -0.08200000000001828 0
0.07499999999995255 -0.08100000000001931 0
0.07499999999995394 -0.08000000000002049 0
0.07499999999995528 -0.07900000000002239 0
0.07499999999995663 -0.07800000000002376 0
0.07499999999995799 -0.07700000000002481 0
0.07499999999995935 -0.07600000000002606 0
0.07499999999996071 -0.07500000000002797 0
0.07499999999996206 -0.07400000000002932 0
0.07499999999996343 -0.07300000000003035 0
0.07499999999996479 -0.07200000000003168 0
0.07499999999996615 -0.07100000000003362 0
0.07499999999996748 -0.07000000000003478 0
0.07499999999996884 -0.06900000000003602 0
0.07499999999997022 -0.06800000000003795 0
0.07499999999997155 -0.06700000000003929 0
0.07499999999997289 -0.06600000000004029 0
0.07499999999997425 -0.06500000000004164 0
0.07499999999997561 -0.06400000000004355 0
0.07499999999997697 -0.0630000000000448 0
0.07499999999997833 -0.06200000000004582 0
0.07499999999997969 -0.06100000000004722 0
0.07499999999998105 -0.06000000000004911 0
0.07499999999998241 -0.0590000000000503 0
0.07499999999998375 -0.0580000000000518 0
0.07499999999998511 -0.05700000000005458 0
0.07499999999998648 -0.05600000000005641 0
0.07499999999998784 -0.05500000000005783 0
0.07499999999998919 -0.05400000000005902 0
0.07499999999999056 -0.0530000000000605 0
0.07499999999999191 -0.05200000000006197 0
0.07499999999999324 -0.05100000000006333 0
0.07499999999999463 -0.05000000000006458 0
0.07499999999999596 -0.04900000000006606 0
0.07499999999999732 -0.04800000000006752 0
0.07499999999999868 -0.04700000000006885 0
0.07500000000000004 -0.04600000000007012 0
0.07500000000000139 -0.04500000000007092 0
0.07500000000000273 -0.04400000000007045 0
0.07500000000000409 -0.04300000000006876 0
0.07500000000000545 -0.04200000000006718 0
0.07500000000000681 -0.04100000000006606 0
0.07500000000000817 -0.04000000000006491 0
0.0750000000000095 -0.0390000000000631 0
0.07500000000001089 -0.03800000000006162 0
0.07500000000001222 -0.03700000000006049 0
0.07500000000001358 -0.03600000000005938 0
0.07500000000001494 -0.03500000000005741 0
0.07500000000001628 -0.03400000000005608 0
0.07500000000001766 -0.03300000000005506 0
0.075000000000019 -0.03200000000005438 0
0.07500000000002036 -0.03100000000005243 0
0.07500000000002172 -0.0300000000000504 0
0.07500000000002308 -0.02900000000005057 0
0.07500000000002445 -0.02800000000004919 0
0.07500000000002577 -0.02700000000004675 0
0.07500000000002716 -0.02600000000004498 0
0.07500000000002849 -0.02500000000004515 0
0.07500000000002988 -0.02400000000004352 0
0.07500000000003121 -0.02300000000004111 0
0.07500000000003257 -0.02200000000003955 0
0.07500000000003393 -0.02100000000003972 0
0.07500000000003529 -0.02000000000003786 0
0.07500000000003666 -0.01900000000003598 0
0.07500000000003798 -0.01800000000003616 0
0.07500000000003935 -0.01700000000003461 0
0.07500000000004071 -0.01600000000003218 0
0.07500000000004207 -0.01500000000003056 0
0.07500000000004342 -0.01400000000003085 0
0.07500000000004475 -0.01300000000002929 0
0.07500000000004614 -0.01200000000002685 0
0.07500000000004749 -0.01100000000002548 0
0.07500000000004885 -0.01000000000002564 0
0.07500000000005021 -0.009000000000023605 0
0.07500000000005157 -0.00800000000002115 0
0.07500000000005291 -0.007000000000019857 0
0.07500000000005425 -0.006000000000019714 0
0.07500000000005565 -0.005000000000017046 0
0.07500000000005698 -0.004000000000014286 0
0.07500000000005834 -0.003000000000012999 0
0.0750000000000597 -0.002000000000012706 0
0.07500000000006106 -0.001000000000009948 0
0.07500000000006242 -7.302318472124369e-15 0
0.07500000000006375 0.0009999999999935054 0
0.07500000000006514 0.001999999999993876 0
0.07500000000006646 0.002999999999996576 0
0.07500000000006786 0.003999999999999325 0
0.07599999999993816 -0.09400000000000175 0
0.07599999999993948 -0.09300000000000287 0
0.07599999999994081 -0.09200000000000402 0
0.07599999999994207 -0.09100000000000581 0
0.07599999999994339 -0.09000000000000749 0
0.07599999999994465 -0.0890000000000086 0
0.07599999999994596 -0.08800000000000972 0
0.07599999999994726 -0.0870000000000116 0
0.07599999999994854 -0.08600000000001325 0
0.07599999999994986 -0.08500000000001433 0
0.07599999999995116 -0.08400000000001552 0
0.07599999999995245 -0.08300000000001742 0
0.07599999999995377 -0.08200000000001895 0
0.07599999999995505 -0.08100000000002007 0
0.07599999999995634 -0.0800000000000213 0
0.07599999999995762 -0.0790000000000232 0
0.07599999999995892 -0.07800000000002467 0
0.07599999999996022 -0.0770000000000258 0
0.07599999999996152 -0.07600000000002709 0
0.07599999999996282 -0.07500000000002907 0
0.07599999999996411 -0.07400000000003043 0
0.07599999999996539 -0.07300000000003151 0
0.07599999999996668 -0.07200000000003293 0
0.075999999999968 -0.0710000000000349 0
0.07599999999996927 -0.07000000000003614 0
0.07599999999997055 -0.06900000000003745 0
0.07599999999997188 -0.06800000000003939 0
0.07599999999997317 -0.06700000000004079 0
0.07599999999997445 -0.06600000000004189 0
0.07599999999997574 -0.06500000000004322 0
0.07599999999997702 -0.0640000000000452 0
0.07599999999997833 -0.06300000000004649 0
0.07599999999997964 -0.06200000000004761 0
0.07599999999998094 -0.06100000000004906 0
0.07599999999998225 -0.06000000000005099 0
0.07599999999998353 -0.05900000000005224 0
0.07599999999998483 -0.05800000000005382 0
0.07599999999998613 -0.05700000000005664 0
0.07599999999998741 -0.05600000000005854 0
0.07599999999998872 -0.05500000000006 0
0.07599999999998999 -0.05400000000006126 0
0.07599999999999132 -0.0530000000000628 0
0.0759999999999926 -0.0520000000000643 0
0.07599999999999386 -0.05100000000006573 0
0.0759999999999952 -0.05000000000006703 0
0.07599999999999647 -0.04900000000006855 0
0.07599999999999776 -0.04800000000007008 0
0.07599999999999907 -0.04700000000007145 0
0.07600000000000037 -0.04600000000007279 0
0.07600000000000165 -0.04500000000007363 0
0.07600000000000294 -0.04400000000007312 0
0.07600000000000426 -0.04300000000007137 0
0.07600000000000556 -0.04200000000006972 0
0.07600000000000684 -0.04100000000006854 0
0.07600000000000813 -0.04000000000006736 0
0.07600000000000941 -0.03900000000006548 0
0.07600000000001073 -0.03800000000006394 0
0.07600000000001202 -0.03700000000006277 0
0.07600000000001331 -0.03600000000006159 0
0.07600000000001461 -0.03500000000005957 0
0.07600000000001592 -0.03400000000005818 0
0.07600000000001721 -0.03300000000005711 0
0.07600000000001848 -0.03200000000005635 0
0.07600000000001979 -0.03100000000005432 0
0.07600000000002109 -0.03000000000005224 0
0.07600000000002237 -0.02900000000005237 0
0.07600000000002367 -0.02800000000005094 0
0.07600000000002495 -0.02700000000004843 0
0.07600000000002627 -0.02600000000004659 0
0.07600000000002757 -0.02500000000004671 0
0.07600000000002884 -0.02400000000004504 0
0.07600000000003014 -0.02300000000004254 0
0.07600000000003146 -0.02200000000004092 0
0.07600000000003272 -0.02100000000004107 0
0.07600000000003404 -0.02000000000003913 0
0.07600000000003534 -0.0190000000000372 0
0.07600000000003662 -0.01800000000003734 0
0.07600000000003793 -0.01700000000003573 0
0.07600000000003922 -0.01600000000003323 0
0.07600000000004051 -0.01500000000003155 0
0.07600000000004181 -0.0140000000000318 0
0.0760000000000431 -0.01300000000003017 0
0.07600000000004439 -0.01200000000002766 0
0.07600000000004567 -0.01100000000002624 0
0.07600000000004699 -0.01000000000002635 0
0.07600000000004827 -0.009000000000024258 0
0.07600000000004957 -0.008000000000021733 0
0.07600000000005087 -0.00700000000002039 0
0.07600000000005215 -0.006000000000020224 0
0.07600000000005346 -0.005000000000017506 0
0.07600000000005476 -0.004000000000014685 0
0.07600000000005604 -0.003000000000013365 0
0.07600000000005736 -0.002000000000013049 0
0.07600000000005866 -0.001000000000010233 0
0.07600000000005992 -7.525230438787389e-15 0
0.07600000000006123 0.0009999999999933229 0
0.07600000000006253 0.001999999999993726 0
0.07600000000006381 0.002999999999996486 0
0.07600000000006511 0.003999999999999292 0
0.07699999999993876 -0.0940000000000018 0
0.07699999999994001 -0.09300000000000296 0
0.0769999999999413 -0.09200000000000418 0
0.07699999999994253 -0.09100000000000603 0
0.07699999999994384 -0.09000000000000771 0
0.07699999999994508 -0.08900000000000893 0
0.07699999999994633 -0.0880000000000101 0
0.07699999999994762 -0.08700000000001207 0
0.07699999999994886 -0.08600000000001372 0
0.07699999999995011 -0.08500000000001487 0
0.07699999999995139 -0.08400000000001609 0
0.07699999999995263 -0.08300000000001809 0
0.07699999999995391 -0.08200000000001965 0
0.07699999999995516 -0.08100000000002083 0
0.07699999999995641 -0.08000000000002214 0
0.07699999999995769 -0.07900000000002408 0
0.07699999999995896 -0.0780000000000256 0
0.07699999999996021 -0.0770000000000268 0
0.07699999999996149 -0.07600000000002816 0
0.07699999999996274 -0.07500000000003014 0
0.07699999999996399 -0.07400000000003155 0
0.07699999999996526 -0.07300000000003275 0
0.07699999999996653 -0.07200000000003418 0
0.07699999999996779 -0.07100000000003617 0
0.07699999999996907 -0.07000000000003749 0
0.07699999999997031 -0.06900000000003885 0
0.07699999999997156 -0.06800000000004083 0
0.07699999999997281 -0.06700000000004229 0
0.07699999999997409 -0.06600000000004344 0
0.07699999999997534 -0.06500000000004488 0
0.07699999999997661 -0.06400000000004687 0
0.07699999999997788 -0.06300000000004821 0
0.07699999999997914 -0.0620000000000494 0
0.07699999999998039 -0.06100000000005089 0
0.07699999999998164 -0.06000000000005287 0
0.07699999999998292 -0.05900000000005417 0
0.07699999999998416 -0.05800000000005584 0
0.07699999999998544 -0.05700000000005873 0
0.07699999999998669 -0.05600000000006067 0
0.07699999999998797 -0.05500000000006217 0
0.07699999999998922 -0.0540000000000635 0
0.07699999999999046 -0.05300000000006509 0
0.07699999999999174 -0.05200000000006665 0
0.07699999999999299 -0.05100000000006814 0
0.07699999999999427 -0.05000000000006949 0
0.07699999999999554 -0.04900000000007106 0
0.07699999999999677 -0.04800000000007262 0
0.07699999999999804 -0.04700000000007407 0
0.07699999999999929 -0.04600000000007547 0
0.07700000000000057 -0.04500000000007631 0
0.07700000000000184 -0.04400000000007579 0
0.07700000000000309 -0.04300000000007399 0
0.07700000000000437 -0.04200000000007228 0
0.07700000000000562 -0.04100000000007104 0
0.0770000000000069 -0.04000000000006981 0
0.07700000000000815 -0.03900000000006786 0
0.07700000000000942 -0.03800000000006627 0
0.07700000000001067 -0.03700000000006503 0
0.07700000000001192 -0.0360000000000638 0
0.0770000000000132 -0.03500000000006172 0
0.07700000000001445 -0.03400000000006028 0
0.07700000000001572 -0.03300000000005914 0
0.07700000000001697 -0.03200000000005832 0
0.07700000000001825 -0.03100000000005623 0
0.0770000000000195 -0.03000000000005407 0
0.07700000000002075 -0.02900000000005416 0
0.07700000000002202 -0.02800000000005267 0
0.07700000000002327 -0.0270000000000501 0
0.07700000000002456 -0.02600000000004819 0
0.0770000000000258 -0.02500000000004829 0
0.07700000000002707 -0.02400000000004655 0
0.07700000000002832 -0.02300000000004397 0
0.07700000000002957 -0.02200000000004231 0
0.07700000000003085 -0.0210000000000424 0
0.0770000000000321 -0.02000000000004042 0
0.07700000000003338 -0.01900000000003842 0
0.07700000000003462 -0.01800000000003853 0
0.0770000000000359 -0.01700000000003686 0
0.07700000000003715 -0.01600000000003428 0
0.0770000000000384 -0.01500000000003254 0
0.07700000000003969 -0.01400000000003274 0
0.07700000000004095 -0.01300000000003105 0
0.0770000000000422 -0.01200000000002847 0
0.07700000000004345 -0.01100000000002699 0
0.07700000000004473 -0.01000000000002707 0
0.077000000000046 -0.009000000000024906 0
0.07700000000004723 -0.008000000000022312 0
0.0770000000000485 -0.007000000000020924 0
0.07700000000004978 -0.006000000000020731 0
0.07700000000005103 -0.00500000000001796 0
0.07700000000005229 -0.004000000000015084 0
0.07700000000005355 -0.00300000000001373 0
0.07700000000005483 -0.002000000000013392 0
0.07700000000005609 -0.001000000000010518 0
0.07700000000005734 -7.749660288491889e-15 0
0.0770000000000586 0.0009999999999931407 0
0.07700000000005985 0.001999999999993575 0
0.07700000000006109 0.002999999999996394 0
0.07700000000006238 0.003999999999999261 0
0.07799999999994156 -0.09400000000000185 0
0.07799999999994277 -0.09300000000000307 0
0.07799999999994398 -0.09200000000000433 0
0.0779999999999452 -0.09100000000000626 0
0.07799999999994642 -0.090000000000008 0
0.07799999999994757 -0.08900000000000924 0
0.07799999999994883 -0.08800000000001051 0
0.07799999999995001 -0.08700000000001244 0
0.07799999999995122 -0.08600000000001422 0
0.07799999999995241 -0.08500000000001544 0
0.07799999999995362 -0.0840000000000167 0
0.07799999999995483 -0.08300000000001874 0
0.07799999999995605 -0.08200000000002033 0
0.07799999999995724 -0.08100000000002161 0
0.07799999999995846 -0.08000000000002298 0
0.07799999999995966 -0.07900000000002493 0
0.07799999999996085 -0.07800000000002651 0
0.07799999999996207 -0.07700000000002777 0
0.07799999999996327 -0.07600000000002917 0
0.0779999999999645 -0.07500000000003119 0
0.07799999999996568 -0.07400000000003269 0
0.07799999999996687 -0.07300000000003391 0
0.07799999999996809 -0.07200000000003542 0
0.07799999999996929 -0.07100000000003745 0
0.07799999999997051 -0.07000000000003885 0
0.0779999999999717 -0.06900000000004025 0
0.0779999999999729 -0.06800000000004228 0
0.07799999999997412 -0.06700000000004379 0
0.07799999999997531 -0.06600000000004498 0
0.0779999999999765 -0.06500000000004651 0
0.07799999999997773 -0.06400000000004855 0
0.07799999999997892 -0.06300000000004993 0
0.07799999999998014 -0.06200000000005119 0
0.07799999999998133 -0.06100000000005272 0
0.07799999999998253 -0.06000000000005472 0
0.07799999999998375 -0.0590000000000561 0
0.07799999999998497 -0.05800000000005785 0
0.07799999999998616 -0.05700000000006079 0
0.07799999999998738 -0.05600000000006278 0
0.07799999999998858 -0.05500000000006435 0
0.07799999999998977 -0.05400000000006574 0
0.07799999999999097 -0.05300000000006738 0
0.07799999999999219 -0.05200000000006898 0
0.07799999999999341 -0.05100000000007052 0
0.0779999999999946 -0.05000000000007195 0
0.07799999999999582 -0.04900000000007358 0
0.07799999999999699 -0.04800000000007518 0
0.07799999999999821 -0.04700000000007669 0
0.07799999999999943 -0.04600000000007814 0
0.07800000000000062 -0.045000000000079 0
0.07800000000000182 -0.04400000000007848 0
0.07800000000000304 -0.04300000000007659 0
0.07800000000000426 -0.04200000000007484 0
0.07800000000000545 -0.04100000000007356 0
0.07800000000000665 -0.04000000000007225 0
0.07800000000000787 -0.03900000000007025 0
0.07800000000000906 -0.03800000000006858 0
0.07800000000001026 -0.03700000000006729 0
0.07800000000001148 -0.03600000000006602 0
0.07800000000001267 -0.03500000000006386 0
0.07800000000001386 -0.03400000000006237 0
0.07800000000001509 -0.03300000000006117 0
0.07800000000001631 -0.03200000000006029 0
0.0780000000000175 -0.03100000000005812 0
0.07800000000001869 -0.0300000000000559 0
0.07800000000001991 -0.02900000000005596 0
0.07800000000002111 -0.0280000000000544 0
0.0780000000000223 -0.02700000000005176 0
0.07800000000002352 -0.02600000000004979 0
0.07800000000002472 -0.02500000000004986 0
0.07800000000002594 -0.02400000000004805 0
0.07800000000002713 -0.02300000000004542 0
0.07800000000002835 -0.02200000000004368 0
0.07800000000002955 -0.02100000000004375 0
0.07800000000003077 -0.02000000000004169 0
0.07800000000003196 -0.01900000000003963 0
0.07800000000003318 -0.01800000000003971 0
0.07800000000003438 -0.01700000000003798 0
0.07800000000003557 -0.01600000000003533 0
0.07800000000003679 -0.01500000000003353 0
0.07800000000003798 -0.0140000000000337 0
0.07800000000003918 -0.01300000000003192 0
0.0780000000000404 -0.01200000000002927 0
0.07800000000004159 -0.01100000000002774 0
0.07800000000004283 -0.01000000000002778 0
0.07800000000004401 -0.009000000000025557 0
0.07800000000004523 -0.008000000000022888 0
0.07800000000004642 -0.007000000000021453 0
0.07800000000004761 -0.006000000000021244 0
0.07800000000004884 -0.005000000000018418 0
0.07800000000005003 -0.004000000000015482 0
0.07800000000005125 -0.003000000000014096 0
0.07800000000005244 -0.002000000000013736 0
0.07800000000005367 -0.001000000000010803 0
0.07800000000005487 -7.97170489341692e-15 0
0.07800000000005605 0.0009999999999929575 0
0.07800000000005729 0.001999999999993425 0
0.07800000000005847 0.002999999999996305 0
0.07800000000005967 0.003999999999999228 0
0.07899999999994559 -0.09400000000000187 0
0.07899999999994674 -0.09300000000000318 0
0.07899999999994785 -0.09200000000000451 0
0.07899999999994899 -0.09100000000000649 0
0.07899999999995014 -0.09000000000000825 0
0.07899999999995128 -0.08900000000000956 0
0.0789999999999524 -0.08800000000001094 0
0.07899999999995352 -0.08700000000001287 0
0.07899999999995469 -0.08600000000001466 0
0.07899999999995581 -0.08500000000001595 0
0.07899999999995695 -0.08400000000001732 0
0.07899999999995806 -0.08300000000001936 0
0.07899999999995921 -0.08200000000002104 0
0.07899999999996035 -0.08100000000002237 0
0.07899999999996149 -0.08000000000002377 0
0.07899999999996264 -0.07900000000002579 0
0.07899999999996377 -0.07800000000002744 0
0.07899999999996489 -0.07700000000002874 0
0.07899999999996606 -0.07600000000003024 0
0.07899999999996719 -0.07500000000003228 0
0.0789999999999683 -0.0740000000000338 0
0.07899999999996943 -0.07300000000003512 0
0.07899999999997061 -0.07200000000003669 0
0.07899999999997172 -0.07100000000003877 0
0.07899999999997284 -0.07000000000004021 0
0.07899999999997398 -0.06900000000004168 0
0.07899999999997515 -0.06800000000004372 0
0.07899999999997627 -0.06700000000004527 0
0.07899999999997741 -0.06600000000004659 0
0.07899999999997853 -0.0650000000000481 0
0.07899999999997968 -0.06400000000005018 0
0.07899999999998081 -0.06300000000005164 0
0.07899999999998196 -0.06200000000005296 0
0.07899999999998308 -0.06100000000005458 0
0.07899999999998422 -0.06000000000005661 0
0.07899999999998536 -0.05900000000005803 0
0.0789999999999865 -0.05800000000005984 0
0.07899999999998764 -0.05700000000006287 0
0.07899999999998877 -0.05600000000006492 0
0.0789999999999899 -0.05500000000006656 0
0.07899999999999102 -0.05400000000006799 0
0.0789999999999922 -0.05300000000006968 0
0.07899999999999333 -0.05200000000007134 0
0.07899999999999446 -0.05100000000007292 0
0.07899999999999557 -0.05000000000007441 0
0.07899999999999674 -0.04900000000007608 0
0.07899999999999786 -0.04800000000007777 0
0.07899999999999902 -0.04700000000007931 0
0.07900000000000013 -0.04600000000008082 0
0.07900000000000128 -0.04500000000008171 0
0.0790000000000024 -0.04400000000008115 0
0.07900000000000354 -0.04300000000007921 0
0.07900000000000468 -0.04200000000007738 0
0.07900000000000582 -0.04100000000007605 0
0.07900000000000695 -0.04000000000007471 0
0.07900000000000809 -0.03900000000007262 0
0.07900000000000923 -0.03800000000007092 0
0.07900000000001037 -0.03700000000006957 0
0.07900000000001151 -0.03600000000006824 0
0.07900000000001264 -0.03500000000006602 0
0.07900000000001378 -0.03400000000006446 0
0.07900000000001492 -0.03300000000006321 0
0.07900000000001606 -0.03200000000006226 0
0.07900000000001717 -0.03100000000006 0
0.07900000000001833 -0.03000000000005773 0
0.07900000000001946 -0.02900000000005775 0
0.07900000000002061 -0.02800000000005615 0
0.07900000000002173 -0.02700000000005343 0
0.07900000000002287 -0.02600000000005141 0
0.07900000000002401 -0.02500000000005143 0
0.07900000000002515 -0.02400000000004957 0
0.07900000000002629 -0.02300000000004685 0
0.07900000000002744 -0.02200000000004507 0
0.07900000000002855 -0.02100000000004509 0
0.07900000000002969 -0.02000000000004299 0
0.07900000000003082 -0.01900000000004085 0
0.07900000000003196 -0.01800000000004089 0
0.07900000000003311 -0.0170000000000391 0
0.07900000000003424 -0.01600000000003639 0
0.07900000000003538 -0.01500000000003452 0
0.07900000000003649 -0.01400000000003465 0
0.07900000000003765 -0.0130000000000328 0
0.0790000000000388 -0.01200000000003008 0
0.07900000000003994 -0.01100000000002849 0
0.07900000000004108 -0.0100000000000285 0
0.0790000000000422 -0.009000000000026208 0
0.07900000000004331 -0.008000000000023473 0
0.07900000000004448 -0.007000000000021993 0
0.0790000000000456 -0.006000000000021754 0
0.07900000000004677 -0.005000000000018875 0
0.07900000000004788 -0.004000000000015882 0
0.07900000000004904 -0.00300000000001446 0
0.07900000000005016 -0.002000000000014078 0
0.07900000000005131 -0.001000000000011088 0
0.07900000000005243 -8.195267381383431e-15 0
0.07900000000005357 0.0009999999999927753 0
0.07900000000005471 0.001999999999993274 0
0.07900000000005587 0.002999999999996213 0
0.07900000000005697 0.003999999999999195 0
0.07999999999994852 -0.09400000000000194 0
0.07999999999994958 -0.09300000000000329 0
0.07999999999995065 -0.09200000000000468 0
0.07999999999995172 -0.0910000000000067 0
0.07999999999995283 -0.09000000000000852 0
0.0799999999999539 -0.0890000000000099 0
0.07999999999995498 -0.08800000000001133 0
0.07999999999995605 -0.08700000000001333 0
0.07999999999995711 -0.08600000000001515 0
0.07999999999995823 -0.08500000000001648 0
0.07999999999995931 -0.08400000000001794 0
0.07999999999996038 -0.08300000000002 0
0.07999999999996146 -0.08200000000002175 0
0.07999999999996252 -0.08100000000002311 0
0.0799999999999636 -0.08000000000002462 0
0.07999999999996471 -0.07900000000002666 0
0.07999999999996577 -0.07800000000002831 0
0.07999999999996688 -0.07700000000002973 0
0.0799999999999679 -0.07600000000003125 0
0.07999999999996898 -0.07500000000003336 0
0.07999999999997011 -0.07400000000003498 0
0.07999999999997115 -0.07300000000003633 0
0.07999999999997223 -0.07200000000003794 0
0.07999999999997331 -0.07100000000004003 0
0.0799999999999744 -0.07000000000004153 0
0.07999999999997548 -0.06900000000004305 0
0.07999999999997655 -0.06800000000004516 0
0.07999999999997763 -0.06700000000004679 0
0.0799999999999787 -0.06600000000004816 0
0.07999999999997981 -0.06500000000004971 0
0.07999999999998088 -0.06400000000005183 0
0.07999999999998196 -0.06300000000005335 0
0.07999999999998304 -0.06200000000005474 0
0.07999999999998413 -0.06100000000005641 0
0.07999999999998519 -0.06000000000005847 0
0.07999999999998628 -0.05900000000005996 0
0.07999999999998736 -0.05800000000006182 0
0.07999999999998841 -0.05700000000006495 0
0.07999999999998954 -0.05600000000006704 0
0.07999999999999062 -0.05500000000006872 0
0.07999999999999169 -0.05400000000007022 0
0.07999999999999274 -0.05300000000007197 0
0.07999999999999383 -0.05200000000007368 0
0.07999999999999491 -0.05100000000007533 0
0.07999999999999599 -0.05000000000007687 0
0.07999999999999707 -0.0490000000000786 0
0.07999999999999813 -0.04800000000008032 0
0.07999999999999921 -0.04700000000008192 0
0.08000000000000029 -0.0460000000000835 0
0.08000000000000138 -0.04500000000008441 0
0.08000000000000246 -0.04400000000008381 0
0.08000000000000354 -0.04300000000008181 0
0.08000000000000462 -0.04200000000007992 0
0.08000000000000571 -0.04100000000007854 0
0.08000000000000679 -0.04000000000007714 0
0.08000000000000784 -0.039000000000075 0
0.08000000000000895 -0.03800000000007325 0
0.08000000000001001 -0.03700000000007184 0
0.08000000000001109 -0.03600000000007045 0
0.08000000000001217 -0.03500000000006816 0
0.08000000000001325 -0.03400000000006656 0
0.08000000000001434 -0.03300000000006525 0
0.08000000000001543 -0.03200000000006421 0
0.08000000000001652 -0.03100000000006191 0
0.08000000000001756 -0.03000000000005956 0
0.08000000000001864 -0.02900000000005954 0
0.08000000000001972 -0.02800000000005788 0
0.08000000000002082 -0.02700000000005509 0
0.08000000000002189 -0.02600000000005301 0
0.08000000000002298 -0.02500000000005299 0
0.08000000000002407 -0.02400000000005108 0
0.08000000000002513 -0.02300000000004829 0
0.08000000000002622 -0.02200000000004644 0
0.08000000000002729 -0.02100000000004644 0
0.08000000000002837 -0.02000000000004426 0
0.08000000000002944 -0.01900000000004207 0
0.08000000000003052 -0.01800000000004207 0
0.08000000000003162 -0.01700000000004022 0
0.08000000000003268 -0.01600000000003744 0
0.08000000000003378 -0.01500000000003551 0
0.08000000000003485 -0.0140000000000356 0
0.08000000000003595 -0.01300000000003368 0
0.080000000000037 -0.01200000000003089 0
0.0800000000000381 -0.01100000000002924 0
0.08000000000003916 -0.01000000000002922 0
0.08000000000004028 -0.00900000000002686 0
0.08000000000004132 -0.008000000000024056 0
0.0800000000000424 -0.007000000000022525 0
0.08000000000004349 -0.006000000000022258 0
0.08000000000004455 -0.005000000000019334 0
0.08000000000004565 -0.004000000000016281 0
0.08000000000004671 -0.003000000000014823 0
0.08000000000004778 -0.002000000000014423 0
0.08000000000004888 -0.001000000000011372 0
0.08000000000004995 -8.417745667177456e-15 0
0.08000000000005103 0.0009999999999925917 0
0.08000000000005209 0.001999999999993122 0
0.08000000000005321 0.002999999999996123 0
0.08000000000005425 0.003999999999999164 0
0.08099999999994906 -0.09400000000000196 0
0.08099999999995011 -0.0930000000000034 0
0.08099999999995114 -0.09200000000000487 0
0.08099999999995219 -0.09100000000000689 0
0.08099999999995328 -0.09000000000000878 0
0.0809999999999543 -0.08900000000001024 0
0.08099999999995533 -0.08800000000001171 0
0.08099999999995638 -0.08700000000001376 0
0.08099999999995744 -0.08600000000001559 0
0.08099999999995851 -0.08500000000001703 0
0.08099999999995953 -0.08400000000001856 0
0.08099999999996055 -0.08300000000002064 0
0.0809999999999616 -0.08200000000002243 0
0.08099999999996266 -0.0810000000000239 0
0.08099999999996371 -0.08000000000002545 0
0.08099999999996474 -0.07900000000002752 0
0.08099999999996578 -0.07800000000002927 0
0.08099999999996682 -0.07700000000003071 0
0.08099999999996788 -0.07600000000003233 0
0.08099999999996893 -0.07500000000003441 0
0.08099999999996998 -0.07400000000003609 0
0.08099999999997101 -0.07300000000003751 0
0.08099999999997207 -0.07200000000003919 0
0.08099999999997309 -0.07100000000004132 0
0.08099999999997418 -0.07000000000004286 0
0.08099999999997518 -0.0690000000000445 0
0.08099999999997626 -0.06800000000004661 0
0.08099999999997731 -0.06700000000004827 0
0.08099999999997834 -0.06600000000004971 0
0.08099999999997939 -0.06500000000005135 0
0.08099999999998042 -0.06400000000005347 0
0.08099999999998149 -0.06300000000005508 0
0.08099999999998253 -0.06200000000005652 0
0.08099999999998356 -0.06100000000005824 0
0.08099999999998461 -0.06000000000006036 0
0.08099999999998564 -0.05900000000006191 0
0.08099999999998669 -0.05800000000006384 0
0.08099999999998775 -0.057000000000067 0
0.08099999999998878 -0.05600000000006917 0
0.08099999999998983 -0.05500000000007091 0
0.08099999999999088 -0.05400000000007247 0
0.08099999999999194 -0.05300000000007425 0
0.08099999999999299 -0.05200000000007601 0
0.08099999999999402 -0.05100000000007772 0
0.08099999999999508 -0.05000000000007931 0
0.0809999999999961 -0.0490000000000811 0
0.08099999999999716 -0.04800000000008288 0
0.08099999999999821 -0.04700000000008452 0
0.08099999999999924 -0.04600000000008616 0
0.08100000000000027 -0.04500000000008712 0
0.08100000000000132 -0.04400000000008648 0
0.08100000000000238 -0.04300000000008443 0
0.08100000000000343 -0.04200000000008249 0
0.08100000000000449 -0.04100000000008103 0
0.08100000000000554 -0.04000000000007958 0
0.08100000000000657 -0.03900000000007738 0
0.08100000000000762 -0.03800000000007557 0
0.08100000000000865 -0.03700000000007412 0
0.0810000000000097 -0.03600000000007267 0
0.08100000000001076 -0.03500000000007034 0
0.08100000000001178 -0.03400000000006866 0
0.08100000000001284 -0.03300000000006729 0
0.08100000000001389 -0.03200000000006618 0
0.08100000000001492 -0.03100000000006381 0
0.08100000000001598 -0.03000000000006139 0
0.08100000000001703 -0.02900000000006134 0
0.08100000000001809 -0.02800000000005962 0
0.08100000000001911 -0.02700000000005676 0
0.08100000000002017 -0.02600000000005461 0
0.08100000000002122 -0.02500000000005456 0
0.08100000000002225 -0.02400000000005258 0
0.0810000000000233 -0.02300000000004974 0
0.08100000000002436 -0.02200000000004782 0
0.08100000000002539 -0.02100000000004778 0
0.08100000000002644 -0.02000000000004554 0
0.08100000000002747 -0.01900000000004328 0
0.08100000000002852 -0.01800000000004325 0
0.08100000000002958 -0.01700000000004134 0
0.08100000000003064 -0.01600000000003849 0
0.08100000000003169 -0.0150000000000365 0
0.08100000000003268 -0.01400000000003655 0
0.08100000000003374 -0.01300000000003457 0
0.08100000000003479 -0.0120000000000317 0
0.08100000000003585 -0.01100000000002999 0
0.0810000000000369 -0.01000000000002993 0
0.08100000000003793 -0.009000000000027505 0
0.08100000000003896 -0.008000000000024635 0
0.08100000000004001 -0.007000000000023058 0
0.08100000000004107 -0.006000000000022776 0
0.08100000000004212 -0.005000000000019791 0
0.08100000000004318 -0.004000000000016685 0
0.08100000000004423 -0.003000000000015189 0
0.08100000000004523 -0.002000000000014767 0
0.08100000000004628 -0.001000000000011658 0
0.08100000000004734 -8.640874474274973e-15 0
0.08100000000004839 0.00099999999999241 0
0.08100000000004945 0.001999999999992971 0
0.08100000000005048 0.002999999999996033 0
0.08100000000005152 0.003999999999999131 0
0.08199999999995222 -0.094000000000002 0
0.08199999999995319 -0.09300000000000352 0
0.08199999999995419 -0.09200000000000504 0
0.08199999999995516 -0.09100000000000712 0
0.08199999999995616 -0.09000000000000903 0
0.08199999999995713 -0.08900000000001057 0
0.08199999999995813 -0.0880000000000121 0
0.08199999999995912 -0.08700000000001418 0
0.0819999999999601 -0.08600000000001609 0
0.08199999999996108 -0.08500000000001759 0
0.08199999999996208 -0.08400000000001914 0
0.08199999999996305 -0.08300000000002132 0
0.08199999999996405 -0.0820000000000231 0
0.08199999999996505 -0.08100000000002464 0
0.08199999999996602 -0.08000000000002624 0
0.08199999999996702 -0.07900000000002838 0
0.08199999999996797 -0.07800000000003014 0
0.08199999999996896 -0.07700000000003167 0
0.08199999999996994 -0.07600000000003336 0
0.08199999999997093 -0.0750000000000355 0
0.0819999999999719 -0.07400000000003722 0
0.08199999999997289 -0.07300000000003873 0
0.0819999999999739 -0.07200000000004048 0
0.08199999999997487 -0.07100000000004261 0
0.08199999999997587 -0.07000000000004426 0
0.08199999999997687 -0.06900000000004589 0
0.08199999999997784 -0.06800000000004805 0
0.08199999999997884 -0.06700000000004977 0
0.08199999999997981 -0.06600000000005128 0
0.08199999999998081 -0.06500000000005299 0
0.08199999999998181 -0.06400000000005515 0
0.08199999999998279 -0.06300000000005679 0
0.08199999999998378 -0.06200000000005831 0
0.08199999999998475 -0.06100000000006009 0
0.08199999999998572 -0.06000000000006221 0
0.08199999999998672 -0.05900000000006383 0
0.08199999999998769 -0.05800000000006585 0
0.08199999999998867 -0.05700000000006908 0
0.08199999999998966 -0.05600000000007132 0
0.08199999999999066 -0.05500000000007308 0
0.08199999999999164 -0.05400000000007472 0
0.08199999999999261 -0.05300000000007656 0
0.08199999999999363 -0.05200000000007837 0
0.0819999999999946 -0.05100000000008013 0
0.0819999999999956 -0.05000000000008179 0
0.08199999999999658 -0.0490000000000836 0
0.08199999999999755 -0.04800000000008542 0
0.08199999999999855 -0.04700000000008715 0
0.08199999999999952 -0.04600000000008883 0
0.08200000000000049 -0.04500000000008981 0
0.08200000000000149 -0.04400000000008916 0
0.08200000000000249 -0.04300000000008703 0
0.08200000000000349 -0.04200000000008504 0
0.08200000000000449 -0.04100000000008355 0
0.08200000000000546 -0.04000000000008204 0
0.08200000000000643 -0.03900000000007977 0
0.0820000000000074 -0.03800000000007788 0
0.0820000000000084 -0.03700000000007638 0
0.0820000000000094 -0.03600000000007489 0
0.08200000000001037 -0.03500000000007247 0
0.08200000000001137 -0.03400000000007076 0
0.08200000000001234 -0.03300000000006933 0
0.08200000000001334 -0.03200000000006815 0
0.08200000000001431 -0.0310000000000657 0
0.08200000000001531 -0.03000000000006323 0
0.08200000000001631 -0.02900000000006314 0
0.08200000000001728 -0.02800000000006135 0
0.08200000000001825 -0.02700000000005842 0
0.08200000000001925 -0.02600000000005621 0
0.08200000000002025 -0.02500000000005613 0
0.08200000000002122 -0.02400000000005409 0
0.08200000000002219 -0.02300000000005116 0
0.08200000000002319 -0.02200000000004921 0
0.08200000000002419 -0.02100000000004912 0
0.08200000000002516 -0.02000000000004681 0
0.08200000000002614 -0.0190000000000445 0
0.08200000000002713 -0.01800000000004443 0
0.08200000000002813 -0.01700000000004246 0
0.08200000000002911 -0.01600000000003954 0
0.08200000000003012 -0.0150000000000375 0
0.08200000000003108 -0.0140000000000375 0
0.08200000000003208 -0.01300000000003544 0
0.08200000000003305 -0.0120000000000325 0
0.08200000000003405 -0.01100000000003075 0
0.08200000000003502 -0.01000000000003065 0
0.08200000000003602 -0.009000000000028157 0
0.08200000000003702 -0.008000000000025216 0
0.08200000000003796 -0.007000000000023592 0
0.08200000000003896 -0.00600000000002328 0
0.08200000000003996 -0.00500000000002025 0
0.08200000000004096 -0.004000000000017083 0
0.08200000000004193 -0.003000000000015554 0
0.0820000000000429 -0.00200000000001511 0
0.08200000000004389 -0.001000000000011943 0
0.08200000000004491 -8.863786440937993e-15 0
0.08200000000004583 0.0009999999999922267 0
0.08200000000004684 0.001999999999992821 0
0.08200000000004783 0.002999999999995942 0
0.08200000000004884 0.003999999999999099 0
0.08299999999995621 -0.09400000000000205 0
0.08299999999995711 -0.09300000000000364 0
0.08299999999995807 -0.09200000000000523 0
0.08299999999995894 -0.09100000000000733 0
0.08299999999995986 -0.09000000000000928 0
0.0829999999999608 -0.08900000000001088 0
0.08299999999996172 -0.0880000000000125 0
0.08299999999996263 -0.08700000000001459 0
0.08299999999996355 -0.0860000000000166 0
0.08299999999996446 -0.08500000000001814 0
0.08299999999996537 -0.08400000000001978 0
0.08299999999996628 -0.08300000000002196 0
0.08299999999996722 -0.08200000000002382 0
0.08299999999996813 -0.08100000000002543 0
0.08299999999996904 -0.08000000000002706 0
0.08299999999997 -0.0790000000000292 0
0.08299999999997087 -0.07800000000003109 0
0.08299999999997179 -0.07700000000003268 0
0.08299999999997271 -0.07600000000003437 0
0.08299999999997362 -0.07500000000003658 0
0.08299999999997454 -0.07400000000003837 0
0.08299999999997545 -0.07300000000003991 0
0.08299999999997638 -0.0720000000000417 0
0.08299999999997733 -0.07100000000004389 0
0.08299999999997823 -0.0700000000000456 0
0.08299999999997913 -0.0690000000000473 0
0.08299999999998005 -0.06800000000004949 0
0.08299999999998096 -0.06700000000005128 0
0.08299999999998189 -0.06600000000005282 0
0.08299999999998282 -0.06500000000005463 0
0.08299999999998374 -0.0640000000000568 0
0.08299999999998464 -0.06300000000005851 0
0.08299999999998557 -0.06200000000006011 0
0.08299999999998649 -0.06100000000006194 0
0.08299999999998739 -0.06000000000006408 0
0.08299999999998831 -0.05900000000006578 0
0.08299999999998922 -0.05800000000006785 0
0.08299999999999014 -0.05700000000007115 0
0.08299999999999105 -0.05600000000007342 0
0.08299999999999198 -0.05500000000007527 0
0.08299999999999291 -0.05400000000007695 0
0.08299999999999381 -0.05300000000007885 0
0.08299999999999472 -0.0520000000000807 0
0.08299999999999566 -0.05100000000008251 0
0.08299999999999658 -0.05000000000008423 0
0.08299999999999749 -0.04900000000008613 0
0.08299999999999839 -0.048000000000088 0
0.08299999999999932 -0.04700000000008978 0
0.08300000000000023 -0.04600000000009152 0
0.08300000000000117 -0.04500000000009251 0
0.08300000000000207 -0.04400000000009183 0
0.08300000000000299 -0.04300000000008965 0
0.0830000000000039 -0.04200000000008759 0
0.08300000000000482 -0.04100000000008603 0
0.08300000000000574 -0.04000000000008447 0
0.08300000000000665 -0.03900000000008215 0
0.08300000000000757 -0.03800000000008022 0
0.08300000000000848 -0.03700000000007864 0
0.0830000000000094 -0.03600000000007711 0
0.08300000000001034 -0.03500000000007464 0
0.08300000000001123 -0.03400000000007285 0
0.08300000000001218 -0.03300000000007138 0
0.08300000000001306 -0.03200000000007012 0
0.08300000000001402 -0.0310000000000676 0
0.08300000000001492 -0.03000000000006504 0
0.08300000000001585 -0.02900000000006494 0
0.08300000000001677 -0.0280000000000631 0
0.08300000000001767 -0.02700000000006009 0
0.08300000000001859 -0.02600000000005783 0
0.0830000000000195 -0.02500000000005769 0
0.08300000000002042 -0.0240000000000556 0
0.08300000000002135 -0.02300000000005261 0
0.08300000000002226 -0.02200000000005058 0
0.08300000000002319 -0.02100000000005047 0
0.0830000000000241 -0.0200000000000481 0
0.083000000000025 -0.01900000000004572 0
0.08300000000002594 -0.0180000000000456 0
0.08300000000002686 -0.01700000000004359 0
0.08300000000002777 -0.01600000000004059 0
0.08300000000002869 -0.01500000000003848 0
0.08300000000002961 -0.01400000000003845 0
0.08300000000003052 -0.01300000000003632 0
0.08300000000003144 -0.01200000000003332 0
0.08300000000003237 -0.0110000000000315 0
0.08300000000003327 -0.01000000000003136 0
0.08300000000003419 -0.009000000000028811 0
0.0830000000000351 -0.008000000000025799 0
0.08300000000003603 -0.007000000000024127 0
0.08300000000003695 -0.006000000000023789 0
0.08300000000003788 -0.005000000000020704 0
0.08300000000003878 -0.004000000000017482 0
0.08300000000003972 -0.00300000000001592 0
0.08300000000004061 -0.002000000000015452 0
0.08300000000004155 -0.001000000000012227 0
0.08300000000004243 -9.086373146949267e-15 0
0.08300000000004337 0.0009999999999920448 0
0.08300000000004429 0.001999999999992671 0
0.0830000000000452 0.002999999999995851 0
0.08300000000004612 0.003999999999999067 0
0.08399999999995877 -0.09400000000000211 0
0.08399999999995966 -0.09300000000000375 0
0.08399999999996056 -0.09200000000000541 0
0.0839999999999614 -0.09100000000000752 0
0.08399999999996226 -0.09000000000000956 0
0.08399999999996313 -0.08900000000001121 0
0.08399999999996399 -0.08800000000001287 0
0.08399999999996488 -0.08700000000001505 0
0.08399999999996571 -0.08600000000001704 0
0.08399999999996657 -0.08500000000001867 0
0.08399999999996745 -0.08400000000002038 0
0.08399999999996834 -0.08300000000002258 0
0.08399999999996918 -0.0820000000000245 0
0.08399999999997004 -0.08100000000002615 0
0.08399999999997088 -0.08000000000002792 0
0.08399999999997176 -0.07900000000003009 0
0.08399999999997265 -0.07800000000003197 0
0.08399999999997347 -0.07700000000003365 0
0.08399999999997435 -0.07600000000003541 0
0.08399999999997521 -0.07500000000003763 0
0.08399999999997608 -0.07400000000003946 0
0.08399999999997693 -0.07300000000004112 0
0.08399999999997781 -0.07200000000004297 0
0.08399999999997869 -0.07100000000004519 0
0.08399999999997954 -0.07000000000004693 0
0.0839999999999804 -0.06900000000004873 0
0.08399999999998126 -0.06800000000005094 0
0.08399999999998213 -0.0670000000000528 0
0.08399999999998299 -0.0660000000000544 0
0.08399999999998387 -0.06500000000005621 0
0.0839999999999847 -0.06400000000005847 0
0.08399999999998559 -0.06300000000006023 0
0.08399999999998642 -0.06200000000006189 0
0.08399999999998731 -0.06100000000006377 0
0.08399999999998817 -0.06000000000006596 0
0.08399999999998903 -0.05900000000006771 0
0.0839999999999899 -0.05800000000006986 0
0.08399999999999075 -0.05700000000007321 0
0.08399999999999161 -0.05600000000007555 0
0.0839999999999925 -0.05500000000007745 0
0.08399999999999333 -0.05400000000007919 0
0.0839999999999942 -0.05300000000008114 0
0.08399999999999508 -0.05200000000008305 0
0.08399999999999594 -0.05100000000008491 0
0.0839999999999968 -0.0500000000000867 0
0.08399999999999763 -0.04900000000008863 0
0.08399999999999853 -0.04800000000009056 0
0.08399999999999938 -0.04700000000009238 0
0.08400000000000024 -0.04600000000009419 0
0.0840000000000011 -0.0450000000000952 0
0.08400000000000196 -0.04400000000009448 0
0.08400000000000285 -0.04300000000009225 0
0.08400000000000368 -0.04200000000009015 0
0.08400000000000457 -0.04100000000008853 0
0.0840000000000054 -0.04000000000008691 0
0.08400000000000629 -0.03900000000008454 0
0.08400000000000715 -0.03800000000008253 0
0.08400000000000801 -0.03700000000008092 0
0.08400000000000887 -0.03600000000007934 0
0.08400000000000973 -0.03500000000007678 0
0.08400000000001062 -0.03400000000007494 0
0.0840000000000115 -0.03300000000007341 0
0.08400000000001234 -0.03200000000007208 0
0.0840000000000132 -0.0310000000000695 0
0.08400000000001406 -0.03000000000006688 0
0.08400000000001492 -0.02900000000006673 0
0.08400000000001578 -0.02800000000006484 0
0.08400000000001666 -0.02700000000006177 0
0.08400000000001751 -0.02600000000005942 0
0.08400000000001841 -0.02500000000005927 0
0.08400000000001924 -0.02400000000005711 0
0.08400000000002009 -0.02300000000005405 0
0.08400000000002096 -0.02200000000005197 0
0.08400000000002185 -0.02100000000005181 0
0.08400000000002268 -0.02000000000004938 0
0.08400000000002356 -0.01900000000004694 0
0.08400000000002442 -0.01800000000004678 0
0.08400000000002528 -0.01700000000004471 0
0.08400000000002614 -0.01600000000004165 0
0.084000000000027 -0.01500000000003948 0
0.0840000000000279 -0.0140000000000394 0
0.08400000000002875 -0.0130000000000372 0
0.08400000000002961 -0.01200000000003412 0
0.08400000000003047 -0.01100000000003225 0
0.08400000000003134 -0.01000000000003208 0
0.0840000000000322 -0.009000000000029458 0
0.08400000000003306 -0.008000000000026377 0
0.08400000000003392 -0.007000000000024661 0
0.08400000000003478 -0.006000000000024298 0
0.08400000000003567 -0.005000000000021161 0
0.08400000000003649 -0.00400000000001788 0
0.08400000000003738 -0.003000000000016284 0
0.08400000000003822 -0.002000000000015797 0
0.0840000000000391 -0.001000000000012512 0
0.08400000000003996 -9.309935634915778e-15 0
0.08400000000004083 0.0009999999999918622 0
0.08400000000004169 0.00199999999999252 0
0.08400000000004255 0.00299999999999576 0
0.08400000000004343 0.003999999999999036 0
0.08499999999995939 -0.09400000000000212 0
0.08499999999996019 -0.09300000000000386 0
0.08499999999996102 -0.09200000000000556 0
0.08499999999996186 -0.09100000000000776 0
0.08499999999996269 -0.09000000000000981 0
0.08499999999996352 -0.08900000000001154 0
0.08499999999996435 -0.08800000000001328 0
0.08499999999996519 -0.08700000000001548 0
0.08499999999996601 -0.08600000000001755 0
0.08499999999996682 -0.08500000000001923 0
0.08499999999996768 -0.084000000000021 0
0.08499999999996849 -0.08300000000002322 0
0.08499999999996932 -0.08200000000002519 0
0.08499999999997018 -0.08100000000002694 0
0.08499999999997099 -0.08000000000002876 0
0.08499999999997185 -0.07900000000003093 0
0.08499999999997261 -0.07800000000003289 0
0.08499999999997349 -0.07700000000003461 0
0.08499999999997428 -0.07600000000003648 0
0.08499999999997512 -0.07500000000003872 0
0.08499999999997596 -0.07400000000004062 0
0.08499999999997679 -0.07300000000004234 0
0.08499999999997766 -0.07200000000004422 0
0.08499999999997845 -0.0710000000000465 0
0.08499999999997924 -0.07000000000004832 0
0.08499999999998012 -0.0690000000000501 0
0.08499999999998095 -0.06800000000005238 0
0.08499999999998176 -0.06700000000005428 0
0.08499999999998262 -0.06600000000005599 0
0.08499999999998342 -0.06500000000005784 0
0.08499999999998425 -0.06400000000006013 0
0.08499999999998512 -0.06300000000006195 0
0.08499999999998592 -0.06200000000006367 0
0.08499999999998675 -0.0610000000000656 0
0.08499999999998759 -0.06000000000006783 0
0.08499999999998842 -0.05900000000006964 0
0.08499999999998925 -0.05800000000007186 0
0.08499999999999006 -0.0570000000000753 0
0.08499999999999089 -0.05600000000007766 0
0.08499999999999172 -0.05500000000007964 0
0.08499999999999255 -0.05400000000008143 0
0.08499999999999339 -0.05300000000008342 0
0.08499999999999422 -0.05200000000008539 0
0.08499999999999505 -0.05100000000008732 0
0.08499999999999588 -0.05000000000008915 0
0.08499999999999669 -0.04900000000009114 0
0.08499999999999752 -0.04800000000009311 0
0.08499999999999838 -0.04700000000009499 0
0.08499999999999919 -0.04600000000009685 0
0.08500000000000002 -0.0450000000000979 0
0.08500000000000085 -0.04400000000009717 0
0.08500000000000169 -0.04300000000009487 0
0.08500000000000252 -0.0420000000000927 0
0.08500000000000335 -0.04100000000009103 0
0.08500000000000418 -0.04000000000008936 0
0.08500000000000502 -0.0390000000000869 0
0.08500000000000582 -0.03800000000008484 0
0.08500000000000665 -0.0370000000000832 0
0.08500000000000749 -0.03600000000008154 0
0.08500000000000832 -0.03500000000007894 0
0.08500000000000915 -0.03400000000007706 0
0.08500000000000998 -0.03300000000007545 0
0.08500000000001082 -0.03200000000007406 0
0.08500000000001165 -0.03100000000007139 0
0.08500000000001248 -0.03000000000006871 0
0.08500000000001331 -0.02900000000006852 0
0.08500000000001412 -0.02800000000006657 0
0.08500000000001498 -0.02700000000006343 0
0.08500000000001579 -0.02600000000006104 0
0.08500000000001665 -0.02500000000006083 0
0.08500000000001745 -0.02400000000005862 0
0.08500000000001828 -0.02300000000005548 0
0.08500000000001912 -0.02200000000005334 0
0.08500000000001991 -0.02100000000005316 0
0.08500000000002078 -0.02000000000005066 0
0.08500000000002159 -0.01900000000004815 0
0.08500000000002242 -0.01800000000004796 0
0.08500000000002327 -0.01700000000004583 0
0.08500000000002408 -0.0160000000000427 0
0.08500000000002492 -0.01500000000004047 0
0.08500000000002575 -0.01400000000004035 0
0.08500000000002658 -0.01300000000003808 0
0.08500000000002741 -0.01200000000003494 0
0.08500000000002826 -0.011000000000033 0
0.08500000000002908 -0.01000000000003279 0
0.08500000000002991 -0.009000000000030107 0
0.08500000000003075 -0.008000000000026954 0
0.08500000000003158 -0.007000000000025192 0
0.08500000000003238 -0.006000000000024812 0
0.08500000000003322 -0.00500000000002162 0
0.08500000000003405 -0.00400000000001828 0
0.08500000000003484 -0.003000000000016649 0
0.08500000000003569 -0.002000000000016141 0
0.08500000000003652 -0.001000000000012797 0
0.08500000000003734 -9.53338970266504e-15 0
0.08500000000003818 0.0009999999999916796 0
0.08500000000003902 0.001999999999992369 0
0.08500000000003985 0.00299999999999567 0
0.08500000000004068 0.003999999999999003 0
0.08599999999996281 -0.09400000000000217 0
0.08599999999996358 -0.09300000000000397 0
0.08599999999996434 -0.09200000000000576 0
0.08599999999996515 -0.09100000000000799 0
0.08599999999996588 -0.09000000000001004 0
0.08599999999996666 -0.08900000000001188 0
0.08599999999996742 -0.08800000000001368 0
0.08599999999996823 -0.08700000000001593 0
0.08599999999996896 -0.08600000000001798 0
0.08599999999996975 -0.08500000000001977 0
0.0859999999999705 -0.08400000000002157 0
0.08599999999997127 -0.08300000000002386 0
0.08599999999997203 -0.0820000000000259 0
0.08599999999997278 -0.0810000000000277 0
0.08599999999997354 -0.08000000000002958 0
0.08599999999997429 -0.07900000000003181 0
0.08599999999997511 -0.07800000000003383 0
0.08599999999997585 -0.07700000000003564 0
0.08599999999997662 -0.0760000000000375 0
0.08599999999997739 -0.07500000000003981 0
0.08599999999997818 -0.07400000000004175 0
0.08599999999997893 -0.0730000000000435 0
0.08599999999997969 -0.07200000000004546 0
0.08599999999998047 -0.07100000000004779 0
0.08599999999998124 -0.07000000000004965 0
0.08599999999998198 -0.06900000000005155 0
0.08599999999998277 -0.06800000000005382 0
0.08599999999998352 -0.06700000000005578 0
0.0859999999999843 -0.06600000000005754 0
0.08599999999998506 -0.0650000000000595 0
0.08599999999998581 -0.0640000000000618 0
0.08599999999998659 -0.06300000000006367 0
0.08599999999998736 -0.06200000000006545 0
0.08599999999998813 -0.06100000000006744 0
0.08599999999998889 -0.06000000000006971 0
0.08599999999998964 -0.05900000000007159 0
0.08599999999999042 -0.05800000000007386 0
0.08599999999999119 -0.05700000000007735 0
0.08599999999999194 -0.05600000000007981 0
0.08599999999999275 -0.0550000000000818 0
0.0859999999999935 -0.05400000000008368 0
0.08599999999999426 -0.05300000000008571 0
0.08599999999999502 -0.05200000000008774 0
0.0859999999999958 -0.05100000000008971 0
0.08599999999999658 -0.05000000000009161 0
0.08599999999999733 -0.04900000000009365 0
0.08599999999999808 -0.04800000000009567 0
0.08599999999999886 -0.04700000000009762 0
0.08599999999999963 -0.04600000000009954 0
0.0860000000000004 -0.0450000000001006 0
0.08600000000000116 -0.04400000000009985 0
0.08600000000000191 -0.04300000000009747 0
0.08600000000000269 -0.04200000000009525 0
0.08600000000000346 -0.04100000000009352 0
0.08600000000000424 -0.0400000000000918 0
0.08600000000000502 -0.03900000000008929 0
0.08600000000000577 -0.03800000000008718 0
0.08600000000000652 -0.03700000000008547 0
0.08600000000000729 -0.03600000000008376 0
0.08600000000000807 -0.03500000000008109 0
0.08600000000000882 -0.03400000000007913 0
0.0860000000000096 -0.03300000000007749 0
0.08600000000001036 -0.03200000000007602 0
0.08600000000001112 -0.03100000000007328 0
0.08600000000001191 -0.03000000000007054 0
0.08600000000001268 -0.02900000000007031 0
0.08600000000001344 -0.0280000000000683 0
0.0860000000000142 -0.0270000000000651 0
0.08600000000001497 -0.02600000000006264 0
0.08600000000001574 -0.02500000000006241 0
0.08600000000001651 -0.02400000000006012 0
0.08600000000001727 -0.02300000000005693 0
0.08600000000001803 -0.02200000000005472 0
0.08600000000001883 -0.02100000000005449 0
0.08600000000001957 -0.02000000000005193 0
0.08600000000002034 -0.01900000000004937 0
0.08600000000002113 -0.01800000000004914 0
0.08600000000002189 -0.01700000000004695 0
0.08600000000002264 -0.01600000000004375 0
0.0860000000000234 -0.01500000000004146 0
0.08600000000002417 -0.0140000000000413 0
0.08600000000002496 -0.01300000000003896 0
0.08600000000002569 -0.01200000000003574 0
0.08600000000002644 -0.01100000000003375 0
0.08600000000002722 -0.01000000000003351 0
0.08600000000002801 -0.009000000000030759 0
0.08600000000002879 -0.008000000000027539 0
0.08600000000002955 -0.007000000000025726 0
0.0860000000000303 -0.00600000000002532 0
0.08600000000003105 -0.005000000000022079 0
0.08600000000003184 -0.004000000000018682 0
0.08600000000003261 -0.003000000000017014 0
0.0860000000000334 -0.002000000000016483 0
0.08600000000003413 -0.001000000000013082 0
0.08600000000003488 -9.755651148024569e-15 0
0.08600000000003566 0.0009999999999914964 0
0.08600000000003644 0.001999999999992218 0
0.08600000000003721 0.00299999999999558 0
0.08600000000003799 0.00399999999999897 0
0.08699999999996685 -0.09400000000000222 0
0.08699999999996752 -0.09300000000000409 0
0.08699999999996821 -0.09200000000000597 0
0.08699999999996892 -0.09100000000000821 0
0.08699999999996962 -0.09000000000001032 0
0.08699999999997031 -0.08900000000001218 0
0.08699999999997103 -0.08800000000001407 0
0.08699999999997172 -0.08700000000001633 0
0.08699999999997242 -0.08600000000001848 0
0.08699999999997308 -0.08500000000002031 0
0.08699999999997379 -0.08400000000002221 0
0.08699999999997451 -0.08300000000002455 0
0.08699999999997519 -0.08200000000002659 0
0.0869999999999759 -0.08100000000002844 0
0.08699999999997658 -0.08000000000003038 0
0.0869999999999773 -0.07900000000003264 0
0.086999999999978 -0.07800000000003469 0
0.08699999999997869 -0.07700000000003658 0
0.08699999999997941 -0.07600000000003855 0
0.08699999999998009 -0.07500000000004085 0
0.08699999999998077 -0.07400000000004286 0
0.08699999999998151 -0.07300000000004471 0
0.0869999999999822 -0.07200000000004675 0
0.08699999999998288 -0.07100000000004904 0
0.08699999999998358 -0.07000000000005097 0
0.0869999999999843 -0.06900000000005295 0
0.08699999999998498 -0.06800000000005527 0
0.0869999999999857 -0.06700000000005729 0
0.08699999999998638 -0.06600000000005909 0
0.08699999999998709 -0.06500000000006111 0
0.08699999999998777 -0.06400000000006342 0
0.08699999999998848 -0.06300000000006539 0
0.08699999999998918 -0.06200000000006722 0
0.08699999999998989 -0.06100000000006929 0
0.08699999999999057 -0.06000000000007158 0
0.08699999999999126 -0.05900000000007352 0
0.08699999999999196 -0.05800000000007585 0
0.08699999999999267 -0.05700000000007944 0
0.08699999999999335 -0.05600000000008193 0
0.08699999999999405 -0.05500000000008397 0
0.08699999999999478 -0.05400000000008592 0
0.08699999999999547 -0.05300000000008801 0
0.08699999999999616 -0.05200000000009008 0
0.08699999999999683 -0.0510000000000921 0
0.08699999999999754 -0.05000000000009409 0
0.08699999999999827 -0.04900000000009615 0
0.08699999999999897 -0.04800000000009823 0
0.08699999999999965 -0.04700000000010023 0
0.08700000000000033 -0.0460000000001022 0
0.08700000000000105 -0.0450000000001033 0
0.08700000000000176 -0.04400000000010251 0
0.08700000000000244 -0.04300000000010008 0
0.08700000000000316 -0.04200000000009779 0
0.08700000000000382 -0.04100000000009602 0
0.08700000000000453 -0.04000000000009424 0
0.08700000000000523 -0.03900000000009168 0
0.08700000000000596 -0.03800000000008952 0
0.08700000000000666 -0.03700000000008773 0
0.08700000000000735 -0.03600000000008599 0
0.08700000000000803 -0.03500000000008324 0
0.08700000000000874 -0.03400000000008125 0
0.08700000000000942 -0.03300000000007951 0
0.08700000000001015 -0.032000000000078 0
0.08700000000001085 -0.03100000000007519 0
0.08700000000001153 -0.03000000000007238 0
0.08700000000001226 -0.0290000000000721 0
0.08700000000001293 -0.02800000000007005 0
0.08700000000001361 -0.02700000000006677 0
0.08700000000001433 -0.02600000000006424 0
0.08700000000001504 -0.02500000000006397 0
0.08700000000001572 -0.02400000000006164 0
0.08700000000001643 -0.02300000000005836 0
0.08700000000001713 -0.0220000000000561 0
0.0870000000000178 -0.02100000000005584 0
0.08700000000001852 -0.02000000000005321 0
0.08700000000001923 -0.01900000000005059 0
0.08700000000001992 -0.01800000000005032 0
0.0870000000000206 -0.01700000000004807 0
0.0870000000000213 -0.0160000000000448 0
0.08700000000002203 -0.01500000000004246 0
0.08700000000002268 -0.01400000000004225 0
0.08700000000002341 -0.01300000000003984 0
0.08700000000002411 -0.01200000000003655 0
0.08700000000002479 -0.0110000000000345 0
0.08700000000002552 -0.01000000000003423 0
0.08700000000002621 -0.009000000000031413 0
0.0870000000000269 -0.008000000000028124 0
0.0870000000000276 -0.00700000000002626 0
0.08700000000002829 -0.006000000000025827 0
0.08700000000002898 -0.005000000000022536 0
0.08700000000002968 -0.004000000000019081 0
0.08700000000003041 -0.003000000000017379 0
0.08700000000003107 -0.002000000000016828 0
0.0870000000000318 -0.001000000000013366 0
0.08700000000003252 -9.97845469447034e-15 0
0.08700000000003318 0.0009999999999913149 0
0.0870000000000339 0.001999999999992066 0
0.08700000000003458 0.00299999999999549 0
0.0870000000000353 0.003999999999998938 0
0.08799999999996908 -0.09400000000000226 0
0.08799999999996971 -0.09300000000000419 0
0.08799999999997035 -0.09200000000000613 0
0.08799999999997102 -0.09100000000000841 0
0.08799999999997166 -0.09000000000001059 0
0.08799999999997231 -0.0890000000000125 0
0.08799999999997299 -0.08800000000001446 0
0.08799999999997361 -0.08700000000001676 0
0.08799999999997425 -0.08600000000001894 0
0.0879999999999749 -0.08500000000002086 0
0.08799999999997554 -0.08400000000002281 0
0.08799999999997624 -0.08300000000002514 0
0.08799999999997685 -0.08200000000002731 0
0.08799999999997751 -0.08100000000002922 0
0.08799999999997815 -0.08000000000003121 0
0.0879999999999788 -0.07900000000003354 0
0.08799999999997946 -0.07800000000003567 0
0.08799999999998009 -0.07700000000003757 0
0.08799999999998076 -0.07600000000003958 0
0.08799999999998137 -0.07500000000004196 0
0.08799999999998205 -0.07400000000004403 0
0.08799999999998268 -0.07300000000004592 0
0.08799999999998334 -0.07200000000004797 0
0.08799999999998398 -0.07100000000005033 0
0.08799999999998462 -0.07000000000005233 0
0.08799999999998526 -0.06900000000005438 0
0.08799999999998592 -0.06800000000005671 0
0.08799999999998656 -0.06700000000005876 0
0.0879999999999872 -0.06600000000006066 0
0.08799999999998787 -0.06500000000006272 0
0.0879999999999885 -0.06400000000006507 0
0.08799999999998914 -0.06300000000006711 0
0.08799999999998981 -0.06200000000006902 0
0.08799999999999045 -0.06100000000007112 0
0.08799999999999111 -0.06000000000007345 0
0.08799999999999175 -0.05900000000007546 0
0.08799999999999239 -0.05800000000007786 0
0.08799999999999306 -0.0570000000000815 0
0.08799999999999369 -0.05600000000008406 0
0.08799999999999436 -0.05500000000008617 0
0.087999999999995 -0.05400000000008816 0
0.08799999999999564 -0.0530000000000903 0
0.08799999999999628 -0.05200000000009241 0
0.08799999999999694 -0.0510000000000945 0
0.08799999999999758 -0.05000000000009652 0
0.08799999999999822 -0.04900000000009867 0
0.08799999999999888 -0.0480000000001008 0
0.08799999999999952 -0.04700000000010285 0
0.08800000000000019 -0.04600000000010488 0
0.08800000000000083 -0.045000000000106 0
0.08800000000000147 -0.04400000000010517 0
0.0880000000000021 -0.04300000000010269 0
0.08800000000000277 -0.04200000000010035 0
0.08800000000000341 -0.04100000000009852 0
0.08800000000000405 -0.04000000000009668 0
0.08800000000000471 -0.03900000000009406 0
0.08800000000000538 -0.03800000000009184 0
0.08800000000000599 -0.03700000000009 0
0.08800000000000666 -0.03600000000008818 0
0.08800000000000729 -0.03500000000008539 0
0.08800000000000793 -0.03400000000008332 0
0.0880000000000086 -0.03300000000008155 0
0.08800000000000924 -0.03200000000007995 0
0.08800000000000988 -0.03100000000007707 0
0.08800000000001054 -0.03000000000007421 0
0.08800000000001118 -0.02900000000007391 0
0.08800000000001182 -0.02800000000007178 0
0.08800000000001248 -0.02700000000006843 0
0.08800000000001312 -0.02600000000006585 0
0.08800000000001378 -0.02500000000006555 0
0.08800000000001443 -0.02400000000006315 0
0.08800000000001507 -0.0230000000000598 0
0.0880000000000157 -0.02200000000005748 0
0.08800000000001637 -0.02100000000005718 0
0.08800000000001701 -0.02000000000005449 0
0.08800000000001765 -0.0190000000000518 0
0.08800000000001831 -0.01800000000005151 0
0.08800000000001898 -0.0170000000000492 0
0.08800000000001959 -0.01600000000004584 0
0.08800000000002026 -0.01500000000004344 0
0.08800000000002089 -0.0140000000000432 0
0.08800000000002153 -0.01300000000004072 0
0.0880000000000222 -0.01200000000003735 0
0.08800000000002288 -0.01100000000003526 0
0.08800000000002348 -0.01000000000003494 0
0.08800000000002414 -0.009000000000032062 0
0.08800000000002481 -0.008000000000028703 0
0.08800000000002543 -0.007000000000026795 0
0.08800000000002609 -0.006000000000026337 0
0.08800000000002672 -0.005000000000022994 0
0.08800000000002736 -0.00400000000001948 0
0.08800000000002803 -0.003000000000017745 0
0.08800000000002869 -0.00200000000001717 0
0.0880000000000293 -0.00100000000001365 0
0.08800000000002997 -1.020093298026437e-14 0
0.08800000000003061 0.0009999999999911317 0
0.08800000000003125 0.001999999999991917 0
0.08800000000003191 0.002999999999995399 0
0.08800000000003257 0.003999999999998905 0
0.08899999999996967 -0.09400000000000228 0
0.08899999999997031 -0.09300000000000429 0
0.08899999999997092 -0.09200000000000629 0
0.08899999999997149 -0.09100000000000862 0
0.0889999999999721 -0.09000000000001084 0
0.08899999999997271 -0.08900000000001285 0
0.08899999999997332 -0.08800000000001487 0
0.08899999999997396 -0.08700000000001719 0
0.0889999999999746 -0.08600000000001942 0
0.08899999999997522 -0.08500000000002141 0
0.08899999999997579 -0.08400000000002344 0
0.0889999999999764 -0.08300000000002582 0
0.08899999999997703 -0.08200000000002799 0
0.08899999999997762 -0.08100000000002999 0
0.08899999999997826 -0.08000000000003205 0
0.08899999999997885 -0.07900000000003436 0
0.08899999999997951 -0.07800000000003654 0
0.08899999999998014 -0.07700000000003855 0
0.08899999999998072 -0.07600000000004065 0
0.08899999999998132 -0.07500000000004302 0
0.08899999999998194 -0.07400000000004513 0
0.08899999999998254 -0.07300000000004712 0
0.08899999999998318 -0.07200000000004925 0
0.08899999999998379 -0.07100000000005165 0
0.0889999999999844 -0.07000000000005369 0
0.08899999999998505 -0.06900000000005578 0
0.0889999999999856 -0.06800000000005815 0
0.08899999999998626 -0.06700000000006028 0
0.08899999999998688 -0.06600000000006226 0
0.08899999999998745 -0.06500000000006434 0
0.0889999999999881 -0.06400000000006675 0
0.08899999999998871 -0.06300000000006883 0
0.08899999999998931 -0.0620000000000708 0
0.08899999999998995 -0.06100000000007295 0
0.08899999999999053 -0.06000000000007532 0
0.08899999999999117 -0.05900000000007739 0
0.08899999999999175 -0.05800000000007986 0
0.08899999999999236 -0.05700000000008357 0
0.088999999999993 -0.05600000000008619 0
0.08899999999999361 -0.05500000000008835 0
0.08899999999999422 -0.0540000000000904 0
0.08899999999999483 -0.0530000000000926 0
0.08899999999999544 -0.05200000000009478 0
0.08899999999999608 -0.05100000000009691 0
0.08899999999999669 -0.05000000000009899 0
0.0889999999999973 -0.04900000000010118 0
0.08899999999999791 -0.04800000000010336 0
0.08899999999999852 -0.04700000000010545 0
0.08899999999999912 -0.04600000000010755 0
0.08899999999999975 -0.0450000000001087 0
0.08900000000000036 -0.04400000000010786 0
0.08900000000000099 -0.0430000000001053 0
0.08900000000000161 -0.0420000000001029 0
0.08900000000000219 -0.04100000000010103 0
0.0890000000000028 -0.04000000000009912 0
0.08900000000000344 -0.03900000000009642 0
0.08900000000000405 -0.03800000000009415 0
0.08900000000000466 -0.03700000000009227 0
0.08900000000000527 -0.0360000000000904 0
0.08900000000000588 -0.03500000000008755 0
0.0890000000000065 -0.03400000000008544 0
0.08900000000000714 -0.0330000000000836 0
0.08900000000000774 -0.03200000000008193 0
0.08900000000000835 -0.03100000000007897 0
0.08900000000000897 -0.03000000000007604 0
0.08900000000000957 -0.0290000000000757 0
0.08900000000001018 -0.02800000000007352 0
0.08900000000001079 -0.02700000000007009 0
0.0890000000000114 -0.02600000000006745 0
0.08900000000001203 -0.02500000000006711 0
0.08900000000001262 -0.02400000000006466 0
0.08900000000001325 -0.02300000000006124 0
0.08900000000001386 -0.02200000000005886 0
0.08900000000001448 -0.02100000000005853 0
0.08900000000001509 -0.02000000000005578 0
0.08900000000001575 -0.01900000000005302 0
0.08900000000001632 -0.01800000000005269 0
0.08900000000001693 -0.01700000000005032 0
0.08900000000001758 -0.01600000000004689 0
0.08900000000001818 -0.01500000000004443 0
0.0890000000000188 -0.01400000000004415 0
0.08900000000001941 -0.0130000000000416 0
0.08900000000002001 -0.01200000000003817 0
0.08900000000002063 -0.01100000000003601 0
0.08900000000002123 -0.01000000000003566 0
0.08900000000002185 -0.009000000000032711 0
0.08900000000002245 -0.008000000000029282 0
0.08900000000002306 -0.007000000000027329 0
0.0890000000000237 -0.006000000000026847 0
0.0890000000000243 -0.005000000000023453 0
0.08900000000002492 -0.004000000000019879 0
0.08900000000002553 -0.00300000000001811 0
0.08900000000002617 -0.002000000000017514 0
0.08900000000002679 -0.001000000000013937 0
0.08900000000002736 -1.042492914909987e-14 0
0.08900000000002802 0.0009999999999909495 0
0.08900000000002863 0.001999999999991766 0
0.08900000000002924 0.002999999999995309 0
0.08900000000002983 0.003999999999998873 0
0.08999999999997343 -0.09400000000000232 0
0.08999999999997396 -0.0930000000000044 0
0.08999999999997454 -0.09200000000000644 0
0.08999999999997506 -0.0910000000000088 0
0.0899999999999756 -0.09000000000001111 0
0.08999999999997618 -0.08900000000001318 0
0.08999999999997671 -0.08800000000001527 0
0.08999999999997729 -0.08700000000001763 0
0.08999999999997782 -0.08600000000001992 0
0.08999999999997835 -0.08500000000002195 0
0.0899999999999789 -0.08400000000002403 0
0.08999999999997946 -0.08300000000002644 0
0.08999999999997998 -0.08200000000002869 0
0.08999999999998057 -0.08100000000003076 0
0.0899999999999811 -0.08000000000003286 0
0.08999999999998164 -0.07900000000003525 0
0.08999999999998221 -0.07800000000003748 0
0.08999999999998273 -0.07700000000003952 0
0.08999999999998329 -0.07600000000004166 0
0.08999999999998384 -0.07500000000004407 0
0.08999999999998437 -0.07400000000004626 0
0.08999999999998493 -0.07300000000004833 0
0.08999999999998548 -0.07200000000005048 0
0.08999999999998604 -0.07100000000005294 0
0.08999999999998659 -0.07000000000005503 0
0.08999999999998712 -0.06900000000005717 0
0.08999999999998769 -0.0680000000000596 0
0.08999999999998823 -0.06700000000006177 0
0.08999999999998878 -0.06600000000006383 0
0.08999999999998932 -0.065000000000066 0
0.08999999999998987 -0.06400000000006842 0
0.08999999999999042 -0.06300000000007051 0
0.08999999999999095 -0.06200000000007261 0
0.0899999999999915 -0.0610000000000748 0
0.08999999999999206 -0.06000000000007721 0
0.08999999999999259 -0.05900000000007933 0
0.08999999999999317 -0.05800000000008187 0
0.08999999999999372 -0.05700000000008566 0
0.08999999999999422 -0.05600000000008832 0
0.08999999999999478 -0.05500000000009053 0
0.08999999999999533 -0.05400000000009265 0
0.08999999999999586 -0.05300000000009491 0
0.08999999999999644 -0.05200000000009711 0
0.089999999999997 -0.05100000000009931 0
0.08999999999999755 -0.05000000000010144 0
0.08999999999999808 -0.04900000000010369 0
0.08999999999999864 -0.04800000000010591 0
0.08999999999999916 -0.04700000000010807 0
0.08999999999999972 -0.04600000000011022 0
0.09000000000000027 -0.0450000000001114 0
0.09000000000000083 -0.04400000000011053 0
0.09000000000000138 -0.04300000000010791 0
0.09000000000000194 -0.04200000000010543 0
0.09000000000000247 -0.04100000000010352 0
0.09000000000000299 -0.04000000000010158 0
0.09000000000000355 -0.03900000000009882 0
0.0900000000000041 -0.03800000000009648 0
0.09000000000000466 -0.03700000000009454 0
0.09000000000000521 -0.03600000000009262 0
0.09000000000000577 -0.0350000000000897 0
0.0900000000000063 -0.03400000000008752 0
0.09000000000000685 -0.03300000000008563 0
0.09000000000000741 -0.03200000000008388 0
0.09000000000000793 -0.03100000000008088 0
0.09000000000000849 -0.03000000000007787 0
0.09000000000000904 -0.0290000000000775 0
0.09000000000000961 -0.02800000000007526 0
0.09000000000001013 -0.02700000000007176 0
0.09000000000001068 -0.02600000000006905 0
0.09000000000001121 -0.02500000000006868 0
0.09000000000001177 -0.02400000000006617 0
0.09000000000001232 -0.02300000000006268 0
0.09000000000001288 -0.02200000000006024 0
0.09000000000001343 -0.02100000000005987 0
0.090000000000014 -0.02000000000005706 0
0.09000000000001451 -0.01900000000005424 0
0.09000000000001507 -0.01800000000005387 0
0.09000000000001564 -0.01700000000005144 0
0.09000000000001615 -0.01600000000004795 0
0.09000000000001671 -0.01500000000004542 0
0.09000000000001726 -0.0140000000000451 0
0.09000000000001782 -0.01300000000004248 0
0.09000000000001837 -0.01200000000003897 0
0.0900000000000189 -0.01100000000003677 0
0.09000000000001945 -0.01000000000003637 0
0.09000000000001997 -0.00900000000003336 0
0.09000000000002054 -0.008000000000029863 0
0.09000000000002109 -0.007000000000027863 0
0.09000000000002165 -0.006000000000027358 0
0.0900000000000222 -0.005000000000023906 0
0.09000000000002276 -0.004000000000020278 0
0.09000000000002328 -0.003000000000018473 0
0.09000000000002384 -0.002000000000017856 0
0.09000000000002437 -0.001000000000014222 0
0.09000000000002492 -1.064832900674051e-14 0
0.09000000000002548 0.0009999999999907665 0
0.09000000000002603 0.001999999999991615 0
0.09000000000002659 0.002999999999995217 0
0.09000000000002714 0.003999999999998841 0
0.09099999999997742 -0.09400000000000237 0
0.09099999999997789 -0.09300000000000451 0
0.09099999999997839 -0.09200000000000665 0
0.09099999999997885 -0.09100000000000903 0
0.09099999999997935 -0.09000000000001136 0
0.09099999999997982 -0.08900000000001351 0
0.09099999999998029 -0.08800000000001565 0
0.09099999999998079 -0.08700000000001804 0
0.09099999999998126 -0.08600000000002039 0
0.09099999999998176 -0.08500000000002247 0
0.09099999999998222 -0.08400000000002467 0
0.09099999999998271 -0.08300000000002709 0
0.09099999999998315 -0.08200000000002937 0
0.09099999999998366 -0.08100000000003151 0
0.09099999999998414 -0.0800000000000337 0
0.09099999999998459 -0.07900000000003608 0
0.09099999999998509 -0.07800000000003837 0
0.09099999999998558 -0.07700000000004049 0
0.09099999999998604 -0.07600000000004271 0
0.09099999999998652 -0.07500000000004517 0
0.09099999999998702 -0.0740000000000474 0
0.09099999999998749 -0.07300000000004951 0
0.09099999999998799 -0.07200000000005173 0
0.09099999999998847 -0.07100000000005423 0
0.09099999999998892 -0.07000000000005639 0
0.09099999999998944 -0.06900000000005861 0
0.09099999999998991 -0.06800000000006104 0
0.09099999999999037 -0.06700000000006326 0
0.09099999999999085 -0.06600000000006537 0
0.09099999999999132 -0.06500000000006759 0
0.09099999999999181 -0.06400000000007007 0
0.09099999999999231 -0.06300000000007228 0
0.09099999999999277 -0.0620000000000744 0
0.09099999999999324 -0.06100000000007665 0
0.09099999999999375 -0.06000000000007907 0
0.09099999999999422 -0.05900000000008125 0
0.09099999999999471 -0.05800000000008387 0
0.09099999999999517 -0.05700000000008772 0
0.09099999999999561 -0.05600000000009044 0
0.09099999999999613 -0.0550000000000927 0
0.09099999999999663 -0.05400000000009488 0
0.09099999999999707 -0.05300000000009718 0
0.09099999999999757 -0.05200000000009945 0
0.09099999999999807 -0.05100000000010169 0
0.09099999999999853 -0.05000000000010391 0
0.090999999999999 -0.0490000000001062 0
0.09099999999999948 -0.04800000000010847 0
0.09099999999999996 -0.0470000000001107 0
0.09100000000000046 -0.0460000000001129 0
0.0910000000000009 -0.04500000000011409 0
0.09100000000000139 -0.0440000000001132 0
0.09100000000000186 -0.04300000000011051 0
0.09100000000000233 -0.042000000000108 0
0.09100000000000283 -0.04100000000010602 0
0.09100000000000333 -0.04000000000010401 0
0.09100000000000383 -0.0390000000001012 0
0.09100000000000429 -0.03800000000009881 0
0.09100000000000474 -0.03700000000009681 0
0.09100000000000522 -0.03600000000009485 0
0.09100000000000572 -0.03500000000009185 0
0.0910000000000062 -0.03400000000008963 0
0.09100000000000666 -0.03300000000008767 0
0.09100000000000717 -0.03200000000008586 0
0.09100000000000763 -0.03100000000008277 0
0.0910000000000081 -0.03000000000007969 0
0.09100000000000862 -0.02900000000007929 0
0.09100000000000909 -0.028000000000077 0
0.09100000000000956 -0.02700000000007343 0
0.09100000000001006 -0.02600000000007066 0
0.09100000000001049 -0.02500000000007025 0
0.091000000000011 -0.02400000000006767 0
0.09100000000001149 -0.02300000000006411 0
0.09100000000001193 -0.02200000000006161 0
0.09100000000001245 -0.02100000000006122 0
0.09100000000001292 -0.02000000000005833 0
0.09100000000001339 -0.01900000000005544 0
0.09100000000001389 -0.01800000000005505 0
0.09100000000001437 -0.01700000000005256 0
0.09100000000001482 -0.016000000000049 0
0.09100000000001532 -0.01500000000004641 0
0.09100000000001579 -0.01400000000004605 0
0.09100000000001628 -0.01300000000004336 0
0.09100000000001673 -0.01200000000003978 0
0.09100000000001722 -0.01100000000003751 0
0.09100000000001772 -0.01000000000003709 0
0.09100000000001822 -0.00900000000003401 0
0.09100000000001866 -0.008000000000030445 0
0.09100000000001916 -0.007000000000028398 0
0.09100000000001963 -0.006000000000027867 0
0.09100000000002009 -0.005000000000024364 0
0.09100000000002061 -0.004000000000020681 0
0.09100000000002106 -0.003000000000018837 0
0.09100000000002155 -0.0020000000000182 0
0.09100000000002205 -0.001000000000014506 0
0.09100000000002249 -1.087107834307766e-14 0
0.09100000000002299 0.0009999999999905833 0
0.09100000000002346 0.001999999999991464 0
0.09100000000002392 0.002999999999995127 0
0.09100000000002444 0.003999999999998811 0
0.0919999999999794 -0.0940000000000024 0
0.09199999999997982 -0.09300000000000462 0
0.09199999999998028 -0.09200000000000681 0
0.09199999999998068 -0.09100000000000925 0
0.09199999999998112 -0.09000000000001161 0
0.09199999999998157 -0.08900000000001382 0
0.09199999999998199 -0.08800000000001604 0
0.09199999999998242 -0.08700000000001848 0
0.09199999999998285 -0.08600000000002087 0
0.09199999999998326 -0.08500000000002304 0
0.09199999999998372 -0.08400000000002528 0
0.09199999999998412 -0.08300000000002775 0
0.09199999999998457 -0.08200000000003009 0
0.09199999999998501 -0.08100000000003227 0
0.09199999999998545 -0.0800000000000345 0
0.09199999999998587 -0.07900000000003699 0
0.09199999999998629 -0.0780000000000393 0
0.09199999999998673 -0.07700000000004149 0
0.09199999999998718 -0.07600000000004375 0
0.09199999999998759 -0.07500000000004624 0
0.09199999999998804 -0.07400000000004851 0
0.09199999999998845 -0.07300000000005073 0
0.09199999999998887 -0.07200000000005301 0
0.09199999999998934 -0.07100000000005548 0
0.09199999999998976 -0.07000000000005775 0
0.0919999999999902 -0.06900000000006001 0
0.09199999999999064 -0.06800000000006248 0
0.09199999999999108 -0.06700000000006477 0
0.09199999999999149 -0.06600000000006696 0
0.09199999999999191 -0.06500000000006924 0
0.09199999999999234 -0.06400000000007175 0
0.09199999999999278 -0.06300000000007397 0
0.09199999999999323 -0.06200000000007616 0
0.09199999999999364 -0.06100000000007848 0
0.09199999999999406 -0.06000000000008095 0
0.0919999999999945 -0.05900000000008319 0
0.09199999999999495 -0.05800000000008586 0
0.09199999999999539 -0.05700000000008979 0
0.09199999999999578 -0.05600000000009257 0
0.09199999999999622 -0.05500000000009489 0
0.09199999999999667 -0.05400000000009713 0
0.09199999999999708 -0.05300000000009947 0
0.09199999999999753 -0.05200000000010181 0
0.09199999999999797 -0.05100000000010409 0
0.09199999999999839 -0.05000000000010635 0
0.09199999999999883 -0.04900000000010869 0
0.09199999999999928 -0.04800000000011102 0
0.09199999999999969 -0.04700000000011331 0
0.09200000000000011 -0.04600000000011558 0
0.09200000000000055 -0.04500000000011679 0
0.092000000000001 -0.04400000000011586 0
0.09200000000000141 -0.04300000000011314 0
0.09200000000000183 -0.04200000000011054 0
0.09200000000000227 -0.04100000000010851 0
0.09200000000000272 -0.04000000000010646 0
0.09200000000000313 -0.03900000000010358 0
0.09200000000000358 -0.03800000000010112 0
0.092000000000004 -0.03700000000009909 0
0.09200000000000444 -0.03600000000009705 0
0.09200000000000488 -0.03500000000009401 0
0.0920000000000053 -0.03400000000009171 0
0.09200000000000574 -0.03300000000008971 0
0.09200000000000616 -0.03200000000008782 0
0.0920000000000066 -0.03100000000008466 0
0.09200000000000705 -0.03000000000008154 0
0.09200000000000746 -0.02900000000008108 0
0.09200000000000788 -0.02800000000007874 0
0.09200000000000833 -0.02700000000007511 0
0.09200000000000877 -0.02600000000007226 0
0.09200000000000919 -0.02500000000007183 0
0.0920000000000096 -0.02400000000006919 0
0.09200000000001006 -0.02300000000006556 0
0.09200000000001048 -0.022000000000063 0
0.09200000000001093 -0.02100000000006255 0
0.09200000000001134 -0.02000000000005961 0
0.09200000000001178 -0.01900000000005667 0
0.09200000000001221 -0.01800000000005623 0
0.09200000000001265 -0.01700000000005368 0
0.09200000000001307 -0.01600000000005005 0
0.09200000000001349 -0.01500000000004741 0
0.09200000000001392 -0.01400000000004701 0
0.09200000000001438 -0.01300000000004423 0
0.09200000000001482 -0.01200000000004059 0
0.09200000000001524 -0.01100000000003827 0
0.09200000000001565 -0.0100000000000378 0
0.0920000000000161 -0.009000000000034659 0
0.09200000000001654 -0.008000000000031022 0
0.09200000000001696 -0.007000000000028931 0
0.09200000000001737 -0.006000000000028376 0
0.09200000000001782 -0.005000000000024821 0
0.09200000000001825 -0.00400000000002108 0
0.09200000000001871 -0.003000000000019204 0
0.09200000000001912 -0.002000000000018545 0
0.09200000000001957 -0.001000000000014791 0
0.09200000000001998 -1.109436978050105e-14 0
0.09200000000002043 0.0009999999999904014 0
0.09200000000002087 0.001999999999991313 0
0.09200000000002126 0.002999999999995037 0
0.0920000000000217 0.003999999999998777 0
0.09299999999998006 -0.09400000000000247 0
0.09299999999998045 -0.09300000000000475 0
0.09299999999998085 -0.09200000000000701 0
0.09299999999998122 -0.09100000000000948 0
0.09299999999998164 -0.09000000000001189 0
0.09299999999998203 -0.08900000000001415 0
0.09299999999998242 -0.08800000000001643 0
0.09299999999998286 -0.08700000000001892 0
0.09299999999998322 -0.08600000000002136 0
0.09299999999998362 -0.0850000000000236 0
0.09299999999998404 -0.08400000000002589 0
0.09299999999998443 -0.0830000000000284 0
0.0929999999999848 -0.08200000000003076 0
0.09299999999998523 -0.08100000000003306 0
0.09299999999998561 -0.08000000000003536 0
0.09299999999998602 -0.0790000000000378 0
0.09299999999998641 -0.07800000000004022 0
0.09299999999998679 -0.07700000000004247 0
0.0929999999999872 -0.07600000000004481 0
0.09299999999998758 -0.07500000000004729 0
0.092999999999988 -0.07400000000004969 0
0.09299999999998838 -0.07300000000005191 0
0.09299999999998879 -0.07200000000005426 0
0.09299999999998923 -0.0710000000000568 0
0.09299999999998958 -0.07000000000005908 0
0.09299999999998999 -0.06900000000006141 0
0.09299999999999035 -0.06800000000006393 0
0.09299999999999077 -0.06700000000006627 0
0.09299999999999116 -0.06600000000006853 0
0.09299999999999159 -0.06500000000007088 0
0.09299999999999201 -0.06400000000007341 0
0.09299999999999237 -0.06300000000007569 0
0.09299999999999278 -0.06200000000007795 0
0.09299999999999317 -0.06100000000008031 0
0.09299999999999356 -0.06000000000008281 0
0.09299999999999395 -0.05900000000008513 0
0.09299999999999436 -0.05800000000008788 0
0.09299999999999477 -0.05700000000009185 0
0.09299999999999517 -0.0560000000000947 0
0.09299999999999556 -0.05500000000009706 0
0.09299999999999593 -0.05400000000009936 0
0.09299999999999636 -0.05300000000010176 0
0.0929999999999967 -0.05200000000010414 0
0.09299999999999714 -0.05100000000010649 0
0.0929999999999975 -0.05000000000010882 0
0.09299999999999795 -0.04900000000011121 0
0.09299999999999833 -0.04800000000011358 0
0.09299999999999871 -0.04700000000011592 0
0.0929999999999991 -0.04600000000011824 0
0.09299999999999953 -0.04500000000011948 0
0.09299999999999992 -0.04400000000011853 0
0.0930000000000003 -0.04300000000011574 0
0.09300000000000071 -0.04200000000011309 0
0.0930000000000011 -0.041000000000111 0
0.0930000000000015 -0.04000000000010891 0
0.09300000000000191 -0.03900000000010598 0
0.0930000000000023 -0.03800000000010344 0
0.09300000000000272 -0.03700000000010135 0
0.09300000000000309 -0.03600000000009927 0
0.0930000000000035 -0.03500000000009616 0
0.09300000000000387 -0.03400000000009382 0
0.0930000000000043 -0.03300000000009175 0
0.09300000000000469 -0.0320000000000898 0
0.09300000000000506 -0.03100000000008657 0
0.09300000000000548 -0.03000000000008335 0
0.09300000000000587 -0.02900000000008287 0
0.09300000000000626 -0.02800000000008047 0
0.09300000000000666 -0.02700000000007677 0
0.09300000000000708 -0.02600000000007387 0
0.09300000000000747 -0.02500000000007339 0
0.09300000000000787 -0.0240000000000707 0
0.09300000000000826 -0.02300000000006699 0
0.09300000000000865 -0.02200000000006437 0
0.09300000000000905 -0.0210000000000639 0
0.09300000000000944 -0.0200000000000609 0
0.09300000000000982 -0.01900000000005788 0
0.09300000000001026 -0.01800000000005741 0
0.09300000000001064 -0.0170000000000548 0
0.09300000000001105 -0.0160000000000511 0
0.09300000000001143 -0.01500000000004839 0
0.09300000000001181 -0.01400000000004796 0
0.09300000000001224 -0.01300000000004512 0
0.09300000000001264 -0.0120000000000414 0
0.09300000000001304 -0.01100000000003902 0
0.09300000000001341 -0.01000000000003852 0
0.09300000000001381 -0.009000000000035313 0
0.09300000000001418 -0.008000000000031607 0
0.09300000000001458 -0.007000000000029465 0
0.09300000000001502 -0.006000000000028887 0
0.09300000000001542 -0.00500000000002528 0
0.09300000000001581 -0.004000000000021478 0
0.09300000000001619 -0.003000000000019568 0
0.09300000000001658 -0.002000000000018886 0
0.09300000000001697 -0.001000000000015076 0
0.09300000000001739 -1.131711911683819e-14 0
0.0930000000000178 0.0009999999999902181 0
0.09300000000001819 0.001999999999991162 0
0.09300000000001858 0.002999999999994947 0
0.09300000000001898 0.003999999999998745 0
0.09399999999998407 -0.0940000000000025 0
0.09399999999998437 -0.09300000000000484 0
0.09399999999998471 -0.09200000000000716 0
0.09399999999998504 -0.0910000000000097 0
0.09399999999998537 -0.09000000000001215 0
0.09399999999998571 -0.08900000000001448 0
0.09399999999998604 -0.08800000000001683 0
0.0939999999999864 -0.08700000000001934 0
0.09399999999998669 -0.08600000000002181 0
0.09399999999998701 -0.08500000000002414 0
0.09399999999998737 -0.0840000000000265 0
0.09399999999998768 -0.08300000000002901 0
0.09399999999998798 -0.08200000000003148 0
0.09399999999998834 -0.08100000000003381 0
0.09399999999998863 -0.08000000000003618 0
0.09399999999998898 -0.07900000000003868 0
0.09399999999998934 -0.07800000000004112 0
0.09399999999998963 -0.07700000000004344 0
0.09399999999998999 -0.07600000000004584 0
0.09399999999999031 -0.0750000000000484 0
0.09399999999999062 -0.0740000000000508 0
0.09399999999999095 -0.07300000000005312 0
0.09399999999999131 -0.07200000000005552 0
0.09399999999999162 -0.0710000000000581 0
0.09399999999999195 -0.07000000000006042 0
0.09399999999999228 -0.06900000000006283 0
0.09399999999999262 -0.06800000000006537 0
0.09399999999999295 -0.06700000000006776 0
0.09399999999999328 -0.06600000000007009 0
0.09399999999999359 -0.06500000000007249 0
0.09399999999999392 -0.06400000000007504 0
0.09399999999999424 -0.0630000000000774 0
0.09399999999999459 -0.06200000000007976 0
0.09399999999999492 -0.06100000000008216 0
0.09399999999999525 -0.06000000000008469 0
0.09399999999999556 -0.05900000000008707 0
0.09399999999999589 -0.05800000000008988 0
0.09399999999999623 -0.05700000000009392 0
0.09399999999999656 -0.05600000000009682 0
0.09399999999999689 -0.05500000000009925 0
0.09399999999999722 -0.05400000000010162 0
0.09399999999999753 -0.05300000000010405 0
0.09399999999999786 -0.05200000000010647 0
0.0939999999999982 -0.05100000000010888 0
0.09399999999999853 -0.05000000000011127 0
0.09399999999999883 -0.04900000000011371 0
0.09399999999999917 -0.04800000000011615 0
0.09399999999999953 -0.04700000000011854 0
0.09399999999999983 -0.04600000000012094 0
0.09400000000000017 -0.04500000000012217 0
0.0940000000000005 -0.04400000000012122 0
0.09400000000000083 -0.04300000000011835 0
0.09400000000000117 -0.04200000000011566 0
0.0940000000000015 -0.04100000000011349 0
0.09400000000000183 -0.04000000000011136 0
0.09400000000000214 -0.03900000000010835 0
0.09400000000000247 -0.03800000000010578 0
0.0940000000000028 -0.03700000000010362 0
0.09400000000000314 -0.03600000000010148 0
0.09400000000000347 -0.03500000000009831 0
0.09400000000000377 -0.03400000000009592 0
0.09400000000000411 -0.03300000000009378 0
0.09400000000000444 -0.03200000000009177 0
0.09400000000000477 -0.03100000000008846 0
0.09400000000000511 -0.03000000000008518 0
0.09400000000000541 -0.02900000000008468 0
0.09400000000000577 -0.02800000000008222 0
0.09400000000000611 -0.02700000000007843 0
0.09400000000000641 -0.02600000000007548 0
0.09400000000000674 -0.02500000000007496 0
0.09400000000000708 -0.0240000000000722 0
0.09400000000000742 -0.02300000000006843 0
0.09400000000000774 -0.02200000000006575 0
0.09400000000000805 -0.02100000000006524 0
0.09400000000000838 -0.02000000000006218 0
0.09400000000000872 -0.0190000000000591 0
0.09400000000000905 -0.01800000000005859 0
0.09400000000000938 -0.01700000000005593 0
0.09400000000000973 -0.01600000000005216 0
0.09400000000001005 -0.01500000000004938 0
0.09400000000001038 -0.01400000000004891 0
0.09400000000001071 -0.01300000000004599 0
0.09400000000001102 -0.0120000000000422 0
0.09400000000001135 -0.01100000000003977 0
0.09400000000001169 -0.01000000000003924 0
0.09400000000001202 -0.009000000000035965 0
0.09400000000001232 -0.00800000000003219 0
0.09400000000001266 -0.00700000000003 0
0.09400000000001299 -0.006000000000029395 0
0.09400000000001331 -0.005000000000025738 0
0.09400000000001367 -0.004000000000021878 0
0.094000000000014 -0.003000000000019935 0
0.09400000000001434 -0.002000000000019229 0
0.09400000000001466 -0.001000000000015361 0
0.09400000000001497 -1.153992266328396e-14 0
0.09400000000001529 0.0009999999999900356 0
0.09400000000001563 0.001999999999991011 0
0.09400000000001593 0.002999999999994856 0
0.09400000000001626 0.003999999999998713 0
0.09499999999998807 -0.09400000000000254 0
0.09499999999998833 -0.09300000000000498 0
0.09499999999998858 -0.09200000000000734 0
0.09499999999998884 -0.09100000000000992 0
0.09499999999998909 -0.09000000000001239 0
0.09499999999998937 -0.0890000000000148 0
0.09499999999998962 -0.0880000000000172 0
0.09499999999998987 -0.08700000000001976 0
0.09499999999999018 -0.08600000000002231 0
0.09499999999999041 -0.08500000000002467 0
0.09499999999999066 -0.08400000000002711 0
0.09499999999999094 -0.0830000000000297 0
0.09499999999999117 -0.08200000000003214 0
0.09499999999999145 -0.08100000000003454 0
0.09499999999999173 -0.08000000000003703 0
0.09499999999999195 -0.07900000000003954 0
0.09499999999999223 -0.07800000000004202 0
0.09499999999999248 -0.07700000000004444 0
0.09499999999999276 -0.07600000000004686 0
0.09499999999999302 -0.07500000000004947 0
0.09499999999999328 -0.07400000000005193 0
0.09499999999999353 -0.0730000000000543 0
0.09499999999999378 -0.07200000000005675 0
0.09499999999999406 -0.07100000000005938 0
0.09499999999999431 -0.07000000000006178 0
0.09499999999999457 -0.0690000000000642 0
0.09499999999999484 -0.06800000000006681 0
0.0949999999999951 -0.06700000000006927 0
0.09499999999999535 -0.06600000000007165 0
0.09499999999999562 -0.0650000000000741 0
0.09499999999999588 -0.0640000000000767 0
0.09499999999999613 -0.0630000000000791 0
0.09499999999999642 -0.06200000000008153 0
0.09499999999999667 -0.061000000000084 0
0.09499999999999689 -0.06000000000008656 0
0.09499999999999721 -0.059000000000089 0
0.09499999999999742 -0.05800000000009188 0
0.0949999999999977 -0.05700000000009601 0
0.09499999999999795 -0.05600000000009896 0
0.0949999999999982 -0.05500000000010142 0
0.09499999999999847 -0.05400000000010385 0
0.09499999999999878 -0.05300000000010635 0
0.09499999999999899 -0.05200000000010882 0
0.09499999999999928 -0.0510000000001113 0
0.09499999999999953 -0.05000000000011373 0
0.09499999999999975 -0.04900000000011621 0
0.09500000000000003 -0.0480000000001187 0
0.09500000000000031 -0.04700000000012117 0
0.09500000000000056 -0.0460000000001236 0
0.09500000000000082 -0.04500000000012489 0
0.09500000000000108 -0.04400000000012388 0
0.09500000000000136 -0.04300000000012096 0
0.09500000000000161 -0.04200000000011821 0
0.09500000000000186 -0.04100000000011601 0
0.09500000000000211 -0.0400000000001138 0
0.09500000000000239 -0.03900000000011072 0
0.09500000000000265 -0.0380000000001081 0
0.09500000000000292 -0.0370000000001059 0
0.09500000000000317 -0.0360000000001037 0
0.09500000000000343 -0.03500000000010045 0
0.09500000000000369 -0.03400000000009801 0
0.09500000000000394 -0.03300000000009583 0
0.09500000000000419 -0.03200000000009372 0
0.09500000000000447 -0.03100000000009035 0
0.09500000000000472 -0.03000000000008701 0
0.09500000000000497 -0.02900000000008647 0
0.09500000000000525 -0.02800000000008396 0
0.0950000000000055 -0.02700000000008011 0
0.09500000000000575 -0.02600000000007709 0
0.09500000000000604 -0.02500000000007653 0
0.0950000000000063 -0.02400000000007371 0
0.09500000000000655 -0.02300000000006987 0
0.0950000000000068 -0.02200000000006714 0
0.09500000000000708 -0.02100000000006659 0
0.0950000000000073 -0.02000000000006345 0
0.09500000000000758 -0.01900000000006032 0
0.09500000000000786 -0.01800000000005977 0
0.09500000000000813 -0.01700000000005705 0
0.09500000000000836 -0.0160000000000532 0
0.09500000000000863 -0.01500000000005038 0
0.09500000000000888 -0.01400000000004986 0
0.09500000000000913 -0.01300000000004687 0
0.09500000000000941 -0.01200000000004302 0
0.09500000000000969 -0.01100000000004052 0
0.09500000000000991 -0.01000000000003995 0
0.09500000000001019 -0.009000000000036614 0
0.09500000000001046 -0.008000000000032767 0
0.09500000000001071 -0.007000000000030533 0
0.09500000000001096 -0.006000000000029903 0
0.09500000000001124 -0.005000000000026196 0
0.09500000000001151 -0.004000000000022275 0
0.09500000000001174 -0.003000000000020298 0
0.09500000000001203 -0.002000000000019573 0
0.09500000000001231 -0.001000000000015645 0
0.09500000000001252 -1.17628617350013e-14 0
0.0950000000000128 0.0009999999999898534 0
0.09500000000001307 0.001999999999990861 0
0.0950000000000133 0.002999999999994766 0
0.09500000000001357 0.00399999999999868 0
0.09599999999998968 -0.09400000000000257 0
0.09599999999998991 -0.09300000000000508 0
0.09599999999999013 -0.09200000000000751 0
0.09599999999999036 -0.09100000000001011 0
0.09599999999999054 -0.09000000000001265 0
0.09599999999999076 -0.08900000000001512 0
0.095999999999991 -0.08800000000001762 0
0.09599999999999123 -0.0870000000000202 0
0.09599999999999141 -0.08600000000002274 0
0.09599999999999163 -0.08500000000002521 0
0.09599999999999187 -0.08400000000002772 0
0.09599999999999205 -0.0830000000000303 0
0.09599999999999229 -0.08200000000003287 0
0.09599999999999252 -0.08100000000003534 0
0.09599999999999272 -0.08000000000003782 0
0.09599999999999292 -0.0790000000000404 0
0.09599999999999316 -0.07800000000004295 0
0.09599999999999337 -0.07700000000004542 0
0.09599999999999356 -0.0760000000000479 0
0.09599999999999381 -0.07500000000005051 0
0.09599999999999402 -0.07400000000005308 0
0.09599999999999424 -0.07300000000005552 0
0.09599999999999446 -0.072000000000058 0
0.09599999999999466 -0.07100000000006064 0
0.09599999999999488 -0.07000000000006314 0
0.0959999999999951 -0.06900000000006568 0
0.09599999999999528 -0.06800000000006826 0
0.09599999999999555 -0.06700000000007075 0
0.09599999999999573 -0.06600000000007321 0
0.09599999999999596 -0.06500000000007572 0
0.09599999999999617 -0.06400000000007836 0
0.09599999999999639 -0.06300000000008082 0
0.09599999999999657 -0.06200000000008332 0
0.0959999999999968 -0.06100000000008583 0
0.09599999999999705 -0.06000000000008845 0
0.09599999999999725 -0.05900000000009092 0
0.09599999999999745 -0.05800000000009389 0
0.09599999999999768 -0.05700000000009807 0
0.09599999999999789 -0.05600000000010106 0
0.09599999999999811 -0.05500000000010362 0
0.09599999999999832 -0.05400000000010608 0
0.09599999999999853 -0.05300000000010864 0
0.09599999999999875 -0.05200000000011117 0
0.09599999999999898 -0.05100000000011368 0
0.0959999999999992 -0.05000000000011619 0
0.09599999999999941 -0.04900000000011875 0
0.09599999999999964 -0.04800000000012126 0
0.09599999999999985 -0.04700000000012377 0
0.09600000000000007 -0.04600000000012627 0
0.09600000000000028 -0.04500000000012758 0
0.09600000000000049 -0.04400000000012655 0
0.09600000000000071 -0.04300000000012359 0
0.09600000000000093 -0.04200000000012077 0
0.09600000000000113 -0.0410000000001185 0
0.09600000000000135 -0.04000000000011624 0
0.09600000000000156 -0.03900000000011311 0
0.09600000000000178 -0.03800000000011041 0
0.096000000000002 -0.03700000000010816 0
0.09600000000000224 -0.03600000000010593 0
0.09600000000000246 -0.03500000000010262 0
0.09600000000000267 -0.03400000000010009 0
0.09600000000000283 -0.03300000000009786 0
0.09600000000000308 -0.03200000000009569 0
0.09600000000000329 -0.03100000000009226 0
0.09600000000000351 -0.03000000000008884 0
0.09600000000000372 -0.02900000000008826 0
0.09600000000000394 -0.02800000000008569 0
0.09600000000000418 -0.02700000000008177 0
0.0960000000000044 -0.02600000000007869 0
0.09600000000000458 -0.0250000000000781 0
0.09600000000000479 -0.02400000000007522 0
0.096000000000005 -0.02300000000007131 0
0.09600000000000522 -0.02200000000006851 0
0.09600000000000546 -0.02100000000006793 0
0.09600000000000568 -0.02000000000006473 0
0.0960000000000059 -0.01900000000006153 0
0.09600000000000611 -0.01800000000006095 0
0.09600000000000632 -0.01700000000005816 0
0.09600000000000652 -0.01600000000005426 0
0.09600000000000675 -0.01500000000005137 0
0.09600000000000698 -0.01400000000005081 0
0.09600000000000718 -0.01300000000004776 0
0.09600000000000738 -0.01200000000004382 0
0.09600000000000761 -0.01100000000004127 0
0.09600000000000784 -0.01000000000004067 0
0.09600000000000805 -0.009000000000037263 0
0.09600000000000829 -0.008000000000033347 0
0.09600000000000848 -0.007000000000031067 0
0.09600000000000869 -0.006000000000030413 0
0.0960000000000089 -0.005000000000026651 0
0.09600000000000912 -0.004000000000022676 0
0.09600000000000934 -0.003000000000020661 0
0.09600000000000955 -0.002000000000019917 0
0.09600000000000977 -0.00100000000001593 0
0.09600000000001001 -1.198569238650138e-14 0
0.09600000000001022 0.0009999999999896702 0
0.09600000000001045 0.001999999999990709 0
0.09600000000001063 0.002999999999994674 0
0.09600000000001085 0.003999999999998647 0
0.0969999999999907 -0.0940000000000026 0
0.09699999999999087 -0.09300000000000516 0
0.09699999999999108 -0.09200000000000769 0
0.09699999999999122 -0.09100000000001034 0
0.0969999999999914 -0.09000000000001292 0
0.09699999999999158 -0.08900000000001544 0
0.09699999999999176 -0.08800000000001802 0
0.09699999999999193 -0.0870000000000206 0
0.09699999999999212 -0.08600000000002325 0
0.0969999999999923 -0.08500000000002575 0
0.09699999999999245 -0.08400000000002833 0
0.09699999999999266 -0.08300000000003097 0
0.09699999999999284 -0.08200000000003353 0
0.09699999999999304 -0.08100000000003611 0
0.09699999999999318 -0.08000000000003867 0
0.09699999999999337 -0.07900000000004126 0
0.09699999999999354 -0.07800000000004387 0
0.0969999999999937 -0.07700000000004638 0
0.09699999999999388 -0.07600000000004896 0
0.09699999999999406 -0.07500000000005159 0
0.09699999999999423 -0.07400000000005419 0
0.09699999999999438 -0.07300000000005671 0
0.09699999999999459 -0.07200000000005928 0
0.09699999999999476 -0.07100000000006196 0
0.09699999999999495 -0.07000000000006447 0
0.09699999999999515 -0.06900000000006705 0
0.09699999999999531 -0.0680000000000697 0
0.09699999999999548 -0.06700000000007225 0
0.09699999999999565 -0.0660000000000748 0
0.09699999999999584 -0.06500000000007736 0
0.09699999999999601 -0.06400000000008001 0
0.0969999999999962 -0.06300000000008255 0
0.09699999999999637 -0.06200000000008511 0
0.09699999999999656 -0.06100000000008766 0
0.09699999999999673 -0.0600000000000903 0
0.09699999999999689 -0.05900000000009287 0
0.09699999999999706 -0.05800000000009589 0
0.09699999999999726 -0.05700000000010014 0
0.09699999999999745 -0.05600000000010322 0
0.09699999999999762 -0.05500000000010578 0
0.09699999999999784 -0.05400000000010833 0
0.09699999999999798 -0.05300000000011094 0
0.09699999999999814 -0.05200000000011351 0
0.09699999999999834 -0.05100000000011609 0
0.0969999999999985 -0.05000000000011865 0
0.0969999999999987 -0.04900000000012124 0
0.09699999999999888 -0.04800000000012383 0
0.09699999999999906 -0.04700000000012639 0
0.09699999999999923 -0.04600000000012895 0
0.09699999999999942 -0.04500000000013028 0
0.09699999999999959 -0.04400000000012922 0
0.09699999999999978 -0.04300000000012619 0
0.09699999999999995 -0.04200000000012331 0
0.09700000000000011 -0.04100000000012101 0
0.09700000000000028 -0.0400000000001187 0
0.09700000000000047 -0.0390000000001155 0
0.09700000000000067 -0.03800000000011274 0
0.09700000000000084 -0.03700000000011042 0
0.097000000000001 -0.03600000000010814 0
0.09700000000000117 -0.03500000000010477 0
0.09700000000000136 -0.0340000000001022 0
0.09700000000000156 -0.03300000000009989 0
0.0970000000000017 -0.03200000000009767 0
0.09700000000000189 -0.03100000000009415 0
0.09700000000000211 -0.03000000000009067 0
0.09700000000000225 -0.02900000000009006 0
0.09700000000000245 -0.02800000000008743 0
0.09700000000000261 -0.02700000000008344 0
0.09700000000000279 -0.0260000000000803 0
0.09700000000000296 -0.02500000000007967 0
0.09700000000000311 -0.02400000000007673 0
0.09700000000000333 -0.02300000000007274 0
0.0970000000000035 -0.02200000000006988 0
0.09700000000000365 -0.02100000000006927 0
0.09700000000000386 -0.02000000000006602 0
0.09700000000000403 -0.01900000000006274 0
0.09700000000000422 -0.01800000000006213 0
0.09700000000000439 -0.01700000000005929 0
0.09700000000000455 -0.0160000000000553 0
0.09700000000000474 -0.01500000000005236 0
0.09700000000000492 -0.01400000000005176 0
0.09700000000000511 -0.01300000000004864 0
0.09700000000000528 -0.01200000000004463 0
0.09700000000000544 -0.01100000000004202 0
0.09700000000000564 -0.01000000000004138 0
0.09700000000000583 -0.009000000000037913 0
0.097000000000006 -0.00800000000003393 0
0.09700000000000616 -0.007000000000031601 0
0.09700000000000633 -0.006000000000030922 0
0.09700000000000653 -0.005000000000027109 0
0.09700000000000672 -0.004000000000023077 0
0.09700000000000689 -0.003000000000021029 0
0.09700000000000705 -0.00200000000002026 0
0.09700000000000722 -0.001000000000016215 0
0.09700000000000741 -1.221012223620588e-14 0
0.09700000000000758 0.0009999999999894876 0
0.09700000000000777 0.001999999999990558 0
0.09700000000000794 0.002999999999994584 0
0.09700000000000811 0.003999999999998616 0
0.09799999999999469 -0.09400000000000265 0
0.09799999999999481 -0.09300000000000527 0
0.09799999999999491 -0.09200000000000789 0
0.09799999999999501 -0.09100000000001054 0
0.09799999999999513 -0.09000000000001318 0
0.09799999999999527 -0.08900000000001579 0
0.09799999999999534 -0.08800000000001842 0
0.09799999999999544 -0.08700000000002103 0
0.09799999999999554 -0.08600000000002371 0
0.09799999999999566 -0.0850000000000263 0
0.09799999999999578 -0.08400000000002895 0
0.09799999999999588 -0.0830000000000316 0
0.09799999999999602 -0.08200000000003425 0
0.09799999999999612 -0.08100000000003686 0
0.09799999999999623 -0.08000000000003947 0
0.09799999999999631 -0.07900000000004211 0
0.09799999999999645 -0.0780000000000448 0
0.09799999999999655 -0.07700000000004739 0
0.09799999999999665 -0.07600000000005 0
0.0979999999999968 -0.07500000000005266 0
0.09799999999999684 -0.0740000000000553 0
0.09799999999999695 -0.07300000000005792 0
0.0979999999999971 -0.07200000000006053 0
0.0979999999999972 -0.07100000000006325 0
0.09799999999999731 -0.07000000000006582 0
0.09799999999999742 -0.06900000000006845 0
0.09799999999999753 -0.06800000000007114 0
0.09799999999999767 -0.06700000000007376 0
0.09799999999999776 -0.06600000000007637 0
0.09799999999999787 -0.06500000000007898 0
0.09799999999999796 -0.06400000000008169 0
0.09799999999999809 -0.06300000000008427 0
0.0979999999999982 -0.06200000000008689 0
0.0979999999999983 -0.06100000000008951 0
0.09799999999999841 -0.06000000000009219 0
0.09799999999999855 -0.0590000000000948 0
0.09799999999999863 -0.05800000000009789 0
0.09799999999999873 -0.05700000000010223 0
0.09799999999999885 -0.05600000000010534 0
0.09799999999999898 -0.05500000000010798 0
0.09799999999999906 -0.05400000000011058 0
0.0979999999999992 -0.05300000000011322 0
0.0979999999999993 -0.05200000000011585 0
0.09799999999999939 -0.05100000000011849 0
0.0979999999999995 -0.05000000000012111 0
0.09799999999999963 -0.04900000000012376 0
0.09799999999999973 -0.04800000000012639 0
0.09799999999999984 -0.04700000000012901 0
0.09799999999999995 -0.04600000000013162 0
0.09800000000000007 -0.04500000000013298 0
0.09800000000000017 -0.04400000000013191 0
0.09800000000000027 -0.0430000000001288 0
0.09800000000000039 -0.04200000000012587 0
0.09800000000000049 -0.04100000000012349 0
0.09800000000000063 -0.04000000000012113 0
0.09800000000000073 -0.03900000000011787 0
0.09800000000000082 -0.03800000000011507 0
0.09800000000000096 -0.0370000000001127 0
0.09800000000000103 -0.03600000000011037 0
0.09800000000000116 -0.03500000000010692 0
0.09800000000000127 -0.03400000000010428 0
0.09800000000000136 -0.03300000000010193 0
0.0980000000000015 -0.03200000000009962 0
0.0980000000000016 -0.03100000000009605 0
0.09800000000000167 -0.03000000000009251 0
0.09800000000000178 -0.02900000000009186 0
0.09800000000000192 -0.02800000000008917 0
0.098000000000002 -0.0270000000000851 0
0.09800000000000213 -0.02600000000008189 0
0.09800000000000224 -0.02500000000008124 0
0.09800000000000235 -0.02400000000007824 0
0.09800000000000246 -0.02300000000007418 0
0.09800000000000257 -0.02200000000007127 0
0.09800000000000268 -0.02100000000007061 0
0.09800000000000278 -0.0200000000000673 0
0.0980000000000029 -0.01900000000006397 0
0.098000000000003 -0.01800000000006331 0
0.09800000000000311 -0.0170000000000604 0
0.09800000000000324 -0.01600000000005635 0
0.09800000000000333 -0.01500000000005335 0
0.09800000000000346 -0.0140000000000527 0
0.09800000000000356 -0.01300000000004952 0
0.09800000000000367 -0.01200000000004544 0
0.09800000000000378 -0.01100000000004278 0
0.0980000000000039 -0.0100000000000421 0
0.09800000000000401 -0.009000000000038562 0
0.09800000000000411 -0.008000000000034509 0
0.09800000000000422 -0.007000000000032134 0
0.09800000000000435 -0.006000000000031433 0
0.09800000000000446 -0.005000000000027567 0
0.09800000000000457 -0.004000000000023477 0
0.09800000000000465 -0.003000000000021392 0
0.09800000000000479 -0.002000000000020604 0
0.09800000000000487 -0.0010000000000165 0
0.09800000000000499 -1.243288512507018e-14 0
0.09800000000000512 0.0009999999999893057 0
0.09800000000000519 0.001999999999990408 0
0.09800000000000532 0.002999999999994495 0
0.09800000000000543 0.003999999999998583 0
0.09899999999999869 -0.09400000000000272 0
0.09899999999999873 -0.09300000000000538 0
0.09899999999999876 -0.09200000000000806 0
0.09899999999999881 -0.09100000000001075 0
0.09899999999999887 -0.09000000000001344 0
0.09899999999999887 -0.08900000000001612 0
0.09899999999999892 -0.08800000000001881 0
0.09899999999999898 -0.08700000000002148 0
0.09899999999999903 -0.0860000000000242 0
0.09899999999999903 -0.08500000000002685 0
0.09899999999999912 -0.08400000000002954 0
0.09899999999999916 -0.08300000000003224 0
0.0989999999999992 -0.08200000000003493 0
0.0989999999999992 -0.0810000000000376 0
0.09899999999999928 -0.08000000000004029 0
0.09899999999999931 -0.07900000000004297 0
0.09899999999999934 -0.07800000000004569 0
0.09899999999999939 -0.07700000000004836 0
0.09899999999999945 -0.07600000000005103 0
0.09899999999999948 -0.07500000000005376 0
0.09899999999999953 -0.07400000000005647 0
0.09899999999999953 -0.07300000000005913 0
0.09899999999999959 -0.07200000000006179 0
0.09899999999999963 -0.07100000000006454 0
0.09899999999999969 -0.07000000000006719 0
0.0989999999999997 -0.06900000000006987 0
0.09899999999999977 -0.06800000000007259 0
0.0989999999999998 -0.06700000000007525 0
0.09899999999999988 -0.0660000000000779 0
0.09899999999999988 -0.06500000000008059 0
0.09899999999999992 -0.06400000000008334 0
0.09899999999999999 -0.06300000000008599 0
0.09900000000000002 -0.06200000000008866 0
0.09900000000000003 -0.06100000000009136 0
0.09900000000000009 -0.06000000000009405 0
0.09900000000000012 -0.05900000000009672 0
0.09900000000000017 -0.05800000000009988 0
0.0990000000000002 -0.05700000000010427 0
0.09900000000000025 -0.05600000000010744 0
0.09900000000000031 -0.05500000000011015 0
0.09900000000000034 -0.05400000000011281 0
0.09900000000000038 -0.05300000000011553 0
0.09900000000000042 -0.05200000000011819 0
0.09900000000000048 -0.05100000000012087 0
0.0990000000000005 -0.05000000000012356 0
0.09900000000000053 -0.04900000000012626 0
0.0990000000000006 -0.04800000000012895 0
0.09900000000000062 -0.04700000000013162 0
0.09900000000000064 -0.04600000000013428 0
0.09900000000000071 -0.04500000000013567 0
0.09900000000000075 -0.04400000000013458 0
0.09900000000000078 -0.0430000000001314 0
0.09900000000000084 -0.0420000000001284 0
0.09900000000000087 -0.041000000000126 0
0.09900000000000089 -0.04000000000012358 0
0.09900000000000098 -0.03900000000012026 0
0.09900000000000098 -0.03800000000011738 0
0.09900000000000103 -0.03700000000011498 0
0.09900000000000106 -0.03600000000011257 0
0.09900000000000113 -0.03500000000010906 0
0.09900000000000117 -0.03400000000010639 0
0.0990000000000012 -0.03300000000010396 0
0.09900000000000127 -0.03200000000010159 0
0.09900000000000131 -0.03100000000009794 0
0.09900000000000131 -0.03000000000009435 0
0.09900000000000136 -0.02900000000009365 0
0.09900000000000142 -0.0280000000000909 0
0.09900000000000142 -0.02700000000008676 0
0.0990000000000015 -0.0260000000000835 0
0.09900000000000153 -0.0250000000000828 0
0.09900000000000159 -0.02400000000007975 0
0.09900000000000159 -0.02300000000007562 0
0.09900000000000164 -0.02200000000007265 0
0.09900000000000171 -0.02100000000007196 0
0.09900000000000173 -0.02000000000006857 0
0.09900000000000175 -0.01900000000006518 0
0.09900000000000181 -0.01800000000006449 0
0.09900000000000186 -0.01700000000006153 0
0.09900000000000192 -0.01600000000005741 0
0.09900000000000192 -0.01500000000005434 0
0.09900000000000199 -0.01400000000005366 0
0.09900000000000204 -0.01300000000005039 0
0.09900000000000207 -0.01200000000004625 0
0.09900000000000209 -0.01100000000004353 0
0.09900000000000214 -0.01000000000004281 0
0.0990000000000022 -0.009000000000039209 0
0.09900000000000224 -0.00800000000003509 0
0.09900000000000228 -0.007000000000032668 0
0.09900000000000231 -0.006000000000031943 0
0.09900000000000236 -0.005000000000028025 0
0.09900000000000242 -0.004000000000023876 0
0.09900000000000242 -0.00300000000002176 0
0.09900000000000247 -0.002000000000020947 0
0.09900000000000253 -0.001000000000016786 0
0.09900000000000259 -1.265532275328274e-14 0
0.09900000000000259 0.000999999999989122 0
0.09900000000000264 0.001999999999990257 0
0.0990000000000027 0.002999999999994404 0
0.09900000000000272 0.00399999999999855 0
$EndNodes
$Elements
5 10400 1 10400
1 1 1 100
1 1 5 
2 5 6 
3 6 7 
4 7 8 
5 8 9 
6 9 10 
7 10 11 
8 11 12 
9 12 13 
10 13 14 
11 14 15 
12 15 16 
13 16 17 
14 17 18 
15 18 19 
16 19 20 
17 20 21 
18 21 22 
19 22 23 
20 23 24 
21 24 25 
22 25 26 
23 26 27 
24 27 28 
25 28 29 
26 29 30 
27 30 31 
28 31 32 
29 32 33 
30 33 34 
31 34 35 
32 35 36 
33 36 37 
34 37 38 
35 38 39 
36 39 40 
37 40 41 
38 41 42 
39 42 43 
40 43 44 
41 44 45 
42 45 46 
43 46 47 
44 47 48 
45 48 49 
46 49 50 
47 50 51 
48 51 52 
49 52 53 
50 53 54 
51 54 55 
52 55 56 
53 56 57 
54 57 58 
55 58 59 
56 59 60 
57 60 61 
58 61 62 
59 62 63 
60 63 64 
61 64 65 
62 65 66 
63 66 67 
64 67 68 
65 68 69 
66 69 70 
67 70 71 
68 71 72 
69 72 73 
70 73 74 
71 74 75 
72 75 76 
73 76 77 
74 77 78 
75 78 79 
76 79 80 
77 80 81 
78 81 82 
79 82 83 
80 83 84 
81 84 85 
82 85 86 
83 86 87 
84 87 88 
85 88 89 
86 89 90 
87 90 91 
88 91 92 
89 92 93 
90 93 94 
91 94 95 
92 95 96 
93 96 97 
94 97 98 
95 98 99 
96 99 100 
97 100 101 
98 101 102 
99 102 103 
100 103 2 
1 2 1 100
101 2 104 
102 104 105 
103 105 106 
104 106 107 
105 107 108 
106 108 109 
107 109 110 
108 110 111 
109 111 112 
110 112 113 
111 113 114 
112 114 115 
113 115 116 
114 116 117 
115 117 118 
116 118 119 
117 119 120 
118 120 121 
119 121 122 
120 122 123 
121 123 124 
122 124 125 
123 125 126 
124 126 127 
125 127 128 
126 128 129 
127 129 130 
128 130 131 
129 131 132 
130 132 133 
131 133 134 
132 134 135 
133 135 136 
134 136 137 
135 137 138 
136 138 139 
137 139 140 
138 140 141 
139 141 142 
140 142 143 
141 143 144 
142 144 145 
143 145 146 
144 146 147 
145 147 148 
146 148 149 
147 149 150 
148 150 151 
149 151 152 
150 152 153 
151 153 154 
152 154 155 
153 155 156 
154 156 157 
155 157 158 
156 158 159 
157 159 160 
158 160 161 
159 161 162 
160 162 163 
161 163 164 
162 164 165 
163 165 166 
164 166 167 
165 167 168 
166 168 169 
167 169 170 
168 170 171 
169 171 172 
170 172 173 
171 173 174 
172 174 175 
173 175 176 
174 176 177 
175 177 178 
176 178 179 
177 179 180 
178 180 181 
179 181 182 
180 182 183 
181 183 184 
182 184 185 
183 185 186 
184 186 187 
185 187 188 
186 188 189 
187 189 190 
188 190 191 
189 191 192 
190 192 193 
191 193 194 
192 194 195 
193 195 196 
194 196 197 
195 197 198 
196 198 199 
197 199 200 
198 200 201 
199 201 202 
200 202 3 
1 3 1 100
201 3 203 
202 203 204 
203 204 205 
204 205 206 
205 206 207 
206 207 208 
207 208 209 
208 209 210 
209 210 211 
210 211 212 
211 212 213 
212 213 214 
213 214 215 
214 215 216 
215 216 217 
216 217 218 
217 218 219 
218 219 220 
219 220 221 
220 221 222 
221 222 223 
222 223 224 
223 224 225 
224 225 226 
225 226 227 
226 227 228 
227 228 229 
228 229 230 
229 230 231 
230 231 232 
231 232 233 
232 233 234 
233 234 235 
234 235 236 
235 236 237 
236 237 238 
237 238 239 
238 239 240 
239 240 241 
240 241 242 
241 242 243 
242 243 244 
243 244 245 
244 245 246 
245 246 247 
246 247 248 
247 248 249 
248 249 250 
249 250 251 
250 251 252 
251 252 253 
252 253 254 
253 254 255 
254 255 256 
255 256 257 
256 257 258 
257 258 259 
258 259 260 
259 260 261 
260 261 262 
261 262 263 
262 263 264 
263 264 265 
264 265 266 
265 266 267 
266 267 268 
267 268 269 
268 269 270 
269 270 271 
270 271 272 
271 272 273 
272 273 274 
273 274 275 
274 275 276 
275 276 277 
276 277 278 
277 278 279 
278 279 280 
279 280 281 
280 281 282 
281 282 283 
282 283 284 
283 284 285 
284 285 286 
285 286 287 
286 287 288 
287 288 289 
288 289 290 
289 290 291 
290 291 292 
291 292 293 
292 293 294 
293 294 295 
294 295 296 
295 296 297 
296 297 298 
297 298 299 
298 299 300 
299 300 301 
300 301 4 
1 4 1 100
301 4 302 
302 302 303 
303 303 304 
304 304 305 
305 305 306 
306 306 307 
307 307 308 
308 308 309 
309 309 310 
310 310 311 
311 311 312 
312 312 313 
313 313 314 
314 314 315 
315 315 316 
316 316 317 
317 317 318 
318 318 319 
319 319 320 
320 320 321 
321 321 322 
322 322 323 
323 323 324 
324 324 325 
325 325 326 
326 326 327 
327 327 328 
328 328 329 
329 329 330 
330 330 331 
331 331 332 
332 332 333 
333 333 334 
334 334 335 
335 335 336 
336 336 337 
337 337 338 
338 338 339 
339 339 340 
340 340 341 
341 341 342 
342 342 343 
343 343 344 
344 344 345 
345 345 346 
346 346 347 
347 347 348 
348 348 349 
349 349 350 
350 350 351 
351 351 352 
352 352 353 
353 353 354 
354 354 355 
355 355 356 
356 356 357 
357 357 358 
358 358 359 
359 359 360 
360 360 361 
361 361 362 
362 362 363 
363 363 364 
364 364 365 
365 365 366 
366 366 367 
367 367 368 
368 368 369 
369 369 370 
370 370 371 
371 371 372 
372 372 373 
373 373 374 
374 374 375 
375 375 376 
376 376 377 
377 377 378 
378 378 379 
379 379 380 
380 380 381 
381 381 382 
382 382 383 
383 383 384 
384 384 385 
385 385 386 
386 386 387 
387 387 388 
388 388 389 
389 389 390 
390 390 391 
391 391 392 
392 392 393 
393 393 394 
394 394 395 
395 395 396 
396 396 397 
397 397 398 
398 398 399 
399 399 400 
400 400 1 
2 1 3 10000
401 1 5 401 400 
402 400 401 402 399 
403 399 402 403 398 
404 398 403 404 397 
405 397 404 405 396 
406 396 405 406 395 
407 395 406 407 394 
408 394 407 408 393 
409 393 408 409 392 
410 392 409 410 391 
411 391 410 411 390 
412 390 411 412 389 
413 389 412 413 388 
414 388 413 414 387 
415 387 414 415 386 
416 386 415 416 385 
417 385 416 417 384 
418 384 417 418 383 
419 383 418 419 382 
420 382 419 420 381 
421 381 420 421 380 
422 380 421 422 379 
423 379 422 423 378 
424 378 423 424 377 
425 377 424 425 376 
426 376 425 426 375 
427 375 426 427 374 
428 374 427 428 373 
429 373 428 429 372 
430 372 429 430 371 
431 371 430 431 370 
432 370 431 432 369 
433 369 432 433 368 
434 368 433 434 367 
435 367 434 435 366 
436 366 435 436 365 
437 365 436 437 364 
438 364 437 438 363 
439 363 438 439 362 
440 362 439 440 361 
441 361 440 441 360 
442 360 441 442 359 
443 359 442 443 358 
444 358 443 444 357 
445 357 444 445 356 
446 356 445 446 355 
447 355 446 447 354 
448 354 447 448 353 
449 353 448 449 352 
450 352 449 450 351 
451 351 450 451 350 
452 350 451 452 349 
453 349 452 453 348 
454 348 453 454 347 
455 347 454 455 346 
456 346 455 456 345 
457 345 456 457 344 
458 344 457 458 343 
459 343 458 459 342 
460 342 459 460 341 
461 341 460 461 340 
462 340 461 462 339 
463 339 462 463 338 
464 338 463 464 337 
465 337 464 465 336 
466 336 465 466 335 
467 335 466 467 334 
468 334 467 468 333 
469 333 468 469 332 
470 332 469 470 331 
471 331 470 471 330 
472 330 471 472 329 
473 329 472 473 328 
474 328 473 474 327 
475 327 474 475 326 
476 326 475 476 325 
477 325 476 477 324 
478 324 477 478 323 
479 323 478 479 322 
480 322 479 480 321 
481 321 480 481 320 
482 320 481 482 319 
483 319 482 483 318 
484 318 483 484 317 
485 317 484 485 316 
486 316 485 486 315 
487 315 486 487 314 
488 314 487 488 313 
489 313 488 489 312 
490 312 489 490 311 
491 311 490 491 310 
492 310 491 492 309 
493 309 492 493 308 
494 308 493 494 307 
495 307 494 495 306 
496 306 495 496 305 
497 305 496 497 304 
498 304 497 498 303 
499 303 498 499 302 
500 302 499 301 4 
501 5 6 500 401 
502 401 500 501 402 
503 402 501 502 403 
504 403 502 503 404 
505 404 503 504 405 
506 405 504 505 406 
507 406 505 506 407 
508 407 506 507 408 
509 408 507 508 409 
510 409 508 509 410 
511 410 509 510 411 
512 411 510 511 412 
513 412 511 512 413 
514 413 512 513 414 
515 414 513 514 415 
516 415 514 515 416 
517 416 515 516 417 
518 417 516 517 418 
519 418 517 518 419 
520 419 518 519 420 
521 420 519 520 421 
522 421 520 521 422 
523 422 521 522 423 
524 423 522 523 424 
525 424 523 524 425 
526 425 524 525 426 
527 426 525 526 427 
528 427 526 527 428 
529 428 527 528 429 
530 429 528 529 430 
531 430 529 530 431 
532 431 530 531 432 
533 432 531 532 433 
534 433 532 533 434 
535 434 533 534 435 
536 435 534 535 436 
537 436 535 536 437 
538 437 536 537 438 
539 438 537 538 439 
540 439 538 539 440 
541 440 539 540 441 
542 441 540 541 442 
543 442 541 542 443 
544 443 542 543 444 
545 444 543 544 445 
546 445 544 545 446 
547 446 545 546 447 
548 447 546 547 448 
549 448 547 548 449 
550 449 548 549 450 
551 450 549 550 451 
552 451 550 551 452 
553 452 551 552 453 
554 453 552 553 454 
555 454 553 554 455 
556 455 554 555 456 
557 456 555 556 457 
558 457 556 557 458 
559 458 557 558 459 
560 459 558 559 460 
561 460 559 560 461 
562 461 560 561 462 
563 462 561 562 463 
564 463 562 563 464 
565 464 563 564 465 
566 465 564 565 466 
567 466 565 566 467 
568 467 566 567 468 
569 468 567 568 469 
570 469 568 569 470 
571 470 569 570 471 
572 471 570 571 472 
573 472 571 572 473 
574 473 572 573 474 
575 474 573 574 475 
576 475 574 575 476 
577 476 575 576 477 
578 477 576 577 478 
579 478 577 578 479 
580 479 578 579 480 
581 480 579 580 481 
582 481 580 581 482 
583 482 581 582 483 
584 483 582 583 484 
585 484 583 584 485 
586 485 584 585 486 
587 486 585 586 487 
588 487 586 587 488 
589 488 587 588 489 
590 489 588 589 490 
591 490 589 590 491 
592 491 590 591 492 
593 492 591 592 493 
594 493 592 593 494 
595 494 593 594 495 
596 495 594 595 496 
597 496 595 596 497 
598 497 596 597 498 
599 498 597 598 499 
600 499 598 300 301 
601 6 7 599 500 
602 500 599 600 501 
603 501 600 601 502 
604 502 601 602 503 
605 503 602 603 504 
606 504 603 604 505 
607 505 604 605 506 
608 506 605 606 507 
609 507 606 607 508 
610 508 607 608 509 
611 509 608 609 510 
612 510 609 610 511 
613 511 610 611 512 
614 512 611 612 513 
615 513 612 613 514 
616 514 613 614 515 
617 515 614 615 516 
618 516 615 616 517 
619 517 616 617 518 
620 518 617 618 519 
621 519 618 619 520 
622 520 619 620 521 
623 521 620 621 522 
624 522 621 622 523 
625 523 622 623 524 
626 524 623 624 525 
627 525 624 625 526 
628 526 625 626 527 
629 527 626 627 528 
630 528 627 628 529 
631 529 628 629 530 
632 530 629 630 531 
633 531 630 631 532 
634 532 631 632 533 
635 533 632 633 534 
636 534 633 634 535 
637 535 634 635 536 
638 536 635 636 537 
639 537 636 637 538 
640 538 637 638 539 
641 539 638 639 540 
642 540 639 640 541 
643 541 640 641 542 
644 542 641 642 543 
645 543 642 643 544 
646 544 643 644 545 
647 545 644 645 546 
648 546 645 646 547 
649 547 646 647 548 
650 548 647 648 549 
651 549 648 649 550 
652 550 649 650 551 
653 551 650 651 552 
654 552 651 652 553 
655 553 652 653 554 
656 554 653 654 555 
657 555 654 655 556 
658 556 655 656 557 
659 557 656 657 558 
660 558 657 658 559 
661 559 658 659 560 
662 560 659 660 561 
663 561 660 661 562 
664 562 661 662 563 
665 563 662 663 564 
666 564 663 664 565 
667 565 664 665 566 
668 566 665 666 567 
669 567 666 667 568 
670 568 667 668 569 
671 569 668 669 570 
672 570 669 670 571 
673 571 670 671 572 
674 572 671 672 573 
675 573 672 673 574 
676 574 673 674 575 
677 575 674 675 576 
678 576 675 676 577 
679 577 676 677 578 
680 578 677 678 579 
681 579 678 679 580 
682 580 679 680 581 
683 581 680 681 582 
684 582 681 682 583 
685 583 682 683 584 
686 584 683 684 585 
687 585 684 685 586 
688 586 685 686 587 
689 587 686 687 588 
690 588 687 688 589 
691 589 688 689 590 
692 590 689 690 591 
693 591 690 691 592 
694 592 691 692 593 
695 593 692 693 594 
696 594 693 694 595 
697 595 694 695 596 
698 596 695 696 597 
699 597 696 697 598 
700 598 697 299 300 
701 7 8 698 599 
702 599 698 699 600 
703 600 699 700 601 
704 601 700 701 602 
705 602 701 702 603 
706 603 702 703 604 
707 604 703 704 605 
708 605 704 705 606 
709 606 705 706 607 
710 607 706 707 608 
711 608 707 708 609 
712 609 708 709 610 
713 610 709 710 611 
714 611 710 711 612 
715 612 711 712 613 
716 613 712 713 614 
717 614 713 714 615 
718 615 714 715 616 
719 616 715 716 617 
720 617 716 717 618 
721 618 717 718 619 
722 619 718 719 620 
723 620 719 720 621 
724 621 720 721 622 
725 622 721 722 623 
726 623 722 723 624 
727 624 723 724 625 
728 625 724 725 626 
729 626 725 726 627 
730 627 726 727 628 
731 628 727 728 629 
732 629 728 729 630 
733 630 729 730 631 
734 631 730 731 632 
735 632 731 732 633 
736 633 732 733 634 
737 634 733 734 635 
738 635 734 735 636 
739 636 735 736 637 
740 637 736 737 638 
741 638 737 738 639 
742 639 738 739 640 
743 640 739 740 641 
744 641 740 741 642 
745 642 741 742 643 
746 643 742 743 644 
747 644 743 744 645 
748 645 744 745 646 
749 646 745 746 647 
750 647 746 747 648 
751 648 747 748 649 
752 649 748 749 650 
753 650 749 750 651 
754 651 750 751 652 
755 652 751 752 653 
756 653 752 753 654 
757 654 753 754 655 
758 655 754 755 656 
759 656 755 756 657 
760 657 756 757 658 
761 658 757 758 659 
762 659 758 759 660 
763 660 759 760 661 
764 661 760 761 662 
765 662 761 762 663 
766 663 762 763 664 
767 664 763 764 665 
768 665 764 765 666 
769 666 765 766 667 
770 667 766 767 668 
771 668 767 768 669 
772 669 768 769 670 
773 670 769 770 671 
774 671 770 771 672 
775 672 771 772 673 
776 673 772 773 674 
777 674 773 774 675 
778 675 774 775 676 
779 676 775 776 677 
780 677 776 777 678 
781 678 777 778 679 
782 679 778 779 680 
783 680 779 780 681 
784 681 780 781 682 
785 682 781 782 683 
786 683 782 783 684 
787 684 783 784 685 
788 685 784 785 686 
789 686 785 786 687 
790 687 786 787 688 
791 688 787 788 689 
792 689 788 789 690 
793 690 789 790 691 
794 691 790 791 692 
795 692 791 792 693 
796 693 792 793 694 
797 694 793 794 695 
798 695 794 795 696 
799 696 795 796 697 
800 697 796 298 299 
801 8 9 797 698 
802 698 797 798 699 
803 699 798 799 700 
804 700 799 800 701 
805 701 800 801 702 
806 702 801 802 703 
807 703 802 803 704 
808 704 803 804 705 
809 705 804 805 706 
810 706 805 806 707 
811 707 806 807 708 
812 708 807 808 709 
813 709 808 809 710 
814 710 809 810 711 
815 711 810 811 712 
816 712 811 812 713 
817 713 812 813 714 
818 714 813 814 715 
819 715 814 815 716 
820 716 815 816 717 
821 717 816 817 718 
822 718 817 818 719 
823 719 818 819 720 
824 720 819 820 721 
825 721 820 821 722 
826 722 821 822 723 
827 723 822 823 724 
828 724 823 824 725 
829 725 824 825 726 
830 726 825 826 727 
831 727 826 827 728 
832 728 827 828 729 
833 729 828 829 730 
834 730 829 830 731 
835 731 830 831 732 
836 732 831 832 733 
837 733 832 833 734 
838 734 833 834 735 
839 735 834 835 736 
840 736 835 836 737 
841 737 836 837 738 
842 738 837 838 739 
843 739 838 839 740 
844 740 839 840 741 
845 741 840 841 742 
846 742 841 842 743 
847 743 842 843 744 
848 744 843 844 745 
849 745 844 845 746 
850 746 845 846 747 
851 747 846 847 748 
852 748 847 848 749 
853 749 848 849 750 
854 750 849 850 751 
855 751 850 851 752 
856 752 851 852 753 
857 753 852 853 754 
858 754 853 854 755 
859 755 854 855 756 
860 756 855 856 757 
861 757 856 857 758 
862 758 857 858 759 
863 759 858 859 760 
864 760 859 860 761 
865 761 860 861 762 
866 762 861 862 763 
867 763 862 863 764 
868 764 863 864 765 
869 765 864 865 766 
870 766 865 866 767 
871 767 866 867 768 
872 768 867 868 769 
873 769 868 869 770 
874 770 869 870 771 
875 771 870 871 772 
876 772 871 872 773 
877 773 872 873 774 
878 774 873 874 775 
879 775 874 875 776 
880 776 875 876 777 
881 777 876 877 778 
882 778 877 878 779 
883 779 878 879 780 
884 780 879 880 781 
885 781 880 881 782 
886 782 881 882 783 
887 783 882 883 784 
888 784 883 884 785 
889 785 884 885 786 
890 786 885 886 787 
891 787 886 887 788 
892 788 887 888 789 
893 789 888 889 790 
894 790 889 890 791 
895 791 890 891 792 
896 792 891 892 793 
897 793 892 893 794 
898 794 893 894 795 
899 795 894 895 796 
900 796 895 297 298 
901 9 10 896 797 
902 797 896 897 798 
903 798 897 898 799 
904 799 898 899 800 
905 800 899 900 801 
906 801 900 901 802 
907 802 901 902 803 
908 803 902 903 804 
909 804 903 904 805 
910 805 904 905 806 
911 806 905 906 807 
912 807 906 907 808 
913 808 907 908 809 
914 809 908 909 810 
915 810 909 910 811 
916 811 910 911 812 
917 812 911 912 813 
918 813 912 913 814 
919 814 913 914 815 
920 815 914 915 816 
921 816 915 916 817 
922 817 916 917 818 
923 818 917 918 819 
924 819 918 919 820 
925 820 919 920 821 
926 821 920 921 822 
927 822 921 922 823 
928 823 922 923 824 
929 824 923 924 825 
930 825 924 925 826 
931 826 925 926 827 
932 827 926 927 828 
933 828 927 928 829 
934 829 928 929 830 
935 830 929 930 831 
936 831 930 931 832 
937 832 931 932 833 
938 833 932 933 834 
939 834 933 934 835 
940 835 934 935 836 
941 836 935 936 837 
942 837 936 937 838 
943 838 937 938 839 
944 839 938 939 840 
945 840 939 940 841 
946 841 940 941 842 
947 842 941 942 843 
948 843 942 943 844 
949 844 943 944 845 
950 845 944 945 846 
951 846 945 946 847 
952 847 946 947 848 
953 848 947 948 849 
954 849 948 949 850 
955 850 949 950 851 
956 851 950 951 852 
957 852 951 952 853 
958 853 952 953 854 
959 854 953 954 855 
960 855 954 955 856 
961 856 955 956 857 
962 857 956 957 858 
963 858 957 958 859 
964 859 958 959 860 
965 860 959 960 861 
966 861 960 961 862 
967 862 961 962 863 
968 863 962 963 864 
969 864 963 964 865 
970 865 964 965 866 
971 866 965 966 867 
972 867 966 967 868 
973 868 967 968 869 
974 869 968 969 870 
975 870 969 970 871 
976 871 970 971 872 
977 872 971 972 873 
978 873 972 973 874 
979 874 973 974 875 
980 875 974 975 876 
981 876 975 976 877 
982 877 976 977 878 
983 878 977 978 879 
984 879 978 979 880 
985 880 979 980 881 
986 881 980 981 882 
987 882 981 982 883 
988 883 982 983 884 
989 884 983 984 885 
990 885 984 985 886 
991 886 985 986 887 
992 887 986 987 888 
993 888 987 988 889 
994 889 988 989 890 
995 890 989 990 891 
996 891 990 991 892 
997 892 991 992 893 
998 893 992 993 894 
999 894 993 994 895 
1000 895 994 296 297 
1001 10 11 995 896 
1002 896 995 996 897 
1003 897 996 997 898 
1004 898 997 998 899 
1005 899 998 999 900 
1006 900 999 1000 901 
1007 901 1000 1001 902 
1008 902 1001 1002 903 
1009 903 1002 1003 904 
1010 904 1003 1004 905 
1011 905 1004 1005 906 
1012 906 1005 1006 907 
1013 907 1006 1007 908 
1014 908 1007 1008 909 
1015 909 1008 1009 910 
1016 910 1009 1010 911 
1017 911 1010 1011 912 
1018 912 1011 1012 913 
1019 913 1012 1013 914 
1020 914 1013 1014 915 
1021 915 1014 1015 916 
1022 916 1015 1016 917 
1023 917 1016 1017 918 
1024 918 1017 1018 919 
1025 919 1018 1019 920 
1026 920 1019 1020 921 
1027 921 1020 1021 922 
1028 922 1021 1022 923 
1029 923 1022 1023 924 
1030 924 1023 1024 925 
1031 925 1024 1025 926 
1032 926 1025 1026 927 
1033 927 1026 1027 928 
1034 928 1027 1028 929 
1035 929 1028 1029 930 
1036 930 1029 1030 931 
1037 931 1030 1031 932 
1038 932 1031 1032 933 
1039 933 1032 1033 934 
1040 934 1033 1034 935 
1041 935 1034 1035 936 
1042 936 1035 1036 937 
1043 937 1036 1037 938 
1044 938 1037 1038 939 
1045 939 1038 1039 940 
1046 940 1039 1040 941 
1047 941 1040 1041 942 
1048 942 1041 1042 943 
1049 943 1042 1043 944 
1050 944 1043 1044 945 
1051 945 1044 1045 946 
1052 946 1045 1046 947 
1053 947 1046 1047 948 
1054 948 1047 1048 949 
1055 949 1048 1049 950 
1056 950 1049 1050 951 
1057 951 1050 1051 952 
1058 952 1051 1052 953 
1059 953 1052 1053 954 
1060 954 1053 1054 955 
1061 955 1054 1055 956 
1062 956 1055 1056 957 
1063 957 1056 1057 958 
1064 958 1057 1058 959 
1065 959 1058 1059 960 
1066 960 1059 1060 961 
1067 961 1060 1061 962 
1068 962 1061 1062 963 
1069 963 1062 1063 964 
1070 964 1063 1064 965 
1071 965 1064 1065 966 
1072 966 1065 1066 967 
1073 967 1066 1067 968 
1074 968 1067 1068 969 
1075 969 1068 1069 970 
1076 970 1069 1070 971 
1077 971 1070 1071 972 
1078 972 1071 1072 973 
1079 973 1072 1073 974 
1080 974 1073 1074 975 
1081 975 1074 1075 976 
1082 976 1075 1076 977 
1083 977 1076 1077 978 
1084 978 1077 1078 979 
1085 979 1078 1079 980 
1086 980 1079 1080 981 
1087 981 1080 1081 982 
1088 982 1081 1082 983 
1089 983 1082 1083 984 
1090 984 1083 1084 985 
1091 985 1084 1085 986 
1092 986 1085 1086 987 
1093 987 1086 1087 988 
1094 988 1087 1088 989 
1095 989 1088 1089 990 
1096 990 1089 1090 991 
1097 991 1090 1091 992 
1098 992 1091 1092 993 
1099 993 1092 1093 994 
1100 994 1093 295 296 
1101 11 12 1094 995 
1102 995 1094 1095 996 
1103 996 1095 1096 997 
1104 997 1096 1097 998 
1105 998 1097 1098 999 
1106 999 1098 1099 1000 
1107 1000 1099 1100 1001 
1108 1001 1100 1101 1002 
1109 1002 1101 1102 1003 
1110 1003 1102 1103 1004 
1111 1004 1103 1104 1005 
1112 1005 1104 1105 1006 
1113 1006 1105 1106 1007 
1114 1007 1106 1107 1008 
1115 1008 1107 1108 1009 
1116 1009 1108 1109 1010 
1117 1010 1109 1110 1011 
1118 1011 1110 1111 1012 
1119 1012 1111 1112 1013 
1120 1013 1112 1113 1014 
1121 1014 1113 1114 1015 
1122 1015 1114 1115 1016 
1123 1016 1115 1116 1017 
1124 1017 1116 1117 1018 
1125 1018 1117 1118 1019 
1126 1019 1118 1119 1020 
1127 1020 1119 1120 1021 
1128 1021 1120 1121 1022 
1129 1022 1121 1122 1023 
1130 1023 1122 1123 1024 
1131 1024 1123 1124 1025 
1132 1025 1124 1125 1026 
1133 1026 1125 1126 1027 
1134 1027 1126 1127 1028 
1135 1028 1127 1128 1029 
1136 1029 1128 1129 1030 
1137 1030 1129 1130 1031 
1138 1031 1130 1131 1032 
1139 1032 1131 1132 1033 
1140 1033 1132 1133 1034 
1141 1034 1133 1134 1035 
1142 1035 1134 1135 1036 
1143 1036 1135 1136 1037 
1144 1037 1136 1137 1038 
1145 1038 1137 1138 1039 
1146 1039 1138 1139 1040 
1147 1040 1139 1140 1041 
1148 1041 1140 1141 1042 
1149 1042 1141 1142 1043 
1150 1043 1142 1143 1044 
1151 1044 1143 1144 1045 
1152 1045 1144 1145 1046 
1153 1046 1145 1146 1047 
1154 1047 1146 1147 1048 
1155 1048 1147 1148 1049 
1156 1049 1148 1149 1050 
1157 1050 1149 1150 1051 
1158 1051 1150 1151 1052 
1159 1052 1151 1152 1053 
1160 1053 1152 1153 1054 
1161 1054 1153 1154 1055 
1162 1055 1154 1155 1056 
1163 1056 1155 1156 1057 
1164 1057 1156 1157 1058 
1165 1058 1157 1158 1059 
1166 1059 1158 1159 1060 
1167 1060 1159 1160 1061 
1168 1061 1160 1161 1062 
1169 1062 1161 1162 1063 
1170 1063 1162 1163 1064 
1171 1064 1163 1164 1065 
1172 1065 1164 1165 1066 
1173 1066 1165 1166 1067 
1174 1067 1166 1167 1068 
1175 1068 1167 1168 1069 
1176 1069 1168 1169 1070 
1177 1070 1169 1170 1071 
1178 1071 1170 1171 1072 
1179 1072 1171 1172 1073 
1180 1073 1172 1173 1074 
1181 1074 1173 1174 1075 
1182 1075 1174 1175 1076 
1183 1076 1175 1176 1077 
1184 1077 1176 1177 1078 
1185 1078 1177 1178 1079 
1186 1079 1178 1179 1080 
1187 1080 1179 1180 1081 
1188 1081 1180 1181 1082 
1189 1082 1181 1182 1083 
1190 1083 1182 1183 1084 
1191 1084 1183 1184 1085 
1192 1085 1184 1185 1086 
1193 1086 1185 1186 1087 
1194 1087 1186 1187 1088 
1195 1088 1187 1188 1089 
1196 1089 1188 1189 1090 
1197 1090 1189 1190 1091 
1198 1091 1190 1191 1092 
1199 1092 1191 1192 1093 
1200 1093 1192 294 295 
1201 12 13 1193 1094 
1202 1094 1193 1194 1095 
1203 1095 1194 1195 1096 
1204 1096 1195 1196 1097 
1205 1097 1196 1197 1098 
1206 1098 1197 1198 1099 
1207 1099 1198 1199 1100 
1208 1100 1199 1200 1101 
1209 1101 1200 1201 1102 
1210 1102 1201 1202 1103 
1211 1103 1202 1203 1104 
1212 1104 1203 1204 1105 
1213 1105 1204 1205 1106 
1214 1106 1205 1206 1107 
1215 1107 1206 1207 1108 
1216 1108 1207 1208 1109 
1217 1109 1208 1209 1110 
1218 1110 1209 1210 1111 
1219 1111 1210 1211 1112 
1220 1112 1211 1212 1113 
1221 1113 1212 1213 1114 
1222 1114 1213 1214 1115 
1223 1115 1214 1215 1116 
1224 1116 1215 1216 1117 
1225 1117 1216 1217 1118 
1226 1118 1217 1218 1119 
1227 1119 1218 1219 1120 
1228 1120 1219 1220 1121 
1229 1121 1220 1221 1122 
1230 1122 1221 1222 1123 
1231 1123 1222 1223 1124 
1232 1124 1223 1224 1125 
1233 1125 1224 1225 1126 
1234 1126 1225 1226 1127 
1235 1127 1226 1227 1128 
1236 1128 1227 1228 1129 
1237 1129 1228 1229 1130 
1238 1130 1229 1230 1131 
1239 1131 1230 1231 1132 
1240 1132 1231 1232 1133 
1241 1133 1232 1233 1134 
1242 1134 1233 1234 1135 
1243 1135 1234 1235 1136 
1244 1136 1235 1236 1137 
1245 1137 1236 1237 1138 
1246 1138 1237 1238 1139 
1247 1139 1238 1239 1140 
1248 1140 1239 1240 1141 
1249 1141 1240 1241 1142 
1250 1142 1241 1242 1143 
1251 1143 1242 1243 1144 
1252 1144 1243 1244 1145 
1253 1145 1244 1245 1146 
1254 1146 1245 1246 1147 
1255 1147 1246 1247 1148 
1256 1148 1247 1248 1149 
1257 1149 1248 1249 1150 
1258 1150 1249 1250 1151 
1259 1151 1250 1251 1152 
1260 1152 1251 1252 1153 
1261 1153 1252 1253 1154 
1262 1154 1253 1254 1155 
1263 1155 1254 1255 1156 
1264 1156 1255 1256 1157 
1265 1157 1256 1257 1158 
1266 1158 1257 1258 1159 
1267 1159 1258 1259 1160 
1268 1160 1259 1260 1161 
1269 1161 1260 1261 1162 
1270 1162 1261 1262 1163 
1271 1163 1262 1263 1164 
1272 1164 1263 1264 1165 
1273 1165 1264 1265 1166 
1274 1166 1265 1266 1167 
1275 1167 1266 1267 1168 
1276 1168 1267 1268 1169 
1277 1169 1268 1269 1170 
1278 1170 1269 1270 1171 
1279 1171 1270 1271 1172 
1280 1172 1271 1272 1173 
1281 1173 1272 1273 1174 
1282 1174 1273 1274 1175 
1283 1175 1274 1275 1176 
1284 1176 1275 1276 1177 
1285 1177 1276 1277 1178 
1286 1178 1277 1278 1179 
1287 1179 1278 1279 1180 
1288 1180 1279 1280 1181 
1289 1181 1280 1281 1182 
1290 1182 1281 1282 1183 
1291 1183 1282 1283 1184 
1292 1184 1283 1284 1185 
1293 1185 1284 1285 1186 
1294 1186 1285 1286 1187 
1295 1187 1286 1287 1188 
1296 1188 1287 1288 1189 
1297 1189 1288 1289 1190 
1298 1190 1289 1290 1191 
1299 1191 1290 1291 1192 
1300 1192 1291 293 294 
1301 13 14 1292 1193 
1302 1193 1292 1293 1194 
1303 1194 1293 1294 1195 
1304 1195 1294 1295 1196 
1305 1196 1295 1296 1197 
1306 1197 1296 1297 1198 
1307 1198 1297 1298 1199 
1308 1199 1298 1299 1200 
1309 1200 1299 1300 1201 
1310 1201 1300 1301 1202 
1311 1202 1301 1302 1203 
1312 1203 1302 1303 1204 
1313 1204 1303 1304 1205 
1314 1205 1304 1305 1206 
1315 1206 1305 1306 1207 
1316 1207 1306 1307 1208 
1317 1208 1307 1308 1209 
1318 1209 1308 1309 1210 
1319 1210 1309 1310 1211 
1320 1211 1310 1311 1212 
1321 1212 1311 1312 1213 
1322 1213 1312 1313 1214 
1323 1214 1313 1314 1215 
1324 1215 1314 1315 1216 
1325 1216 1315 1316 1217 
1326 1217 1316 1317 1218 
1327 1218 1317 1318 1219 
1328 1219 1318 1319 1220 
1329 1220 1319 1320 1221 
1330 1221 1320 1321 1222 
1331 1222 1321 1322 1223 
1332 1223 1322 1323 1224 
1333 1224 1323 1324 1225 
1334 1225 1324 1325 1226 
1335 1226 1325 1326 1227 
1336 1227 1326 1327 1228 
1337 1228 1327 1328 1229 
1338 1229 1328 1329 1230 
1339 1230 1329 1330 1231 
1340 1231 1330 1331 1232 
1341 1232 1331 1332 1233 
1342 1233 1332 1333 1234 
1343 1234 1333 1334 1235 
1344 1235 1334 1335 1236 
1345 1236 1335 1336 1237 
1346 1237 1336 1337 1238 
1347 1238 1337 1338 1239 
1348 1239 1338 1339 1240 
1349 1240 1339 1340 1241 
1350 1241 1340 1341 1242 
1351 1242 1341 1342 1243 
1352 1243 1342 1343 1244 
1353 1244 1343 1344 1245 
1354 1245 1344 1345 1246 
1355 1246 1345 1346 1247 
1356 1247 1346 1347 1248 
1357 1248 1347 1348 1249 
1358 1249 1348 1349 1250 
1359 1250 1349 1350 1251 
1360 1251 1350 1351 1252 
1361 1252 1351 1352 1253 
1362 1253 1352 1353 1254 
1363 1254 1353 1354 1255 
1364 1255 1354 1355 1256 
1365 1256 1355 1356 1257 
1366 1257 1356 1357 1258 
1367 1258 1357 1358 1259 
1368 1259 1358 1359 1260 
1369 1260 1359 1360 1261 
1370 1261 1360 1361 1262 
1371 1262 1361 1362 1263 
1372 1263 1362 1363 1264 
1373 1264 1363 1364 1265 
1374 1265 1364 1365 1266 
1375 1266 1365 1366 1267 
1376 1267 1366 1367 1268 
1377 1268 1367 1368 1269 
1378 1269 1368 1369 1270 
1379 1270 1369 1370 1271 
1380 1271 1370 1371 1272 
1381 1272 1371 1372 1273 
1382 1273 1372 1373 1274 
1383 1274 1373 1374 1275 
1384 1275 1374 1375 1276 
1385 1276 1375 1376 1277 
1386 1277 1376 1377 1278 
1387 1278 1377 1378 1279 
1388 1279 1378 1379 1280 
1389 1280 1379 1380 1281 
1390 1281 1380 1381 1282 
1391 1282 1381 1382 1283 
1392 1283 1382 1383 1284 
1393 1284 1383 1384 1285 
1394 1285 1384 1385 1286 
1395 1286 1385 1386 1287 
1396 1287 1386 1387 1288 
1397 1288 1387 1388 1289 
1398 1289 1388 1389 1290 
1399 1290 1389 1390 1291 
1400 1291 1390 292 293 
1401 14 15 1391 1292 
1402 1292 1391 1392 1293 
1403 1293 1392 1393 1294 
1404 1294 1393 1394 1295 
1405 1295 1394 1395 1296 
1406 1296 1395 1396 1297 
1407 1297 1396 1397 1298 
1408 1298 1397 1398 1299 
1409 1299 1398 1399 1300 
1410 1300 1399 1400 1301 
1411 1301 1400 1401 1302 
1412 1302 1401 1402 1303 
1413 1303 1402 1403 1304 
1414 1304 1403 1404 1305 
1415 1305 1404 1405 1306 
1416 1306 1405 1406 1307 
1417 1307 1406 1407 1308 
1418 1308 1407 1408 1309 
1419 1309 1408 1409 1310 
1420 1310 1409 1410 1311 
1421 1311 1410 1411 1312 
1422 1312 1411 1412 1313 
1423 1313 1412 1413 1314 
1424 1314 1413 1414 1315 
1425 1315 1414 1415 1316 
1426 1316 1415 1416 1317 
1427 1317 1416 1417 1318 
1428 1318 1417 1418 1319 
1429 1319 1418 1419 1320 
1430 1320 1419 1420 1321 
1431 1321 1420 1421 1322 
1432 1322 1421 1422 1323 
1433 1323 1422 1423 1324 
1434 1324 1423 1424 1325 
1435 1325 1424 1425 1326 
1436 1326 1425 1426 1327 
1437 1327 1426 1427 1328 
1438 1328 1427 1428 1329 
1439 1329 1428 1429 1330 
1440 1330 1429 1430 1331 
1441 1331 1430 1431 1332 
1442 1332 1431 1432 1333 
1443 1333 1432 1433 1334 
1444 1334 1433 1434 1335 
1445 1335 1434 1435 1336 
1446 1336 1435 1436 1337 
1447 1337 1436 1437 1338 
1448 1338 1437 1438 1339 
1449 1339 1438 1439 1340 
1450 1340 1439 1440 1341 
1451 1341 1440 1441 1342 
1452 1342 1441 1442 1343 
1453 1343 1442 1443 1344 
1454 1344 1443 1444 1345 
1455 1345 1444 1445 1346 
1456 1346 1445 1446 1347 
1457 1347 1446 1447 1348 
1458 1348 1447 1448 1349 
1459 1349 1448 1449 1350 
1460 1350 1449 1450 1351 
1461 1351 1450 1451 1352 
1462 1352 1451 1452 1353 
1463 1353 1452 1453 1354 
1464 1354 1453 1454 1355 
1465 1355 1454 1455 1356 
1466 1356 1455 1456 1357 
1467 1357 1456 1457 1358 
1468 1358 1457 1458 1359 
1469 1359 1458 1459 1360 
1470 1360 1459 1460 1361 
1471 1361 1460 1461 1362 
1472 1362 1461 1462 1363 
1473 1363 1462 1463 1364 
1474 1364 1463 1464 1365 
1475 1365 1464 1465 1366 
1476 1366 1465 1466 1367 
1477 1367 1466 1467 1368 
1478 1368 1467 1468 1369 
1479 1369 1468 1469 1370 
1480 1370 1469 1470 1371 
1481 1371 1470 1471 1372 
1482 1372 1471 1472 1373 
1483 1373 1472 1473 1374 
1484 1374 1473 1474 1375 
1485 1375 1474 1475 1376 
1486 1376 1475 1476 1377 
1487 1377 1476 1477 1378 
1488 1378 1477 1478 1379 
1489 1379 1478 1479 1380 
1490 1380 1479 1480 1381 
1491 1381 1480 1481 1382 
1492 1382 1481 1482 1383 
1493 1383 1482 1483 1384 
1494 1384 1483 1484 1385 
1495 1385 1484 1485 1386 
1496 1386 1485 1486 1387 
1497 1387 1486 1487 1388 
1498 1388 1487 1488 1389 
1499 1389 1488 1489 1390 
1500 1390 1489 291 292 
1501 15 16 1490 1391 
1502 1391 1490 1491 1392 
1503 1392 1491 1492 1393 
1504 1393 1492 1493 1394 
1505 1394 1493 1494 1395 
1506 1395 1494 1495 1396 
1507 1396 1495 1496 1397 
1508 1397 1496 1497 1398 
1509 1398 1497 1498 1399 
1510 1399 1498 1499 1400 
1511 1400 1499 1500 1401 
1512 1401 1500 1501 1402 
1513 1402 1501 1502 1403 
1514 1403 1502 1503 1404 
1515 1404 1503 1504 1405 
1516 1405 1504 1505 1406 
1517 1406 1505 1506 1407 
1518 1407 1506 1507 1408 
1519 1408 1507 1508 1409 
1520 1409 1508 1509 1410 
1521 1410 1509 1510 1411 
1522 1411 1510 1511 1412 
1523 1412 1511 1512 1413 
1524 1413 1512 1513 1414 
1525 1414 1513 1514 1415 
1526 1415 1514 1515 1416 
1527 1416 1515 1516 1417 
1528 1417 1516 1517 1418 
1529 1418 1517 1518 1419 
1530 1419 1518 1519 1420 
1531 1420 1519 1520 1421 
1532 1421 1520 1521 1422 
1533 1422 1521 1522 1423 
1534 1423 1522 1523 1424 
1535 1424 1523 1524 1425 
1536 1425 1524 1525 1426 
1537 1426 1525 1526 1427 
1538 1427 1526 1527 1428 
1539 1428 1527 1528 1429 
1540 1429 1528 1529 1430 
1541 1430 1529 1530 1431 
1542 1431 1530 1531 1432 
1543 1432 1531 1532 1433 
1544 1433 1532 1533 1434 
1545 1434 1533 1534 1435 
1546 1435 1534 1535 1436 
1547 1436 1535 1536 1437 
1548 1437 1536 1537 1438 
1549 1438 1537 1538 1439 
1550 1439 1538 1539 1440 
1551 1440 1539 1540 1441 
1552 1441 1540 1541 1442 
1553 1442 1541 1542 1443 
1554 1443 1542 1543 1444 
1555 1444 1543 1544 1445 
1556 1445 1544 1545 1446 
1557 1446 1545 1546 1447 
1558 1447 1546 1547 1448 
1559 1448 1547 1548 1449 
1560 1449 1548 1549 1450 
1561 1450 1549 1550 1451 
1562 1451 1550 1551 1452 
1563 1452 1551 1552 1453 
1564 1453 1552 1553 1454 
1565 1454 1553 1554 1455 
1566 1455 1554 1555 1456 
1567 1456 1555 1556 1457 
1568 1457 1556 1557 1458 
1569 1458 1557 1558 1459 
1570 1459 1558 1559 1460 
1571 1460 1559 1560 1461 
1572 1461 1560 1561 1462 
1573 1462 1561 1562 1463 
1574 1463 1562 1563 1464 
1575 1464 1563 1564 1465 
1576 1465 1564 1565 1466 
1577 1466 1565 1566 1467 
1578 1467 1566 1567 1468 
1579 1468 1567 1568 1469 
1580 1469 1568 1569 1470 
1581 1470 1569 1570 1471 
1582 1471 1570 1571 1472 
1583 1472 1571 1572 1473 
1584 1473 1572 1573 1474 
1585 1474 1573 1574 1475 
1586 1475 1574 1575 1476 
1587 1476 1575 1576 1477 
1588 1477 1576 1577 1478 
1589 1478 1577 1578 1479 
1590 1479 1578 1579 1480 
1591 1480 1579 1580 1481 
1592 1481 1580 1581 1482 
1593 1482 1581 1582 1483 
1594 1483 1582 1583 1484 
1595 1484 1583 1584 1485 
1596 1485 1584 1585 1486 
1597 1486 1585 1586 1487 
1598 1487 1586 1587 1488 
1599 1488 1587 1588 1489 
1600 1489 1588 290 291 
1601 16 17 1589 1490 
1602 1490 1589 1590 1491 
1603 1491 1590 1591 1492 
1604 1492 1591 1592 1493 
1605 1493 1592 1593 1494 
1606 1494 1593 1594 1495 
1607 1495 1594 1595 1496 
1608 1496 1595 1596 1497 
1609 1497 1596 1597 1498 
1610 1498 1597 1598 1499 
1611 1499 1598 1599 1500 
1612 1500 1599 1600 1501 
1613 1501 1600 1601 1502 
1614 1502 1601 1602 1503 
1615 1503 1602 1603 1504 
1616 1504 1603 1604 1505 
1617 1505 1604 1605 1506 
1618 1506 1605 1606 1507 
1619 1507 1606 1607 1508 
1620 1508 1607 1608 1509 
1621 1509 1608 1609 1510 
1622 1510 1609 1610 1511 
1623 1511 1610 1611 1512 
1624 1512 1611 1612 1513 
1625 1513 1612 1613 1514 
1626 1514 1613 1614 1515 
1627 1515 1614 1615 1516 
1628 1516 1615 1616 1517 
1629 1517 1616 1617 1518 
1630 1518 1617 1618 1519 
1631 1519 1618 1619 1520 
1632 1520 1619 1620 1521 
1633 1521 1620 1621 1522 
1634 1522 1621 1622 1523 
1635 1523 1622 1623 1524 
1636 1524 1623 1624 1525 
1637 1525 1624 1625 1526 
1638 1526 1625 1626 1527 
1639 1527 1626 1627 1528 
1640 1528 1627 1628 1529 
1641 1529 1628 1629 1530 
1642 1530 1629 1630 1531 
1643 1531 1630 1631 1532 
1644 1532 1631 1632 1533 
1645 1533 1632 1633 1534 
1646 1534 1633 1634 1535 
1647 1535 1634 1635 1536 
1648 1536 1635 1636 1537 
1649 1537 1636 1637 1538 
1650 1538 1637 1638 1539 
1651 1539 1638 1639 1540 
1652 1540 1639 1640 1541 
1653 1541 1640 1641 1542 
1654 1542 1641 1642 1543 
1655 1543 1642 1643 1544 
1656 1544 1643 1644 1545 
1657 1545 1644 1645 1546 
1658 1546 1645 1646 1547 
1659 1547 1646 1647 1548 
1660 1548 1647 1648 1549 
1661 1549 1648 1649 1550 
1662 1550 1649 1650 1551 
1663 1551 1650 1651 1552 
1664 1552 1651 1652 1553 
1665 1553 1652 1653 1554 
1666 1554 1653 1654 1555 
1667 1555 1654 1655 1556 
1668 1556 1655 1656 1557 
1669 1557 1656 1657 1558 
1670 1558 1657 1658 1559 
1671 1559 1658 1659 1560 
1672 1560 1659 1660 1561 
1673 1561 1660 1661 1562 
1674 1562 1661 1662 1563 
1675 1563 1662 1663 1564 
1676 1564 1663 1664 1565 
1677 1565 1664 1665 1566 
1678 1566 1665 1666 1567 
1679 1567 1666 1667 1568 
1680 1568 1667 1668 1569 
1681 1569 1668 1669 1570 
1682 1570 1669 1670 1571 
1683 1571 1670 1671 1572 
1684 1572 1671 1672 1573 
1685 1573 1672 1673 1574 
1686 1574 1673 1674 1575 
1687 1575 1674 1675 1576 
1688 1576 1675 1676 1577 
1689 1577 1676 1677 1578 
1690 1578 1677 1678 1579 
1691 1579 1678 1679 1580 
1692 1580 1679 1680 1581 
1693 1581 1680 1681 1582 
1694 1582 1681 1682 1583 
1695 1583 1682 1683 1584 
1696 1584 1683 1684 1585 
1697 1585 1684 1685 1586 
1698 1586 1685 1686 1587 
1699 1587 1686 1687 1588 
1700 1588 1687 289 290 
1701 17 18 1688 1589 
1702 1589 1688 1689 1590 
1703 1590 1689 1690 1591 
1704 1591 1690 1691 1592 
1705 1592 1691 1692 1593 
1706 1593 1692 1693 1594 
1707 1594 1693 1694 1595 
1708 1595 1694 1695 1596 
1709 1596 1695 1696 1597 
1710 1597 1696 1697 1598 
1711 1598 1697 1698 1599 
1712 1599 1698 1699 1600 
1713 1600 1699 1700 1601 
1714 1601 1700 1701 1602 
1715 1602 1701 1702 1603 
1716 1603 1702 1703 1604 
1717 1604 1703 1704 1605 
1718 1605 1704 1705 1606 
1719 1606 1705 1706 1607 
1720 1607 1706 1707 1608 
1721 1608 1707 1708 1609 
1722 1609 1708 1709 1610 
1723 1610 1709 1710 1611 
1724 1611 1710 1711 1612 
1725 1612 1711 1712 1613 
1726 1613 1712 1713 1614 
1727 1614 1713 1714 1615 
1728 1615 1714 1715 1616 
1729 1616 1715 1716 1617 
1730 1617 1716 1717 1618 
1731 1618 1717 1718 1619 
1732 1619 1718 1719 1620 
1733 1620 1719 1720 1621 
1734 1621 1720 1721 1622 
1735 1622 1721 1722 1623 
1736 1623 1722 1723 1624 
1737 1624 1723 1724 1625 
1738 1625 1724 1725 1626 
1739 1626 1725 1726 1627 
1740 1627 1726 1727 1628 
1741 1628 1727 1728 1629 
1742 1629 1728 1729 1630 
1743 1630 1729 1730 1631 
1744 1631 1730 1731 1632 
1745 1632 1731 1732 1633 
1746 1633 1732 1733 1634 
1747 1634 1733 1734 1635 
1748 1635 1734 1735 1636 
1749 1636 1735 1736 1637 
1750 1637 1736 1737 1638 
1751 1638 1737 1738 1639 
1752 1639 1738 1739 1640 
1753 1640 1739 1740 1641 
1754 1641 1740 1741 1642 
1755 1642 1741 1742 1643 
1756 1643 1742 1743 1644 
1757 1644 1743 1744 1645 
1758 1645 1744 1745 1646 
1759 1646 1745 1746 1647 
1760 1647 1746 1747 1648 
1761 1648 1747 1748 1649 
1762 1649 1748 1749 1650 
1763 1650 1749 1750 1651 
1764 1651 1750 1751 1652 
1765 1652 1751 1752 1653 
1766 1653 1752 1753 1654 
1767 1654 1753 1754 1655 
1768 1655 1754 1755 1656 
1769 1656 1755 1756 1657 
1770 1657 1756 1757 1658 
1771 1658 1757 1758 1659 
1772 1659 1758 1759 1660 
1773 1660 1759 1760 1661 
1774 1661 1760 1761 1662 
1775 1662 1761 1762 1663 
1776 1663 1762 1763 1664 
1777 1664 1763 1764 1665 
1778 1665 1764 1765 1666 
1779 1666 1765 1766 1667 
1780 1667 1766 1767 1668 
1781 1668 1767 1768 1669 
1782 1669 1768 1769 1670 
1783 1670 1769 1770 1671 
1784 1671 1770 1771 1672 
1785 1672 1771 1772 1673 
1786 1673 1772 1773 1674 
1787 1674 1773 1774 1675 
1788 1675 1774 1775 1676 
1789 1676 1775 1776 1677 
1790 1677 1776 1777 1678 
1791 1678 1777 1778 1679 
1792 1679 1778 1779 1680 
1793 1680 1779 1780 1681 
1794 1681 1780 1781 1682 
1795 1682 1781 1782 1683 
1796 1683 1782 1783 1684 
1797 1684 1783 1784 1685 
1798 1685 1784 1785 1686 
1799 1686 1785 1786 1687 
1800 1687 1786 288 289 
1801 18 19 1787 1688 
1802 1688 1787 1788 1689 
1803 1689 1788 1789 1690 
1804 1690 1789 1790 1691 
1805 1691 1790 1791 1692 
1806 1692 1791 1792 1693 
1807 1693 1792 1793 1694 
1808 1694 1793 1794 1695 
1809 1695 1794 1795 1696 
1810 1696 1795 1796 1697 
1811 1697 1796 1797 1698 
1812 1698 1797 1798 1699 
1813 1699 1798 1799 1700 
1814 1700 1799 1800 1701 
1815 1701 1800 1801 1702 
1816 1702 1801 1802 1703 
1817 1703 1802 1803 1704 
1818 1704 1803 1804 1705 
1819 1705 1804 1805 1706 
1820 1706 1805 1806 1707 
1821 1707 1806 1807 1708 
1822 1708 1807 1808 1709 
1823 1709 1808 1809 1710 
1824 1710 1809 1810 1711 
1825 1711 1810 1811 1712 
1826 1712 1811 1812 1713 
1827 1713 1812 1813 1714 
1828 1714 1813 1814 1715 
1829 1715 1814 1815 1716 
1830 1716 1815 1816 1717 
1831 1717 1816 1817 1718 
1832 1718 1817 1818 1719 
1833 1719 1818 1819 1720 
1834 1720 1819 1820 1721 
1835 1721 1820 1821 1722 
1836 1722 1821 1822 1723 
1837 1723 1822 1823 1724 
1838 1724 1823 1824 1725 
1839 1725 1824 1825 1726 
1840 1726 1825 1826 1727 
1841 1727 1826 1827 1728 
1842 1728 1827 1828 1729 
1843 1729 1828 1829 1730 
1844 1730 1829 1830 1731 
1845 1731 1830 1831 1732 
1846 1732 1831 1832 1733 
1847 1733 1832 1833 1734 
1848 1734 1833 1834 1735 
1849 1735 1834 1835 1736 
1850 1736 1835 1836 1737 
1851 1737 1836 1837 1738 
1852 1738 1837 1838 1739 
1853 1739 1838 1839 1740 
1854 1740 1839 1840 1741 
1855 1741 1840 1841 1742 
1856 1742 1841 1842 1743 
1857 1743 1842 1843 1744 
1858 1744 1843 1844 1745 
1859 1745 1844 1845 1746 
1860 1746 1845 1846 1747 
1861 1747 1846 1847 1748 
1862 1748 1847 1848 1749 
1863 1749 1848 1849 1750 
1864 1750 1849 1850 1751 
1865 1751 1850 1851 1752 
1866 1752 1851 1852 1753 
1867 1753 1852 1853 1754 
1868 1754 1853 1854 1755 
1869 1755 1854 1855 1756 
1870 1756 1855 1856 1757 
1871 1757 1856 1857 1758 
1872 1758 1857 1858 1759 
1873 1759 1858 1859 1760 
1874 1760 1859 1860 1761 
1875 1761 1860 1861 1762 
1876 1762 1861 1862 1763 
1877 1763 1862 1863 1764 
1878 1764 1863 1864 1765 
1879 1765 1864 1865 1766 
1880 1766 1865 1866 1767 
1881 1767 1866 1867 1768 
1882 1768 1867 1868 1769 
1883 1769 1868 1869 1770 
1884 1770 1869 1870 1771 
1885 1771 1870 1871 1772 
1886 1772 1871 1872 1773 
1887 1773 1872 1873 1774 
1888 1774 1873 1874 1775 
1889 1775 1874 1875 1776 
1890 1776 1875 1876 1777 
1891 1777 1876 1877 1778 
1892 1778 1877 1878 1779 
1893 1779 1878 1879 1780 
1894 1780 1879 1880 1781 
1895 1781 1880 1881 1782 
1896 1782 1881 1882 1783 
1897 1783 1882 1883 1784 
1898 1784 1883 1884 1785 
1899 1785 1884 1885 1786 
1900 1786 1885 287 288 
1901 19 20 1886 1787 
1902 1787 1886 1887 1788 
1903 1788 1887 1888 1789 
1904 1789 1888 1889 1790 
1905 1790 1889 1890 1791 
1906 1791 1890 1891 1792 
1907 1792 1891 1892 1793 
1908 1793 1892 1893 1794 
1909 1794 1893 1894 1795 
1910 1795 1894 1895 1796 
1911 1796 1895 1896 1797 
1912 1797 1896 1897 1798 
1913 1798 1897 1898 1799 
1914 1799 1898 1899 1800 
1915 1800 1899 1900 1801 
1916 1801 1900 1901 1802 
1917 1802 1901 1902 1803 
1918 1803 1902 1903 1804 
1919 1804 1903 1904 1805 
1920 1805 1904 1905 1806 
1921 1806 1905 1906 1807 
1922 1807 1906 1907 1808 
1923 1808 1907 1908 1809 
1924 1809 1908 1909 1810 
1925 1810 1909 1910 1811 
1926 1811 1910 1911 1812 
1927 1812 1911 1912 1813 
1928 1813 1912 1913 1814 
1929 1814 1913 1914 1815 
1930 1815 1914 1915 1816 
1931 1816 1915 1916 1817 
1932 1817 1916 1917 1818 
1933 1818 1917 1918 1819 
1934 1819 1918 1919 1820 
1935 1820 1919 1920 1821 
1936 1821 1920 1921 1822 
1937 1822 1921 1922 1823 
1938 1823 1922 1923 1824 
1939 1824 1923 1924 1825 
1940 1825 1924 1925 1826 
1941 1826 1925 1926 1827 
1942 1827 1926 1927 1828 
1943 1828 1927 1928 1829 
1944 1829 1928 1929 1830 
1945 1830 1929 1930 1831 
1946 1831 1930 1931 1832 
1947 1832 1931 1932 1833 
1948 1833 1932 1933 1834 
1949 1834 1933 1934 1835 
1950 1835 1934 1935 1836 
1951 1836 1935 1936 1837 
1952 1837 1936 1937 1838 
1953 1838 1937 1938 1839 
1954 1839 1938 1939 1840 
1955 1840 1939 1940 1841 
1956 1841 1940 1941 1842 
1957 1842 1941 1942 1843 
1958 1843 1942 1943 1844 
1959 1844 1943 1944 1845 
1960 1845 1944 1945 1846 
1961 1846 1945 1946 1847 
1962 1847 1946 1947 1848 
1963 1848 1947 1948 1849 
1964 1849 1948 1949 1850 
1965 1850 1949 1950 1851 
1966 1851 1950 1951 1852 
1967 1852 1951 1952 1853 
1968 1853 1952 1953 1854 
1969 1854 1953 1954 1855 
1970 1855 1954 1955 1856 
1971 1856 1955 1956 1857 
1972 1857 1956 1957 1858 
1973 1858 1957 1958 1859 
1974 1859 1958 1959 1860 
1975 1860 1959 1960 1861 
1976 1861 1960 1961 1862 
1977 1862 1961 1962 1863 
1978 1863 1962 1963 1864 
1979 1864 1963 1964 1865 
1980 1865 1964 1965 1866 
1981 1866 1965 1966 1867 
1982 1867 1966 1967 1868 
1983 1868 1967 1968 1869 
1984 1869 1968 1969 1870 
1985 1870 1969 1970 1871 
1986 1871 1970 1971 1872 
1987 1872 1971 1972 1873 
1988 1873 1972 1973 1874 
1989 1874 1973 1974 1875 
1990 1875 1974 1975 1876 
1991 1876 1975 1976 1877 
1992 1877 1976 1977 1878 
1993 1878 1977 1978 1879 
1994 1879 1978 1979 1880 
1995 1880 1979 1980 1881 
1996 1881 1980 1981 1882 
1997 1882 1981 1982 1883 
1998 1883 1982 1983 1884 
1999 1884 1983 1984 1885 
2000 1885 1984 286 287 
2001 20 21 1985 1886 
2002 1886 1985 1986 1887 
2003 1887 1986 1987 1888 
2004 1888 1987 1988 1889 
2005 1889 1988 1989 1890 
2006 1890 1989 1990 1891 
2007 1891 1990 1991 1892 
2008 1892 1991 1992 1893 
2009 1893 1992 1993 1894 
2010 1894 1993 1994 1895 
2011 1895 1994 1995 1896 
2012 1896 1995 1996 1897 
2013 1897 1996 1997 1898 
2014 1898 1997 1998 1899 
2015 1899 1998 1999 1900 
2016 1900 1999 2000 1901 
2017 1901 2000 2001 1902 
2018 1902 2001 2002 1903 
2019 1903 2002 2003 1904 
2020 1904 2003 2004 1905 
2021 1905 2004 2005 1906 
2022 1906 2005 2006 1907 
2023 1907 2006 2007 1908 
2024 1908 2007 2008 1909 
2025 1909 2008 2009 1910 
2026 1910 2009 2010 1911 
2027 1911 2010 2011 1912 
2028 1912 2011 2012 1913 
2029 1913 2012 2013 1914 
2030 1914 2013 2014 1915 
2031 1915 2014 2015 1916 
2032 1916 2015 2016 1917 
2033 1917 2016 2017 1918 
2034 1918 2017 2018 1919 
2035 1919 2018 2019 1920 
2036 1920 2019 2020 1921 
2037 1921 2020 2021 1922 
2038 1922 2021 2022 1923 
2039 1923 2022 2023 1924 
2040 1924 2023 2024 1925 
2041 1925 2024 2025 1926 
2042 1926 2025 2026 1927 
2043 1927 2026 2027 1928 
2044 1928 2027 2028 1929 
2045 1929 2028 2029 1930 
2046 1930 2029 2030 1931 
2047 1931 2030 2031 1932 
2048 1932 2031 2032 1933 
2049 1933 2032 2033 1934 
2050 1934 2033 2034 1935 
2051 1935 2034 2035 1936 
2052 1936 2035 2036 1937 
2053 1937 2036 2037 1938 
2054 1938 2037 2038 1939 
2055 1939 2038 2039 1940 
2056 1940 2039 2040 1941 
2057 1941 2040 2041 1942 
2058 1942 2041 2042 1943 
2059 1943 2042 2043 1944 
2060 1944 2043 2044 1945 
2061 1945 2044 2045 1946 
2062 1946 2045 2046 1947 
2063 1947 2046 2047 1948 
2064 1948 2047 2048 1949 
2065 1949 2048 2049 1950 
2066 1950 2049 2050 1951 
2067 1951 2050 2051 1952 
2068 1952 2051 2052 1953 
2069 1953 2052 2053 1954 
2070 1954 2053 2054 1955 
2071 1955 2054 2055 1956 
2072 1956 2055 2056 1957 
2073 1957 2056 2057 1958 
2074 1958 2057 2058 1959 
2075 1959 2058 2059 1960 
2076 1960 2059 2060 1961 
2077 1961 2060 2061 1962 
2078 1962 2061 2062 1963 
2079 1963 2062 2063 1964 
2080 1964 2063 2064 1965 
2081 1965 2064 2065 1966 
2082 1966 2065 2066 1967 
2083 1967 2066 2067 1968 
2084 1968 2067 2068 1969 
2085 1969 2068 2069 1970 
2086 1970 2069 2070 1971 
2087 1971 2070 2071 1972 
2088 1972 2071 2072 1973 
2089 1973 2072 2073 1974 
2090 1974 2073 2074 1975 
2091 1975 2074 2075 1976 
2092 1976 2075 2076 1977 
2093 1977 2076 2077 1978 
2094 1978 2077 2078 1979 
2095 1979 2078 2079 1980 
2096 1980 2079 2080 1981 
2097 1981 2080 2081 1982 
2098 1982 2081 2082 1983 
2099 1983 2082 2083 1984 
2100 1984 2083 285 286 
2101 21 22 2084 1985 
2102 1985 2084 2085 1986 
2103 1986 2085 2086 1987 
2104 1987 2086 2087 1988 
2105 1988 2087 2088 1989 
2106 1989 2088 2089 1990 
2107 1990 2089 2090 1991 
2108 1991 2090 2091 1992 
2109 1992 2091 2092 1993 
2110 1993 2092 2093 1994 
2111 1994 2093 2094 1995 
2112 1995 2094 2095 1996 
2113 1996 2095 2096 1997 
2114 1997 2096 2097 1998 
2115 1998 2097 2098 1999 
2116 1999 2098 2099 2000 
2117 2000 2099 2100 2001 
2118 2001 2100 2101 2002 
2119 2002 2101 2102 2003 
2120 2003 2102 2103 2004 
2121 2004 2103 2104 2005 
2122 2005 2104 2105 2006 
2123 2006 2105 2106 2007 
2124 2007 2106 2107 2008 
2125 2008 2107 2108 2009 
2126 2009 2108 2109 2010 
2127 2010 2109 2110 2011 
2128 2011 2110 2111 2012 
2129 2012 2111 2112 2013 
2130 2013 2112 2113 2014 
2131 2014 2113 2114 2015 
2132 2015 2114 2115 2016 
2133 2016 2115 2116 2017 
2134 2017 2116 2117 2018 
2135 2018 2117 2118 2019 
2136 2019 2118 2119 2020 
2137 2020 2119 2120 2021 
2138 2021 2120 2121 2022 
2139 2022 2121 2122 2023 
2140 2023 2122 2123 2024 
2141 2024 2123 2124 2025 
2142 2025 2124 2125 2026 
2143 2026 2125 2126 2027 
2144 2027 2126 2127 2028 
2145 2028 2127 2128 2029 
2146 2029 2128 2129 2030 
2147 2030 2129 2130 2031 
2148 2031 2130 2131 2032 
2149 2032 2131 2132 2033 
2150 2033 2132 2133 2034 
2151 2034 2133 2134 2035 
2152 2035 2134 2135 2036 
2153 2036 2135 2136 2037 
2154 2037 2136 2137 2038 
2155 2038 2137 2138 2039 
2156 2039 2138 2139 2040 
2157 2040 2139 2140 2041 
2158 2041 2140 2141 2042 
2159 2042 2141 2142 2043 
2160 2043 2142 2143 2044 
2161 2044 2143 2144 2045 
2162 2045 2144 2145 2046 
2163 2046 2145 2146 2047 
2164 2047 2146 2147 2048 
2165 2048 2147 2148 2049 
2166 2049 2148 2149 2050 
2167 2050 2149 2150 2051 
2168 2051 2150 2151 2052 
2169 2052 2151 2152 2053 
2170 2053 2152 2153 2054 
2171 2054 2153 2154 2055 
2172 2055 2154 2155 2056 
2173 2056 2155 2156 2057 
2174 2057 2156 2157 2058 
2175 2058 2157 2158 2059 
2176 2059 2158 2159 2060 
2177 2060 2159 2160 2061 
2178 2061 2160 2161 2062 
2179 2062 2161 2162 2063 
2180 2063 2162 2163 2064 
2181 2064 2163 2164 2065 
2182 2065 2164 2165 2066 
2183 2066 2165 2166 2067 
2184 2067 2166 2167 2068 
2185 2068 2167 2168 2069 
2186 2069 2168 2169 2070 
2187 2070 2169 2170 2071 
2188 2071 2170 2171 2072 
2189 2072 2171 2172 2073 
2190 2073 2172 2173 2074 
2191 2074 2173 2174 2075 
2192 2075 2174 2175 2076 
2193 2076 2175 2176 2077 
2194 2077 2176 2177 2078 
2195 2078 2177 2178 2079 
2196 2079 2178 2179 2080 
2197 2080 2179 2180 2081 
2198 2081 2180 2181 2082 
2199 2082 2181 2182 2083 
2200 2083 2182 284 285 
2201 22 23 2183 2084 
2202 2084 2183 2184 2085 
2203 2085 2184 2185 2086 
2204 2086 2185 2186 2087 
2205 2087 2186 2187 2088 
2206 2088 2187 2188 2089 
2207 2089 2188 2189 2090 
2208 2090 2189 2190 2091 
2209 2091 2190 2191 2092 
2210 2092 2191 2192 2093 
2211 2093 2192 2193 2094 
2212 2094 2193 2194 2095 
2213 2095 2194 2195 2096 
2214 2096 2195 2196 2097 
2215 2097 2196 2197 2098 
2216 2098 2197 2198 2099 
2217 2099 2198 2199 2100 
2218 2100 2199 2200 2101 
2219 2101 2200 2201 2102 
2220 2102 2201 2202 2103 
2221 2103 2202 2203 2104 
2222 2104 2203 2204 2105 
2223 2105 2204 2205 2106 
2224 2106 2205 2206 2107 
2225 2107 2206 2207 2108 
2226 2108 2207 2208 2109 
2227 2109 2208 2209 2110 
2228 2110 2209 2210 2111 
2229 2111 2210 2211 2112 
2230 2112 2211 2212 2113 
2231 2113 2212 2213 2114 
2232 2114 2213 2214 2115 
2233 2115 2214 2215 2116 
2234 2116 2215 2216 2117 
2235 2117 2216 2217 2118 
2236 2118 2217 2218 2119 
2237 2119 2218 2219 2120 
2238 2120 2219 2220 2121 
2239 2121 2220 2221 2122 
2240 2122 2221 2222 2123 
2241 2123 2222 2223 2124 
2242 2124 2223 2224 2125 
2243 2125 2224 2225 2126 
2244 2126 2225 2226 2127 
2245 2127 2226 2227 2128 
2246 2128 2227 2228 2129 
2247 2129 2228 2229 2130 
2248 2130 2229 2230 2131 
2249 2131 2230 2231 2132 
2250 2132 2231 2232 2133 
2251 2133 2232 2233 2134 
2252 2134 2233 2234 2135 
2253 2135 2234 2235 2136 
2254 2136 2235 2236 2137 
2255 2137 2236 2237 2138 
2256 2138 2237 2238 2139 
2257 2139 2238 2239 2140 
2258 2140 2239 2240 2141 
2259 2141 2240 2241 2142 
2260 2142 2241 2242 2143 
2261 2143 2242 2243 2144 
2262 2144 2243 2244 2145 
2263 2145 2244 2245 2146 
2264 2146 2245 2246 2147 
2265 2147 2246 2247 2148 
2266 2148 2247 2248 2149 
2267 2149 2248 2249 2150 
2268 2150 2249 2250 2151 
2269 2151 2250 2251 2152 
2270 2152 2251 2252 2153 
2271 2153 2252 2253 2154 
2272 2154 2253 2254 2155 
2273 2155 2254 2255 2156 
2274 2156 2255 2256 2157 
2275 2157 2256 2257 2158 
2276 2158 2257 2258 2159 
2277 2159 2258 2259 2160 
2278 2160 2259 2260 2161 
2279 2161 2260 2261 2162 
2280 2162 2261 2262 2163 
2281 2163 2262 2263 2164 
2282 2164 2263 2264 2165 
2283 2165 2264 2265 2166 
2284 2166 2265 2266 2167 
2285 2167 2266 2267 2168 
2286 2168 2267 2268 2169 
2287 2169 2268 2269 2170 
2288 2170 2269 2270 2171 
2289 2171 2270 2271 2172 
2290 2172 2271 2272 2173 
2291 2173 2272 2273 2174 
2292 2174 2273 2274 2175 
2293 2175 2274 2275 2176 
2294 2176 2275 2276 2177 
2295 2177 2276 2277 2178 
2296 2178 2277 2278 2179 
2297 2179 2278 2279 2180 
2298 2180 2279 2280 2181 
2299 2181 2280 2281 2182 
2300 2182 2281 283 284 
2301 23 24 2282 2183 
2302 2183 2282 2283 2184 
2303 2184 2283 2284 2185 
2304 2185 2284 2285 2186 
2305 2186 2285 2286 2187 
2306 2187 2286 2287 2188 
2307 2188 2287 2288 2189 
2308 2189 2288 2289 2190 
2309 2190 2289 2290 2191 
2310 2191 2290 2291 2192 
2311 2192 2291 2292 2193 
2312 2193 2292 2293 2194 
2313 2194 2293 2294 2195 
2314 2195 2294 2295 2196 
2315 2196 2295 2296 2197 
2316 2197 2296 2297 2198 
2317 2198 2297 2298 2199 
2318 2199 2298 2299 2200 
2319 2200 2299 2300 2201 
2320 2201 2300 2301 2202 
2321 2202 2301 2302 2203 
2322 2203 2302 2303 2204 
2323 2204 2303 2304 2205 
2324 2205 2304 2305 2206 
2325 2206 2305 2306 2207 
2326 2207 2306 2307 2208 
2327 2208 2307 2308 2209 
2328 2209 2308 2309 2210 
2329 2210 2309 2310 2211 
2330 2211 2310 2311 2212 
2331 2212 2311 2312 2213 
2332 2213 2312 2313 2214 
2333 2214 2313 2314 2215 
2334 2215 2314 2315 2216 
2335 2216 2315 2316 2217 
2336 2217 2316 2317 2218 
2337 2218 2317 2318 2219 
2338 2219 2318 2319 2220 
2339 2220 2319 2320 2221 
2340 2221 2320 2321 2222 
2341 2222 2321 2322 2223 
2342 2223 2322 2323 2224 
2343 2224 2323 2324 2225 
2344 2225 2324 2325 2226 
2345 2226 2325 2326 2227 
2346 2227 2326 2327 2228 
2347 2228 2327 2328 2229 
2348 2229 2328 2329 2230 
2349 2230 2329 2330 2231 
2350 2231 2330 2331 2232 
2351 2232 2331 2332 2233 
2352 2233 2332 2333 2234 
2353 2234 2333 2334 2235 
2354 2235 2334 2335 2236 
2355 2236 2335 2336 2237 
2356 2237 2336 2337 2238 
2357 2238 2337 2338 2239 
2358 2239 2338 2339 2240 
2359 2240 2339 2340 2241 
2360 2241 2340 2341 2242 
2361 2242 2341 2342 2243 
2362 2243 2342 2343 2244 
2363 2244 2343 2344 2245 
2364 2245 2344 2345 2246 
2365 2246 2345 2346 2247 
2366 2247 2346 2347 2248 
2367 2248 2347 2348 2249 
2368 2249 2348 2349 2250 
2369 2250 2349 2350 2251 
2370 2251 2350 2351 2252 
2371 2252 2351 2352 2253 
2372 2253 2352 2353 2254 
2373 2254 2353 2354 2255 
2374 2255 2354 2355 2256 
2375 2256 2355 2356 2257 
2376 2257 2356 2357 2258 
2377 2258 2357 2358 2259 
2378 2259 2358 2359 2260 
2379 2260 2359 2360 2261 
2380 2261 2360 2361 2262 
2381 2262 2361 2362 2263 
2382 2263 2362 2363 2264 
2383 2264 2363 2364 2265 
2384 2265 2364 2365 2266 
2385 2266 2365 2366 2267 
2386 2267 2366 2367 2268 
2387 2268 2367 2368 2269 
2388 2269 2368 2369 2270 
2389 2270 2369 2370 2271 
2390 2271 2370 2371 2272 
2391 2272 2371 2372 2273 
2392 2273 2372 2373 2274 
2393 2274 2373 2374 2275 
2394 2275 2374 2375 2276 
2395 2276 2375 2376 2277 
2396 2277 2376 2377 2278 
2397 2278 2377 2378 2279 
2398 2279 2378 2379 2280 
2399 2280 2379 2380 2281 
2400 2281 2380 282 283 
2401 24 25 2381 2282 
2402 2282 2381 2382 2283 
2403 2283 2382 2383 2284 
2404 2284 2383 2384 2285 
2405 2285 2384 2385 2286 
2406 2286 2385 2386 2287 
2407 2287 2386 2387 2288 
2408 2288 2387 2388 2289 
2409 2289 2388 2389 2290 
2410 2290 2389 2390 2291 
2411 2291 2390 2391 2292 
2412 2292 2391 2392 2293 
2413 2293 2392 2393 2294 
2414 2294 2393 2394 2295 
2415 2295 2394 2395 2296 
2416 2296 2395 2396 2297 
2417 2297 2396 2397 2298 
2418 2298 2397 2398 2299 
2419 2299 2398 2399 2300 
2420 2300 2399 2400 2301 
2421 2301 2400 2401 2302 
2422 2302 2401 2402 2303 
2423 2303 2402 2403 2304 
2424 2304 2403 2404 2305 
2425 2305 2404 2405 2306 
2426 2306 2405 2406 2307 
2427 2307 2406 2407 2308 
2428 2308 2407 2408 2309 
2429 2309 2408 2409 2310 
2430 2310 2409 2410 2311 
2431 2311 2410 2411 2312 
2432 2312 2411 2412 2313 
2433 2313 2412 2413 2314 
2434 2314 2413 2414 2315 
2435 2315 2414 2415 2316 
2436 2316 2415 2416 2317 
2437 2317 2416 2417 2318 
2438 2318 2417 2418 2319 
2439 2319 2418 2419 2320 
2440 2320 2419 2420 2321 
2441 2321 2420 2421 2322 
2442 2322 2421 2422 2323 
2443 2323 2422 2423 2324 
2444 2324 2423 2424 2325 
2445 2325 2424 2425 2326 
2446 2326 2425 2426 2327 
2447 2327 2426 2427 2328 
2448 2328 2427 2428 2329 
2449 2329 2428 2429 2330 
2450 2330 2429 2430 2331 
2451 2331 2430 2431 2332 
2452 2332 2431 2432 2333 
2453 2333 2432 2433 2334 
2454 2334 2433 2434 2335 
2455 2335 2434 2435 2336 
2456 2336 2435 2436 2337 
2457 2337 2436 2437 2338 
2458 2338 2437 2438 2339 
2459 2339 2438 2439 2340 
2460 2340 2439 2440 2341 
2461 2341 2440 2441 2342 
2462 2342 2441 2442 2343 
2463 2343 2442 2443 2344 
2464 2344 2443 2444 2345 
2465 2345 2444 2445 2346 
2466 2346 2445 2446 2347 
2467 2347 2446 2447 2348 
2468 2348 2447 2448 2349 
2469 2349 2448 2449 2350 
2470 2350 2449 2450 2351 
2471 2351 2450 2451 2352 
2472 2352 2451 2452 2353 
2473 2353 2452 2453 2354 
2474 2354 2453 2454 2355 
2475 2355 2454 2455 2356 
2476 2356 2455 2456 2357 
2477 2357 2456 2457 2358 
2478 2358 2457 2458 2359 
2479 2359 2458 2459 2360 
2480 2360 2459 2460 2361 
2481 2361 2460 2461 2362 
2482 2362 2461 2462 2363 
2483 2363 2462 2463 2364 
2484 2364 2463 2464 2365 
2485 2365 2464 2465 2366 
2486 2366 2465 2466 2367 
2487 2367 2466 2467 2368 
2488 2368 2467 2468 2369 
2489 2369 2468 2469 2370 
2490 2370 2469 2470 2371 
2491 2371 2470 2471 2372 
2492 2372 2471 2472 2373 
2493 2373 2472 2473 2374 
2494 2374 2473 2474 2375 
2495 2375 2474 2475 2376 
2496 2376 2475 2476 2377 
2497 2377 2476 2477 2378 
2498 2378 2477 2478 2379 
2499 2379 2478 2479 2380 
2500 2380 2479 281 282 
2501 25 26 2480 2381 
2502 2381 2480 2481 2382 
2503 2382 2481 2482 2383 
2504 2383 2482 2483 2384 
2505 2384 2483 2484 2385 
2506 2385 2484 2485 2386 
2507 2386 2485 2486 2387 
2508 2387 2486 2487 2388 
2509 2388 2487 2488 2389 
2510 2389 2488 2489 2390 
2511 2390 2489 2490 2391 
2512 2391 2490 2491 2392 
2513 2392 2491 2492 2393 
2514 2393 2492 2493 2394 
2515 2394 2493 2494 2395 
2516 2395 2494 2495 2396 
2517 2396 2495 2496 2397 
2518 2397 2496 2497 2398 
2519 2398 2497 2498 2399 
2520 2399 2498 2499 2400 
2521 2400 2499 2500 2401 
2522 2401 2500 2501 2402 
2523 2402 2501 2502 2403 
2524 2403 2502 2503 2404 
2525 2404 2503 2504 2405 
2526 2405 2504 2505 2406 
2527 2406 2505 2506 2407 
2528 2407 2506 2507 2408 
2529 2408 2507 2508 2409 
2530 2409 2508 2509 2410 
2531 2410 2509 2510 2411 
2532 2411 2510 2511 2412 
2533 2412 2511 2512 2413 
2534 2413 2512 2513 2414 
2535 2414 2513 2514 2415 
2536 2415 2514 2515 2416 
2537 2416 2515 2516 2417 
2538 2417 2516 2517 2418 
2539 2418 2517 2518 2419 
2540 2419 2518 2519 2420 
2541 2420 2519 2520 2421 
2542 2421 2520 2521 2422 
2543 2422 2521 2522 2423 
2544 2423 2522 2523 2424 
2545 2424 2523 2524 2425 
2546 2425 2524 2525 2426 
2547 2426 2525 2526 2427 
2548 2427 2526 2527 2428 
2549 2428 2527 2528 2429 
2550 2429 2528 2529 2430 
2551 2430 2529 2530 2431 
2552 2431 2530 2531 2432 
2553 2432 2531 2532 2433 
2554 2433 2532 2533 2434 
2555 2434 2533 2534 2435 
2556 2435 2534 2535 2436 
2557 2436 2535 2536 2437 
2558 2437 2536 2537 2438 
2559 2438 2537 2538 2439 
2560 2439 2538 2539 2440 
2561 2440 2539 2540 2441 
2562 2441 2540 2541 2442 
2563 2442 2541 2542 2443 
2564 2443 2542 2543 2444 
2565 2444 2543 2544 2445 
2566 2445 2544 2545 2446 
2567 2446 2545 2546 2447 
2568 2447 2546 2547 2448 
2569 2448 2547 2548 2449 
2570 2449 2548 2549 2450 
2571 2450 2549 2550 2451 
2572 2451 2550 2551 2452 
2573 2452 2551 2552 2453 
2574 2453 2552 2553 2454 
2575 2454 2553 2554 2455 
2576 2455 2554 2555 2456 
2577 2456 2555 2556 2457 
2578 2457 2556 2557 2458 
2579 2458 2557 2558 2459 
2580 2459 2558 2559 2460 
2581 2460 2559 2560 2461 
2582 2461 2560 2561 2462 
2583 2462 2561 2562 2463 
2584 2463 2562 2563 2464 
2585 2464 2563 2564 2465 
2586 2465 2564 2565 2466 
2587 2466 2565 2566 2467 
2588 2467 2566 2567 2468 
2589 2468 2567 2568 2469 
2590 2469 2568 2569 2470 
2591 2470 2569 2570 2471 
2592 2471 2570 2571 2472 
2593 2472 2571 2572 2473 
2594 2473 2572 2573 2474 
2595 2474 2573 2574 2475 
2596 2475 2574 2575 2476 
2597 2476 2575 2576 2477 
2598 2477 2576 2577 2478 
2599 2478 2577 2578 2479 
2600 2479 2578 280 281 
2601 26 27 2579 2480 
2602 2480 2579 2580 2481 
2603 2481 2580 2581 2482 
2604 2482 2581 2582 2483 
2605 2483 2582 2583 2484 
2606 2484 2583 2584 2485 
2607 2485 2584 2585 2486 
2608 2486 2585 2586 2487 
2609 2487 2586 2587 2488 
2610 2488 2587 2588 2489 
2611 2489 2588 2589 2490 
2612 2490 2589 2590 2491 
2613 2491 2590 2591 2492 
2614 2492 2591 2592 2493 
2615 2493 2592 2593 2494 
2616 2494 2593 2594 2495 
2617 2495 2594 2595 2496 
2618 2496 2595 2596 2497 
2619 2497 2596 2597 2498 
2620 2498 2597 2598 2499 
2621 2499 2598 2599 2500 
2622 2500 2599 2600 2501 
2623 2501 2600 2601 2502 
2624 2502 2601 2602 2503 
2625 2503 2602 2603 2504 
2626 2504 2603 2604 2505 
2627 2505 2604 2605 2506 
2628 2506 2605 2606 2507 
2629 2507 2606 2607 2508 
2630 2508 2607 2608 2509 
2631 2509 2608 2609 2510 
2632 2510 2609 2610 2511 
2633 2511 2610 2611 2512 
2634 2512 2611 2612 2513 
2635 2513 2612 2613 2514 
2636 2514 2613 2614 2515 
2637 2515 2614 2615 2516 
2638 2516 2615 2616 2517 
2639 2517 2616 2617 2518 
2640 2518 2617 2618 2519 
2641 2519 2618 2619 2520 
2642 2520 2619 2620 2521 
2643 2521 2620 2621 2522 
2644 2522 2621 2622 2523 
2645 2523 2622 2623 2524 
2646 2524 2623 2624 2525 
2647 2525 2624 2625 2526 
2648 2526 2625 2626 2527 
2649 2527 2626 2627 2528 
2650 2528 2627 2628 2529 
2651 2529 2628 2629 2530 
2652 2530 2629 2630 2531 
2653 2531 2630 2631 2532 
2654 2532 2631 2632 2533 
2655 2533 2632 2633 2534 
2656 2534 2633 2634 2535 
2657 2535 2634 2635 2536 
2658 2536 2635 2636 2537 
2659 2537 2636 2637 2538 
2660 2538 2637 2638 2539 
2661 2539 2638 2639 2540 
2662 2540 2639 2640 2541 
2663 2541 2640 2641 2542 
2664 2542 2641 2642 2543 
2665 2543 2642 2643 2544 
2666 2544 2643 2644 2545 
2667 2545 2644 2645 2546 
2668 2546 2645 2646 2547 
2669 2547 2646 2647 2548 
2670 2548 2647 2648 2549 
2671 2549 2648 2649 2550 
2672 2550 2649 2650 2551 
2673 2551 2650 2651 2552 
2674 2552 2651 2652 2553 
2675 2553 2652 2653 2554 
2676 2554 2653 2654 2555 
2677 2555 2654 2655 2556 
2678 2556 2655 2656 2557 
2679 2557 2656 2657 2558 
2680 2558 2657 2658 2559 
2681 2559 2658 2659 2560 
2682 2560 2659 2660 2561 
2683 2561 2660 2661 2562 
2684 2562 2661 2662 2563 
2685 2563 2662 2663 2564 
2686 2564 2663 2664 2565 
2687 2565 2664 2665 2566 
2688 2566 2665 2666 2567 
2689 2567 2666 2667 2568 
2690 2568 2667 2668 2569 
2691 2569 2668 2669 2570 
2692 2570 2669 2670 2571 
2693 2571 2670 2671 2572 
2694 2572 2671 2672 2573 
2695 2573 2672 2673 2574 
2696 2574 2673 2674 2575 
2697 2575 2674 2675 2576 
2698 2576 2675 2676 2577 
2699 2577 2676 2677 2578 
2700 2578 2677 279 280 
2701 27 28 2678 2579 
2702 2579 2678 2679 2580 
2703 2580 2679 2680 2581 
2704 2581 2680 2681 2582 
2705 2582 2681 2682 2583 
2706 2583 2682 2683 2584 
2707 2584 2683 2684 2585 
2708 2585 2684 2685 2586 
2709 2586 2685 2686 2587 
2710 2587 2686 2687 2588 
2711 2588 2687 2688 2589 
2712 2589 2688 2689 2590 
2713 2590 2689 2690 2591 
2714 2591 2690 2691 2592 
2715 2592 2691 2692 2593 
2716 2593 2692 2693 2594 
2717 2594 2693 2694 2595 
2718 2595 2694 2695 2596 
2719 2596 2695 2696 2597 
2720 2597 2696 2697 2598 
2721 2598 2697 2698 2599 
2722 2599 2698 2699 2600 
2723 2600 2699 2700 2601 
2724 2601 2700 2701 2602 
2725 2602 2701 2702 2603 
2726 2603 2702 2703 2604 
2727 2604 2703 2704 2605 
2728 2605 2704 2705 2606 
2729 2606 2705 2706 2607 
2730 2607 2706 2707 2608 
2731 2608 2707 2708 2609 
2732 2609 2708 2709 2610 
2733 2610 2709 2710 2611 
2734 2611 2710 2711 2612 
2735 2612 2711 2712 2613 
2736 2613 2712 2713 2614 
2737 2614 2713 2714 2615 
2738 2615 2714 2715 2616 
2739 2616 2715 2716 2617 
2740 2617 2716 2717 2618 
2741 2618 2717 2718 2619 
2742 2619 2718 2719 2620 
2743 2620 2719 2720 2621 
2744 2621 2720 2721 2622 
2745 2622 2721 2722 2623 
2746 2623 2722 2723 2624 
2747 2624 2723 2724 2625 
2748 2625 2724 2725 2626 
2749 2626 2725 2726 2627 
2750 2627 2726 2727 2628 
2751 2628 2727 2728 2629 
2752 2629 2728 2729 2630 
2753 2630 2729 2730 2631 
2754 2631 2730 2731 2632 
2755 2632 2731 2732 2633 
2756 2633 2732 2733 2634 
2757 2634 2733 2734 2635 
2758 2635 2734 2735 2636 
2759 2636 2735 2736 2637 
2760 2637 2736 2737 2638 
2761 2638 2737 2738 2639 
2762 2639 2738 2739 2640 
2763 2640 2739 2740 2641 
2764 2641 2740 2741 2642 
2765 2642 2741 2742 2643 
2766 2643 2742 2743 2644 
2767 2644 2743 2744 2645 
2768 2645 2744 2745 2646 
2769 2646 2745 2746 2647 
2770 2647 2746 2747 2648 
2771 2648 2747 2748 2649 
2772 2649 2748 2749 2650 
2773 2650 2749 2750 2651 
2774 2651 2750 2751 2652 
2775 2652 2751 2752 2653 
2776 2653 2752 2753 2654 
2777 2654 2753 2754 2655 
2778 2655 2754 2755 2656 
2779 2656 2755 2756 2657 
2780 2657 2756 2757 2658 
2781 2658 2757 2758 2659 
2782 2659 2758 2759 2660 
2783 2660 2759 2760 2661 
2784 2661 2760 2761 2662 
2785 2662 2761 2762 2663 
2786 2663 2762 2763 2664 
2787 2664 2763 2764 2665 
2788 2665 2764 2765 2666 
2789 2666 2765 2766 2667 
2790 2667 2766 2767 2668 
2791 2668 2767 2768 2669 
2792 2669 2768 2769 2670 
2793 2670 2769 2770 2671 
2794 2671 2770 2771 2672 
2795 2672 2771 2772 2673 
2796 2673 2772 2773 2674 
2797 2674 2773 2774 2675 
2798 2675 2774 2775 2676 
2799 2676 2775 2776 2677 
2800 2677 2776 278 279 
2801 28 29 2777 2678 
2802 2678 2777 2778 2679 
2803 2679 2778 2779 2680 
2804 2680 2779 2780 2681 
2805 2681 2780 2781 2682 
2806 2682 2781 2782 2683 
2807 2683 2782 2783 2684 
2808 2684 2783 2784 2685 
2809 2685 2784 2785 2686 
2810 2686 2785 2786 2687 
2811 2687 2786 2787 2688 
2812 2688 2787 2788 2689 
2813 2689 2788 2789 2690 
2814 2690 2789 2790 2691 
2815 2691 2790 2791 2692 
2816 2692 2791 2792 2693 
2817 2693 2792 2793 2694 
2818 2694 2793 2794 2695 
2819 2695 2794 2795 2696 
2820 2696 2795 2796 2697 
2821 2697 2796 2797 2698 
2822 2698 2797 2798 2699 
2823 2699 2798 2799 2700 
2824 2700 2799 2800 2701 
2825 2701 2800 2801 2702 
2826 2702 2801 2802 2703 
2827 2703 2802 2803 2704 
2828 2704 2803 2804 2705 
2829 2705 2804 2805 2706 
2830 2706 2805 2806 2707 
2831 2707 2806 2807 2708 
2832 2708 2807 2808 2709 
2833 2709 2808 2809 2710 
2834 2710 2809 2810 2711 
2835 2711 2810 2811 2712 
2836 2712 2811 2812 2713 
2837 2713 2812 2813 2714 
2838 2714 2813 2814 2715 
2839 2715 2814 2815 2716 
2840 2716 2815 2816 2717 
2841 2717 2816 2817 2718 
2842 2718 2817 2818 2719 
2843 2719 2818 2819 2720 
2844 2720 2819 2820 2721 
2845 2721 2820 2821 2722 
2846 2722 2821 2822 2723 
2847 2723 2822 2823 2724 
2848 2724 2823 2824 2725 
2849 2725 2824 2825 2726 
2850 2726 2825 2826 2727 
2851 2727 2826 2827 2728 
2852 2728 2827 2828 2729 
2853 2729 2828 2829 2730 
2854 2730 2829 2830 2731 
2855 2731 2830 2831 2732 
2856 2732 2831 2832 2733 
2857 2733 2832 2833 2734 
2858 2734 2833 2834 2735 
2859 2735 2834 2835 2736 
2860 2736 2835 2836 2737 
2861 2737 2836 2837 2738 
2862 2738 2837 2838 2739 
2863 2739 2838 2839 2740 
2864 2740 2839 2840 2741 
2865 2741 2840 2841 2742 
2866 2742 2841 2842 2743 
2867 2743 2842 2843 2744 
2868 2744 2843 2844 2745 
2869 2745 2844 2845 2746 
2870 2746 2845 2846 2747 
2871 2747 2846 2847 2748 
2872 2748 2847 2848 2749 
2873 2749 2848 2849 2750 
2874 2750 2849 2850 2751 
2875 2751 2850 2851 2752 
2876 2752 2851 2852 2753 
2877 2753 2852 2853 2754 
2878 2754 2853 2854 2755 
2879 2755 2854 2855 2756 
2880 2756 2855 2856 2757 
2881 2757 2856 2857 2758 
2882 2758 2857 2858 2759 
2883 2759 2858 2859 2760 
2884 2760 2859 2860 2761 
2885 2761 2860 2861 2762 
2886 2762 2861 2862 2763 
2887 2763 2862 2863 2764 
2888 2764 2863 2864 2765 
2889 2765 2864 2865 2766 
2890 2766 2865 2866 2767 
2891 2767 2866 2867 2768 
2892 2768 2867 2868 2769 
2893 2769 2868 2869 2770 
2894 2770 2869 2870 2771 
2895 2771 2870 2871 2772 
2896 2772 2871 2872 2773 
2897 2773 2872 2873 2774 
2898 2774 2873 2874 2775 
2899 2775 2874 2875 2776 
2900 2776 2875 277 278 
2901 29 30 2876 2777 
2902 2777 2876 2877 2778 
2903 2778 2877 2878 2779 
2904 2779 2878 2879 2780 
2905 2780 2879 2880 2781 
2906 2781 2880 2881 2782 
2907 2782 2881 2882 2783 
2908 2783 2882 2883 2784 
2909 2784 2883 2884 2785 
2910 2785 2884 2885 2786 
2911 2786 2885 2886 2787 
2912 2787 2886 2887 2788 
2913 2788 2887 2888 2789 
2914 2789 2888 2889 2790 
2915 2790 2889 2890 2791 
2916 2791 2890 2891 2792 
2917 2792 2891 2892 2793 
2918 2793 2892 2893 2794 
2919 2794 2893 2894 2795 
2920 2795 2894 2895 2796 
2921 2796 2895 2896 2797 
2922 2797 2896 2897 2798 
2923 2798 2897 2898 2799 
2924 2799 2898 2899 2800 
2925 2800 2899 2900 2801 
2926 2801 2900 2901 2802 
2927 2802 2901 2902 2803 
2928 2803 2902 2903 2804 
2929 2804 2903 2904 2805 
2930 2805 2904 2905 2806 
2931 2806 2905 2906 2807 
2932 2807 2906 2907 2808 
2933 2808 2907 2908 2809 
2934 2809 2908 2909 2810 
2935 2810 2909 2910 2811 
2936 2811 2910 2911 2812 
2937 2812 2911 2912 2813 
2938 2813 2912 2913 2814 
2939 2814 2913 2914 2815 
2940 2815 2914 2915 2816 
2941 2816 2915 2916 2817 
2942 2817 2916 2917 2818 
2943 2818 2917 2918 2819 
2944 2819 2918 2919 2820 
2945 2820 2919 2920 2821 
2946 2821 2920 2921 2822 
2947 2822 2921 2922 2823 
2948 2823 2922 2923 2824 
2949 2824 2923 2924 2825 
2950 2825 2924 2925 2826 
2951 2826 2925 2926 2827 
2952 2827 2926 2927 2828 
2953 2828 2927 2928 2829 
2954 2829 2928 2929 2830 
2955 2830 2929 2930 2831 
2956 2831 2930 2931 2832 
2957 2832 2931 2932 2833 
2958 2833 2932 2933 2834 
2959 2834 2933 2934 2835 
2960 2835 2934 2935 2836 
2961 2836 2935 2936 2837 
2962 2837 2936 2937 2838 
2963 2838 2937 2938 2839 
2964 2839 2938 2939 2840 
2965 2840 2939 2940 2841 
2966 2841 2940 2941 2842 
2967 2842 2941 2942 2843 
2968 2843 2942 2943 2844 
2969 2844 2943 2944 2845 
2970 2845 2944 2945 2846 
2971 2846 2945 2946 2847 
2972 2847 2946 2947 2848 
2973 2848 2947 2948 2849 
2974 2849 2948 2949 2850 
2975 2850 2949 2950 2851 
2976 2851 2950 2951 2852 
2977 2852 2951 2952 2853 
2978 2853 2952 2953 2854 
2979 2854 2953 2954 2855 
2980 2855 2954 2955 2856 
2981 2856 2955 2956 2857 
2982 2857 2956 2957 2858 
2983 2858 2957 2958 2859 
2984 2859 2958 2959 2860 
2985 2860 2959 2960 2861 
2986 2861 2960 2961 2862 
2987 2862 2961 2962 2863 
2988 2863 2962 2963 2864 
2989 2864 2963 2964 2865 
2990 2865 2964 2965 2866 
2991 2866 2965 2966 2867 
2992 2867 2966 2967 2868 
2993 2868 2967 2968 2869 
2994 2869 2968 2969 2870 
2995 2870 2969 2970 2871 
2996 2871 2970 2971 2872 
2997 2872 2971 2972 2873 
2998 2873 2972 2973 2874 
2999 2874 2973 2974 2875 
3000 2875 2974 276 277 
3001 30 31 2975 2876 
3002 2876 2975 2976 2877 
3003 2877 2976 2977 2878 
3004 2878 2977 2978 2879 
3005 2879 2978 2979 2880 
3006 2880 2979 2980 2881 
3007 2881 2980 2981 2882 
3008 2882 2981 2982 2883 
3009 2883 2982 2983 2884 
3010 2884 2983 2984 2885 
3011 2885 2984 2985 2886 
3012 2886 2985 2986 2887 
3013 2887 2986 2987 2888 
3014 2888 2987 2988 2889 
3015 2889 2988 2989 2890 
3016 2890 2989 2990 2891 
3017 2891 2990 2991 2892 
3018 2892 2991 2992 2893 
3019 2893 2992 2993 2894 
3020 2894 2993 2994 2895 
3021 2895 2994 2995 2896 
3022 2896 2995 2996 2897 
3023 2897 2996 2997 2898 
3024 2898 2997 2998 2899 
3025 2899 2998 2999 2900 
3026 2900 2999 3000 2901 
3027 2901 3000 3001 2902 
3028 2902 3001 3002 2903 
3029 2903 3002 3003 2904 
3030 2904 3003 3004 2905 
3031 2905 3004 3005 2906 
3032 2906 3005 3006 2907 
3033 2907 3006 3007 2908 
3034 2908 3007 3008 2909 
3035 2909 3008 3009 2910 
3036 2910 3009 3010 2911 
3037 2911 3010 3011 2912 
3038 2912 3011 3012 2913 
3039 2913 3012 3013 2914 
3040 2914 3013 3014 2915 
3041 2915 3014 3015 2916 
3042 2916 3015 3016 2917 
3043 2917 3016 3017 2918 
3044 2918 3017 3018 2919 
3045 2919 3018 3019 2920 
3046 2920 3019 3020 2921 
3047 2921 3020 3021 2922 
3048 2922 3021 3022 2923 
3049 2923 3022 3023 2924 
3050 2924 3023 3024 2925 
3051 2925 3024 3025 2926 
3052 2926 3025 3026 2927 
3053 2927 3026 3027 2928 
3054 2928 3027 3028 2929 
3055 2929 3028 3029 2930 
3056 2930 3029 3030 2931 
3057 2931 3030 3031 2932 
3058 2932 3031 3032 2933 
3059 2933 3032 3033 2934 
3060 2934 3033 3034 2935 
3061 2935 3034 3035 2936 
3062 2936 3035 3036 2937 
3063 2937 3036 3037 2938 
3064 2938 3037 3038 2939 
3065 2939 3038 3039 2940 
3066 2940 3039 3040 2941 
3067 2941 3040 3041 2942 
3068 2942 3041 3042 2943 
3069 2943 3042 3043 2944 
3070 2944 3043 3044 2945 
3071 2945 3044 3045 2946 
3072 2946 3045 3046 2947 
3073 2947 3046 3047 2948 
3074 2948 3047 3048 2949 
3075 2949 3048 3049 2950 
3076 2950 3049 3050 2951 
3077 2951 3050 3051 2952 
3078 2952 3051 3052 2953 
3079 2953 3052 3053 2954 
3080 2954 3053 3054 2955 
3081 2955 3054 3055 2956 
3082 2956 3055 3056 2957 
3083 2957 3056 3057 2958 
3084 2958 3057 3058 2959 
3085 2959 3058 3059 2960 
3086 2960 3059 3060 2961 
3087 2961 3060 3061 2962 
3088 2962 3061 3062 2963 
3089 2963 3062 3063 2964 
3090 2964 3063 3064 2965 
3091 2965 3064 3065 2966 
3092 2966 3065 3066 2967 
3093 2967 3066 3067 2968 
3094 2968 3067 3068 2969 
3095 2969 3068 3069 2970 
3096 2970 3069 3070 2971 
3097 2971 3070 3071 2972 
3098 2972 3071 3072 2973 
3099 2973 3072 3073 2974 
3100 2974 3073 275 276 
3101 31 32 3074 2975 
3102 2975 3074 3075 2976 
3103 2976 3075 3076 2977 
3104 2977 3076 3077 2978 
3105 2978 3077 3078 2979 
3106 2979 3078 3079 2980 
3107 2980 3079 3080 2981 
3108 2981 3080 3081 2982 
3109 2982 3081 3082 2983 
3110 2983 3082 3083 2984 
3111 2984 3083 3084 2985 
3112 2985 3084 3085 2986 
3113 2986 3085 3086 2987 
3114 2987 3086 3087 2988 
3115 2988 3087 3088 2989 
3116 2989 3088 3089 2990 
3117 2990 3089 3090 2991 
3118 2991 3090 3091 2992 
3119 2992 3091 3092 2993 
3120 2993 3092 3093 2994 
3121 2994 3093 3094 2995 
3122 2995 3094 3095 2996 
3123 2996 3095 3096 2997 
3124 2997 3096 3097 2998 
3125 2998 3097 3098 2999 
3126 2999 3098 3099 3000 
3127 3000 3099 3100 3001 
3128 3001 3100 3101 3002 
3129 3002 3101 3102 3003 
3130 3003 3102 3103 3004 
3131 3004 3103 3104 3005 
3132 3005 3104 3105 3006 
3133 3006 3105 3106 3007 
3134 3007 3106 3107 3008 
3135 3008 3107 3108 3009 
3136 3009 3108 3109 3010 
3137 3010 3109 3110 3011 
3138 3011 3110 3111 3012 
3139 3012 3111 3112 3013 
3140 3013 3112 3113 3014 
3141 3014 3113 3114 3015 
3142 3015 3114 3115 3016 
3143 3016 3115 3116 3017 
3144 3017 3116 3117 3018 
3145 3018 3117 3118 3019 
3146 3019 3118 3119 3020 
3147 3020 3119 3120 3021 
3148 3021 3120 3121 3022 
3149 3022 3121 3122 3023 
3150 3023 3122 3123 3024 
3151 3024 3123 3124 3025 
3152 3025 3124 3125 3026 
3153 3026 3125 3126 3027 
3154 3027 3126 3127 3028 
3155 3028 3127 3128 3029 
3156 3029 3128 3129 3030 
3157 3030 3129 3130 3031 
3158 3031 3130 3131 3032 
3159 3032 3131 3132 3033 
3160 3033 3132 3133 3034 
3161 3034 3133 3134 3035 
3162 3035 3134 3135 3036 
3163 3036 3135 3136 3037 
3164 3037 3136 3137 3038 
3165 3038 3137 3138 3039 
3166 3039 3138 3139 3040 
3167 3040 3139 3140 3041 
3168 3041 3140 3141 3042 
3169 3042 3141 3142 3043 
3170 3043 3142 3143 3044 
3171 3044 3143 3144 3045 
3172 3045 3144 3145 3046 
3173 3046 3145 3146 3047 
3174 3047 3146 3147 3048 
3175 3048 3147 3148 3049 
3176 3049 3148 3149 3050 
3177 3050 3149 3150 3051 
3178 3051 3150 3151 3052 
3179 3052 3151 3152 3053 
3180 3053 3152 3153 3054 
3181 3054 3153 3154 3055 
3182 3055 3154 3155 3056 
3183 3056 3155 3156 3057 
3184 3057 3156 3157 3058 
3185 3058 3157 3158 3059 
3186 3059 3158 3159 3060 
3187 3060 3159 3160 3061 
3188 3061 3160 3161 3062 
3189 3062 3161 3162 3063 
3190 3063 3162 3163 3064 
3191 3064 3163 3164 3065 
3192 3065 3164 3165 3066 
3193 3066 3165 3166 3067 
3194 3067 3166 3167 3068 
3195 3068 3167 3168 3069 
3196 3069 3168 3169 3070 
3197 3070 3169 3170 3071 
3198 3071 3170 3171 3072 
3199 3072 3171 3172 3073 
3200 3073 3172 274 275 
3201 32 33 3173 3074 
3202 3074 3173 3174 3075 
3203 3075 3174 3175 3076 
3204 3076 3175 3176 3077 
3205 3077 3176 3177 3078 
3206 3078 3177 3178 3079 
3207 3079 3178 3179 3080 
3208 3080 3179 3180 3081 
3209 3081 3180 3181 3082 
3210 3082 3181 3182 3083 
3211 3083 3182 3183 3084 
3212 3084 3183 3184 3085 
3213 3085 3184 3185 3086 
3214 3086 3185 3186 3087 
3215 3087 3186 3187 3088 
3216 3088 3187 3188 3089 
3217 3089 3188 3189 3090 
3218 3090 3189 3190 3091 
3219 3091 3190 3191 3092 
3220 3092 3191 3192 3093 
3221 3093 3192 3193 3094 
3222 3094 3193 3194 3095 
3223 3095 3194 3195 3096 
3224 3096 3195 3196 3097 
3225 3097 3196 3197 3098 
3226 3098 3197 3198 3099 
3227 3099 3198 3199 3100 
3228 3100 3199 3200 3101 
3229 3101 3200 3201 3102 
3230 3102 3201 3202 3103 
3231 3103 3202 3203 3104 
3232 3104 3203 3204 3105 
3233 3105 3204 3205 3106 
3234 3106 3205 3206 3107 
3235 3107 3206 3207 3108 
3236 3108 3207 3208 3109 
3237 3109 3208 3209 3110 
3238 3110 3209 3210 3111 
3239 3111 3210 3211 3112 
3240 3112 3211 3212 3113 
3241 3113 3212 3213 3114 
3242 3114 3213 3214 3115 
3243 3115 3214 3215 3116 
3244 3116 3215 3216 3117 
3245 3117 3216 3217 3118 
3246 3118 3217 3218 3119 
3247 3119 3218 3219 3120 
3248 3120 3219 3220 3121 
3249 3121 3220 3221 3122 
3250 3122 3221 3222 3123 
3251 3123 3222 3223 3124 
3252 3124 3223 3224 3125 
3253 3125 3224 3225 3126 
3254 3126 3225 3226 3127 
3255 3127 3226 3227 3128 
3256 3128 3227 3228 3129 
3257 3129 3228 3229 3130 
3258 3130 3229 3230 3131 
3259 3131 3230 3231 3132 
3260 3132 3231 3232 3133 
3261 3133 3232 3233 3134 
3262 3134 3233 3234 3135 
3263 3135 3234 3235 3136 
3264 3136 3235 3236 3137 
3265 3137 3236 3237 3138 
3266 3138 3237 3238 3139 
3267 3139 3238 3239 3140 
3268 3140 3239 3240 3141 
3269 3141 3240 3241 3142 
3270 3142 3241 3242 3143 
3271 3143 3242 3243 3144 
3272 3144 3243 3244 3145 
3273 3145 3244 3245 3146 
3274 3146 3245 3246 3147 
3275 3147 3246 3247 3148 
3276 3148 3247 3248 3149 
3277 3149 3248 3249 3150 
3278 3150 3249 3250 3151 
3279 3151 3250 3251 3152 
3280 3152 3251 3252 3153 
3281 3153 3252 3253 3154 
3282 3154 3253 3254 3155 
3283 3155 3254 3255 3156 
3284 3156 3255 3256 3157 
3285 3157 3256 3257 3158 
3286 3158 3257 3258 3159 
3287 3159 3258 3259 3160 
3288 3160 3259 3260 3161 
3289 3161 3260 3261 3162 
3290 3162 3261 3262 3163 
3291 3163 3262 3263 3164 
3292 3164 3263 3264 3165 
3293 3165 3264 3265 3166 
3294 3166 3265 3266 3167 
3295 3167 3266 3267 3168 
3296 3168 3267 3268 3169 
3297 3169 3268 3269 3170 
3298 3170 3269 3270 3171 
3299 3171 3270 3271 3172 
3300 3172 3271 273 274 
3301 33 34 3272 3173 
3302 3173 3272 3273 3174 
3303 3174 3273 3274 3175 
3304 3175 3274 3275 3176 
3305 3176 3275 3276 3177 
3306 3177 3276 3277 3178 
3307 3178 3277 3278 3179 
3308 3179 3278 3279 3180 
3309 3180 3279 3280 3181 
3310 3181 3280 3281 3182 
3311 3182 3281 3282 3183 
3312 3183 3282 3283 3184 
3313 3184 3283 3284 3185 
3314 3185 3284 3285 3186 
3315 3186 3285 3286 3187 
3316 3187 3286 3287 3188 
3317 3188 3287 3288 3189 
3318 3189 3288 3289 3190 
3319 3190 3289 3290 3191 
3320 3191 3290 3291 3192 
3321 3192 3291 3292 3193 
3322 3193 3292 3293 3194 
3323 3194 3293 3294 3195 
3324 3195 3294 3295 3196 
3325 3196 3295 3296 3197 
3326 3197 3296 3297 3198 
3327 3198 3297 3298 3199 
3328 3199 3298 3299 3200 
3329 3200 3299 3300 3201 
3330 3201 3300 3301 3202 
3331 3202 3301 3302 3203 
3332 3203 3302 3303 3204 
3333 3204 3303 3304 3205 
3334 3205 3304 3305 3206 
3335 3206 3305 3306 3207 
3336 3207 3306 3307 3208 
3337 3208 3307 3308 3209 
3338 3209 3308 3309 3210 
3339 3210 3309 3310 3211 
3340 3211 3310 3311 3212 
3341 3212 3311 3312 3213 
3342 3213 3312 3313 3214 
3343 3214 3313 3314 3215 
3344 3215 3314 3315 3216 
3345 3216 3315 3316 3217 
3346 3217 3316 3317 3218 
3347 3218 3317 3318 3219 
3348 3219 3318 3319 3220 
3349 3220 3319 3320 3221 
3350 3221 3320 3321 3222 
3351 3222 3321 3322 3223 
3352 3223 3322 3323 3224 
3353 3224 3323 3324 3225 
3354 3225 3324 3325 3226 
3355 3226 3325 3326 3227 
3356 3227 3326 3327 3228 
3357 3228 3327 3328 3229 
3358 3229 3328 3329 3230 
3359 3230 3329 3330 3231 
3360 3231 3330 3331 3232 
3361 3232 3331 3332 3233 
3362 3233 3332 3333 3234 
3363 3234 3333 3334 3235 
3364 3235 3334 3335 3236 
3365 3236 3335 3336 3237 
3366 3237 3336 3337 3238 
3367 3238 3337 3338 3239 
3368 3239 3338 3339 3240 
3369 3240 3339 3340 3241 
3370 3241 3340 3341 3242 
3371 3242 3341 3342 3243 
3372 3243 3342 3343 3244 
3373 3244 3343 3344 3245 
3374 3245 3344 3345 3246 
3375 3246 3345 3346 3247 
3376 3247 3346 3347 3248 
3377 3248 3347 3348 3249 
3378 3249 3348 3349 3250 
3379 3250 3349 3350 3251 
3380 3251 3350 3351 3252 
3381 3252 3351 3352 3253 
3382 3253 3352 3353 3254 
3383 3254 3353 3354 3255 
3384 3255 3354 3355 3256 
3385 3256 3355 3356 3257 
3386 3257 3356 3357 3258 
3387 3258 3357 3358 3259 
3388 3259 3358 3359 3260 
3389 3260 3359 3360 3261 
3390 3261 3360 3361 3262 
3391 3262 3361 3362 3263 
3392 3263 3362 3363 3264 
3393 3264 3363 3364 3265 
3394 3265 3364 3365 3266 
3395 3266 3365 3366 3267 
3396 3267 3366 3367 3268 
3397 3268 3367 3368 3269 
3398 3269 3368 3369 3270 
3399 3270 3369 3370 3271 
3400 3271 3370 272 273 
3401 34 35 3371 3272 
3402 3272 3371 3372 3273 
3403 3273 3372 3373 3274 
3404 3274 3373 3374 3275 
3405 3275 3374 3375 3276 
3406 3276 3375 3376 3277 
3407 3277 3376 3377 3278 
3408 3278 3377 3378 3279 
3409 3279 3378 3379 3280 
3410 3280 3379 3380 3281 
3411 3281 3380 3381 3282 
3412 3282 3381 3382 3283 
3413 3283 3382 3383 3284 
3414 3284 3383 3384 3285 
3415 3285 3384 3385 3286 
3416 3286 3385 3386 3287 
3417 3287 3386 3387 3288 
3418 3288 3387 3388 3289 
3419 3289 3388 3389 3290 
3420 3290 3389 3390 3291 
3421 3291 3390 3391 3292 
3422 3292 3391 3392 3293 
3423 3293 3392 3393 3294 
3424 3294 3393 3394 3295 
3425 3295 3394 3395 3296 
3426 3296 3395 3396 3297 
3427 3297 3396 3397 3298 
3428 3298 3397 3398 3299 
3429 3299 3398 3399 3300 
3430 3300 3399 3400 3301 
3431 3301 3400 3401 3302 
3432 3302 3401 3402 3303 
3433 3303 3402 3403 3304 
3434 3304 3403 3404 3305 
3435 3305 3404 3405 3306 
3436 3306 3405 3406 3307 
3437 3307 3406 3407 3308 
3438 3308 3407 3408 3309 
3439 3309 3408 3409 3310 
3440 3310 3409 3410 3311 
3441 3311 3410 3411 3312 
3442 3312 3411 3412 3313 
3443 3313 3412 3413 3314 
3444 3314 3413 3414 3315 
3445 3315 3414 3415 3316 
3446 3316 3415 3416 3317 
3447 3317 3416 3417 3318 
3448 3318 3417 3418 3319 
3449 3319 3418 3419 3320 
3450 3320 3419 3420 3321 
3451 3321 3420 3421 3322 
3452 3322 3421 3422 3323 
3453 3323 3422 3423 3324 
3454 3324 3423 3424 3325 
3455 3325 3424 3425 3326 
3456 3326 3425 3426 3327 
3457 3327 3426 3427 3328 
3458 3328 3427 3428 3329 
3459 3329 3428 3429 3330 
3460 3330 3429 3430 3331 
3461 3331 3430 3431 3332 
3462 3332 3431 3432 3333 
3463 3333 3432 3433 3334 
3464 3334 3433 3434 3335 
3465 3335 3434 3435 3336 
3466 3336 3435 3436 3337 
3467 3337 3436 3437 3338 
3468 3338 3437 3438 3339 
3469 3339 3438 3439 3340 
3470 3340 3439 3440 3341 
3471 3341 3440 3441 3342 
3472 3342 3441 3442 3343 
3473 3343 3442 3443 3344 
3474 3344 3443 3444 3345 
3475 3345 3444 3445 3346 
3476 3346 3445 3446 3347 
3477 3347 3446 3447 3348 
3478 3348 3447 3448 3349 
3479 3349 3448 3449 3350 
3480 3350 3449 3450 3351 
3481 3351 3450 3451 3352 
3482 3352 3451 3452 3353 
3483 3353 3452 3453 3354 
3484 3354 3453 3454 3355 
3485 3355 3454 3455 3356 
3486 3356 3455 3456 3357 
3487 3357 3456 3457 3358 
3488 3358 3457 3458 3359 
3489 3359 3458 3459 3360 
3490 3360 3459 3460 3361 
3491 3361 3460 3461 3362 
3492 3362 3461 3462 3363 
3493 3363 3462 3463 3364 
3494 3364 3463 3464 3365 
3495 3365 3464 3465 3366 
3496 3366 3465 3466 3367 
3497 3367 3466 3467 3368 
3498 3368 3467 3468 3369 
3499 3369 3468 3469 3370 
3500 3370 3469 271 272 
3501 35 36 3470 3371 
3502 3371 3470 3471 3372 
3503 3372 3471 3472 3373 
3504 3373 3472 3473 3374 
3505 3374 3473 3474 3375 
3506 3375 3474 3475 3376 
3507 3376 3475 3476 3377 
3508 3377 3476 3477 3378 
3509 3378 3477 3478 3379 
3510 3379 3478 3479 3380 
3511 3380 3479 3480 3381 
3512 3381 3480 3481 3382 
3513 3382 3481 3482 3383 
3514 3383 3482 3483 3384 
3515 3384 3483 3484 3385 
3516 3385 3484 3485 3386 
3517 3386 3485 3486 3387 
3518 3387 3486 3487 3388 
3519 3388 3487 3488 3389 
3520 3389 3488 3489 3390 
3521 3390 3489 3490 3391 
3522 3391 3490 3491 3392 
3523 3392 3491 3492 3393 
3524 3393 3492 3493 3394 
3525 3394 3493 3494 3395 
3526 3395 3494 3495 3396 
3527 3396 3495 3496 3397 
3528 3397 3496 3497 3398 
3529 3398 3497 3498 3399 
3530 3399 3498 3499 3400 
3531 3400 3499 3500 3401 
3532 3401 3500 3501 3402 
3533 3402 3501 3502 3403 
3534 3403 3502 3503 3404 
3535 3404 3503 3504 3405 
3536 3405 3504 3505 3406 
3537 3406 3505 3506 3407 
3538 3407 3506 3507 3408 
3539 3408 3507 3508 3409 
3540 3409 3508 3509 3410 
3541 3410 3509 3510 3411 
3542 3411 3510 3511 3412 
3543 3412 3511 3512 3413 
3544 3413 3512 3513 3414 
3545 3414 3513 3514 3415 
3546 3415 3514 3515 3416 
3547 3416 3515 3516 3417 
3548 3417 3516 3517 3418 
3549 3418 3517 3518 3419 
3550 3419 3518 3519 3420 
3551 3420 3519 3520 3421 
3552 3421 3520 3521 3422 
3553 3422 3521 3522 3423 
3554 3423 3522 3523 3424 
3555 3424 3523 3524 3425 
3556 3425 3524 3525 3426 
3557 3426 3525 3526 3427 
3558 3427 3526 3527 3428 
3559 3428 3527 3528 3429 
3560 3429 3528 3529 3430 
3561 3430 3529 3530 3431 
3562 3431 3530 3531 3432 
3563 3432 3531 3532 3433 
3564 3433 3532 3533 3434 
3565 3434 3533 3534 3435 
3566 3435 3534 3535 3436 
3567 3436 3535 3536 3437 
3568 3437 3536 3537 3438 
3569 3438 3537 3538 3439 
3570 3439 3538 3539 3440 
3571 3440 3539 3540 3441 
3572 3441 3540 3541 3442 
3573 3442 3541 3542 3443 
3574 3443 3542 3543 3444 
3575 3444 3543 3544 3445 
3576 3445 3544 3545 3446 
3577 3446 3545 3546 3447 
3578 3447 3546 3547 3448 
3579 3448 3547 3548 3449 
3580 3449 3548 3549 3450 
3581 3450 3549 3550 3451 
3582 3451 3550 3551 3452 
3583 3452 3551 3552 3453 
3584 3453 3552 3553 3454 
3585 3454 3553 3554 3455 
3586 3455 3554 3555 3456 
3587 3456 3555 3556 3457 
3588 3457 3556 3557 3458 
3589 3458 3557 3558 3459 
3590 3459 3558 3559 3460 
3591 3460 3559 3560 3461 
3592 3461 3560 3561 3462 
3593 3462 3561 3562 3463 
3594 3463 3562 3563 3464 
3595 3464 3563 3564 3465 
3596 3465 3564 3565 3466 
3597 3466 3565 3566 3467 
3598 3467 3566 3567 3468 
3599 3468 3567 3568 3469 
3600 3469 3568 270 271 
3601 36 37 3569 3470 
3602 3470 3569 3570 3471 
3603 3471 3570 3571 3472 
3604 3472 3571 3572 3473 
3605 3473 3572 3573 3474 
3606 3474 3573 3574 3475 
3607 3475 3574 3575 3476 
3608 3476 3575 3576 3477 
3609 3477 3576 3577 3478 
3610 3478 3577 3578 3479 
3611 3479 3578 3579 3480 
3612 3480 3579 3580 3481 
3613 3481 3580 3581 3482 
3614 3482 3581 3582 3483 
3615 3483 3582 3583 3484 
3616 3484 3583 3584 3485 
3617 3485 3584 3585 3486 
3618 3486 3585 3586 3487 
3619 3487 3586 3587 3488 
3620 3488 3587 3588 3489 
3621 3489 3588 3589 3490 
3622 3490 3589 3590 3491 
3623 3491 3590 3591 3492 
3624 3492 3591 3592 3493 
3625 3493 3592 3593 3494 
3626 3494 3593 3594 3495 
3627 3495 3594 3595 3496 
3628 3496 3595 3596 3497 
3629 3497 3596 3597 3498 
3630 3498 3597 3598 3499 
3631 3499 3598 3599 3500 
3632 3500 3599 3600 3501 
3633 3501 3600 3601 3502 
3634 3502 3601 3602 3503 
3635 3503 3602 3603 3504 
3636 3504 3603 3604 3505 
3637 3505 3604 3605 3506 
3638 3506 3605 3606 3507 
3639 3507 3606 3607 3508 
3640 3508 3607 3608 3509 
3641 3509 3608 3609 3510 
3642 3510 3609 3610 3511 
3643 3511 3610 3611 3512 
3644 3512 3611 3612 3513 
3645 3513 3612 3613 3514 
3646 3514 3613 3614 3515 
3647 3515 3614 3615 3516 
3648 3516 3615 3616 3517 
3649 3517 3616 3617 3518 
3650 3518 3617 3618 3519 
3651 3519 3618 3619 3520 
3652 3520 3619 3620 3521 
3653 3521 3620 3621 3522 
3654 3522 3621 3622 3523 
3655 3523 3622 3623 3524 
3656 3524 3623 3624 3525 
3657 3525 3624 3625 3526 
3658 3526 3625 3626 3527 
3659 3527 3626 3627 3528 
3660 3528 3627 3628 3529 
3661 3529 3628 3629 3530 
3662 3530 3629 3630 3531 
3663 3531 3630 3631 3532 
3664 3532 3631 3632 3533 
3665 3533 3632 3633 3534 
3666 3534 3633 3634 3535 
3667 3535 3634 3635 3536 
3668 3536 3635 3636 3537 
3669 3537 3636 3637 3538 
3670 3538 3637 3638 3539 
3671 3539 3638 3639 3540 
3672 3540 3639 3640 3541 
3673 3541 3640 3641 3542 
3674 3542 3641 3642 3543 
3675 3543 3642 3643 3544 
3676 3544 3643 3644 3545 
3677 3545 3644 3645 3546 
3678 3546 3645 3646 3547 
3679 3547 3646 3647 3548 
3680 3548 3647 3648 3549 
3681 3549 3648 3649 3550 
3682 3550 3649 3650 3551 
3683 3551 3650 3651 3552 
3684 3552 3651 3652 3553 
3685 3553 3652 3653 3554 
3686 3554 3653 3654 3555 
3687 3555 3654 3655 3556 
3688 3556 3655 3656 3557 
3689 3557 3656 3657 3558 
3690 3558 3657 3658 3559 
3691 3559 3658 3659 3560 
3692 3560 3659 3660 3561 
3693 3561 3660 3661 3562 
3694 3562 3661 3662 3563 
3695 3563 3662 3663 3564 
3696 3564 3663 3664 3565 
3697 3565 3664 3665 3566 
3698 3566 3665 3666 3567 
3699 3567 3666 3667 3568 
3700 3568 3667 269 270 
3701 37 38 3668 3569 
3702 3569 3668 3669 3570 
3703 3570 3669 3670 3571 
3704 3571 3670 3671 3572 
3705 3572 3671 3672 3573 
3706 3573 3672 3673 3574 
3707 3574 3673 3674 3575 
3708 3575 3674 3675 3576 
3709 3576 3675 3676 3577 
3710 3577 3676 3677 3578 
3711 3578 3677 3678 3579 
3712 3579 3678 3679 3580 
3713 3580 3679 3680 3581 
3714 3581 3680 3681 3582 
3715 3582 3681 3682 3583 
3716 3583 3682 3683 3584 
3717 3584 3683 3684 3585 
3718 3585 3684 3685 3586 
3719 3586 3685 3686 3587 
3720 3587 3686 3687 3588 
3721 3588 3687 3688 3589 
3722 3589 3688 3689 3590 
3723 3590 3689 3690 3591 
3724 3591 3690 3691 3592 
3725 3592 3691 3692 3593 
3726 3593 3692 3693 3594 
3727 3594 3693 3694 3595 
3728 3595 3694 3695 3596 
3729 3596 3695 3696 3597 
3730 3597 3696 3697 3598 
3731 3598 3697 3698 3599 
3732 3599 3698 3699 3600 
3733 3600 3699 3700 3601 
3734 3601 3700 3701 3602 
3735 3602 3701 3702 3603 
3736 3603 3702 3703 3604 
3737 3604 3703 3704 3605 
3738 3605 3704 3705 3606 
3739 3606 3705 3706 3607 
3740 3607 3706 3707 3608 
3741 3608 3707 3708 3609 
3742 3609 3708 3709 3610 
3743 3610 3709 3710 3611 
3744 3611 3710 3711 3612 
3745 3612 3711 3712 3613 
3746 3613 3712 3713 3614 
3747 3614 3713 3714 3615 
3748 3615 3714 3715 3616 
3749 3616 3715 3716 3617 
3750 3617 3716 3717 3618 
3751 3618 3717 3718 3619 
3752 3619 3718 3719 3620 
3753 3620 3719 3720 3621 
3754 3621 3720 3721 3622 
3755 3622 3721 3722 3623 
3756 3623 3722 3723 3624 
3757 3624 3723 3724 3625 
3758 3625 3724 3725 3626 
3759 3626 3725 3726 3627 
3760 3627 3726 3727 3628 
3761 3628 3727 3728 3629 
3762 3629 3728 3729 3630 
3763 3630 3729 3730 3631 
3764 3631 3730 3731 3632 
3765 3632 3731 3732 3633 
3766 3633 3732 3733 3634 
3767 3634 3733 3734 3635 
3768 3635 3734 3735 3636 
3769 3636 3735 3736 3637 
3770 3637 3736 3737 3638 
3771 3638 3737 3738 3639 
3772 3639 3738 3739 3640 
3773 3640 3739 3740 3641 
3774 3641 3740 3741 3642 
3775 3642 3741 3742 3643 
3776 3643 3742 3743 3644 
3777 3644 3743 3744 3645 
3778 3645 3744 3745 3646 
3779 3646 3745 3746 3647 
3780 3647 3746 3747 3648 
3781 3648 3747 3748 3649 
3782 3649 3748 3749 3650 
3783 3650 3749 3750 3651 
3784 3651 3750 3751 3652 
3785 3652 3751 3752 3653 
3786 3653 3752 3753 3654 
3787 3654 3753 3754 3655 
3788 3655 3754 3755 3656 
3789 3656 3755 3756 3657 
3790 3657 3756 3757 3658 
3791 3658 3757 3758 3659 
3792 3659 3758 3759 3660 
3793 3660 3759 3760 3661 
3794 3661 3760 3761 3662 
3795 3662 3761 3762 3663 
3796 3663 3762 3763 3664 
3797 3664 3763 3764 3665 
3798 3665 3764 3765 3666 
3799 3666 3765 3766 3667 
3800 3667 3766 268 269 
3801 38 39 3767 3668 
3802 3668 3767 3768 3669 
3803 3669 3768 3769 3670 
3804 3670 3769 3770 3671 
3805 3671 3770 3771 3672 
3806 3672 3771 3772 3673 
3807 3673 3772 3773 3674 
3808 3674 3773 3774 3675 
3809 3675 3774 3775 3676 
3810 3676 3775 3776 3677 
3811 3677 3776 3777 3678 
3812 3678 3777 3778 3679 
3813 3679 3778 3779 3680 
3814 3680 3779 3780 3681 
3815 3681 3780 3781 3682 
3816 3682 3781 3782 3683 
3817 3683 3782 3783 3684 
3818 3684 3783 3784 3685 
3819 3685 3784 3785 3686 
3820 3686 3785 3786 3687 
3821 3687 3786 3787 3688 
3822 3688 3787 3788 3689 
3823 3689 3788 3789 3690 
3824 3690 3789 3790 3691 
3825 3691 3790 3791 3692 
3826 3692 3791 3792 3693 
3827 3693 3792 3793 3694 
3828 3694 3793 3794 3695 
3829 3695 3794 3795 3696 
3830 3696 3795 3796 3697 
3831 3697 3796 3797 3698 
3832 3698 3797 3798 3699 
3833 3699 3798 3799 3700 
3834 3700 3799 3800 3701 
3835 3701 3800 3801 3702 
3836 3702 3801 3802 3703 
3837 3703 3802 3803 3704 
3838 3704 3803 3804 3705 
3839 3705 3804 3805 3706 
3840 3706 3805 3806 3707 
3841 3707 3806 3807 3708 
3842 3708 3807 3808 3709 
3843 3709 3808 3809 3710 
3844 3710 3809 3810 3711 
3845 3711 3810 3811 3712 
3846 3712 3811 3812 3713 
3847 3713 3812 3813 3714 
3848 3714 3813 3814 3715 
3849 3715 3814 3815 3716 
3850 3716 3815 3816 3717 
3851 3717 3816 3817 3718 
3852 3718 3817 3818 3719 
3853 3719 3818 3819 3720 
3854 3720 3819 3820 3721 
3855 3721 3820 3821 3722 
3856 3722 3821 3822 3723 
3857 3723 3822 3823 3724 
3858 3724 3823 3824 3725 
3859 3725 3824 3825 3726 
3860 3726 3825 3826 3727 
3861 3727 3826 3827 3728 
3862 3728 3827 3828 3729 
3863 3729 3828 3829 3730 
3864 3730 3829 3830 3731 
3865 3731 3830 3831 3732 
3866 3732 3831 3832 3733 
3867 3733 3832 3833 3734 
3868 3734 3833 3834 3735 
3869 3735 3834 3835 3736 
3870 3736 3835 3836 3737 
3871 3737 3836 3837 3738 
3872 3738 3837 3838 3739 
3873 3739 3838 3839 3740 
3874 3740 3839 3840 3741 
3875 3741 3840 3841 3742 
3876 3742 3841 3842 3743 
3877 3743 3842 3843 3744 
3878 3744 3843 3844 3745 
3879 3745 3844 3845 3746 
3880 3746 3845 3846 3747 
3881 3747 3846 3847 3748 
3882 3748 3847 3848 3749 
3883 3749 3848 3849 3750 
3884 3750 3849 3850 3751 
3885 3751 3850 3851 3752 
3886 3752 3851 3852 3753 
3887 3753 3852 3853 3754 
3888 3754 3853 3854 3755 
3889 3755 3854 3855 3756 
3890 3756 3855 3856 3757 
3891 3757 3856 3857 3758 
3892 3758 3857 3858 3759 
3893 3759 3858 3859 3760 
3894 3760 3859 3860 3761 
3895 3761 3860 3861 3762 
3896 3762 3861 3862 3763 
3897 3763 3862 3863 3764 
3898 3764 3863 3864 3765 
3899 3765 3864 3865 3766 
3900 3766 3865 267 268 
3901 39 40 3866 3767 
3902 3767 3866 3867 3768 
3903 3768 3867 3868 3769 
3904 3769 3868 3869 3770 
3905 3770 3869 3870 3771 
3906 3771 3870 3871 3772 
3907 3772 3871 3872 3773 
3908 3773 3872 3873 3774 
3909 3774 3873 3874 3775 
3910 3775 3874 3875 3776 
3911 3776 3875 3876 3777 
3912 3777 3876 3877 3778 
3913 3778 3877 3878 3779 
3914 3779 3878 3879 3780 
3915 3780 3879 3880 3781 
3916 3781 3880 3881 3782 
3917 3782 3881 3882 3783 
3918 3783 3882 3883 3784 
3919 3784 3883 3884 3785 
3920 3785 3884 3885 3786 
3921 3786 3885 3886 3787 
3922 3787 3886 3887 3788 
3923 3788 3887 3888 3789 
3924 3789 3888 3889 3790 
3925 3790 3889 3890 3791 
3926 3791 3890 3891 3792 
3927 3792 3891 3892 3793 
3928 3793 3892 3893 3794 
3929 3794 3893 3894 3795 
3930 3795 3894 3895 3796 
3931 3796 3895 3896 3797 
3932 3797 3896 3897 3798 
3933 3798 3897 3898 3799 
3934 3799 3898 3899 3800 
3935 3800 3899 3900 3801 
3936 3801 3900 3901 3802 
3937 3802 3901 3902 3803 
3938 3803 3902 3903 3804 
3939 3804 3903 3904 3805 
3940 3805 3904 3905 3806 
3941 3806 3905 3906 3807 
3942 3807 3906 3907 3808 
3943 3808 3907 3908 3809 
3944 3809 3908 3909 3810 
3945 3810 3909 3910 3811 
3946 3811 3910 3911 3812 
3947 3812 3911 3912 3813 
3948 3813 3912 3913 3814 
3949 3814 3913 3914 3815 
3950 3815 3914 3915 3816 
3951 3816 3915 3916 3817 
3952 3817 3916 3917 3818 
3953 3818 3917 3918 3819 
3954 3819 3918 3919 3820 
3955 3820 3919 3920 3821 
3956 3821 3920 3921 3822 
3957 3822 3921 3922 3823 
3958 3823 3922 3923 3824 
3959 3824 3923 3924 3825 
3960 3825 3924 3925 3826 
3961 3826 3925 3926 3827 
3962 3827 3926 3927 3828 
3963 3828 3927 3928 3829 
3964 3829 3928 3929 3830 
3965 3830 3929 3930 3831 
3966 3831 3930 3931 3832 
3967 3832 3931 3932 3833 
3968 3833 3932 3933 3834 
3969 3834 3933 3934 3835 
3970 3835 3934 3935 3836 
3971 3836 3935 3936 3837 
3972 3837 3936 3937 3838 
3973 3838 3937 3938 3839 
3974 3839 3938 3939 3840 
3975 3840 3939 3940 3841 
3976 3841 3940 3941 3842 
3977 3842 3941 3942 3843 
3978 3843 3942 3943 3844 
3979 3844 3943 3944 3845 
3980 3845 3944 3945 3846 
3981 3846 3945 3946 3847 
3982 3847 3946 3947 3848 
3983 3848 3947 3948 3849 
3984 3849 3948 3949 3850 
3985 3850 3949 3950 3851 
3986 3851 3950 3951 3852 
3987 3852 3951 3952 3853 
3988 3853 3952 3953 3854 
3989 3854 3953 3954 3855 
3990 3855 3954 3955 3856 
3991 3856 3955 3956 3857 
3992 3857 3956 3957 3858 
3993 3858 3957 3958 3859 
3994 3859 3958 3959 3860 
3995 3860 3959 3960 3861 
3996 3861 3960 3961 3862 
3997 3862 3961 3962 3863 
3998 3863 3962 3963 3864 
3999 3864 3963 3964 3865 
4000 3865 3964 266 267 
4001 40 41 3965 3866 
4002 3866 3965 3966 3867 
4003 3867 3966 3967 3868 
4004 3868 3967 3968 3869 
4005 3869 3968 3969 3870 
4006 3870 3969 3970 3871 
4007 3871 3970 3971 3872 
4008 3872 3971 3972 3873 
4009 3873 3972 3973 3874 
4010 3874 3973 3974 3875 
4011 3875 3974 3975 3876 
4012 3876 3975 3976 3877 
4013 3877 3976 3977 3878 
4014 3878 3977 3978 3879 
4015 3879 3978 3979 3880 
4016 3880 3979 3980 3881 
4017 3881 3980 3981 3882 
4018 3882 3981 3982 3883 
4019 3883 3982 3983 3884 
4020 3884 3983 3984 3885 
4021 3885 3984 3985 3886 
4022 3886 3985 3986 3887 
4023 3887 3986 3987 3888 
4024 3888 3987 3988 3889 
4025 3889 3988 3989 3890 
4026 3890 3989 3990 3891 
4027 3891 3990 3991 3892 
4028 3892 3991 3992 3893 
4029 3893 3992 3993 3894 
4030 3894 3993 3994 3895 
4031 3895 3994 3995 3896 
4032 3896 3995 3996 3897 
4033 3897 3996 3997 3898 
4034 3898 3997 3998 3899 
4035 3899 3998 3999 3900 
4036 3900 3999 4000 3901 
4037 3901 4000 4001 3902 
4038 3902 4001 4002 3903 
4039 3903 4002 4003 3904 
4040 3904 4003 4004 3905 
4041 3905 4004 4005 3906 
4042 3906 4005 4006 3907 
4043 3907 4006 4007 3908 
4044 3908 4007 4008 3909 
4045 3909 4008 4009 3910 
4046 3910 4009 4010 3911 
4047 3911 4010 4011 3912 
4048 3912 4011 4012 3913 
4049 3913 4012 4013 3914 
4050 3914 4013 4014 3915 
4051 3915 4014 4015 3916 
4052 3916 4015 4016 3917 
4053 3917 4016 4017 3918 
4054 3918 4017 4018 3919 
4055 3919 4018 4019 3920 
4056 3920 4019 4020 3921 
4057 3921 4020 4021 3922 
4058 3922 4021 4022 3923 
4059 3923 4022 4023 3924 
4060 3924 4023 4024 3925 
4061 3925 4024 4025 3926 
4062 3926 4025 4026 3927 
4063 3927 4026 4027 3928 
4064 3928 4027 4028 3929 
4065 3929 4028 4029 3930 
4066 3930 4029 4030 3931 
4067 3931 4030 4031 3932 
4068 3932 4031 4032 3933 
4069 3933 4032 4033 3934 
4070 3934 4033 4034 3935 
4071 3935 4034 4035 3936 
4072 3936 4035 4036 3937 
4073 3937 4036 4037 3938 
4074 3938 4037 4038 3939 
4075 3939 4038 4039 3940 
4076 3940 4039 4040 3941 
4077 3941 4040 4041 3942 
4078 3942 4041 4042 3943 
4079 3943 4042 4043 3944 
4080 3944 4043 4044 3945 
4081 3945 4044 4045 3946 
4082 3946 4045 4046 3947 
4083 3947 4046 4047 3948 
4084 3948 4047 4048 3949 
4085 3949 4048 4049 3950 
4086 3950 4049 4050 3951 
4087 3951 4050 4051 3952 
4088 3952 4051 4052 3953 
4089 3953 4052 4053 3954 
4090 3954 4053 4054 3955 
4091 3955 4054 4055 3956 
4092 3956 4055 4056 3957 
4093 3957 4056 4057 3958 
4094 3958 4057 4058 3959 
4095 3959 4058 4059 3960 
4096 3960 4059 4060 3961 
4097 3961 4060 4061 3962 
4098 3962 4061 4062 3963 
4099 3963 4062 4063 3964 
4100 3964 4063 265 266 
4101 41 42 4064 3965 
4102 3965 4064 4065 3966 
4103 3966 4065 4066 3967 
4104 3967 4066 4067 3968 
4105 3968 4067 4068 3969 
4106 3969 4068 4069 3970 
4107 3970 4069 4070 3971 
4108 3971 4070 4071 3972 
4109 3972 4071 4072 3973 
4110 3973 4072 4073 3974 
4111 3974 4073 4074 3975 
4112 3975 4074 4075 3976 
4113 3976 4075 4076 3977 
4114 3977 4076 4077 3978 
4115 3978 4077 4078 3979 
4116 3979 4078 4079 3980 
4117 3980 4079 4080 3981 
4118 3981 4080 4081 3982 
4119 3982 4081 4082 3983 
4120 3983 4082 4083 3984 
4121 3984 4083 4084 3985 
4122 3985 4084 4085 3986 
4123 3986 4085 4086 3987 
4124 3987 4086 4087 3988 
4125 3988 4087 4088 3989 
4126 3989 4088 4089 3990 
4127 3990 4089 4090 3991 
4128 3991 4090 4091 3992 
4129 3992 4091 4092 3993 
4130 3993 4092 4093 3994 
4131 3994 4093 4094 3995 
4132 3995 4094 4095 3996 
4133 3996 4095 4096 3997 
4134 3997 4096 4097 3998 
4135 3998 4097 4098 3999 
4136 3999 4098 4099 4000 
4137 4000 4099 4100 4001 
4138 4001 4100 4101 4002 
4139 4002 4101 4102 4003 
4140 4003 4102 4103 4004 
4141 4004 4103 4104 4005 
4142 4005 4104 4105 4006 
4143 4006 4105 4106 4007 
4144 4007 4106 4107 4008 
4145 4008 4107 4108 4009 
4146 4009 4108 4109 4010 
4147 4010 4109 4110 4011 
4148 4011 4110 4111 4012 
4149 4012 4111 4112 4013 
4150 4013 4112 4113 4014 
4151 4014 4113 4114 4015 
4152 4015 4114 4115 4016 
4153 4016 4115 4116 4017 
4154 4017 4116 4117 4018 
4155 4018 4117 4118 4019 
4156 4019 4118 4119 4020 
4157 4020 4119 4120 4021 
4158 4021 4120 4121 4022 
4159 4022 4121 4122 4023 
4160 4023 4122 4123 4024 
4161 4024 4123 4124 4025 
4162 4025 4124 4125 4026 
4163 4026 4125 4126 4027 
4164 4027 4126 4127 4028 
4165 4028 4127 4128 4029 
4166 4029 4128 4129 4030 
4167 4030 4129 4130 4031 
4168 4031 4130 4131 4032 
4169 4032 4131 4132 4033 
4170 4033 4132 4133 4034 
4171 4034 4133 4134 4035 
4172 4035 4134 4135 4036 
4173 4036 4135 4136 4037 
4174 4037 4136 4137 4038 
4175 4038 4137 4138 4039 
4176 4039 4138 4139 4040 
4177 4040 4139 4140 4041 
4178 4041 4140 4141 4042 
4179 4042 4141 4142 4043 
4180 4043 4142 4143 4044 
4181 4044 4143 4144 4045 
4182 4045 4144 4145 4046 
4183 4046 4145 4146 4047 
4184 4047 4146 4147 4048 
4185 4048 4147 4148 4049 
4186 4049 4148 4149 4050 
4187 4050 4149 4150 4051 
4188 4051 4150 4151 4052 
4189 4052 4151 4152 4053 
4190 4053 4152 4153 4054 
4191 4054 4153 4154 4055 
4192 4055 4154 4155 4056 
4193 4056 4155 4156 4057 
4194 4057 4156 4157 4058 
4195 4058 4157 4158 4059 
4196 4059 4158 4159 4060 
4197 4060 4159 4160 4061 
4198 4061 4160 4161 4062 
4199 4062 4161 4162 4063 
4200 4063 4162 264 265 
4201 42 43 4163 4064 
4202 4064 4163 4164 4065 
4203 4065 4164 4165 4066 
4204 4066 4165 4166 4067 
4205 4067 4166 4167 4068 
4206 4068 4167 4168 4069 
4207 4069 4168 4169 4070 
4208 4070 4169 4170 4071 
4209 4071 4170 4171 4072 
4210 4072 4171 4172 4073 
4211 4073 4172 4173 4074 
4212 4074 4173 4174 4075 
4213 4075 4174 4175 4076 
4214 4076 4175 4176 4077 
4215 4077 4176 4177 4078 
4216 4078 4177 4178 4079 
4217 4079 4178 4179 4080 
4218 4080 4179 4180 4081 
4219 4081 4180 4181 4082 
4220 4082 4181 4182 4083 
4221 4083 4182 4183 4084 
4222 4084 4183 4184 4085 
4223 4085 4184 4185 4086 
4224 4086 4185 4186 4087 
4225 4087 4186 4187 4088 
4226 4088 4187 4188 4089 
4227 4089 4188 4189 4090 
4228 4090 4189 4190 4091 
4229 4091 4190 4191 4092 
4230 4092 4191 4192 4093 
4231 4093 4192 4193 4094 
4232 4094 4193 4194 4095 
4233 4095 4194 4195 4096 
4234 4096 4195 4196 4097 
4235 4097 4196 4197 4098 
4236 4098 4197 4198 4099 
4237 4099 4198 4199 4100 
4238 4100 4199 4200 4101 
4239 4101 4200 4201 4102 
4240 4102 4201 4202 4103 
4241 4103 4202 4203 4104 
4242 4104 4203 4204 4105 
4243 4105 4204 4205 4106 
4244 4106 4205 4206 4107 
4245 4107 4206 4207 4108 
4246 4108 4207 4208 4109 
4247 4109 4208 4209 4110 
4248 4110 4209 4210 4111 
4249 4111 4210 4211 4112 
4250 4112 4211 4212 4113 
4251 4113 4212 4213 4114 
4252 4114 4213 4214 4115 
4253 4115 4214 4215 4116 
4254 4116 4215 4216 4117 
4255 4117 4216 4217 4118 
4256 4118 4217 4218 4119 
4257 4119 4218 4219 4120 
4258 4120 4219 4220 4121 
4259 4121 4220 4221 4122 
4260 4122 4221 4222 4123 
4261 4123 4222 4223 4124 
4262 4124 4223 4224 4125 
4263 4125 4224 4225 4126 
4264 4126 4225 4226 4127 
4265 4127 4226 4227 4128 
4266 4128 4227 4228 4129 
4267 4129 4228 4229 4130 
4268 4130 4229 4230 4131 
4269 4131 4230 4231 4132 
4270 4132 4231 4232 4133 
4271 4133 4232 4233 4134 
4272 4134 4233 4234 4135 
4273 4135 4234 4235 4136 
4274 4136 4235 4236 4137 
4275 4137 4236 4237 4138 
4276 4138 4237 4238 4139 
4277 4139 4238 4239 4140 
4278 4140 4239 4240 4141 
4279 4141 4240 4241 4142 
4280 4142 4241 4242 4143 
4281 4143 4242 4243 4144 
4282 4144 4243 4244 4145 
4283 4145 4244 4245 4146 
4284 4146 4245 4246 4147 
4285 4147 4246 4247 4148 
4286 4148 4247 4248 4149 
4287 4149 4248 4249 4150 
4288 4150 4249 4250 4151 
4289 4151 4250 4251 4152 
4290 4152 4251 4252 4153 
4291 4153 4252 4253 4154 
4292 4154 4253 4254 4155 
4293 4155 4254 4255 4156 
4294 4156 4255 4256 4157 
4295 4157 4256 4257 4158 
4296 4158 4257 4258 4159 
4297 4159 4258 4259 4160 
4298 4160 4259 4260 4161 
4299 4161 4260 4261 4162 
4300 4162 4261 263 264 
4301 43 44 4262 4163 
4302 4163 4262 4263 4164 
4303 4164 4263 4264 4165 
4304 4165 4264 4265 4166 
4305 4166 4265 4266 4167 
4306 4167 4266 4267 4168 
4307 4168 4267 4268 4169 
4308 4169 4268 4269 4170 
4309 4170 4269 4270 4171 
4310 4171 4270 4271 4172 
4311 4172 4271 4272 4173 
4312 4173 4272 4273 4174 
4313 4174 4273 4274 4175 
4314 4175 4274 4275 4176 
4315 4176 4275 4276 4177 
4316 4177 4276 4277 4178 
4317 4178 4277 4278 4179 
4318 4179 4278 4279 4180 
4319 4180 4279 4280 4181 
4320 4181 4280 4281 4182 
4321 4182 4281 4282 4183 
4322 4183 4282 4283 4184 
4323 4184 4283 4284 4185 
4324 4185 4284 4285 4186 
4325 4186 4285 4286 4187 
4326 4187 4286 4287 4188 
4327 4188 4287 4288 4189 
4328 4189 4288 4289 4190 
4329 4190 4289 4290 4191 
4330 4191 4290 4291 4192 
4331 4192 4291 4292 4193 
4332 4193 4292 4293 4194 
4333 4194 4293 4294 4195 
4334 4195 4294 4295 4196 
4335 4196 4295 4296 4197 
4336 4197 4296 4297 4198 
4337 4198 4297 4298 4199 
4338 4199 4298 4299 4200 
4339 4200 4299 4300 4201 
4340 4201 4300 4301 4202 
4341 4202 4301 4302 4203 
4342 4203 4302 4303 4204 
4343 4204 4303 4304 4205 
4344 4205 4304 4305 4206 
4345 4206 4305 4306 4207 
4346 4207 4306 4307 4208 
4347 4208 4307 4308 4209 
4348 4209 4308 4309 4210 
4349 4210 4309 4310 4211 
4350 4211 4310 4311 4212 
4351 4212 4311 4312 4213 
4352 4213 4312 4313 4214 
4353 4214 4313 4314 4215 
4354 4215 4314 4315 4216 
4355 4216 4315 4316 4217 
4356 4217 4316 4317 4218 
4357 4218 4317 4318 4219 
4358 4219 4318 4319 4220 
4359 4220 4319 4320 4221 
4360 4221 4320 4321 4222 
4361 4222 4321 4322 4223 
4362 4223 4322 4323 4224 
4363 4224 4323 4324 4225 
4364 4225 4324 4325 4226 
4365 4226 4325 4326 4227 
4366 4227 4326 4327 4228 
4367 4228 4327 4328 4229 
4368 4229 4328 4329 4230 
4369 4230 4329 4330 4231 
4370 4231 4330 4331 4232 
4371 4232 4331 4332 4233 
4372 4233 4332 4333 4234 
4373 4234 4333 4334 4235 
4374 4235 4334 4335 4236 
4375 4236 4335 4336 4237 
4376 4237 4336 4337 4238 
4377 4238 4337 4338 4239 
4378 4239 4338 4339 4240 
4379 4240 4339 4340 4241 
4380 4241 4340 4341 4242 
4381 4242 4341 4342 4243 
4382 4243 4342 4343 4244 
4383 4244 4343 4344 4245 
4384 4245 4344 4345 4246 
4385 4246 4345 4346 4247 
4386 4247 4346 4347 4248 
4387 4248 4347 4348 4249 
4388 4249 4348 4349 4250 
4389 4250 4349 4350 4251 
4390 4251 4350 4351 4252 
4391 4252 4351 4352 4253 
4392 4253 4352 4353 4254 
4393 4254 4353 4354 4255 
4394 4255 4354 4355 4256 
4395 4256 4355 4356 4257 
4396 4257 4356 4357 4258 
4397 4258 4357 4358 4259 
4398 4259 4358 4359 4260 
4399 4260 4359 4360 4261 
4400 4261 4360 262 263 
4401 44 45 4361 4262 
4402 4262 4361 4362 4263 
4403 4263 4362 4363 4264 
4404 4264 4363 4364 4265 
4405 4265 4364 4365 4266 
4406 4266 4365 4366 4267 
4407 4267 4366 4367 4268 
4408 4268 4367 4368 4269 
4409 4269 4368 4369 4270 
4410 4270 4369 4370 4271 
4411 4271 4370 4371 4272 
4412 4272 4371 4372 4273 
4413 4273 4372 4373 4274 
4414 4274 4373 4374 4275 
4415 4275 4374 4375 4276 
4416 4276 4375 4376 4277 
4417 4277 4376 4377 4278 
4418 4278 4377 4378 4279 
4419 4279 4378 4379 4280 
4420 4280 4379 4380 4281 
4421 4281 4380 4381 4282 
4422 4282 4381 4382 4283 
4423 4283 4382 4383 4284 
4424 4284 4383 4384 4285 
4425 4285 4384 4385 4286 
4426 4286 4385 4386 4287 
4427 4287 4386 4387 4288 
4428 4288 4387 4388 4289 
4429 4289 4388 4389 4290 
4430 4290 4389 4390 4291 
4431 4291 4390 4391 4292 
4432 4292 4391 4392 4293 
4433 4293 4392 4393 4294 
4434 4294 4393 4394 4295 
4435 4295 4394 4395 4296 
4436 4296 4395 4396 4297 
4437 4297 4396 4397 4298 
4438 4298 4397 4398 4299 
4439 4299 4398 4399 4300 
4440 4300 4399 4400 4301 
4441 4301 4400 4401 4302 
4442 4302 4401 4402 4303 
4443 4303 4402 4403 4304 
4444 4304 4403 4404 4305 
4445 4305 4404 4405 4306 
4446 4306 4405 4406 4307 
4447 4307 4406 4407 4308 
4448 4308 4407 4408 4309 
4449 4309 4408 4409 4310 
4450 4310 4409 4410 4311 
4451 4311 4410 4411 4312 
4452 4312 4411 4412 4313 
4453 4313 4412 4413 4314 
4454 4314 4413 4414 4315 
4455 4315 4414 4415 4316 
4456 4316 4415 4416 4317 
4457 4317 4416 4417 4318 
4458 4318 4417 4418 4319 
4459 4319 4418 4419 4320 
4460 4320 4419 4420 4321 
4461 4321 4420 4421 4322 
4462 4322 4421 4422 4323 
4463 4323 4422 4423 4324 
4464 4324 4423 4424 4325 
4465 4325 4424 4425 4326 
4466 4326 4425 4426 4327 
4467 4327 4426 4427 4328 
4468 4328 4427 4428 4329 
4469 4329 4428 4429 4330 
4470 4330 4429 4430 4331 
4471 4331 4430 4431 4332 
4472 4332 4431 4432 4333 
4473 4333 4432 4433 4334 
4474 4334 4433 4434 4335 
4475 4335 4434 4435 4336 
4476 4336 4435 4436 4337 
4477 4337 4436 4437 4338 
4478 4338 4437 4438 4339 
4479 4339 4438 4439 4340 
4480 4340 4439 4440 4341 
4481 4341 4440 4441 4342 
4482 4342 4441 4442 4343 
4483 4343 4442 4443 4344 
4484 4344 4443 4444 4345 
4485 4345 4444 4445 4346 
4486 4346 4445 4446 4347 
4487 4347 4446 4447 4348 
4488 4348 4447 4448 4349 
4489 4349 4448 4449 4350 
4490 4350 4449 4450 4351 
4491 4351 4450 4451 4352 
4492 4352 4451 4452 4353 
4493 4353 4452 4453 4354 
4494 4354 4453 4454 4355 
4495 4355 4454 4455 4356 
4496 4356 4455 4456 4357 
4497 4357 4456 4457 4358 
4498 4358 4457 4458 4359 
4499 4359 4458 4459 4360 
4500 4360 4459 261 262 
4501 45 46 4460 4361 
4502 4361 4460 4461 4362 
4503 4362 4461 4462 4363 
4504 4363 4462 4463 4364 
4505 4364 4463 4464 4365 
4506 4365 4464 4465 4366 
4507 4366 4465 4466 4367 
4508 4367 4466 4467 4368 
4509 4368 4467 4468 4369 
4510 4369 4468 4469 4370 
4511 4370 4469 4470 4371 
4512 4371 4470 4471 4372 
4513 4372 4471 4472 4373 
4514 4373 4472 4473 4374 
4515 4374 4473 4474 4375 
4516 4375 4474 4475 4376 
4517 4376 4475 4476 4377 
4518 4377 4476 4477 4378 
4519 4378 4477 4478 4379 
4520 4379 4478 4479 4380 
4521 4380 4479 4480 4381 
4522 4381 4480 4481 4382 
4523 4382 4481 4482 4383 
4524 4383 4482 4483 4384 
4525 4384 4483 4484 4385 
4526 4385 4484 4485 4386 
4527 4386 4485 4486 4387 
4528 4387 4486 4487 4388 
4529 4388 4487 4488 4389 
4530 4389 4488 4489 4390 
4531 4390 4489 4490 4391 
4532 4391 4490 4491 4392 
4533 4392 4491 4492 4393 
4534 4393 4492 4493 4394 
4535 4394 4493 4494 4395 
4536 4395 4494 4495 4396 
4537 4396 4495 4496 4397 
4538 4397 4496 4497 4398 
4539 4398 4497 4498 4399 
4540 4399 4498 4499 4400 
4541 4400 4499 4500 4401 
4542 4401 4500 4501 4402 
4543 4402 4501 4502 4403 
4544 4403 4502 4503 4404 
4545 4404 4503 4504 4405 
4546 4405 4504 4505 4406 
4547 4406 4505 4506 4407 
4548 4407 4506 4507 4408 
4549 4408 4507 4508 4409 
4550 4409 4508 4509 4410 
4551 4410 4509 4510 4411 
4552 4411 4510 4511 4412 
4553 4412 4511 4512 4413 
4554 4413 4512 4513 4414 
4555 4414 4513 4514 4415 
4556 4415 4514 4515 4416 
4557 4416 4515 4516 4417 
4558 4417 4516 4517 4418 
4559 4418 4517 4518 4419 
4560 4419 4518 4519 4420 
4561 4420 4519 4520 4421 
4562 4421 4520 4521 4422 
4563 4422 4521 4522 4423 
4564 4423 4522 4523 4424 
4565 4424 4523 4524 4425 
4566 4425 4524 4525 4426 
4567 4426 4525 4526 4427 
4568 4427 4526 4527 4428 
4569 4428 4527 4528 4429 
4570 4429 4528 4529 4430 
4571 4430 4529 4530 4431 
4572 4431 4530 4531 4432 
4573 4432 4531 4532 4433 
4574 4433 4532 4533 4434 
4575 4434 4533 4534 4435 
4576 4435 4534 4535 4436 
4577 4436 4535 4536 4437 
4578 4437 4536 4537 4438 
4579 4438 4537 4538 4439 
4580 4439 4538 4539 4440 
4581 4440 4539 4540 4441 
4582 4441 4540 4541 4442 
4583 4442 4541 4542 4443 
4584 4443 4542 4543 4444 
4585 4444 4543 4544 4445 
4586 4445 4544 4545 4446 
4587 4446 4545 4546 4447 
4588 4447 4546 4547 4448 
4589 4448 4547 4548 4449 
4590 4449 4548 4549 4450 
4591 4450 4549 4550 4451 
4592 4451 4550 4551 4452 
4593 4452 4551 4552 4453 
4594 4453 4552 4553 4454 
4595 4454 4553 4554 4455 
4596 4455 4554 4555 4456 
4597 4456 4555 4556 4457 
4598 4457 4556 4557 4458 
4599 4458 4557 4558 4459 
4600 4459 4558 260 261 
4601 46 47 4559 4460 
4602 4460 4559 4560 4461 
4603 4461 4560 4561 4462 
4604 4462 4561 4562 4463 
4605 4463 4562 4563 4464 
4606 4464 4563 4564 4465 
4607 4465 4564 4565 4466 
4608 4466 4565 4566 4467 
4609 4467 4566 4567 4468 
4610 4468 4567 4568 4469 
4611 4469 4568 4569 4470 
4612 4470 4569 4570 4471 
4613 4471 4570 4571 4472 
4614 4472 4571 4572 4473 
4615 4473 4572 4573 4474 
4616 4474 4573 4574 4475 
4617 4475 4574 4575 4476 
4618 4476 4575 4576 4477 
4619 4477 4576 4577 4478 
4620 4478 4577 4578 4479 
4621 4479 4578 4579 4480 
4622 4480 4579 4580 4481 
4623 4481 4580 4581 4482 
4624 4482 4581 4582 4483 
4625 4483 4582 4583 4484 
4626 4484 4583 4584 4485 
4627 4485 4584 4585 4486 
4628 4486 4585 4586 4487 
4629 4487 4586 4587 4488 
4630 4488 4587 4588 4489 
4631 4489 4588 4589 4490 
4632 4490 4589 4590 4491 
4633 4491 4590 4591 4492 
4634 4492 4591 4592 4493 
4635 4493 4592 4593 4494 
4636 4494 4593 4594 4495 
4637 4495 4594 4595 4496 
4638 4496 4595 4596 4497 
4639 4497 4596 4597 4498 
4640 4498 4597 4598 4499 
4641 4499 4598 4599 4500 
4642 4500 4599 4600 4501 
4643 4501 4600 4601 4502 
4644 4502 4601 4602 4503 
4645 4503 4602 4603 4504 
4646 4504 4603 4604 4505 
4647 4505 4604 4605 4506 
4648 4506 4605 4606 4507 
4649 4507 4606 4607 4508 
4650 4508 4607 4608 4509 
4651 4509 4608 4609 4510 
4652 4510 4609 4610 4511 
4653 4511 4610 4611 4512 
4654 4512 4611 4612 4513 
4655 4513 4612 4613 4514 
4656 4514 4613 4614 4515 
4657 4515 4614 4615 4516 
4658 4516 4615 4616 4517 
4659 4517 4616 4617 4518 
4660 4518 4617 4618 4519 
4661 4519 4618 4619 4520 
4662 4520 4619 4620 4521 
4663 4521 4620 4621 4522 
4664 4522 4621 4622 4523 
4665 4523 4622 4623 4524 
4666 4524 4623 4624 4525 
4667 4525 4624 4625 4526 
4668 4526 4625 4626 4527 
4669 4527 4626 4627 4528 
4670 4528 4627 4628 4529 
4671 4529 4628 4629 4530 
4672 4530 4629 4630 4531 
4673 4531 4630 4631 4532 
4674 4532 4631 4632 4533 
4675 4533 4632 4633 4534 
4676 4534 4633 4634 4535 
4677 4535 4634 4635 4536 
4678 4536 4635 4636 4537 
4679 4537 4636 4637 4538 
4680 4538 4637 4638 4539 
4681 4539 4638 4639 4540 
4682 4540 4639 4640 4541 
4683 4541 4640 4641 4542 
4684 4542 4641 4642 4543 
4685 4543 4642 4643 4544 
4686 4544 4643 4644 4545 
4687 4545 4644 4645 4546 
4688 4546 4645 4646 4547 
4689 4547 4646 4647 4548 
4690 4548 4647 4648 4549 
4691 4549 4648 4649 4550 
4692 4550 4649 4650 4551 
4693 4551 4650 4651 4552 
4694 4552 4651 4652 4553 
4695 4553 4652 4653 4554 
4696 4554 4653 4654 4555 
4697 4555 4654 4655 4556 
4698 4556 4655 4656 4557 
4699 4557 4656 4657 4558 
4700 4558 4657 259 260 
4701 47 48 4658 4559 
4702 4559 4658 4659 4560 
4703 4560 4659 4660 4561 
4704 4561 4660 4661 4562 
4705 4562 4661 4662 4563 
4706 4563 4662 4663 4564 
4707 4564 4663 4664 4565 
4708 4565 4664 4665 4566 
4709 4566 4665 4666 4567 
4710 4567 4666 4667 4568 
4711 4568 4667 4668 4569 
4712 4569 4668 4669 4570 
4713 4570 4669 4670 4571 
4714 4571 4670 4671 4572 
4715 4572 4671 4672 4573 
4716 4573 4672 4673 4574 
4717 4574 4673 4674 4575 
4718 4575 4674 4675 4576 
4719 4576 4675 4676 4577 
4720 4577 4676 4677 4578 
4721 4578 4677 4678 4579 
4722 4579 4678 4679 4580 
4723 4580 4679 4680 4581 
4724 4581 4680 4681 4582 
4725 4582 4681 4682 4583 
4726 4583 4682 4683 4584 
4727 4584 4683 4684 4585 
4728 4585 4684 4685 4586 
4729 4586 4685 4686 4587 
4730 4587 4686 4687 4588 
4731 4588 4687 4688 4589 
4732 4589 4688 4689 4590 
4733 4590 4689 4690 4591 
4734 4591 4690 4691 4592 
4735 4592 4691 4692 4593 
4736 4593 4692 4693 4594 
4737 4594 4693 4694 4595 
4738 4595 4694 4695 4596 
4739 4596 4695 4696 4597 
4740 4597 4696 4697 4598 
4741 4598 4697 4698 4599 
4742 4599 4698 4699 4600 
4743 4600 4699 4700 4601 
4744 4601 4700 4701 4602 
4745 4602 4701 4702 4603 
4746 4603 4702 4703 4604 
4747 4604 4703 4704 4605 
4748 4605 4704 4705 4606 
4749 4606 4705 4706 4607 
4750 4607 4706 4707 4608 
4751 4608 4707 4708 4609 
4752 4609 4708 4709 4610 
4753 4610 4709 4710 4611 
4754 4611 4710 4711 4612 
4755 4612 4711 4712 4613 
4756 4613 4712 4713 4614 
4757 4614 4713 4714 4615 
4758 4615 4714 4715 4616 
4759 4616 4715 4716 4617 
4760 4617 4716 4717 4618 
4761 4618 4717 4718 4619 
4762 4619 4718 4719 4620 
4763 4620 4719 4720 4621 
4764 4621 4720 4721 4622 
4765 4622 4721 4722 4623 
4766 4623 4722 4723 4624 
4767 4624 4723 4724 4625 
4768 4625 4724 4725 4626 
4769 4626 4725 4726 4627 
4770 4627 4726 4727 4628 
4771 4628 4727 4728 4629 
4772 4629 4728 4729 4630 
4773 4630 4729 4730 4631 
4774 4631 4730 4731 4632 
4775 4632 4731 4732 4633 
4776 4633 4732 4733 4634 
4777 4634 4733 4734 4635 
4778 4635 4734 4735 4636 
4779 4636 4735 4736 4637 
4780 4637 4736 4737 4638 
4781 4638 4737 4738 4639 
4782 4639 4738 4739 4640 
4783 4640 4739 4740 4641 
4784 4641 4740 4741 4642 
4785 4642 4741 4742 4643 
4786 4643 4742 4743 4644 
4787 4644 4743 4744 4645 
4788 4645 4744 4745 4646 
4789 4646 4745 4746 4647 
4790 4647 4746 4747 4648 
4791 4648 4747 4748 4649 
4792 4649 4748 4749 4650 
4793 4650 4749 4750 4651 
4794 4651 4750 4751 4652 
4795 4652 4751 4752 4653 
4796 4653 4752 4753 4654 
4797 4654 4753 4754 4655 
4798 4655 4754 4755 4656 
4799 4656 4755 4756 4657 
4800 4657 4756 258 259 
4801 48 49 4757 4658 
4802 4658 4757 4758 4659 
4803 4659 4758 4759 4660 
4804 4660 4759 4760 4661 
4805 4661 4760 4761 4662 
4806 4662 4761 4762 4663 
4807 4663 4762 4763 4664 
4808 4664 4763 4764 4665 
4809 4665 4764 4765 4666 
4810 4666 4765 4766 4667 
4811 4667 4766 4767 4668 
4812 4668 4767 4768 4669 
4813 4669 4768 4769 4670 
4814 4670 4769 4770 4671 
4815 4671 4770 4771 4672 
4816 4672 4771 4772 4673 
4817 4673 4772 4773 4674 
4818 4674 4773 4774 4675 
4819 4675 4774 4775 4676 
4820 4676 4775 4776 4677 
4821 4677 4776 4777 4678 
4822 4678 4777 4778 4679 
4823 4679 4778 4779 4680 
4824 4680 4779 4780 4681 
4825 4681 4780 4781 4682 
4826 4682 4781 4782 4683 
4827 4683 4782 4783 4684 
4828 4684 4783 4784 4685 
4829 4685 4784 4785 4686 
4830 4686 4785 4786 4687 
4831 4687 4786 4787 4688 
4832 4688 4787 4788 4689 
4833 4689 4788 4789 4690 
4834 4690 4789 4790 4691 
4835 4691 4790 4791 4692 
4836 4692 4791 4792 4693 
4837 4693 4792 4793 4694 
4838 4694 4793 4794 4695 
4839 4695 4794 4795 4696 
4840 4696 4795 4796 4697 
4841 4697 4796 4797 4698 
4842 4698 4797 4798 4699 
4843 4699 4798 4799 4700 
4844 4700 4799 4800 4701 
4845 4701 4800 4801 4702 
4846 4702 4801 4802 4703 
4847 4703 4802 4803 4704 
4848 4704 4803 4804 4705 
4849 4705 4804 4805 4706 
4850 4706 4805 4806 4707 
4851 4707 4806 4807 4708 
4852 4708 4807 4808 4709 
4853 4709 4808 4809 4710 
4854 4710 4809 4810 4711 
4855 4711 4810 4811 4712 
4856 4712 4811 4812 4713 
4857 4713 4812 4813 4714 
4858 4714 4813 4814 4715 
4859 4715 4814 4815 4716 
4860 4716 4815 4816 4717 
4861 4717 4816 4817 4718 
4862 4718 4817 4818 4719 
4863 4719 4818 4819 4720 
4864 4720 4819 4820 4721 
4865 4721 4820 4821 4722 
4866 4722 4821 4822 4723 
4867 4723 4822 4823 4724 
4868 4724 4823 4824 4725 
4869 4725 4824 4825 4726 
4870 4726 4825 4826 4727 
4871 4727 4826 4827 4728 
4872 4728 4827 4828 4729 
4873 4729 4828 4829 4730 
4874 4730 4829 4830 4731 
4875 4731 4830 4831 4732 
4876 4732 4831 4832 4733 
4877 4733 4832 4833 4734 
4878 4734 4833 4834 4735 
4879 4735 4834 4835 4736 
4880 4736 4835 4836 4737 
4881 4737 4836 4837 4738 
4882 4738 4837 4838 4739 
4883 4739 4838 4839 4740 
4884 4740 4839 4840 4741 
4885 4741 4840 4841 4742 
4886 4742 4841 4842 4743 
4887 4743 4842 4843 4744 
4888 4744 4843 4844 4745 
4889 4745 4844 4845 4746 
4890 4746 4845 4846 4747 
4891 4747 4846 4847 4748 
4892 4748 4847 4848 4749 
4893 4749 4848 4849 4750 
4894 4750 4849 4850 4751 
4895 4751 4850 4851 4752 
4896 4752 4851 4852 4753 
4897 4753 4852 4853 4754 
4898 4754 4853 4854 4755 
4899 4755 4854 4855 4756 
4900 4756 4855 257 258 
4901 49 50 4856 4757 
4902 4757 4856 4857 4758 
4903 4758 4857 4858 4759 
4904 4759 4858 4859 4760 
4905 4760 4859 4860 4761 
4906 4761 4860 4861 4762 
4907 4762 4861 4862 4763 
4908 4763 4862 4863 4764 
4909 4764 4863 4864 4765 
4910 4765 4864 4865 4766 
4911 4766 4865 4866 4767 
4912 4767 4866 4867 4768 
4913 4768 4867 4868 4769 
4914 4769 4868 4869 4770 
4915 4770 4869 4870 4771 
4916 4771 4870 4871 4772 
4917 4772 4871 4872 4773 
4918 4773 4872 4873 4774 
4919 4774 4873 4874 4775 
4920 4775 4874 4875 4776 
4921 4776 4875 4876 4777 
4922 4777 4876 4877 4778 
4923 4778 4877 4878 4779 
4924 4779 4878 4879 4780 
4925 4780 4879 4880 4781 
4926 4781 4880 4881 4782 
4927 4782 4881 4882 4783 
4928 4783 4882 4883 4784 
4929 4784 4883 4884 4785 
4930 4785 4884 4885 4786 
4931 4786 4885 4886 4787 
4932 4787 4886 4887 4788 
4933 4788 4887 4888 4789 
4934 4789 4888 4889 4790 
4935 4790 4889 4890 4791 
4936 4791 4890 4891 4792 
4937 4792 4891 4892 4793 
4938 4793 4892 4893 4794 
4939 4794 4893 4894 4795 
4940 4795 4894 4895 4796 
4941 4796 4895 4896 4797 
4942 4797 4896 4897 4798 
4943 4798 4897 4898 4799 
4944 4799 4898 4899 4800 
4945 4800 4899 4900 4801 
4946 4801 4900 4901 4802 
4947 4802 4901 4902 4803 
4948 4803 4902 4903 4804 
4949 4804 4903 4904 4805 
4950 4805 4904 4905 4806 
4951 4806 4905 4906 4807 
4952 4807 4906 4907 4808 
4953 4808 4907 4908 4809 
4954 4809 4908 4909 4810 
4955 4810 4909 4910 4811 
4956 4811 4910 4911 4812 
4957 4812 4911 4912 4813 
4958 4813 4912 4913 4814 
4959 4814 4913 4914 4815 
4960 4815 4914 4915 4816 
4961 4816 4915 4916 4817 
4962 4817 4916 4917 4818 
4963 4818 4917 4918 4819 
4964 4819 4918 4919 4820 
4965 4820 4919 4920 4821 
4966 4821 4920 4921 4822 
4967 4822 4921 4922 4823 
4968 4823 4922 4923 4824 
4969 4824 4923 4924 4825 
4970 4825 4924 4925 4826 
4971 4826 4925 4926 4827 
4972 4827 4926 4927 4828 
4973 4828 4927 4928 4829 
4974 4829 4928 4929 4830 
4975 4830 4929 4930 4831 
4976 4831 4930 4931 4832 
4977 4832 4931 4932 4833 
4978 4833 4932 4933 4834 
4979 4834 4933 4934 4835 
4980 4835 4934 4935 4836 
4981 4836 4935 4936 4837 
4982 4837 4936 4937 4838 
4983 4838 4937 4938 4839 
4984 4839 4938 4939 4840 
4985 4840 4939 4940 4841 
4986 4841 4940 4941 4842 
4987 4842 4941 4942 4843 
4988 4843 4942 4943 4844 
4989 4844 4943 4944 4845 
4990 4845 4944 4945 4846 
4991 4846 4945 4946 4847 
4992 4847 4946 4947 4848 
4993 4848 4947 4948 4849 
4994 4849 4948 4949 4850 
4995 4850 4949 4950 4851 
4996 4851 4950 4951 4852 
4997 4852 4951 4952 4853 
4998 4853 4952 4953 4854 
4999 4854 4953 4954 4855 
5000 4855 4954 256 257 
5001 50 51 4955 4856 
5002 4856 4955 4956 4857 
5003 4857 4956 4957 4858 
5004 4858 4957 4958 4859 
5005 4859 4958 4959 4860 
5006 4860 4959 4960 4861 
5007 4861 4960 4961 4862 
5008 4862 4961 4962 4863 
5009 4863 4962 4963 4864 
5010 4864 4963 4964 4865 
5011 4865 4964 4965 4866 
5012 4866 4965 4966 4867 
5013 4867 4966 4967 4868 
5014 4868 4967 4968 4869 
5015 4869 4968 4969 4870 
5016 4870 4969 4970 4871 
5017 4871 4970 4971 4872 
5018 4872 4971 4972 4873 
5019 4873 4972 4973 4874 
5020 4874 4973 4974 4875 
5021 4875 4974 4975 4876 
5022 4876 4975 4976 4877 
5023 4877 4976 4977 4878 
5024 4878 4977 4978 4879 
5025 4879 4978 4979 4880 
5026 4880 4979 4980 4881 
5027 4881 4980 4981 4882 
5028 4882 4981 4982 4883 
5029 4883 4982 4983 4884 
5030 4884 4983 4984 4885 
5031 4885 4984 4985 4886 
5032 4886 4985 4986 4887 
5033 4887 4986 4987 4888 
5034 4888 4987 4988 4889 
5035 4889 4988 4989 4890 
5036 4890 4989 4990 4891 
5037 4891 4990 4991 4892 
5038 4892 4991 4992 4893 
5039 4893 4992 4993 4894 
5040 4894 4993 4994 4895 
5041 4895 4994 4995 4896 
5042 4896 4995 4996 4897 
5043 4897 4996 4997 4898 
5044 4898 4997 4998 4899 
5045 4899 4998 4999 4900 
5046 4900 4999 5000 4901 
5047 4901 5000 5001 4902 
5048 4902 5001 5002 4903 
5049 4903 5002 5003 4904 
5050 4904 5003 5004 4905 
5051 4905 5004 5005 4906 
5052 4906 5005 5006 4907 
5053 4907 5006 5007 4908 
5054 4908 5007 5008 4909 
5055 4909 5008 5009 4910 
5056 4910 5009 5010 4911 
5057 4911 5010 5011 4912 
5058 4912 5011 5012 4913 
5059 4913 5012 5013 4914 
5060 4914 5013 5014 4915 
5061 4915 5014 5015 4916 
5062 4916 5015 5016 4917 
5063 4917 5016 5017 4918 
5064 4918 5017 5018 4919 
5065 4919 5018 5019 4920 
5066 4920 5019 5020 4921 
5067 4921 5020 5021 4922 
5068 4922 5021 5022 4923 
5069 4923 5022 5023 4924 
5070 4924 5023 5024 4925 
5071 4925 5024 5025 4926 
5072 4926 5025 5026 4927 
5073 4927 5026 5027 4928 
5074 4928 5027 5028 4929 
5075 4929 5028 5029 4930 
5076 4930 5029 5030 4931 
5077 4931 5030 5031 4932 
5078 4932 5031 5032 4933 
5079 4933 5032 5033 4934 
5080 4934 5033 5034 4935 
5081 4935 5034 5035 4936 
5082 4936 5035 5036 4937 
5083 4937 5036 5037 4938 
5084 4938 5037 5038 4939 
5085 4939 5038 5039 4940 
5086 4940 5039 5040 4941 
5087 4941 5040 5041 4942 
5088 4942 5041 5042 4943 
5089 4943 5042 5043 4944 
5090 4944 5043 5044 4945 
5091 4945 5044 5045 4946 
5092 4946 5045 5046 4947 
5093 4947 5046 5047 4948 
5094 4948 5047 5048 4949 
5095 4949 5048 5049 4950 
5096 4950 5049 5050 4951 
5097 4951 5050 5051 4952 
5098 4952 5051 5052 4953 
5099 4953 5052 5053 4954 
5100 4954 5053 255 256 
5101 51 52 5054 4955 
5102 4955 5054 5055 4956 
5103 4956 5055 5056 4957 
5104 4957 5056 5057 4958 
5105 4958 5057 5058 4959 
5106 4959 5058 5059 4960 
5107 4960 5059 5060 4961 
5108 4961 5060 5061 4962 
5109 4962 5061 5062 4963 
5110 4963 5062 5063 4964 
5111 4964 5063 5064 4965 
5112 4965 5064 5065 4966 
5113 4966 5065 5066 4967 
5114 4967 5066 5067 4968 
5115 4968 5067 5068 4969 
5116 4969 5068 5069 4970 
5117 4970 5069 5070 4971 
5118 4971 5070 5071 4972 
5119 4972 5071 5072 4973 
5120 4973 5072 5073 4974 
5121 4974 5073 5074 4975 
5122 4975 5074 5075 4976 
5123 4976 5075 5076 4977 
5124 4977 5076 5077 4978 
5125 4978 5077 5078 4979 
5126 4979 5078 5079 4980 
5127 4980 5079 5080 4981 
5128 4981 5080 5081 4982 
5129 4982 5081 5082 4983 
5130 4983 5082 5083 4984 
5131 4984 5083 5084 4985 
5132 4985 5084 5085 4986 
5133 4986 5085 5086 4987 
5134 4987 5086 5087 4988 
5135 4988 5087 5088 4989 
5136 4989 5088 5089 4990 
5137 4990 5089 5090 4991 
5138 4991 5090 5091 4992 
5139 4992 5091 5092 4993 
5140 4993 5092 5093 4994 
5141 4994 5093 5094 4995 
5142 4995 5094 5095 4996 
5143 4996 5095 5096 4997 
5144 4997 5096 5097 4998 
5145 4998 5097 5098 4999 
5146 4999 5098 5099 5000 
5147 5000 5099 5100 5001 
5148 5001 5100 5101 5002 
5149 5002 5101 5102 5003 
5150 5003 5102 5103 5004 
5151 5004 5103 5104 5005 
5152 5005 5104 5105 5006 
5153 5006 5105 5106 5007 
5154 5007 5106 5107 5008 
5155 5008 5107 5108 5009 
5156 5009 5108 5109 5010 
5157 5010 5109 5110 5011 
5158 5011 5110 5111 5012 
5159 5012 5111 5112 5013 
5160 5013 5112 5113 5014 
5161 5014 5113 5114 5015 
5162 5015 5114 5115 5016 
5163 5016 5115 5116 5017 
5164 5017 5116 5117 5018 
5165 5018 5117 5118 5019 
5166 5019 5118 5119 5020 
5167 5020 5119 5120 5021 
5168 5021 5120 5121 5022 
5169 5022 5121 5122 5023 
5170 5023 5122 5123 5024 
5171 5024 5123 5124 5025 
5172 5025 5124 5125 5026 
5173 5026 5125 5126 5027 
5174 5027 5126 5127 5028 
5175 5028 5127 5128 5029 
5176 5029 5128 5129 5030 
5177 5030 5129 5130 5031 
5178 5031 5130 5131 5032 
5179 5032 5131 5132 5033 
5180 5033 5132 5133 5034 
5181 5034 5133 5134 5035 
5182 5035 5134 5135 5036 
5183 5036 5135 5136 5037 
5184 5037 5136 5137 5038 
5185 5038 5137 5138 5039 
5186 5039 5138 5139 5040 
5187 5040 5139 5140 5041 
5188 5041 5140 5141 5042 
5189 5042 5141 5142 5043 
5190 5043 5142 5143 5044 
5191 5044 5143 5144 5045 
5192 5045 5144 5145 5046 
5193 5046 5145 5146 5047 
5194 5047 5146 5147 5048 
5195 5048 5147 5148 5049 
5196 5049 5148 5149 5050 
5197 5050 5149 5150 5051 
5198 5051 5150 5151 5052 
5199 5052 5151 5152 5053 
5200 5053 5152 254 255 
5201 52 53 5153 5054 
5202 5054 5153 5154 5055 
5203 5055 5154 5155 5056 
5204 5056 5155 5156 5057 
5205 5057 5156 5157 5058 
5206 5058 5157 5158 5059 
5207 5059 5158 5159 5060 
5208 5060 5159 5160 5061 
5209 5061 5160 5161 5062 
5210 5062 5161 5162 5063 
5211 5063 5162 5163 5064 
5212 5064 5163 5164 5065 
5213 5065 5164 5165 5066 
5214 5066 5165 5166 5067 
5215 5067 5166 5167 5068 
5216 5068 5167 5168 5069 
5217 5069 5168 5169 5070 
5218 5070 5169 5170 5071 
5219 5071 5170 5171 5072 
5220 5072 5171 5172 5073 
5221 5073 5172 5173 5074 
5222 5074 5173 5174 5075 
5223 5075 5174 5175 5076 
5224 5076 5175 5176 5077 
5225 5077 5176 5177 5078 
5226 5078 5177 5178 5079 
5227 5079 5178 5179 5080 
5228 5080 5179 5180 5081 
5229 5081 5180 5181 5082 
5230 5082 5181 5182 5083 
5231 5083 5182 5183 5084 
5232 5084 5183 5184 5085 
5233 5085 5184 5185 5086 
5234 5086 5185 5186 5087 
5235 5087 5186 5187 5088 
5236 5088 5187 5188 5089 
5237 5089 5188 5189 5090 
5238 5090 5189 5190 5091 
5239 5091 5190 5191 5092 
5240 5092 5191 5192 5093 
5241 5093 5192 5193 5094 
5242 5094 5193 5194 5095 
5243 5095 5194 5195 5096 
5244 5096 5195 5196 5097 
5245 5097 5196 5197 5098 
5246 5098 5197 5198 5099 
5247 5099 5198 5199 5100 
5248 5100 5199 5200 5101 
5249 5101 5200 5201 5102 
5250 5102 5201 5202 5103 
5251 5103 5202 5203 5104 
5252 5104 5203 5204 5105 
5253 5105 5204 5205 5106 
5254 5106 5205 5206 5107 
5255 5107 5206 5207 5108 
5256 5108 5207 5208 5109 
5257 5109 5208 5209 5110 
5258 5110 5209 5210 5111 
5259 5111 5210 5211 5112 
5260 5112 5211 5212 5113 
5261 5113 5212 5213 5114 
5262 5114 5213 5214 5115 
5263 5115 5214 5215 5116 
5264 5116 5215 5216 5117 
5265 5117 5216 5217 5118 
5266 5118 5217 5218 5119 
5267 5119 5218 5219 5120 
5268 5120 5219 5220 5121 
5269 5121 5220 5221 5122 
5270 5122 5221 5222 5123 
5271 5123 5222 5223 5124 
5272 5124 5223 5224 5125 
5273 5125 5224 5225 5126 
5274 5126 5225 5226 5127 
5275 5127 5226 5227 5128 
5276 5128 5227 5228 5129 
5277 5129 5228 5229 5130 
5278 5130 5229 5230 5131 
5279 5131 5230 5231 5132 
5280 5132 5231 5232 5133 
5281 5133 5232 5233 5134 
5282 5134 5233 5234 5135 
5283 5135 5234 5235 5136 
5284 5136 5235 5236 5137 
5285 5137 5236 5237 5138 
5286 5138 5237 5238 5139 
5287 5139 5238 5239 5140 
5288 5140 5239 5240 5141 
5289 5141 5240 5241 5142 
5290 5142 5241 5242 5143 
5291 5143 5242 5243 5144 
5292 5144 5243 5244 5145 
5293 5145 5244 5245 5146 
5294 5146 5245 5246 5147 
5295 5147 5246 5247 5148 
5296 5148 5247 5248 5149 
5297 5149 5248 5249 5150 
5298 5150 5249 5250 5151 
5299 5151 5250 5251 5152 
5300 5152 5251 253 254 
5301 53 54 5252 5153 
5302 5153 5252 5253 5154 
5303 5154 5253 5254 5155 
5304 5155 5254 5255 5156 
5305 5156 5255 5256 5157 
5306 5157 5256 5257 5158 
5307 5158 5257 5258 5159 
5308 5159 5258 5259 5160 
5309 5160 5259 5260 5161 
5310 5161 5260 5261 5162 
5311 5162 5261 5262 5163 
5312 5163 5262 5263 5164 
5313 5164 5263 5264 5165 
5314 5165 5264 5265 5166 
5315 5166 5265 5266 5167 
5316 5167 5266 5267 5168 
5317 5168 5267 5268 5169 
5318 5169 5268 5269 5170 
5319 5170 5269 5270 5171 
5320 5171 5270 5271 5172 
5321 5172 5271 5272 5173 
5322 5173 5272 5273 5174 
5323 5174 5273 5274 5175 
5324 5175 5274 5275 5176 
5325 5176 5275 5276 5177 
5326 5177 5276 5277 5178 
5327 5178 5277 5278 5179 
5328 5179 5278 5279 5180 
5329 5180 5279 5280 5181 
5330 5181 5280 5281 5182 
5331 5182 5281 5282 5183 
5332 5183 5282 5283 5184 
5333 5184 5283 5284 5185 
5334 5185 5284 5285 5186 
5335 5186 5285 5286 5187 
5336 5187 5286 5287 5188 
5337 5188 5287 5288 5189 
5338 5189 5288 5289 5190 
5339 5190 5289 5290 5191 
5340 5191 5290 5291 5192 
5341 5192 5291 5292 5193 
5342 5193 5292 5293 5194 
5343 5194 5293 5294 5195 
5344 5195 5294 5295 5196 
5345 5196 5295 5296 5197 
5346 5197 5296 5297 5198 
5347 5198 5297 5298 5199 
5348 5199 5298 5299 5200 
5349 5200 5299 5300 5201 
5350 5201 5300 5301 5202 
5351 5202 5301 5302 5203 
5352 5203 5302 5303 5204 
5353 5204 5303 5304 5205 
5354 5205 5304 5305 5206 
5355 5206 5305 5306 5207 
5356 5207 5306 5307 5208 
5357 5208 5307 5308 5209 
5358 5209 5308 5309 5210 
5359 5210 5309 5310 5211 
5360 5211 5310 5311 5212 
5361 5212 5311 5312 5213 
5362 5213 5312 5313 5214 
5363 5214 5313 5314 5215 
5364 5215 5314 5315 5216 
5365 5216 5315 5316 5217 
5366 5217 5316 5317 5218 
5367 5218 5317 5318 5219 
5368 5219 5318 5319 5220 
5369 5220 5319 5320 5221 
5370 5221 5320 5321 5222 
5371 5222 5321 5322 5223 
5372 5223 5322 5323 5224 
5373 5224 5323 5324 5225 
5374 5225 5324 5325 5226 
5375 5226 5325 5326 5227 
5376 5227 5326 5327 5228 
5377 5228 5327 5328 5229 
5378 5229 5328 5329 5230 
5379 5230 5329 5330 5231 
5380 5231 5330 5331 5232 
5381 5232 5331 5332 5233 
5382 5233 5332 5333 5234 
5383 5234 5333 5334 5235 
5384 5235 5334 5335 5236 
5385 5236 5335 5336 5237 
5386 5237 5336 5337 5238 
5387 5238 5337 5338 5239 
5388 5239 5338 5339 5240 
5389 5240 5339 5340 5241 
5390 5241 5340 5341 5242 
5391 5242 5341 5342 5243 
5392 5243 5342 5343 5244 
5393 5244 5343 5344 5245 
5394 5245 5344 5345 5246 
5395 5246 5345 5346 5247 
5396 5247 5346 5347 5248 
5397 5248 5347 5348 5249 
5398 5249 5348 5349 5250 
5399 5250 5349 5350 5251 
5400 5251 5350 252 253 
5401 54 55 5351 5252 
5402 5252 5351 5352 5253 
5403 5253 5352 5353 5254 
5404 5254 5353 5354 5255 
5405 5255 5354 5355 5256 
5406 5256 5355 5356 5257 
5407 5257 5356 5357 5258 
5408 5258 5357 5358 5259 
5409 5259 5358 5359 5260 
5410 5260 5359 5360 5261 
5411 5261 5360 5361 5262 
5412 5262 5361 5362 5263 
5413 5263 5362 5363 5264 
5414 5264 5363 5364 5265 
5415 5265 5364 5365 5266 
5416 5266 5365 5366 5267 
5417 5267 5366 5367 5268 
5418 5268 5367 5368 5269 
5419 5269 5368 5369 5270 
5420 5270 5369 5370 5271 
5421 5271 5370 5371 5272 
5422 5272 5371 5372 5273 
5423 5273 5372 5373 5274 
5424 5274 5373 5374 5275 
5425 5275 5374 5375 5276 
5426 5276 5375 5376 5277 
5427 5277 5376 5377 5278 
5428 5278 5377 5378 5279 
5429 5279 5378 5379 5280 
5430 5280 5379 5380 5281 
5431 5281 5380 5381 5282 
5432 5282 5381 5382 5283 
5433 5283 5382 5383 5284 
5434 5284 5383 5384 5285 
5435 5285 5384 5385 5286 
5436 5286 5385 5386 5287 
5437 5287 5386 5387 5288 
5438 5288 5387 5388 5289 
5439 5289 5388 5389 5290 
5440 5290 5389 5390 5291 
5441 5291 5390 5391 5292 
5442 5292 5391 5392 5293 
5443 5293 5392 5393 5294 
5444 5294 5393 5394 5295 
5445 5295 5394 5395 5296 
5446 5296 5395 5396 5297 
5447 5297 5396 5397 5298 
5448 5298 5397 5398 5299 
5449 5299 5398 5399 5300 
5450 5300 5399 5400 5301 
5451 5301 5400 5401 5302 
5452 5302 5401 5402 5303 
5453 5303 5402 5403 5304 
5454 5304 5403 5404 5305 
5455 5305 5404 5405 5306 
5456 5306 5405 5406 5307 
5457 5307 5406 5407 5308 
5458 5308 5407 5408 5309 
5459 5309 5408 5409 5310 
5460 5310 5409 5410 5311 
5461 5311 5410 5411 5312 
5462 5312 5411 5412 5313 
5463 5313 5412 5413 5314 
5464 5314 5413 5414 5315 
5465 5315 5414 5415 5316 
5466 5316 5415 5416 5317 
5467 5317 5416 5417 5318 
5468 5318 5417 5418 5319 
5469 5319 5418 5419 5320 
5470 5320 5419 5420 5321 
5471 5321 5420 5421 5322 
5472 5322 5421 5422 5323 
5473 5323 5422 5423 5324 
5474 5324 5423 5424 5325 
5475 5325 5424 5425 5326 
5476 5326 5425 5426 5327 
5477 5327 5426 5427 5328 
5478 5328 5427 5428 5329 
5479 5329 5428 5429 5330 
5480 5330 5429 5430 5331 
5481 5331 5430 5431 5332 
5482 5332 5431 5432 5333 
5483 5333 5432 5433 5334 
5484 5334 5433 5434 5335 
5485 5335 5434 5435 5336 
5486 5336 5435 5436 5337 
5487 5337 5436 5437 5338 
5488 5338 5437 5438 5339 
5489 5339 5438 5439 5340 
5490 5340 5439 5440 5341 
5491 5341 5440 5441 5342 
5492 5342 5441 5442 5343 
5493 5343 5442 5443 5344 
5494 5344 5443 5444 5345 
5495 5345 5444 5445 5346 
5496 5346 5445 5446 5347 
5497 5347 5446 5447 5348 
5498 5348 5447 5448 5349 
5499 5349 5448 5449 5350 
5500 5350 5449 251 252 
5501 55 56 5450 5351 
5502 5351 5450 5451 5352 
5503 5352 5451 5452 5353 
5504 5353 5452 5453 5354 
5505 5354 5453 5454 5355 
5506 5355 5454 5455 5356 
5507 5356 5455 5456 5357 
5508 5357 5456 5457 5358 
5509 5358 5457 5458 5359 
5510 5359 5458 5459 5360 
5511 5360 5459 5460 5361 
5512 5361 5460 5461 5362 
5513 5362 5461 5462 5363 
5514 5363 5462 5463 5364 
5515 5364 5463 5464 5365 
5516 5365 5464 5465 5366 
5517 5366 5465 5466 5367 
5518 5367 5466 5467 5368 
5519 5368 5467 5468 5369 
5520 5369 5468 5469 5370 
5521 5370 5469 5470 5371 
5522 5371 5470 5471 5372 
5523 5372 5471 5472 5373 
5524 5373 5472 5473 5374 
5525 5374 5473 5474 5375 
5526 5375 5474 5475 5376 
5527 5376 5475 5476 5377 
5528 5377 5476 5477 5378 
5529 5378 5477 5478 5379 
5530 5379 5478 5479 5380 
5531 5380 5479 5480 5381 
5532 5381 5480 5481 5382 
5533 5382 5481 5482 5383 
5534 5383 5482 5483 5384 
5535 5384 5483 5484 5385 
5536 5385 5484 5485 5386 
5537 5386 5485 5486 5387 
5538 5387 5486 5487 5388 
5539 5388 5487 5488 5389 
5540 5389 5488 5489 5390 
5541 5390 5489 5490 5391 
5542 5391 5490 5491 5392 
5543 5392 5491 5492 5393 
5544 5393 5492 5493 5394 
5545 5394 5493 5494 5395 
5546 5395 5494 5495 5396 
5547 5396 5495 5496 5397 
5548 5397 5496 5497 5398 
5549 5398 5497 5498 5399 
5550 5399 5498 5499 5400 
5551 5400 5499 5500 5401 
5552 5401 5500 5501 5402 
5553 5402 5501 5502 5403 
5554 5403 5502 5503 5404 
5555 5404 5503 5504 5405 
5556 5405 5504 5505 5406 
5557 5406 5505 5506 5407 
5558 5407 5506 5507 5408 
5559 5408 5507 5508 5409 
5560 5409 5508 5509 5410 
5561 5410 5509 5510 5411 
5562 5411 5510 5511 5412 
5563 5412 5511 5512 5413 
5564 5413 5512 5513 5414 
5565 5414 5513 5514 5415 
5566 5415 5514 5515 5416 
5567 5416 5515 5516 5417 
5568 5417 5516 5517 5418 
5569 5418 5517 5518 5419 
5570 5419 5518 5519 5420 
5571 5420 5519 5520 5421 
5572 5421 5520 5521 5422 
5573 5422 5521 5522 5423 
5574 5423 5522 5523 5424 
5575 5424 5523 5524 5425 
5576 5425 5524 5525 5426 
5577 5426 5525 5526 5427 
5578 5427 5526 5527 5428 
5579 5428 5527 5528 5429 
5580 5429 5528 5529 5430 
5581 5430 5529 5530 5431 
5582 5431 5530 5531 5432 
5583 5432 5531 5532 5433 
5584 5433 5532 5533 5434 
5585 5434 5533 5534 5435 
5586 5435 5534 5535 5436 
5587 5436 5535 5536 5437 
5588 5437 5536 5537 5438 
5589 5438 5537 5538 5439 
5590 5439 5538 5539 5440 
5591 5440 5539 5540 5441 
5592 5441 5540 5541 5442 
5593 5442 5541 5542 5443 
5594 5443 5542 5543 5444 
5595 5444 5543 5544 5445 
5596 5445 5544 5545 5446 
5597 5446 5545 5546 5447 
5598 5447 5546 5547 5448 
5599 5448 5547 5548 5449 
5600 5449 5548 250 251 
5601 56 57 5549 5450 
5602 5450 5549 5550 5451 
5603 5451 5550 5551 5452 
5604 5452 5551 5552 5453 
5605 5453 5552 5553 5454 
5606 5454 5553 5554 5455 
5607 5455 5554 5555 5456 
5608 5456 5555 5556 5457 
5609 5457 5556 5557 5458 
5610 5458 5557 5558 5459 
5611 5459 5558 5559 5460 
5612 5460 5559 5560 5461 
5613 5461 5560 5561 5462 
5614 5462 5561 5562 5463 
5615 5463 5562 5563 5464 
5616 5464 5563 5564 5465 
5617 5465 5564 5565 5466 
5618 5466 5565 5566 5467 
5619 5467 5566 5567 5468 
5620 5468 5567 5568 5469 
5621 5469 5568 5569 5470 
5622 5470 5569 5570 5471 
5623 5471 5570 5571 5472 
5624 5472 5571 5572 5473 
5625 5473 5572 5573 5474 
5626 5474 5573 5574 5475 
5627 5475 5574 5575 5476 
5628 5476 5575 5576 5477 
5629 5477 5576 5577 5478 
5630 5478 5577 5578 5479 
5631 5479 5578 5579 5480 
5632 5480 5579 5580 5481 
5633 5481 5580 5581 5482 
5634 5482 5581 5582 5483 
5635 5483 5582 5583 5484 
5636 5484 5583 5584 5485 
5637 5485 5584 5585 5486 
5638 5486 5585 5586 5487 
5639 5487 5586 5587 5488 
5640 5488 5587 5588 5489 
5641 5489 5588 5589 5490 
5642 5490 5589 5590 5491 
5643 5491 5590 5591 5492 
5644 5492 5591 5592 5493 
5645 5493 5592 5593 5494 
5646 5494 5593 5594 5495 
5647 5495 5594 5595 5496 
5648 5496 5595 5596 5497 
5649 5497 5596 5597 5498 
5650 5498 5597 5598 5499 
5651 5499 5598 5599 5500 
5652 5500 5599 5600 5501 
5653 5501 5600 5601 5502 
5654 5502 5601 5602 5503 
5655 5503 5602 5603 5504 
5656 5504 5603 5604 5505 
5657 5505 5604 5605 5506 
5658 5506 5605 5606 5507 
5659 5507 5606 5607 5508 
5660 5508 5607 5608 5509 
5661 5509 5608 5609 5510 
5662 5510 5609 5610 5511 
5663 5511 5610 5611 5512 
5664 5512 5611 5612 5513 
5665 5513 5612 5613 5514 
5666 5514 5613 5614 5515 
5667 5515 5614 5615 5516 
5668 5516 5615 5616 5517 
5669 5517 5616 5617 5518 
5670 5518 5617 5618 5519 
5671 5519 5618 5619 5520 
5672 5520 5619 5620 5521 
5673 5521 5620 5621 5522 
5674 5522 5621 5622 5523 
5675 5523 5622 5623 5524 
5676 5524 5623 5624 5525 
5677 5525 5624 5625 5526 
5678 5526 5625 5626 5527 
5679 5527 5626 5627 5528 
5680 5528 5627 5628 5529 
5681 5529 5628 5629 5530 
5682 5530 5629 5630 5531 
5683 5531 5630 5631 5532 
5684 5532 5631 5632 5533 
5685 5533 5632 5633 5534 
5686 5534 5633 5634 5535 
5687 5535 5634 5635 5536 
5688 5536 5635 5636 5537 
5689 5537 5636 5637 5538 
5690 5538 5637 5638 5539 
5691 5539 5638 5639 5540 
5692 5540 5639 5640 5541 
5693 5541 5640 5641 5542 
5694 5542 5641 5642 5543 
5695 5543 5642 5643 5544 
5696 5544 5643 5644 5545 
5697 5545 5644 5645 5546 
5698 5546 5645 5646 5547 
5699 5547 5646 5647 5548 
5700 5548 5647 249 250 
5701 57 58 5648 5549 
5702 5549 5648 5649 5550 
5703 5550 5649 5650 5551 
5704 5551 5650 5651 5552 
5705 5552 5651 5652 5553 
5706 5553 5652 5653 5554 
5707 5554 5653 5654 5555 
5708 5555 5654 5655 5556 
5709 5556 5655 5656 5557 
5710 5557 5656 5657 5558 
5711 5558 5657 5658 5559 
5712 5559 5658 5659 5560 
5713 5560 5659 5660 5561 
5714 5561 5660 5661 5562 
5715 5562 5661 5662 5563 
5716 5563 5662 5663 5564 
5717 5564 5663 5664 5565 
5718 5565 5664 5665 5566 
5719 5566 5665 5666 5567 
5720 5567 5666 5667 5568 
5721 5568 5667 5668 5569 
5722 5569 5668 5669 5570 
5723 5570 5669 5670 5571 
5724 5571 5670 5671 5572 
5725 5572 5671 5672 5573 
5726 5573 5672 5673 5574 
5727 5574 5673 5674 5575 
5728 5575 5674 5675 5576 
5729 5576 5675 5676 5577 
5730 5577 5676 5677 5578 
5731 5578 5677 5678 5579 
5732 5579 5678 5679 5580 
5733 5580 5679 5680 5581 
5734 5581 5680 5681 5582 
5735 5582 5681 5682 5583 
5736 5583 5682 5683 5584 
5737 5584 5683 5684 5585 
5738 5585 5684 5685 5586 
5739 5586 5685 5686 5587 
5740 5587 5686 5687 5588 
5741 5588 5687 5688 5589 
5742 5589 5688 5689 5590 
5743 5590 5689 5690 5591 
5744 5591 5690 5691 5592 
5745 5592 5691 5692 5593 
5746 5593 5692 5693 5594 
5747 5594 5693 5694 5595 
5748 5595 5694 5695 5596 
5749 5596 5695 5696 5597 
5750 5597 5696 5697 5598 
5751 5598 5697 5698 5599 
5752 5599 5698 5699 5600 
5753 5600 5699 5700 5601 
5754 5601 5700 5701 5602 
5755 5602 5701 5702 5603 
5756 5603 5702 5703 5604 
5757 5604 5703 5704 5605 
5758 5605 5704 5705 5606 
5759 5606 5705 5706 5607 
5760 5607 5706 5707 5608 
5761 5608 5707 5708 5609 
5762 5609 5708 5709 5610 
5763 5610 5709 5710 5611 
5764 5611 5710 5711 5612 
5765 5612 5711 5712 5613 
5766 5613 5712 5713 5614 
5767 5614 5713 5714 5615 
5768 5615 5714 5715 5616 
5769 5616 5715 5716 5617 
5770 5617 5716 5717 5618 
5771 5618 5717 5718 5619 
5772 5619 5718 5719 5620 
5773 5620 5719 5720 5621 
5774 5621 5720 5721 5622 
5775 5622 5721 5722 5623 
5776 5623 5722 5723 5624 
5777 5624 5723 5724 5625 
5778 5625 5724 5725 5626 
5779 5626 5725 5726 5627 
5780 5627 5726 5727 5628 
5781 5628 5727 5728 5629 
5782 5629 5728 5729 5630 
5783 5630 5729 5730 5631 
5784 5631 5730 5731 5632 
5785 5632 5731 5732 5633 
5786 5633 5732 5733 5634 
5787 5634 5733 5734 5635 
5788 5635 5734 5735 5636 
5789 5636 5735 5736 5637 
5790 5637 5736 5737 5638 
5791 5638 5737 5738 5639 
5792 5639 5738 5739 5640 
5793 5640 5739 5740 5641 
5794 5641 5740 5741 5642 
5795 5642 5741 5742 5643 
5796 5643 5742 5743 5644 
5797 5644 5743 5744 5645 
5798 5645 5744 5745 5646 
5799 5646 5745 5746 5647 
5800 5647 5746 248 249 
5801 58 59 5747 5648 
5802 5648 5747 5748 5649 
5803 5649 5748 5749 5650 
5804 5650 5749 5750 5651 
5805 5651 5750 5751 5652 
5806 5652 5751 5752 5653 
5807 5653 5752 5753 5654 
5808 5654 5753 5754 5655 
5809 5655 5754 5755 5656 
5810 5656 5755 5756 5657 
5811 5657 5756 5757 5658 
5812 5658 5757 5758 5659 
5813 5659 5758 5759 5660 
5814 5660 5759 5760 5661 
5815 5661 5760 5761 5662 
5816 5662 5761 5762 5663 
5817 5663 5762 5763 5664 
5818 5664 5763 5764 5665 
5819 5665 5764 5765 5666 
5820 5666 5765 5766 5667 
5821 5667 5766 5767 5668 
5822 5668 5767 5768 5669 
5823 5669 5768 5769 5670 
5824 5670 5769 5770 5671 
5825 5671 5770 5771 5672 
5826 5672 5771 5772 5673 
5827 5673 5772 5773 5674 
5828 5674 5773 5774 5675 
5829 5675 5774 5775 5676 
5830 5676 5775 5776 5677 
5831 5677 5776 5777 5678 
5832 5678 5777 5778 5679 
5833 5679 5778 5779 5680 
5834 5680 5779 5780 5681 
5835 5681 5780 5781 5682 
5836 5682 5781 5782 5683 
5837 5683 5782 5783 5684 
5838 5684 5783 5784 5685 
5839 5685 5784 5785 5686 
5840 5686 5785 5786 5687 
5841 5687 5786 5787 5688 
5842 5688 5787 5788 5689 
5843 5689 5788 5789 5690 
5844 5690 5789 5790 5691 
5845 5691 5790 5791 5692 
5846 5692 5791 5792 5693 
5847 5693 5792 5793 5694 
5848 5694 5793 5794 5695 
5849 5695 5794 5795 5696 
5850 5696 5795 5796 5697 
5851 5697 5796 5797 5698 
5852 5698 5797 5798 5699 
5853 5699 5798 5799 5700 
5854 5700 5799 5800 5701 
5855 5701 5800 5801 5702 
5856 5702 5801 5802 5703 
5857 5703 5802 5803 5704 
5858 5704 5803 5804 5705 
5859 5705 5804 5805 5706 
5860 5706 5805 5806 5707 
5861 5707 5806 5807 5708 
5862 5708 5807 5808 5709 
5863 5709 5808 5809 5710 
5864 5710 5809 5810 5711 
5865 5711 5810 5811 5712 
5866 5712 5811 5812 5713 
5867 5713 5812 5813 5714 
5868 5714 5813 5814 5715 
5869 5715 5814 5815 5716 
5870 5716 5815 5816 5717 
5871 5717 5816 5817 5718 
5872 5718 5817 5818 5719 
5873 5719 5818 5819 5720 
5874 5720 5819 5820 5721 
5875 5721 5820 5821 5722 
5876 5722 5821 5822 5723 
5877 5723 5822 5823 5724 
5878 5724 5823 5824 5725 
5879 5725 5824 5825 5726 
5880 5726 5825 5826 5727 
5881 5727 5826 5827 5728 
5882 5728 5827 5828 5729 
5883 5729 5828 5829 5730 
5884 5730 5829 5830 5731 
5885 5731 5830 5831 5732 
5886 5732 5831 5832 5733 
5887 5733 5832 5833 5734 
5888 5734 5833 5834 5735 
5889 5735 5834 5835 5736 
5890 5736 5835 5836 5737 
5891 5737 5836 5837 5738 
5892 5738 5837 5838 5739 
5893 5739 5838 5839 5740 
5894 5740 5839 5840 5741 
5895 5741 5840 5841 5742 
5896 5742 5841 5842 5743 
5897 5743 5842 5843 5744 
5898 5744 5843 5844 5745 
5899 5745 5844 5845 5746 
5900 5746 5845 247 248 
5901 59 60 5846 5747 
5902 5747 5846 5847 5748 
5903 5748 5847 5848 5749 
5904 5749 5848 5849 5750 
5905 5750 5849 5850 5751 
5906 5751 5850 5851 5752 
5907 5752 5851 5852 5753 
5908 5753 5852 5853 5754 
5909 5754 5853 5854 5755 
5910 5755 5854 5855 5756 
5911 5756 5855 5856 5757 
5912 5757 5856 5857 5758 
5913 5758 5857 5858 5759 
5914 5759 5858 5859 5760 
5915 5760 5859 5860 5761 
5916 5761 5860 5861 5762 
5917 5762 5861 5862 5763 
5918 5763 5862 5863 5764 
5919 5764 5863 5864 5765 
5920 5765 5864 5865 5766 
5921 5766 5865 5866 5767 
5922 5767 5866 5867 5768 
5923 5768 5867 5868 5769 
5924 5769 5868 5869 5770 
5925 5770 5869 5870 5771 
5926 5771 5870 5871 5772 
5927 5772 5871 5872 5773 
5928 5773 5872 5873 5774 
5929 5774 5873 5874 5775 
5930 5775 5874 5875 5776 
5931 5776 5875 5876 5777 
5932 5777 5876 5877 5778 
5933 5778 5877 5878 5779 
5934 5779 5878 5879 5780 
5935 5780 5879 5880 5781 
5936 5781 5880 5881 5782 
5937 5782 5881 5882 5783 
5938 5783 5882 5883 5784 
5939 5784 5883 5884 5785 
5940 5785 5884 5885 5786 
5941 5786 5885 5886 5787 
5942 5787 5886 5887 5788 
5943 5788 5887 5888 5789 
5944 5789 5888 5889 5790 
5945 5790 5889 5890 5791 
5946 5791 5890 5891 5792 
5947 5792 5891 5892 5793 
5948 5793 5892 5893 5794 
5949 5794 5893 5894 5795 
5950 5795 5894 5895 5796 
5951 5796 5895 5896 5797 
5952 5797 5896 5897 5798 
5953 5798 5897 5898 5799 
5954 5799 5898 5899 5800 
5955 5800 5899 5900 5801 
5956 5801 5900 5901 5802 
5957 5802 5901 5902 5803 
5958 5803 5902 5903 5804 
5959 5804 5903 5904 5805 
5960 5805 5904 5905 5806 
5961 5806 5905 5906 5807 
5962 5807 5906 5907 5808 
5963 5808 5907 5908 5809 
5964 5809 5908 5909 5810 
5965 5810 5909 5910 5811 
5966 5811 5910 5911 5812 
5967 5812 5911 5912 5813 
5968 5813 5912 5913 5814 
5969 5814 5913 5914 5815 
5970 5815 5914 5915 5816 
5971 5816 5915 5916 5817 
5972 5817 5916 5917 5818 
5973 5818 5917 5918 5819 
5974 5819 5918 5919 5820 
5975 5820 5919 5920 5821 
5976 5821 5920 5921 5822 
5977 5822 5921 5922 5823 
5978 5823 5922 5923 5824 
5979 5824 5923 5924 5825 
5980 5825 5924 5925 5826 
5981 5826 5925 5926 5827 
5982 5827 5926 5927 5828 
5983 5828 5927 5928 5829 
5984 5829 5928 5929 5830 
5985 5830 5929 5930 5831 
5986 5831 5930 5931 5832 
5987 5832 5931 5932 5833 
5988 5833 5932 5933 5834 
5989 5834 5933 5934 5835 
5990 5835 5934 5935 5836 
5991 5836 5935 5936 5837 
5992 5837 5936 5937 5838 
5993 5838 5937 5938 5839 
5994 5839 5938 5939 5840 
5995 5840 5939 5940 5841 
5996 5841 5940 5941 5842 
5997 5842 5941 5942 5843 
5998 5843 5942 5943 5844 
5999 5844 5943 5944 5845 
6000 5845 5944 246 247 
6001 60 61 5945 5846 
6002 5846 5945 5946 5847 
6003 5847 5946 5947 5848 
6004 5848 5947 5948 5849 
6005 5849 5948 5949 5850 
6006 5850 5949 5950 5851 
6007 5851 5950 5951 5852 
6008 5852 5951 5952 5853 
6009 5853 5952 5953 5854 
6010 5854 5953 5954 5855 
6011 5855 5954 5955 5856 
6012 5856 5955 5956 5857 
6013 5857 5956 5957 5858 
6014 5858 5957 5958 5859 
6015 5859 5958 5959 5860 
6016 5860 5959 5960 5861 
6017 5861 5960 5961 5862 
6018 5862 5961 5962 5863 
6019 5863 5962 5963 5864 
6020 5864 5963 5964 5865 
6021 5865 5964 5965 5866 
6022 5866 5965 5966 5867 
6023 5867 5966 5967 5868 
6024 5868 5967 5968 5869 
6025 5869 5968 5969 5870 
6026 5870 5969 5970 5871 
6027 5871 5970 5971 5872 
6028 5872 5971 5972 5873 
6029 5873 5972 5973 5874 
6030 5874 5973 5974 5875 
6031 5875 5974 5975 5876 
6032 5876 5975 5976 5877 
6033 5877 5976 5977 5878 
6034 5878 5977 5978 5879 
6035 5879 5978 5979 5880 
6036 5880 5979 5980 5881 
6037 5881 5980 5981 5882 
6038 5882 5981 5982 5883 
6039 5883 5982 5983 5884 
6040 5884 5983 5984 5885 
6041 5885 5984 5985 5886 
6042 5886 5985 5986 5887 
6043 5887 5986 5987 5888 
6044 5888 5987 5988 5889 
6045 5889 5988 5989 5890 
6046 5890 5989 5990 5891 
6047 5891 5990 5991 5892 
6048 5892 5991 5992 5893 
6049 5893 5992 5993 5894 
6050 5894 5993 5994 5895 
6051 5895 5994 5995 5896 
6052 5896 5995 5996 5897 
6053 5897 5996 5997 5898 
6054 5898 5997 5998 5899 
6055 5899 5998 5999 5900 
6056 5900 5999 6000 5901 
6057 5901 6000 6001 5902 
6058 5902 6001 6002 5903 
6059 5903 6002 6003 5904 
6060 5904 6003 6004 5905 
6061 5905 6004 6005 5906 
6062 5906 6005 6006 5907 
6063 5907 6006 6007 5908 
6064 5908 6007 6008 5909 
6065 5909 6008 6009 5910 
6066 5910 6009 6010 5911 
6067 5911 6010 6011 5912 
6068 5912 6011 6012 5913 
6069 5913 6012 6013 5914 
6070 5914 6013 6014 5915 
6071 5915 6014 6015 5916 
6072 5916 6015 6016 5917 
6073 5917 6016 6017 5918 
6074 5918 6017 6018 5919 
6075 5919 6018 6019 5920 
6076 5920 6019 6020 5921 
6077 5921 6020 6021 5922 
6078 5922 6021 6022 5923 
6079 5923 6022 6023 5924 
6080 5924 6023 6024 5925 
6081 5925 6024 6025 5926 
6082 5926 6025 6026 5927 
6083 5927 6026 6027 5928 
6084 5928 6027 6028 5929 
6085 5929 6028 6029 5930 
6086 5930 6029 6030 5931 
6087 5931 6030 6031 5932 
6088 5932 6031 6032 5933 
6089 5933 6032 6033 5934 
6090 5934 6033 6034 5935 
6091 5935 6034 6035 5936 
6092 5936 6035 6036 5937 
6093 5937 6036 6037 5938 
6094 5938 6037 6038 5939 
6095 5939 6038 6039 5940 
6096 5940 6039 6040 5941 
6097 5941 6040 6041 5942 
6098 5942 6041 6042 5943 
6099 5943 6042 6043 5944 
6100 5944 6043 245 246 
6101 61 62 6044 5945 
6102 5945 6044 6045 5946 
6103 5946 6045 6046 5947 
6104 5947 6046 6047 5948 
6105 5948 6047 6048 5949 
6106 5949 6048 6049 5950 
6107 5950 6049 6050 5951 
6108 5951 6050 6051 5952 
6109 5952 6051 6052 5953 
6110 5953 6052 6053 5954 
6111 5954 6053 6054 5955 
6112 5955 6054 6055 5956 
6113 5956 6055 6056 5957 
6114 5957 6056 6057 5958 
6115 5958 6057 6058 5959 
6116 5959 6058 6059 5960 
6117 5960 6059 6060 5961 
6118 5961 6060 6061 5962 
6119 5962 6061 6062 5963 
6120 5963 6062 6063 5964 
6121 5964 6063 6064 5965 
6122 5965 6064 6065 5966 
6123 5966 6065 6066 5967 
6124 5967 6066 6067 5968 
6125 5968 6067 6068 5969 
6126 5969 6068 6069 5970 
6127 5970 6069 6070 5971 
6128 5971 6070 6071 5972 
6129 5972 6071 6072 5973 
6130 5973 6072 6073 5974 
6131 5974 6073 6074 5975 
6132 5975 6074 6075 5976 
6133 5976 6075 6076 5977 
6134 5977 6076 6077 5978 
6135 5978 6077 6078 5979 
6136 5979 6078 6079 5980 
6137 5980 6079 6080 5981 
6138 5981 6080 6081 5982 
6139 5982 6081 6082 5983 
6140 5983 6082 6083 5984 
6141 5984 6083 6084 5985 
6142 5985 6084 6085 5986 
6143 5986 6085 6086 5987 
6144 5987 6086 6087 5988 
6145 5988 6087 6088 5989 
6146 5989 6088 6089 5990 
6147 5990 6089 6090 5991 
6148 5991 6090 6091 5992 
6149 5992 6091 6092 5993 
6150 5993 6092 6093 5994 
6151 5994 6093 6094 5995 
6152 5995 6094 6095 5996 
6153 5996 6095 6096 5997 
6154 5997 6096 6097 5998 
6155 5998 6097 6098 5999 
6156 5999 6098 6099 6000 
6157 6000 6099 6100 6001 
6158 6001 6100 6101 6002 
6159 6002 6101 6102 6003 
6160 6003 6102 6103 6004 
6161 6004 6103 6104 6005 
6162 6005 6104 6105 6006 
6163 6006 6105 6106 6007 
6164 6007 6106 6107 6008 
6165 6008 6107 6108 6009 
6166 6009 6108 6109 6010 
6167 6010 6109 6110 6011 
6168 6011 6110 6111 6012 
6169 6012 6111 6112 6013 
6170 6013 6112 6113 6014 
6171 6014 6113 6114 6015 
6172 6015 6114 6115 6016 
6173 6016 6115 6116 6017 
6174 6017 6116 6117 6018 
6175 6018 6117 6118 6019 
6176 6019 6118 6119 6020 
6177 6020 6119 6120 6021 
6178 6021 6120 6121 6022 
6179 6022 6121 6122 6023 
6180 6023 6122 6123 6024 
6181 6024 6123 6124 6025 
6182 6025 6124 6125 6026 
6183 6026 6125 6126 6027 
6184 6027 6126 6127 6028 
6185 6028 6127 6128 6029 
6186 6029 6128 6129 6030 
6187 6030 6129 6130 6031 
6188 6031 6130 6131 6032 
6189 6032 6131 6132 6033 
6190 6033 6132 6133 6034 
6191 6034 6133 6134 6035 
6192 6035 6134 6135 6036 
6193 6036 6135 6136 6037 
6194 6037 6136 6137 6038 
6195 6038 6137 6138 6039 
6196 6039 6138 6139 6040 
6197 6040 6139 6140 6041 
6198 6041 6140 6141 6042 
6199 6042 6141 6142 6043 
6200 6043 6142 244 245 
6201 62 63 6143 6044 
6202 6044 6143 6144 6045 
6203 6045 6144 6145 6046 
6204 6046 6145 6146 6047 
6205 6047 6146 6147 6048 
6206 6048 6147 6148 6049 
6207 6049 6148 6149 6050 
6208 6050 6149 6150 6051 
6209 6051 6150 6151 6052 
6210 6052 6151 6152 6053 
6211 6053 6152 6153 6054 
6212 6054 6153 6154 6055 
6213 6055 6154 6155 6056 
6214 6056 6155 6156 6057 
6215 6057 6156 6157 6058 
6216 6058 6157 6158 6059 
6217 6059 6158 6159 6060 
6218 6060 6159 6160 6061 
6219 6061 6160 6161 6062 
6220 6062 6161 6162 6063 
6221 6063 6162 6163 6064 
6222 6064 6163 6164 6065 
6223 6065 6164 6165 6066 
6224 6066 6165 6166 6067 
6225 6067 6166 6167 6068 
6226 6068 6167 6168 6069 
6227 6069 6168 6169 6070 
6228 6070 6169 6170 6071 
6229 6071 6170 6171 6072 
6230 6072 6171 6172 6073 
6231 6073 6172 6173 6074 
6232 6074 6173 6174 6075 
6233 6075 6174 6175 6076 
6234 6076 6175 6176 6077 
6235 6077 6176 6177 6078 
6236 6078 6177 6178 6079 
6237 6079 6178 6179 6080 
6238 6080 6179 6180 6081 
6239 6081 6180 6181 6082 
6240 6082 6181 6182 6083 
6241 6083 6182 6183 6084 
6242 6084 6183 6184 6085 
6243 6085 6184 6185 6086 
6244 6086 6185 6186 6087 
6245 6087 6186 6187 6088 
6246 6088 6187 6188 6089 
6247 6089 6188 6189 6090 
6248 6090 6189 6190 6091 
6249 6091 6190 6191 6092 
6250 6092 6191 6192 6093 
6251 6093 6192 6193 6094 
6252 6094 6193 6194 6095 
6253 6095 6194 6195 6096 
6254 6096 6195 6196 6097 
6255 6097 6196 6197 6098 
6256 6098 6197 6198 6099 
6257 6099 6198 6199 6100 
6258 6100 6199 6200 6101 
6259 6101 6200 6201 6102 
6260 6102 6201 6202 6103 
6261 6103 6202 6203 6104 
6262 6104 6203 6204 6105 
6263 6105 6204 6205 6106 
6264 6106 6205 6206 6107 
6265 6107 6206 6207 6108 
6266 6108 6207 6208 6109 
6267 6109 6208 6209 6110 
6268 6110 6209 6210 6111 
6269 6111 6210 6211 6112 
6270 6112 6211 6212 6113 
6271 6113 6212 6213 6114 
6272 6114 6213 6214 6115 
6273 6115 6214 6215 6116 
6274 6116 6215 6216 6117 
6275 6117 6216 6217 6118 
6276 6118 6217 6218 6119 
6277 6119 6218 6219 6120 
6278 6120 6219 6220 6121 
6279 6121 6220 6221 6122 
6280 6122 6221 6222 6123 
6281 6123 6222 6223 6124 
6282 6124 6223 6224 6125 
6283 6125 6224 6225 6126 
6284 6126 6225 6226 6127 
6285 6127 6226 6227 6128 
6286 6128 6227 6228 6129 
6287 6129 6228 6229 6130 
6288 6130 6229 6230 6131 
6289 6131 6230 6231 6132 
6290 6132 6231 6232 6133 
6291 6133 6232 6233 6134 
6292 6134 6233 6234 6135 
6293 6135 6234 6235 6136 
6294 6136 6235 6236 6137 
6295 6137 6236 6237 6138 
6296 6138 6237 6238 6139 
6297 6139 6238 6239 6140 
6298 6140 6239 6240 6141 
6299 6141 6240 6241 6142 
6300 6142 6241 243 244 
6301 63 64 6242 6143 
6302 6143 6242 6243 6144 
6303 6144 6243 6244 6145 
6304 6145 6244 6245 6146 
6305 6146 6245 6246 6147 
6306 6147 6246 6247 6148 
6307 6148 6247 6248 6149 
6308 6149 6248 6249 6150 
6309 6150 6249 6250 6151 
6310 6151 6250 6251 6152 
6311 6152 6251 6252 6153 
6312 6153 6252 6253 6154 
6313 6154 6253 6254 6155 
6314 6155 6254 6255 6156 
6315 6156 6255 6256 6157 
6316 6157 6256 6257 6158 
6317 6158 6257 6258 6159 
6318 6159 6258 6259 6160 
6319 6160 6259 6260 6161 
6320 6161 6260 6261 6162 
6321 6162 6261 6262 6163 
6322 6163 6262 6263 6164 
6323 6164 6263 6264 6165 
6324 6165 6264 6265 6166 
6325 6166 6265 6266 6167 
6326 6167 6266 6267 6168 
6327 6168 6267 6268 6169 
6328 6169 6268 6269 6170 
6329 6170 6269 6270 6171 
6330 6171 6270 6271 6172 
6331 6172 6271 6272 6173 
6332 6173 6272 6273 6174 
6333 6174 6273 6274 6175 
6334 6175 6274 6275 6176 
6335 6176 6275 6276 6177 
6336 6177 6276 6277 6178 
6337 6178 6277 6278 6179 
6338 6179 6278 6279 6180 
6339 6180 6279 6280 6181 
6340 6181 6280 6281 6182 
6341 6182 6281 6282 6183 
6342 6183 6282 6283 6184 
6343 6184 6283 6284 6185 
6344 6185 6284 6285 6186 
6345 6186 6285 6286 6187 
6346 6187 6286 6287 6188 
6347 6188 6287 6288 6189 
6348 6189 6288 6289 6190 
6349 6190 6289 6290 6191 
6350 6191 6290 6291 6192 
6351 6192 6291 6292 6193 
6352 6193 6292 6293 6194 
6353 6194 6293 6294 6195 
6354 6195 6294 6295 6196 
6355 6196 6295 6296 6197 
6356 6197 6296 6297 6198 
6357 6198 6297 6298 6199 
6358 6199 6298 6299 6200 
6359 6200 6299 6300 6201 
6360 6201 6300 6301 6202 
6361 6202 6301 6302 6203 
6362 6203 6302 6303 6204 
6363 6204 6303 6304 6205 
6364 6205 6304 6305 6206 
6365 6206 6305 6306 6207 
6366 6207 6306 6307 6208 
6367 6208 6307 6308 6209 
6368 6209 6308 6309 6210 
6369 6210 6309 6310 6211 
6370 6211 6310 6311 6212 
6371 6212 6311 6312 6213 
6372 6213 6312 6313 6214 
6373 6214 6313 6314 6215 
6374 6215 6314 6315 6216 
6375 6216 6315 6316 6217 
6376 6217 6316 6317 6218 
6377 6218 6317 6318 6219 
6378 6219 6318 6319 6220 
6379 6220 6319 6320 6221 
6380 6221 6320 6321 6222 
6381 6222 6321 6322 6223 
6382 6223 6322 6323 6224 
6383 6224 6323 6324 6225 
6384 6225 6324 6325 6226 
6385 6226 6325 6326 6227 
6386 6227 6326 6327 6228 
6387 6228 6327 6328 6229 
6388 6229 6328 6329 6230 
6389 6230 6329 6330 6231 
6390 6231 6330 6331 6232 
6391 6232 6331 6332 6233 
6392 6233 6332 6333 6234 
6393 6234 6333 6334 6235 
6394 6235 6334 6335 6236 
6395 6236 6335 6336 6237 
6396 6237 6336 6337 6238 
6397 6238 6337 6338 6239 
6398 6239 6338 6339 6240 
6399 6240 6339 6340 6241 
6400 6241 6340 242 243 
6401 64 65 6341 6242 
6402 6242 6341 6342 6243 
6403 6243 6342 6343 6244 
6404 6244 6343 6344 6245 
6405 6245 6344 6345 6246 
6406 6246 6345 6346 6247 
6407 6247 6346 6347 6248 
6408 6248 6347 6348 6249 
6409 6249 6348 6349 6250 
6410 6250 6349 6350 6251 
6411 6251 6350 6351 6252 
6412 6252 6351 6352 6253 
6413 6253 6352 6353 6254 
6414 6254 6353 6354 6255 
6415 6255 6354 6355 6256 
6416 6256 6355 6356 6257 
6417 6257 6356 6357 6258 
6418 6258 6357 6358 6259 
6419 6259 6358 6359 6260 
6420 6260 6359 6360 6261 
6421 6261 6360 6361 6262 
6422 6262 6361 6362 6263 
6423 6263 6362 6363 6264 
6424 6264 6363 6364 6265 
6425 6265 6364 6365 6266 
6426 6266 6365 6366 6267 
6427 6267 6366 6367 6268 
6428 6268 6367 6368 6269 
6429 6269 6368 6369 6270 
6430 6270 6369 6370 6271 
6431 6271 6370 6371 6272 
6432 6272 6371 6372 6273 
6433 6273 6372 6373 6274 
6434 6274 6373 6374 6275 
6435 6275 6374 6375 6276 
6436 6276 6375 6376 6277 
6437 6277 6376 6377 6278 
6438 6278 6377 6378 6279 
6439 6279 6378 6379 6280 
6440 6280 6379 6380 6281 
6441 6281 6380 6381 6282 
6442 6282 6381 6382 6283 
6443 6283 6382 6383 6284 
6444 6284 6383 6384 6285 
6445 6285 6384 6385 6286 
6446 6286 6385 6386 6287 
6447 6287 6386 6387 6288 
6448 6288 6387 6388 6289 
6449 6289 6388 6389 6290 
6450 6290 6389 6390 6291 
6451 6291 6390 6391 6292 
6452 6292 6391 6392 6293 
6453 6293 6392 6393 6294 
6454 6294 6393 6394 6295 
6455 6295 6394 6395 6296 
6456 6296 6395 6396 6297 
6457 6297 6396 6397 6298 
6458 6298 6397 6398 6299 
6459 6299 6398 6399 6300 
6460 6300 6399 6400 6301 
6461 6301 6400 6401 6302 
6462 6302 6401 6402 6303 
6463 6303 6402 6403 6304 
6464 6304 6403 6404 6305 
6465 6305 6404 6405 6306 
6466 6306 6405 6406 6307 
6467 6307 6406 6407 6308 
6468 6308 6407 6408 6309 
6469 6309 6408 6409 6310 
6470 6310 6409 6410 6311 
6471 6311 6410 6411 6312 
6472 6312 6411 6412 6313 
6473 6313 6412 6413 6314 
6474 6314 6413 6414 6315 
6475 6315 6414 6415 6316 
6476 6316 6415 6416 6317 
6477 6317 6416 6417 6318 
6478 6318 6417 6418 6319 
6479 6319 6418 6419 6320 
6480 6320 6419 6420 6321 
6481 6321 6420 6421 6322 
6482 6322 6421 6422 6323 
6483 6323 6422 6423 6324 
6484 6324 6423 6424 6325 
6485 6325 6424 6425 6326 
6486 6326 6425 6426 6327 
6487 6327 6426 6427 6328 
6488 6328 6427 6428 6329 
6489 6329 6428 6429 6330 
6490 6330 6429 6430 6331 
6491 6331 6430 6431 6332 
6492 6332 6431 6432 6333 
6493 6333 6432 6433 6334 
6494 6334 6433 6434 6335 
6495 6335 6434 6435 6336 
6496 6336 6435 6436 6337 
6497 6337 6436 6437 6338 
6498 6338 6437 6438 6339 
6499 6339 6438 6439 6340 
6500 6340 6439 241 242 
6501 65 66 6440 6341 
6502 6341 6440 6441 6342 
6503 6342 6441 6442 6343 
6504 6343 6442 6443 6344 
6505 6344 6443 6444 6345 
6506 6345 6444 6445 6346 
6507 6346 6445 6446 6347 
6508 6347 6446 6447 6348 
6509 6348 6447 6448 6349 
6510 6349 6448 6449 6350 
6511 6350 6449 6450 6351 
6512 6351 6450 6451 6352 
6513 6352 6451 6452 6353 
6514 6353 6452 6453 6354 
6515 6354 6453 6454 6355 
6516 6355 6454 6455 6356 
6517 6356 6455 6456 6357 
6518 6357 6456 6457 6358 
6519 6358 6457 6458 6359 
6520 6359 6458 6459 6360 
6521 6360 6459 6460 6361 
6522 6361 6460 6461 6362 
6523 6362 6461 6462 6363 
6524 6363 6462 6463 6364 
6525 6364 6463 6464 6365 
6526 6365 6464 6465 6366 
6527 6366 6465 6466 6367 
6528 6367 6466 6467 6368 
6529 6368 6467 6468 6369 
6530 6369 6468 6469 6370 
6531 6370 6469 6470 6371 
6532 6371 6470 6471 6372 
6533 6372 6471 6472 6373 
6534 6373 6472 6473 6374 
6535 6374 6473 6474 6375 
6536 6375 6474 6475 6376 
6537 6376 6475 6476 6377 
6538 6377 6476 6477 6378 
6539 6378 6477 6478 6379 
6540 6379 6478 6479 6380 
6541 6380 6479 6480 6381 
6542 6381 6480 6481 6382 
6543 6382 6481 6482 6383 
6544 6383 6482 6483 6384 
6545 6384 6483 6484 6385 
6546 6385 6484 6485 6386 
6547 6386 6485 6486 6387 
6548 6387 6486 6487 6388 
6549 6388 6487 6488 6389 
6550 6389 6488 6489 6390 
6551 6390 6489 6490 6391 
6552 6391 6490 6491 6392 
6553 6392 6491 6492 6393 
6554 6393 6492 6493 6394 
6555 6394 6493 6494 6395 
6556 6395 6494 6495 6396 
6557 6396 6495 6496 6397 
6558 6397 6496 6497 6398 
6559 6398 6497 6498 6399 
6560 6399 6498 6499 6400 
6561 6400 6499 6500 6401 
6562 6401 6500 6501 6402 
6563 6402 6501 6502 6403 
6564 6403 6502 6503 6404 
6565 6404 6503 6504 6405 
6566 6405 6504 6505 6406 
6567 6406 6505 6506 6407 
6568 6407 6506 6507 6408 
6569 6408 6507 6508 6409 
6570 6409 6508 6509 6410 
6571 6410 6509 6510 6411 
6572 6411 6510 6511 6412 
6573 6412 6511 6512 6413 
6574 6413 6512 6513 6414 
6575 6414 6513 6514 6415 
6576 6415 6514 6515 6416 
6577 6416 6515 6516 6417 
6578 6417 6516 6517 6418 
6579 6418 6517 6518 6419 
6580 6419 6518 6519 6420 
6581 6420 6519 6520 6421 
6582 6421 6520 6521 6422 
6583 6422 6521 6522 6423 
6584 6423 6522 6523 6424 
6585 6424 6523 6524 6425 
6586 6425 6524 6525 6426 
6587 6426 6525 6526 6427 
6588 6427 6526 6527 6428 
6589 6428 6527 6528 6429 
6590 6429 6528 6529 6430 
6591 6430 6529 6530 6431 
6592 6431 6530 6531 6432 
6593 6432 6531 6532 6433 
6594 6433 6532 6533 6434 
6595 6434 6533 6534 6435 
6596 6435 6534 6535 6436 
6597 6436 6535 6536 6437 
6598 6437 6536 6537 6438 
6599 6438 6537 6538 6439 
6600 6439 6538 240 241 
6601 66 67 6539 6440 
6602 6440 6539 6540 6441 
6603 6441 6540 6541 6442 
6604 6442 6541 6542 6443 
6605 6443 6542 6543 6444 
6606 6444 6543 6544 6445 
6607 6445 6544 6545 6446 
6608 6446 6545 6546 6447 
6609 6447 6546 6547 6448 
6610 6448 6547 6548 6449 
6611 6449 6548 6549 6450 
6612 6450 6549 6550 6451 
6613 6451 6550 6551 6452 
6614 6452 6551 6552 6453 
6615 6453 6552 6553 6454 
6616 6454 6553 6554 6455 
6617 6455 6554 6555 6456 
6618 6456 6555 6556 6457 
6619 6457 6556 6557 6458 
6620 6458 6557 6558 6459 
6621 6459 6558 6559 6460 
6622 6460 6559 6560 6461 
6623 6461 6560 6561 6462 
6624 6462 6561 6562 6463 
6625 6463 6562 6563 6464 
6626 6464 6563 6564 6465 
6627 6465 6564 6565 6466 
6628 6466 6565 6566 6467 
6629 6467 6566 6567 6468 
6630 6468 6567 6568 6469 
6631 6469 6568 6569 6470 
6632 6470 6569 6570 6471 
6633 6471 6570 6571 6472 
6634 6472 6571 6572 6473 
6635 6473 6572 6573 6474 
6636 6474 6573 6574 6475 
6637 6475 6574 6575 6476 
6638 6476 6575 6576 6477 
6639 6477 6576 6577 6478 
6640 6478 6577 6578 6479 
6641 6479 6578 6579 6480 
6642 6480 6579 6580 6481 
6643 6481 6580 6581 6482 
6644 6482 6581 6582 6483 
6645 6483 6582 6583 6484 
6646 6484 6583 6584 6485 
6647 6485 6584 6585 6486 
6648 6486 6585 6586 6487 
6649 6487 6586 6587 6488 
6650 6488 6587 6588 6489 
6651 6489 6588 6589 6490 
6652 6490 6589 6590 6491 
6653 6491 6590 6591 6492 
6654 6492 6591 6592 6493 
6655 6493 6592 6593 6494 
6656 6494 6593 6594 6495 
6657 6495 6594 6595 6496 
6658 6496 6595 6596 6497 
6659 6497 6596 6597 6498 
6660 6498 6597 6598 6499 
6661 6499 6598 6599 6500 
6662 6500 6599 6600 6501 
6663 6501 6600 6601 6502 
6664 6502 6601 6602 6503 
6665 6503 6602 6603 6504 
6666 6504 6603 6604 6505 
6667 6505 6604 6605 6506 
6668 6506 6605 6606 6507 
6669 6507 6606 6607 6508 
6670 6508 6607 6608 6509 
6671 6509 6608 6609 6510 
6672 6510 6609 6610 6511 
6673 6511 6610 6611 6512 
6674 6512 6611 6612 6513 
6675 6513 6612 6613 6514 
6676 6514 6613 6614 6515 
6677 6515 6614 6615 6516 
6678 6516 6615 6616 6517 
6679 6517 6616 6617 6518 
6680 6518 6617 6618 6519 
6681 6519 6618 6619 6520 
6682 6520 6619 6620 6521 
6683 6521 6620 6621 6522 
6684 6522 6621 6622 6523 
6685 6523 6622 6623 6524 
6686 6524 6623 6624 6525 
6687 6525 6624 6625 6526 
6688 6526 6625 6626 6527 
6689 6527 6626 6627 6528 
6690 6528 6627 6628 6529 
6691 6529 6628 6629 6530 
6692 6530 6629 6630 6531 
6693 6531 6630 6631 6532 
6694 6532 6631 6632 6533 
6695 6533 6632 6633 6534 
6696 6534 6633 6634 6535 
6697 6535 6634 6635 6536 
6698 6536 6635 6636 6537 
6699 6537 6636 6637 6538 
6700 6538 6637 239 240 
6701 67 68 6638 6539 
6702 6539 6638 6639 6540 
6703 6540 6639 6640 6541 
6704 6541 6640 6641 6542 
6705 6542 6641 6642 6543 
6706 6543 6642 6643 6544 
6707 6544 6643 6644 6545 
6708 6545 6644 6645 6546 
6709 6546 6645 6646 6547 
6710 6547 6646 6647 6548 
6711 6548 6647 6648 6549 
6712 6549 6648 6649 6550 
6713 6550 6649 6650 6551 
6714 6551 6650 6651 6552 
6715 6552 6651 6652 6553 
6716 6553 6652 6653 6554 
6717 6554 6653 6654 6555 
6718 6555 6654 6655 6556 
6719 6556 6655 6656 6557 
6720 6557 6656 6657 6558 
6721 6558 6657 6658 6559 
6722 6559 6658 6659 6560 
6723 6560 6659 6660 6561 
6724 6561 6660 6661 6562 
6725 6562 6661 6662 6563 
6726 6563 6662 6663 6564 
6727 6564 6663 6664 6565 
6728 6565 6664 6665 6566 
6729 6566 6665 6666 6567 
6730 6567 6666 6667 6568 
6731 6568 6667 6668 6569 
6732 6569 6668 6669 6570 
6733 6570 6669 6670 6571 
6734 6571 6670 6671 6572 
6735 6572 6671 6672 6573 
6736 6573 6672 6673 6574 
6737 6574 6673 6674 6575 
6738 6575 6674 6675 6576 
6739 6576 6675 6676 6577 
6740 6577 6676 6677 6578 
6741 6578 6677 6678 6579 
6742 6579 6678 6679 6580 
6743 6580 6679 6680 6581 
6744 6581 6680 6681 6582 
6745 6582 6681 6682 6583 
6746 6583 6682 6683 6584 
6747 6584 6683 6684 6585 
6748 6585 6684 6685 6586 
6749 6586 6685 6686 6587 
6750 6587 6686 6687 6588 
6751 6588 6687 6688 6589 
6752 6589 6688 6689 6590 
6753 6590 6689 6690 6591 
6754 6591 6690 6691 6592 
6755 6592 6691 6692 6593 
6756 6593 6692 6693 6594 
6757 6594 6693 6694 6595 
6758 6595 6694 6695 6596 
6759 6596 6695 6696 6597 
6760 6597 6696 6697 6598 
6761 6598 6697 6698 6599 
6762 6599 6698 6699 6600 
6763 6600 6699 6700 6601 
6764 6601 6700 6701 6602 
6765 6602 6701 6702 6603 
6766 6603 6702 6703 6604 
6767 6604 6703 6704 6605 
6768 6605 6704 6705 6606 
6769 6606 6705 6706 6607 
6770 6607 6706 6707 6608 
6771 6608 6707 6708 6609 
6772 6609 6708 6709 6610 
6773 6610 6709 6710 6611 
6774 6611 6710 6711 6612 
6775 6612 6711 6712 6613 
6776 6613 6712 6713 6614 
6777 6614 6713 6714 6615 
6778 6615 6714 6715 6616 
6779 6616 6715 6716 6617 
6780 6617 6716 6717 6618 
6781 6618 6717 6718 6619 
6782 6619 6718 6719 6620 
6783 6620 6719 6720 6621 
6784 6621 6720 6721 6622 
6785 6622 6721 6722 6623 
6786 6623 6722 6723 6624 
6787 6624 6723 6724 6625 
6788 6625 6724 6725 6626 
6789 6626 6725 6726 6627 
6790 6627 6726 6727 6628 
6791 6628 6727 6728 6629 
6792 6629 6728 6729 6630 
6793 6630 6729 6730 6631 
6794 6631 6730 6731 6632 
6795 6632 6731 6732 6633 
6796 6633 6732 6733 6634 
6797 6634 6733 6734 6635 
6798 6635 6734 6735 6636 
6799 6636 6735 6736 6637 
6800 6637 6736 238 239 
6801 68 69 6737 6638 
6802 6638 6737 6738 6639 
6803 6639 6738 6739 6640 
6804 6640 6739 6740 6641 
6805 6641 6740 6741 6642 
6806 6642 6741 6742 6643 
6807 6643 6742 6743 6644 
6808 6644 6743 6744 6645 
6809 6645 6744 6745 6646 
6810 6646 6745 6746 6647 
6811 6647 6746 6747 6648 
6812 6648 6747 6748 6649 
6813 6649 6748 6749 6650 
6814 6650 6749 6750 6651 
6815 6651 6750 6751 6652 
6816 6652 6751 6752 6653 
6817 6653 6752 6753 6654 
6818 6654 6753 6754 6655 
6819 6655 6754 6755 6656 
6820 6656 6755 6756 6657 
6821 6657 6756 6757 6658 
6822 6658 6757 6758 6659 
6823 6659 6758 6759 6660 
6824 6660 6759 6760 6661 
6825 6661 6760 6761 6662 
6826 6662 6761 6762 6663 
6827 6663 6762 6763 6664 
6828 6664 6763 6764 6665 
6829 6665 6764 6765 6666 
6830 6666 6765 6766 6667 
6831 6667 6766 6767 6668 
6832 6668 6767 6768 6669 
6833 6669 6768 6769 6670 
6834 6670 6769 6770 6671 
6835 6671 6770 6771 6672 
6836 6672 6771 6772 6673 
6837 6673 6772 6773 6674 
6838 6674 6773 6774 6675 
6839 6675 6774 6775 6676 
6840 6676 6775 6776 6677 
6841 6677 6776 6777 6678 
6842 6678 6777 6778 6679 
6843 6679 6778 6779 6680 
6844 6680 6779 6780 6681 
6845 6681 6780 6781 6682 
6846 6682 6781 6782 6683 
6847 6683 6782 6783 6684 
6848 6684 6783 6784 6685 
6849 6685 6784 6785 6686 
6850 6686 6785 6786 6687 
6851 6687 6786 6787 6688 
6852 6688 6787 6788 6689 
6853 6689 6788 6789 6690 
6854 6690 6789 6790 6691 
6855 6691 6790 6791 6692 
6856 6692 6791 6792 6693 
6857 6693 6792 6793 6694 
6858 6694 6793 6794 6695 
6859 6695 6794 6795 6696 
6860 6696 6795 6796 6697 
6861 6697 6796 6797 6698 
6862 6698 6797 6798 6699 
6863 6699 6798 6799 6700 
6864 6700 6799 6800 6701 
6865 6701 6800 6801 6702 
6866 6702 6801 6802 6703 
6867 6703 6802 6803 6704 
6868 6704 6803 6804 6705 
6869 6705 6804 6805 6706 
6870 6706 6805 6806 6707 
6871 6707 6806 6807 6708 
6872 6708 6807 6808 6709 
6873 6709 6808 6809 6710 
6874 6710 6809 6810 6711 
6875 6711 6810 6811 6712 
6876 6712 6811 6812 6713 
6877 6713 6812 6813 6714 
6878 6714 6813 6814 6715 
6879 6715 6814 6815 6716 
6880 6716 6815 6816 6717 
6881 6717 6816 6817 6718 
6882 6718 6817 6818 6719 
6883 6719 6818 6819 6720 
6884 6720 6819 6820 6721 
6885 6721 6820 6821 6722 
6886 6722 6821 6822 6723 
6887 6723 6822 6823 6724 
6888 6724 6823 6824 6725 
6889 6725 6824 6825 6726 
6890 6726 6825 6826 6727 
6891 6727 6826 6827 6728 
6892 6728 6827 6828 6729 
6893 6729 6828 6829 6730 
6894 6730 6829 6830 6731 
6895 6731 6830 6831 6732 
6896 6732 6831 6832 6733 
6897 6733 6832 6833 6734 
6898 6734 6833 6834 6735 
6899 6735 6834 6835 6736 
6900 6736 6835 237 238 
6901 69 70 6836 6737 
6902 6737 6836 6837 6738 
6903 6738 6837 6838 6739 
6904 6739 6838 6839 6740 
6905 6740 6839 6840 6741 
6906 6741 6840 6841 6742 
6907 6742 6841 6842 6743 
6908 6743 6842 6843 6744 
6909 6744 6843 6844 6745 
6910 6745 6844 6845 6746 
6911 6746 6845 6846 6747 
6912 6747 6846 6847 6748 
6913 6748 6847 6848 6749 
6914 6749 6848 6849 6750 
6915 6750 6849 6850 6751 
6916 6751 6850 6851 6752 
6917 6752 6851 6852 6753 
6918 6753 6852 6853 6754 
6919 6754 6853 6854 6755 
6920 6755 6854 6855 6756 
6921 6756 6855 6856 6757 
6922 6757 6856 6857 6758 
6923 6758 6857 6858 6759 
6924 6759 6858 6859 6760 
6925 6760 6859 6860 6761 
6926 6761 6860 6861 6762 
6927 6762 6861 6862 6763 
6928 6763 6862 6863 6764 
6929 6764 6863 6864 6765 
6930 6765 6864 6865 6766 
6931 6766 6865 6866 6767 
6932 6767 6866 6867 6768 
6933 6768 6867 6868 6769 
6934 6769 6868 6869 6770 
6935 6770 6869 6870 6771 
6936 6771 6870 6871 6772 
6937 6772 6871 6872 6773 
6938 6773 6872 6873 6774 
6939 6774 6873 6874 6775 
6940 6775 6874 6875 6776 
6941 6776 6875 6876 6777 
6942 6777 6876 6877 6778 
6943 6778 6877 6878 6779 
6944 6779 6878 6879 6780 
6945 6780 6879 6880 6781 
6946 6781 6880 6881 6782 
6947 6782 6881 6882 6783 
6948 6783 6882 6883 6784 
6949 6784 6883 6884 6785 
6950 6785 6884 6885 6786 
6951 6786 6885 6886 6787 
6952 6787 6886 6887 6788 
6953 6788 6887 6888 6789 
6954 6789 6888 6889 6790 
6955 6790 6889 6890 6791 
6956 6791 6890 6891 6792 
6957 6792 6891 6892 6793 
6958 6793 6892 6893 6794 
6959 6794 6893 6894 6795 
6960 6795 6894 6895 6796 
6961 6796 6895 6896 6797 
6962 6797 6896 6897 6798 
6963 6798 6897 6898 6799 
6964 6799 6898 6899 6800 
6965 6800 6899 6900 6801 
6966 6801 6900 6901 6802 
6967 6802 6901 6902 6803 
6968 6803 6902 6903 6804 
6969 6804 6903 6904 6805 
6970 6805 6904 6905 6806 
6971 6806 6905 6906 6807 
6972 6807 6906 6907 6808 
6973 6808 6907 6908 6809 
6974 6809 6908 6909 6810 
6975 6810 6909 6910 6811 
6976 6811 6910 6911 6812 
6977 6812 6911 6912 6813 
6978 6813 6912 6913 6814 
6979 6814 6913 6914 6815 
6980 6815 6914 6915 6816 
6981 6816 6915 6916 6817 
6982 6817 6916 6917 6818 
6983 6818 6917 6918 6819 
6984 6819 6918 6919 6820 
6985 6820 6919 6920 6821 
6986 6821 6920 6921 6822 
6987 6822 6921 6922 6823 
6988 6823 6922 6923 6824 
6989 6824 6923 6924 6825 
6990 6825 6924 6925 6826 
6991 6826 6925 6926 6827 
6992 6827 6926 6927 6828 
6993 6828 6927 6928 6829 
6994 6829 6928 6929 6830 
6995 6830 6929 6930 6831 
6996 6831 6930 6931 6832 
6997 6832 6931 6932 6833 
6998 6833 6932 6933 6834 
6999 6834 6933 6934 6835 
7000 6835 6934 236 237 
7001 70 71 6935 6836 
7002 6836 6935 6936 6837 
7003 6837 6936 6937 6838 
7004 6838 6937 6938 6839 
7005 6839 6938 6939 6840 
7006 6840 6939 6940 6841 
7007 6841 6940 6941 6842 
7008 6842 6941 6942 6843 
7009 6843 6942 6943 6844 
7010 6844 6943 6944 6845 
7011 6845 6944 6945 6846 
7012 6846 6945 6946 6847 
7013 6847 6946 6947 6848 
7014 6848 6947 6948 6849 
7015 6849 6948 6949 6850 
7016 6850 6949 6950 6851 
7017 6851 6950 6951 6852 
7018 6852 6951 6952 6853 
7019 6853 6952 6953 6854 
7020 6854 6953 6954 6855 
7021 6855 6954 6955 6856 
7022 6856 6955 6956 6857 
7023 6857 6956 6957 6858 
7024 6858 6957 6958 6859 
7025 6859 6958 6959 6860 
7026 6860 6959 6960 6861 
7027 6861 6960 6961 6862 
7028 6862 6961 6962 6863 
7029 6863 6962 6963 6864 
7030 6864 6963 6964 6865 
7031 6865 6964 6965 6866 
7032 6866 6965 6966 6867 
7033 6867 6966 6967 6868 
7034 6868 6967 6968 6869 
7035 6869 6968 6969 6870 
7036 6870 6969 6970 6871 
7037 6871 6970 6971 6872 
7038 6872 6971 6972 6873 
7039 6873 6972 6973 6874 
7040 6874 6973 6974 6875 
7041 6875 6974 6975 6876 
7042 6876 6975 6976 6877 
7043 6877 6976 6977 6878 
7044 6878 6977 6978 6879 
7045 6879 6978 6979 6880 
7046 6880 6979 6980 6881 
7047 6881 6980 6981 6882 
7048 6882 6981 6982 6883 
7049 6883 6982 6983 6884 
7050 6884 6983 6984 6885 
7051 6885 6984 6985 6886 
7052 6886 6985 6986 6887 
7053 6887 6986 6987 6888 
7054 6888 6987 6988 6889 
7055 6889 6988 6989 6890 
7056 6890 6989 6990 6891 
7057 6891 6990 6991 6892 
7058 6892 6991 6992 6893 
7059 6893 6992 6993 6894 
7060 6894 6993 6994 6895 
7061 6895 6994 6995 6896 
7062 6896 6995 6996 6897 
7063 6897 6996 6997 6898 
7064 6898 6997 6998 6899 
7065 6899 6998 6999 6900 
7066 6900 6999 7000 6901 
7067 6901 7000 7001 6902 
7068 6902 7001 7002 6903 
7069 6903 7002 7003 6904 
7070 6904 7003 7004 6905 
7071 6905 7004 7005 6906 
7072 6906 7005 7006 6907 
7073 6907 7006 7007 6908 
7074 6908 7007 7008 6909 
7075 6909 7008 7009 6910 
7076 6910 7009 7010 6911 
7077 6911 7010 7011 6912 
7078 6912 7011 7012 6913 
7079 6913 7012 7013 6914 
7080 6914 7013 7014 6915 
7081 6915 7014 7015 6916 
7082 6916 7015 7016 6917 
7083 6917 7016 7017 6918 
7084 6918 7017 7018 6919 
7085 6919 7018 7019 6920 
7086 6920 7019 7020 6921 
7087 6921 7020 7021 6922 
7088 6922 7021 7022 6923 
7089 6923 7022 7023 6924 
7090 6924 7023 7024 6925 
7091 6925 7024 7025 6926 
7092 6926 7025 7026 6927 
7093 6927 7026 7027 6928 
7094 6928 7027 7028 6929 
7095 6929 7028 7029 6930 
7096 6930 7029 7030 6931 
7097 6931 7030 7031 6932 
7098 6932 7031 7032 6933 
7099 6933 7032 7033 6934 
7100 6934 7033 235 236 
7101 71 72 7034 6935 
7102 6935 7034 7035 6936 
7103 6936 7035 7036 6937 
7104 6937 7036 7037 6938 
7105 6938 7037 7038 6939 
7106 6939 7038 7039 6940 
7107 6940 7039 7040 6941 
7108 6941 7040 7041 6942 
7109 6942 7041 7042 6943 
7110 6943 7042 7043 6944 
7111 6944 7043 7044 6945 
7112 6945 7044 7045 6946 
7113 6946 7045 7046 6947 
7114 6947 7046 7047 6948 
7115 6948 7047 7048 6949 
7116 6949 7048 7049 6950 
7117 6950 7049 7050 6951 
7118 6951 7050 7051 6952 
7119 6952 7051 7052 6953 
7120 6953 7052 7053 6954 
7121 6954 7053 7054 6955 
7122 6955 7054 7055 6956 
7123 6956 7055 7056 6957 
7124 6957 7056 7057 6958 
7125 6958 7057 7058 6959 
7126 6959 7058 7059 6960 
7127 6960 7059 7060 6961 
7128 6961 7060 7061 6962 
7129 6962 7061 7062 6963 
7130 6963 7062 7063 6964 
7131 6964 7063 7064 6965 
7132 6965 7064 7065 6966 
7133 6966 7065 7066 6967 
7134 6967 7066 7067 6968 
7135 6968 7067 7068 6969 
7136 6969 7068 7069 6970 
7137 6970 7069 7070 6971 
7138 6971 7070 7071 6972 
7139 6972 7071 7072 6973 
7140 6973 7072 7073 6974 
7141 6974 7073 7074 6975 
7142 6975 7074 7075 6976 
7143 6976 7075 7076 6977 
7144 6977 7076 7077 6978 
7145 6978 7077 7078 6979 
7146 6979 7078 7079 6980 
7147 6980 7079 7080 6981 
7148 6981 7080 7081 6982 
7149 6982 7081 7082 6983 
7150 6983 7082 7083 6984 
7151 6984 7083 7084 6985 
7152 6985 7084 7085 6986 
7153 6986 7085 7086 6987 
7154 6987 7086 7087 6988 
7155 6988 7087 7088 6989 
7156 6989 7088 7089 6990 
7157 6990 7089 7090 6991 
7158 6991 7090 7091 6992 
7159 6992 7091 7092 6993 
7160 6993 7092 7093 6994 
7161 6994 7093 7094 6995 
7162 6995 7094 7095 6996 
7163 6996 7095 7096 6997 
7164 6997 7096 7097 6998 
7165 6998 7097 7098 6999 
7166 6999 7098 7099 7000 
7167 7000 7099 7100 7001 
7168 7001 7100 7101 7002 
7169 7002 7101 7102 7003 
7170 7003 7102 7103 7004 
7171 7004 7103 7104 7005 
7172 7005 7104 7105 7006 
7173 7006 7105 7106 7007 
7174 7007 7106 7107 7008 
7175 7008 7107 7108 7009 
7176 7009 7108 7109 7010 
7177 7010 7109 7110 7011 
7178 7011 7110 7111 7012 
7179 7012 7111 7112 7013 
7180 7013 7112 7113 7014 
7181 7014 7113 7114 7015 
7182 7015 7114 7115 7016 
7183 7016 7115 7116 7017 
7184 7017 7116 7117 7018 
7185 7018 7117 7118 7019 
7186 7019 7118 7119 7020 
7187 7020 7119 7120 7021 
7188 7021 7120 7121 7022 
7189 7022 7121 7122 7023 
7190 7023 7122 7123 7024 
7191 7024 7123 7124 7025 
7192 7025 7124 7125 7026 
7193 7026 7125 7126 7027 
7194 7027 7126 7127 7028 
7195 7028 7127 7128 7029 
7196 7029 7128 7129 7030 
7197 7030 7129 7130 7031 
7198 7031 7130 7131 7032 
7199 7032 7131 7132 7033 
7200 7033 7132 234 235 
7201 72 73 7133 7034 
7202 7034 7133 7134 7035 
7203 7035 7134 7135 7036 
7204 7036 7135 7136 7037 
7205 7037 7136 7137 7038 
7206 7038 7137 7138 7039 
7207 7039 7138 7139 7040 
7208 7040 7139 7140 7041 
7209 7041 7140 7141 7042 
7210 7042 7141 7142 7043 
7211 7043 7142 7143 7044 
7212 7044 7143 7144 7045 
7213 7045 7144 7145 7046 
7214 7046 7145 7146 7047 
7215 7047 7146 7147 7048 
7216 7048 7147 7148 7049 
7217 7049 7148 7149 7050 
7218 7050 7149 7150 7051 
7219 7051 7150 7151 7052 
7220 7052 7151 7152 7053 
7221 7053 7152 7153 7054 
7222 7054 7153 7154 7055 
7223 7055 7154 7155 7056 
7224 7056 7155 7156 7057 
7225 7057 7156 7157 7058 
7226 7058 7157 7158 7059 
7227 7059 7158 7159 7060 
7228 7060 7159 7160 7061 
7229 7061 7160 7161 7062 
7230 7062 7161 7162 7063 
7231 7063 7162 7163 7064 
7232 7064 7163 7164 7065 
7233 7065 7164 7165 7066 
7234 7066 7165 7166 7067 
7235 7067 7166 7167 7068 
7236 7068 7167 7168 7069 
7237 7069 7168 7169 7070 
7238 7070 7169 7170 7071 
7239 7071 7170 7171 7072 
7240 7072 7171 7172 7073 
7241 7073 7172 7173 7074 
7242 7074 7173 7174 7075 
7243 7075 7174 7175 7076 
7244 7076 7175 7176 7077 
7245 7077 7176 7177 7078 
7246 7078 7177 7178 7079 
7247 7079 7178 7179 7080 
7248 7080 7179 7180 7081 
7249 7081 7180 7181 7082 
7250 7082 7181 7182 7083 
7251 7083 7182 7183 7084 
7252 7084 7183 7184 7085 
7253 7085 7184 7185 7086 
7254 7086 7185 7186 7087 
7255 7087 7186 7187 7088 
7256 7088 7187 7188 7089 
7257 7089 7188 7189 7090 
7258 7090 7189 7190 7091 
7259 7091 7190 7191 7092 
7260 7092 7191 7192 7093 
7261 7093 7192 7193 7094 
7262 7094 7193 7194 7095 
7263 7095 7194 7195 7096 
7264 7096 7195 7196 7097 
7265 7097 7196 7197 7098 
7266 7098 7197 7198 7099 
7267 7099 7198 7199 7100 
7268 7100 7199 7200 7101 
7269 7101 7200 7201 7102 
7270 7102 7201 7202 7103 
7271 7103 7202 7203 7104 
7272 7104 7203 7204 7105 
7273 7105 7204 7205 7106 
7274 7106 7205 7206 7107 
7275 7107 7206 7207 7108 
7276 7108 7207 7208 7109 
7277 7109 7208 7209 7110 
7278 7110 7209 7210 7111 
7279 7111 7210 7211 7112 
7280 7112 7211 7212 7113 
7281 7113 7212 7213 7114 
7282 7114 7213 7214 7115 
7283 7115 7214 7215 7116 
7284 7116 7215 7216 7117 
7285 7117 7216 7217 7118 
7286 7118 7217 7218 7119 
7287 7119 7218 7219 7120 
7288 7120 7219 7220 7121 
7289 7121 7220 7221 7122 
7290 7122 7221 7222 7123 
7291 7123 7222 7223 7124 
7292 7124 7223 7224 7125 
7293 7125 7224 7225 7126 
7294 7126 7225 7226 7127 
7295 7127 7226 7227 7128 
7296 7128 7227 7228 7129 
7297 7129 7228 7229 7130 
7298 7130 7229 7230 7131 
7299 7131 7230 7231 7132 
7300 7132 7231 233 234 
7301 73 74 7232 7133 
7302 7133 7232 7233 7134 
7303 7134 7233 7234 7135 
7304 7135 7234 7235 7136 
7305 7136 7235 7236 7137 
7306 7137 7236 7237 7138 
7307 7138 7237 7238 7139 
7308 7139 7238 7239 7140 
7309 7140 7239 7240 7141 
7310 7141 7240 7241 7142 
7311 7142 7241 7242 7143 
7312 7143 7242 7243 7144 
7313 7144 7243 7244 7145 
7314 7145 7244 7245 7146 
7315 7146 7245 7246 7147 
7316 7147 7246 7247 7148 
7317 7148 7247 7248 7149 
7318 7149 7248 7249 7150 
7319 7150 7249 7250 7151 
7320 7151 7250 7251 7152 
7321 7152 7251 7252 7153 
7322 7153 7252 7253 7154 
7323 7154 7253 7254 7155 
7324 7155 7254 7255 7156 
7325 7156 7255 7256 7157 
7326 7157 7256 7257 7158 
7327 7158 7257 7258 7159 
7328 7159 7258 7259 7160 
7329 7160 7259 7260 7161 
7330 7161 7260 7261 7162 
7331 7162 7261 7262 7163 
7332 7163 7262 7263 7164 
7333 7164 7263 7264 7165 
7334 7165 7264 7265 7166 
7335 7166 7265 7266 7167 
7336 7167 7266 7267 7168 
7337 7168 7267 7268 7169 
7338 7169 7268 7269 7170 
7339 7170 7269 7270 7171 
7340 7171 7270 7271 7172 
7341 7172 7271 7272 7173 
7342 7173 7272 7273 7174 
7343 7174 7273 7274 7175 
7344 7175 7274 7275 7176 
7345 7176 7275 7276 7177 
7346 7177 7276 7277 7178 
7347 7178 7277 7278 7179 
7348 7179 7278 7279 7180 
7349 7180 7279 7280 7181 
7350 7181 7280 7281 7182 
7351 7182 7281 7282 7183 
7352 7183 7282 7283 7184 
7353 7184 7283 7284 7185 
7354 7185 7284 7285 7186 
7355 7186 7285 7286 7187 
7356 7187 7286 7287 7188 
7357 7188 7287 7288 7189 
7358 7189 7288 7289 7190 
7359 7190 7289 7290 7191 
7360 7191 7290 7291 7192 
7361 7192 7291 7292 7193 
7362 7193 7292 7293 7194 
7363 7194 7293 7294 7195 
7364 7195 7294 7295 7196 
7365 7196 7295 7296 7197 
7366 7197 7296 7297 7198 
7367 7198 7297 7298 7199 
7368 7199 7298 7299 7200 
7369 7200 7299 7300 7201 
7370 7201 7300 7301 7202 
7371 7202 7301 7302 7203 
7372 7203 7302 7303 7204 
7373 7204 7303 7304 7205 
7374 7205 7304 7305 7206 
7375 7206 7305 7306 7207 
7376 7207 7306 7307 7208 
7377 7208 7307 7308 7209 
7378 7209 7308 7309 7210 
7379 7210 7309 7310 7211 
7380 7211 7310 7311 7212 
7381 7212 7311 7312 7213 
7382 7213 7312 7313 7214 
7383 7214 7313 7314 7215 
7384 7215 7314 7315 7216 
7385 7216 7315 7316 7217 
7386 7217 7316 7317 7218 
7387 7218 7317 7318 7219 
7388 7219 7318 7319 7220 
7389 7220 7319 7320 7221 
7390 7221 7320 7321 7222 
7391 7222 7321 7322 7223 
7392 7223 7322 7323 7224 
7393 7224 7323 7324 7225 
7394 7225 7324 7325 7226 
7395 7226 7325 7326 7227 
7396 7227 7326 7327 7228 
7397 7228 7327 7328 7229 
7398 7229 7328 7329 7230 
7399 7230 7329 7330 7231 
7400 7231 7330 232 233 
7401 74 75 7331 7232 
7402 7232 7331 7332 7233 
7403 7233 7332 7333 7234 
7404 7234 7333 7334 7235 
7405 7235 7334 7335 7236 
7406 7236 7335 7336 7237 
7407 7237 7336 7337 7238 
7408 7238 7337 7338 7239 
7409 7239 7338 7339 7240 
7410 7240 7339 7340 7241 
7411 7241 7340 7341 7242 
7412 7242 7341 7342 7243 
7413 7243 7342 7343 7244 
7414 7244 7343 7344 7245 
7415 7245 7344 7345 7246 
7416 7246 7345 7346 7247 
7417 7247 7346 7347 7248 
7418 7248 7347 7348 7249 
7419 7249 7348 7349 7250 
7420 7250 7349 7350 7251 
7421 7251 7350 7351 7252 
7422 7252 7351 7352 7253 
7423 7253 7352 7353 7254 
7424 7254 7353 7354 7255 
7425 7255 7354 7355 7256 
7426 7256 7355 7356 7257 
7427 7257 7356 7357 7258 
7428 7258 7357 7358 7259 
7429 7259 7358 7359 7260 
7430 7260 7359 7360 7261 
7431 7261 7360 7361 7262 
7432 7262 7361 7362 7263 
7433 7263 7362 7363 7264 
7434 7264 7363 7364 7265 
7435 7265 7364 7365 7266 
7436 7266 7365 7366 7267 
7437 7267 7366 7367 7268 
7438 7268 7367 7368 7269 
7439 7269 7368 7369 7270 
7440 7270 7369 7370 7271 
7441 7271 7370 7371 7272 
7442 7272 7371 7372 7273 
7443 7273 7372 7373 7274 
7444 7274 7373 7374 7275 
7445 7275 7374 7375 7276 
7446 7276 7375 7376 7277 
7447 7277 7376 7377 7278 
7448 7278 7377 7378 7279 
7449 7279 7378 7379 7280 
7450 7280 7379 7380 7281 
7451 7281 7380 7381 7282 
7452 7282 7381 7382 7283 
7453 7283 7382 7383 7284 
7454 7284 7383 7384 7285 
7455 7285 7384 7385 7286 
7456 7286 7385 7386 7287 
7457 7287 7386 7387 7288 
7458 7288 7387 7388 7289 
7459 7289 7388 7389 7290 
7460 7290 7389 7390 7291 
7461 7291 7390 7391 7292 
7462 7292 7391 7392 7293 
7463 7293 7392 7393 7294 
7464 7294 7393 7394 7295 
7465 7295 7394 7395 7296 
7466 7296 7395 7396 7297 
7467 7297 7396 7397 7298 
7468 7298 7397 7398 7299 
7469 7299 7398 7399 7300 
7470 7300 7399 7400 7301 
7471 7301 7400 7401 7302 
7472 7302 7401 7402 7303 
7473 7303 7402 7403 7304 
7474 7304 7403 7404 7305 
7475 7305 7404 7405 7306 
7476 7306 7405 7406 7307 
7477 7307 7406 7407 7308 
7478 7308 7407 7408 7309 
7479 7309 7408 7409 7310 
7480 7310 7409 7410 7311 
7481 7311 7410 7411 7312 
7482 7312 7411 7412 7313 
7483 7313 7412 7413 7314 
7484 7314 7413 7414 7315 
7485 7315 7414 7415 7316 
7486 7316 7415 7416 7317 
7487 7317 7416 7417 7318 
7488 7318 7417 7418 7319 
7489 7319 7418 7419 7320 
7490 7320 7419 7420 7321 
7491 7321 7420 7421 7322 
7492 7322 7421 7422 7323 
7493 7323 7422 7423 7324 
7494 7324 7423 7424 7325 
7495 7325 7424 7425 7326 
7496 7326 7425 7426 7327 
7497 7327 7426 7427 7328 
7498 7328 7427 7428 7329 
7499 7329 7428 7429 7330 
7500 7330 7429 231 232 
7501 75 76 7430 7331 
7502 7331 7430 7431 7332 
7503 7332 7431 7432 7333 
7504 7333 7432 7433 7334 
7505 7334 7433 7434 7335 
7506 7335 7434 7435 7336 
7507 7336 7435 7436 7337 
7508 7337 7436 7437 7338 
7509 7338 7437 7438 7339 
7510 7339 7438 7439 7340 
7511 7340 7439 7440 7341 
7512 7341 7440 7441 7342 
7513 7342 7441 7442 7343 
7514 7343 7442 7443 7344 
7515 7344 7443 7444 7345 
7516 7345 7444 7445 7346 
7517 7346 7445 7446 7347 
7518 7347 7446 7447 7348 
7519 7348 7447 7448 7349 
7520 7349 7448 7449 7350 
7521 7350 7449 7450 7351 
7522 7351 7450 7451 7352 
7523 7352 7451 7452 7353 
7524 7353 7452 7453 7354 
7525 7354 7453 7454 7355 
7526 7355 7454 7455 7356 
7527 7356 7455 7456 7357 
7528 7357 7456 7457 7358 
7529 7358 7457 7458 7359 
7530 7359 7458 7459 7360 
7531 7360 7459 7460 7361 
7532 7361 7460 7461 7362 
7533 7362 7461 7462 7363 
7534 7363 7462 7463 7364 
7535 7364 7463 7464 7365 
7536 7365 7464 7465 7366 
7537 7366 7465 7466 7367 
7538 7367 7466 7467 7368 
7539 7368 7467 7468 7369 
7540 7369 7468 7469 7370 
7541 7370 7469 7470 7371 
7542 7371 7470 7471 7372 
7543 7372 7471 7472 7373 
7544 7373 7472 7473 7374 
7545 7374 7473 7474 7375 
7546 7375 7474 7475 7376 
7547 7376 7475 7476 7377 
7548 7377 7476 7477 7378 
7549 7378 7477 7478 7379 
7550 7379 7478 7479 7380 
7551 7380 7479 7480 7381 
7552 7381 7480 7481 7382 
7553 7382 7481 7482 7383 
7554 7383 7482 7483 7384 
7555 7384 7483 7484 7385 
7556 7385 7484 7485 7386 
7557 7386 7485 7486 7387 
7558 7387 7486 7487 7388 
7559 7388 7487 7488 7389 
7560 7389 7488 7489 7390 
7561 7390 7489 7490 7391 
7562 7391 7490 7491 7392 
7563 7392 7491 7492 7393 
7564 7393 7492 7493 7394 
7565 7394 7493 7494 7395 
7566 7395 7494 7495 7396 
7567 7396 7495 7496 7397 
7568 7397 7496 7497 7398 
7569 7398 7497 7498 7399 
7570 7399 7498 7499 7400 
7571 7400 7499 7500 7401 
7572 7401 7500 7501 7402 
7573 7402 7501 7502 7403 
7574 7403 7502 7503 7404 
7575 7404 7503 7504 7405 
7576 7405 7504 7505 7406 
7577 7406 7505 7506 7407 
7578 7407 7506 7507 7408 
7579 7408 7507 7508 7409 
7580 7409 7508 7509 7410 
7581 7410 7509 7510 7411 
7582 7411 7510 7511 7412 
7583 7412 7511 7512 7413 
7584 7413 7512 7513 7414 
7585 7414 7513 7514 7415 
7586 7415 7514 7515 7416 
7587 7416 7515 7516 7417 
7588 7417 7516 7517 7418 
7589 7418 7517 7518 7419 
7590 7419 7518 7519 7420 
7591 7420 7519 7520 7421 
7592 7421 7520 7521 7422 
7593 7422 7521 7522 7423 
7594 7423 7522 7523 7424 
7595 7424 7523 7524 7425 
7596 7425 7524 7525 7426 
7597 7426 7525 7526 7427 
7598 7427 7526 7527 7428 
7599 7428 7527 7528 7429 
7600 7429 7528 230 231 
7601 76 77 7529 7430 
7602 7430 7529 7530 7431 
7603 7431 7530 7531 7432 
7604 7432 7531 7532 7433 
7605 7433 7532 7533 7434 
7606 7434 7533 7534 7435 
7607 7435 7534 7535 7436 
7608 7436 7535 7536 7437 
7609 7437 7536 7537 7438 
7610 7438 7537 7538 7439 
7611 7439 7538 7539 7440 
7612 7440 7539 7540 7441 
7613 7441 7540 7541 7442 
7614 7442 7541 7542 7443 
7615 7443 7542 7543 7444 
7616 7444 7543 7544 7445 
7617 7445 7544 7545 7446 
7618 7446 7545 7546 7447 
7619 7447 7546 7547 7448 
7620 7448 7547 7548 7449 
7621 7449 7548 7549 7450 
7622 7450 7549 7550 7451 
7623 7451 7550 7551 7452 
7624 7452 7551 7552 7453 
7625 7453 7552 7553 7454 
7626 7454 7553 7554 7455 
7627 7455 7554 7555 7456 
7628 7456 7555 7556 7457 
7629 7457 7556 7557 7458 
7630 7458 7557 7558 7459 
7631 7459 7558 7559 7460 
7632 7460 7559 7560 7461 
7633 7461 7560 7561 7462 
7634 7462 7561 7562 7463 
7635 7463 7562 7563 7464 
7636 7464 7563 7564 7465 
7637 7465 7564 7565 7466 
7638 7466 7565 7566 7467 
7639 7467 7566 7567 7468 
7640 7468 7567 7568 7469 
7641 7469 7568 7569 7470 
7642 7470 7569 7570 7471 
7643 7471 7570 7571 7472 
7644 7472 7571 7572 7473 
7645 7473 7572 7573 7474 
7646 7474 7573 7574 7475 
7647 7475 7574 7575 7476 
7648 7476 7575 7576 7477 
7649 7477 7576 7577 7478 
7650 7478 7577 7578 7479 
7651 7479 7578 7579 7480 
7652 7480 7579 7580 7481 
7653 7481 7580 7581 7482 
7654 7482 7581 7582 7483 
7655 7483 7582 7583 7484 
7656 7484 7583 7584 7485 
7657 7485 7584 7585 7486 
7658 7486 7585 7586 7487 
7659 7487 7586 7587 7488 
7660 7488 7587 7588 7489 
7661 7489 7588 7589 7490 
7662 7490 7589 7590 7491 
7663 7491 7590 7591 7492 
7664 7492 7591 7592 7493 
7665 7493 7592 7593 7494 
7666 7494 7593 7594 7495 
7667 7495 7594 7595 7496 
7668 7496 7595 7596 7497 
7669 7497 7596 7597 7498 
7670 7498 7597 7598 7499 
7671 7499 7598 7599 7500 
7672 7500 7599 7600 7501 
7673 7501 7600 7601 7502 
7674 7502 7601 7602 7503 
7675 7503 7602 7603 7504 
7676 7504 7603 7604 7505 
7677 7505 7604 7605 7506 
7678 7506 7605 7606 7507 
7679 7507 7606 7607 7508 
7680 7508 7607 7608 7509 
7681 7509 7608 7609 7510 
7682 7510 7609 7610 7511 
7683 7511 7610 7611 7512 
7684 7512 7611 7612 7513 
7685 7513 7612 7613 7514 
7686 7514 7613 7614 7515 
7687 7515 7614 7615 7516 
7688 7516 7615 7616 7517 
7689 7517 7616 7617 7518 
7690 7518 7617 7618 7519 
7691 7519 7618 7619 7520 
7692 7520 7619 7620 7521 
7693 7521 7620 7621 7522 
7694 7522 7621 7622 7523 
7695 7523 7622 7623 7524 
7696 7524 7623 7624 7525 
7697 7525 7624 7625 7526 
7698 7526 7625 7626 7527 
7699 7527 7626 7627 7528 
7700 7528 7627 229 230 
7701 77 78 7628 7529 
7702 7529 7628 7629 7530 
7703 7530 7629 7630 7531 
7704 7531 7630 7631 7532 
7705 7532 7631 7632 7533 
7706 7533 7632 7633 7534 
7707 7534 7633 7634 7535 
7708 7535 7634 7635 7536 
7709 7536 7635 7636 7537 
7710 7537 7636 7637 7538 
7711 7538 7637 7638 7539 
7712 7539 7638 7639 7540 
7713 7540 7639 7640 7541 
7714 7541 7640 7641 7542 
7715 7542 7641 7642 7543 
7716 7543 7642 7643 7544 
7717 7544 7643 7644 7545 
7718 7545 7644 7645 7546 
7719 7546 7645 7646 7547 
7720 7547 7646 7647 7548 
7721 7548 7647 7648 7549 
7722 7549 7648 7649 7550 
7723 7550 7649 7650 7551 
7724 7551 7650 7651 7552 
7725 7552 7651 7652 7553 
7726 7553 7652 7653 7554 
7727 7554 7653 7654 7555 
7728 7555 7654 7655 7556 
7729 7556 7655 7656 7557 
7730 7557 7656 7657 7558 
7731 7558 7657 7658 7559 
7732 7559 7658 7659 7560 
7733 7560 7659 7660 7561 
7734 7561 7660 7661 7562 
7735 7562 7661 7662 7563 
7736 7563 7662 7663 7564 
7737 7564 7663 7664 7565 
7738 7565 7664 7665 7566 
7739 7566 7665 7666 7567 
7740 7567 7666 7667 7568 
7741 7568 7667 7668 7569 
7742 7569 7668 7669 7570 
7743 7570 7669 7670 7571 
7744 7571 7670 7671 7572 
7745 7572 7671 7672 7573 
7746 7573 7672 7673 7574 
7747 7574 7673 7674 7575 
7748 7575 7674 7675 7576 
7749 7576 7675 7676 7577 
7750 7577 7676 7677 7578 
7751 7578 7677 7678 7579 
7752 7579 7678 7679 7580 
7753 7580 7679 7680 7581 
7754 7581 7680 7681 7582 
7755 7582 7681 7682 7583 
7756 7583 7682 7683 7584 
7757 7584 7683 7684 7585 
7758 7585 7684 7685 7586 
7759 7586 7685 7686 7587 
7760 7587 7686 7687 7588 
7761 7588 7687 7688 7589 
7762 7589 7688 7689 7590 
7763 7590 7689 7690 7591 
7764 7591 7690 7691 7592 
7765 7592 7691 7692 7593 
7766 7593 7692 7693 7594 
7767 7594 7693 7694 7595 
7768 7595 7694 7695 7596 
7769 7596 7695 7696 7597 
7770 7597 7696 7697 7598 
7771 7598 7697 7698 7599 
7772 7599 7698 7699 7600 
7773 7600 7699 7700 7601 
7774 7601 7700 7701 7602 
7775 7602 7701 7702 7603 
7776 7603 7702 7703 7604 
7777 7604 7703 7704 7605 
7778 7605 7704 7705 7606 
7779 7606 7705 7706 7607 
7780 7607 7706 7707 7608 
7781 7608 7707 7708 7609 
7782 7609 7708 7709 7610 
7783 7610 7709 7710 7611 
7784 7611 7710 7711 7612 
7785 7612 7711 7712 7613 
7786 7613 7712 7713 7614 
7787 7614 7713 7714 7615 
7788 7615 7714 7715 7616 
7789 7616 7715 7716 7617 
7790 7617 7716 7717 7618 
7791 7618 7717 7718 7619 
7792 7619 7718 7719 7620 
7793 7620 7719 7720 7621 
7794 7621 7720 7721 7622 
7795 7622 7721 7722 7623 
7796 7623 7722 7723 7624 
7797 7624 7723 7724 7625 
7798 7625 7724 7725 7626 
7799 7626 7725 7726 7627 
7800 7627 7726 228 229 
7801 78 79 7727 7628 
7802 7628 7727 7728 7629 
7803 7629 7728 7729 7630 
7804 7630 7729 7730 7631 
7805 7631 7730 7731 7632 
7806 7632 7731 7732 7633 
7807 7633 7732 7733 7634 
7808 7634 7733 7734 7635 
7809 7635 7734 7735 7636 
7810 7636 7735 7736 7637 
7811 7637 7736 7737 7638 
7812 7638 7737 7738 7639 
7813 7639 7738 7739 7640 
7814 7640 7739 7740 7641 
7815 7641 7740 7741 7642 
7816 7642 7741 7742 7643 
7817 7643 7742 7743 7644 
7818 7644 7743 7744 7645 
7819 7645 7744 7745 7646 
7820 7646 7745 7746 7647 
7821 7647 7746 7747 7648 
7822 7648 7747 7748 7649 
7823 7649 7748 7749 7650 
7824 7650 7749 7750 7651 
7825 7651 7750 7751 7652 
7826 7652 7751 7752 7653 
7827 7653 7752 7753 7654 
7828 7654 7753 7754 7655 
7829 7655 7754 7755 7656 
7830 7656 7755 7756 7657 
7831 7657 7756 7757 7658 
7832 7658 7757 7758 7659 
7833 7659 7758 7759 7660 
7834 7660 7759 7760 7661 
7835 7661 7760 7761 7662 
7836 7662 7761 7762 7663 
7837 7663 7762 7763 7664 
7838 7664 7763 7764 7665 
7839 7665 7764 7765 7666 
7840 7666 7765 7766 7667 
7841 7667 7766 7767 7668 
7842 7668 7767 7768 7669 
7843 7669 7768 7769 7670 
7844 7670 7769 7770 7671 
7845 7671 7770 7771 7672 
7846 7672 7771 7772 7673 
7847 7673 7772 7773 7674 
7848 7674 7773 7774 7675 
7849 7675 7774 7775 7676 
7850 7676 7775 7776 7677 
7851 7677 7776 7777 7678 
7852 7678 7777 7778 7679 
7853 7679 7778 7779 7680 
7854 7680 7779 7780 7681 
7855 7681 7780 7781 7682 
7856 7682 7781 7782 7683 
7857 7683 7782 7783 7684 
7858 7684 7783 7784 7685 
7859 7685 7784 7785 7686 
7860 7686 7785 7786 7687 
7861 7687 7786 7787 7688 
7862 7688 7787 7788 7689 
7863 7689 7788 7789 7690 
7864 7690 7789 7790 7691 
7865 7691 7790 7791 7692 
7866 7692 7791 7792 7693 
7867 7693 7792 7793 7694 
7868 7694 7793 7794 7695 
7869 7695 7794 7795 7696 
7870 7696 7795 7796 7697 
7871 7697 7796 7797 7698 
7872 7698 7797 7798 7699 
7873 7699 7798 7799 7700 
7874 7700 7799 7800 7701 
7875 7701 7800 7801 7702 
7876 7702 7801 7802 7703 
7877 7703 7802 7803 7704 
7878 7704 7803 7804 7705 
7879 7705 7804 7805 7706 
7880 7706 7805 7806 7707 
7881 7707 7806 7807 7708 
7882 7708 7807 7808 7709 
7883 7709 7808 7809 7710 
7884 7710 7809 7810 7711 
7885 7711 7810 7811 7712 
7886 7712 7811 7812 7713 
7887 7713 7812 7813 7714 
7888 7714 7813 7814 7715 
7889 7715 7814 7815 7716 
7890 7716 7815 7816 7717 
7891 7717 7816 7817 7718 
7892 7718 7817 7818 7719 
7893 7719 7818 7819 7720 
7894 7720 7819 7820 7721 
7895 7721 7820 7821 7722 
7896 7722 7821 7822 7723 
7897 7723 7822 7823 7724 
7898 7724 7823 7824 7725 
7899 7725 7824 7825 7726 
7900 7726 7825 227 228 
7901 79 80 7826 7727 
7902 7727 7826 7827 7728 
7903 7728 7827 7828 7729 
7904 7729 7828 7829 7730 
7905 7730 7829 7830 7731 
7906 7731 7830 7831 7732 
7907 7732 7831 7832 7733 
7908 7733 7832 7833 7734 
7909 7734 7833 7834 7735 
7910 7735 7834 7835 7736 
7911 7736 7835 7836 7737 
7912 7737 7836 7837 7738 
7913 7738 7837 7838 7739 
7914 7739 7838 7839 7740 
7915 7740 7839 7840 7741 
7916 7741 7840 7841 7742 
7917 7742 7841 7842 7743 
7918 7743 7842 7843 7744 
7919 7744 7843 7844 7745 
7920 7745 7844 7845 7746 
7921 7746 7845 7846 7747 
7922 7747 7846 7847 7748 
7923 7748 7847 7848 7749 
7924 7749 7848 7849 7750 
7925 7750 7849 7850 7751 
7926 7751 7850 7851 7752 
7927 7752 7851 7852 7753 
7928 7753 7852 7853 7754 
7929 7754 7853 7854 7755 
7930 7755 7854 7855 7756 
7931 7756 7855 7856 7757 
7932 7757 7856 7857 7758 
7933 7758 7857 7858 7759 
7934 7759 7858 7859 7760 
7935 7760 7859 7860 7761 
7936 7761 7860 7861 7762 
7937 7762 7861 7862 7763 
7938 7763 7862 7863 7764 
7939 7764 7863 7864 7765 
7940 7765 7864 7865 7766 
7941 7766 7865 7866 7767 
7942 7767 7866 7867 7768 
7943 7768 7867 7868 7769 
7944 7769 7868 7869 7770 
7945 7770 7869 7870 7771 
7946 7771 7870 7871 7772 
7947 7772 7871 7872 7773 
7948 7773 7872 7873 7774 
7949 7774 7873 7874 7775 
7950 7775 7874 7875 7776 
7951 7776 7875 7876 7777 
7952 7777 7876 7877 7778 
7953 7778 7877 7878 7779 
7954 7779 7878 7879 7780 
7955 7780 7879 7880 7781 
7956 7781 7880 7881 7782 
7957 7782 7881 7882 7783 
7958 7783 7882 7883 7784 
7959 7784 7883 7884 7785 
7960 7785 7884 7885 7786 
7961 7786 7885 7886 7787 
7962 7787 7886 7887 7788 
7963 7788 7887 7888 7789 
7964 7789 7888 7889 7790 
7965 7790 7889 7890 7791 
7966 7791 7890 7891 7792 
7967 7792 7891 7892 7793 
7968 7793 7892 7893 7794 
7969 7794 7893 7894 7795 
7970 7795 7894 7895 7796 
7971 7796 7895 7896 7797 
7972 7797 7896 7897 7798 
7973 7798 7897 7898 7799 
7974 7799 7898 7899 7800 
7975 7800 7899 7900 7801 
7976 7801 7900 7901 7802 
7977 7802 7901 7902 7803 
7978 7803 7902 7903 7804 
7979 7804 7903 7904 7805 
7980 7805 7904 7905 7806 
7981 7806 7905 7906 7807 
7982 7807 7906 7907 7808 
7983 7808 7907 7908 7809 
7984 7809 7908 7909 7810 
7985 7810 7909 7910 7811 
7986 7811 7910 7911 7812 
7987 7812 7911 7912 7813 
7988 7813 7912 7913 7814 
7989 7814 7913 7914 7815 
7990 7815 7914 7915 7816 
7991 7816 7915 7916 7817 
7992 7817 7916 7917 7818 
7993 7818 7917 7918 7819 
7994 7819 7918 7919 7820 
7995 7820 7919 7920 7821 
7996 7821 7920 7921 7822 
7997 7822 7921 7922 7823 
7998 7823 7922 7923 7824 
7999 7824 7923 7924 7825 
8000 7825 7924 226 227 
8001 80 81 7925 7826 
8002 7826 7925 7926 7827 
8003 7827 7926 7927 7828 
8004 7828 7927 7928 7829 
8005 7829 7928 7929 7830 
8006 7830 7929 7930 7831 
8007 7831 7930 7931 7832 
8008 7832 7931 7932 7833 
8009 7833 7932 7933 7834 
8010 7834 7933 7934 7835 
8011 7835 7934 7935 7836 
8012 7836 7935 7936 7837 
8013 7837 7936 7937 7838 
8014 7838 7937 7938 7839 
8015 7839 7938 7939 7840 
8016 7840 7939 7940 7841 
8017 7841 7940 7941 7842 
8018 7842 7941 7942 7843 
8019 7843 7942 7943 7844 
8020 7844 7943 7944 7845 
8021 7845 7944 7945 7846 
8022 7846 7945 7946 7847 
8023 7847 7946 7947 7848 
8024 7848 7947 7948 7849 
8025 7849 7948 7949 7850 
8026 7850 7949 7950 7851 
8027 7851 7950 7951 7852 
8028 7852 7951 7952 7853 
8029 7853 7952 7953 7854 
8030 7854 7953 7954 7855 
8031 7855 7954 7955 7856 
8032 7856 7955 7956 7857 
8033 7857 7956 7957 7858 
8034 7858 7957 7958 7859 
8035 7859 7958 7959 7860 
8036 7860 7959 7960 7861 
8037 7861 7960 7961 7862 
8038 7862 7961 7962 7863 
8039 7863 7962 7963 7864 
8040 7864 7963 7964 7865 
8041 7865 7964 7965 7866 
8042 7866 7965 7966 7867 
8043 7867 7966 7967 7868 
8044 7868 7967 7968 7869 
8045 7869 7968 7969 7870 
8046 7870 7969 7970 7871 
8047 7871 7970 7971 7872 
8048 7872 7971 7972 7873 
8049 7873 7972 7973 7874 
8050 7874 7973 7974 7875 
8051 7875 7974 7975 7876 
8052 7876 7975 7976 7877 
8053 7877 7976 7977 7878 
8054 7878 7977 7978 7879 
8055 7879 7978 7979 7880 
8056 7880 7979 7980 7881 
8057 7881 7980 7981 7882 
8058 7882 7981 7982 7883 
8059 7883 7982 7983 7884 
8060 7884 7983 7984 7885 
8061 7885 7984 7985 7886 
8062 7886 7985 7986 7887 
8063 7887 7986 7987 7888 
8064 7888 7987 7988 7889 
8065 7889 7988 7989 7890 
8066 7890 7989 7990 7891 
8067 7891 7990 7991 7892 
8068 7892 7991 7992 7893 
8069 7893 7992 7993 7894 
8070 7894 7993 7994 7895 
8071 7895 7994 7995 7896 
8072 7896 7995 7996 7897 
8073 7897 7996 7997 7898 
8074 7898 7997 7998 7899 
8075 7899 7998 7999 7900 
8076 7900 7999 8000 7901 
8077 7901 8000 8001 7902 
8078 7902 8001 8002 7903 
8079 7903 8002 8003 7904 
8080 7904 8003 8004 7905 
8081 7905 8004 8005 7906 
8082 7906 8005 8006 7907 
8083 7907 8006 8007 7908 
8084 7908 8007 8008 7909 
8085 7909 8008 8009 7910 
8086 7910 8009 8010 7911 
8087 7911 8010 8011 7912 
8088 7912 8011 8012 7913 
8089 7913 8012 8013 7914 
8090 7914 8013 8014 7915 
8091 7915 8014 8015 7916 
8092 7916 8015 8016 7917 
8093 7917 8016 8017 7918 
8094 7918 8017 8018 7919 
8095 7919 8018 8019 7920 
8096 7920 8019 8020 7921 
8097 7921 8020 8021 7922 
8098 7922 8021 8022 7923 
8099 7923 8022 8023 7924 
8100 7924 8023 225 226 
8101 81 82 8024 7925 
8102 7925 8024 8025 7926 
8103 7926 8025 8026 7927 
8104 7927 8026 8027 7928 
8105 7928 8027 8028 7929 
8106 7929 8028 8029 7930 
8107 7930 8029 8030 7931 
8108 7931 8030 8031 7932 
8109 7932 8031 8032 7933 
8110 7933 8032 8033 7934 
8111 7934 8033 8034 7935 
8112 7935 8034 8035 7936 
8113 7936 8035 8036 7937 
8114 7937 8036 8037 7938 
8115 7938 8037 8038 7939 
8116 7939 8038 8039 7940 
8117 7940 8039 8040 7941 
8118 7941 8040 8041 7942 
8119 7942 8041 8042 7943 
8120 7943 8042 8043 7944 
8121 7944 8043 8044 7945 
8122 7945 8044 8045 7946 
8123 7946 8045 8046 7947 
8124 7947 8046 8047 7948 
8125 7948 8047 8048 7949 
8126 7949 8048 8049 7950 
8127 7950 8049 8050 7951 
8128 7951 8050 8051 7952 
8129 7952 8051 8052 7953 
8130 7953 8052 8053 7954 
8131 7954 8053 8054 7955 
8132 7955 8054 8055 7956 
8133 7956 8055 8056 7957 
8134 7957 8056 8057 7958 
8135 7958 8057 8058 7959 
8136 7959 8058 8059 7960 
8137 7960 8059 8060 7961 
8138 7961 8060 8061 7962 
8139 7962 8061 8062 7963 
8140 7963 8062 8063 7964 
8141 7964 8063 8064 7965 
8142 7965 8064 8065 7966 
8143 7966 8065 8066 7967 
8144 7967 8066 8067 7968 
8145 7968 8067 8068 7969 
8146 7969 8068 8069 7970 
8147 7970 8069 8070 7971 
8148 7971 8070 8071 7972 
8149 7972 8071 8072 7973 
8150 7973 8072 8073 7974 
8151 7974 8073 8074 7975 
8152 7975 8074 8075 7976 
8153 7976 8075 8076 7977 
8154 7977 8076 8077 7978 
8155 7978 8077 8078 7979 
8156 7979 8078 8079 7980 
8157 7980 8079 8080 7981 
8158 7981 8080 8081 7982 
8159 7982 8081 8082 7983 
8160 7983 8082 8083 7984 
8161 7984 8083 8084 7985 
8162 7985 8084 8085 7986 
8163 7986 8085 8086 7987 
8164 7987 8086 8087 7988 
8165 7988 8087 8088 7989 
8166 7989 8088 8089 7990 
8167 7990 8089 8090 7991 
8168 7991 8090 8091 7992 
8169 7992 8091 8092 7993 
8170 7993 8092 8093 7994 
8171 7994 8093 8094 7995 
8172 7995 8094 8095 7996 
8173 7996 8095 8096 7997 
8174 7997 8096 8097 7998 
8175 7998 8097 8098 7999 
8176 7999 8098 8099 8000 
8177 8000 8099 8100 8001 
8178 8001 8100 8101 8002 
8179 8002 8101 8102 8003 
8180 8003 8102 8103 8004 
8181 8004 8103 8104 8005 
8182 8005 8104 8105 8006 
8183 8006 8105 8106 8007 
8184 8007 8106 8107 8008 
8185 8008 8107 8108 8009 
8186 8009 8108 8109 8010 
8187 8010 8109 8110 8011 
8188 8011 8110 8111 8012 
8189 8012 8111 8112 8013 
8190 8013 8112 8113 8014 
8191 8014 8113 8114 8015 
8192 8015 8114 8115 8016 
8193 8016 8115 8116 8017 
8194 8017 8116 8117 8018 
8195 8018 8117 8118 8019 
8196 8019 8118 8119 8020 
8197 8020 8119 8120 8021 
8198 8021 8120 8121 8022 
8199 8022 8121 8122 8023 
8200 8023 8122 224 225 
8201 82 83 8123 8024 
8202 8024 8123 8124 8025 
8203 8025 8124 8125 8026 
8204 8026 8125 8126 8027 
8205 8027 8126 8127 8028 
8206 8028 8127 8128 8029 
8207 8029 8128 8129 8030 
8208 8030 8129 8130 8031 
8209 8031 8130 8131 8032 
8210 8032 8131 8132 8033 
8211 8033 8132 8133 8034 
8212 8034 8133 8134 8035 
8213 8035 8134 8135 8036 
8214 8036 8135 8136 8037 
8215 8037 8136 8137 8038 
8216 8038 8137 8138 8039 
8217 8039 8138 8139 8040 
8218 8040 8139 8140 8041 
8219 8041 8140 8141 8042 
8220 8042 8141 8142 8043 
8221 8043 8142 8143 8044 
8222 8044 8143 8144 8045 
8223 8045 8144 8145 8046 
8224 8046 8145 8146 8047 
8225 8047 8146 8147 8048 
8226 8048 8147 8148 8049 
8227 8049 8148 8149 8050 
8228 8050 8149 8150 8051 
8229 8051 8150 8151 8052 
8230 8052 8151 8152 8053 
8231 8053 8152 8153 8054 
8232 8054 8153 8154 8055 
8233 8055 8154 8155 8056 
8234 8056 8155 8156 8057 
8235 8057 8156 8157 8058 
8236 8058 8157 8158 8059 
8237 8059 8158 8159 8060 
8238 8060 8159 8160 8061 
8239 8061 8160 8161 8062 
8240 8062 8161 8162 8063 
8241 8063 8162 8163 8064 
8242 8064 8163 8164 8065 
8243 8065 8164 8165 8066 
8244 8066 8165 8166 8067 
8245 8067 8166 8167 8068 
8246 8068 8167 8168 8069 
8247 8069 8168 8169 8070 
8248 8070 8169 8170 8071 
8249 8071 8170 8171 8072 
8250 8072 8171 8172 8073 
8251 8073 8172 8173 8074 
8252 8074 8173 8174 8075 
8253 8075 8174 8175 8076 
8254 8076 8175 8176 8077 
8255 8077 8176 8177 8078 
8256 8078 8177 8178 8079 
8257 8079 8178 8179 8080 
8258 8080 8179 8180 8081 
8259 8081 8180 8181 8082 
8260 8082 8181 8182 8083 
8261 8083 8182 8183 8084 
8262 8084 8183 8184 8085 
8263 8085 8184 8185 8086 
8264 8086 8185 8186 8087 
8265 8087 8186 8187 8088 
8266 8088 8187 8188 8089 
8267 8089 8188 8189 8090 
8268 8090 8189 8190 8091 
8269 8091 8190 8191 8092 
8270 8092 8191 8192 8093 
8271 8093 8192 8193 8094 
8272 8094 8193 8194 8095 
8273 8095 8194 8195 8096 
8274 8096 8195 8196 8097 
8275 8097 8196 8197 8098 
8276 8098 8197 8198 8099 
8277 8099 8198 8199 8100 
8278 8100 8199 8200 8101 
8279 8101 8200 8201 8102 
8280 8102 8201 8202 8103 
8281 8103 8202 8203 8104 
8282 8104 8203 8204 8105 
8283 8105 8204 8205 8106 
8284 8106 8205 8206 8107 
8285 8107 8206 8207 8108 
8286 8108 8207 8208 8109 
8287 8109 8208 8209 8110 
8288 8110 8209 8210 8111 
8289 8111 8210 8211 8112 
8290 8112 8211 8212 8113 
8291 8113 8212 8213 8114 
8292 8114 8213 8214 8115 
8293 8115 8214 8215 8116 
8294 8116 8215 8216 8117 
8295 8117 8216 8217 8118 
8296 8118 8217 8218 8119 
8297 8119 8218 8219 8120 
8298 8120 8219 8220 8121 
8299 8121 8220 8221 8122 
8300 8122 8221 223 224 
8301 83 84 8222 8123 
8302 8123 8222 8223 8124 
8303 8124 8223 8224 8125 
8304 8125 8224 8225 8126 
8305 8126 8225 8226 8127 
8306 8127 8226 8227 8128 
8307 8128 8227 8228 8129 
8308 8129 8228 8229 8130 
8309 8130 8229 8230 8131 
8310 8131 8230 8231 8132 
8311 8132 8231 8232 8133 
8312 8133 8232 8233 8134 
8313 8134 8233 8234 8135 
8314 8135 8234 8235 8136 
8315 8136 8235 8236 8137 
8316 8137 8236 8237 8138 
8317 8138 8237 8238 8139 
8318 8139 8238 8239 8140 
8319 8140 8239 8240 8141 
8320 8141 8240 8241 8142 
8321 8142 8241 8242 8143 
8322 8143 8242 8243 8144 
8323 8144 8243 8244 8145 
8324 8145 8244 8245 8146 
8325 8146 8245 8246 8147 
8326 8147 8246 8247 8148 
8327 8148 8247 8248 8149 
8328 8149 8248 8249 8150 
8329 8150 8249 8250 8151 
8330 8151 8250 8251 8152 
8331 8152 8251 8252 8153 
8332 8153 8252 8253 8154 
8333 8154 8253 8254 8155 
8334 8155 8254 8255 8156 
8335 8156 8255 8256 8157 
8336 8157 8256 8257 8158 
8337 8158 8257 8258 8159 
8338 8159 8258 8259 8160 
8339 8160 8259 8260 8161 
8340 8161 8260 8261 8162 
8341 8162 8261 8262 8163 
8342 8163 8262 8263 8164 
8343 8164 8263 8264 8165 
8344 8165 8264 8265 8166 
8345 8166 8265 8266 8167 
8346 8167 8266 8267 8168 
8347 8168 8267 8268 8169 
8348 8169 8268 8269 8170 
8349 8170 8269 8270 8171 
8350 8171 8270 8271 8172 
8351 8172 8271 8272 8173 
8352 8173 8272 8273 8174 
8353 8174 8273 8274 8175 
8354 8175 8274 8275 8176 
8355 8176 8275 8276 8177 
8356 8177 8276 8277 8178 
8357 8178 8277 8278 8179 
8358 8179 8278 8279 8180 
8359 8180 8279 8280 8181 
8360 8181 8280 8281 8182 
8361 8182 8281 8282 8183 
8362 8183 8282 8283 8184 
8363 8184 8283 8284 8185 
8364 8185 8284 8285 8186 
8365 8186 8285 8286 8187 
8366 8187 8286 8287 8188 
8367 8188 8287 8288 8189 
8368 8189 8288 8289 8190 
8369 8190 8289 8290 8191 
8370 8191 8290 8291 8192 
8371 8192 8291 8292 8193 
8372 8193 8292 8293 8194 
8373 8194 8293 8294 8195 
8374 8195 8294 8295 8196 
8375 8196 8295 8296 8197 
8376 8197 8296 8297 8198 
8377 8198 8297 8298 8199 
8378 8199 8298 8299 8200 
8379 8200 8299 8300 8201 
8380 8201 8300 8301 8202 
8381 8202 8301 8302 8203 
8382 8203 8302 8303 8204 
8383 8204 8303 8304 8205 
8384 8205 8304 8305 8206 
8385 8206 8305 8306 8207 
8386 8207 8306 8307 8208 
8387 8208 8307 8308 8209 
8388 8209 8308 8309 8210 
8389 8210 8309 8310 8211 
8390 8211 8310 8311 8212 
8391 8212 8311 8312 8213 
8392 8213 8312 8313 8214 
8393 8214 8313 8314 8215 
8394 8215 8314 8315 8216 
8395 8216 8315 8316 8217 
8396 8217 8316 8317 8218 
8397 8218 8317 8318 8219 
8398 8219 8318 8319 8220 
8399 8220 8319 8320 8221 
8400 8221 8320 222 223 
8401 84 85 8321 8222 
8402 8222 8321 8322 8223 
8403 8223 8322 8323 8224 
8404 8224 8323 8324 8225 
8405 8225 8324 8325 8226 
8406 8226 8325 8326 8227 
8407 8227 8326 8327 8228 
8408 8228 8327 8328 8229 
8409 8229 8328 8329 8230 
8410 8230 8329 8330 8231 
8411 8231 8330 8331 8232 
8412 8232 8331 8332 8233 
8413 8233 8332 8333 8234 
8414 8234 8333 8334 8235 
8415 8235 8334 8335 8236 
8416 8236 8335 8336 8237 
8417 8237 8336 8337 8238 
8418 8238 8337 8338 8239 
8419 8239 8338 8339 8240 
8420 8240 8339 8340 8241 
8421 8241 8340 8341 8242 
8422 8242 8341 8342 8243 
8423 8243 8342 8343 8244 
8424 8244 8343 8344 8245 
8425 8245 8344 8345 8246 
8426 8246 8345 8346 8247 
8427 8247 8346 8347 8248 
8428 8248 8347 8348 8249 
8429 8249 8348 8349 8250 
8430 8250 8349 8350 8251 
8431 8251 8350 8351 8252 
8432 8252 8351 8352 8253 
8433 8253 8352 8353 8254 
8434 8254 8353 8354 8255 
8435 8255 8354 8355 8256 
8436 8256 8355 8356 8257 
8437 8257 8356 8357 8258 
8438 8258 8357 8358 8259 
8439 8259 8358 8359 8260 
8440 8260 8359 8360 8261 
8441 8261 8360 8361 8262 
8442 8262 8361 8362 8263 
8443 8263 8362 8363 8264 
8444 8264 8363 8364 8265 
8445 8265 8364 8365 8266 
8446 8266 8365 8366 8267 
8447 8267 8366 8367 8268 
8448 8268 8367 8368 8269 
8449 8269 8368 8369 8270 
8450 8270 8369 8370 8271 
8451 8271 8370 8371 8272 
8452 8272 8371 8372 8273 
8453 8273 8372 8373 8274 
8454 8274 8373 8374 8275 
8455 8275 8374 8375 8276 
8456 8276 8375 8376 8277 
8457 8277 8376 8377 8278 
8458 8278 8377 8378 8279 
8459 8279 8378 8379 8280 
8460 8280 8379 8380 8281 
8461 8281 8380 8381 8282 
8462 8282 8381 8382 8283 
8463 8283 8382 8383 8284 
8464 8284 8383 8384 8285 
8465 8285 8384 8385 8286 
8466 8286 8385 8386 8287 
8467 8287 8386 8387 8288 
8468 8288 8387 8388 8289 
8469 8289 8388 8389 8290 
8470 8290 8389 8390 8291 
8471 8291 8390 8391 8292 
8472 8292 8391 8392 8293 
8473 8293 8392 8393 8294 
8474 8294 8393 8394 8295 
8475 8295 8394 8395 8296 
8476 8296 8395 8396 8297 
8477 8297 8396 8397 8298 
8478 8298 8397 8398 8299 
8479 8299 8398 8399 8300 
8480 8300 8399 8400 8301 
8481 8301 8400 8401 8302 
8482 8302 8401 8402 8303 
8483 8303 8402 8403 8304 
8484 8304 8403 8404 8305 
8485 8305 8404 8405 8306 
8486 8306 8405 8406 8307 
8487 8307 8406 8407 8308 
8488 8308 8407 8408 8309 
8489 8309 8408 8409 8310 
8490 8310 8409 8410 8311 
8491 8311 8410 8411 8312 
8492 8312 8411 8412 8313 
8493 8313 8412 8413 8314 
8494 8314 8413 8414 8315 
8495 8315 8414 8415 8316 
8496 8316 8415 8416 8317 
8497 8317 8416 8417 8318 
8498 8318 8417 8418 8319 
8499 8319 8418 8419 8320 
8500 8320 8419 221 222 
8501 85 86 8420 8321 
8502 8321 8420 8421 8322 
8503 8322 8421 8422 8323 
8504 8323 8422 8423 8324 
8505 8324 8423 8424 8325 
8506 8325 8424 8425 8326 
8507 8326 8425 8426 8327 
8508 8327 8426 8427 8328 
8509 8328 8427 8428 8329 
8510 8329 8428 8429 8330 
8511 8330 8429 8430 8331 
8512 8331 8430 8431 8332 
8513 8332 8431 8432 8333 
8514 8333 8432 8433 8334 
8515 8334 8433 8434 8335 
8516 8335 8434 8435 8336 
8517 8336 8435 8436 8337 
8518 8337 8436 8437 8338 
8519 8338 8437 8438 8339 
8520 8339 8438 8439 8340 
8521 8340 8439 8440 8341 
8522 8341 8440 8441 8342 
8523 8342 8441 8442 8343 
8524 8343 8442 8443 8344 
8525 8344 8443 8444 8345 
8526 8345 8444 8445 8346 
8527 8346 8445 8446 8347 
8528 8347 8446 8447 8348 
8529 8348 8447 8448 8349 
8530 8349 8448 8449 8350 
8531 8350 8449 8450 8351 
8532 8351 8450 8451 8352 
8533 8352 8451 8452 8353 
8534 8353 8452 8453 8354 
8535 8354 8453 8454 8355 
8536 8355 8454 8455 8356 
8537 8356 8455 8456 8357 
8538 8357 8456 8457 8358 
8539 8358 8457 8458 8359 
8540 8359 8458 8459 8360 
8541 8360 8459 8460 8361 
8542 8361 8460 8461 8362 
8543 8362 8461 8462 8363 
8544 8363 8462 8463 8364 
8545 8364 8463 8464 8365 
8546 8365 8464 8465 8366 
8547 8366 8465 8466 8367 
8548 8367 8466 8467 8368 
8549 8368 8467 8468 8369 
8550 8369 8468 8469 8370 
8551 8370 8469 8470 8371 
8552 8371 8470 8471 8372 
8553 8372 8471 8472 8373 
8554 8373 8472 8473 8374 
8555 8374 8473 8474 8375 
8556 8375 8474 8475 8376 
8557 8376 8475 8476 8377 
8558 8377 8476 8477 8378 
8559 8378 8477 8478 8379 
8560 8379 8478 8479 8380 
8561 8380 8479 8480 8381 
8562 8381 8480 8481 8382 
8563 8382 8481 8482 8383 
8564 8383 8482 8483 8384 
8565 8384 8483 8484 8385 
8566 8385 8484 8485 8386 
8567 8386 8485 8486 8387 
8568 8387 8486 8487 8388 
8569 8388 8487 8488 8389 
8570 8389 8488 8489 8390 
8571 8390 8489 8490 8391 
8572 8391 8490 8491 8392 
8573 8392 8491 8492 8393 
8574 8393 8492 8493 8394 
8575 8394 8493 8494 8395 
8576 8395 8494 8495 8396 
8577 8396 8495 8496 8397 
8578 8397 8496 8497 8398 
8579 8398 8497 8498 8399 
8580 8399 8498 8499 8400 
8581 8400 8499 8500 8401 
8582 8401 8500 8501 8402 
8583 8402 8501 8502 8403 
8584 8403 8502 8503 8404 
8585 8404 8503 8504 8405 
8586 8405 8504 8505 8406 
8587 8406 8505 8506 8407 
8588 8407 8506 8507 8408 
8589 8408 8507 8508 8409 
8590 8409 8508 8509 8410 
8591 8410 8509 8510 8411 
8592 8411 8510 8511 8412 
8593 8412 8511 8512 8413 
8594 8413 8512 8513 8414 
8595 8414 8513 8514 8415 
8596 8415 8514 8515 8416 
8597 8416 8515 8516 8417 
8598 8417 8516 8517 8418 
8599 8418 8517 8518 8419 
8600 8419 8518 220 221 
8601 86 87 8519 8420 
8602 8420 8519 8520 8421 
8603 8421 8520 8521 8422 
8604 8422 8521 8522 8423 
8605 8423 8522 8523 8424 
8606 8424 8523 8524 8425 
8607 8425 8524 8525 8426 
8608 8426 8525 8526 8427 
8609 8427 8526 8527 8428 
8610 8428 8527 8528 8429 
8611 8429 8528 8529 8430 
8612 8430 8529 8530 8431 
8613 8431 8530 8531 8432 
8614 8432 8531 8532 8433 
8615 8433 8532 8533 8434 
8616 8434 8533 8534 8435 
8617 8435 8534 8535 8436 
8618 8436 8535 8536 8437 
8619 8437 8536 8537 8438 
8620 8438 8537 8538 8439 
8621 8439 8538 8539 8440 
8622 8440 8539 8540 8441 
8623 8441 8540 8541 8442 
8624 8442 8541 8542 8443 
8625 8443 8542 8543 8444 
8626 8444 8543 8544 8445 
8627 8445 8544 8545 8446 
8628 8446 8545 8546 8447 
8629 8447 8546 8547 8448 
8630 8448 8547 8548 8449 
8631 8449 8548 8549 8450 
8632 8450 8549 8550 8451 
8633 8451 8550 8551 8452 
8634 8452 8551 8552 8453 
8635 8453 8552 8553 8454 
8636 8454 8553 8554 8455 
8637 8455 8554 8555 8456 
8638 8456 8555 8556 8457 
8639 8457 8556 8557 8458 
8640 8458 8557 8558 8459 
8641 8459 8558 8559 8460 
8642 8460 8559 8560 8461 
8643 8461 8560 8561 8462 
8644 8462 8561 8562 8463 
8645 8463 8562 8563 8464 
8646 8464 8563 8564 8465 
8647 8465 8564 8565 8466 
8648 8466 8565 8566 8467 
8649 8467 8566 8567 8468 
8650 8468 8567 8568 8469 
8651 8469 8568 8569 8470 
8652 8470 8569 8570 8471 
8653 8471 8570 8571 8472 
8654 8472 8571 8572 8473 
8655 8473 8572 8573 8474 
8656 8474 8573 8574 8475 
8657 8475 8574 8575 8476 
8658 8476 8575 8576 8477 
8659 8477 8576 8577 8478 
8660 8478 8577 8578 8479 
8661 8479 8578 8579 8480 
8662 8480 8579 8580 8481 
8663 8481 8580 8581 8482 
8664 8482 8581 8582 8483 
8665 8483 8582 8583 8484 
8666 8484 8583 8584 8485 
8667 8485 8584 8585 8486 
8668 8486 8585 8586 8487 
8669 8487 8586 8587 8488 
8670 8488 8587 8588 8489 
8671 8489 8588 8589 8490 
8672 8490 8589 8590 8491 
8673 8491 8590 8591 8492 
8674 8492 8591 8592 8493 
8675 8493 8592 8593 8494 
8676 8494 8593 8594 8495 
8677 8495 8594 8595 8496 
8678 8496 8595 8596 8497 
8679 8497 8596 8597 8498 
8680 8498 8597 8598 8499 
8681 8499 8598 8599 8500 
8682 8500 8599 8600 8501 
8683 8501 8600 8601 8502 
8684 8502 8601 8602 8503 
8685 8503 8602 8603 8504 
8686 8504 8603 8604 8505 
8687 8505 8604 8605 8506 
8688 8506 8605 8606 8507 
8689 8507 8606 8607 8508 
8690 8508 8607 8608 8509 
8691 8509 8608 8609 8510 
8692 8510 8609 8610 8511 
8693 8511 8610 8611 8512 
8694 8512 8611 8612 8513 
8695 8513 8612 8613 8514 
8696 8514 8613 8614 8515 
8697 8515 8614 8615 8516 
8698 8516 8615 8616 8517 
8699 8517 8616 8617 8518 
8700 8518 8617 219 220 
8701 87 88 8618 8519 
8702 8519 8618 8619 8520 
8703 8520 8619 8620 8521 
8704 8521 8620 8621 8522 
8705 8522 8621 8622 8523 
8706 8523 8622 8623 8524 
8707 8524 8623 8624 8525 
8708 8525 8624 8625 8526 
8709 8526 8625 8626 8527 
8710 8527 8626 8627 8528 
8711 8528 8627 8628 8529 
8712 8529 8628 8629 8530 
8713 8530 8629 8630 8531 
8714 8531 8630 8631 8532 
8715 8532 8631 8632 8533 
8716 8533 8632 8633 8534 
8717 8534 8633 8634 8535 
8718 8535 8634 8635 8536 
8719 8536 8635 8636 8537 
8720 8537 8636 8637 8538 
8721 8538 8637 8638 8539 
8722 8539 8638 8639 8540 
8723 8540 8639 8640 8541 
8724 8541 8640 8641 8542 
8725 8542 8641 8642 8543 
8726 8543 8642 8643 8544 
8727 8544 8643 8644 8545 
8728 8545 8644 8645 8546 
8729 8546 8645 8646 8547 
8730 8547 8646 8647 8548 
8731 8548 8647 8648 8549 
8732 8549 8648 8649 8550 
8733 8550 8649 8650 8551 
8734 8551 8650 8651 8552 
8735 8552 8651 8652 8553 
8736 8553 8652 8653 8554 
8737 8554 8653 8654 8555 
8738 8555 8654 8655 8556 
8739 8556 8655 8656 8557 
8740 8557 8656 8657 8558 
8741 8558 8657 8658 8559 
8742 8559 8658 8659 8560 
8743 8560 8659 8660 8561 
8744 8561 8660 8661 8562 
8745 8562 8661 8662 8563 
8746 8563 8662 8663 8564 
8747 8564 8663 8664 8565 
8748 8565 8664 8665 8566 
8749 8566 8665 8666 8567 
8750 8567 8666 8667 8568 
8751 8568 8667 8668 8569 
8752 8569 8668 8669 8570 
8753 8570 8669 8670 8571 
8754 8571 8670 8671 8572 
8755 8572 8671 8672 8573 
8756 8573 8672 8673 8574 
8757 8574 8673 8674 8575 
8758 8575 8674 8675 8576 
8759 8576 8675 8676 8577 
8760 8577 8676 8677 8578 
8761 8578 8677 8678 8579 
8762 8579 8678 8679 8580 
8763 8580 8679 8680 8581 
8764 8581 8680 8681 8582 
8765 8582 8681 8682 8583 
8766 8583 8682 8683 8584 
8767 8584 8683 8684 8585 
8768 8585 8684 8685 8586 
8769 8586 8685 8686 8587 
8770 8587 8686 8687 8588 
8771 8588 8687 8688 8589 
8772 8589 8688 8689 8590 
8773 8590 8689 8690 8591 
8774 8591 8690 8691 8592 
8775 8592 8691 8692 8593 
8776 8593 8692 8693 8594 
8777 8594 8693 8694 8595 
8778 8595 8694 8695 8596 
8779 8596 8695 8696 8597 
8780 8597 8696 8697 8598 
8781 8598 8697 8698 8599 
8782 8599 8698 8699 8600 
8783 8600 8699 8700 8601 
8784 8601 8700 8701 8602 
8785 8602 8701 8702 8603 
8786 8603 8702 8703 8604 
8787 8604 8703 8704 8605 
8788 8605 8704 8705 8606 
8789 8606 8705 8706 8607 
8790 8607 8706 8707 8608 
8791 8608 8707 8708 8609 
8792 8609 8708 8709 8610 
8793 8610 8709 8710 8611 
8794 8611 8710 8711 8612 
8795 8612 8711 8712 8613 
8796 8613 8712 8713 8614 
8797 8614 8713 8714 8615 
8798 8615 8714 8715 8616 
8799 8616 8715 8716 8617 
8800 8617 8716 218 219 
8801 88 89 8717 8618 
8802 8618 8717 8718 8619 
8803 8619 8718 8719 8620 
8804 8620 8719 8720 8621 
8805 8621 8720 8721 8622 
8806 8622 8721 8722 8623 
8807 8623 8722 8723 8624 
8808 8624 8723 8724 8625 
8809 8625 8724 8725 8626 
8810 8626 8725 8726 8627 
8811 8627 8726 8727 8628 
8812 8628 8727 8728 8629 
8813 8629 8728 8729 8630 
8814 8630 8729 8730 8631 
8815 8631 8730 8731 8632 
8816 8632 8731 8732 8633 
8817 8633 8732 8733 8634 
8818 8634 8733 8734 8635 
8819 8635 8734 8735 8636 
8820 8636 8735 8736 8637 
8821 8637 8736 8737 8638 
8822 8638 8737 8738 8639 
8823 8639 8738 8739 8640 
8824 8640 8739 8740 8641 
8825 8641 8740 8741 8642 
8826 8642 8741 8742 8643 
8827 8643 8742 8743 8644 
8828 8644 8743 8744 8645 
8829 8645 8744 8745 8646 
8830 8646 8745 8746 8647 
8831 8647 8746 8747 8648 
8832 8648 8747 8748 8649 
8833 8649 8748 8749 8650 
8834 8650 8749 8750 8651 
8835 8651 8750 8751 8652 
8836 8652 8751 8752 8653 
8837 8653 8752 8753 8654 
8838 8654 8753 8754 8655 
8839 8655 8754 8755 8656 
8840 8656 8755 8756 8657 
8841 8657 8756 8757 8658 
8842 8658 8757 8758 8659 
8843 8659 8758 8759 8660 
8844 8660 8759 8760 8661 
8845 8661 8760 8761 8662 
8846 8662 8761 8762 8663 
8847 8663 8762 8763 8664 
8848 8664 8763 8764 8665 
8849 8665 8764 8765 8666 
8850 8666 8765 8766 8667 
8851 8667 8766 8767 8668 
8852 8668 8767 8768 8669 
8853 8669 8768 8769 8670 
8854 8670 8769 8770 8671 
8855 8671 8770 8771 8672 
8856 8672 8771 8772 8673 
8857 8673 8772 8773 8674 
8858 8674 8773 8774 8675 
8859 8675 8774 8775 8676 
8860 8676 8775 8776 8677 
8861 8677 8776 8777 8678 
8862 8678 8777 8778 8679 
8863 8679 8778 8779 8680 
8864 8680 8779 8780 8681 
8865 8681 8780 8781 8682 
8866 8682 8781 8782 8683 
8867 8683 8782 8783 8684 
8868 8684 8783 8784 8685 
8869 8685 8784 8785 8686 
8870 8686 8785 8786 8687 
8871 8687 8786 8787 8688 
8872 8688 8787 8788 8689 
8873 8689 8788 8789 8690 
8874 8690 8789 8790 8691 
8875 8691 8790 8791 8692 
8876 8692 8791 8792 8693 
8877 8693 8792 8793 8694 
8878 8694 8793 8794 8695 
8879 8695 8794 8795 8696 
8880 8696 8795 8796 8697 
8881 8697 8796 8797 8698 
8882 8698 8797 8798 8699 
8883 8699 8798 8799 8700 
8884 8700 8799 8800 8701 
8885 8701 8800 8801 8702 
8886 8702 8801 8802 8703 
8887 8703 8802 8803 8704 
8888 8704 8803 8804 8705 
8889 8705 8804 8805 8706 
8890 8706 8805 8806 8707 
8891 8707 8806 8807 8708 
8892 8708 8807 8808 8709 
8893 8709 8808 8809 8710 
8894 8710 8809 8810 8711 
8895 8711 8810 8811 8712 
8896 8712 8811 8812 8713 
8897 8713 8812 8813 8714 
8898 8714 8813 8814 8715 
8899 8715 8814 8815 8716 
8900 8716 8815 217 218 
8901 89 90 8816 8717 
8902 8717 8816 8817 8718 
8903 8718 8817 8818 8719 
8904 8719 8818 8819 8720 
8905 8720 8819 8820 8721 
8906 8721 8820 8821 8722 
8907 8722 8821 8822 8723 
8908 8723 8822 8823 8724 
8909 8724 8823 8824 8725 
8910 8725 8824 8825 8726 
8911 8726 8825 8826 8727 
8912 8727 8826 8827 8728 
8913 8728 8827 8828 8729 
8914 8729 8828 8829 8730 
8915 8730 8829 8830 8731 
8916 8731 8830 8831 8732 
8917 8732 8831 8832 8733 
8918 8733 8832 8833 8734 
8919 8734 8833 8834 8735 
8920 8735 8834 8835 8736 
8921 8736 8835 8836 8737 
8922 8737 8836 8837 8738 
8923 8738 8837 8838 8739 
8924 8739 8838 8839 8740 
8925 8740 8839 8840 8741 
8926 8741 8840 8841 8742 
8927 8742 8841 8842 8743 
8928 8743 8842 8843 8744 
8929 8744 8843 8844 8745 
8930 8745 8844 8845 8746 
8931 8746 8845 8846 8747 
8932 8747 8846 8847 8748 
8933 8748 8847 8848 8749 
8934 8749 8848 8849 8750 
8935 8750 8849 8850 8751 
8936 8751 8850 8851 8752 
8937 8752 8851 8852 8753 
8938 8753 8852 8853 8754 
8939 8754 8853 8854 8755 
8940 8755 8854 8855 8756 
8941 8756 8855 8856 8757 
8942 8757 8856 8857 8758 
8943 8758 8857 8858 8759 
8944 8759 8858 8859 8760 
8945 8760 8859 8860 8761 
8946 8761 8860 8861 8762 
8947 8762 8861 8862 8763 
8948 8763 8862 8863 8764 
8949 8764 8863 8864 8765 
8950 8765 8864 8865 8766 
8951 8766 8865 8866 8767 
8952 8767 8866 8867 8768 
8953 8768 8867 8868 8769 
8954 8769 8868 8869 8770 
8955 8770 8869 8870 8771 
8956 8771 8870 8871 8772 
8957 8772 8871 8872 8773 
8958 8773 8872 8873 8774 
8959 8774 8873 8874 8775 
8960 8775 8874 8875 8776 
8961 8776 8875 8876 8777 
8962 8777 8876 8877 8778 
8963 8778 8877 8878 8779 
8964 8779 8878 8879 8780 
8965 8780 8879 8880 8781 
8966 8781 8880 8881 8782 
8967 8782 8881 8882 8783 
8968 8783 8882 8883 8784 
8969 8784 8883 8884 8785 
8970 8785 8884 8885 8786 
8971 8786 8885 8886 8787 
8972 8787 8886 8887 8788 
8973 8788 8887 8888 8789 
8974 8789 8888 8889 8790 
8975 8790 8889 8890 8791 
8976 8791 8890 8891 8792 
8977 8792 8891 8892 8793 
8978 8793 8892 8893 8794 
8979 8794 8893 8894 8795 
8980 8795 8894 8895 8796 
8981 8796 8895 8896 8797 
8982 8797 8896 8897 8798 
8983 8798 8897 8898 8799 
8984 8799 8898 8899 8800 
8985 8800 8899 8900 8801 
8986 8801 8900 8901 8802 
8987 8802 8901 8902 8803 
8988 8803 8902 8903 8804 
8989 8804 8903 8904 8805 
8990 8805 8904 8905 8806 
8991 8806 8905 8906 8807 
8992 8807 8906 8907 8808 
8993 8808 8907 8908 8809 
8994 8809 8908 8909 8810 
8995 8810 8909 8910 8811 
8996 8811 8910 8911 8812 
8997 8812 8911 8912 8813 
8998 8813 8912 8913 8814 
8999 8814 8913 8914 8815 
9000 8815 8914 216 217 
9001 90 91 8915 8816 
9002 8816 8915 8916 8817 
9003 8817 8916 8917 8818 
9004 8818 8917 8918 8819 
9005 8819 8918 8919 8820 
9006 8820 8919 8920 8821 
9007 8821 8920 8921 8822 
9008 8822 8921 8922 8823 
9009 8823 8922 8923 8824 
9010 8824 8923 8924 8825 
9011 8825 8924 8925 8826 
9012 8826 8925 8926 8827 
9013 8827 8926 8927 8828 
9014 8828 8927 8928 8829 
9015 8829 8928 8929 8830 
9016 8830 8929 8930 8831 
9017 8831 8930 8931 8832 
9018 8832 8931 8932 8833 
9019 8833 8932 8933 8834 
9020 8834 8933 8934 8835 
9021 8835 8934 8935 8836 
9022 8836 8935 8936 8837 
9023 8837 8936 8937 8838 
9024 8838 8937 8938 8839 
9025 8839 8938 8939 8840 
9026 8840 8939 8940 8841 
9027 8841 8940 8941 8842 
9028 8842 8941 8942 8843 
9029 8843 8942 8943 8844 
9030 8844 8943 8944 8845 
9031 8845 8944 8945 8846 
9032 8846 8945 8946 8847 
9033 8847 8946 8947 8848 
9034 8848 8947 8948 8849 
9035 8849 8948 8949 8850 
9036 8850 8949 8950 8851 
9037 8851 8950 8951 8852 
9038 8852 8951 8952 8853 
9039 8853 8952 8953 8854 
9040 8854 8953 8954 8855 
9041 8855 8954 8955 8856 
9042 8856 8955 8956 8857 
9043 8857 8956 8957 8858 
9044 8858 8957 8958 8859 
9045 8859 8958 8959 8860 
9046 8860 8959 8960 8861 
9047 8861 8960 8961 8862 
9048 8862 8961 8962 8863 
9049 8863 8962 8963 8864 
9050 8864 8963 8964 8865 
9051 8865 8964 8965 8866 
9052 8866 8965 8966 8867 
9053 8867 8966 8967 8868 
9054 8868 8967 8968 8869 
9055 8869 8968 8969 8870 
9056 8870 8969 8970 8871 
9057 8871 8970 8971 8872 
9058 8872 8971 8972 8873 
9059 8873 8972 8973 8874 
9060 8874 8973 8974 8875 
9061 8875 8974 8975 8876 
9062 8876 8975 8976 8877 
9063 8877 8976 8977 8878 
9064 8878 8977 8978 8879 
9065 8879 8978 8979 8880 
9066 8880 8979 8980 8881 
9067 8881 8980 8981 8882 
9068 8882 8981 8982 8883 
9069 8883 8982 8983 8884 
9070 8884 8983 8984 8885 
9071 8885 8984 8985 8886 
9072 8886 8985 8986 8887 
9073 8887 8986 8987 8888 
9074 8888 8987 8988 8889 
9075 8889 8988 8989 8890 
9076 8890 8989 8990 8891 
9077 8891 8990 8991 8892 
9078 8892 8991 8992 8893 
9079 8893 8992 8993 8894 
9080 8894 8993 8994 8895 
9081 8895 8994 8995 8896 
9082 8896 8995 8996 8897 
9083 8897 8996 8997 8898 
9084 8898 8997 8998 8899 
9085 8899 8998 8999 8900 
9086 8900 8999 9000 8901 
9087 8901 9000 9001 8902 
9088 8902 9001 9002 8903 
9089 8903 9002 9003 8904 
9090 8904 9003 9004 8905 
9091 8905 9004 9005 8906 
9092 8906 9005 9006 8907 
9093 8907 9006 9007 8908 
9094 8908 9007 9008 8909 
9095 8909 9008 9009 8910 
9096 8910 9009 9010 8911 
9097 8911 9010 9011 8912 
9098 8912 9011 9012 8913 
9099 8913 9012 9013 8914 
9100 8914 9013 215 216 
9101 91 92 9014 8915 
9102 8915 9014 9015 8916 
9103 8916 9015 9016 8917 
9104 8917 9016 9017 8918 
9105 8918 9017 9018 8919 
9106 8919 9018 9019 8920 
9107 8920 9019 9020 8921 
9108 8921 9020 9021 8922 
9109 8922 9021 9022 8923 
9110 8923 9022 9023 8924 
9111 8924 9023 9024 8925 
9112 8925 9024 9025 8926 
9113 8926 9025 9026 8927 
9114 8927 9026 9027 8928 
9115 8928 9027 9028 8929 
9116 8929 9028 9029 8930 
9117 8930 9029 9030 8931 
9118 8931 9030 9031 8932 
9119 8932 9031 9032 8933 
9120 8933 9032 9033 8934 
9121 8934 9033 9034 8935 
9122 8935 9034 9035 8936 
9123 8936 9035 9036 8937 
9124 8937 9036 9037 8938 
9125 8938 9037 9038 8939 
9126 8939 9038 9039 8940 
9127 8940 9039 9040 8941 
9128 8941 9040 9041 8942 
9129 8942 9041 9042 8943 
9130 8943 9042 9043 8944 
9131 8944 9043 9044 8945 
9132 8945 9044 9045 8946 
9133 8946 9045 9046 8947 
9134 8947 9046 9047 8948 
9135 8948 9047 9048 8949 
9136 8949 9048 9049 8950 
9137 8950 9049 9050 8951 
9138 8951 9050 9051 8952 
9139 8952 9051 9052 8953 
9140 8953 9052 9053 8954 
9141 8954 9053 9054 8955 
9142 8955 9054 9055 8956 
9143 8956 9055 9056 8957 
9144 8957 9056 9057 8958 
9145 8958 9057 9058 8959 
9146 8959 9058 9059 8960 
9147 8960 9059 9060 8961 
9148 8961 9060 9061 8962 
9149 8962 9061 9062 8963 
9150 8963 9062 9063 8964 
9151 8964 9063 9064 8965 
9152 8965 9064 9065 8966 
9153 8966 9065 9066 8967 
9154 8967 9066 9067 8968 
9155 8968 9067 9068 8969 
9156 8969 9068 9069 8970 
9157 8970 9069 9070 8971 
9158 8971 9070 9071 8972 
9159 8972 9071 9072 8973 
9160 8973 9072 9073 8974 
9161 8974 9073 9074 8975 
9162 8975 9074 9075 8976 
9163 8976 9075 9076 8977 
9164 8977 9076 9077 8978 
9165 8978 9077 9078 8979 
9166 8979 9078 9079 8980 
9167 8980 9079 9080 8981 
9168 8981 9080 9081 8982 
9169 8982 9081 9082 8983 
9170 8983 9082 9083 8984 
9171 8984 9083 9084 8985 
9172 8985 9084 9085 8986 
9173 8986 9085 9086 8987 
9174 8987 9086 9087 8988 
9175 8988 9087 9088 8989 
9176 8989 9088 9089 8990 
9177 8990 9089 9090 8991 
9178 8991 9090 9091 8992 
9179 8992 9091 9092 8993 
9180 8993 9092 9093 8994 
9181 8994 9093 9094 8995 
9182 8995 9094 9095 8996 
9183 8996 9095 9096 8997 
9184 8997 9096 9097 8998 
9185 8998 9097 9098 8999 
9186 8999 9098 9099 9000 
9187 9000 9099 9100 9001 
9188 9001 9100 9101 9002 
9189 9002 9101 9102 9003 
9190 9003 9102 9103 9004 
9191 9004 9103 9104 9005 
9192 9005 9104 9105 9006 
9193 9006 9105 9106 9007 
9194 9007 9106 9107 9008 
9195 9008 9107 9108 9009 
9196 9009 9108 9109 9010 
9197 9010 9109 9110 9011 
9198 9011 9110 9111 9012 
9199 9012 9111 9112 9013 
9200 9013 9112 214 215 
9201 92 93 9113 9014 
9202 9014 9113 9114 9015 
9203 9015 9114 9115 9016 
9204 9016 9115 9116 9017 
9205 9017 9116 9117 9018 
9206 9018 9117 9118 9019 
9207 9019 9118 9119 9020 
9208 9020 9119 9120 9021 
9209 9021 9120 9121 9022 
9210 9022 9121 9122 9023 
9211 9023 9122 9123 9024 
9212 9024 9123 9124 9025 
9213 9025 9124 9125 9026 
9214 9026 9125 9126 9027 
9215 9027 9126 9127 9028 
9216 9028 9127 9128 9029 
9217 9029 9128 9129 9030 
9218 9030 9129 9130 9031 
9219 9031 9130 9131 9032 
9220 9032 9131 9132 9033 
9221 9033 9132 9133 9034 
9222 9034 9133 9134 9035 
9223 9035 9134 9135 9036 
9224 9036 9135 9136 9037 
9225 9037 9136 9137 9038 
9226 9038 9137 9138 9039 
9227 9039 9138 9139 9040 
9228 9040 9139 9140 9041 
9229 9041 9140 9141 9042 
9230 9042 9141 9142 9043 
9231 9043 9142 9143 9044 
9232 9044 9143 9144 9045 
9233 9045 9144 9145 9046 
9234 9046 9145 9146 9047 
9235 9047 9146 9147 9048 
9236 9048 9147 9148 9049 
9237 9049 9148 9149 9050 
9238 9050 9149 9150 9051 
9239 9051 9150 9151 9052 
9240 9052 9151 9152 9053 
9241 9053 9152 9153 9054 
9242 9054 9153 9154 9055 
9243 9055 9154 9155 9056 
9244 9056 9155 9156 9057 
9245 9057 9156 9157 9058 
9246 9058 9157 9158 9059 
9247 9059 9158 9159 9060 
9248 9060 9159 9160 9061 
9249 9061 9160 9161 9062 
9250 9062 9161 9162 9063 
9251 9063 9162 9163 9064 
9252 9064 9163 9164 9065 
9253 9065 9164 9165 9066 
9254 9066 9165 9166 9067 
9255 9067 9166 9167 9068 
9256 9068 9167 9168 9069 
9257 9069 9168 9169 9070 
9258 9070 9169 9170 9071 
9259 9071 9170 9171 9072 
9260 9072 9171 9172 9073 
9261 9073 9172 9173 9074 
9262 9074 9173 9174 9075 
9263 9075 9174 9175 9076 
9264 9076 9175 9176 9077 
9265 9077 9176 9177 9078 
9266 9078 9177 9178 9079 
9267 9079 9178 9179 9080 
9268 9080 9179 9180 9081 
9269 9081 9180 9181 9082 
9270 9082 9181 9182 9083 
9271 9083 9182 9183 9084 
9272 9084 9183 9184 9085 
9273 9085 9184 9185 9086 
9274 9086 9185 9186 9087 
9275 9087 9186 9187 9088 
9276 9088 9187 9188 9089 
9277 9089 9188 9189 9090 
9278 9090 9189 9190 9091 
9279 9091 9190 9191 9092 
9280 9092 9191 9192 9093 
9281 9093 9192 9193 9094 
9282 9094 9193 9194 9095 
9283 9095 9194 9195 9096 
9284 9096 9195 9196 9097 
9285 9097 9196 9197 9098 
9286 9098 9197 9198 9099 
9287 9099 9198 9199 9100 
9288 9100 9199 9200 9101 
9289 9101 9200 9201 9102 
9290 9102 9201 9202 9103 
9291 9103 9202 9203 9104 
9292 9104 9203 9204 9105 
9293 9105 9204 9205 9106 
9294 9106 9205 9206 9107 
9295 9107 9206 9207 9108 
9296 9108 9207 9208 9109 
9297 9109 9208 9209 9110 
9298 9110 9209 9210 9111 
9299 9111 9210 9211 9112 
9300 9112 9211 213 214 
9301 93 94 9212 9113 
9302 9113 9212 9213 9114 
9303 9114 9213 9214 9115 
9304 9115 9214 9215 9116 
9305 9116 9215 9216 9117 
9306 9117 9216 9217 9118 
9307 9118 9217 9218 9119 
9308 9119 9218 9219 9120 
9309 9120 9219 9220 9121 
9310 9121 9220 9221 9122 
9311 9122 9221 9222 9123 
9312 9123 9222 9223 9124 
9313 9124 9223 9224 9125 
9314 9125 9224 9225 9126 
9315 9126 9225 9226 9127 
9316 9127 9226 9227 9128 
9317 9128 9227 9228 9129 
9318 9129 9228 9229 9130 
9319 9130 9229 9230 9131 
9320 9131 9230 9231 9132 
9321 9132 9231 9232 9133 
9322 9133 9232 9233 9134 
9323 9134 9233 9234 9135 
9324 9135 9234 9235 9136 
9325 9136 9235 9236 9137 
9326 9137 9236 9237 9138 
9327 9138 9237 9238 9139 
9328 9139 9238 9239 9140 
9329 9140 9239 9240 9141 
9330 9141 9240 9241 9142 
9331 9142 9241 9242 9143 
9332 9143 9242 9243 9144 
9333 9144 9243 9244 9145 
9334 9145 9244 9245 9146 
9335 9146 9245 9246 9147 
9336 9147 9246 9247 9148 
9337 9148 9247 9248 9149 
9338 9149 9248 9249 9150 
9339 9150 9249 9250 9151 
9340 9151 9250 9251 9152 
9341 9152 9251 9252 9153 
9342 9153 9252 9253 9154 
9343 9154 9253 9254 9155 
9344 9155 9254 9255 9156 
9345 9156 9255 9256 9157 
9346 9157 9256 9257 9158 
9347 9158 9257 9258 9159 
9348 9159 9258 9259 9160 
9349 9160 9259 9260 9161 
9350 9161 9260 9261 9162 
9351 9162 9261 9262 9163 
9352 9163 9262 9263 9164 
9353 9164 9263 9264 9165 
9354 9165 9264 9265 9166 
9355 9166 9265 9266 9167 
9356 9167 9266 9267 9168 
9357 9168 9267 9268 9169 
9358 9169 9268 9269 9170 
9359 9170 9269 9270 9171 
9360 9171 9270 9271 9172 
9361 9172 9271 9272 9173 
9362 9173 9272 9273 9174 
9363 9174 9273 9274 9175 
9364 9175 9274 9275 9176 
9365 9176 9275 9276 9177 
9366 9177 9276 9277 9178 
9367 9178 9277 9278 9179 
9368 9179 9278 9279 9180 
9369 9180 9279 9280 9181 
9370 9181 9280 9281 9182 
9371 9182 9281 9282 9183 
9372 9183 9282 9283 9184 
9373 9184 9283 9284 9185 
9374 9185 9284 9285 9186 
9375 9186 9285 9286 9187 
9376 9187 9286 9287 9188 
9377 9188 9287 9288 9189 
9378 9189 9288 9289 9190 
9379 9190 9289 9290 9191 
9380 9191 9290 9291 9192 
9381 9192 9291 9292 9193 
9382 9193 9292 9293 9194 
9383 9194 9293 9294 9195 
9384 9195 9294 9295 9196 
9385 9196 9295 9296 9197 
9386 9197 9296 9297 9198 
9387 9198 9297 9298 9199 
9388 9199 9298 9299 9200 
9389 9200 9299 9300 9201 
9390 9201 9300 9301 9202 
9391 9202 9301 9302 9203 
9392 9203 9302 9303 9204 
9393 9204 9303 9304 9205 
9394 9205 9304 9305 9206 
9395 9206 9305 9306 9207 
9396 9207 9306 9307 9208 
9397 9208 9307 9308 9209 
9398 9209 9308 9309 9210 
9399 9210 9309 9310 9211 
9400 9211 9310 212 213 
9401 94 95 9311 9212 
9402 9212 9311 9312 9213 
9403 9213 9312 9313 9214 
9404 9214 9313 9314 9215 
9405 9215 9314 9315 9216 
9406 9216 9315 9316 9217 
9407 9217 9316 9317 9218 
9408 9218 9317 9318 9219 
9409 9219 9318 9319 9220 
9410 9220 9319 9320 9221 
9411 9221 9320 9321 9222 
9412 9222 9321 9322 9223 
9413 9223 9322 9323 9224 
9414 9224 9323 9324 9225 
9415 9225 9324 9325 9226 
9416 9226 9325 9326 9227 
9417 9227 9326 9327 9228 
9418 9228 9327 9328 9229 
9419 9229 9328 9329 9230 
9420 9230 9329 9330 9231 
9421 9231 9330 9331 9232 
9422 9232 9331 9332 9233 
9423 9233 9332 9333 9234 
9424 9234 9333 9334 9235 
9425 9235 9334 9335 9236 
9426 9236 9335 9336 9237 
9427 9237 9336 9337 9238 
9428 9238 9337 9338 9239 
9429 9239 9338 9339 9240 
9430 9240 9339 9340 9241 
9431 9241 9340 9341 9242 
9432 9242 9341 9342 9243 
9433 9243 9342 9343 9244 
9434 9244 9343 9344 9245 
9435 9245 9344 9345 9246 
9436 9246 9345 9346 9247 
9437 9247 9346 9347 9248 
9438 9248 9347 9348 9249 
9439 9249 9348 9349 9250 
9440 9250 9349 9350 9251 
9441 9251 9350 9351 9252 
9442 9252 9351 9352 9253 
9443 9253 9352 9353 9254 
9444 9254 9353 9354 9255 
9445 9255 9354 9355 9256 
9446 9256 9355 9356 9257 
9447 9257 9356 9357 9258 
9448 9258 9357 9358 9259 
9449 9259 9358 9359 9260 
9450 9260 9359 9360 9261 
9451 9261 9360 9361 9262 
9452 9262 9361 9362 9263 
9453 9263 9362 9363 9264 
9454 9264 9363 9364 9265 
9455 9265 9364 9365 9266 
9456 9266 9365 9366 9267 
9457 9267 9366 9367 9268 
9458 9268 9367 9368 9269 
9459 9269 9368 9369 9270 
9460 9270 9369 9370 9271 
9461 9271 9370 9371 9272 
9462 9272 9371 9372 9273 
9463 9273 9372 9373 9274 
9464 9274 9373 9374 9275 
9465 9275 9374 9375 9276 
9466 9276 9375 9376 9277 
9467 9277 9376 9377 9278 
9468 9278 9377 9378 9279 
9469 9279 9378 9379 9280 
9470 9280 9379 9380 9281 
9471 9281 9380 9381 9282 
9472 9282 9381 9382 9283 
9473 9283 9382 9383 9284 
9474 9284 9383 9384 9285 
9475 9285 9384 9385 9286 
9476 9286 9385 9386 9287 
9477 9287 9386 9387 9288 
9478 9288 9387 9388 9289 
9479 9289 9388 9389 9290 
9480 9290 9389 9390 9291 
9481 9291 9390 9391 9292 
9482 9292 9391 9392 9293 
9483 9293 9392 9393 9294 
9484 9294 9393 9394 9295 
9485 9295 9394 9395 9296 
9486 9296 9395 9396 9297 
9487 9297 9396 9397 9298 
9488 9298 9397 9398 9299 
9489 9299 9398 9399 9300 
9490 9300 9399 9400 9301 
9491 9301 9400 9401 9302 
9492 9302 9401 9402 9303 
9493 9303 9402 9403 9304 
9494 9304 9403 9404 9305 
9495 9305 9404 9405 9306 
9496 9306 9405 9406 9307 
9497 9307 9406 9407 9308 
9498 9308 9407 9408 9309 
9499 9309 9408 9409 9310 
9500 9310 9409 211 212 
9501 95 96 9410 9311 
9502 9311 9410 9411 9312 
9503 9312 9411 9412 9313 
9504 9313 9412 9413 9314 
9505 9314 9413 9414 9315 
9506 9315 9414 9415 9316 
9507 9316 9415 9416 9317 
9508 9317 9416 9417 9318 
9509 9318 9417 9418 9319 
9510 9319 9418 9419 9320 
9511 9320 9419 9420 9321 
9512 9321 9420 9421 9322 
9513 9322 9421 9422 9323 
9514 9323 9422 9423 9324 
9515 9324 9423 9424 9325 
9516 9325 9424 9425 9326 
9517 9326 9425 9426 9327 
9518 9327 9426 9427 9328 
9519 9328 9427 9428 9329 
9520 9329 9428 9429 9330 
9521 9330 9429 9430 9331 
9522 9331 9430 9431 9332 
9523 9332 9431 9432 9333 
9524 9333 9432 9433 9334 
9525 9334 9433 9434 9335 
9526 9335 9434 9435 9336 
9527 9336 9435 9436 9337 
9528 9337 9436 9437 9338 
9529 9338 9437 9438 9339 
9530 9339 9438 9439 9340 
9531 9340 9439 9440 9341 
9532 9341 9440 9441 9342 
9533 9342 9441 9442 9343 
9534 9343 9442 9443 9344 
9535 9344 9443 9444 9345 
9536 9345 9444 9445 9346 
9537 9346 9445 9446 9347 
9538 9347 9446 9447 9348 
9539 9348 9447 9448 9349 
9540 9349 9448 9449 9350 
9541 9350 9449 9450 9351 
9542 9351 9450 9451 9352 
9543 9352 9451 9452 9353 
9544 9353 9452 9453 9354 
9545 9354 9453 9454 9355 
9546 9355 9454 9455 9356 
9547 9356 9455 9456 9357 
9548 9357 9456 9457 9358 
9549 9358 9457 9458 9359 
9550 9359 9458 9459 9360 
9551 9360 9459 9460 9361 
9552 9361 9460 9461 9362 
9553 9362 9461 9462 9363 
9554 9363 9462 9463 9364 
9555 9364 9463 9464 9365 
9556 9365 9464 9465 9366 
9557 9366 9465 9466 9367 
9558 9367 9466 9467 9368 
9559 9368 9467 9468 9369 
9560 9369 9468 9469 9370 
9561 9370 9469 9470 9371 
9562 9371 9470 9471 9372 
9563 9372 9471 9472 9373 
9564 9373 9472 9473 9374 
9565 9374 9473 9474 9375 
9566 9375 9474 9475 9376 
9567 9376 9475 9476 9377 
9568 9377 9476 9477 9378 
9569 9378 9477 9478 9379 
9570 9379 9478 9479 9380 
9571 9380 9479 9480 9381 
9572 9381 9480 9481 9382 
9573 9382 9481 9482 9383 
9574 9383 9482 9483 9384 
9575 9384 9483 9484 9385 
9576 9385 9484 9485 9386 
9577 9386 9485 9486 9387 
9578 9387 9486 9487 9388 
9579 9388 9487 9488 9389 
9580 9389 9488 9489 9390 
9581 9390 9489 9490 9391 
9582 9391 9490 9491 9392 
9583 9392 9491 9492 9393 
9584 9393 9492 9493 9394 
9585 9394 9493 9494 9395 
9586 9395 9494 9495 9396 
9587 9396 9495 9496 9397 
9588 9397 9496 9497 9398 
9589 9398 9497 9498 9399 
9590 9399 9498 9499 9400 
9591 9400 9499 9500 9401 
9592 9401 9500 9501 9402 
9593 9402 9501 9502 9403 
9594 9403 9502 9503 9404 
9595 9404 9503 9504 9405 
9596 9405 9504 9505 9406 
9597 9406 9505 9506 9407 
9598 9407 9506 9507 9408 
9599 9408 9507 9508 9409 
9600 9409 9508 210 211 
9601 96 97 9509 9410 
9602 9410 9509 9510 9411 
9603 9411 9510 9511 9412 
9604 9412 9511 9512 9413 
9605 9413 9512 9513 9414 
9606 9414 9513 9514 9415 
9607 9415 9514 9515 9416 
9608 9416 9515 9516 9417 
9609 9417 9516 9517 9418 
9610 9418 9517 9518 9419 
9611 9419 9518 9519 9420 
9612 9420 9519 9520 9421 
9613 9421 9520 9521 9422 
9614 9422 9521 9522 9423 
9615 9423 9522 9523 9424 
9616 9424 9523 9524 9425 
9617 9425 9524 9525 9426 
9618 9426 9525 9526 9427 
9619 9427 9526 9527 9428 
9620 9428 9527 9528 9429 
9621 9429 9528 9529 9430 
9622 9430 9529 9530 9431 
9623 9431 9530 9531 9432 
9624 9432 9531 9532 9433 
9625 9433 9532 9533 9434 
9626 9434 9533 9534 9435 
9627 9435 9534 9535 9436 
9628 9436 9535 9536 9437 
9629 9437 9536 9537 9438 
9630 9438 9537 9538 9439 
9631 9439 9538 9539 9440 
9632 9440 9539 9540 9441 
9633 9441 9540 9541 9442 
9634 9442 9541 9542 9443 
9635 9443 9542 9543 9444 
9636 9444 9543 9544 9445 
9637 9445 9544 9545 9446 
9638 9446 9545 9546 9447 
9639 9447 9546 9547 9448 
9640 9448 9547 9548 9449 
9641 9449 9548 9549 9450 
9642 9450 9549 9550 9451 
9643 9451 9550 9551 9452 
9644 9452 9551 9552 9453 
9645 9453 9552 9553 9454 
9646 9454 9553 9554 9455 
9647 9455 9554 9555 9456 
9648 9456 9555 9556 9457 
9649 9457 9556 9557 9458 
9650 9458 9557 9558 9459 
9651 9459 9558 9559 9460 
9652 9460 9559 9560 9461 
9653 9461 9560 9561 9462 
9654 9462 9561 9562 9463 
9655 9463 9562 9563 9464 
9656 9464 9563 9564 9465 
9657 9465 9564 9565 9466 
9658 9466 9565 9566 9467 
9659 9467 9566 9567 9468 
9660 9468 9567 9568 9469 
9661 9469 9568 9569 9470 
9662 9470 9569 9570 9471 
9663 9471 9570 9571 9472 
9664 9472 9571 9572 9473 
9665 9473 9572 9573 9474 
9666 9474 9573 9574 9475 
9667 9475 9574 9575 9476 
9668 9476 9575 9576 9477 
9669 9477 9576 9577 9478 
9670 9478 9577 9578 9479 
9671 9479 9578 9579 9480 
9672 9480 9579 9580 9481 
9673 9481 9580 9581 9482 
9674 9482 9581 9582 9483 
9675 9483 9582 9583 9484 
9676 9484 9583 9584 9485 
9677 9485 9584 9585 9486 
9678 9486 9585 9586 9487 
9679 9487 9586 9587 9488 
9680 9488 9587 9588 9489 
9681 9489 9588 9589 9490 
9682 9490 9589 9590 9491 
9683 9491 9590 9591 9492 
9684 9492 9591 9592 9493 
9685 9493 9592 9593 9494 
9686 9494 9593 9594 9495 
9687 9495 9594 9595 9496 
9688 9496 9595 9596 9497 
9689 9497 9596 9597 9498 
9690 9498 9597 9598 9499 
9691 9499 9598 9599 9500 
9692 9500 9599 9600 9501 
9693 9501 9600 9601 9502 
9694 9502 9601 9602 9503 
9695 9503 9602 9603 9504 
9696 9504 9603 9604 9505 
9697 9505 9604 9605 9506 
9698 9506 9605 9606 9507 
9699 9507 9606 9607 9508 
9700 9508 9607 209 210 
9701 97 98 9608 9509 
9702 9509 9608 9609 9510 
9703 9510 9609 9610 9511 
9704 9511 9610 9611 9512 
9705 9512 9611 9612 9513 
9706 9513 9612 9613 9514 
9707 9514 9613 9614 9515 
9708 9515 9614 9615 9516 
9709 9516 9615 9616 9517 
9710 9517 9616 9617 9518 
9711 9518 9617 9618 9519 
9712 9519 9618 9619 9520 
9713 9520 9619 9620 9521 
9714 9521 9620 9621 9522 
9715 9522 9621 9622 9523 
9716 9523 9622 9623 9524 
9717 9524 9623 9624 9525 
9718 9525 9624 9625 9526 
9719 9526 9625 9626 9527 
9720 9527 9626 9627 9528 
9721 9528 9627 9628 9529 
9722 9529 9628 9629 9530 
9723 9530 9629 9630 9531 
9724 9531 9630 9631 9532 
9725 9532 9631 9632 9533 
9726 9533 9632 9633 9534 
9727 9534 9633 9634 9535 
9728 9535 9634 9635 9536 
9729 9536 9635 9636 9537 
9730 9537 9636 9637 9538 
9731 9538 9637 9638 9539 
9732 9539 9638 9639 9540 
9733 9540 9639 9640 9541 
9734 9541 9640 9641 9542 
9735 9542 9641 9642 9543 
9736 9543 9642 9643 9544 
9737 9544 9643 9644 9545 
9738 9545 9644 9645 9546 
9739 9546 9645 9646 9547 
9740 9547 9646 9647 9548 
9741 9548 9647 9648 9549 
9742 9549 9648 9649 9550 
9743 9550 9649 9650 9551 
9744 9551 9650 9651 9552 
9745 9552 9651 9652 9553 
9746 9553 9652 9653 9554 
9747 9554 9653 9654 9555 
9748 9555 9654 9655 9556 
9749 9556 9655 9656 9557 
9750 9557 9656 9657 9558 
9751 9558 9657 9658 9559 
9752 9559 9658 9659 9560 
9753 9560 9659 9660 9561 
9754 9561 9660 9661 9562 
9755 9562 9661 9662 9563 
9756 9563 9662 9663 9564 
9757 9564 9663 9664 9565 
9758 9565 9664 9665 9566 
9759 9566 9665 9666 9567 
9760 9567 9666 9667 9568 
9761 9568 9667 9668 9569 
9762 9569 9668 9669 9570 
9763 9570 9669 9670 9571 
9764 9571 9670 9671 9572 
9765 9572 9671 9672 9573 
9766 9573 9672 9673 9574 
9767 9574 9673 9674 9575 
9768 9575 9674 9675 9576 
9769 9576 9675 9676 9577 
9770 9577 9676 9677 9578 
9771 9578 9677 9678 9579 
9772 9579 9678 9679 9580 
9773 9580 9679 9680 9581 
9774 9581 9680 9681 9582 
9775 9582 9681 9682 9583 
9776 9583 9682 9683 9584 
9777 9584 9683 9684 9585 
9778 9585 9684 9685 9586 
9779 9586 9685 9686 9587 
9780 9587 9686 9687 9588 
9781 9588 9687 9688 9589 
9782 9589 9688 9689 9590 
9783 9590 9689 9690 9591 
9784 9591 9690 9691 9592 
9785 9592 9691 9692 9593 
9786 9593 9692 9693 9594 
9787 9594 9693 9694 9595 
9788 9595 9694 9695 9596 
9789 9596 9695 9696 9597 
9790 9597 9696 9697 9598 
9791 9598 9697 9698 9599 
9792 9599 9698 9699 9600 
9793 9600 9699 9700 9601 
9794 9601 9700 9701 9602 
9795 9602 9701 9702 9603 
9796 9603 9702 9703 9604 
9797 9604 9703 9704 9605 
9798 9605 9704 9705 9606 
9799 9606 9705 9706 9607 
9800 9607 9706 208 209 
9801 98 99 9707 9608 
9802 9608 9707 9708 9609 
9803 9609 9708 9709 9610 
9804 9610 9709 9710 9611 
9805 9611 9710 9711 9612 
9806 9612 9711 9712 9613 
9807 9613 9712 9713 9614 
9808 9614 9713 9714 9615 
9809 9615 9714 9715 9616 
9810 9616 9715 9716 9617 
9811 9617 9716 9717 9618 
9812 9618 9717 9718 9619 
9813 9619 9718 9719 9620 
9814 9620 9719 9720 9621 
9815 9621 9720 9721 9622 
9816 9622 9721 9722 9623 
9817 9623 9722 9723 9624 
9818 9624 9723 9724 9625 
9819 9625 9724 9725 9626 
9820 9626 9725 9726 9627 
9821 9627 9726 9727 9628 
9822 9628 9727 9728 9629 
9823 9629 9728 9729 9630 
9824 9630 9729 9730 9631 
9825 9631 9730 9731 9632 
9826 9632 9731 9732 9633 
9827 9633 9732 9733 9634 
9828 9634 9733 9734 9635 
9829 9635 9734 9735 9636 
9830 9636 9735 9736 9637 
9831 9637 9736 9737 9638 
9832 9638 9737 9738 9639 
9833 9639 9738 9739 9640 
9834 9640 9739 9740 9641 
9835 9641 9740 9741 9642 
9836 9642 9741 9742 9643 
9837 9643 9742 9743 9644 
9838 9644 9743 9744 9645 
9839 9645 9744 9745 9646 
9840 9646 9745 9746 9647 
9841 9647 9746 9747 9648 
9842 9648 9747 9748 9649 
9843 9649 9748 9749 9650 
9844 9650 9749 9750 9651 
9845 9651 9750 9751 9652 
9846 9652 9751 9752 9653 
9847 9653 9752 9753 9654 
9848 9654 9753 9754 9655 
9849 9655 9754 9755 9656 
9850 9656 9755 9756 9657 
9851 9657 9756 9757 9658 
9852 9658 9757 9758 9659 
9853 9659 9758 9759 9660 
9854 9660 9759 9760 9661 
9855 9661 9760 9761 9662 
9856 9662 9761 9762 9663 
9857 9663 9762 9763 9664 
9858 9664 9763 9764 9665 
9859 9665 9764 9765 9666 
9860 9666 9765 9766 9667 
9861 9667 9766 9767 9668 
9862 9668 9767 9768 9669 
9863 9669 9768 9769 9670 
9864 9670 9769 9770 9671 
9865 9671 9770 9771 9672 
9866 9672 9771 9772 9673 
9867 9673 9772 9773 9674 
9868 9674 9773 9774 9675 
9869 9675 9774 9775 9676 
9870 9676 9775 9776 9677 
9871 9677 9776 9777 9678 
9872 9678 9777 9778 9679 
9873 9679 9778 9779 9680 
9874 9680 9779 9780 9681 
9875 9681 9780 9781 9682 
9876 9682 9781 9782 9683 
9877 9683 9782 9783 9684 
9878 9684 9783 9784 9685 
9879 9685 9784 9785 9686 
9880 9686 9785 9786 9687 
9881 9687 9786 9787 9688 
9882 9688 9787 9788 9689 
9883 9689 9788 9789 9690 
9884 9690 9789 9790 9691 
9885 9691 9790 9791 9692 
9886 9692 9791 9792 9693 
9887 9693 9792 9793 9694 
9888 9694 9793 9794 9695 
9889 9695 9794 9795 9696 
9890 9696 9795 9796 9697 
9891 9697 9796 9797 9698 
9892 9698 9797 9798 9699 
9893 9699 9798 9799 9700 
9894 9700 9799 9800 9701 
9895 9701 9800 9801 9702 
9896 9702 9801 9802 9703 
9897 9703 9802 9803 9704 
9898 9704 9803 9804 9705 
9899 9705 9804 9805 9706 
9900 9706 9805 207 208 
9901 99 100 9806 9707 
9902 9707 9806 9807 9708 
9903 9708 9807 9808 9709 
9904 9709 9808 9809 9710 
9905 9710 9809 9810 9711 
9906 9711 9810 9811 9712 
9907 9712 9811 9812 9713 
9908 9713 9812 9813 9714 
9909 9714 9813 9814 9715 
9910 9715 9814 9815 9716 
9911 9716 9815 9816 9717 
9912 9717 9816 9817 9718 
9913 9718 9817 9818 9719 
9914 9719 9818 9819 9720 
9915 9720 9819 9820 9721 
9916 9721 9820 9821 9722 
9917 9722 9821 9822 9723 
9918 9723 9822 9823 9724 
9919 9724 9823 9824 9725 
9920 9725 9824 9825 9726 
9921 9726 9825 9826 9727 
9922 9727 9826 9827 9728 
9923 9728 9827 9828 9729 
9924 9729 9828 9829 9730 
9925 9730 9829 9830 9731 
9926 9731 9830 9831 9732 
9927 9732 9831 9832 9733 
9928 9733 9832 9833 9734 
9929 9734 9833 9834 9735 
9930 9735 9834 9835 9736 
9931 9736 9835 9836 9737 
9932 9737 9836 9837 9738 
9933 9738 9837 9838 9739 
9934 9739 9838 9839 9740 
9935 9740 9839 9840 9741 
9936 9741 9840 9841 9742 
9937 9742 9841 9842 9743 
9938 9743 9842 9843 9744 
9939 9744 9843 9844 9745 
9940 9745 9844 9845 9746 
9941 9746 9845 9846 9747 
9942 9747 9846 9847 9748 
9943 9748 9847 9848 9749 
9944 9749 9848 9849 9750 
9945 9750 9849 9850 9751 
9946 9751 9850 9851 9752 
9947 9752 9851 9852 9753 
9948 9753 9852 9853 9754 
9949 9754 9853 9854 9755 
9950 9755 9854 9855 9756 
9951 9756 9855 9856 9757 
9952 9757 9856 9857 9758 
9953 9758 9857 9858 9759 
9954 9759 9858 9859 9760 
9955 9760 9859 9860 9761 
9956 9761 9860 9861 9762 
9957 9762 9861 9862 9763 
9958 9763 9862 9863 9764 
9959 9764 9863 9864 9765 
9960 9765 9864 9865 9766 
9961 9766 9865 9866 9767 
9962 9767 9866 9867 9768 
9963 9768 9867 9868 9769 
9964 9769 9868 9869 9770 
9965 9770 9869 9870 9771 
9966 9771 9870 9871 9772 
9967 9772 9871 9872 9773 
9968 9773 9872 9873 9774 
9969 9774 9873 9874 9775 
9970 9775 9874 9875 9776 
9971 9776 9875 9876 9777 
9972 9777 9876 9877 9778 
9973 9778 9877 9878 9779 
9974 9779 9878 9879 9780 
9975 9780 9879 9880 9781 
9976 9781 9880 9881 9782 
9977 9782 9881 9882 9783 
9978 9783 9882 9883 9784 
9979 9784 9883 9884 9785 
9980 9785 9884 9885 9786 
9981 9786 9885 9886 9787 
9982 9787 9886 9887 9788 
9983 9788 9887 9888 9789 
9984 9789 9888 9889 9790 
9985 9790 9889 9890 9791 
9986 9791 9890 9891 9792 
9987 9792 9891 9892 9793 
9988 9793 9892 9893 9794 
9989 9794 9893 9894 9795 
9990 9795 9894 9895 9796 
9991 9796 9895 9896 9797 
9992 9797 9896 9897 9798 
9993 9798 9897 9898 9799 
9994 9799 9898 9899 9800 
9995 9800 9899 9900 9801 
9996 9801 9900 9901 9802 
9997 9802 9901 9902 9803 
9998 9803 9902 9903 9804 
9999 9804 9903 9904 9805 
10000 9805 9904 206 207 
10001 100 101 9905 9806 
10002 9806 9905 9906 9807 
10003 9807 9906 9907 9808 
10004 9808 9907 9908 9809 
10005 9809 9908 9909 9810 
10006 9810 9909 9910 9811 
10007 9811 9910 9911 9812 
10008 9812 9911 9912 9813 
10009 9813 9912 9913 9814 
10010 9814 9913 9914 9815 
10011 9815 9914 9915 9816 
10012 9816 9915 9916 9817 
10013 9817 9916 9917 9818 
10014 9818 9917 9918 9819 
10015 9819 9918 9919 9820 
10016 9820 9919 9920 9821 
10017 9821 9920 9921 9822 
10018 9822 9921 9922 9823 
10019 9823 9922 9923 9824 
10020 9824 9923 9924 9825 
10021 9825 9924 9925 9826 
10022 9826 9925 9926 9827 
10023 9827 9926 9927 9828 
10024 9828 9927 9928 9829 
10025 9829 9928 9929 9830 
10026 9830 9929 9930 9831 
10027 9831 9930 9931 9832 
10028 9832 9931 9932 9833 
10029 9833 9932 9933 9834 
10030 9834 9933 9934 9835 
10031 9835 9934 9935 9836 
10032 9836 9935 9936 9837 
10033 9837 9936 9937 9838 
10034 9838 9937 9938 9839 
10035 9839 9938 9939 9840 
10036 9840 9939 9940 9841 
10037 9841 9940 9941 9842 
10038 9842 9941 9942 9843 
10039 9843 9942 9943 9844 
10040 9844 9943 9944 9845 
10041 9845 9944 9945 9846 
10042 9846 9945 9946 9847 
10043 9847 9946 9947 9848 
10044 9848 9947 9948 9849 
10045 9849 9948 9949 9850 
10046 9850 9949 9950 9851 
10047 9851 9950 9951 9852 
10048 9852 9951 9952 9853 
10049 9853 9952 9953 9854 
10050 9854 9953 9954 9855 
10051 9855 9954 9955 9856 
10052 9856 9955 9956 9857 
10053 9857 9956 9957 9858 
10054 9858 9957 9958 9859 
10055 9859 9958 9959 9860 
10056 9860 9959 9960 9861 
10057 9861 9960 9961 9862 
10058 9862 9961 9962 9863 
10059 9863 9962 9963 9864 
10060 9864 9963 9964 9865 
10061 9865 9964 9965 9866 
10062 9866 9965 9966 9867 
10063 9867 9966 9967 9868 
10064 9868 9967 9968 9869 
10065 9869 9968 9969 9870 
10066 9870 9969 9970 9871 
10067 9871 9970 9971 9872 
10068 9872 9971 9972 9873 
10069 9873 9972 9973 9874 
10070 9874 9973 9974 9875 
10071 9875 9974 9975 9876 
10072 9876 9975 9976 9877 
10073 9877 9976 9977 9878 
10074 9878 9977 9978 9879 
10075 9879 9978 9979 9880 
10076 9880 9979 9980 9881 
10077 9881 9980 9981 9882 
10078 9882 9981 9982 9883 
10079 9883 9982 9983 9884 
10080 9884 9983 9984 9885 
10081 9885 9984 9985 9886 
10082 9886 9985 9986 9887 
10083 9887 9986 9987 9888 
10084 9888 9987 9988 9889 
10085 9889 9988 9989 9890 
10086 9890 9989 9990 9891 
10087 9891 9990 9991 9892 
10088 9892 9991 9992 9893 
10089 9893 9992 9993 9894 
10090 9894 9993 9994 9895 
10091 9895 9994 9995 9896 
10092 9896 9995 9996 9897 
10093 9897 9996 9997 9898 
10094 9898 9997 9998 9899 
10095 9899 9998 9999 9900 
10096 9900 9999 10000 9901 
10097 9901 10000 10001 9902 
10098 9902 10001 10002 9903 
10099 9903 10002 10003 9904 
10100 9904 10003 205 206 
10101 101 102 10004 9905 
10102 9905 10004 10005 9906 
10103 9906 10005 10006 9907 
10104 9907 10006 10007 9908 
10105 9908 10007 10008 9909 
10106 9909 10008 10009 9910 
10107 9910 10009 10010 9911 
10108 9911 10010 10011 9912 
10109 9912 10011 10012 9913 
10110 9913 10012 10013 9914 
10111 9914 10013 10014 9915 
10112 9915 10014 10015 9916 
10113 9916 10015 10016 9917 
10114 9917 10016 10017 9918 
10115 9918 10017 10018 9919 
10116 9919 10018 10019 9920 
10117 9920 10019 10020 9921 
10118 9921 10020 10021 9922 
10119 9922 10021 10022 9923 
10120 9923 10022 10023 9924 
10121 9924 10023 10024 9925 
10122 9925 10024 10025 9926 
10123 9926 10025 10026 9927 
10124 9927 10026 10027 9928 
10125 9928 10027 10028 9929 
10126 9929 10028 10029 9930 
10127 9930 10029 10030 9931 
10128 9931 10030 10031 9932 
10129 9932 10031 10032 9933 
10130 9933 10032 10033 9934 
10131 9934 10033 10034 9935 
10132 9935 10034 10035 9936 
10133 9936 10035 10036 9937 
10134 9937 10036 10037 9938 
10135 9938 10037 10038 9939 
10136 9939 10038 10039 9940 
10137 9940 10039 10040 9941 
10138 9941 10040 10041 9942 
10139 9942 10041 10042 9943 
10140 9943 10042 10043 9944 
10141 9944 10043 10044 9945 
10142 9945 10044 10045 9946 
10143 9946 10045 10046 9947 
10144 9947 10046 10047 9948 
10145 9948 10047 10048 9949 
10146 9949 10048 10049 9950 
10147 9950 10049 10050 9951 
10148 9951 10050 10051 9952 
10149 9952 10051 10052 9953 
10150 9953 10052 10053 9954 
10151 9954 10053 10054 9955 
10152 9955 10054 10055 9956 
10153 9956 10055 10056 9957 
10154 9957 10056 10057 9958 
10155 9958 10057 10058 9959 
10156 9959 10058 10059 9960 
10157 9960 10059 10060 9961 
10158 9961 10060 10061 9962 
10159 9962 10061 10062 9963 
10160 9963 10062 10063 9964 
10161 9964 10063 10064 9965 
10162 9965 10064 10065 9966 
10163 9966 10065 10066 9967 
10164 9967 10066 10067 9968 
10165 9968 10067 10068 9969 
10166 9969 10068 10069 9970 
10167 9970 10069 10070 9971 
10168 9971 10070 10071 9972 
10169 9972 10071 10072 9973 
10170 9973 10072 10073 9974 
10171 9974 10073 10074 9975 
10172 9975 10074 10075 9976 
10173 9976 10075 10076 9977 
10174 9977 10076 10077 9978 
10175 9978 10077 10078 9979 
10176 9979 10078 10079 9980 
10177 9980 10079 10080 9981 
10178 9981 10080 10081 9982 
10179 9982 10081 10082 9983 
10180 9983 10082 10083 9984 
10181 9984 10083 10084 9985 
10182 9985 10084 10085 9986 
10183 9986 10085 10086 9987 
10184 9987 10086 10087 9988 
10185 9988 10087 10088 9989 
10186 9989 10088 10089 9990 
10187 9990 10089 10090 9991 
10188 9991 10090 10091 9992 
10189 9992 10091 10092 9993 
10190 9993 10092 10093 9994 
10191 9994 10093 10094 9995 
10192 9995 10094 10095 9996 
10193 9996 10095 10096 9997 
10194 9997 10096 10097 9998 
10195 9998 10097 10098 9999 
10196 9999 10098 10099 10000 
10197 10000 10099 10100 10001 
10198 10001 10100 10101 10002 
10199 10002 10101 10102 10003 
10200 10003 10102 204 205 
10201 102 103 10103 10004 
10202 10004 10103 10104 10005 
10203 10005 10104 10105 10006 
10204 10006 10105 10106 10007 
10205 10007 10106 10107 10008 
10206 10008 10107 10108 10009 
10207 10009 10108 10109 10010 
10208 10010 10109 10110 10011 
10209 10011 10110 10111 10012 
10210 10012 10111 10112 10013 
10211 10013 10112 10113 10014 
10212 10014 10113 10114 10015 
10213 10015 10114 10115 10016 
10214 10016 10115 10116 10017 
10215 10017 10116 10117 10018 
10216 10018 10117 10118 10019 
10217 10019 10118 10119 10020 
10218 10020 10119 10120 10021 
10219 10021 10120 10121 10022 
10220 10022 10121 10122 10023 
10221 10023 10122 10123 10024 
10222 10024 10123 10124 10025 
10223 10025 10124 10125 10026 
10224 10026 10125 10126 10027 
10225 10027 10126 10127 10028 
10226 10028 10127 10128 10029 
10227 10029 10128 10129 10030 
10228 10030 10129 10130 10031 
10229 10031 10130 10131 10032 
10230 10032 10131 10132 10033 
10231 10033 10132 10133 10034 
10232 10034 10133 10134 10035 
10233 10035 10134 10135 10036 
10234 10036 10135 10136 10037 
10235 10037 10136 10137 10038 
10236 10038 10137 10138 10039 
10237 10039 10138 10139 10040 
10238 10040 10139 10140 10041 
10239 10041 10140 10141 10042 
10240 10042 10141 10142 10043 
10241 10043 10142 10143 10044 
10242 10044 10143 10144 10045 
10243 10045 10144 10145 10046 
10244 10046 10145 10146 10047 
10245 10047 10146 10147 10048 
10246 10048 10147 10148 10049 
10247 10049 10148 10149 10050 
10248 10050 10149 10150 10051 
10249 10051 10150 10151 10052 
10250 10052 10151 10152 10053 
10251 10053 10152 10153 10054 
10252 10054 10153 10154 10055 
10253 10055 10154 10155 10056 
10254 10056 10155 10156 10057 
10255 10057 10156 10157 10058 
10256 10058 10157 10158 10059 
10257 10059 10158 10159 10060 
10258 10060 10159 10160 10061 
10259 10061 10160 10161 10062 
10260 10062 10161 10162 10063 
10261 10063 10162 10163 10064 
10262 10064 10163 10164 10065 
10263 10065 10164 10165 10066 
10264 10066 10165 10166 10067 
10265 10067 10166 10167 10068 
10266 10068 10167 10168 10069 
10267 10069 10168 10169 10070 
10268 10070 10169 10170 10071 
10269 10071 10170 10171 10072 
10270 10072 10171 10172 10073 
10271 10073 10172 10173 10074 
10272 10074 10173 10174 10075 
10273 10075 10174 10175 10076 
10274 10076 10175 10176 10077 
10275 10077 10176 10177 10078 
10276 10078 10177 10178 10079 
10277 10079 10178 10179 10080 
10278 10080 10179 10180 10081 
10279 10081 10180 10181 10082 
10280 10082 10181 10182 10083 
10281 10083 10182 10183 10084 
10282 10084 10183 10184 10085 
10283 10085 10184 10185 10086 
10284 10086 10185 10186 10087 
10285 10087 10186 10187 10088 
10286 10088 10187 10188 10089 
10287 10089 10188 10189 10090 
10288 10090 10189 10190 10091 
10289 10091 10190 10191 10092 
10290 10092 10191 10192 10093 
10291 10093 10192 10193 10094 
10292 10094 10193 10194 10095 
10293 10095 10194 10195 10096 
10294 10096 10195 10196 10097 
10295 10097 10196 10197 10098 
10296 10098 10197 10198 10099 
10297 10099 10198 10199 10100 
10298 10100 10199 10200 10101 
10299 10101 10200 10201 10102 
10300 10102 10201 203 204 
10301 103 2 104 10103 
10302 10103 104 105 10104 
10303 10104 105 106 10105 
10304 10105 106 107 10106 
10305 10106 107 108 10107 
10306 10107 108 109 10108 
10307 10108 109 110 10109 
10308 10109 110 111 10110 
10309 10110 111 112 10111 
10310 10111 112 113 10112 
10311 10112 113 114 10113 
10312 10113 114 115 10114 
10313 10114 115 116 10115 
10314 10115 116 117 10116 
10315 10116 117 118 10117 
10316 10117 118 119 10118 
10317 10118 119 120 10119 
10318 10119 120 121 10120 
10319 10120 121 122 10121 
10320 10121 122 123 10122 
10321 10122 123 124 10123 
10322 10123 124 125 10124 
10323 10124 125 126 10125 
10324 10125 126 127 10126 
10325 10126 127 128 10127 
10326 10127 128 129 10128 
10327 10128 129 130 10129 
10328 10129 130 131 10130 
10329 10130 131 132 10131 
10330 10131 132 133 10132 
10331 10132 133 134 10133 
10332 10133 134 135 10134 
10333 10134 135 136 10135 
10334 10135 136 137 10136 
10335 10136 137 138 10137 
10336 10137 138 139 10138 
10337 10138 139 140 10139 
10338 10139 140 141 10140 
10339 10140 141 142 10141 
10340 10141 142 143 10142 
10341 10142 143 144 10143 
10342 10143 144 145 10144 
10343 10144 145 146 10145 
10344 10145 146 147 10146 
10345 10146 147 148 10147 
10346 10147 148 149 10148 
10347 10148 149 150 10149 
10348 10149 150 151 10150 
10349 10150 151 152 10151 
10350 10151 152 153 10152 
10351 10152 153 154 10153 
10352 10153 154 155 10154 
10353 10154 155 156 10155 
10354 10155 156 157 10156 
10355 10156 157 158 10157 
10356 10157 158 159 10158 
10357 10158 159 160 10159 
10358 10159 160 161 10160 
10359 10160 161 162 10161 
10360 10161 162 163 10162 
10361 10162 163 164 10163 
10362 10163 164 165 10164 
10363 10164 165 166 10165 
10364 10165 166 167 10166 
10365 10166 167 168 10167 
10366 10167 168 169 10168 
10367 10168 169 170 10169 
10368 10169 170 171 10170 
10369 10170 171 172 10171 
10370 10171 172 173 10172 
10371 10172 173 174 10173 
10372 10173 174 175 10174 
10373 10174 175 176 10175 
10374 10175 176 177 10176 
10375 10176 177 178 10177 
10376 10177 178 179 10178 
10377 10178 179 180 10179 
10378 10179 180 181 10180 
10379 10180 181 182 10181 
10380 10181 182 183 10182 
10381 10182 183 184 10183 
10382 10183 184 185 10184 
10383 10184 185 186 10185 
10384 10185 186 187 10186 
10385 10186 187 188 10187 
10386 10187 188 189 10188 
10387 10188 189 190 10189 
10388 10189 190 191 10190 
10389 10190 191 192 10191 
10390 10191 192 193 10192 
10391 10192 193 194 10193 
10392 10193 194 195 10194 
10393 10194 195 196 10195 
10394 10195 196 197 10196 
10395 10196 197 198 10197 
10396 10197 198 199 10198 
10397 10198 199 200 10199 
10398 10199 200 201 10200 
10399 10200 201 202 10201 
10400 10201 202 3 203 
$EndElements
