$MeshFormat
4.1 0 8
$EndMeshFormat
$Entities
4 4 1 0
1 0 -0.0949999988 0 0 
2 0.100000001 -0.0949999988 0 0 
3 0.100000001 0.00499999989 0 0 
4 0 0.00499999989 0 0 
1 0 -0.0949999988 0 0.100000001 -0.0949999988 0 0 2 1 -2 
2 0.100000001 -0.0949999988 0 0.100000001 0.004999999889999995 0 0 2 2 -3 
3 0 0.00499999989 0 0.100000001 0.00499999989 0 0 2 3 -4 
4 0 -0.0949999988 0 0 0.004999999890000002 0 0 2 4 -1 
1 0 -0.0949999988 0 0.100000001 0.004999999890000002 0 0 4 1 2 3 4 
$EndEntities
$Nodes
9 1681 1 1681
0 1 0 1
1
0 -0.0949999988 0
0 2 0 1
2
0.100000001 -0.0949999988 0
0 3 0 1
3
0.100000001 0.00499999989 0
0 4 0 1
4
0 0.00499999989 0
1 1 0 39
5
6
7
8
9
10
11
12
13
14
15
16
17
18
19
20
21
22
23
24
25
26
27
28
29
30
31
32
33
34
35
36
37
38
39
40
41
42
43
0.002500000024995276 -0.0949999988 0
0.005000000049990032 -0.0949999988 0
0.007500000074985448 -0.0949999988 0
0.01000000009998107 -0.0949999988 0
0.01250000012497672 -0.0949999988 0
0.0150000001499698 -0.0949999988 0
0.01750000017496241 -0.0949999988 0
0.02000000019995474 -0.0949999988 0
0.02250000022494762 -0.0949999988 0
0.02500000024994009 -0.0949999988 0
0.02750000027493256 -0.0949999988 0
0.03000000029992543 -0.0949999988 0
0.03250000032491791 -0.0949999988 0
0.03500000034991051 -0.0949999988 0
0.03750000037490312 -0.0949999988 0
0.04000000039989572 -0.0949999988 0
0.04250000042488832 -0.0949999988 0
0.04500000044988094 -0.0949999988 0
0.04750000047487354 -0.0949999988 0
0.05000000049986751 -0.0949999988 0
0.05250000052487312 -0.0949999988 0
0.05500000054988008 -0.0949999988 0
0.05750000057488568 -0.0949999988 0
0.06000000059989264 -0.0949999988 0
0.06250000062489826 -0.0949999988 0
0.06500000064990413 -0.0949999988 0
0.06750000067491191 -0.0949999988 0
0.0700000006999186 -0.0949999988 0
0.07250000072492421 -0.0949999988 0
0.07500000074993309 -0.0949999988 0
0.07750000077494194 -0.0949999988 0
0.08000000079994754 -0.0949999988 0
0.08250000082495423 -0.0949999988 0
0.08500000084996201 -0.0949999988 0
0.08750000087496654 -0.0949999988 0
0.09000000089997107 -0.0949999988 0
0.09250000092497884 -0.0949999988 0
0.09500000094998554 -0.0949999988 0
0.09750000097499113 -0.0949999988 0
1 2 0 39
44
45
46
47
48
49
50
51
52
53
54
55
56
57
58
59
60
61
62
63
64
65
66
67
68
69
70
71
72
73
74
75
76
77
78
79
80
81
82
0.100000001 -0.0924999988327506 0
0.100000001 -0.08999999886550662 0
0.100000001 -0.08749999889826102 0
0.100000001 -0.08499999893101325 0
0.100000001 -0.08249999896376926 0
0.100000001 -0.07999999899652854 0
0.100000001 -0.07749999902928674 0
0.100000001 -0.07499999906204276 0
0.100000001 -0.07249999909479878 0
0.100000001 -0.06999999912755479 0
0.100000001 -0.06749999916031083 0
0.100000001 -0.06499999919306686 0
0.100000001 -0.0624999992258283 0
0.100000001 -0.05999999925858433 0
0.100000001 -0.05749999929134036 0
0.100000001 -0.0549999993240964 0
0.100000001 -0.05249999935685243 0
0.100000001 -0.04999999938960845 0
0.100000001 -0.04749999942236827 0
0.100000001 -0.04499999945512728 0
0.100000001 -0.04249999948787167 0
0.100000001 -0.03999999952061469 0
0.100000001 -0.03749999955335771 0
0.100000001 -0.03499999958610075 0
0.100000001 -0.03249999961884648 0
0.100000001 -0.02999999965159383 0
0.100000001 -0.02749999968433578 0
0.100000001 -0.02499999971707881 0
0.100000001 -0.02249999974982292 0
0.100000001 -0.01999999978256703 0
0.100000001 -0.01749999981530898 0
0.100000001 -0.01499999984805091 0
0.100000001 -0.01249999988079394 0
0.100000001 -0.00999999991353806 0
0.100000001 -0.007499999946284877 0
0.100000001 -0.004999999979026809 0
0.100000001 -0.002500000011770392 0
0.100000001 -4.451450319464811e-11 0
0.100000001 0.002499999922741927 0
1 3 0 39
83
84
85
86
87
88
89
90
91
92
93
94
95
96
97
98
99
100
101
102
103
104
105
106
107
108
109
110
111
112
113
114
115
116
117
118
119
120
121
0.09750000097500719 0.00499999989 0
0.09500000095001165 0.00499999989 0
0.09250000092501612 0.00499999989 0
0.09000000090002276 0.00499999989 0
0.08750000087503049 0.00499999989 0
0.08500000085003549 0.00499999989 0
0.08250000082504484 0.00499999989 0
0.08000000080005365 0.00499999989 0
0.0775000007750592 0.00499999989 0
0.07500000075006638 0.00499999989 0
0.07250000072507355 0.00499999989 0
0.07000000070007911 0.00499999989 0
0.06750000067508791 0.00499999989 0
0.06500000065009509 0.00499999989 0
0.06250000062510228 0.00499999989 0
0.06000000060010945 0.00499999989 0
0.05750000057511663 0.00499999989 0
0.0550000005501238 0.00499999989 0
0.05250000052513099 0.00499999989 0
0.0500000005001368 0.00499999989 0
0.04750000047513097 0.00499999989 0
0.0450000004501238 0.00499999989 0
0.04250000042511798 0.00499999989 0
0.04000000040011079 0.00499999989 0
0.03750000037510498 0.00499999989 0
0.03500000035009887 0.00499999989 0
0.03250000032509089 0.00499999989 0
0.03000000030008398 0.00499999989 0
0.02750000027507815 0.00499999989 0
0.02500000025006908 0.00499999989 0
0.02250000022505999 0.00499999989 0
0.02000000020005417 0.00499999989 0
0.01750000017504728 0.00499999989 0
0.01500000015003927 0.00499999989 0
0.01250000012503454 0.00499999989 0
0.0100000001000298 0.00499999989 0
0.007500000075021801 0.00499999989 0
0.005000000050014899 0.00499999989 0
0.002500000025009066 0.00499999989 0
1 4 0 39
122
123
124
125
126
127
128
129
130
131
132
133
134
135
136
137
138
139
140
141
142
143
144
145
146
147
148
149
150
151
152
153
154
155
156
157
158
159
160
0 0.002499999922755124 0
0 -4.448897326925216e-11 0
0 -0.002500000011734034 0
0 -0.004999999978980182 0
0 -0.007499999946225311 0
0 -0.009999999913468342 0
0 -0.0124999998807092 0
0 -0.01499999984795319 0
0 -0.01749999981519717 0
0 -0.01999999978244114 0
0 -0.02249999974968511 0
0 -0.02499999971692908 0
0 -0.0274999996841717 0
0 -0.02999999965141567 0
0 -0.03249999961865963 0
0 -0.0349999995859036 0
0 -0.03749999955314757 0
0 -0.03999999952039154 0
0 -0.04249999948763172 0
0 -0.04499999945487272 0
0 -0.04749999942212833 0
0 -0.04999999938938531 0
0 -0.05249999935664229 0
0 -0.05499999932389925 0
0 -0.05749999929115351 0
0 -0.05999999925840616 0
0 -0.06249999922566422 0
0 -0.0649999991929212 0
0 -0.06749999916017708 0
0 -0.06999999912743297 0
0 -0.07249999909469103 0
0 -0.0749999990619491 0
0 -0.07749999902920607 0
0 -0.07999999899646194 0
0 -0.08249999896371513 0
0 -0.08499999893097319 0
0 -0.08749999889822961 0
0 -0.0899999988654855 0
0 -0.09249999883274193 0
2 1 0 1521
161
162
163
164
165
166
167
168
169
170
171
172
173
174
175
176
177
178
179
180
181
182
183
184
185
186
187
188
189
190
191
192
193
194
195
196
197
198
199
200
201
202
203
204
205
206
207
208
209
210
211
212
213
214
215
216
217
218
219
220
221
222
223
224
225
226
227
228
229
230
231
232
233
234
235
236
237
238
239
240
241
242
243
244
245
246
247
248
249
250
251
252
253
254
255
256
257
258
259
260
261
262
263
264
265
266
267
268
269
270
271
272
273
274
275
276
277
278
279
280
281
282
283
284
285
286
287
288
289
290
291
292
293
294
295
296
297
298
299
300
301
302
303
304
305
306
307
308
309
310
311
312
313
314
315
316
317
318
319
320
321
322
323
324
325
326
327
328
329
330
331
332
333
334
335
336
337
338
339
340
341
342
343
344
345
346
347
348
349
350
351
352
353
354
355
356
357
358
359
360
361
362
363
364
365
366
367
368
369
370
371
372
373
374
375
376
377
378
379
380
381
382
383
384
385
386
387
388
389
390
391
392
393
394
395
396
397
398
399
400
401
402
403
404
405
406
407
408
409
410
411
412
413
414
415
416
417
418
419
420
421
422
423
424
425
426
427
428
429
430
431
432
433
434
435
436
437
438
439
440
441
442
443
444
445
446
447
448
449
450
451
452
453
454
455
456
457
458
459
460
461
462
463
464
465
466
467
468
469
470
471
472
473
474
475
476
477
478
479
480
481
482
483
484
485
486
487
488
489
490
491
492
493
494
495
496
497
498
499
500
501
502
503
504
505
506
507
508
509
510
511
512
513
514
515
516
517
518
519
520
521
522
523
524
525
526
527
528
529
530
531
532
533
534
535
536
537
538
539
540
541
542
543
544
545
546
547
548
549
550
551
552
553
554
555
556
557
558
559
560
561
562
563
564
565
566
567
568
569
570
571
572
573
574
575
576
577
578
579
580
581
582
583
584
585
586
587
588
589
590
591
592
593
594
595
596
597
598
599
600
601
602
603
604
605
606
607
608
609
610
611
612
613
614
615
616
617
618
619
620
621
622
623
624
625
626
627
628
629
630
631
632
633
634
635
636
637
638
639
640
641
642
643
644
645
646
647
648
649
650
651
652
653
654
655
656
657
658
659
660
661
662
663
664
665
666
667
668
669
670
671
672
673
674
675
676
677
678
679
680
681
682
683
684
685
686
687
688
689
690
691
692
693
694
695
696
697
698
699
700
701
702
703
704
705
706
707
708
709
710
711
712
713
714
715
716
717
718
719
720
721
722
723
724
725
726
727
728
729
730
731
732
733
734
735
736
737
738
739
740
741
742
743
744
745
746
747
748
749
750
751
752
753
754
755
756
757
758
759
760
761
762
763
764
765
766
767
768
769
770
771
772
773
774
775
776
777
778
779
780
781
782
783
784
785
786
787
788
789
790
791
792
793
794
795
796
797
798
799
800
801
802
803
804
805
806
807
808
809
810
811
812
813
814
815
816
817
818
819
820
821
822
823
824
825
826
827
828
829
830
831
832
833
834
835
836
837
838
839
840
841
842
843
844
845
846
847
848
849
850
851
852
853
854
855
856
857
858
859
860
861
862
863
864
865
866
867
868
869
870
871
872
873
874
875
876
877
878
879
880
881
882
883
884
885
886
887
888
889
890
891
892
893
894
895
896
897
898
899
900
901
902
903
904
905
906
907
908
909
910
911
912
913
914
915
916
917
918
919
920
921
922
923
924
925
926
927
928
929
930
931
932
933
934
935
936
937
938
939
940
941
942
943
944
945
946
947
948
949
950
951
952
953
954
955
956
957
958
959
960
961
962
963
964
965
966
967
968
969
970
971
972
973
974
975
976
977
978
979
980
981
982
983
984
985
986
987
988
989
990
991
992
993
994
995
996
997
998
999
1000
1001
1002
1003
1004
1005
1006
1007
1008
1009
1010
1011
1012
1013
1014
1015
1016
1017
1018
1019
1020
1021
1022
1023
1024
1025
1026
1027
1028
1029
1030
1031
1032
1033
1034
1035
1036
1037
1038
1039
1040
1041
1042
1043
1044
1045
1046
1047
1048
1049
1050
1051
1052
1053
1054
1055
1056
1057
1058
1059
1060
1061
1062
1063
1064
1065
1066
1067
1068
1069
1070
1071
1072
1073
1074
1075
1076
1077
1078
1079
1080
1081
1082
1083
1084
1085
1086
1087
1088
1089
1090
1091
1092
1093
1094
1095
1096
1097
1098
1099
1100
1101
1102
1103
1104
1105
1106
1107
1108
1109
1110
1111
1112
1113
1114
1115
1116
1117
1118
1119
1120
1121
1122
1123
1124
1125
1126
1127
1128
1129
1130
1131
1132
1133
1134
1135
1136
1137
1138
1139
1140
1141
1142
1143
1144
1145
1146
1147
1148
1149
1150
1151
1152
1153
1154
1155
1156
1157
1158
1159
1160
1161
1162
1163
1164
1165
1166
1167
1168
1169
1170
1171
1172
1173
1174
1175
1176
1177
1178
1179
1180
1181
1182
1183
1184
1185
1186
1187
1188
1189
1190
1191
1192
1193
1194
1195
1196
1197
1198
1199
1200
1201
1202
1203
1204
1205
1206
1207
1208
1209
1210
1211
1212
1213
1214
1215
1216
1217
1218
1219
1220
1221
1222
1223
1224
1225
1226
1227
1228
1229
1230
1231
1232
1233
1234
1235
1236
1237
1238
1239
1240
1241
1242
1243
1244
1245
1246
1247
1248
1249
1250
1251
1252
1253
1254
1255
1256
1257
1258
1259
1260
1261
1262
1263
1264
1265
1266
1267
1268
1269
1270
1271
1272
1273
1274
1275
1276
1277
1278
1279
1280
1281
1282
1283
1284
1285
1286
1287
1288
1289
1290
1291
1292
1293
1294
1295
1296
1297
1298
1299
1300
1301
1302
1303
1304
1305
1306
1307
1308
1309
1310
1311
1312
1313
1314
1315
1316
1317
1318
1319
1320
1321
1322
1323
1324
1325
1326
1327
1328
1329
1330
1331
1332
1333
1334
1335
1336
1337
1338
1339
1340
1341
1342
1343
1344
1345
1346
1347
1348
1349
1350
1351
1352
1353
1354
1355
1356
1357
1358
1359
1360
1361
1362
1363
1364
1365
1366
1367
1368
1369
1370
1371
1372
1373
1374
1375
1376
1377
1378
1379
1380
1381
1382
1383
1384
1385
1386
1387
1388
1389
1390
1391
1392
1393
1394
1395
1396
1397
1398
1399
1400
1401
1402
1403
1404
1405
1406
1407
1408
1409
1410
1411
1412
1413
1414
1415
1416
1417
1418
1419
1420
1421
1422
1423
1424
1425
1426
1427
1428
1429
1430
1431
1432
1433
1434
1435
1436
1437
1438
1439
1440
1441
1442
1443
1444
1445
1446
1447
1448
1449
1450
1451
1452
1453
1454
1455
1456
1457
1458
1459
1460
1461
1462
1463
1464
1465
1466
1467
1468
1469
1470
1471
1472
1473
1474
1475
1476
1477
1478
1479
1480
1481
1482
1483
1484
1485
1486
1487
1488
1489
1490
1491
1492
1493
1494
1495
1496
1497
1498
1499
1500
1501
1502
1503
1504
1505
1506
1507
1508
1509
1510
1511
1512
1513
1514
1515
1516
1517
1518
1519
1520
1521
1522
1523
1524
1525
1526
1527
1528
1529
1530
1531
1532
1533
1534
1535
1536
1537
1538
1539
1540
1541
1542
1543
1544
1545
1546
1547
1548
1549
1550
1551
1552
1553
1554
1555
1556
1557
1558
1559
1560
1561
1562
1563
1564
1565
1566
1567
1568
1569
1570
1571
1572
1573
1574
1575
1576
1577
1578
1579
1580
1581
1582
1583
1584
1585
1586
1587
1588
1589
1590
1591
1592
1593
1594
1595
1596
1597
1598
1599
1600
1601
1602
1603
1604
1605
1606
1607
1608
1609
1610
1611
1612
1613
1614
1615
1616
1617
1618
1619
1620
1621
1622
1623
1624
1625
1626
1627
1628
1629
1630
1631
1632
1633
1634
1635
1636
1637
1638
1639
1640
1641
1642
1643
1644
1645
1646
1647
1648
1649
1650
1651
1652
1653
1654
1655
1656
1657
1658
1659
1660
1661
1662
1663
1664
1665
1666
1667
1668
1669
1670
1671
1672
1673
1674
1675
1676
1677
1678
1679
1680
1681
0.002500000024995621 -0.09249999883274214 0
0.002500000024995966 -0.08999999886548601 0
0.002500000024996311 -0.08749999889823042 0
0.002500000024996655 -0.08499999893097421 0
0.002500000024997 -0.08249999896371649 0
0.002500000024997345 -0.07999999899646364 0
0.002500000024997689 -0.07749999902920808 0
0.002500000024998035 -0.07499999906195143 0
0.002500000024998379 -0.07249999909469372 0
0.002500000024998724 -0.06999999912743604 0
0.002500000024999068 -0.06749999916018044 0
0.002500000024999414 -0.06499999919292486 0
0.002500000024999759 -0.06249999922566833 0
0.002500000025000103 -0.0599999992584106 0
0.002500000025000448 -0.05749999929115818 0
0.002500000025000793 -0.05499999932390418 0
0.002500000025001137 -0.05249999935664754 0
0.002500000025001481 -0.04999999938939089 0
0.002500000025001827 -0.04749999942213431 0
0.002500000025002172 -0.04499999945487908 0
0.002500000025002517 -0.04249999948763773 0
0.002500000025002861 -0.03999999952039712 0
0.002500000025003206 -0.03749999955315284 0
0.00250000002500355 -0.03499999958590853 0
0.002500000025003895 -0.0324999996186643 0
0.00250000002500424 -0.02999999965142012 0
0.002500000025004585 -0.0274999996841758 0
0.00250000002500493 -0.02499999971693282 0
0.002500000025005274 -0.02249999974968856 0
0.002500000025005619 -0.01999999978244429 0
0.002500000025005964 -0.01749999981519995 0
0.002500000025006309 -0.01499999984795563 0
0.002500000025006653 -0.01249999988071133 0
0.002500000025006998 -0.009999999913470089 0
0.002500000025007343 -0.0074999999462268 0
0.002500000025007688 -0.004999999978981348 0
0.002500000025008033 -0.002500000011734942 0
0.002500000025008376 -4.448961164749132e-11 0
0.002500000025008722 0.002499999922754794 0
0.005000000049990653 -0.09249999883274237 0
0.005000000049991275 -0.08999999886548657 0
0.005000000049991897 -0.08749999889823121 0
0.00500000004999252 -0.08499999893097521 0
0.005000000049993141 -0.08249999896371785 0
0.005000000049993764 -0.07999999899646529 0
0.005000000049994385 -0.07749999902921009 0
0.005000000049995007 -0.07499999906195379 0
0.005000000049995628 -0.07249999909469644 0
0.005000000049996249 -0.06999999912743907 0
0.005000000049996871 -0.06749999916018376 0
0.005000000049997492 -0.06499999919292848 0
0.005000000049998116 -0.06249999922567241 0
0.005000000049998736 -0.05999999925841508 0
0.005000000049999358 -0.05749999929116286 0
0.005000000049999978 -0.05499999932390909 0
0.0050000000500006 -0.0524999993566528 0
0.005000000050001223 -0.04999999938939648 0
0.005000000050001843 -0.04749999942214031 0
0.005000000050002467 -0.04499999945488544 0
0.005000000050003088 -0.04249999948764372 0
0.00500000005000371 -0.0399999995204027 0
0.005000000050004332 -0.03749999955315809 0
0.005000000050004953 -0.03499999958591345 0
0.005000000050005574 -0.03249999961866899 0
0.005000000050006195 -0.02999999965142458 0
0.005000000050006819 -0.02749999968417991 0
0.005000000050007439 -0.02499999971693656 0
0.00500000005000806 -0.022499999749692 0
0.005000000050008684 -0.01999999978244744 0
0.005000000050009305 -0.01749999981520275 0
0.005000000050009925 -0.01499999984795807 0
0.005000000050010546 -0.01249999988071344 0
0.005000000050011172 -0.009999999913471832 0
0.005000000050011792 -0.00749999994622829 0
0.005000000050012414 -0.004999999978982512 0
0.005000000050013035 -0.002500000011735851 0
0.005000000050013656 -4.449025002573048e-11 0
0.005000000050014279 0.002499999922754464 0
0.007500000074986357 -0.09249999883274258 0
0.007500000074987264 -0.08999999886548705 0
0.007500000074988175 -0.08749999889823196 0
0.007500000074989083 -0.08499999893097622 0
0.007500000074989991 -0.08249999896371916 0
0.007500000074990902 -0.07999999899646693 0
0.007500000074991809 -0.07749999902921209 0
0.007500000074992718 -0.0749999990619561 0
0.007500000074993627 -0.07249999909469911 0
0.007500000074994536 -0.06999999912744208 0
0.007500000074995445 -0.06749999916018712 0
0.007500000074996354 -0.06499999919293213 0
0.007500000074997263 -0.06249999922567652 0
0.007500000074998173 -0.05999999925841951 0
0.007500000074999081 -0.05749999929116753 0
0.007500000074999989 -0.05499999932391403 0
0.007500000075000898 -0.05249999935665804 0
0.007500000075001807 -0.04999999938940205 0
0.007500000075002716 -0.04749999942214633 0
0.007500000075003625 -0.04499999945489181 0
0.007500000075004534 -0.04249999948764971 0
0.007500000075005441 -0.03999999952040828 0
0.007500000075006352 -0.03749999955316335 0
0.007500000075007259 -0.0349999995859184 0
0.00750000007500817 -0.03249999961867364 0
0.007500000075009077 -0.02999999965142904 0
0.007500000075009986 -0.027499999684184 0
0.007500000075010895 -0.0249999997169403 0
0.007500000075011804 -0.02249999974969544 0
0.007500000075012713 -0.01999999978245058 0
0.007500000075013622 -0.01749999981520555 0
0.007500000075014531 -0.01499999984796052 0
0.00750000007501544 -0.01249999988071556 0
0.007500000075016347 -0.00999999991347357 0
0.007500000075017256 -0.007499999946229779 0
0.007500000075018166 -0.004999999978983679 0
0.007500000075019076 -0.002500000011736762 0
0.007500000075019986 -4.449088840396964e-11 0
0.007500000075020892 0.002499999922754135 0
0.01000000009998229 -0.09249999883274279 0
0.01000000009998351 -0.08999999886548762 0
0.01000000009998472 -0.08749999889823276 0
0.01000000009998594 -0.08499999893097721 0
0.01000000009998716 -0.08249999896372054 0
0.01000000009998838 -0.07999999899646862 0
0.0100000000999896 -0.07749999902921412 0
0.01000000009999081 -0.07499999906195844 0
0.01000000009999203 -0.0724999990947018 0
0.01000000009999325 -0.06999999912744516 0
0.01000000009999447 -0.06749999916019046 0
0.01000000009999569 -0.06499999919293577 0
0.01000000009999691 -0.06249999922568063 0
0.01000000009999812 -0.05999999925842397 0
0.01000000009999934 -0.05749999929117221 0
0.01000000010000056 -0.05499999932391897 0
0.01000000010000178 -0.05249999935666329 0
0.010000000100003 -0.04999999938940763 0
0.01000000010000422 -0.04749999942215232 0
0.01000000010000543 -0.04499999945489818 0
0.01000000010000665 -0.04249999948765572 0
0.01000000010000787 -0.03999999952041385 0
0.01000000010000909 -0.03749999955316859 0
0.0100000001000103 -0.03499999958592331 0
0.01000000010001153 -0.03249999961867832 0
0.01000000010001274 -0.02999999965143349 0
0.01000000010001396 -0.02749999968418811 0
0.01000000010001518 -0.02499999971694404 0
0.0100000001000164 -0.02249999974969888 0
0.01000000010001761 -0.01999999978245373 0
0.01000000010001884 -0.01749999981520834 0
0.01000000010002005 -0.01499999984796296 0
0.01000000010002127 -0.01249999988071768 0
0.01000000010002249 -0.009999999913475315 0
0.01000000010002371 -0.007499999946231266 0
0.01000000010002493 -0.004999999978984844 0
0.01000000010002614 -0.00250000001173767 0
0.01000000010002736 -4.449152591484706e-11 0
0.01000000010002858 0.002499999922753806 0
0.01250000012497817 -0.09249999883274301 0
0.01250000012497961 -0.08999999886548814 0
0.01250000012498106 -0.08749999889823355 0
0.0125000001249825 -0.0849999989309782 0
0.01250000012498395 -0.0824999989637219 0
0.0125000001249854 -0.07999999899647027 0
0.01250000012498684 -0.07749999902921614 0
0.01250000012498828 -0.0749999990619608 0
0.01250000012498973 -0.07249999909470449 0
0.01250000012499117 -0.06999999912744818 0
0.01250000012499262 -0.06749999916019382 0
0.01250000012499406 -0.06499999919293943 0
0.01250000012499551 -0.06249999922568474 0
0.01250000012499695 -0.05999999925842844 0
0.0125000001249984 -0.05749999929117689 0
0.01250000012499985 -0.05499999932392388 0
0.01250000012500129 -0.05249999935666858 0
0.01250000012500274 -0.04999999938941321 0
0.01250000012500418 -0.04749999942215832 0
0.01250000012500563 -0.04499999945490453 0
0.01250000012500707 -0.04249999948766171 0
0.01250000012500852 -0.03999999952041944 0
0.01250000012500996 -0.03749999955317383 0
0.01250000012501141 -0.03499999958592824 0
0.01250000012501285 -0.032499999618683 0
0.0125000001250143 -0.02999999965143793 0
0.01250000012501575 -0.02749999968419221 0
0.01250000012501719 -0.02499999971694779 0
0.01250000012501864 -0.02249999974970234 0
0.01250000012502008 -0.01999999978245688 0
0.01250000012502153 -0.01749999981521114 0
0.01250000012502297 -0.0149999998479654 0
0.01250000012502442 -0.0124999998807198 0
0.01250000012502587 -0.009999999913477053 0
0.01250000012502731 -0.007499999946232756 0
0.01250000012502876 -0.004999999978986012 0
0.0125000001250302 -0.002500000011738578 0
0.01250000012503164 -4.449216429308622e-11 0
0.01250000012503309 0.002499999922753475 0
0.01500000014997153 -0.09249999883274321 0
0.01500000014997327 -0.08999999886548868 0
0.01500000014997501 -0.08749999889823433 0
0.01500000014997675 -0.08499999893097922 0
0.01500000014997848 -0.08249999896372322 0
0.01500000014998022 -0.07999999899647192 0
0.01500000014998196 -0.07749999902921816 0
0.01500000014998369 -0.07499999906196313 0
0.01500000014998544 -0.07249999909470721 0
0.01500000014998717 -0.06999999912745125 0
0.01500000014998891 -0.06749999916019715 0
0.01500000014999064 -0.06499999919294304 0
0.01500000014999238 -0.06249999922568882 0
0.01500000014999412 -0.0599999992584329 0
0.01500000014999585 -0.05749999929118155 0
0.01500000014999759 -0.05499999932392882 0
0.01500000014999933 -0.05249999935667381 0
0.01500000015000106 -0.04999999938941876 0
0.0150000001500028 -0.04749999942216432 0
0.01500000015000454 -0.04499999945491089 0
0.01500000015000627 -0.04249999948766771 0
0.01500000015000801 -0.039999999520425 0
0.01500000015000975 -0.03749999955317911 0
0.01500000015001148 -0.03499999958593316 0
0.01500000015001322 -0.03249999961868767 0
0.01500000015001496 -0.02999999965144239 0
0.01500000015001669 -0.02749999968419631 0
0.01500000015001843 -0.02499999971695153 0
0.01500000015002017 -0.02249999974970579 0
0.01500000015002191 -0.01999999978246002 0
0.01500000015002364 -0.01749999981521393 0
0.01500000015002538 -0.01499999984796784 0
0.01500000015002712 -0.01249999988072192 0
0.01500000015002885 -0.009999999913478804 0
0.01500000015003059 -0.007499999946234247 0
0.01500000015003233 -0.004999999978987177 0
0.01500000015003406 -0.002500000011739489 0
0.0150000001500358 -4.449280267132538e-11 0
0.01500000015003754 0.002499999922753144 0
0.01750000017496453 -0.09249999883274344 0
0.01750000017496665 -0.08999999886548918 0
0.01750000017496877 -0.08749999889823513 0
0.0175000001749709 -0.08499999893098023 0
0.01750000017497302 -0.08249999896372458 0
0.01750000017497513 -0.07999999899647359 0
0.01750000017497726 -0.07749999902922018 0
0.01750000017497939 -0.07499999906196549 0
0.0175000001749815 -0.07249999909470987 0
0.01750000017498363 -0.0699999991274543 0
0.01750000017498575 -0.06749999916020047 0
0.01750000017498787 -0.06499999919294669 0
0.01750000017498999 -0.06249999922569292 0
0.01750000017499212 -0.05999999925843733 0
0.01750000017499424 -0.05749999929118621 0
0.01750000017499636 -0.05499999932393373 0
0.01750000017499848 -0.05249999935667906 0
0.0175000001750006 -0.04999999938942436 0
0.01750000017500273 -0.04749999942217031 0
0.01750000017500485 -0.04499999945491728 0
0.01750000017500697 -0.0424999994876737 0
0.01750000017500909 -0.0399999995204306 0
0.01750000017501121 -0.03749999955318434 0
0.01750000017501333 -0.03499999958593809 0
0.01750000017501546 -0.03249999961869234 0
0.01750000017501758 -0.02999999965144683 0
0.0175000001750197 -0.02749999968420042 0
0.01750000017502183 -0.02499999971695528 0
0.01750000017502394 -0.02249999974970922 0
0.01750000017502606 -0.01999999978246317 0
0.01750000017502819 -0.01749999981521673 0
0.01750000017503031 -0.01499999984797028 0
0.01750000017503243 -0.01249999988072403 0
0.01750000017503455 -0.009999999913480545 0
0.01750000017503667 -0.007499999946235734 0
0.0175000001750388 -0.004999999978988342 0
0.01750000017504092 -0.002500000011740396 0
0.01750000017504304 -4.449344104956454e-11 0
0.01750000017504516 0.002499999922752814 0
0.02000000019995723 -0.09249999883274368 0
0.02000000019995972 -0.08999999886548973 0
0.0200000001999622 -0.08749999889823593 0
0.02000000019996469 -0.08499999893098122 0
0.02000000019996718 -0.08249999896372594 0
0.02000000019996965 -0.07999999899647528 0
0.02000000019997215 -0.07749999902922219 0
0.02000000019997462 -0.07499999906196782 0
0.02000000019997711 -0.07249999909471259 0
0.0200000001999796 -0.06999999912745733 0
0.02000000019998209 -0.06749999916020383 0
0.02000000019998457 -0.06499999919295033 0
0.02000000019998706 -0.06249999922569704 0
0.02000000019998955 -0.05999999925844179 0
0.02000000019999203 -0.05749999929119089 0
0.02000000019999451 -0.05499999932393869 0
0.020000000199997 -0.0524999993566843 0
0.02000000019999949 -0.04999999938942995 0
0.02000000020000197 -0.04749999942217632 0
0.02000000020000445 -0.04499999945492363 0
0.02000000020000695 -0.04249999948767971 0
0.02000000020000943 -0.03999999952043617 0
0.02000000020001191 -0.0374999995531896 0
0.0200000002000144 -0.03499999958594302 0
0.02000000020001689 -0.03249999961869701 0
0.02000000020001937 -0.02999999965145131 0
0.02000000020002186 -0.02749999968420452 0
0.02000000020002434 -0.02499999971695902 0
0.02000000020002683 -0.02249999974971267 0
0.02000000020002932 -0.01999999978246632 0
0.0200000002000318 -0.01749999981521952 0
0.02000000020003429 -0.01499999984797273 0
0.02000000020003677 -0.01249999988072615 0
0.02000000020003926 -0.009999999913482287 0
0.02000000020004174 -0.007499999946237224 0
0.02000000020004423 -0.004999999978989507 0
0.02000000020004671 -0.002500000011741307 0
0.0200000002000492 -4.449407899412283e-11 0
0.02000000020005169 0.002499999922752485 0
0.02250000022495043 -0.09249999883274387 0
0.02250000022495324 -0.08999999886549025 0
0.02250000022495605 -0.08749999889823669 0
0.02250000022495885 -0.08499999893098224 0
0.02250000022496166 -0.08249999896372731 0
0.02250000022496447 -0.07999999899647692 0
0.02250000022496729 -0.07749999902922418 0
0.02250000022497009 -0.07499999906197015 0
0.0225000002249729 -0.07249999909471526 0
0.02250000022497571 -0.06999999912746038 0
0.02250000022497852 -0.06749999916020717 0
0.02250000022498134 -0.06499999919295397 0
0.02250000022498414 -0.06249999922570115 0
0.02250000022498695 -0.05999999925844625 0
0.02250000022498976 -0.05749999929119556 0
0.02250000022499257 -0.0549999993239436 0
0.02250000022499538 -0.05249999935668959 0
0.02250000022499819 -0.04999999938943552 0
0.022500000225001 -0.0474999994221823 0
0.02250000022500381 -0.04499999945493 0
0.02250000022500662 -0.0424999994876857 0
0.02250000022500942 -0.03999999952044175 0
0.02250000022501223 -0.03749999955319485 0
0.02250000022501504 -0.03499999958594795 0
0.02250000022501785 -0.03249999961870167 0
0.02250000022502067 -0.02999999965145575 0
0.02250000022502347 -0.02749999968420861 0
0.02250000022502628 -0.02499999971696277 0
0.02250000022502909 -0.02249999974971612 0
0.0225000002250319 -0.01999999978246947 0
0.02250000022503471 -0.01749999981522232 0
0.02250000022503751 -0.01499999984797518 0
0.02250000022504033 -0.01249999988072827 0
0.02250000022504313 -0.009999999913484029 0
0.02250000022504595 -0.007499999946238716 0
0.02250000022504875 -0.004999999978990673 0
0.02250000022505156 -0.002500000011742215 0
0.02250000022505437 -4.449471823972373e-11 0
0.02250000022505718 0.002499999922752155 0
0.0250000002499433 -0.0924999988327441 0
0.02500000024994654 -0.08999999886549079 0
0.02500000024994976 -0.08749999889823745 0
0.02500000024995298 -0.0849999989309832 0
0.02500000024995621 -0.08249999896372866 0
0.02500000024995944 -0.07999999899647861 0
0.02500000024996266 -0.07749999902922623 0
0.02500000024996588 -0.07499999906197248 0
0.02500000024996911 -0.07249999909471798 0
0.02500000024997234 -0.06999999912746341 0
0.02500000024997556 -0.06749999916021053 0
0.02500000024997879 -0.06499999919295765 0
0.02500000024998201 -0.06249999922570525 0
0.02500000024998524 -0.0599999992584507 0
0.02500000024998846 -0.05749999929120023 0
0.02500000024999169 -0.05499999932394853 0
0.02500000024999492 -0.05249999935669483 0
0.02500000024999813 -0.04999999938944109 0
0.02500000025000136 -0.04749999942218831 0
0.02500000025000459 -0.04499999945493636 0
0.02500000025000781 -0.0424999994876917 0
0.02500000025001103 -0.03999999952044733 0
0.02500000025001425 -0.03749999955320012 0
0.02500000025001749 -0.03499999958595289 0
0.02500000025002071 -0.03249999961870634 0
0.02500000025002394 -0.02999999965146021 0
0.02500000025002716 -0.02749999968421272 0
0.02500000025003039 -0.02499999971696651 0
0.02500000025003361 -0.02249999974971956 0
0.02500000025003684 -0.01999999978247262 0
0.02500000025004005 -0.01749999981522512 0
0.02500000025004328 -0.01499999984797762 0
0.02500000025004651 -0.01249999988073039 0
0.02500000025004974 -0.009999999913485772 0
0.02500000025005296 -0.007499999946240202 0
0.02500000025005618 -0.00499999997899184 0
0.02500000025005941 -0.002500000011743125 0
0.02500000025006264 -4.449535618428202e-11 0
0.02500000025006586 0.002499999922751825 0
0.02750000027493619 -0.09249999883274432 0
0.02750000027493983 -0.08999999886549132 0
0.02750000027494347 -0.08749999889823826 0
0.02750000027494711 -0.0849999989309842 0
0.02750000027495075 -0.08249999896373 0
0.0275000002749544 -0.07999999899648025 0
0.02750000027495804 -0.07749999902922824 0
0.02750000027496168 -0.07499999906197485 0
0.02750000027496531 -0.07249999909472063 0
0.02750000027496895 -0.06999999912746646 0
0.0275000002749726 -0.06749999916021387 0
0.02750000027497624 -0.06499999919296125 0
0.02750000027497988 -0.06249999922570933 0
0.02750000027498351 -0.05999999925845515 0
0.02750000027498715 -0.05749999929120489 0
0.0275000002749908 -0.05499999932395346 0
0.02750000027499443 -0.05249999935670008 0
0.02750000027499808 -0.04999999938944667 0
0.02750000027500171 -0.0474999994221943 0
0.02750000027500536 -0.04499999945494274 0
0.02750000027500899 -0.04249999948769771 0
0.02750000027501263 -0.03999999952045292 0
0.02750000027501627 -0.03749999955320537 0
0.02750000027501992 -0.03499999958595781 0
0.02750000027502355 -0.03249999961871101 0
0.02750000027502719 -0.02999999965146466 0
0.02750000027503083 -0.02749999968421682 0
0.02750000027503447 -0.02499999971697025 0
0.02750000027503811 -0.022499999749723 0
0.02750000027504175 -0.01999999978247576 0
0.02750000027504539 -0.01749999981522791 0
0.02750000027504902 -0.01499999984798006 0
0.02750000027505267 -0.01249999988073251 0
0.02750000027505631 -0.009999999913487512 0
0.02750000027505995 -0.007499999946241694 0
0.0275000002750636 -0.004999999978993006 0
0.02750000027506723 -0.002500000011744033 0
0.02750000027507087 -4.449599326147857e-11 0
0.02750000027507451 0.002499999922751495 0
0.0300000002999294 -0.09249999883274453 0
0.03000000029993336 -0.08999999886549186 0
0.03000000029993732 -0.08749999889823905 0
0.03000000029994129 -0.08499999893098524 0
0.03000000029994525 -0.08249999896373135 0
0.03000000029994922 -0.07999999899648193 0
0.03000000029995318 -0.07749999902923024 0
0.03000000029995714 -0.07499999906197717 0
0.03000000029996111 -0.07249999909472335 0
0.03000000029996507 -0.06999999912746951 0
0.03000000029996903 -0.06749999916021719 0
0.030000000299973 -0.06499999919296491 0
0.03000000029997696 -0.06249999922571344 0
0.03000000029998092 -0.05999999925845961 0
0.03000000029998488 -0.05749999929120957 0
0.03000000029998885 -0.05499999932395839 0
0.03000000029999281 -0.05249999935670534 0
0.03000000029999678 -0.04999999938945227 0
0.03000000030000075 -0.04749999942220031 0
0.03000000030000471 -0.04499999945494908 0
0.03000000030000867 -0.04249999948770371 0
0.03000000030001263 -0.03999999952045848 0
0.03000000030001659 -0.03749999955321061 0
0.03000000030002056 -0.03499999958596275 0
0.03000000030002452 -0.0324999996187157 0
0.03000000030002849 -0.02999999965146911 0
0.03000000030003246 -0.02749999968422093 0
0.03000000030003641 -0.02499999971697399 0
0.03000000030004038 -0.02249999974972646 0
0.03000000030004435 -0.01999999978247891 0
0.0300000003000483 -0.01749999981523071 0
0.03000000030005227 -0.01499999984798251 0
0.03000000030005624 -0.01249999988073462 0
0.0300000003000602 -0.009999999913489259 0
0.03000000030006417 -0.007499999946243181 0
0.03000000030006813 -0.004999999978994172 0
0.03000000030007209 -0.002500000011744942 0
0.03000000030007606 -4.449663120603686e-11 0
0.03000000030008002 0.002499999922751165 0
0.03250000032492224 -0.09249999883274476 0
0.03250000032492655 -0.08999999886549236 0
0.03250000032493087 -0.08749999889823983 0
0.03250000032493521 -0.08499999893098623 0
0.03250000032493952 -0.08249999896373272 0
0.03250000032494385 -0.07999999899648358 0
0.03250000032494819 -0.07749999902923227 0
0.0325000003249525 -0.07499999906197954 0
0.03250000032495683 -0.07249999909472603 0
0.03250000032496114 -0.06999999912747258 0
0.03250000032496548 -0.06749999916022055 0
0.03250000032496979 -0.06499999919296856 0
0.03250000032497413 -0.06249999922571756 0
0.03250000032497845 -0.05999999925846407 0
0.03250000032498278 -0.05749999929121426 0
0.03250000032498709 -0.05499999932396332 0
0.03250000032499143 -0.0524999993567106 0
0.03250000032499574 -0.04999999938945784 0
0.03250000032500007 -0.04749999942220631 0
0.03250000032500439 -0.04499999945495545 0
0.03250000032500873 -0.04249999948770971 0
0.03250000032501305 -0.03999999952046406 0
0.03250000032501738 -0.03749999955321588 0
0.03250000032502169 -0.03499999958596767 0
0.03250000032502602 -0.03249999961872035 0
0.03250000032503034 -0.02999999965147357 0
0.03250000032503467 -0.02749999968422502 0
0.032500000325039 -0.02499999971697774 0
0.03250000032504331 -0.02249999974972991 0
0.03250000032504764 -0.01999999978248206 0
0.03250000032505197 -0.0174999998152335 0
0.03250000032505629 -0.01499999984798495 0
0.03250000032506062 -0.01249999988073675 0
0.03250000032506493 -0.009999999913491004 0
0.03250000032506926 -0.007499999946244671 0
0.03250000032507359 -0.004999999978995338 0
0.03250000032507791 -0.00250000001174585 0
0.03250000032508224 -4.449727088531863e-11 0
0.03250000032508656 0.002499999922750835 0
0.03500000034991521 -0.09249999883274498 0
0.03500000034991993 -0.0899999988654929 0
0.03500000034992463 -0.08749999889824064 0
0.03500000034992935 -0.08499999893098723 0
0.03500000034993406 -0.0824999989637341 0
0.03500000034993876 -0.07999999899648526 0
0.03500000034994348 -0.0774999990292343 0
0.03500000034994818 -0.07499999906198186 0
0.03500000034995289 -0.07249999909472873 0
0.03500000034995759 -0.06999999912747562 0
0.03500000034996231 -0.06749999916022391 0
0.03500000034996702 -0.0649999991929722 0
0.03500000034997173 -0.06249999922572166 0
0.03500000034997643 -0.05999999925846852 0
0.03500000034998114 -0.05749999929121891 0
0.03500000034998585 -0.05499999932396823 0
0.03500000034999057 -0.05249999935671584 0
0.03500000034999528 -0.04999999938946341 0
0.03500000034999998 -0.04749999942221231 0
0.03500000035000468 -0.04499999945496182 0
0.0350000003500094 -0.0424999994877157 0
0.0350000003500141 -0.03999999952046965 0
0.03500000035001881 -0.03749999955322113 0
0.03500000035002353 -0.0349999995859726 0
0.03500000035002823 -0.03249999961872503 0
0.03500000035003294 -0.02999999965147803 0
0.03500000035003765 -0.02749999968422913 0
0.03500000035004236 -0.02499999971698148 0
0.03500000035004706 -0.02249999974973334 0
0.03500000035005178 -0.0199999997824852 0
0.03500000035005649 -0.01749999981523629 0
0.0350000003500612 -0.01499999984798739 0
0.03500000035006592 -0.01249999988073886 0
0.03500000035007062 -0.009999999913492746 0
0.03500000035007533 -0.007499999946246158 0
0.03500000035008004 -0.004999999978996503 0
0.03500000035008474 -0.002500000011746759 0
0.03500000035008945 -4.449790882987692e-11 0
0.03500000035009417 0.002499999922750505 0
0.03750000037490817 -0.09249999883274519 0
0.0375000003749132 -0.08999999886549341 0
0.03750000037491825 -0.08749999889824141 0
0.0375000003749233 -0.08499999893098825 0
0.03750000037492835 -0.08249999896373543 0
0.03750000037493341 -0.07999999899648692 0
0.03750000037493845 -0.07749999902923629 0
0.03750000037494348 -0.07499999906198418 0
0.03750000037494854 -0.07249999909473141 0
0.03750000037495358 -0.06999999912747867 0
0.03750000037495863 -0.06749999916022723 0
0.03750000037496367 -0.06499999919297585 0
0.03750000037496872 -0.06249999922572575 0
0.03750000037497377 -0.05999999925847297 0
0.03750000037497881 -0.05749999929122359 0
0.03750000037498386 -0.05499999932397317 0
0.03750000037498891 -0.0524999993567211 0
0.03750000037499395 -0.04999999938946901 0
0.037500000374999 -0.0474999994222183 0
0.03750000037500405 -0.04499999945496817 0
0.03750000037500908 -0.04249999948772169 0
0.03750000037501414 -0.03999999952047522 0
0.03750000037501919 -0.03749999955322637 0
0.03750000037502423 -0.03499999958597755 0
0.03750000037502928 -0.03249999961872971 0
0.03750000037503432 -0.02999999965148248 0
0.03750000037503937 -0.02749999968423323 0
0.03750000037504442 -0.02499999971698522 0
0.03750000037504947 -0.02249999974973679 0
0.03750000037505451 -0.01999999978248835 0
0.03750000037505956 -0.01749999981523909 0
0.03750000037506462 -0.01499999984798983 0
0.03750000037506965 -0.01249999988074098 0
0.03750000037507469 -0.009999999913494486 0
0.03750000037507974 -0.00749999994624765 0
0.0375000003750848 -0.004999999978997667 0
0.03750000037508984 -0.002500000011747668 0
0.0375000003750949 -4.449854720811608e-11 0
0.03750000037509994 0.002499999922750175 0
0.0400000003999011 -0.0924999988327454 0
0.04000000039990647 -0.08999999886549394 0
0.04000000039991185 -0.08749999889824218 0
0.04000000039991723 -0.08499999893098925 0
0.04000000039992261 -0.08249999896373676 0
0.04000000039992799 -0.07999999899648859 0
0.04000000039993336 -0.07749999902923832 0
0.04000000039993874 -0.07499999906198657 0
0.04000000039994411 -0.07249999909473412 0
0.0400000003999495 -0.0699999991274817 0
0.04000000039995487 -0.06749999916023057 0
0.04000000039996025 -0.0649999991929795 0
0.04000000039996562 -0.06249999922572985 0
0.04000000039997099 -0.05999999925847743 0
0.04000000039997637 -0.05749999929122826 0
0.04000000039998175 -0.0549999993239781 0
0.04000000039998713 -0.05249999935672636 0
0.04000000039999251 -0.04999999938947458 0
0.04000000039999789 -0.04749999942222431 0
0.04000000040000326 -0.04499999945497454 0
0.04000000040000862 -0.04249999948772768 0
0.04000000040001402 -0.03999999952048081 0
0.0400000004000194 -0.03749999955323163 0
0.04000000040002476 -0.03499999958598245 0
0.04000000040003014 -0.03249999961873437 0
0.04000000040003552 -0.02999999965148694 0
0.04000000040004091 -0.02749999968423733 0
0.04000000040004628 -0.02499999971698897 0
0.04000000040005165 -0.02249999974974024 0
0.04000000040005703 -0.01999999978249149 0
0.0400000004000624 -0.01749999981524189 0
0.04000000040006777 -0.01499999984799228 0
0.04000000040007316 -0.0124999998807431 0
0.04000000040007853 -0.009999999913496226 0
0.04000000040008392 -0.007499999946249138 0
0.04000000040008929 -0.004999999978998833 0
0.04000000040009467 -0.002500000011748577 0
0.04000000040010004 -4.449918558635524e-11 0
0.04000000040010541 0.002499999922749845 0
0.04250000042489405 -0.09249999883274562 0
0.04250000042489981 -0.08999999886549448 0
0.04250000042490554 -0.08749999889824296 0
0.04250000042491128 -0.08499999893099026 0
0.04250000042491704 -0.08249999896373812 0
0.04250000042492277 -0.07999999899649023 0
0.04250000042492851 -0.07749999902924033 0
0.04250000042493424 -0.07499999906198888 0
0.04250000042493999 -0.0724999990947368 0
0.04250000042494574 -0.06999999912748475 0
0.04250000042495147 -0.0674999991602339 0
0.04250000042495722 -0.06499999919298312 0
0.04250000042496295 -0.06249999922573395 0
0.0425000004249687 -0.05999999925848189 0
0.04250000042497444 -0.05749999929123292 0
0.04250000042498019 -0.05499999932398304 0
0.04250000042498592 -0.05249999935673159 0
0.04250000042499168 -0.04999999938948015 0
0.04250000042499741 -0.04749999942223029 0
0.04250000042500315 -0.04499999945498091 0
0.04250000042500889 -0.04249999948773368 0
0.04250000042501463 -0.03999999952048638 0
0.04250000042502038 -0.03749999955323689 0
0.04250000042502612 -0.03499999958598739 0
0.04250000042503185 -0.03249999961873905 0
0.04250000042503759 -0.02999999965149138 0
0.04250000042504333 -0.02749999968424144 0
0.04250000042504907 -0.02499999971699271 0
0.04250000042505482 -0.02249999974974369 0
0.04250000042506056 -0.01999999978249465 0
0.0425000004250663 -0.01749999981524468 0
0.04250000042507204 -0.01499999984799472 0
0.0425000004250778 -0.01249999988074522 0
0.04250000042508353 -0.009999999913497969 0
0.04250000042508926 -0.007499999946250627 0
0.04250000042509501 -0.004999999979000001 0
0.04250000042510076 -0.002500000011749486 0
0.0425000004251065 -4.449982266355179e-11 0
0.04250000042511225 0.002499999922749515 0
0.04500000044988701 -0.09249999883274584 0
0.04500000044989308 -0.08999999886549499 0
0.04500000044989916 -0.08749999889824374 0
0.04500000044990521 -0.08499999893099126 0
0.04500000044991129 -0.0824999989637395 0
0.04500000044991737 -0.07999999899649189 0
0.04500000044992343 -0.07749999902924234 0
0.04500000044992951 -0.07499999906199126 0
0.04500000044993559 -0.0724999990947395 0
0.04500000044994165 -0.06999999912748778 0
0.04500000044994773 -0.06749999916023729 0
0.04500000044995379 -0.06499999919298674 0
0.04500000044995987 -0.06249999922573806 0
0.04500000044996592 -0.05999999925848633 0
0.045000000449972 -0.05749999929123761 0
0.04500000044997808 -0.05499999932398798 0
0.04500000044998416 -0.05249999935673685 0
0.04500000044999022 -0.04999999938948573 0
0.0450000004499963 -0.0474999994222363 0
0.04500000045000235 -0.04499999945498728 0
0.04500000045000845 -0.04249999948773969 0
0.04500000045001452 -0.03999999952049196 0
0.04500000045002059 -0.03749999955324215 0
0.04500000045002665 -0.03499999958599231 0
0.04500000045003272 -0.03249999961874371 0
0.0450000004500388 -0.02999999965149585 0
0.04500000045004486 -0.02749999968424553 0
0.04500000045005094 -0.02499999971699645 0
0.04500000045005702 -0.02249999974974712 0
0.04500000045006308 -0.01999999978249779 0
0.04500000045006915 -0.01749999981524747 0
0.04500000045007523 -0.01499999984799717 0
0.0450000004500813 -0.01249999988074733 0
0.04500000045008737 -0.009999999913499716 0
0.04500000045009343 -0.007499999946252115 0
0.04500000045009951 -0.004999999979001165 0
0.04500000045010559 -0.002500000011750395 0
0.04500000045011165 -4.450046190915269e-11 0
0.04500000045011772 0.002499999922749185 0
0.04750000047487996 -0.09249999883274602 0
0.0475000004748864 -0.08999999886549553 0
0.04750000047489283 -0.08749999889824454 0
0.04750000047489928 -0.08499999893099223 0
0.04750000047490572 -0.08249999896374084 0
0.04750000047491216 -0.07999999899649358 0
0.04750000047491858 -0.07749999902924438 0
0.04750000047492502 -0.07499999906199359 0
0.04750000047493146 -0.07249999909474221 0
0.04750000047493789 -0.06999999912749083 0
0.04750000047494433 -0.06749999916024062 0
0.04750000047495077 -0.06499999919299039 0
0.04750000047495721 -0.06249999922574215 0
0.04750000047496365 -0.0599999992584908 0
0.04750000047497008 -0.05749999929124228 0
0.04750000047497651 -0.05499999932399288 0
0.04750000047498294 -0.05249999935674212 0
0.04750000047498937 -0.04999999938949131 0
0.04750000047499583 -0.0474999994222423 0
0.04750000047500225 -0.04499999945499363 0
0.04750000047500868 -0.0424999994877457 0
0.04750000047501513 -0.03999999952049754 0
0.04750000047502157 -0.03749999955324738 0
0.047500000475028 -0.03499999958599725 0
0.04750000047503444 -0.03249999961874839 0
0.04750000047504088 -0.02999999965150029 0
0.04750000047504731 -0.02749999968424964 0
0.04750000047505375 -0.0249999997170002 0
0.04750000047506016 -0.02249999974975057 0
0.04750000047506662 -0.01999999978250094 0
0.04750000047507304 -0.01749999981525027 0
0.04750000047507948 -0.01499999984799961 0
0.04750000047508592 -0.01249999988074946 0
0.04750000047509237 -0.009999999913501459 0
0.0475000004750988 -0.007499999946253607 0
0.04750000047510522 -0.00499999997900233 0
0.04750000047511167 -0.002500000011751304 0
0.04750000047511808 -4.450109985371098e-11 0
0.04750000047512453 0.002499999922748856 0
0.05000000049987425 -0.09249999883274626 0
0.05000000049988097 -0.08999999886549605 0
0.05000000049988772 -0.08749999889824532 0
0.05000000049989443 -0.08499999893099326 0
0.05000000049990119 -0.08249999896374219 0
0.05000000049990791 -0.07999999899649524 0
0.05000000049991465 -0.07749999902924638 0
0.05000000049992137 -0.07499999906199591 0
0.0500000004999281 -0.0724999990947449 0
0.05000000049993484 -0.06999999912749388 0
0.05000000049994157 -0.06749999916024393 0
0.0500000004999483 -0.06499999919299405 0
0.05000000049995502 -0.06249999922574627 0
0.05000000049996176 -0.05999999925849524 0
0.0500000004999685 -0.05749999929124694 0
0.05000000049997523 -0.05499999932399782 0
0.05000000049998197 -0.05249999935674737 0
0.05000000049998869 -0.04999999938949689 0
0.05000000049999541 -0.04749999942224829 0
0.05000000050000216 -0.04499999945499999 0
0.0500000005000089 -0.0424999994877517 0
0.05000000050001562 -0.03999999952050312 0
0.05000000050002237 -0.03749999955325264 0
0.05000000050002909 -0.03499999958600217 0
0.05000000050003582 -0.03249999961875305 0
0.05000000050004255 -0.02999999965150476 0
0.05000000050004928 -0.02749999968425374 0
0.05000000050005602 -0.02499999971700394 0
0.05000000050006274 -0.02249999974975402 0
0.05000000050006949 -0.01999999978250409 0
0.05000000050007621 -0.01749999981525307 0
0.05000000050008295 -0.01499999984800205 0
0.05000000050008967 -0.01249999988075157 0
0.05000000050009641 -0.009999999913503201 0
0.05000000050010314 -0.007499999946255091 0
0.05000000050010987 -0.004999999979003496 0
0.05000000050011662 -0.002500000011752213 0
0.05000000050012334 -4.450173909931188e-11 0
0.05000000050013009 0.002499999922748526 0
0.05250000052487956 -0.09249999883274648 0
0.05250000052488601 -0.08999999886549659 0
0.05250000052489244 -0.08749999889824613 0
0.05250000052489891 -0.08499999893099425 0
0.05250000052490535 -0.08249999896374353 0
0.05250000052491179 -0.07999999899649687 0
0.05250000052491823 -0.07749999902924838 0
0.0525000005249247 -0.07499999906199824 0
0.05250000052493113 -0.07249999909474762 0
0.05250000052493758 -0.06999999912749694 0
0.05250000052494402 -0.06749999916024726 0
0.05250000052495049 -0.06499999919299766 0
0.05250000052495692 -0.06249999922575036 0
0.05250000052496337 -0.05999999925849971 0
0.05250000052496979 -0.0574999992912516 0
0.05250000052497627 -0.05499999932400274 0
0.05250000052498271 -0.05249999935675261 0
0.05250000052498916 -0.04999999938950248 0
0.05250000052499559 -0.04749999942225431 0
0.05250000052500206 -0.04499999945500637 0
0.05250000052500849 -0.0424999994877577 0
0.05250000052501494 -0.03999999952050871 0
0.05250000052502139 -0.0374999995532579 0
0.05250000052502785 -0.0349999995860071 0
0.05250000052503427 -0.03249999961875773 0
0.05250000052504073 -0.02999999965150921 0
0.05250000052504718 -0.02749999968425784 0
0.05250000052505362 -0.02499999971700768 0
0.05250000052506008 -0.02249999974975746 0
0.05250000052506652 -0.01999999978250723 0
0.05250000052507297 -0.01749999981525587 0
0.05250000052507941 -0.0149999998480045 0
0.05250000052508585 -0.01249999988075369 0
0.05250000052509231 -0.009999999913504941 0
0.05250000052509875 -0.007499999946256584 0
0.05250000052510519 -0.004999999979004662 0
0.05250000052511166 -0.002500000011753122 0
0.05250000052511809 -4.450237617650843e-11 0
0.05250000052512454 0.002499999922748196 0
0.05500000054988619 -0.0924999988327467 0
0.05500000054989226 -0.0899999988654971 0
0.05500000054989834 -0.0874999988982469 0
0.05500000054990444 -0.08499999893099526 0
0.05500000054991055 -0.08249999896374491 0
0.05500000054991665 -0.07999999899649855 0
0.05500000054992274 -0.07749999902925041 0
0.05500000054992882 -0.07499999906200061 0
0.05500000054993493 -0.07249999909475029 0
0.05500000054994101 -0.06999999912749999 0
0.05500000054994711 -0.06749999916025068 0
0.05500000054995319 -0.06499999919300134 0
0.05500000054995929 -0.06249999922575446 0
0.05500000054996537 -0.05999999925850415 0
0.05500000054997148 -0.05749999929125628 0
0.05500000054997757 -0.05499999932400768 0
0.05500000054998366 -0.05249999935675785 0
0.05500000054998976 -0.04999999938950805 0
0.05500000054999583 -0.0474999994222603 0
0.05500000055000194 -0.04499999945501273 0
0.05500000055000803 -0.04249999948776369 0
0.05500000055001412 -0.03999999952051428 0
0.05500000055002022 -0.03749999955326316 0
0.05500000055002632 -0.03499999958601205 0
0.05500000055003239 -0.0324999996187624 0
0.05500000055003849 -0.02999999965151367 0
0.05500000055004461 -0.02749999968426194 0
0.05500000055005068 -0.02499999971701142 0
0.05500000055005676 -0.0224999997497609 0
0.05500000055006287 -0.01999999978251038 0
0.05500000055006898 -0.01749999981525866 0
0.05500000055007506 -0.01499999984800694 0
0.05500000055008116 -0.0124999998807558 0
0.05500000055008724 -0.009999999913506684 0
0.05500000055009335 -0.007499999946258072 0
0.05500000055009942 -0.004999999979005829 0
0.05500000055010551 -0.002500000011754031 0
0.05500000055011161 -4.450301455474759e-11 0
0.05500000055011771 0.002499999922747866 0
0.05750000057489144 -0.09249999883274693 0
0.05750000057489722 -0.08999999886549763 0
0.05750000057490299 -0.08749999889824768 0
0.05750000057490878 -0.08499999893099623 0
0.05750000057491454 -0.08249999896374625 0
0.05750000057492033 -0.07999999899650022 0
0.0575000005749261 -0.07749999902925243 0
0.05750000057493186 -0.07499999906200296 0
0.05750000057493763 -0.07249999909475298 0
0.05750000057494344 -0.06999999912750302 0
0.05750000057494918 -0.06749999916025401 0
0.05750000057495495 -0.06499999919300496 0
0.05750000057496076 -0.06249999922575857 0
0.05750000057496651 -0.05999999925850862 0
0.05750000057497228 -0.05749999929126096 0
0.05750000057497805 -0.0549999993240126 0
0.05750000057498385 -0.05249999935676312 0
0.05750000057498961 -0.04999999938951363 0
0.05750000057499537 -0.04749999942226629 0
0.05750000057500115 -0.04499999945501908 0
0.05750000057500692 -0.04249999948776969 0
0.0575000005750127 -0.03999999952051986 0
0.05750000057501847 -0.0374999995532684 0
0.05750000057502426 -0.03499999958601695 0
0.05750000057503003 -0.03249999961876707 0
0.05750000057503579 -0.02999999965151812 0
0.05750000057504157 -0.02749999968426604 0
0.05750000057504734 -0.02499999971701517 0
0.05750000057505312 -0.02249999974976435 0
0.05750000057505889 -0.01999999978251352 0
0.05750000057506467 -0.01749999981526146 0
0.05750000057507044 -0.01499999984800938 0
0.05750000057507621 -0.01249999988075792 0
0.05750000057508198 -0.009999999913508433 0
0.05750000057508776 -0.007499999946259561 0
0.05750000057509353 -0.004999999979006995 0
0.05750000057509931 -0.00250000001175494 0
0.05750000057510507 -4.450365423402936e-11 0
0.05750000057511085 0.002499999922747536 0
0.06000000059989805 -0.09249999883274715 0
0.06000000059990348 -0.08999999886549817 0
0.06000000059990891 -0.08749999889824846 0
0.06000000059991432 -0.08499999893099726 0
0.06000000059991973 -0.08249999896374759 0
0.06000000059992518 -0.0799999989965019 0
0.06000000059993059 -0.07749999902925443 0
0.06000000059993599 -0.07499999906200529 0
0.06000000059994142 -0.07249999909475567 0
0.06000000059994685 -0.06999999912750607 0
0.06000000059995226 -0.06749999916025733 0
0.06000000059995768 -0.0649999991930086 0
0.06000000059996309 -0.06249999922576268 0
0.06000000059996852 -0.05999999925851305 0
0.06000000059997395 -0.05749999929126562 0
0.06000000059997937 -0.05499999932401754 0
0.06000000059998478 -0.05249999935676838 0
0.06000000059999021 -0.04999999938951919 0
0.06000000059999563 -0.04749999942227229 0
0.06000000060000105 -0.04499999945502545 0
0.06000000060000647 -0.04249999948777568 0
0.06000000060001188 -0.03999999952052544 0
0.06000000060001732 -0.03749999955327366 0
0.06000000060002273 -0.03499999958602189 0
0.06000000060002814 -0.03249999961877174 0
0.06000000060003355 -0.02999999965152256 0
0.06000000060003899 -0.02749999968427015 0
0.06000000060004441 -0.02499999971701891 0
0.06000000060004983 -0.0224999997497678 0
0.06000000060005523 -0.01999999978251667 0
0.06000000060006067 -0.01749999981526425 0
0.06000000060006608 -0.01499999984801182 0
0.06000000060007151 -0.01249999988076004 0
0.06000000060007693 -0.009999999913510174 0
0.06000000060008234 -0.007499999946261053 0
0.06000000060008777 -0.004999999979008159 0
0.06000000060009319 -0.002500000011755849 0
0.06000000060009861 -4.45042906607046e-11 0
0.06000000060010403 0.002499999922747206 0
0.06250000062490337 -0.09249999883274734 0
0.06250000062490843 -0.08999999886549868 0
0.06250000062491354 -0.08749999889824926 0
0.06250000062491864 -0.08499999893099824 0
0.06250000062492377 -0.08249999896374895 0
0.06250000062492887 -0.07999999899650356 0
0.06250000062493395 -0.07749999902925646 0
0.06250000062493906 -0.07499999906200762 0
0.06250000062494415 -0.07249999909475836 0
0.06250000062494923 -0.06999999912750909 0
0.06250000062495435 -0.06749999916026066 0
0.06250000062495946 -0.06499999919301225 0
0.06250000062496457 -0.06249999922576675 0
0.06250000062496965 -0.05999999925851753 0
0.06250000062497475 -0.0574999992912703 0
0.06250000062497987 -0.05499999932402247 0
0.06250000062498497 -0.05249999935677363 0
0.06250000062499005 -0.04999999938952478 0
0.06250000062499515 -0.0474999994222783 0
0.06250000062500026 -0.04499999945503182 0
0.06250000062500537 -0.04249999948778167 0
0.06250000062501046 -0.039999999520531 0
0.06250000062501558 -0.03749999955327892 0
0.06250000062502066 -0.03499999958602681 0
0.06250000062502577 -0.03249999961877642 0
0.06250000062503086 -0.02999999965152703 0
0.06250000062503595 -0.02749999968427425 0
0.06250000062504106 -0.02499999971702265 0
0.06250000062504617 -0.02249999974977124 0
0.06250000062505127 -0.01999999978251982 0
0.06250000062505638 -0.01749999981526704 0
0.06250000062506149 -0.01499999984801427 0
0.06250000062506657 -0.01249999988076216 0
0.06250000062507167 -0.009999999913511914 0
0.06250000062507675 -0.007499999946262542 0
0.06250000062508186 -0.004999999979009325 0
0.06250000062508695 -0.002500000011756758 0
0.06250000062509208 -4.450492968946507e-11 0
0.06250000062509718 0.002499999922746876 0
0.06500000064990889 -0.09249999883274757 0
0.06500000064991367 -0.08999999886549923 0
0.06500000064991847 -0.08749999889825004 0
0.06500000064992321 -0.08499999893099926 0
0.06500000064992799 -0.08249999896375032 0
0.06500000064993279 -0.07999999899650521 0
0.06500000064993756 -0.07749999902925848 0
0.06500000064994232 -0.07499999906200996 0
0.06500000064994711 -0.07249999909476106 0
0.06500000064995187 -0.06999999912751215 0
0.06500000064995665 -0.067499999160264 0
0.06500000064996141 -0.06499999919301588 0
0.06500000064996618 -0.06249999922577086 0
0.06500000064997095 -0.05999999925852198 0
0.06500000064997573 -0.05749999929127497 0
0.06500000064998053 -0.05499999932402738 0
0.0650000006499853 -0.05249999935677888 0
0.06500000064999005 -0.04999999938953036 0
0.06500000064999485 -0.04749999942228429 0
0.06500000064999961 -0.04499999945503818 0
0.06500000065000437 -0.04249999948778769 0
0.06500000065000915 -0.03999999952053658 0
0.06500000065001392 -0.03749999955328416 0
0.06500000065001869 -0.03499999958603175 0
0.06500000065002345 -0.03249999961878109 0
0.06500000065002827 -0.02999999965153147 0
0.06500000065003302 -0.02749999968427835 0
0.06500000065003779 -0.0249999997170264 0
0.06500000065004256 -0.02249999974977468 0
0.06500000065004734 -0.01999999978252297 0
0.0650000006500521 -0.01749999981526984 0
0.06500000065005687 -0.01499999984801671 0
0.06500000065006167 -0.01249999988076428 0
0.06500000065006643 -0.009999999913513658 0
0.06500000065007124 -0.00749999994626403 0
0.06500000065007601 -0.00499999997901049 0
0.06500000065008078 -0.002500000011757667 0
0.06500000065008553 -4.450556741718292e-11 0
0.0650000006500903 0.002499999922746546 0
0.06750000067491631 -0.09249999883274779 0
0.06750000067492069 -0.08999999886549974 0
0.06750000067492511 -0.08749999889825084 0
0.06750000067492953 -0.08499999893100026 0
0.06750000067493392 -0.08249999896375164 0
0.06750000067493832 -0.07999999899650688 0
0.06750000067494272 -0.0774999990292605 0
0.06750000067494712 -0.07499999906201232 0
0.0675000006749515 -0.07249999909476378 0
0.06750000067495593 -0.0699999991275152 0
0.06750000067496031 -0.06749999916026739 0
0.06750000067496473 -0.06499999919301955 0
0.06750000067496911 -0.06249999922577497 0
0.06750000067497353 -0.05999999925852643 0
0.06750000067497791 -0.05749999929127964 0
0.06750000067498232 -0.05499999932403232 0
0.06750000067498671 -0.05249999935678414 0
0.06750000067499112 -0.04999999938953594 0
0.06750000067499554 -0.04749999942229027 0
0.06750000067499992 -0.04499999945504454 0
0.06750000067500433 -0.04249999948779368 0
0.06750000067500872 -0.03999999952054216 0
0.06750000067501309 -0.03749999955328942 0
0.0675000006750175 -0.03499999958603667 0
0.06750000067502193 -0.03249999961878576 0
0.06750000067502632 -0.02999999965153593 0
0.06750000067503073 -0.02749999968428245 0
0.06750000067503512 -0.02499999971703014 0
0.06750000067503951 -0.02249999974977813 0
0.06750000067504393 -0.01999999978252612 0
0.06750000067504833 -0.01749999981527264 0
0.0675000006750527 -0.01499999984801915 0
0.06750000067505713 -0.0124999998807664 0
0.06750000067506154 -0.009999999913515398 0
0.06750000067506591 -0.00749999994626552 0
0.0675000006750703 -0.004999999979011656 0
0.06750000067507472 -0.002500000011758575 0
0.06750000067507912 -4.450620709646469e-11 0
0.06750000067508351 0.002499999922746216 0
0.07000000069992258 -0.09249999883274801 0
0.07000000069992665 -0.08999999886550028 0
0.07000000069993063 -0.08749999889825164 0
0.07000000069993464 -0.08499999893100124 0
0.07000000069993867 -0.08249999896375303 0
0.07000000069994269 -0.07999999899650855 0
0.07000000069994669 -0.07749999902926252 0
0.0700000006999507 -0.07499999906201464 0
0.07000000069995471 -0.07249999909476644 0
0.07000000069995872 -0.06999999912751825 0
0.07000000069996273 -0.0674999991602707 0
0.07000000069996673 -0.06499999919302318 0
0.07000000069997075 -0.06249999922577908 0
0.07000000069997478 -0.05999999925853087 0
0.07000000069997878 -0.05749999929128431 0
0.0700000006999828 -0.05499999932403724 0
0.07000000069998683 -0.05249999935678939 0
0.07000000069999082 -0.04999999938954153 0
0.07000000069999485 -0.04749999942229628 0
0.07000000069999884 -0.04499999945505091 0
0.07000000070000287 -0.04249999948779969 0
0.07000000070000689 -0.03999999952054775 0
0.07000000070001092 -0.03749999955329468 0
0.07000000070001491 -0.03499999958604161 0
0.07000000070001891 -0.03249999961879044 0
0.07000000070002292 -0.02999999965154038 0
0.07000000070002696 -0.02749999968428656 0
0.07000000070003094 -0.02499999971703388 0
0.07000000070003497 -0.02249999974978158 0
0.07000000070003901 -0.01999999978252926 0
0.07000000070004299 -0.01749999981527543 0
0.070000000700047 -0.01499999984802159 0
0.07000000070005101 -0.01249999988076852 0
0.07000000070005503 -0.009999999913517148 0
0.07000000070005905 -0.007499999946267006 0
0.07000000070006303 -0.004999999979012822 0
0.07000000070006708 -0.002500000011759484 0
0.07000000070007108 -4.450684417366124e-11 0
0.07000000070007509 0.002499999922745886 0
0.07250000072492795 -0.0924999988327482 0
0.07250000072493169 -0.08999999886550081 0
0.07250000072493541 -0.08749999889825241 0
0.07250000072493916 -0.08499999893100225 0
0.07250000072494291 -0.08249999896375437 0
0.07250000072494661 -0.07999999899651021 0
0.07250000072495034 -0.07749999902926455 0
0.07250000072495406 -0.07499999906201701 0
0.0725000007249578 -0.07249999909476915 0
0.07250000072496154 -0.06999999912752131 0
0.07250000072496528 -0.06749999916027404 0
0.07250000072496902 -0.06499999919302681 0
0.07250000072497276 -0.0624999992257832 0
0.07250000072497649 -0.05999999925853534 0
0.07250000072498021 -0.05749999929128898 0
0.07250000072498394 -0.05499999932404218 0
0.07250000072498768 -0.05249999935679464 0
0.07250000072499142 -0.04999999938954709 0
0.07250000072499514 -0.04749999942230228 0
0.07250000072499888 -0.04499999945505728 0
0.07250000072500264 -0.04249999948780568 0
0.07250000072500636 -0.03999999952055333 0
0.07250000072501007 -0.03749999955329993 0
0.07250000072501382 -0.03499999958604654 0
0.07250000072501753 -0.0324999996187951 0
0.07250000072502129 -0.02999999965154485 0
0.07250000072502501 -0.02749999968429065 0
0.07250000072502874 -0.02499999971703763 0
0.0725000007250325 -0.02249999974978503 0
0.07250000072503622 -0.01999999978253241 0
0.07250000072503993 -0.01749999981527822 0
0.07250000072504369 -0.01499999984802403 0
0.07250000072504743 -0.01249999988077064 0
0.07250000072505115 -0.00999999991351889 0
0.07250000072505487 -0.007499999946268499 0
0.07250000072505862 -0.004999999979013987 0
0.07250000072506237 -0.002500000011760394 0
0.07250000072506609 -4.45074825519004e-11 0
0.0725000007250698 0.002499999922745557 0
0.07500000074993642 -0.09249999883274841 0
0.07500000074993976 -0.08999999886550135 0
0.07500000074994308 -0.08749999889825316 0
0.07500000074994644 -0.08499999893100324 0
0.07500000074994974 -0.08249999896375572 0
0.0750000007499531 -0.07999999899651186 0
0.07500000074995641 -0.07749999902926653 0
0.07500000074995974 -0.07499999906201933 0
0.07500000074996306 -0.07249999909477182 0
0.07500000074996639 -0.06999999912752436 0
0.07500000074996974 -0.06749999916027739 0
0.07500000074997309 -0.06499999919303046 0
0.0750000007499764 -0.06249999922578731 0
0.07500000074997976 -0.05999999925853979 0
0.07500000074998309 -0.05749999929129366 0
0.0750000007499864 -0.05499999932404711 0
0.07500000074998975 -0.05249999935679989 0
0.07500000074999308 -0.04999999938955266 0
0.07500000074999641 -0.04749999942230829 0
0.07500000074999974 -0.04499999945506363 0
0.07500000075000307 -0.04249999948781168 0
0.07500000075000639 -0.0399999995205589 0
0.07500000075000973 -0.03749999955330518 0
0.07500000075001306 -0.03499999958605145 0
0.07500000075001638 -0.03249999961879976 0
0.07500000075001974 -0.02999999965154929 0
0.07500000075002305 -0.02749999968429475 0
0.07500000075002641 -0.02499999971704137 0
0.07500000075002973 -0.02249999974978847 0
0.07500000075003306 -0.01999999978253555 0
0.07500000075003641 -0.01749999981528102 0
0.07500000075003974 -0.01499999984802648 0
0.07500000075004305 -0.01249999988077276 0
0.0750000007500464 -0.009999999913520631 0
0.07500000075004971 -0.007499999946269986 0
0.07500000075005304 -0.004999999979015153 0
0.07500000075005642 -0.002500000011761302 0
0.07500000075005973 -4.450811984593739e-11 0
0.07500000075006308 0.002499999922745227 0
0.07750000077494487 -0.09249999883274865 0
0.0775000007749478 -0.08999999886550186 0
0.07750000077495074 -0.08749999889825395 0
0.07750000077495366 -0.08499999893100424 0
0.07750000077495661 -0.08249999896375709 0
0.0775000007749595 -0.07999999899651354 0
0.07750000077496244 -0.07749999902926857 0
0.07750000077496537 -0.07499999906202168 0
0.07750000077496833 -0.07249999909477453 0
0.07750000077497123 -0.06999999912752738 0
0.07750000077497418 -0.06749999916028075 0
0.0775000007749771 -0.06499999919303412 0
0.07750000077498004 -0.06249999922579138 0
0.07750000077498298 -0.05999999925854426 0
0.07750000077498592 -0.05749999929129832 0
0.07750000077498882 -0.05499999932405202 0
0.07750000077499178 -0.05249999935680515 0
0.07750000077499469 -0.04999999938955824 0
0.07750000077499763 -0.04749999942231429 0
0.07750000077500058 -0.04499999945507001 0
0.07750000077500349 -0.04249999948781769 0
0.07750000077500643 -0.03999999952056447 0
0.07750000077500938 -0.03749999955331044 0
0.07750000077501229 -0.03499999958605639 0
0.07750000077501523 -0.03249999961880445 0
0.07750000077501815 -0.02999999965155375 0
0.07750000077502109 -0.02749999968429887 0
0.077500000775024 -0.02499999971704512 0
0.07750000077502693 -0.02249999974979191 0
0.07750000077502987 -0.0199999997825387 0
0.07750000077503283 -0.01749999981528382 0
0.07750000077503574 -0.01499999984802892 0
0.07750000077503866 -0.01249999988077487 0
0.07750000077504159 -0.009999999913522375 0
0.07750000077504454 -0.007499999946271474 0
0.07750000077504748 -0.004999999979016317 0
0.0775000007750504 -0.002500000011762211 0
0.07750000077505334 -4.450875844101698e-11 0
0.07750000077505624 0.002499999922744897 0
0.0800000007999502 -0.09249999883274886 0
0.08000000079995287 -0.08999999886550239 0
0.08000000079995551 -0.08749999889825474 0
0.08000000079995814 -0.08499999893100524 0
0.08000000079996081 -0.08249999896375841 0
0.08000000079996344 -0.07999999899651522 0
0.08000000079996612 -0.07749999902927059 0
0.08000000079996877 -0.07499999906202401 0
0.08000000079997144 -0.07249999909477721 0
0.08000000079997407 -0.06999999912753044 0
0.08000000079997674 -0.06749999916028407 0
0.08000000079997935 -0.06499999919303776 0
0.08000000079998201 -0.06249999922579549 0
0.08000000079998468 -0.05999999925854869 0
0.08000000079998731 -0.05749999929130299 0
0.08000000079998998 -0.05499999932405695 0
0.08000000079999262 -0.05249999935681039 0
0.08000000079999528 -0.04999999938956382 0
0.08000000079999794 -0.04749999942232028 0
0.08000000080000058 -0.04499999945507638 0
0.08000000080000325 -0.04249999948782367 0
0.08000000080000591 -0.03999999952057007 0
0.08000000080000855 -0.03749999955331569 0
0.08000000080001121 -0.03499999958606131 0
0.08000000080001385 -0.03249999961880912 0
0.08000000080001651 -0.02999999965155819 0
0.08000000080001915 -0.02749999968430297 0
0.08000000080002181 -0.02499999971704886 0
0.08000000080002448 -0.02249999974979536 0
0.08000000080002712 -0.01999999978254186 0
0.08000000080002975 -0.01749999981528661 0
0.08000000080003242 -0.01499999984803136 0
0.08000000080003508 -0.01249999988077699 0
0.08000000080003776 -0.009999999913524116 0
0.08000000080004041 -0.007499999946272964 0
0.08000000080004302 -0.004999999979017484 0
0.08000000080004568 -0.002500000011763121 0
0.08000000080004835 -4.450939692767636e-11 0
0.08000000080005099 0.002499999922744567 0
0.08250000082495648 -0.09249999883274908 0
0.08250000082495876 -0.08999999886550294 0
0.08250000082496103 -0.08749999889825555 0
0.08250000082496331 -0.08499999893100624 0
0.0825000008249656 -0.08249999896375979 0
0.08250000082496782 -0.07999999899651687 0
0.08250000082497008 -0.0774999990292726 0
0.08250000082497236 -0.07499999906202637 0
0.08250000082497461 -0.07249999909477993 0
0.08250000082497688 -0.06999999912753346 0
0.08250000082497913 -0.06749999916028741 0
0.08250000082498141 -0.06499999919304138 0
0.0825000008249837 -0.06249999922579959 0
0.08250000082498597 -0.05999999925855316 0
0.08250000082498823 -0.05749999929130768 0
0.08250000082499048 -0.05499999932406189 0
0.08250000082499274 -0.05249999935681565 0
0.08250000082499501 -0.04999999938956941 0
0.08250000082499725 -0.04749999942232627 0
0.08250000082499953 -0.04499999945508273 0
0.08250000082500181 -0.04249999948782969 0
0.08250000082500406 -0.03999999952057563 0
0.08250000082500633 -0.03749999955332094 0
0.08250000082500861 -0.03499999958606624 0
0.08250000082501088 -0.03249999961881378 0
0.08250000082501313 -0.02999999965156266 0
0.08250000082501538 -0.02749999968430706 0
0.08250000082501767 -0.02499999971705261 0
0.08250000082501993 -0.0224999997497988 0
0.08250000082502221 -0.019999999782545 0
0.08250000082502446 -0.0174999998152894 0
0.0825000008250267 -0.0149999998480338 0
0.08250000082502898 -0.01249999988077911 0
0.08250000082503126 -0.009999999913525865 0
0.08250000082503353 -0.007499999946274454 0
0.08250000082503578 -0.004999999979018652 0
0.08250000082503806 -0.002500000011764029 0
0.0825000008250403 -4.451003573959639e-11 0
0.08250000082504259 0.002499999922744237 0
0.08500000084996386 -0.09249999883274933 0
0.08500000084996569 -0.08999999886550343 0
0.08500000084996748 -0.08749999889825633 0
0.08500000084996935 -0.08499999893100724 0
0.08500000084997118 -0.08249999896376113 0
0.08500000084997306 -0.07999999899651855 0
0.08500000084997489 -0.07749999902927462 0
0.08500000084997668 -0.07499999906202869 0
0.08500000084997854 -0.07249999909478261 0
0.0850000008499804 -0.06999999912753652 0
0.08500000084998224 -0.06749999916029079 0
0.08500000084998406 -0.06499999919304501 0
0.08500000084998591 -0.0624999992258037 0
0.08500000084998771 -0.0599999992585576 0
0.08500000084998956 -0.05749999929131233 0
0.08500000084999143 -0.05499999932406683 0
0.08500000084999325 -0.05249999935682092 0
0.08500000084999509 -0.04999999938957499 0
0.08500000084999693 -0.04749999942233227 0
0.08500000084999876 -0.04499999945508908 0
0.0850000008500006 -0.04249999948783567 0
0.08500000085000241 -0.03999999952058121 0
0.08500000085000427 -0.0374999995533262 0
0.0850000008500061 -0.03499999958607118 0
0.08500000085000795 -0.03249999961881846 0
0.0850000008500098 -0.02999999965156711 0
0.08500000085001159 -0.02749999968431117 0
0.08500000085001347 -0.02499999971705635 0
0.08500000085001529 -0.02249999974980225 0
0.08500000085001713 -0.01999999978254815 0
0.08500000085001895 -0.0174999998152922 0
0.08500000085002078 -0.01499999984803625 0
0.08500000085002261 -0.01249999988078123 0
0.08500000085002447 -0.009999999913527608 0
0.08500000085002631 -0.007499999946275942 0
0.08500000085002817 -0.004999999979019814 0
0.08500000085003 -0.002500000011764939 0
0.08500000085003183 -4.451067411783555e-11 0
0.08500000085003367 0.002499999922743907 0
0.08750000087496815 -0.09249999883274951 0
0.08750000087496973 -0.089999998865504 0
0.08750000087497134 -0.08749999889825713 0
0.08750000087497295 -0.08499999893100826 0
0.08750000087497453 -0.08249999896376249 0
0.08750000087497611 -0.07999999899652023 0
0.08750000087497772 -0.07749999902927665 0
0.08750000087497933 -0.07499999906203104 0
0.08750000087498092 -0.07249999909478533 0
0.08750000087498255 -0.06999999912753957 0
0.08750000087498411 -0.06749999916029409 0
0.08750000087498572 -0.06499999919304868 0
0.08750000087498733 -0.0624999992258078 0
0.08750000087498892 -0.05999999925856207 0
0.08750000087499052 -0.05749999929131701 0
0.08750000087499213 -0.05499999932407176 0
0.08750000087499371 -0.05249999935682617 0
0.08750000087499532 -0.04999999938958055 0
0.08750000087499693 -0.04749999942233828 0
0.08750000087499851 -0.04499999945509545 0
0.08750000087500012 -0.04249999948784169 0
0.08750000087500173 -0.03999999952058679 0
0.08750000087500331 -0.03749999955333146 0
0.0875000008750049 -0.03499999958607609 0
0.08750000087500651 -0.03249999961882313 0
0.08750000087500812 -0.02999999965157156 0
0.0875000008750097 -0.02749999968431527 0
0.08750000087501131 -0.02499999971706009 0
0.08750000087501292 -0.0224999997498057 0
0.0875000008750145 -0.0199999997825513 0
0.08750000087501608 -0.017499999815295 0
0.08750000087501769 -0.01499999984803869 0
0.0875000008750193 -0.01249999988078335 0
0.08750000087502091 -0.009999999913529347 0
0.08750000087502249 -0.007499999946277432 0
0.08750000087502409 -0.004999999979020984 0
0.08750000087502569 -0.002500000011765848 0
0.08750000087502731 -4.451131206239384e-11 0
0.0875000008750289 0.002499999922743577 0
0.09000000089997236 -0.09249999883274972 0
0.09000000089997365 -0.08999999886550449 0
0.09000000089997497 -0.08749999889825789 0
0.09000000089997623 -0.08499999893100926 0
0.09000000089997755 -0.08249999896376387 0
0.09000000089997881 -0.07999999899652188 0
0.09000000089998011 -0.07749999902927865 0
0.09000000089998142 -0.07499999906203338 0
0.09000000089998272 -0.07249999909478799 0
0.090000000899984 -0.06999999912754264 0
0.09000000089998528 -0.06749999916029745 0
0.09000000089998655 -0.06499999919305229 0
0.09000000089998787 -0.06249999922581189 0
0.09000000089998915 -0.05999999925856651 0
0.09000000089999047 -0.05749999929132169 0
0.09000000089999172 -0.05499999932407668 0
0.09000000089999302 -0.05249999935683141 0
0.09000000089999434 -0.04999999938958614 0
0.09000000089999563 -0.04749999942234428 0
0.09000000089999691 -0.04499999945510182 0
0.09000000089999818 -0.04249999948784768 0
0.09000000089999949 -0.03999999952059237 0
0.09000000090000079 -0.0374999995533367 0
0.0900000009000021 -0.03499999958608103 0
0.09000000090000337 -0.0324999996188278 0
0.09000000090000465 -0.02999999965157602 0
0.09000000090000596 -0.02749999968431938 0
0.09000000090000727 -0.02499999971706384 0
0.09000000090000854 -0.02249999974980915 0
0.09000000090000984 -0.01999999978255445 0
0.09000000090001116 -0.01749999981529779 0
0.09000000090001242 -0.01499999984804114 0
0.0900000009000137 -0.01249999988078546 0
0.090000000900015 -0.009999999913531088 0
0.09000000090001631 -0.00749999994627892 0
0.0900000009000176 -0.004999999979022146 0
0.09000000090001886 -0.002500000011766757 0
0.09000000090002017 -4.451195038642289e-11 0
0.09000000090002147 0.002499999922743247 0
0.09250000092497977 -0.09249999883274995 0
0.09250000092498073 -0.08999999886550504 0
0.09250000092498165 -0.08749999889825869 0
0.09250000092498256 -0.08499999893101023 0
0.09250000092498348 -0.08249999896376518 0
0.09250000092498446 -0.07999999899652355 0
0.09250000092498534 -0.07749999902928068 0
0.09250000092498631 -0.07499999906203571 0
0.09250000092498725 -0.0724999990947907 0
0.09250000092498817 -0.06999999912754563 0
0.09250000092498907 -0.06749999916030081 0
0.09250000092499 -0.06499999919305595 0
0.09250000092499097 -0.06249999922581599 0
0.09250000092499189 -0.05999999925857096 0
0.09250000092499283 -0.05749999929132635 0
0.09250000092499372 -0.0549999993240816 0
0.09250000092499472 -0.05249999935683666 0
0.09250000092499561 -0.04999999938959172 0
0.09250000092499655 -0.04749999942235027 0
0.09250000092499747 -0.04499999945510818 0
0.09250000092499841 -0.04249999948785367 0
0.09250000092499935 -0.03999999952059794 0
0.09250000092500027 -0.03749999955334195 0
0.09250000092500121 -0.03499999958608595 0
0.09250000092500213 -0.03249999961883247 0
0.09250000092500305 -0.02999999965158047 0
0.09250000092500399 -0.02749999968432347 0
0.09250000092500495 -0.02499999971706757 0
0.09250000092500589 -0.02249999974981259 0
0.09250000092500679 -0.01999999978255759 0
0.09250000092500774 -0.01749999981530058 0
0.09250000092500867 -0.01499999984804358 0
0.0925000009250096 -0.01249999988078758 0
0.09250000092501054 -0.00999999991353283 0
0.09250000092501146 -0.007499999946280408 0
0.09250000092501237 -0.004999999979023314 0
0.09250000092501331 -0.002500000011767666 0
0.09250000092501426 -4.451258816835085e-11 0
0.09250000092501522 0.002499999922742917 0
0.0950000009499862 -0.09249999883275016 0
0.09500000094998684 -0.08999999886550555 0
0.09500000094998751 -0.08749999889825945 0
0.09500000094998814 -0.08499999893101128 0
0.09500000094998878 -0.08249999896376654 0
0.09500000094998944 -0.0799999989965252 0
0.09500000094999012 -0.0774999990292827 0
0.09500000094999075 -0.07499999906203805 0
0.09500000094999142 -0.07249999909479339 0
0.09500000094999206 -0.0699999991275487 0
0.09500000094999271 -0.06749999916030416 0
0.09500000094999338 -0.06499999919305958 0
0.095000000949994 -0.0624999992258201 0
0.0950000009499947 -0.05999999925857542 0
0.09500000094999533 -0.05749999929133104 0
0.09500000094999597 -0.05499999932408653 0
0.09500000094999664 -0.05249999935684194 0
0.09500000094999728 -0.04999999938959729 0
0.09500000094999794 -0.04749999942235627 0
0.09500000094999858 -0.04499999945511455 0
0.09500000094999922 -0.04249999948785967 0
0.09500000094999989 -0.03999999952060353 0
0.09500000095000055 -0.03749999955334721 0
0.09500000095000122 -0.03499999958609089 0
0.09500000095000186 -0.03249999961883715 0
0.09500000095000252 -0.02999999965158492 0
0.09500000095000316 -0.02749999968432758 0
0.09500000095000383 -0.02499999971707132 0
0.09500000095000449 -0.02249999974981602 0
0.0950000009500051 -0.01999999978256073 0
0.09500000095000577 -0.01749999981530338 0
0.09500000095000644 -0.01499999984804602 0
0.09500000095000709 -0.0124999998807897 0
0.09500000095000774 -0.009999999913534579 0
0.09500000095000836 -0.007499999946281898 0
0.09500000095000904 -0.004999999979024478 0
0.09500000095000968 -0.002500000011768574 0
0.09500000095001034 -4.451322684474561e-11 0
0.09500000095001099 0.002499999922742586 0
0.09750000097499154 -0.09249999883275038 0
0.09750000097499195 -0.08999999886550611 0
0.09750000097499233 -0.08749999889826024 0
0.09750000097499273 -0.08499999893101223 0
0.09750000097499316 -0.0824999989637679 0
0.09750000097499356 -0.07999999899652686 0
0.09750000097499395 -0.07749999902928469 0
0.09750000097499434 -0.07499999906204043 0
0.09750000097499475 -0.07249999909479608 0
0.09750000097499516 -0.06999999912755175 0
0.09750000097499553 -0.06749999916030751 0
0.09750000097499596 -0.06499999919306323 0
0.09750000097499635 -0.06249999922582421 0
0.09750000097499673 -0.05999999925857987 0
0.09750000097499717 -0.05749999929133569 0
0.09750000097499756 -0.05499999932409146 0
0.09750000097499795 -0.05249999935684718 0
0.09750000097499836 -0.04999999938960288 0
0.09750000097499875 -0.04749999942236228 0
0.09750000097499914 -0.04499999945512093 0
0.09750000097499956 -0.04249999948786567 0
0.09750000097499995 -0.03999999952060911 0
0.09750000097500036 -0.03749999955335245 0
0.09750000097500078 -0.03499999958609581 0
0.09750000097500117 -0.03249999961884181 0
0.09750000097500156 -0.02999999965158938 0
0.097500000975002 -0.02749999968433168 0
0.09750000097500239 -0.02499999971707507 0
0.09750000097500278 -0.02249999974981948 0
0.09750000097500316 -0.01999999978256388 0
0.09750000097500358 -0.01749999981530618 0
0.09750000097500398 -0.01499999984804846 0
0.09750000097500439 -0.01249999988079182 0
0.09750000097500477 -0.00999999991353632 0
0.09750000097500516 -0.007499999946283389 0
0.09750000097500558 -0.004999999979025643 0
0.09750000097500598 -0.002500000011769483 0
0.09750000097500638 -4.451386554824542e-11 0
0.09750000097500677 0.002499999922742257 0
$EndNodes
$Elements
9 1764 1 1764
0 1 15 1
1 1 
0 2 15 1
2 2 
0 3 15 1
3 3 
0 4 15 1
4 4 
1 1 1 40
5 1 5 
6 5 6 
7 6 7 
8 7 8 
9 8 9 
10 9 10 
11 10 11 
12 11 12 
13 12 13 
14 13 14 
15 14 15 
16 15 16 
17 16 17 
18 17 18 
19 18 19 
20 19 20 
21 20 21 
22 21 22 
23 22 23 
24 23 24 
25 24 25 
26 25 26 
27 26 27 
28 27 28 
29 28 29 
30 29 30 
31 30 31 
32 31 32 
33 32 33 
34 33 34 
35 34 35 
36 35 36 
37 36 37 
38 37 38 
39 38 39 
40 39 40 
41 40 41 
42 41 42 
43 42 43 
44 43 2 
1 2 1 40
45 2 44 
46 44 45 
47 45 46 
48 46 47 
49 47 48 
50 48 49 
51 49 50 
52 50 51 
53 51 52 
54 52 53 
55 53 54 
56 54 55 
57 55 56 
58 56 57 
59 57 58 
60 58 59 
61 59 60 
62 60 61 
63 61 62 
64 62 63 
65 63 64 
66 64 65 
67 65 66 
68 66 67 
69 67 68 
70 68 69 
71 69 70 
72 70 71 
73 71 72 
74 72 73 
75 73 74 
76 74 75 
77 75 76 
78 76 77 
79 77 78 
80 78 79 
81 79 80 
82 80 81 
83 81 82 
84 82 3 
1 3 1 40
85 3 83 
86 83 84 
87 84 85 
88 85 86 
89 86 87 
90 87 88 
91 88 89 
92 89 90 
93 90 91 
94 91 92 
95 92 93 
96 93 94 
97 94 95 
98 95 96 
99 96 97 
100 97 98 
101 98 99 
102 99 100 
103 100 101 
104 101 102 
105 102 103 
106 103 104 
107 104 105 
108 105 106 
109 106 107 
110 107 108 
111 108 109 
112 109 110 
113 110 111 
114 111 112 
115 112 113 
116 113 114 
117 114 115 
118 115 116 
119 116 117 
120 117 118 
121 118 119 
122 119 120 
123 120 121 
124 121 4 
1 4 1 40
125 4 122 
126 122 123 
127 123 124 
128 124 125 
129 125 126 
130 126 127 
131 127 128 
132 128 129 
133 129 130 
134 130 131 
135 131 132 
136 132 133 
137 133 134 
138 134 135 
139 135 136 
140 136 137 
141 137 138 
142 138 139 
143 139 140 
144 140 141 
145 141 142 
146 142 143 
147 143 144 
148 144 145 
149 145 146 
150 146 147 
151 147 148 
152 148 149 
153 149 150 
154 150 151 
155 151 152 
156 152 153 
157 153 154 
158 154 155 
159 155 156 
160 156 157 
161 157 158 
162 158 159 
163 159 160 
164 160 1 
2 1 3 1600
165 1 5 161 160 
166 160 161 162 159 
167 159 162 163 158 
168 158 163 164 157 
169 157 164 165 156 
170 156 165 166 155 
171 155 166 167 154 
172 154 167 168 153 
173 153 168 169 152 
174 152 169 170 151 
175 151 170 171 150 
176 150 171 172 149 
177 149 172 173 148 
178 148 173 174 147 
179 147 174 175 146 
180 146 175 176 145 
181 145 176 177 144 
182 144 177 178 143 
183 143 178 179 142 
184 142 179 180 141 
185 141 180 181 140 
186 140 181 182 139 
187 139 182 183 138 
188 138 183 184 137 
189 137 184 185 136 
190 136 185 186 135 
191 135 186 187 134 
192 134 187 188 133 
193 133 188 189 132 
194 132 189 190 131 
195 131 190 191 130 
196 130 191 192 129 
197 129 192 193 128 
198 128 193 194 127 
199 127 194 195 126 
200 126 195 196 125 
201 125 196 197 124 
202 124 197 198 123 
203 123 198 199 122 
204 122 199 121 4 
205 5 6 200 161 
206 161 200 201 162 
207 162 201 202 163 
208 163 202 203 164 
209 164 203 204 165 
210 165 204 205 166 
211 166 205 206 167 
212 167 206 207 168 
213 168 207 208 169 
214 169 208 209 170 
215 170 209 210 171 
216 171 210 211 172 
217 172 211 212 173 
218 173 212 213 174 
219 174 213 214 175 
220 175 214 215 176 
221 176 215 216 177 
222 177 216 217 178 
223 178 217 218 179 
224 179 218 219 180 
225 180 219 220 181 
226 181 220 221 182 
227 182 221 222 183 
228 183 222 223 184 
229 184 223 224 185 
230 185 224 225 186 
231 186 225 226 187 
232 187 226 227 188 
233 188 227 228 189 
234 189 228 229 190 
235 190 229 230 191 
236 191 230 231 192 
237 192 231 232 193 
238 193 232 233 194 
239 194 233 234 195 
240 195 234 235 196 
241 196 235 236 197 
242 197 236 237 198 
243 198 237 238 199 
244 199 238 120 121 
245 6 7 239 200 
246 200 239 240 201 
247 201 240 241 202 
248 202 241 242 203 
249 203 242 243 204 
250 204 243 244 205 
251 205 244 245 206 
252 206 245 246 207 
253 207 246 247 208 
254 208 247 248 209 
255 209 248 249 210 
256 210 249 250 211 
257 211 250 251 212 
258 212 251 252 213 
259 213 252 253 214 
260 214 253 254 215 
261 215 254 255 216 
262 216 255 256 217 
263 217 256 257 218 
264 218 257 258 219 
265 219 258 259 220 
266 220 259 260 221 
267 221 260 261 222 
268 222 261 262 223 
269 223 262 263 224 
270 224 263 264 225 
271 225 264 265 226 
272 226 265 266 227 
273 227 266 267 228 
274 228 267 268 229 
275 229 268 269 230 
276 230 269 270 231 
277 231 270 271 232 
278 232 271 272 233 
279 233 272 273 234 
280 234 273 274 235 
281 235 274 275 236 
282 236 275 276 237 
283 237 276 277 238 
284 238 277 119 120 
285 7 8 278 239 
286 239 278 279 240 
287 240 279 280 241 
288 241 280 281 242 
289 242 281 282 243 
290 243 282 283 244 
291 244 283 284 245 
292 245 284 285 246 
293 246 285 286 247 
294 247 286 287 248 
295 248 287 288 249 
296 249 288 289 250 
297 250 289 290 251 
298 251 290 291 252 
299 252 291 292 253 
300 253 292 293 254 
301 254 293 294 255 
302 255 294 295 256 
303 256 295 296 257 
304 257 296 297 258 
305 258 297 298 259 
306 259 298 299 260 
307 260 299 300 261 
308 261 300 301 262 
309 262 301 302 263 
310 263 302 303 264 
311 264 303 304 265 
312 265 304 305 266 
313 266 305 306 267 
314 267 306 307 268 
315 268 307 308 269 
316 269 308 309 270 
317 270 309 310 271 
318 271 310 311 272 
319 272 311 312 273 
320 273 312 313 274 
321 274 313 314 275 
322 275 314 315 276 
323 276 315 316 277 
324 277 316 118 119 
325 8 9 317 278 
326 278 317 318 279 
327 279 318 319 280 
328 280 319 320 281 
329 281 320 321 282 
330 282 321 322 283 
331 283 322 323 284 
332 284 323 324 285 
333 285 324 325 286 
334 286 325 326 287 
335 287 326 327 288 
336 288 327 328 289 
337 289 328 329 290 
338 290 329 330 291 
339 291 330 331 292 
340 292 331 332 293 
341 293 332 333 294 
342 294 333 334 295 
343 295 334 335 296 
344 296 335 336 297 
345 297 336 337 298 
346 298 337 338 299 
347 299 338 339 300 
348 300 339 340 301 
349 301 340 341 302 
350 302 341 342 303 
351 303 342 343 304 
352 304 343 344 305 
353 305 344 345 306 
354 306 345 346 307 
355 307 346 347 308 
356 308 347 348 309 
357 309 348 349 310 
358 310 349 350 311 
359 311 350 351 312 
360 312 351 352 313 
361 313 352 353 314 
362 314 353 354 315 
363 315 354 355 316 
364 316 355 117 118 
365 9 10 356 317 
366 317 356 357 318 
367 318 357 358 319 
368 319 358 359 320 
369 320 359 360 321 
370 321 360 361 322 
371 322 361 362 323 
372 323 362 363 324 
373 324 363 364 325 
374 325 364 365 326 
375 326 365 366 327 
376 327 366 367 328 
377 328 367 368 329 
378 329 368 369 330 
379 330 369 370 331 
380 331 370 371 332 
381 332 371 372 333 
382 333 372 373 334 
383 334 373 374 335 
384 335 374 375 336 
385 336 375 376 337 
386 337 376 377 338 
387 338 377 378 339 
388 339 378 379 340 
389 340 379 380 341 
390 341 380 381 342 
391 342 381 382 343 
392 343 382 383 344 
393 344 383 384 345 
394 345 384 385 346 
395 346 385 386 347 
396 347 386 387 348 
397 348 387 388 349 
398 349 388 389 350 
399 350 389 390 351 
400 351 390 391 352 
401 352 391 392 353 
402 353 392 393 354 
403 354 393 394 355 
404 355 394 116 117 
405 10 11 395 356 
406 356 395 396 357 
407 357 396 397 358 
408 358 397 398 359 
409 359 398 399 360 
410 360 399 400 361 
411 361 400 401 362 
412 362 401 402 363 
413 363 402 403 364 
414 364 403 404 365 
415 365 404 405 366 
416 366 405 406 367 
417 367 406 407 368 
418 368 407 408 369 
419 369 408 409 370 
420 370 409 410 371 
421 371 410 411 372 
422 372 411 412 373 
423 373 412 413 374 
424 374 413 414 375 
425 375 414 415 376 
426 376 415 416 377 
427 377 416 417 378 
428 378 417 418 379 
429 379 418 419 380 
430 380 419 420 381 
431 381 420 421 382 
432 382 421 422 383 
433 383 422 423 384 
434 384 423 424 385 
435 385 424 425 386 
436 386 425 426 387 
437 387 426 427 388 
438 388 427 428 389 
439 389 428 429 390 
440 390 429 430 391 
441 391 430 431 392 
442 392 431 432 393 
443 393 432 433 394 
444 394 433 115 116 
445 11 12 434 395 
446 395 434 435 396 
447 396 435 436 397 
448 397 436 437 398 
449 398 437 438 399 
450 399 438 439 400 
451 400 439 440 401 
452 401 440 441 402 
453 402 441 442 403 
454 403 442 443 404 
455 404 443 444 405 
456 405 444 445 406 
457 406 445 446 407 
458 407 446 447 408 
459 408 447 448 409 
460 409 448 449 410 
461 410 449 450 411 
462 411 450 451 412 
463 412 451 452 413 
464 413 452 453 414 
465 414 453 454 415 
466 415 454 455 416 
467 416 455 456 417 
468 417 456 457 418 
469 418 457 458 419 
470 419 458 459 420 
471 420 459 460 421 
472 421 460 461 422 
473 422 461 462 423 
474 423 462 463 424 
475 424 463 464 425 
476 425 464 465 426 
477 426 465 466 427 
478 427 466 467 428 
479 428 467 468 429 
480 429 468 469 430 
481 430 469 470 431 
482 431 470 471 432 
483 432 471 472 433 
484 433 472 114 115 
485 12 13 473 434 
486 434 473 474 435 
487 435 474 475 436 
488 436 475 476 437 
489 437 476 477 438 
490 438 477 478 439 
491 439 478 479 440 
492 440 479 480 441 
493 441 480 481 442 
494 442 481 482 443 
495 443 482 483 444 
496 444 483 484 445 
497 445 484 485 446 
498 446 485 486 447 
499 447 486 487 448 
500 448 487 488 449 
501 449 488 489 450 
502 450 489 490 451 
503 451 490 491 452 
504 452 491 492 453 
505 453 492 493 454 
506 454 493 494 455 
507 455 494 495 456 
508 456 495 496 457 
509 457 496 497 458 
510 458 497 498 459 
511 459 498 499 460 
512 460 499 500 461 
513 461 500 501 462 
514 462 501 502 463 
515 463 502 503 464 
516 464 503 504 465 
517 465 504 505 466 
518 466 505 506 467 
519 467 506 507 468 
520 468 507 508 469 
521 469 508 509 470 
522 470 509 510 471 
523 471 510 511 472 
524 472 511 113 114 
525 13 14 512 473 
526 473 512 513 474 
527 474 513 514 475 
528 475 514 515 476 
529 476 515 516 477 
530 477 516 517 478 
531 478 517 518 479 
532 479 518 519 480 
533 480 519 520 481 
534 481 520 521 482 
535 482 521 522 483 
536 483 522 523 484 
537 484 523 524 485 
538 485 524 525 486 
539 486 525 526 487 
540 487 526 527 488 
541 488 527 528 489 
542 489 528 529 490 
543 490 529 530 491 
544 491 530 531 492 
545 492 531 532 493 
546 493 532 533 494 
547 494 533 534 495 
548 495 534 535 496 
549 496 535 536 497 
550 497 536 537 498 
551 498 537 538 499 
552 499 538 539 500 
553 500 539 540 501 
554 501 540 541 502 
555 502 541 542 503 
556 503 542 543 504 
557 504 543 544 505 
558 505 544 545 506 
559 506 545 546 507 
560 507 546 547 508 
561 508 547 548 509 
562 509 548 549 510 
563 510 549 550 511 
564 511 550 112 113 
565 14 15 551 512 
566 512 551 552 513 
567 513 552 553 514 
568 514 553 554 515 
569 515 554 555 516 
570 516 555 556 517 
571 517 556 557 518 
572 518 557 558 519 
573 519 558 559 520 
574 520 559 560 521 
575 521 560 561 522 
576 522 561 562 523 
577 523 562 563 524 
578 524 563 564 525 
579 525 564 565 526 
580 526 565 566 527 
581 527 566 567 528 
582 528 567 568 529 
583 529 568 569 530 
584 530 569 570 531 
585 531 570 571 532 
586 532 571 572 533 
587 533 572 573 534 
588 534 573 574 535 
589 535 574 575 536 
590 536 575 576 537 
591 537 576 577 538 
592 538 577 578 539 
593 539 578 579 540 
594 540 579 580 541 
595 541 580 581 542 
596 542 581 582 543 
597 543 582 583 544 
598 544 583 584 545 
599 545 584 585 546 
600 546 585 586 547 
601 547 586 587 548 
602 548 587 588 549 
603 549 588 589 550 
604 550 589 111 112 
605 15 16 590 551 
606 551 590 591 552 
607 552 591 592 553 
608 553 592 593 554 
609 554 593 594 555 
610 555 594 595 556 
611 556 595 596 557 
612 557 596 597 558 
613 558 597 598 559 
614 559 598 599 560 
615 560 599 600 561 
616 561 600 601 562 
617 562 601 602 563 
618 563 602 603 564 
619 564 603 604 565 
620 565 604 605 566 
621 566 605 606 567 
622 567 606 607 568 
623 568 607 608 569 
624 569 608 609 570 
625 570 609 610 571 
626 571 610 611 572 
627 572 611 612 573 
628 573 612 613 574 
629 574 613 614 575 
630 575 614 615 576 
631 576 615 616 577 
632 577 616 617 578 
633 578 617 618 579 
634 579 618 619 580 
635 580 619 620 581 
636 581 620 621 582 
637 582 621 622 583 
638 583 622 623 584 
639 584 623 624 585 
640 585 624 625 586 
641 586 625 626 587 
642 587 626 627 588 
643 588 627 628 589 
644 589 628 110 111 
645 16 17 629 590 
646 590 629 630 591 
647 591 630 631 592 
648 592 631 632 593 
649 593 632 633 594 
650 594 633 634 595 
651 595 634 635 596 
652 596 635 636 597 
653 597 636 637 598 
654 598 637 638 599 
655 599 638 639 600 
656 600 639 640 601 
657 601 640 641 602 
658 602 641 642 603 
659 603 642 643 604 
660 604 643 644 605 
661 605 644 645 606 
662 606 645 646 607 
663 607 646 647 608 
664 608 647 648 609 
665 609 648 649 610 
666 610 649 650 611 
667 611 650 651 612 
668 612 651 652 613 
669 613 652 653 614 
670 614 653 654 615 
671 615 654 655 616 
672 616 655 656 617 
673 617 656 657 618 
674 618 657 658 619 
675 619 658 659 620 
676 620 659 660 621 
677 621 660 661 622 
678 622 661 662 623 
679 623 662 663 624 
680 624 663 664 625 
681 625 664 665 626 
682 626 665 666 627 
683 627 666 667 628 
684 628 667 109 110 
685 17 18 668 629 
686 629 668 669 630 
687 630 669 670 631 
688 631 670 671 632 
689 632 671 672 633 
690 633 672 673 634 
691 634 673 674 635 
692 635 674 675 636 
693 636 675 676 637 
694 637 676 677 638 
695 638 677 678 639 
696 639 678 679 640 
697 640 679 680 641 
698 641 680 681 642 
699 642 681 682 643 
700 643 682 683 644 
701 644 683 684 645 
702 645 684 685 646 
703 646 685 686 647 
704 647 686 687 648 
705 648 687 688 649 
706 649 688 689 650 
707 650 689 690 651 
708 651 690 691 652 
709 652 691 692 653 
710 653 692 693 654 
711 654 693 694 655 
712 655 694 695 656 
713 656 695 696 657 
714 657 696 697 658 
715 658 697 698 659 
716 659 698 699 660 
717 660 699 700 661 
718 661 700 701 662 
719 662 701 702 663 
720 663 702 703 664 
721 664 703 704 665 
722 665 704 705 666 
723 666 705 706 667 
724 667 706 108 109 
725 18 19 707 668 
726 668 707 708 669 
727 669 708 709 670 
728 670 709 710 671 
729 671 710 711 672 
730 672 711 712 673 
731 673 712 713 674 
732 674 713 714 675 
733 675 714 715 676 
734 676 715 716 677 
735 677 716 717 678 
736 678 717 718 679 
737 679 718 719 680 
738 680 719 720 681 
739 681 720 721 682 
740 682 721 722 683 
741 683 722 723 684 
742 684 723 724 685 
743 685 724 725 686 
744 686 725 726 687 
745 687 726 727 688 
746 688 727 728 689 
747 689 728 729 690 
748 690 729 730 691 
749 691 730 731 692 
750 692 731 732 693 
751 693 732 733 694 
752 694 733 734 695 
753 695 734 735 696 
754 696 735 736 697 
755 697 736 737 698 
756 698 737 738 699 
757 699 738 739 700 
758 700 739 740 701 
759 701 740 741 702 
760 702 741 742 703 
761 703 742 743 704 
762 704 743 744 705 
763 705 744 745 706 
764 706 745 107 108 
765 19 20 746 707 
766 707 746 747 708 
767 708 747 748 709 
768 709 748 749 710 
769 710 749 750 711 
770 711 750 751 712 
771 712 751 752 713 
772 713 752 753 714 
773 714 753 754 715 
774 715 754 755 716 
775 716 755 756 717 
776 717 756 757 718 
777 718 757 758 719 
778 719 758 759 720 
779 720 759 760 721 
780 721 760 761 722 
781 722 761 762 723 
782 723 762 763 724 
783 724 763 764 725 
784 725 764 765 726 
785 726 765 766 727 
786 727 766 767 728 
787 728 767 768 729 
788 729 768 769 730 
789 730 769 770 731 
790 731 770 771 732 
791 732 771 772 733 
792 733 772 773 734 
793 734 773 774 735 
794 735 774 775 736 
795 736 775 776 737 
796 737 776 777 738 
797 738 777 778 739 
798 739 778 779 740 
799 740 779 780 741 
800 741 780 781 742 
801 742 781 782 743 
802 743 782 783 744 
803 744 783 784 745 
804 745 784 106 107 
805 20 21 785 746 
806 746 785 786 747 
807 747 786 787 748 
808 748 787 788 749 
809 749 788 789 750 
810 750 789 790 751 
811 751 790 791 752 
812 752 791 792 753 
813 753 792 793 754 
814 754 793 794 755 
815 755 794 795 756 
816 756 795 796 757 
817 757 796 797 758 
818 758 797 798 759 
819 759 798 799 760 
820 760 799 800 761 
821 761 800 801 762 
822 762 801 802 763 
823 763 802 803 764 
824 764 803 804 765 
825 765 804 805 766 
826 766 805 806 767 
827 767 806 807 768 
828 768 807 808 769 
829 769 808 809 770 
830 770 809 810 771 
831 771 810 811 772 
832 772 811 812 773 
833 773 812 813 774 
834 774 813 814 775 
835 775 814 815 776 
836 776 815 816 777 
837 777 816 817 778 
838 778 817 818 779 
839 779 818 819 780 
840 780 819 820 781 
841 781 820 821 782 
842 782 821 822 783 
843 783 822 823 784 
844 784 823 105 106 
845 21 22 824 785 
846 785 824 825 786 
847 786 825 826 787 
848 787 826 827 788 
849 788 827 828 789 
850 789 828 829 790 
851 790 829 830 791 
852 791 830 831 792 
853 792 831 832 793 
854 793 832 833 794 
855 794 833 834 795 
856 795 834 835 796 
857 796 835 836 797 
858 797 836 837 798 
859 798 837 838 799 
860 799 838 839 800 
861 800 839 840 801 
862 801 840 841 802 
863 802 841 842 803 
864 803 842 843 804 
865 804 843 844 805 
866 805 844 845 806 
867 806 845 846 807 
868 807 846 847 808 
869 808 847 848 809 
870 809 848 849 810 
871 810 849 850 811 
872 811 850 851 812 
873 812 851 852 813 
874 813 852 853 814 
875 814 853 854 815 
876 815 854 855 816 
877 816 855 856 817 
878 817 856 857 818 
879 818 857 858 819 
880 819 858 859 820 
881 820 859 860 821 
882 821 860 861 822 
883 822 861 862 823 
884 823 862 104 105 
885 22 23 863 824 
886 824 863 864 825 
887 825 864 865 826 
888 826 865 866 827 
889 827 866 867 828 
890 828 867 868 829 
891 829 868 869 830 
892 830 869 870 831 
893 831 870 871 832 
894 832 871 872 833 
895 833 872 873 834 
896 834 873 874 835 
897 835 874 875 836 
898 836 875 876 837 
899 837 876 877 838 
900 838 877 878 839 
901 839 878 879 840 
902 840 879 880 841 
903 841 880 881 842 
904 842 881 882 843 
905 843 882 883 844 
906 844 883 884 845 
907 845 884 885 846 
908 846 885 886 847 
909 847 886 887 848 
910 848 887 888 849 
911 849 888 889 850 
912 850 889 890 851 
913 851 890 891 852 
914 852 891 892 853 
915 853 892 893 854 
916 854 893 894 855 
917 855 894 895 856 
918 856 895 896 857 
919 857 896 897 858 
920 858 897 898 859 
921 859 898 899 860 
922 860 899 900 861 
923 861 900 901 862 
924 862 901 103 104 
925 23 24 902 863 
926 863 902 903 864 
927 864 903 904 865 
928 865 904 905 866 
929 866 905 906 867 
930 867 906 907 868 
931 868 907 908 869 
932 869 908 909 870 
933 870 909 910 871 
934 871 910 911 872 
935 872 911 912 873 
936 873 912 913 874 
937 874 913 914 875 
938 875 914 915 876 
939 876 915 916 877 
940 877 916 917 878 
941 878 917 918 879 
942 879 918 919 880 
943 880 919 920 881 
944 881 920 921 882 
945 882 921 922 883 
946 883 922 923 884 
947 884 923 924 885 
948 885 924 925 886 
949 886 925 926 887 
950 887 926 927 888 
951 888 927 928 889 
952 889 928 929 890 
953 890 929 930 891 
954 891 930 931 892 
955 892 931 932 893 
956 893 932 933 894 
957 894 933 934 895 
958 895 934 935 896 
959 896 935 936 897 
960 897 936 937 898 
961 898 937 938 899 
962 899 938 939 900 
963 900 939 940 901 
964 901 940 102 103 
965 24 25 941 902 
966 902 941 942 903 
967 903 942 943 904 
968 904 943 944 905 
969 905 944 945 906 
970 906 945 946 907 
971 907 946 947 908 
972 908 947 948 909 
973 909 948 949 910 
974 910 949 950 911 
975 911 950 951 912 
976 912 951 952 913 
977 913 952 953 914 
978 914 953 954 915 
979 915 954 955 916 
980 916 955 956 917 
981 917 956 957 918 
982 918 957 958 919 
983 919 958 959 920 
984 920 959 960 921 
985 921 960 961 922 
986 922 961 962 923 
987 923 962 963 924 
988 924 963 964 925 
989 925 964 965 926 
990 926 965 966 927 
991 927 966 967 928 
992 928 967 968 929 
993 929 968 969 930 
994 930 969 970 931 
995 931 970 971 932 
996 932 971 972 933 
997 933 972 973 934 
998 934 973 974 935 
999 935 974 975 936 
1000 936 975 976 937 
1001 937 976 977 938 
1002 938 977 978 939 
1003 939 978 979 940 
1004 940 979 101 102 
1005 25 26 980 941 
1006 941 980 981 942 
1007 942 981 982 943 
1008 943 982 983 944 
1009 944 983 984 945 
1010 945 984 985 946 
1011 946 985 986 947 
1012 947 986 987 948 
1013 948 987 988 949 
1014 949 988 989 950 
1015 950 989 990 951 
1016 951 990 991 952 
1017 952 991 992 953 
1018 953 992 993 954 
1019 954 993 994 955 
1020 955 994 995 956 
1021 956 995 996 957 
1022 957 996 997 958 
1023 958 997 998 959 
1024 959 998 999 960 
1025 960 999 1000 961 
1026 961 1000 1001 962 
1027 962 1001 1002 963 
1028 963 1002 1003 964 
1029 964 1003 1004 965 
1030 965 1004 1005 966 
1031 966 1005 1006 967 
1032 967 1006 1007 968 
1033 968 1007 1008 969 
1034 969 1008 1009 970 
1035 970 1009 1010 971 
1036 971 1010 1011 972 
1037 972 1011 1012 973 
1038 973 1012 1013 974 
1039 974 1013 1014 975 
1040 975 1014 1015 976 
1041 976 1015 1016 977 
1042 977 1016 1017 978 
1043 978 1017 1018 979 
1044 979 1018 100 101 
1045 26 27 1019 980 
1046 980 1019 1020 981 
1047 981 1020 1021 982 
1048 982 1021 1022 983 
1049 983 1022 1023 984 
1050 984 1023 1024 985 
1051 985 1024 1025 986 
1052 986 1025 1026 987 
1053 987 1026 1027 988 
1054 988 1027 1028 989 
1055 989 1028 1029 990 
1056 990 1029 1030 991 
1057 991 1030 1031 992 
1058 992 1031 1032 993 
1059 993 1032 1033 994 
1060 994 1033 1034 995 
1061 995 1034 1035 996 
1062 996 1035 1036 997 
1063 997 1036 1037 998 
1064 998 1037 1038 999 
1065 999 1038 1039 1000 
1066 1000 1039 1040 1001 
1067 1001 1040 1041 1002 
1068 1002 1041 1042 1003 
1069 1003 1042 1043 1004 
1070 1004 1043 1044 1005 
1071 1005 1044 1045 1006 
1072 1006 1045 1046 1007 
1073 1007 1046 1047 1008 
1074 1008 1047 1048 1009 
1075 1009 1048 1049 1010 
1076 1010 1049 1050 1011 
1077 1011 1050 1051 1012 
1078 1012 1051 1052 1013 
1079 1013 1052 1053 1014 
1080 1014 1053 1054 1015 
1081 1015 1054 1055 1016 
1082 1016 1055 1056 1017 
1083 1017 1056 1057 1018 
1084 1018 1057 99 100 
1085 27 28 1058 1019 
1086 1019 1058 1059 1020 
1087 1020 1059 1060 1021 
1088 1021 1060 1061 1022 
1089 1022 1061 1062 1023 
1090 1023 1062 1063 1024 
1091 1024 1063 1064 1025 
1092 1025 1064 1065 1026 
1093 1026 1065 1066 1027 
1094 1027 1066 1067 1028 
1095 1028 1067 1068 1029 
1096 1029 1068 1069 1030 
1097 1030 1069 1070 1031 
1098 1031 1070 1071 1032 
1099 1032 1071 1072 1033 
1100 1033 1072 1073 1034 
1101 1034 1073 1074 1035 
1102 1035 1074 1075 1036 
1103 1036 1075 1076 1037 
1104 1037 1076 1077 1038 
1105 1038 1077 1078 1039 
1106 1039 1078 1079 1040 
1107 1040 1079 1080 1041 
1108 1041 1080 1081 1042 
1109 1042 1081 1082 1043 
1110 1043 1082 1083 1044 
1111 1044 1083 1084 1045 
1112 1045 1084 1085 1046 
1113 1046 1085 1086 1047 
1114 1047 1086 1087 1048 
1115 1048 1087 1088 1049 
1116 1049 1088 1089 1050 
1117 1050 1089 1090 1051 
1118 1051 1090 1091 1052 
1119 1052 1091 1092 1053 
1120 1053 1092 1093 1054 
1121 1054 1093 1094 1055 
1122 1055 1094 1095 1056 
1123 1056 1095 1096 1057 
1124 1057 1096 98 99 
1125 28 29 1097 1058 
1126 1058 1097 1098 1059 
1127 1059 1098 1099 1060 
1128 1060 1099 1100 1061 
1129 1061 1100 1101 1062 
1130 1062 1101 1102 1063 
1131 1063 1102 1103 1064 
1132 1064 1103 1104 1065 
1133 1065 1104 1105 1066 
1134 1066 1105 1106 1067 
1135 1067 1106 1107 1068 
1136 1068 1107 1108 1069 
1137 1069 1108 1109 1070 
1138 1070 1109 1110 1071 
1139 1071 1110 1111 1072 
1140 1072 1111 1112 1073 
1141 1073 1112 1113 1074 
1142 1074 1113 1114 1075 
1143 1075 1114 1115 1076 
1144 1076 1115 1116 1077 
1145 1077 1116 1117 1078 
1146 1078 1117 1118 1079 
1147 1079 1118 1119 1080 
1148 1080 1119 1120 1081 
1149 1081 1120 1121 1082 
1150 1082 1121 1122 1083 
1151 1083 1122 1123 1084 
1152 1084 1123 1124 1085 
1153 1085 1124 1125 1086 
1154 1086 1125 1126 1087 
1155 1087 1126 1127 1088 
1156 1088 1127 1128 1089 
1157 1089 1128 1129 1090 
1158 1090 1129 1130 1091 
1159 1091 1130 1131 1092 
1160 1092 1131 1132 1093 
1161 1093 1132 1133 1094 
1162 1094 1133 1134 1095 
1163 1095 1134 1135 1096 
1164 1096 1135 97 98 
1165 29 30 1136 1097 
1166 1097 1136 1137 1098 
1167 1098 1137 1138 1099 
1168 1099 1138 1139 1100 
1169 1100 1139 1140 1101 
1170 1101 1140 1141 1102 
1171 1102 1141 1142 1103 
1172 1103 1142 1143 1104 
1173 1104 1143 1144 1105 
1174 1105 1144 1145 1106 
1175 1106 1145 1146 1107 
1176 1107 1146 1147 1108 
1177 1108 1147 1148 1109 
1178 1109 1148 1149 1110 
1179 1110 1149 1150 1111 
1180 1111 1150 1151 1112 
1181 1112 1151 1152 1113 
1182 1113 1152 1153 1114 
1183 1114 1153 1154 1115 
1184 1115 1154 1155 1116 
1185 1116 1155 1156 1117 
1186 1117 1156 1157 1118 
1187 1118 1157 1158 1119 
1188 1119 1158 1159 1120 
1189 1120 1159 1160 1121 
1190 1121 1160 1161 1122 
1191 1122 1161 1162 1123 
1192 1123 1162 1163 1124 
1193 1124 1163 1164 1125 
1194 1125 1164 1165 1126 
1195 1126 1165 1166 1127 
1196 1127 1166 1167 1128 
1197 1128 1167 1168 1129 
1198 1129 1168 1169 1130 
1199 1130 1169 1170 1131 
1200 1131 1170 1171 1132 
1201 1132 1171 1172 1133 
1202 1133 1172 1173 1134 
1203 1134 1173 1174 1135 
1204 1135 1174 96 97 
1205 30 31 1175 1136 
1206 1136 1175 1176 1137 
1207 1137 1176 1177 1138 
1208 1138 1177 1178 1139 
1209 1139 1178 1179 1140 
1210 1140 1179 1180 1141 
1211 1141 1180 1181 1142 
1212 1142 1181 1182 1143 
1213 1143 1182 1183 1144 
1214 1144 1183 1184 1145 
1215 1145 1184 1185 1146 
1216 1146 1185 1186 1147 
1217 1147 1186 1187 1148 
1218 1148 1187 1188 1149 
1219 1149 1188 1189 1150 
1220 1150 1189 1190 1151 
1221 1151 1190 1191 1152 
1222 1152 1191 1192 1153 
1223 1153 1192 1193 1154 
1224 1154 1193 1194 1155 
1225 1155 1194 1195 1156 
1226 1156 1195 1196 1157 
1227 1157 1196 1197 1158 
1228 1158 1197 1198 1159 
1229 1159 1198 1199 1160 
1230 1160 1199 1200 1161 
1231 1161 1200 1201 1162 
1232 1162 1201 1202 1163 
1233 1163 1202 1203 1164 
1234 1164 1203 1204 1165 
1235 1165 1204 1205 1166 
1236 1166 1205 1206 1167 
1237 1167 1206 1207 1168 
1238 1168 1207 1208 1169 
1239 1169 1208 1209 1170 
1240 1170 1209 1210 1171 
1241 1171 1210 1211 1172 
1242 1172 1211 1212 1173 
1243 1173 1212 1213 1174 
1244 1174 1213 95 96 
1245 31 32 1214 1175 
1246 1175 1214 1215 1176 
1247 1176 1215 1216 1177 
1248 1177 1216 1217 1178 
1249 1178 1217 1218 1179 
1250 1179 1218 1219 1180 
1251 1180 1219 1220 1181 
1252 1181 1220 1221 1182 
1253 1182 1221 1222 1183 
1254 1183 1222 1223 1184 
1255 1184 1223 1224 1185 
1256 1185 1224 1225 1186 
1257 1186 1225 1226 1187 
1258 1187 1226 1227 1188 
1259 1188 1227 1228 1189 
1260 1189 1228 1229 1190 
1261 1190 1229 1230 1191 
1262 1191 1230 1231 1192 
1263 1192 1231 1232 1193 
1264 1193 1232 1233 1194 
1265 1194 1233 1234 1195 
1266 1195 1234 1235 1196 
1267 1196 1235 1236 1197 
1268 1197 1236 1237 1198 
1269 1198 1237 1238 1199 
1270 1199 1238 1239 1200 
1271 1200 1239 1240 1201 
1272 1201 1240 1241 1202 
1273 1202 1241 1242 1203 
1274 1203 1242 1243 1204 
1275 1204 1243 1244 1205 
1276 1205 1244 1245 1206 
1277 1206 1245 1246 1207 
1278 1207 1246 1247 1208 
1279 1208 1247 1248 1209 
1280 1209 1248 1249 1210 
1281 1210 1249 1250 1211 
1282 1211 1250 1251 1212 
1283 1212 1251 1252 1213 
1284 1213 1252 94 95 
1285 32 33 1253 1214 
1286 1214 1253 1254 1215 
1287 1215 1254 1255 1216 
1288 1216 1255 1256 1217 
1289 1217 1256 1257 1218 
1290 1218 1257 1258 1219 
1291 1219 1258 1259 1220 
1292 1220 1259 1260 1221 
1293 1221 1260 1261 1222 
1294 1222 1261 1262 1223 
1295 1223 1262 1263 1224 
1296 1224 1263 1264 1225 
1297 1225 1264 1265 1226 
1298 1226 1265 1266 1227 
1299 1227 1266 1267 1228 
1300 1228 1267 1268 1229 
1301 1229 1268 1269 1230 
1302 1230 1269 1270 1231 
1303 1231 1270 1271 1232 
1304 1232 1271 1272 1233 
1305 1233 1272 1273 1234 
1306 1234 1273 1274 1235 
1307 1235 1274 1275 1236 
1308 1236 1275 1276 1237 
1309 1237 1276 1277 1238 
1310 1238 1277 1278 1239 
1311 1239 1278 1279 1240 
1312 1240 1279 1280 1241 
1313 1241 1280 1281 1242 
1314 1242 1281 1282 1243 
1315 1243 1282 1283 1244 
1316 1244 1283 1284 1245 
1317 1245 1284 1285 1246 
1318 1246 1285 1286 1247 
1319 1247 1286 1287 1248 
1320 1248 1287 1288 1249 
1321 1249 1288 1289 1250 
1322 1250 1289 1290 1251 
1323 1251 1290 1291 1252 
1324 1252 1291 93 94 
1325 33 34 1292 1253 
1326 1253 1292 1293 1254 
1327 1254 1293 1294 1255 
1328 1255 1294 1295 1256 
1329 1256 1295 1296 1257 
1330 1257 1296 1297 1258 
1331 1258 1297 1298 1259 
1332 1259 1298 1299 1260 
1333 1260 1299 1300 1261 
1334 1261 1300 1301 1262 
1335 1262 1301 1302 1263 
1336 1263 1302 1303 1264 
1337 1264 1303 1304 1265 
1338 1265 1304 1305 1266 
1339 1266 1305 1306 1267 
1340 1267 1306 1307 1268 
1341 1268 1307 1308 1269 
1342 1269 1308 1309 1270 
1343 1270 1309 1310 1271 
1344 1271 1310 1311 1272 
1345 1272 1311 1312 1273 
1346 1273 1312 1313 1274 
1347 1274 1313 1314 1275 
1348 1275 1314 1315 1276 
1349 1276 1315 1316 1277 
1350 1277 1316 1317 1278 
1351 1278 1317 1318 1279 
1352 1279 1318 1319 1280 
1353 1280 1319 1320 1281 
1354 1281 1320 1321 1282 
1355 1282 1321 1322 1283 
1356 1283 1322 1323 1284 
1357 1284 1323 1324 1285 
1358 1285 1324 1325 1286 
1359 1286 1325 1326 1287 
1360 1287 1326 1327 1288 
1361 1288 1327 1328 1289 
1362 1289 1328 1329 1290 
1363 1290 1329 1330 1291 
1364 1291 1330 92 93 
1365 34 35 1331 1292 
1366 1292 1331 1332 1293 
1367 1293 1332 1333 1294 
1368 1294 1333 1334 1295 
1369 1295 1334 1335 1296 
1370 1296 1335 1336 1297 
1371 1297 1336 1337 1298 
1372 1298 1337 1338 1299 
1373 1299 1338 1339 1300 
1374 1300 1339 1340 1301 
1375 1301 1340 1341 1302 
1376 1302 1341 1342 1303 
1377 1303 1342 1343 1304 
1378 1304 1343 1344 1305 
1379 1305 1344 1345 1306 
1380 1306 1345 1346 1307 
1381 1307 1346 1347 1308 
1382 1308 1347 1348 1309 
1383 1309 1348 1349 1310 
1384 1310 1349 1350 1311 
1385 1311 1350 1351 1312 
1386 1312 1351 1352 1313 
1387 1313 1352 1353 1314 
1388 1314 1353 1354 1315 
1389 1315 1354 1355 1316 
1390 1316 1355 1356 1317 
1391 1317 1356 1357 1318 
1392 1318 1357 1358 1319 
1393 1319 1358 1359 1320 
1394 1320 1359 1360 1321 
1395 1321 1360 1361 1322 
1396 1322 1361 1362 1323 
1397 1323 1362 1363 1324 
1398 1324 1363 1364 1325 
1399 1325 1364 1365 1326 
1400 1326 1365 1366 1327 
1401 1327 1366 1367 1328 
1402 1328 1367 1368 1329 
1403 1329 1368 1369 1330 
1404 1330 1369 91 92 
1405 35 36 1370 1331 
1406 1331 1370 1371 1332 
1407 1332 1371 1372 1333 
1408 1333 1372 1373 1334 
1409 1334 1373 1374 1335 
1410 1335 1374 1375 1336 
1411 1336 1375 1376 1337 
1412 1337 1376 1377 1338 
1413 1338 1377 1378 1339 
1414 1339 1378 1379 1340 
1415 1340 1379 1380 1341 
1416 1341 1380 1381 1342 
1417 1342 1381 1382 1343 
1418 1343 1382 1383 1344 
1419 1344 1383 1384 1345 
1420 1345 1384 1385 1346 
1421 1346 1385 1386 1347 
1422 1347 1386 1387 1348 
1423 1348 1387 1388 1349 
1424 1349 1388 1389 1350 
1425 1350 1389 1390 1351 
1426 1351 1390 1391 1352 
1427 1352 1391 1392 1353 
1428 1353 1392 1393 1354 
1429 1354 1393 1394 1355 
1430 1355 1394 1395 1356 
1431 1356 1395 1396 1357 
1432 1357 1396 1397 1358 
1433 1358 1397 1398 1359 
1434 1359 1398 1399 1360 
1435 1360 1399 1400 1361 
1436 1361 1400 1401 1362 
1437 1362 1401 1402 1363 
1438 1363 1402 1403 1364 
1439 1364 1403 1404 1365 
1440 1365 1404 1405 1366 
1441 1366 1405 1406 1367 
1442 1367 1406 1407 1368 
1443 1368 1407 1408 1369 
1444 1369 1408 90 91 
1445 36 37 1409 1370 
1446 1370 1409 1410 1371 
1447 1371 1410 1411 1372 
1448 1372 1411 1412 1373 
1449 1373 1412 1413 1374 
1450 1374 1413 1414 1375 
1451 1375 1414 1415 1376 
1452 1376 1415 1416 1377 
1453 1377 1416 1417 1378 
1454 1378 1417 1418 1379 
1455 1379 1418 1419 1380 
1456 1380 1419 1420 1381 
1457 1381 1420 1421 1382 
1458 1382 1421 1422 1383 
1459 1383 1422 1423 1384 
1460 1384 1423 1424 1385 
1461 1385 1424 1425 1386 
1462 1386 1425 1426 1387 
1463 1387 1426 1427 1388 
1464 1388 1427 1428 1389 
1465 1389 1428 1429 1390 
1466 1390 1429 1430 1391 
1467 1391 1430 1431 1392 
1468 1392 1431 1432 1393 
1469 1393 1432 1433 1394 
1470 1394 1433 1434 1395 
1471 1395 1434 1435 1396 
1472 1396 1435 1436 1397 
1473 1397 1436 1437 1398 
1474 1398 1437 1438 1399 
1475 1399 1438 1439 1400 
1476 1400 1439 1440 1401 
1477 1401 1440 1441 1402 
1478 1402 1441 1442 1403 
1479 1403 1442 1443 1404 
1480 1404 1443 1444 1405 
1481 1405 1444 1445 1406 
1482 1406 1445 1446 1407 
1483 1407 1446 1447 1408 
1484 1408 1447 89 90 
1485 37 38 1448 1409 
1486 1409 1448 1449 1410 
1487 1410 1449 1450 1411 
1488 1411 1450 1451 1412 
1489 1412 1451 1452 1413 
1490 1413 1452 1453 1414 
1491 1414 1453 1454 1415 
1492 1415 1454 1455 1416 
1493 1416 1455 1456 1417 
1494 1417 1456 1457 1418 
1495 1418 1457 1458 1419 
1496 1419 1458 1459 1420 
1497 1420 1459 1460 1421 
1498 1421 1460 1461 1422 
1499 1422 1461 1462 1423 
1500 1423 1462 1463 1424 
1501 1424 1463 1464 1425 
1502 1425 1464 1465 1426 
1503 1426 1465 1466 1427 
1504 1427 1466 1467 1428 
1505 1428 1467 1468 1429 
1506 1429 1468 1469 1430 
1507 1430 1469 1470 1431 
1508 1431 1470 1471 1432 
1509 1432 1471 1472 1433 
1510 1433 1472 1473 1434 
1511 1434 1473 1474 1435 
1512 1435 1474 1475 1436 
1513 1436 1475 1476 1437 
1514 1437 1476 1477 1438 
1515 1438 1477 1478 1439 
1516 1439 1478 1479 1440 
1517 1440 1479 1480 1441 
1518 1441 1480 1481 1442 
1519 1442 1481 1482 1443 
1520 1443 1482 1483 1444 
1521 1444 1483 1484 1445 
1522 1445 1484 1485 1446 
1523 1446 1485 1486 1447 
1524 1447 1486 88 89 
1525 38 39 1487 1448 
1526 1448 1487 1488 1449 
1527 1449 1488 1489 1450 
1528 1450 1489 1490 1451 
1529 1451 1490 1491 1452 
1530 1452 1491 1492 1453 
1531 1453 1492 1493 1454 
1532 1454 1493 1494 1455 
1533 1455 1494 1495 1456 
1534 1456 1495 1496 1457 
1535 1457 1496 1497 1458 
1536 1458 1497 1498 1459 
1537 1459 1498 1499 1460 
1538 1460 1499 1500 1461 
1539 1461 1500 1501 1462 
1540 1462 1501 1502 1463 
1541 1463 1502 1503 1464 
1542 1464 1503 1504 1465 
1543 1465 1504 1505 1466 
1544 1466 1505 1506 1467 
1545 1467 1506 1507 1468 
1546 1468 1507 1508 1469 
1547 1469 1508 1509 1470 
1548 1470 1509 1510 1471 
1549 1471 1510 1511 1472 
1550 1472 1511 1512 1473 
1551 1473 1512 1513 1474 
1552 1474 1513 1514 1475 
1553 1475 1514 1515 1476 
1554 1476 1515 1516 1477 
1555 1477 1516 1517 1478 
1556 1478 1517 1518 1479 
1557 1479 1518 1519 1480 
1558 1480 1519 1520 1481 
1559 1481 1520 1521 1482 
1560 1482 1521 1522 1483 
1561 1483 1522 1523 1484 
1562 1484 1523 1524 1485 
1563 1485 1524 1525 1486 
1564 1486 1525 87 88 
1565 39 40 1526 1487 
1566 1487 1526 1527 1488 
1567 1488 1527 1528 1489 
1568 1489 1528 1529 1490 
1569 1490 1529 1530 1491 
1570 1491 1530 1531 1492 
1571 1492 1531 1532 1493 
1572 1493 1532 1533 1494 
1573 1494 1533 1534 1495 
1574 1495 1534 1535 1496 
1575 1496 1535 1536 1497 
1576 1497 1536 1537 1498 
1577 1498 1537 1538 1499 
1578 1499 1538 1539 1500 
1579 1500 1539 1540 1501 
1580 1501 1540 1541 1502 
1581 1502 1541 1542 1503 
1582 1503 1542 1543 1504 
1583 1504 1543 1544 1505 
1584 1505 1544 1545 1506 
1585 1506 1545 1546 1507 
1586 1507 1546 1547 1508 
1587 1508 1547 1548 1509 
1588 1509 1548 1549 1510 
1589 1510 1549 1550 1511 
1590 1511 1550 1551 1512 
1591 1512 1551 1552 1513 
1592 1513 1552 1553 1514 
1593 1514 1553 1554 1515 
1594 1515 1554 1555 1516 
1595 1516 1555 1556 1517 
1596 1517 1556 1557 1518 
1597 1518 1557 1558 1519 
1598 1519 1558 1559 1520 
1599 1520 1559 1560 1521 
1600 1521 1560 1561 1522 
1601 1522 1561 1562 1523 
1602 1523 1562 1563 1524 
1603 1524 1563 1564 1525 
1604 1525 1564 86 87 
1605 40 41 1565 1526 
1606 1526 1565 1566 1527 
1607 1527 1566 1567 1528 
1608 1528 1567 1568 1529 
1609 1529 1568 1569 1530 
1610 1530 1569 1570 1531 
1611 1531 1570 1571 1532 
1612 1532 1571 1572 1533 
1613 1533 1572 1573 1534 
1614 1534 1573 1574 1535 
1615 1535 1574 1575 1536 
1616 1536 1575 1576 1537 
1617 1537 1576 1577 1538 
1618 1538 1577 1578 1539 
1619 1539 1578 1579 1540 
1620 1540 1579 1580 1541 
1621 1541 1580 1581 1542 
1622 1542 1581 1582 1543 
1623 1543 1582 1583 1544 
1624 1544 1583 1584 1545 
1625 1545 1584 1585 1546 
1626 1546 1585 1586 1547 
1627 1547 1586 1587 1548 
1628 1548 1587 1588 1549 
1629 1549 1588 1589 1550 
1630 1550 1589 1590 1551 
1631 1551 1590 1591 1552 
1632 1552 1591 1592 1553 
1633 1553 1592 1593 1554 
1634 1554 1593 1594 1555 
1635 1555 1594 1595 1556 
1636 1556 1595 1596 1557 
1637 1557 1596 1597 1558 
1638 1558 1597 1598 1559 
1639 1559 1598 1599 1560 
1640 1560 1599 1600 1561 
1641 1561 1600 1601 1562 
1642 1562 1601 1602 1563 
1643 1563 1602 1603 1564 
1644 1564 1603 85 86 
1645 41 42 1604 1565 
1646 1565 1604 1605 1566 
1647 1566 1605 1606 1567 
1648 1567 1606 1607 1568 
1649 1568 1607 1608 1569 
1650 1569 1608 1609 1570 
1651 1570 1609 1610 1571 
1652 1571 1610 1611 1572 
1653 1572 1611 1612 1573 
1654 1573 1612 1613 1574 
1655 1574 1613 1614 1575 
1656 1575 1614 1615 1576 
1657 1576 1615 1616 1577 
1658 1577 1616 1617 1578 
1659 1578 1617 1618 1579 
1660 1579 1618 1619 1580 
1661 1580 1619 1620 1581 
1662 1581 1620 1621 1582 
1663 1582 1621 1622 1583 
1664 1583 1622 1623 1584 
1665 1584 1623 1624 1585 
1666 1585 1624 1625 1586 
1667 1586 1625 1626 1587 
1668 1587 1626 1627 1588 
1669 1588 1627 1628 1589 
1670 1589 1628 1629 1590 
1671 1590 1629 1630 1591 
1672 1591 1630 1631 1592 
1673 1592 1631 1632 1593 
1674 1593 1632 1633 1594 
1675 1594 1633 1634 1595 
1676 1595 1634 1635 1596 
1677 1596 1635 1636 1597 
1678 1597 1636 1637 1598 
1679 1598 1637 1638 1599 
1680 1599 1638 1639 1600 
1681 1600 1639 1640 1601 
1682 1601 1640 1641 1602 
1683 1602 1641 1642 1603 
1684 1603 1642 84 85 
1685 42 43 1643 1604 
1686 1604 1643 1644 1605 
1687 1605 1644 1645 1606 
1688 1606 1645 1646 1607 
1689 1607 1646 1647 1608 
1690 1608 1647 1648 1609 
1691 1609 1648 1649 1610 
1692 1610 1649 1650 1611 
1693 1611 1650 1651 1612 
1694 1612 1651 1652 1613 
1695 1613 1652 1653 1614 
1696 1614 1653 1654 1615 
1697 1615 1654 1655 1616 
1698 1616 1655 1656 1617 
1699 1617 1656 1657 1618 
1700 1618 1657 1658 1619 
1701 1619 1658 1659 1620 
1702 1620 1659 1660 1621 
1703 1621 1660 1661 1622 
1704 1622 1661 1662 1623 
1705 1623 1662 1663 1624 
1706 1624 1663 1664 1625 
1707 1625 1664 1665 1626 
1708 1626 1665 1666 1627 
1709 1627 1666 1667 1628 
1710 1628 1667 1668 1629 
1711 1629 1668 1669 1630 
1712 1630 1669 1670 1631 
1713 1631 1670 1671 1632 
1714 1632 1671 1672 1633 
1715 1633 1672 1673 1634 
1716 1634 1673 1674 1635 
1717 1635 1674 1675 1636 
1718 1636 1675 1676 1637 
1719 1637 1676 1677 1638 
1720 1638 1677 1678 1639 
1721 1639 1678 1679 1640 
1722 1640 1679 1680 1641 
1723 1641 1680 1681 1642 
1724 1642 1681 83 84 
1725 43 2 44 1643 
1726 1643 44 45 1644 
1727 1644 45 46 1645 
1728 1645 46 47 1646 
1729 1646 47 48 1647 
1730 1647 48 49 1648 
1731 1648 49 50 1649 
1732 1649 50 51 1650 
1733 1650 51 52 1651 
1734 1651 52 53 1652 
1735 1652 53 54 1653 
1736 1653 54 55 1654 
1737 1654 55 56 1655 
1738 1655 56 57 1656 
1739 1656 57 58 1657 
1740 1657 58 59 1658 
1741 1658 59 60 1659 
1742 1659 60 61 1660 
1743 1660 61 62 1661 
1744 1661 62 63 1662 
1745 1662 63 64 1663 
1746 1663 64 65 1664 
1747 1664 65 66 1665 
1748 1665 66 67 1666 
1749 1666 67 68 1667 
1750 1667 68 69 1668 
1751 1668 69 70 1669 
1752 1669 70 71 1670 
1753 1670 71 72 1671 
1754 1671 72 73 1672 
1755 1672 73 74 1673 
1756 1673 74 75 1674 
1757 1674 75 76 1675 
1758 1675 76 77 1676 
1759 1676 77 78 1677 
1760 1677 78 79 1678 
1761 1678 79 80 1679 
1762 1679 80 81 1680 
1763 1680 81 82 1681 
1764 1681 82 3 83 
$EndElements
