$MeshFormat
4.1 0 8
$EndMeshFormat
$Entities
4 4 1 0
1 0 -0.0949999988 0 0 
2 0.100000001 -0.0949999988 0 0 
3 0.100000001 0.00499999989 0 0 
4 0 0.00499999989 0 0 
1 0 -0.0949999988 0 0.100000001 -0.0949999988 0 0 2 1 -2 
2 0.100000001 -0.0949999988 0 0.100000001 0.004999999889999995 0 0 2 2 -3 
3 0 0.00499999989 0 0.100000001 0.00499999989 0 0 2 3 -4 
4 0 -0.0949999988 0 0 0.004999999890000002 0 0 2 4 -1 
1 0 -0.0949999988 0 0.100000001 0.004999999890000002 0 0 4 1 2 3 4 
$EndEntities
$Nodes
9 2601 1 2601
0 1 0 1
1
0 -0.0949999988 0
0 2 0 1
2
0.100000001 -0.0949999988 0
0 3 0 1
3
0.100000001 0.00499999989 0
0 4 0 1
4
0 0.00499999989 0
1 1 0 49
5
6
7
8
9
10
11
12
13
14
15
16
17
18
19
20
21
22
23
24
25
26
27
28
29
30
31
32
33
34
35
36
37
38
39
40
41
42
43
44
45
46
47
48
49
50
51
52
53
0.00200000001999623 -0.0949999988 0
0.004000000039992123 -0.0949999988 0
0.006000000059987942 -0.0949999988 0
0.008000000079984687 -0.0949999988 0
0.01000000009998107 -0.0949999988 0
0.01200000011997788 -0.0949999988 0
0.01400000013997261 -0.0949999988 0
0.01600000015996679 -0.0949999988 0
0.01800000017996063 -0.0949999988 0
0.02000000019995474 -0.0949999988 0
0.02200000021994899 -0.0949999988 0
0.02400000023994302 -0.0949999988 0
0.02600000025993716 -0.0949999988 0
0.02800000027993119 -0.0949999988 0
0.03000000029992544 -0.0949999988 0
0.03200000031991887 -0.0949999988 0
0.03400000033991304 -0.0949999988 0
0.03600000035990718 -0.0949999988 0
0.03800000037990218 -0.0949999988 0
0.04000000039989572 -0.0949999988 0
0.04200000041988959 -0.0949999988 0
0.04400000043988373 -0.0949999988 0
0.04600000045987787 -0.0949999988 0
0.04800000047987201 -0.0949999988 0
0.05000000049986751 -0.0949999988 0
0.05200000051987145 -0.0949999988 0
0.05400000053987675 -0.0949999988 0
0.05600000055988248 -0.0949999988 0
0.05800000057988736 -0.0949999988 0
0.06000000059989265 -0.0949999988 0
0.06200000061989746 -0.0949999988 0
0.0640000006398993 -0.0949999988 0
0.0660000006599092 -0.0949999988 0
0.06800000067991108 -0.0949999988 0
0.0700000006999186 -0.0949999988 0
0.07200000071992516 -0.0949999988 0
0.07400000073992802 -0.0949999988 0
0.07600000075993814 -0.0949999988 0
0.078000000779941 -0.0949999988 0
0.08000000079994754 -0.0949999988 0
0.08200000081995507 -0.0949999988 0
0.08400000083995696 -0.0949999988 0
0.08600000085996687 -0.0949999988 0
0.08800000087996561 -0.0949999988 0
0.09000000089997107 -0.0949999988 0
0.09200000091997912 -0.0949999988 0
0.09400000093998047 -0.0949999988 0
0.0960000009599906 -0.0949999988 0
0.0980000009799914 -0.0949999988 0
1 2 0 49
54
55
56
57
58
59
60
61
62
63
64
65
66
67
68
69
70
71
72
73
74
75
76
77
78
79
80
81
82
83
84
85
86
87
88
89
90
91
92
93
94
95
96
97
98
99
100
101
102
0.100000001 -0.09299999882620059 0
0.100000001 -0.09099999885240422 0
0.100000001 -0.08899999887860903 0
0.100000001 -0.08699999890481049 0
0.100000001 -0.08499999893101325 0
0.100000001 -0.08299999895721806 0
0.100000001 -0.08099999898342287 0
0.100000001 -0.07899999900963312 0
0.100000001 -0.07699999903583793 0
0.100000001 -0.07499999906204276 0
0.100000001 -0.07299999908824757 0
0.100000001 -0.07099999911445239 0
0.100000001 -0.0689999991406572 0
0.100000001 -0.06699999916686203 0
0.100000001 -0.06499999919306686 0
0.100000001 -0.06299999921927699 0
0.100000001 -0.06099999924548192 0
0.100000001 -0.05899999927168675 0
0.100000001 -0.05699999929789158 0
0.100000001 -0.0549999993240964 0
0.100000001 -0.05299999935030121 0
0.100000001 -0.05099999937650604 0
0.100000001 -0.04899999940271205 0
0.100000001 -0.04699999942892034 0
0.100000001 -0.04499999945512728 0
0.100000001 -0.04299999948132305 0
0.100000001 -0.04099999950751747 0
0.100000001 -0.03899999953371189 0
0.100000001 -0.03699999955990632 0
0.100000001 -0.03499999958610073 0
0.100000001 -0.03299999961229787 0
0.100000001 -0.03099999963849219 0
0.100000001 -0.02899999966469147 0
0.100000001 -0.02699999969088525 0
0.100000001 -0.02499999971707879 0
0.100000001 -0.02299999974327518 0
0.100000001 -0.02099999976946808 0
0.100000001 -0.01899999979566251 0
0.100000001 -0.01699999982185844 0
0.100000001 -0.01499999984805091 0
0.100000001 -0.0129999998742462 0
0.100000001 -0.01099999990044127 0
0.100000001 -0.00899999992663375 0
0.100000001 -0.006999999952834346 0
0.100000001 -0.004999999979026809 0
0.100000001 -0.003000000005222644 0
0.100000001 -0.001000000031417175 0
0.100000001 0.0009999999423900285 0
0.100000001 0.002999999916193666 0
1 3 0 49
103
104
105
106
107
108
109
110
111
112
113
114
115
116
117
118
119
120
121
122
123
124
125
126
127
128
129
130
131
132
133
134
135
136
137
138
139
140
141
142
143
144
145
146
147
148
149
150
151
0.09800000098000629 0.00499999989 0
0.09600000096000987 0.00499999989 0
0.09400000094001344 0.00499999989 0
0.09200000092001702 0.00499999989 0
0.09000000090002276 0.00499999989 0
0.08800000088002959 0.00499999989 0
0.08600000086003316 0.00499999989 0
0.08400000084004075 0.00499999989 0
0.08200000082004574 0.00499999989 0
0.08000000080005365 0.00499999989 0
0.07800000078005831 0.00499999989 0
0.07600000076006189 0.00499999989 0
0.07400000074007088 0.00499999989 0
0.07200000072007445 0.00499999989 0
0.07000000070007911 0.00499999989 0
0.06800000068008702 0.00499999989 0
0.06600000066009201 0.00499999989 0
0.0640000006400971 0.00499999989 0
0.06200000062010316 0.00499999989 0
0.06000000060010945 0.00499999989 0
0.05800000058011541 0.00499999989 0
0.0560000005601211 0.00499999989 0
0.05400000054012679 0.00499999989 0
0.05200000052013248 0.00499999989 0
0.0500000005001368 0.00499999989 0
0.04800000048013269 0.00499999989 0
0.04600000046012722 0.00499999989 0
0.04400000044012131 0.00499999989 0
0.04200000042011627 0.00499999989 0
0.04000000040011081 0.00499999989 0
0.03800000038010582 0.00499999989 0
0.03600000036010381 0.00499999989 0
0.03400000034009373 0.00499999989 0
0.03200000032009166 0.00499999989 0
0.03000000030008398 0.00499999989 0
0.02800000028007726 0.00499999989 0
0.02600000026007422 0.00499999989 0
0.02400000024006393 0.00499999989 0
0.02200000022006091 0.00499999989 0
0.02000000020005419 0.00499999989 0
0.01800000018004649 0.00499999989 0
0.01600000016004444 0.00499999989 0
0.01400000014003436 0.00499999989 0
0.01200000012003544 0.00499999989 0
0.01000000010002981 0.00499999989 0
0.008000000080021566 0.00499999989 0
0.00600000006002005 0.00499999989 0
0.004000000040009749 0.00499999989 0
0.002000000020008788 0.00499999989 0
1 4 0 49
152
153
154
155
156
157
158
159
160
161
162
163
164
165
166
167
168
169
170
171
172
173
174
175
176
177
178
179
180
181
182
183
184
185
186
187
188
189
190
191
192
193
194
195
196
197
198
199
200
0 0.002999999916204119 0
0 0.0009999999424085441 0
0 -0.00100000003138668 0
0 -0.003000000005183265 0
0 -0.004999999978980182 0
0 -0.006999999952776516 0
0 -0.008999999926571699 0
0 -0.0109999999003642 0
0 -0.012999999874158 0
0 -0.01499999984795319 0
0 -0.01699999982174837 0
0 -0.01899999979554355 0
0 -0.02099999976933873 0
0 -0.02299999974313391 0
0 -0.02499999971692908 0
0 -0.02699999969072293 0
0 -0.02899999966451808 0
0 -0.03099999963831325 0
0 -0.03299999961210842 0
0 -0.0349999995859036 0
0 -0.03699999955969879 0
0 -0.03899999953349396 0
0 -0.04099999950728794 0
0 -0.04299999948107965 0
0 -0.04499999945487272 0
0 -0.04699999942867695 0
0 -0.04899999940248253 0
0 -0.0509999993762881 0
0 -0.05299999935009368 0
0 -0.05499999932389926 0
0 -0.05699999929770213 0
0 -0.05899999927150781 0
0 -0.06099999924530853 0
0 -0.06299999921911476 0
0 -0.06499999919292121 0
0 -0.06699999916672482 0
0 -0.06899999914053193 0
0 -0.07099999911433749 0
0 -0.07299999908814156 0
0 -0.0749999990619491 0
0 -0.0769999990357538 0
0 -0.07899999900955873 0
0 -0.08099999898336625 0
0 -0.08299999895716566 0
0 -0.08499999893097319 0
0 -0.08699999890477736 0
0 -0.08899999887858283 0
0 -0.09099999885239003 0
0 -0.09299999882619367 0
2 1 0 2401
201
202
203
204
205
206
207
208
209
210
211
212
213
214
215
216
217
218
219
220
221
222
223
224
225
226
227
228
229
230
231
232
233
234
235
236
237
238
239
240
241
242
243
244
245
246
247
248
249
250
251
252
253
254
255
256
257
258
259
260
261
262
263
264
265
266
267
268
269
270
271
272
273
274
275
276
277
278
279
280
281
282
283
284
285
286
287
288
289
290
291
292
293
294
295
296
297
298
299
300
301
302
303
304
305
306
307
308
309
310
311
312
313
314
315
316
317
318
319
320
321
322
323
324
325
326
327
328
329
330
331
332
333
334
335
336
337
338
339
340
341
342
343
344
345
346
347
348
349
350
351
352
353
354
355
356
357
358
359
360
361
362
363
364
365
366
367
368
369
370
371
372
373
374
375
376
377
378
379
380
381
382
383
384
385
386
387
388
389
390
391
392
393
394
395
396
397
398
399
400
401
402
403
404
405
406
407
408
409
410
411
412
413
414
415
416
417
418
419
420
421
422
423
424
425
426
427
428
429
430
431
432
433
434
435
436
437
438
439
440
441
442
443
444
445
446
447
448
449
450
451
452
453
454
455
456
457
458
459
460
461
462
463
464
465
466
467
468
469
470
471
472
473
474
475
476
477
478
479
480
481
482
483
484
485
486
487
488
489
490
491
492
493
494
495
496
497
498
499
500
501
502
503
504
505
506
507
508
509
510
511
512
513
514
515
516
517
518
519
520
521
522
523
524
525
526
527
528
529
530
531
532
533
534
535
536
537
538
539
540
541
542
543
544
545
546
547
548
549
550
551
552
553
554
555
556
557
558
559
560
561
562
563
564
565
566
567
568
569
570
571
572
573
574
575
576
577
578
579
580
581
582
583
584
585
586
587
588
589
590
591
592
593
594
595
596
597
598
599
600
601
602
603
604
605
606
607
608
609
610
611
612
613
614
615
616
617
618
619
620
621
622
623
624
625
626
627
628
629
630
631
632
633
634
635
636
637
638
639
640
641
642
643
644
645
646
647
648
649
650
651
652
653
654
655
656
657
658
659
660
661
662
663
664
665
666
667
668
669
670
671
672
673
674
675
676
677
678
679
680
681
682
683
684
685
686
687
688
689
690
691
692
693
694
695
696
697
698
699
700
701
702
703
704
705
706
707
708
709
710
711
712
713
714
715
716
717
718
719
720
721
722
723
724
725
726
727
728
729
730
731
732
733
734
735
736
737
738
739
740
741
742
743
744
745
746
747
748
749
750
751
752
753
754
755
756
757
758
759
760
761
762
763
764
765
766
767
768
769
770
771
772
773
774
775
776
777
778
779
780
781
782
783
784
785
786
787
788
789
790
791
792
793
794
795
796
797
798
799
800
801
802
803
804
805
806
807
808
809
810
811
812
813
814
815
816
817
818
819
820
821
822
823
824
825
826
827
828
829
830
831
832
833
834
835
836
837
838
839
840
841
842
843
844
845
846
847
848
849
850
851
852
853
854
855
856
857
858
859
860
861
862
863
864
865
866
867
868
869
870
871
872
873
874
875
876
877
878
879
880
881
882
883
884
885
886
887
888
889
890
891
892
893
894
895
896
897
898
899
900
901
902
903
904
905
906
907
908
909
910
911
912
913
914
915
916
917
918
919
920
921
922
923
924
925
926
927
928
929
930
931
932
933
934
935
936
937
938
939
940
941
942
943
944
945
946
947
948
949
950
951
952
953
954
955
956
957
958
959
960
961
962
963
964
965
966
967
968
969
970
971
972
973
974
975
976
977
978
979
980
981
982
983
984
985
986
987
988
989
990
991
992
993
994
995
996
997
998
999
1000
1001
1002
1003
1004
1005
1006
1007
1008
1009
1010
1011
1012
1013
1014
1015
1016
1017
1018
1019
1020
1021
1022
1023
1024
1025
1026
1027
1028
1029
1030
1031
1032
1033
1034
1035
1036
1037
1038
1039
1040
1041
1042
1043
1044
1045
1046
1047
1048
1049
1050
1051
1052
1053
1054
1055
1056
1057
1058
1059
1060
1061
1062
1063
1064
1065
1066
1067
1068
1069
1070
1071
1072
1073
1074
1075
1076
1077
1078
1079
1080
1081
1082
1083
1084
1085
1086
1087
1088
1089
1090
1091
1092
1093
1094
1095
1096
1097
1098
1099
1100
1101
1102
1103
1104
1105
1106
1107
1108
1109
1110
1111
1112
1113
1114
1115
1116
1117
1118
1119
1120
1121
1122
1123
1124
1125
1126
1127
1128
1129
1130
1131
1132
1133
1134
1135
1136
1137
1138
1139
1140
1141
1142
1143
1144
1145
1146
1147
1148
1149
1150
1151
1152
1153
1154
1155
1156
1157
1158
1159
1160
1161
1162
1163
1164
1165
1166
1167
1168
1169
1170
1171
1172
1173
1174
1175
1176
1177
1178
1179
1180
1181
1182
1183
1184
1185
1186
1187
1188
1189
1190
1191
1192
1193
1194
1195
1196
1197
1198
1199
1200
1201
1202
1203
1204
1205
1206
1207
1208
1209
1210
1211
1212
1213
1214
1215
1216
1217
1218
1219
1220
1221
1222
1223
1224
1225
1226
1227
1228
1229
1230
1231
1232
1233
1234
1235
1236
1237
1238
1239
1240
1241
1242
1243
1244
1245
1246
1247
1248
1249
1250
1251
1252
1253
1254
1255
1256
1257
1258
1259
1260
1261
1262
1263
1264
1265
1266
1267
1268
1269
1270
1271
1272
1273
1274
1275
1276
1277
1278
1279
1280
1281
1282
1283
1284
1285
1286
1287
1288
1289
1290
1291
1292
1293
1294
1295
1296
1297
1298
1299
1300
1301
1302
1303
1304
1305
1306
1307
1308
1309
1310
1311
1312
1313
1314
1315
1316
1317
1318
1319
1320
1321
1322
1323
1324
1325
1326
1327
1328
1329
1330
1331
1332
1333
1334
1335
1336
1337
1338
1339
1340
1341
1342
1343
1344
1345
1346
1347
1348
1349
1350
1351
1352
1353
1354
1355
1356
1357
1358
1359
1360
1361
1362
1363
1364
1365
1366
1367
1368
1369
1370
1371
1372
1373
1374
1375
1376
1377
1378
1379
1380
1381
1382
1383
1384
1385
1386
1387
1388
1389
1390
1391
1392
1393
1394
1395
1396
1397
1398
1399
1400
1401
1402
1403
1404
1405
1406
1407
1408
1409
1410
1411
1412
1413
1414
1415
1416
1417
1418
1419
1420
1421
1422
1423
1424
1425
1426
1427
1428
1429
1430
1431
1432
1433
1434
1435
1436
1437
1438
1439
1440
1441
1442
1443
1444
1445
1446
1447
1448
1449
1450
1451
1452
1453
1454
1455
1456
1457
1458
1459
1460
1461
1462
1463
1464
1465
1466
1467
1468
1469
1470
1471
1472
1473
1474
1475
1476
1477
1478
1479
1480
1481
1482
1483
1484
1485
1486
1487
1488
1489
1490
1491
1492
1493
1494
1495
1496
1497
1498
1499
1500
1501
1502
1503
1504
1505
1506
1507
1508
1509
1510
1511
1512
1513
1514
1515
1516
1517
1518
1519
1520
1521
1522
1523
1524
1525
1526
1527
1528
1529
1530
1531
1532
1533
1534
1535
1536
1537
1538
1539
1540
1541
1542
1543
1544
1545
1546
1547
1548
1549
1550
1551
1552
1553
1554
1555
1556
1557
1558
1559
1560
1561
1562
1563
1564
1565
1566
1567
1568
1569
1570
1571
1572
1573
1574
1575
1576
1577
1578
1579
1580
1581
1582
1583
1584
1585
1586
1587
1588
1589
1590
1591
1592
1593
1594
1595
1596
1597
1598
1599
1600
1601
1602
1603
1604
1605
1606
1607
1608
1609
1610
1611
1612
1613
1614
1615
1616
1617
1618
1619
1620
1621
1622
1623
1624
1625
1626
1627
1628
1629
1630
1631
1632
1633
1634
1635
1636
1637
1638
1639
1640
1641
1642
1643
1644
1645
1646
1647
1648
1649
1650
1651
1652
1653
1654
1655
1656
1657
1658
1659
1660
1661
1662
1663
1664
1665
1666
1667
1668
1669
1670
1671
1672
1673
1674
1675
1676
1677
1678
1679
1680
1681
1682
1683
1684
1685
1686
1687
1688
1689
1690
1691
1692
1693
1694
1695
1696
1697
1698
1699
1700
1701
1702
1703
1704
1705
1706
1707
1708
1709
1710
1711
1712
1713
1714
1715
1716
1717
1718
1719
1720
1721
1722
1723
1724
1725
1726
1727
1728
1729
1730
1731
1732
1733
1734
1735
1736
1737
1738
1739
1740
1741
1742
1743
1744
1745
1746
1747
1748
1749
1750
1751
1752
1753
1754
1755
1756
1757
1758
1759
1760
1761
1762
1763
1764
1765
1766
1767
1768
1769
1770
1771
1772
1773
1774
1775
1776
1777
1778
1779
1780
1781
1782
1783
1784
1785
1786
1787
1788
1789
1790
1791
1792
1793
1794
1795
1796
1797
1798
1799
1800
1801
1802
1803
1804
1805
1806
1807
1808
1809
1810
1811
1812
1813
1814
1815
1816
1817
1818
1819
1820
1821
1822
1823
1824
1825
1826
1827
1828
1829
1830
1831
1832
1833
1834
1835
1836
1837
1838
1839
1840
1841
1842
1843
1844
1845
1846
1847
1848
1849
1850
1851
1852
1853
1854
1855
1856
1857
1858
1859
1860
1861
1862
1863
1864
1865
1866
1867
1868
1869
1870
1871
1872
1873
1874
1875
1876
1877
1878
1879
1880
1881
1882
1883
1884
1885
1886
1887
1888
1889
1890
1891
1892
1893
1894
1895
1896
1897
1898
1899
1900
1901
1902
1903
1904
1905
1906
1907
1908
1909
1910
1911
1912
1913
1914
1915
1916
1917
1918
1919
1920
1921
1922
1923
1924
1925
1926
1927
1928
1929
1930
1931
1932
1933
1934
1935
1936
1937
1938
1939
1940
1941
1942
1943
1944
1945
1946
1947
1948
1949
1950
1951
1952
1953
1954
1955
1956
1957
1958
1959
1960
1961
1962
1963
1964
1965
1966
1967
1968
1969
1970
1971
1972
1973
1974
1975
1976
1977
1978
1979
1980
1981
1982
1983
1984
1985
1986
1987
1988
1989
1990
1991
1992
1993
1994
1995
1996
1997
1998
1999
2000
2001
2002
2003
2004
2005
2006
2007
2008
2009
2010
2011
2012
2013
2014
2015
2016
2017
2018
2019
2020
2021
2022
2023
2024
2025
2026
2027
2028
2029
2030
2031
2032
2033
2034
2035
2036
2037
2038
2039
2040
2041
2042
2043
2044
2045
2046
2047
2048
2049
2050
2051
2052
2053
2054
2055
2056
2057
2058
2059
2060
2061
2062
2063
2064
2065
2066
2067
2068
2069
2070
2071
2072
2073
2074
2075
2076
2077
2078
2079
2080
2081
2082
2083
2084
2085
2086
2087
2088
2089
2090
2091
2092
2093
2094
2095
2096
2097
2098
2099
2100
2101
2102
2103
2104
2105
2106
2107
2108
2109
2110
2111
2112
2113
2114
2115
2116
2117
2118
2119
2120
2121
2122
2123
2124
2125
2126
2127
2128
2129
2130
2131
2132
2133
2134
2135
2136
2137
2138
2139
2140
2141
2142
2143
2144
2145
2146
2147
2148
2149
2150
2151
2152
2153
2154
2155
2156
2157
2158
2159
2160
2161
2162
2163
2164
2165
2166
2167
2168
2169
2170
2171
2172
2173
2174
2175
2176
2177
2178
2179
2180
2181
2182
2183
2184
2185
2186
2187
2188
2189
2190
2191
2192
2193
2194
2195
2196
2197
2198
2199
2200
2201
2202
2203
2204
2205
2206
2207
2208
2209
2210
2211
2212
2213
2214
2215
2216
2217
2218
2219
2220
2221
2222
2223
2224
2225
2226
2227
2228
2229
2230
2231
2232
2233
2234
2235
2236
2237
2238
2239
2240
2241
2242
2243
2244
2245
2246
2247
2248
2249
2250
2251
2252
2253
2254
2255
2256
2257
2258
2259
2260
2261
2262
2263
2264
2265
2266
2267
2268
2269
2270
2271
2272
2273
2274
2275
2276
2277
2278
2279
2280
2281
2282
2283
2284
2285
2286
2287
2288
2289
2290
2291
2292
2293
2294
2295
2296
2297
2298
2299
2300
2301
2302
2303
2304
2305
2306
2307
2308
2309
2310
2311
2312
2313
2314
2315
2316
2317
2318
2319
2320
2321
2322
2323
2324
2325
2326
2327
2328
2329
2330
2331
2332
2333
2334
2335
2336
2337
2338
2339
2340
2341
2342
2343
2344
2345
2346
2347
2348
2349
2350
2351
2352
2353
2354
2355
2356
2357
2358
2359
2360
2361
2362
2363
2364
2365
2366
2367
2368
2369
2370
2371
2372
2373
2374
2375
2376
2377
2378
2379
2380
2381
2382
2383
2384
2385
2386
2387
2388
2389
2390
2391
2392
2393
2394
2395
2396
2397
2398
2399
2400
2401
2402
2403
2404
2405
2406
2407
2408
2409
2410
2411
2412
2413
2414
2415
2416
2417
2418
2419
2420
2421
2422
2423
2424
2425
2426
2427
2428
2429
2430
2431
2432
2433
2434
2435
2436
2437
2438
2439
2440
2441
2442
2443
2444
2445
2446
2447
2448
2449
2450
2451
2452
2453
2454
2455
2456
2457
2458
2459
2460
2461
2462
2463
2464
2465
2466
2467
2468
2469
2470
2471
2472
2473
2474
2475
2476
2477
2478
2479
2480
2481
2482
2483
2484
2485
2486
2487
2488
2489
2490
2491
2492
2493
2494
2495
2496
2497
2498
2499
2500
2501
2502
2503
2504
2505
2506
2507
2508
2509
2510
2511
2512
2513
2514
2515
2516
2517
2518
2519
2520
2521
2522
2523
2524
2525
2526
2527
2528
2529
2530
2531
2532
2533
2534
2535
2536
2537
2538
2539
2540
2541
2542
2543
2544
2545
2546
2547
2548
2549
2550
2551
2552
2553
2554
2555
2556
2557
2558
2559
2560
2561
2562
2563
2564
2565
2566
2567
2568
2569
2570
2571
2572
2573
2574
2575
2576
2577
2578
2579
2580
2581
2582
2583
2584
2585
2586
2587
2588
2589
2590
2591
2592
2593
2594
2595
2596
2597
2598
2599
2600
2601
0.002000000019996481 -0.09299999882619382 0
0.002000000019996733 -0.09099999885239032 0
0.002000000019996984 -0.08899999887858336 0
0.002000000019997235 -0.08699999890477803 0
0.002000000019997486 -0.08499999893097401 0
0.002000000019997737 -0.08299999895716671 0
0.002000000019997989 -0.08099999898336742 0
0.002000000019998239 -0.07899999900956019 0
0.002000000019998491 -0.0769999990357555 0
0.002000000019998742 -0.07499999906195094 0
0.002000000019998993 -0.07299999908814371 0
0.002000000019999244 -0.07099999911433978 0
0.002000000019999495 -0.06899999914053444 0
0.002000000019999746 -0.06699999916672757 0
0.002000000019999997 -0.06499999919292414 0
0.002000000020000249 -0.06299999921911802 0
0.0020000000200005 -0.06099999924531199 0
0.002000000020000751 -0.05899999927151138 0
0.002000000020001003 -0.05699999929770592 0
0.002000000020001253 -0.0549999993239032 0
0.002000000020001505 -0.05299999935009782 0
0.002000000020001756 -0.05099999937629245 0
0.002000000020002007 -0.04899999940248714 0
0.002000000020002258 -0.04699999942868181 0
0.002000000020002509 -0.04499999945487781 0
0.002000000020002761 -0.04299999948108452 0
0.002000000020003011 -0.04099999950729253 0
0.002000000020003263 -0.03899999953349832 0
0.002000000020003515 -0.03699999955970295 0
0.002000000020003765 -0.03499999958590754 0
0.002000000020004016 -0.03299999961211221 0
0.002000000020004267 -0.03099999963831684 0
0.002000000020004519 -0.02899999966452155 0
0.00200000002000477 -0.02699999969072617 0
0.002000000020005021 -0.02499999971693208 0
0.002000000020005272 -0.02299999974313673 0
0.002000000020005523 -0.02099999976934131 0
0.002000000020005774 -0.01899999979554592 0
0.002000000020006026 -0.01699999982175057 0
0.002000000020006276 -0.01499999984795515 0
0.002000000020006528 -0.01299999987415976 0
0.002000000020006779 -0.01099999990036574 0
0.00200000002000703 -0.008999999926572938 0
0.002000000020007281 -0.006999999952777673 0
0.002000000020007532 -0.004999999978981115 0
0.002000000020007784 -0.003000000005184052 0
0.002000000020008035 -0.001000000031387289 0
0.002000000020008285 0.0009999999424081737 0
0.002000000020008536 0.00299999991620391 0
0.004000000039992475 -0.09299999882619395 0
0.004000000039992827 -0.09099999885239062 0
0.004000000039993179 -0.08899999887858388 0
0.004000000039993533 -0.08699999890477871 0
0.004000000039993885 -0.08499999893097483 0
0.004000000039994237 -0.08299999895716775 0
0.004000000039994589 -0.08099999898336853 0
0.004000000039994943 -0.07899999900956167 0
0.004000000039995295 -0.07699999903575717 0
0.004000000039995648 -0.07499999906195286 0
0.004000000039996 -0.07299999908814582 0
0.004000000039996352 -0.07099999911434207 0
0.004000000039996706 -0.06899999914053694 0
0.004000000039997058 -0.0669999991667303 0
0.004000000039997412 -0.06499999919292702 0
0.004000000039997762 -0.06299999921912122 0
0.004000000039998116 -0.06099999924531546 0
0.004000000039998468 -0.05899999927151496 0
0.00400000003999882 -0.05699999929770971 0
0.004000000039999174 -0.05499999932390714 0
0.004000000039999526 -0.05299999935010197 0
0.004000000039999878 -0.05099999937629683 0
0.004000000040000231 -0.0489999994024917 0
0.004000000040000583 -0.04699999942868668 0
0.004000000040000935 -0.04499999945488292 0
0.004000000040001289 -0.04299999948108939 0
0.004000000040001641 -0.04099999950729712 0
0.004000000040001993 -0.03899999953350267 0
0.004000000040002347 -0.03699999955970708 0
0.004000000040002699 -0.0349999995859115 0
0.004000000040003051 -0.03299999961211601 0
0.004000000040003403 -0.0309999996383204 0
0.004000000040003756 -0.02899999966452503 0
0.004000000040004108 -0.02699999969072942 0
0.004000000040004462 -0.02499999971693507 0
0.004000000040004814 -0.02299999974313955 0
0.004000000040005166 -0.02099999976934391 0
0.004000000040005518 -0.01899999979554831 0
0.004000000040005872 -0.01699999982175277 0
0.004000000040006224 -0.0149999998479571 0
0.004000000040006576 -0.01299999987416152 0
0.004000000040006928 -0.01099999990036728 0
0.004000000040007281 -0.00899999992657418 0
0.004000000040007634 -0.006999999952778828 0
0.004000000040007987 -0.004999999978982048 0
0.004000000040008339 -0.003000000005184841 0
0.004000000040008691 -0.0010000000313879 0
0.004000000040009043 0.0009999999424078038 0
0.004000000040009397 0.002999999916203702 0
0.006000000059988585 -0.0929999988261941 0
0.006000000059989225 -0.09099999885239088 0
0.006000000059989866 -0.08899999887858441 0
0.00600000005999051 -0.08699999890477936 0
0.006000000059991155 -0.0849999989309756 0
0.006000000059991796 -0.08299999895716884 0
0.006000000059992437 -0.08099999898336967 0
0.006000000059993079 -0.07899999900956316 0
0.006000000059993721 -0.07699999903575883 0
0.006000000059994365 -0.0749999990619547 0
0.006000000059995006 -0.07299999908814793 0
0.006000000059995649 -0.07099999911434438 0
0.006000000059996291 -0.06899999914053946 0
0.006000000059996933 -0.06699999916673308 0
0.006000000059997573 -0.06499999919292997 0
0.006000000059998217 -0.06299999921912451 0
0.006000000059998857 -0.06099999924531892 0
0.006000000059999501 -0.05899999927151853 0
0.006000000060000145 -0.0569999992977135 0
0.006000000060000784 -0.05499999932391108 0
0.006000000060001429 -0.05299999935010614 0
0.006000000060002069 -0.05099999937630117 0
0.006000000060002713 -0.04899999940249629 0
0.006000000060003354 -0.04699999942869156 0
0.006000000060003997 -0.044999999454888 0
0.006000000060004638 -0.04299999948109427 0
0.00600000006000528 -0.04099999950730172 0
0.006000000060005922 -0.03899999953350703 0
0.006000000060006565 -0.03699999955971126 0
0.006000000060007208 -0.03499999958591543 0
0.00600000006000785 -0.03299999961211978 0
0.006000000060008492 -0.03099999963832398 0
0.006000000060009134 -0.02899999966452849 0
0.006000000060009775 -0.02699999969073267 0
0.006000000060010418 -0.02499999971693806 0
0.00600000006001106 -0.02299999974314238 0
0.006000000060011701 -0.02099999976934649 0
0.006000000060012343 -0.01899999979555069 0
0.006000000060012985 -0.01699999982175498 0
0.006000000060013629 -0.01499999984795906 0
0.006000000060014271 -0.01299999987416329 0
0.006000000060014912 -0.01099999990036882 0
0.006000000060015555 -0.008999999926575422 0
0.006000000060016197 -0.006999999952779986 0
0.00600000006001684 -0.004999999978982981 0
0.006000000060017482 -0.003000000005185628 0
0.006000000060018123 -0.00100000003138851 0
0.006000000060018765 0.000999999942407433 0
0.006000000060019407 0.002999999916203493 0
0.008000000079985425 -0.0929999988261942 0
0.008000000079986162 -0.09099999885239117 0
0.008000000079986899 -0.08899999887858491 0
0.008000000079987636 -0.08699999890478 0
0.008000000079988374 -0.08499999893097641 0
0.008000000079989111 -0.08299999895716983 0
0.008000000079989852 -0.08099999898337081 0
0.008000000079990587 -0.07899999900956467 0
0.008000000079991326 -0.07699999903576051 0
0.008000000079992062 -0.07499999906195658 0
0.008000000079992801 -0.07299999908815002 0
0.008000000079993536 -0.07099999911434668 0
0.008000000079994275 -0.06899999914054195 0
0.008000000079995014 -0.0669999991667358 0
0.008000000079995753 -0.06499999919293285 0
0.008000000079996489 -0.06299999921912773 0
0.008000000079997228 -0.06099999924532239 0
0.008000000079997963 -0.05899999927152212 0
0.008000000079998702 -0.05699999929771729 0
0.008000000079999438 -0.05499999932391502 0
0.008000000080000173 -0.05299999935011027 0
0.008000000080000916 -0.05099999937630553 0
0.008000000080001651 -0.0489999994025009 0
0.008000000080002387 -0.04699999942869641 0
0.008000000080003126 -0.04499999945489309 0
0.008000000080003865 -0.04299999948109914 0
0.0080000000800046 -0.0409999995073063 0
0.008000000080005339 -0.0389999995335114 0
0.008000000080006078 -0.03699999955971539 0
0.008000000080006814 -0.03499999958591937 0
0.008000000080007553 -0.03299999961212359 0
0.008000000080008292 -0.03099999963832755 0
0.008000000080009027 -0.02899999966453195 0
0.008000000080009761 -0.02699999969073592 0
0.008000000080010502 -0.02499999971694106 0
0.008000000080011241 -0.02299999974314521 0
0.008000000080011976 -0.02099999976934909 0
0.008000000080012715 -0.01899999979555307 0
0.008000000080013453 -0.01699999982175718 0
0.008000000080014188 -0.014999999847961 0
0.008000000080014929 -0.01299999987416505 0
0.008000000080015664 -0.01099999990037036 0
0.008000000080016402 -0.008999999926576666 0
0.008000000080017137 -0.006999999952781142 0
0.008000000080017878 -0.004999999978983912 0
0.008000000080018615 -0.003000000005186416 0
0.008000000080019352 -0.00100000003138912 0
0.008000000080020091 0.0009999999424070618 0
0.00800000008002083 0.002999999916203284 0
0.01000000009998205 -0.09299999882619436 0
0.01000000009998302 -0.09099999885239146 0
0.01000000009998399 -0.08899999887858545 0
0.01000000009998497 -0.08699999890478069 0
0.01000000009998594 -0.08499999893097721 0
0.01000000009998692 -0.08299999895717088 0
0.01000000009998789 -0.08099999898337192 0
0.01000000009998887 -0.07899999900956617 0
0.01000000009998984 -0.07699999903576223 0
0.01000000009999082 -0.07499999906195844 0
0.01000000009999179 -0.07299999908815218 0
0.01000000009999276 -0.07099999911434897 0
0.01000000009999374 -0.06899999914054449 0
0.01000000009999472 -0.06699999916673857 0
0.01000000009999569 -0.06499999919293581 0
0.01000000009999667 -0.06299999921913096 0
0.01000000009999764 -0.06099999924532587 0
0.01000000009999862 -0.05899999927152571 0
0.01000000009999959 -0.05699999929772108 0
0.01000000010000057 -0.05499999932391897 0
0.01000000010000154 -0.05299999935011444 0
0.01000000010000252 -0.0509999993763099 0
0.01000000010000349 -0.04899999940250548 0
0.01000000010000446 -0.04699999942870128 0
0.01000000010000544 -0.04499999945489818 0
0.01000000010000641 -0.04299999948110399 0
0.01000000010000739 -0.0409999995073109 0
0.01000000010000836 -0.03899999953351575 0
0.01000000010000934 -0.03699999955971955 0
0.01000000010001031 -0.03499999958592331 0
0.01000000010001129 -0.03299999961212736 0
0.01000000010001226 -0.03099999963833115 0
0.01000000010001324 -0.02899999966453543 0
0.01000000010001421 -0.02699999969073916 0
0.01000000010001519 -0.02499999971694405 0
0.01000000010001616 -0.02299999974314803 0
0.01000000010001714 -0.02099999976935166 0
0.01000000010001811 -0.01899999979555544 0
0.01000000010001909 -0.01699999982175938 0
0.01000000010002006 -0.01499999984796296 0
0.01000000010002104 -0.01299999987416682 0
0.01000000010002201 -0.01099999990037191 0
0.01000000010002299 -0.008999999926577899 0
0.01000000010002396 -0.006999999952782296 0
0.01000000010002494 -0.004999999978984844 0
0.01000000010002591 -0.003000000005187203 0
0.01000000010002689 -0.00100000003138973 0
0.01000000010002786 0.0009999999424066927 0
0.01000000010002884 0.002999999916203075 0
0.01200000011997903 -0.09299999882619452 0
0.01200000011998018 -0.0909999988523917 0
0.01200000011998133 -0.08899999887858599 0
0.01200000011998248 -0.08699999890478134 0
0.01200000011998363 -0.08499999893097804 0
0.01200000011998478 -0.08299999895717193 0
0.01200000011998593 -0.08099999898337308 0
0.01200000011998709 -0.07899999900956763 0
0.01200000011998824 -0.07699999903576388 0
0.01200000011998939 -0.07499999906196032 0
0.01200000011999054 -0.07299999908815431 0
0.01200000011999169 -0.07099999911435126 0
0.01200000011999284 -0.06899999914054698 0
0.01200000011999399 -0.06699999916674128 0
0.01200000011999514 -0.0649999991929387 0
0.0120000001199963 -0.06299999921913421 0
0.01200000011999745 -0.06099999924532932 0
0.0120000001199986 -0.05899999927152928 0
0.01200000011999975 -0.05699999929772486 0
0.0120000001200009 -0.05499999932392289 0
0.01200000012000205 -0.05299999935011857 0
0.0120000001200032 -0.05099999937631426 0
0.01200000012000436 -0.04899999940251008 0
0.0120000001200055 -0.04699999942870615 0
0.01200000012000666 -0.04499999945490326 0
0.01200000012000781 -0.04299999948110887 0
0.01200000012000896 -0.04099999950731548 0
0.01200000012001011 -0.0389999995335201 0
0.01200000012001126 -0.03699999955972369 0
0.01200000012001241 -0.03499999958592726 0
0.01200000012001357 -0.03299999961213117 0
0.01200000012001472 -0.03099999963833472 0
0.01200000012001587 -0.02899999966453889 0
0.01200000012001702 -0.02699999969074241 0
0.01200000012001817 -0.02499999971694705 0
0.01200000012001932 -0.02299999974315086 0
0.01200000012002047 -0.02099999976935425 0
0.01200000012002162 -0.01899999979555783 0
0.01200000012002277 -0.01699999982176158 0
0.01200000012002393 -0.01499999984796491 0
0.01200000012002508 -0.01299999987416858 0
0.01200000012002623 -0.01099999990037345 0
0.01200000012002738 -0.008999999926579141 0
0.01200000012002853 -0.006999999952783457 0
0.01200000012002968 -0.004999999978985778 0
0.01200000012003083 -0.00300000000518799 0
0.01200000012003198 -0.00100000003139034 0
0.01200000012003313 0.0009999999424063219 0
0.01200000012003428 0.002999999916202865 0
0.01400000013997384 -0.09299999882619464 0
0.01400000013997508 -0.09099999885239202 0
0.01400000013997631 -0.08899999887858652 0
0.01400000013997755 -0.08699999890478201 0
0.01400000013997878 -0.0849999989309788 0
0.01400000013998002 -0.08299999895717297 0
0.01400000013998125 -0.08099999898337418 0
0.01400000013998249 -0.07899999900956911 0
0.01400000013998372 -0.07699999903576557 0
0.01400000013998496 -0.07499999906196221 0
0.01400000013998619 -0.07299999908815641 0
0.01400000013998743 -0.07099999911435359 0
0.01400000013998867 -0.06899999914054947 0
0.0140000001399899 -0.06699999916674407 0
0.01400000013999113 -0.06499999919294164 0
0.01400000013999237 -0.06299999921913746 0
0.0140000001399936 -0.06099999924533279 0
0.01400000013999484 -0.05899999927153285 0
0.01400000013999608 -0.05699999929772866 0
0.01400000013999731 -0.05499999932392686 0
0.01400000013999854 -0.05299999935012273 0
0.01400000013999978 -0.05099999937631863 0
0.01400000014000101 -0.04899999940251466 0
0.01400000014000225 -0.04699999942871101 0
0.01400000014000348 -0.04499999945490837 0
0.01400000014000472 -0.04299999948111373 0
0.01400000014000595 -0.04099999950732008 0
0.01400000014000718 -0.03899999953352447 0
0.01400000014000843 -0.03699999955972785 0
0.01400000014000966 -0.0349999995859312 0
0.01400000014001089 -0.03299999961213494 0
0.01400000014001213 -0.0309999996383383 0
0.01400000014001336 -0.02899999966454236 0
0.0140000001400146 -0.02699999969074566 0
0.01400000014001583 -0.02499999971695004 0
0.01400000014001707 -0.02299999974315368 0
0.0140000001400183 -0.02099999976935684 0
0.01400000014001954 -0.0189999997955602 0
0.01400000014002077 -0.01699999982176379 0
0.01400000014002201 -0.01499999984796687 0
0.01400000014002324 -0.01299999987417034 0
0.01400000014002448 -0.01099999990037499 0
0.01400000014002571 -0.008999999926580383 0
0.01400000014002695 -0.006999999952784611 0
0.01400000014002818 -0.004999999978986711 0
0.01400000014002942 -0.003000000005188778 0
0.01400000014003065 -0.00100000003139095 0
0.01400000014003189 0.0009999999424059516 0
0.01400000014003312 0.002999999916202657 0
0.01600000015996834 -0.09299999882619479 0
0.01600000015996989 -0.09099999885239234 0
0.01600000015997145 -0.08899999887858703 0
0.016000000159973 -0.08699999890478267 0
0.01600000015997455 -0.08499999893097961 0
0.01600000015997611 -0.08299999895717405 0
0.01600000015997766 -0.08099999898337532 0
0.01600000015997921 -0.07899999900957061 0
0.01600000015998076 -0.07699999903576724 0
0.01600000015998232 -0.07499999906196407 0
0.01600000015998387 -0.07299999908815855 0
0.01600000015998542 -0.07099999911435589 0
0.01600000015998698 -0.06899999914055198 0
0.01600000015998854 -0.06699999916674677 0
0.01600000015999008 -0.06499999919294452 0
0.01600000015999164 -0.06299999921914071 0
0.01600000015999319 -0.06099999924533626 0
0.01600000015999475 -0.05899999927153644 0
0.01600000015999629 -0.05699999929773244 0
0.01600000015999785 -0.05499999932393078 0
0.0160000001599994 -0.05299999935012688 0
0.01600000016000096 -0.05099999937632297 0
0.0160000001600025 -0.04899999940251925 0
0.01600000016000406 -0.0469999994287159 0
0.01600000016000561 -0.04499999945491345 0
0.01600000016000716 -0.0429999994811186 0
0.01600000016000871 -0.04099999950732467 0
0.01600000016001027 -0.03899999953352882 0
0.01600000016001182 -0.036999999559732 0
0.01600000016001338 -0.03499999958593514 0
0.01600000016001493 -0.03299999961213875 0
0.01600000016001648 -0.03099999963834188 0
0.01600000016001803 -0.02899999966454582 0
0.0160000001600196 -0.0269999996907489 0
0.01600000016002114 -0.02499999971695304 0
0.0160000001600227 -0.02299999974315652 0
0.01600000016002424 -0.02099999976935943 0
0.0160000001600258 -0.01899999979556259 0
0.01600000016002735 -0.01699999982176598 0
0.01600000016002891 -0.01499999984796882 0
0.01600000016003046 -0.01299999987417211 0
0.01600000016003202 -0.01099999990037653 0
0.01600000016003357 -0.008999999926581627 0
0.01600000016003512 -0.00699999995278577 0
0.01600000016003667 -0.004999999978987641 0
0.01600000016003822 -0.003000000005189565 0
0.01600000016003978 -0.001000000031391561 0
0.01600000016004132 0.0009999999424055812 0
0.01600000016004288 0.002999999916202447 0
0.01800000017996235 -0.09299999882619493 0
0.01800000017996407 -0.09099999885239257 0
0.01800000017996579 -0.08899999887858757 0
0.0180000001799675 -0.08699999890478335 0
0.01800000017996922 -0.08499999893098042 0
0.01800000017997094 -0.08299999895717509 0
0.01800000017997266 -0.08099999898337647 0
0.01800000017997437 -0.07899999900957212 0
0.01800000017997608 -0.07699999903576896 0
0.01800000017997781 -0.07499999906196592 0
0.01800000017997953 -0.07299999908816063 0
0.01800000017998124 -0.07099999911435814 0
0.01800000017998295 -0.06899999914055448 0
0.01800000017998467 -0.06699999916674951 0
0.01800000017998639 -0.06499999919294744 0
0.01800000017998811 -0.06299999921914393 0
0.01800000017998982 -0.06099999924533973 0
0.01800000017999154 -0.05899999927154001 0
0.01800000017999327 -0.05699999929773623 0
0.01800000017999498 -0.05499999932393474 0
0.0180000001799967 -0.05299999935013103 0
0.01800000017999841 -0.05099999937632734 0
0.01800000018000012 -0.04899999940252384 0
0.01800000018000185 -0.04699999942872076 0
0.01800000018000356 -0.04499999945491855 0
0.01800000018000528 -0.04299999948112347 0
0.01800000018000699 -0.04099999950732925 0
0.01800000018000871 -0.03899999953353318 0
0.01800000018001043 -0.03699999955973616 0
0.01800000018001215 -0.03499999958593908 0
0.01800000018001386 -0.03299999961214251 0
0.01800000018001558 -0.03099999963834546 0
0.0180000001800173 -0.0289999996645493 0
0.01800000018001902 -0.02699999969075215 0
0.01800000018002073 -0.02499999971695603 0
0.01800000018002245 -0.02299999974315934 0
0.01800000018002417 -0.02099999976936201 0
0.01800000018002588 -0.01899999979556496 0
0.01800000018002761 -0.01699999982176818 0
0.01800000018002932 -0.01499999984797078 0
0.01800000018003104 -0.01299999987417388 0
0.01800000018003275 -0.01099999990037807 0
0.01800000018003448 -0.008999999926582868 0
0.0180000001800362 -0.006999999952786926 0
0.01800000018003791 -0.004999999978988577 0
0.01800000018003962 -0.003000000005190353 0
0.01800000018004134 -0.001000000031392168 0
0.01800000018004306 0.0009999999424052117 0
0.01800000018004478 0.002999999916202239 0
0.02000000019995673 -0.09299999882619507 0
0.02000000019995872 -0.09099999885239288 0
0.02000000019996071 -0.08899999887858807 0
0.02000000019996269 -0.08699999890478398 0
0.02000000019996469 -0.08499999893098122 0
0.02000000019996668 -0.08299999895717615 0
0.02000000019996866 -0.08099999898337758 0
0.02000000019997066 -0.07899999900957361 0
0.02000000019997265 -0.07699999903577062 0
0.02000000019997463 -0.07499999906196782 0
0.02000000019997662 -0.07299999908816278 0
0.0200000001999786 -0.07099999911436049 0
0.0200000001999806 -0.06899999914055698 0
0.02000000019998259 -0.06699999916675228 0
0.02000000019998457 -0.06499999919295034 0
0.02000000019998656 -0.06299999921914723 0
0.02000000019998855 -0.0609999992453432 0
0.02000000019999054 -0.05899999927154359 0
0.02000000019999253 -0.05699999929774002 0
0.02000000019999452 -0.05499999932393868 0
0.02000000019999651 -0.05299999935013518 0
0.0200000001999985 -0.05099999937633171 0
0.02000000020000049 -0.04899999940252844 0
0.02000000020000248 -0.04699999942872561 0
0.02000000020000447 -0.04499999945492363 0
0.02000000020000645 -0.04299999948112834 0
0.02000000020000844 -0.04099999950733384 0
0.02000000020001043 -0.03899999953353754 0
0.02000000020001242 -0.03699999955974031 0
0.0200000002000144 -0.03499999958594302 0
0.0200000002000164 -0.03299999961214633 0
0.02000000020001838 -0.03099999963834905 0
0.02000000020002038 -0.02899999966455277 0
0.02000000020002236 -0.02699999969075539 0
0.02000000020002435 -0.02499999971695902 0
0.02000000020002634 -0.02299999974316216 0
0.02000000020002833 -0.02099999976936461 0
0.02000000020003032 -0.01899999979556733 0
0.0200000002000323 -0.01699999982177038 0
0.0200000002000343 -0.01499999984797273 0
0.02000000020003629 -0.01299999987417564 0
0.02000000020003827 -0.01099999990037961 0
0.02000000020004027 -0.00899999992658411 0
0.02000000020004226 -0.006999999952788081 0
0.02000000020004424 -0.004999999978989507 0
0.02000000020004623 -0.003000000005191141 0
0.02000000020004822 -0.001000000031392779 0
0.02000000020005021 0.0009999999424048405 0
0.02000000020005219 0.002999999916202029 0
0.02200000021995123 -0.0929999988261952 0
0.02200000021995346 -0.09099999885239315 0
0.02200000021995571 -0.0889999988785886 0
0.02200000021995794 -0.08699999890478463 0
0.02200000021996018 -0.08499999893098203 0
0.02200000021996242 -0.0829999989571772 0
0.02200000021996466 -0.08099999898337873 0
0.02200000021996689 -0.07899999900957508 0
0.02200000021996913 -0.0769999990357723 0
0.02200000021997137 -0.0749999990619697 0
0.02200000021997361 -0.07299999908816487 0
0.02200000021997585 -0.07099999911436278 0
0.02200000021997809 -0.06899999914055951 0
0.02200000021998032 -0.066999999166755 0
0.02200000021998256 -0.06499999919295327 0
0.0220000002199848 -0.06299999921915043 0
0.02200000021998704 -0.06099999924534667 0
0.02200000021998928 -0.05899999927154718 0
0.02200000021999152 -0.05699999929774381 0
0.02200000021999376 -0.05499999932394262 0
0.02200000021999599 -0.05299999935013934 0
0.02200000021999823 -0.05099999937633606 0
0.02200000022000047 -0.04899999940253302 0
0.02200000022000271 -0.0469999994287305 0
0.02200000022000495 -0.04499999945492872 0
0.02200000022000718 -0.0429999994811332 0
0.02200000022000943 -0.04099999950733844 0
0.02200000022001167 -0.03899999953354189 0
0.0220000002200139 -0.03699999955974446 0
0.02200000022001614 -0.03499999958594697 0
0.02200000022001838 -0.03299999961215009 0
0.02200000022002062 -0.03099999963835262 0
0.02200000022002285 -0.02899999966455623 0
0.02200000022002509 -0.02699999969075864 0
0.02200000022002734 -0.02499999971696202 0
0.02200000022002957 -0.02299999974316499 0
0.0220000002200318 -0.02099999976936719 0
0.02200000022003405 -0.01899999979556972 0
0.02200000022003629 -0.01699999982177258 0
0.02200000022003852 -0.01499999984797469 0
0.02200000022004076 -0.0129999998741774 0
0.02200000022004301 -0.01099999990038115 0
0.02200000022004524 -0.008999999926585345 0
0.02200000022004747 -0.006999999952789238 0
0.02200000022004971 -0.004999999978990441 0
0.02200000022005195 -0.003000000005191929 0
0.02200000022005419 -0.00100000003139339 0
0.02200000022005643 0.0009999999424044705 0
0.02200000022005867 0.002999999916201821 0
0.02400000023994544 -0.09299999882619535 0
0.02400000023994785 -0.09099999885239343 0
0.02400000023995028 -0.08899999887858913 0
0.02400000023995269 -0.08699999890478534 0
0.0240000002399551 -0.0849999989309828 0
0.02400000023995753 -0.08299999895717822 0
0.02400000023995995 -0.08099999898337984 0
0.02400000023996237 -0.07899999900957656 0
0.02400000023996478 -0.07699999903577401 0
0.02400000023996721 -0.07499999906197158 0
0.02400000023996962 -0.07299999908816703 0
0.02400000023997204 -0.07099999911436507 0
0.02400000023997446 -0.06899999914056203 0
0.02400000023997687 -0.06699999916675776 0
0.02400000023997929 -0.06499999919295618 0
0.02400000023998172 -0.0629999992191537 0
0.02400000023998413 -0.06099999924535014 0
0.02400000023998655 -0.05899999927155075 0
0.02400000023998897 -0.05699999929774759 0
0.02400000023999139 -0.05499999932394655 0
0.0240000002399938 -0.05299999935014349 0
0.02400000023999622 -0.05099999937634042 0
0.02400000023999864 -0.04899999940253762 0
0.02400000024000105 -0.04699999942873536 0
0.02400000024000348 -0.04499999945493383 0
0.0240000002400059 -0.04299999948113806 0
0.02400000024000831 -0.04099999950734302 0
0.02400000024001073 -0.03899999953354626 0
0.02400000024001316 -0.03699999955974861 0
0.02400000024001557 -0.03499999958595091 0
0.02400000024001799 -0.03299999961215389 0
0.0240000002400204 -0.0309999996383562 0
0.02400000024002283 -0.0289999996645597 0
0.02400000024002524 -0.02699999969076189 0
0.02400000024002766 -0.02499999971696501 0
0.02400000024003008 -0.02299999974316781 0
0.02400000024003249 -0.02099999976936977 0
0.02400000024003491 -0.0189999997955721 0
0.02400000024003733 -0.01699999982177479 0
0.02400000024003975 -0.01499999984797664 0
0.02400000024004217 -0.01299999987417916 0
0.02400000024004459 -0.0109999999003827 0
0.024000000240047 -0.008999999926586589 0
0.02400000024004942 -0.006999999952790394 0
0.02400000024005184 -0.004999999978991374 0
0.02400000024005426 -0.003000000005192715 0
0.02400000024005668 -0.001000000031393999 0
0.0240000002400591 0.0009999999424040997 0
0.02400000024006152 0.002999999916201611 0
0.02600000025993989 -0.09299999882619547 0
0.02600000025994265 -0.09099999885239372 0
0.02600000025994538 -0.08899999887858966 0
0.02600000025994813 -0.08699999890478598 0
0.02600000025995087 -0.08499999893098362 0
0.02600000025995361 -0.08299999895717926 0
0.02600000025995635 -0.08099999898338096 0
0.02600000025995909 -0.07899999900957806 0
0.02600000025996182 -0.07699999903577566 0
0.02600000025996457 -0.07499999906197344 0
0.02600000025996731 -0.07299999908816913 0
0.02600000025997005 -0.07099999911436737 0
0.0260000002599728 -0.06899999914056452 0
0.02600000025997554 -0.06699999916676048 0
0.02600000025997828 -0.06499999919295905 0
0.02600000025998101 -0.06299999921915692 0
0.02600000025998376 -0.0609999992453536 0
0.02600000025998651 -0.05899999927155433 0
0.02600000025998924 -0.05699999929775139 0
0.02600000025999198 -0.05499999932395051 0
0.02600000025999473 -0.05299999935014764 0
0.02600000025999747 -0.05099999937634478 0
0.02600000026000021 -0.04899999940254219 0
0.02600000026000295 -0.04699999942874023 0
0.02600000026000569 -0.04499999945493891 0
0.02600000026000843 -0.04299999948114294 0
0.02600000026001117 -0.04099999950734762 0
0.02600000026001391 -0.03899999953355061 0
0.02600000026001665 -0.03699999955975276 0
0.02600000026001939 -0.03499999958595485 0
0.02600000026002214 -0.03299999961215767 0
0.02600000026002489 -0.03099999963835978 0
0.02600000026002762 -0.02899999966456317 0
0.02600000026003037 -0.02699999969076513 0
0.0260000002600331 -0.02499999971696801 0
0.02600000026003585 -0.02299999974317064 0
0.02600000026003859 -0.02099999976937236 0
0.02600000026004133 -0.01899999979557448 0
0.02600000026004406 -0.01699999982177699 0
0.02600000026004681 -0.0149999998479786 0
0.02600000026004955 -0.01299999987418093 0
0.02600000026005229 -0.01099999990038424 0
0.02600000026005504 -0.008999999926587831 0
0.02600000026005777 -0.006999999952791554 0
0.02600000026006052 -0.004999999978992305 0
0.02600000026006326 -0.003000000005193504 0
0.026000000260066 -0.00100000003139461 0
0.02600000026006874 0.0009999999424037294 0
0.02600000026007149 0.002999999916201402 0
0.02800000027993411 -0.09299999882619564 0
0.02800000027993703 -0.09099999885239399 0
0.02800000027993995 -0.08899999887859018 0
0.02800000027994287 -0.08699999890478663 0
0.02800000027994579 -0.08499999893098442 0
0.02800000027994872 -0.08299999895718031 0
0.02800000027995164 -0.08099999898338213 0
0.02800000027995456 -0.07899999900957956 0
0.02800000027995748 -0.07699999903577734 0
0.02800000027996041 -0.07499999906197531 0
0.02800000027996332 -0.07299999908817123 0
0.02800000027996625 -0.07099999911436965 0
0.02800000027996916 -0.06899999914056702 0
0.02800000027997208 -0.06699999916676326 0
0.02800000027997501 -0.06499999919296201 0
0.02800000027997793 -0.06299999921916016 0
0.02800000027998086 -0.06099999924535706 0
0.02800000027998377 -0.05899999927155792 0
0.0280000002799867 -0.05699999929775517 0
0.02800000027998961 -0.05499999932395446 0
0.02800000027999254 -0.05299999935015179 0
0.02800000027999546 -0.05099999937634912 0
0.02800000027999838 -0.0489999994025468 0
0.0280000002800013 -0.04699999942874509 0
0.02800000028000423 -0.044999999454944 0
0.02800000028000715 -0.04299999948114781 0
0.02800000028001007 -0.0409999995073522 0
0.02800000028001298 -0.03899999953355496 0
0.02800000028001591 -0.03699999955975691 0
0.02800000028001884 -0.03499999958595879 0
0.02800000028002175 -0.03299999961216147 0
0.02800000028002467 -0.03099999963836335 0
0.0280000002800276 -0.02899999966456663 0
0.02800000028003052 -0.02699999969076838 0
0.02800000028003343 -0.024999999716971 0
0.02800000028003637 -0.02299999974317346 0
0.02800000028003929 -0.02099999976937495 0
0.02800000028004221 -0.01899999979557685 0
0.02800000028004512 -0.01699999982177919 0
0.02800000028004805 -0.01499999984798055 0
0.02800000028005097 -0.0129999998741827 0
0.02800000028005389 -0.01099999990038578 0
0.02800000028005681 -0.008999999926589073 0
0.02800000028005974 -0.006999999952792708 0
0.02800000028006265 -0.004999999978993238 0
0.02800000028006558 -0.003000000005194292 0
0.0280000002800685 -0.001000000031395218 0
0.02800000028007142 0.000999999942403359 0
0.02800000028007434 0.002999999916201193 0
0.03000000029992862 -0.09299999882619575 0
0.03000000029993178 -0.09099999885239428 0
0.03000000029993495 -0.08899999887859071 0
0.03000000029993812 -0.0869999989047873 0
0.03000000029994129 -0.08499999893098523 0
0.03000000029994446 -0.08299999895718137 0
0.03000000029994764 -0.08099999898338323 0
0.03000000029995081 -0.07899999900958105 0
0.03000000029995397 -0.07699999903577905 0
0.03000000029995714 -0.0749999990619772 0
0.03000000029996032 -0.07299999908817338 0
0.03000000029996349 -0.07099999911437196 0
0.03000000029996665 -0.06899999914056952 0
0.03000000029996983 -0.06699999916676599 0
0.03000000029997301 -0.06499999919296492 0
0.03000000029997617 -0.06299999921916341 0
0.03000000029997934 -0.06099999924536053 0
0.03000000029998251 -0.0589999992715615 0
0.03000000029998569 -0.05699999929775898 0
0.03000000029998886 -0.0549999993239584 0
0.03000000029999202 -0.05299999935015592 0
0.0300000002999952 -0.05099999937635349 0
0.03000000029999838 -0.04899999940255138 0
0.03000000030000154 -0.04699999942874996 0
0.03000000030000471 -0.04499999945494908 0
0.03000000030000789 -0.04299999948115268 0
0.03000000030001105 -0.0409999995073568 0
0.03000000030001423 -0.03899999953355934 0
0.03000000030001739 -0.03699999955976105 0
0.03000000030002057 -0.03499999958596273 0
0.03000000030002374 -0.03299999961216526 0
0.03000000030002691 -0.03099999963836694 0
0.03000000030003008 -0.02899999966457011 0
0.03000000030003325 -0.02699999969077163 0
0.03000000030003641 -0.02499999971697399 0
0.03000000030003959 -0.02299999974317629 0
0.03000000030004276 -0.02099999976937754 0
0.03000000030004593 -0.01899999979557924 0
0.0300000003000491 -0.01699999982178139 0
0.03000000030005228 -0.0149999998479825 0
0.03000000030005544 -0.01299999987418446 0
0.03000000030005862 -0.01099999990038732 0
0.03000000030006179 -0.008999999926590315 0
0.03000000030006496 -0.006999999952793864 0
0.03000000030006814 -0.004999999978994171 0
0.03000000030007129 -0.003000000005195078 0
0.03000000030007447 -0.00100000003139583 0
0.03000000030007765 0.0009999999424029895 0
0.03000000030008081 0.002999999916200985 0
0.03200000031992233 -0.09299999882619592 0
0.03200000031992577 -0.09099999885239456 0
0.03200000031992923 -0.08899999887859122 0
0.03200000031993269 -0.08699999890478798 0
0.03200000031993615 -0.08499999893098603 0
0.0320000003199396 -0.08299999895718244 0
0.03200000031994305 -0.08099999898338439 0
0.03200000031994651 -0.0789999990095825 0
0.03200000031994997 -0.07699999903578071 0
0.03200000031995343 -0.07499999906197907 0
0.03200000031995688 -0.07299999908817548 0
0.03200000031996034 -0.07099999911437425 0
0.03200000031996379 -0.06899999914057202 0
0.03200000031996725 -0.06699999916676874 0
0.0320000003199707 -0.06499999919296784 0
0.03200000031997416 -0.06299999921916667 0
0.03200000031997761 -0.060999999245364 0
0.03200000031998107 -0.05899999927156507 0
0.03200000031998454 -0.05699999929776275 0
0.032000000319988 -0.05499999932396234 0
0.03200000031999144 -0.05299999935016009 0
0.03200000031999489 -0.05099999937635785 0
0.03200000031999836 -0.04899999940255597 0
0.0320000003200018 -0.04699999942875484 0
0.03200000032000526 -0.04499999945495418 0
0.03200000032000873 -0.04299999948115754 0
0.03200000032001218 -0.04099999950736139 0
0.03200000032001563 -0.03899999953356369 0
0.0320000003200191 -0.03699999955976522 0
0.03200000032002255 -0.03499999958596667 0
0.032000000320026 -0.03299999961216905 0
0.03200000032002945 -0.03099999963837051 0
0.03200000032003292 -0.02899999966457358 0
0.03200000032003636 -0.02699999969077488 0
0.03200000032003983 -0.02499999971697699 0
0.03200000032004328 -0.02299999974317913 0
0.03200000032004674 -0.02099999976938012 0
0.0320000003200502 -0.01899999979558161 0
0.03200000032005365 -0.01699999982178359 0
0.03200000032005711 -0.01499999984798446 0
0.03200000032006056 -0.01299999987418622 0
0.03200000032006402 -0.01099999990038886 0
0.03200000032006747 -0.008999999926591557 0
0.03200000032007093 -0.006999999952795023 0
0.03200000032007438 -0.004999999978995103 0
0.03200000032007784 -0.003000000005195866 0
0.03200000032008129 -0.00100000003139644 0
0.03200000032008474 0.0009999999424026183 0
0.03200000032008821 0.002999999916200775 0
0.03400000033991665 -0.09299999882619603 0
0.03400000033992027 -0.09099999885239489 0
0.03400000033992388 -0.08899999887859174 0
0.0340000003399275 -0.08699999890478863 0
0.03400000033993111 -0.08499999893098681 0
0.03400000033993473 -0.08299999895718346 0
0.03400000033993834 -0.08099999898338552 0
0.03400000033994197 -0.07899999900958403 0
0.03400000033994557 -0.07699999903578242 0
0.03400000033994918 -0.0749999990619809 0
0.03400000033995279 -0.07299999908817761 0
0.03400000033995641 -0.07099999911437656 0
0.03400000033996003 -0.06899999914057454 0
0.03400000033996364 -0.06699999916677148 0
0.03400000033996724 -0.06499999919297071 0
0.03400000033997087 -0.06299999921916991 0
0.03400000033997447 -0.06099999924536748 0
0.03400000033997809 -0.05899999927156865 0
0.0340000003399817 -0.05699999929776654 0
0.03400000033998531 -0.05499999932396627 0
0.03400000033998892 -0.05299999935016422 0
0.03400000033999254 -0.0509999993763622 0
0.03400000033999615 -0.04899999940256056 0
0.03400000033999977 -0.04699999942875969 0
0.03400000034000339 -0.04499999945495927 0
0.03400000034000699 -0.04299999948116242 0
0.03400000034001061 -0.04099999950736597 0
0.03400000034001422 -0.03899999953356806 0
0.03400000034001784 -0.03699999955976935 0
0.03400000034002145 -0.03499999958597062 0
0.03400000034002506 -0.03299999961217284 0
0.03400000034002868 -0.03099999963837408 0
0.0340000003400323 -0.02899999966457703 0
0.03400000034003591 -0.02699999969077812 0
0.03400000034003952 -0.02499999971697998 0
0.03400000034004314 -0.02299999974318194 0
0.03400000034004675 -0.02099999976938271 0
0.03400000034005037 -0.01899999979558399 0
0.03400000034005398 -0.01699999982178579 0
0.03400000034005759 -0.01499999984798641 0
0.03400000034006121 -0.01299999987418798 0
0.03400000034006482 -0.0109999999003904 0
0.03400000034006844 -0.008999999926592797 0
0.03400000034007205 -0.006999999952796177 0
0.03400000034007566 -0.004999999978996035 0
0.03400000034007928 -0.003000000005196654 0
0.0340000003400829 -0.001000000031397049 0
0.03400000034008652 0.0009999999424022484 0
0.03400000034009013 0.002999999916200566 0
0.03600000035991111 -0.09299999882619618 0
0.03600000035991505 -0.09099999885239515 0
0.03600000035991899 -0.08899999887859229 0
0.03600000035992291 -0.08699999890478931 0
0.03600000035992684 -0.08499999893098764 0
0.03600000035993078 -0.08299999895718452 0
0.03600000035993472 -0.08099999898338664 0
0.03600000035993865 -0.0789999990095855 0
0.03600000035994257 -0.0769999990357841 0
0.03600000035994651 -0.07499999906198281 0
0.03600000035995043 -0.07299999908817972 0
0.03600000035995438 -0.07099999911437885 0
0.0360000003599583 -0.06899999914057703 0
0.03600000035996224 -0.06699999916677421 0
0.03600000035996618 -0.06499999919297367 0
0.0360000003599701 -0.06299999921917315 0
0.03600000035997403 -0.06099999924537093 0
0.03600000035997796 -0.05899999927157224 0
0.03600000035998191 -0.05699999929777032 0
0.03600000035998583 -0.05499999932397022 0
0.03600000035998976 -0.05299999935016839 0
0.0360000003599937 -0.05099999937636656 0
0.03600000035999765 -0.04899999940256515 0
0.03600000036000156 -0.04699999942876456 0
0.0360000003600055 -0.04499999945496436 0
0.03600000036000942 -0.04299999948116727 0
0.03600000036001336 -0.04099999950737056 0
0.0360000003600173 -0.03899999953357241 0
0.03600000036002122 -0.0369999995597735 0
0.03600000036002516 -0.03499999958597456 0
0.03600000036002909 -0.03299999961217662 0
0.03600000036003303 -0.03099999963837767 0
0.03600000036003696 -0.02899999966458051 0
0.03600000036004088 -0.02699999969078137 0
0.03600000036004482 -0.02499999971698298 0
0.03600000036004875 -0.02299999974318477 0
0.03600000036005268 -0.02099999976938529 0
0.03600000036005662 -0.01899999979558637 0
0.03600000036006057 -0.016999999821788 0
0.03600000036006449 -0.01499999984798837 0
0.03600000036006842 -0.01299999987418975 0
0.03600000036007236 -0.01099999990039194 0
0.03600000036007629 -0.008999999926594041 0
0.03600000036008021 -0.006999999952797334 0
0.03600000036008415 -0.00499999997899697 0
0.03600000036008808 -0.003000000005197441 0
0.03600000036009201 -0.001000000031397658 0
0.03600000036009596 0.000999999942401878 0
0.03600000036009989 0.002999999916200357 0
0.03800000037990625 -0.09299999882619631 0
0.03800000037991033 -0.09099999885239544 0
0.03800000037991441 -0.08899999887859281 0
0.03800000037991846 -0.08699999890478995 0
0.03800000037992255 -0.08499999893098843 0
0.03800000037992662 -0.08299999895718559 0
0.03800000037993069 -0.08099999898338779 0
0.03800000037993476 -0.078999999009587 0
0.03800000037993884 -0.07699999903578576 0
0.03800000037994292 -0.07499999906198468 0
0.03800000037994698 -0.07299999908818186 0
0.03800000037995106 -0.07099999911438115 0
0.03800000037995513 -0.06899999914057954 0
0.0380000003799592 -0.06699999916677699 0
0.03800000037996327 -0.06499999919297655 0
0.03800000037996733 -0.06299999921917641 0
0.03800000037997142 -0.06099999924537441 0
0.0380000003799755 -0.05899999927157581 0
0.03800000037997957 -0.05699999929777412 0
0.03800000037998363 -0.05499999932397417 0
0.03800000037998771 -0.05299999935017253 0
0.03800000037999179 -0.05099999937637092 0
0.03800000037999586 -0.04899999940256975 0
0.03800000037999994 -0.04699999942876944 0
0.03800000038000401 -0.04499999945496946 0
0.03800000038000807 -0.04299999948117215 0
0.03800000038001215 -0.04099999950737516 0
0.03800000038001622 -0.03899999953357677 0
0.0380000003800203 -0.03699999955977765 0
0.03800000038002436 -0.03499999958597849 0
0.03800000038002843 -0.0329999996121804 0
0.03800000038003252 -0.03099999963838124 0
0.03800000038003658 -0.02899999966458398 0
0.03800000038004067 -0.02699999969078461 0
0.03800000038004473 -0.02499999971698597 0
0.0380000003800488 -0.02299999974318759 0
0.03800000038005288 -0.02099999976938788 0
0.03800000038005695 -0.01899999979558875 0
0.03800000038006103 -0.01699999982179019 0
0.03800000038006509 -0.01499999984799033 0
0.03800000038006918 -0.01299999987419151 0
0.03800000038007324 -0.01099999990039349 0
0.03800000038007731 -0.008999999926595278 0
0.03800000038008139 -0.006999999952798492 0
0.03800000038008546 -0.0049999999789979 0
0.03800000038008953 -0.003000000005198229 0
0.0380000003800936 -0.001000000031398267 0
0.03800000038009768 0.0009999999424015076 0
0.03800000038010176 0.002999999916200148 0
0.04000000039990002 -0.09299999882619643 0
0.04000000039990433 -0.09099999885239571 0
0.04000000039990864 -0.08899999887859332 0
0.04000000039991292 -0.08699999890479061 0
0.04000000039991723 -0.08499999893098924 0
0.04000000039992153 -0.08299999895718664 0
0.04000000039992583 -0.0809999989833889 0
0.04000000039993014 -0.07899999900958848 0
0.04000000039993444 -0.07699999903578744 0
0.04000000039993874 -0.07499999906198654 0
0.04000000039994304 -0.07299999908818394 0
0.04000000039994735 -0.07099999911438347 0
0.04000000039995165 -0.06899999914058207 0
0.04000000039995596 -0.06699999916677971 0
0.04000000039996025 -0.06499999919297951 0
0.04000000039996456 -0.06299999921917965 0
0.04000000039996886 -0.06099999924537788 0
0.04000000039997317 -0.05899999927157939 0
0.04000000039997746 -0.0569999992977779 0
0.04000000039998176 -0.05499999932397811 0
0.04000000039998607 -0.0529999993501767 0
0.04000000039999037 -0.05099999937637528 0
0.04000000039999466 -0.04899999940257434 0
0.04000000039999897 -0.0469999994287743 0
0.04000000040000327 -0.04499999945497454 0
0.04000000040000758 -0.04299999948117702 0
0.04000000040001188 -0.04099999950737974 0
0.04000000040001618 -0.03899999953358113 0
0.04000000040002048 -0.03699999955978181 0
0.04000000040002478 -0.03499999958598245 0
0.04000000040002908 -0.0329999996121842 0
0.04000000040003339 -0.03099999963838482 0
0.04000000040003767 -0.02899999966458744 0
0.04000000040004199 -0.02699999969078785 0
0.0400000004000463 -0.02499999971698897 0
0.04000000040005058 -0.02299999974319042 0
0.04000000040005489 -0.02099999976939047 0
0.04000000040005919 -0.01899999979559114 0
0.04000000040006349 -0.01699999982179241 0
0.0400000004000678 -0.01499999984799227 0
0.04000000040007211 -0.01299999987419328 0
0.04000000040007639 -0.01099999990039503 0
0.04000000040008069 -0.008999999926596516 0
0.04000000040008501 -0.006999999952799648 0
0.0400000004000893 -0.004999999978998834 0
0.0400000004000936 -0.003000000005199017 0
0.04000000040009791 -0.001000000031398878 0
0.0400000004001022 0.0009999999424011377 0
0.0400000004001065 0.002999999916199939 0
0.04200000041989413 -0.09299999882619658 0
0.04200000041989865 -0.09099999885239599 0
0.04200000041990318 -0.08899999887859385 0
0.04200000041990773 -0.08699999890479128 0
0.04200000041991225 -0.08499999893099003 0
0.04200000041991679 -0.08299999895718765 0
0.04200000041992132 -0.08099999898339003 0
0.04200000041992587 -0.07899999900958997 0
0.04200000041993039 -0.07699999903578916 0
0.04200000041993492 -0.07499999906198843 0
0.04200000041993945 -0.07299999908818609 0
0.04200000041994399 -0.07099999911438575 0
0.04200000041994853 -0.06899999914058458 0
0.04200000041995307 -0.06699999916678244 0
0.0420000004199576 -0.06499999919298238 0
0.04200000041996213 -0.06299999921918292 0
0.04200000041996665 -0.06099999924538135 0
0.04200000041997119 -0.05899999927158295 0
0.04200000041997573 -0.05699999929778171 0
0.04200000041998027 -0.05499999932398205 0
0.04200000041998479 -0.05299999935018083 0
0.04200000041998932 -0.05099999937637963 0
0.04200000041999387 -0.04899999940257892 0
0.04200000041999839 -0.04699999942877917 0
0.04200000042000292 -0.04499999945497965 0
0.04200000042000747 -0.04299999948118187 0
0.04200000042001199 -0.04099999950738433 0
0.04200000042001653 -0.03899999953358548 0
0.04200000042002107 -0.03699999955978595 0
0.0420000004200256 -0.0349999995859864 0
0.04200000042003013 -0.03299999961218798 0
0.04200000042003466 -0.0309999996383884 0
0.04200000042003919 -0.02899999966459091 0
0.04200000042004372 -0.02699999969079111 0
0.04200000042004827 -0.02499999971699196 0
0.04200000042005281 -0.02299999974319325 0
0.04200000042005732 -0.02099999976939305 0
0.04200000042006187 -0.01899999979559351 0
0.04200000042006639 -0.0169999998217946 0
0.04200000042007095 -0.01499999984799423 0
0.04200000042007546 -0.01299999987419504 0
0.04200000042007999 -0.01099999990039657 0
0.04200000042008453 -0.008999999926597758 0
0.04200000042008907 -0.006999999952800802 0
0.0420000004200936 -0.004999999978999766 0
0.04200000042009813 -0.003000000005199803 0
0.04200000042010266 -0.001000000031399488 0
0.04200000042010719 0.0009999999424007665 0
0.04200000042011174 0.002999999916199729 0
0.04400000043988848 -0.09299999882619674 0
0.04400000043989323 -0.09099999885239625 0
0.04400000043989799 -0.08899999887859437 0
0.04400000043990276 -0.08699999890479194 0
0.04400000043990748 -0.08499999893099082 0
0.04400000043991224 -0.08299999895718868 0
0.04400000043991699 -0.08099999898339116 0
0.04400000043992175 -0.07899999900959144 0
0.0440000004399265 -0.07699999903579083 0
0.04400000043993126 -0.0749999990619903 0
0.044000000439936 -0.07299999908818822 0
0.04400000043994075 -0.07099999911438805 0
0.0440000004399455 -0.06899999914058706 0
0.04400000043995025 -0.06699999916678519 0
0.04400000043995501 -0.06499999919298531 0
0.04400000043995976 -0.06299999921918613 0
0.04400000043996451 -0.06099999924538482 0
0.04400000043996925 -0.05899999927158655 0
0.04400000043997401 -0.05699999929778549 0
0.04400000043997877 -0.05499999932398599 0
0.04400000043998352 -0.05299999935018499 0
0.04400000043998827 -0.050999999376384 0
0.04400000043999301 -0.04899999940258352 0
0.04400000043999776 -0.04699999942878404 0
0.04400000044000252 -0.04499999945498472 0
0.04400000044000728 -0.04299999948118676 0
0.04400000044001202 -0.04099999950738892 0
0.04400000044001677 -0.03899999953358985 0
0.04400000044002153 -0.03699999955979012 0
0.04400000044002628 -0.03499999958599034 0
0.04400000044003104 -0.03299999961219179 0
0.04400000044003578 -0.03099999963839199 0
0.04400000044004053 -0.02899999966459438 0
0.04400000044004528 -0.02699999969079435 0
0.04400000044005004 -0.02499999971699495 0
0.04400000044005478 -0.02299999974319606 0
0.04400000044005953 -0.02099999976939564 0
0.04400000044006429 -0.01899999979559589 0
0.04400000044006903 -0.0169999998217968 0
0.04400000044007379 -0.01499999984799618 0
0.04400000044007855 -0.01299999987419681 0
0.0440000004400833 -0.01099999990039811 0
0.04400000044008804 -0.008999999926599002 0
0.04400000044009279 -0.006999999952801962 0
0.04400000044009755 -0.0049999999790007 0
0.0440000004401023 -0.00300000000520059 0
0.04400000044010706 -0.001000000031400097 0
0.0440000004401118 0.000999999942400397 0
0.04400000044011655 0.00299999991619952 0
0.04600000045988286 -0.09299999882619686 0
0.04600000045988784 -0.09099999885239655 0
0.04600000045989284 -0.08899999887859489 0
0.04600000045989781 -0.0869999989047926 0
0.04600000045990281 -0.08499999893099165 0
0.04600000045990779 -0.08299999895718975 0
0.04600000045991278 -0.0809999989833923 0
0.04600000045991777 -0.07899999900959291 0
0.04600000045992276 -0.07699999903579249 0
0.04600000045992774 -0.07499999906199217 0
0.04600000045993272 -0.07299999908819033 0
0.04600000045993773 -0.07099999911439034 0
0.0460000004599427 -0.06899999914058956 0
0.04600000045994768 -0.06699999916678794 0
0.04600000045995267 -0.06499999919298821 0
0.04600000045995766 -0.06299999921918936 0
0.04600000045996265 -0.06099999924538829 0
0.04600000045996763 -0.05899999927159013 0
0.04600000045997262 -0.05699999929778928 0
0.04600000045997761 -0.05499999932398993 0
0.04600000045998259 -0.05299999935018914 0
0.04600000045998758 -0.05099999937638836 0
0.04600000045999258 -0.0489999994025881 0
0.04600000045999755 -0.04699999942878889 0
0.04600000046000255 -0.04499999945498983 0
0.04600000046000753 -0.04299999948119162 0
0.0460000004600125 -0.04099999950739352 0
0.0460000004600175 -0.03899999953359422 0
0.04600000046002249 -0.03699999955979426 0
0.04600000046002749 -0.03499999958599429 0
0.04600000046003248 -0.03299999961219558 0
0.04600000046003746 -0.03099999963839556 0
0.04600000046004243 -0.02899999966459785 0
0.04600000046004742 -0.0269999996907976 0
0.04600000046005241 -0.02499999971699795 0
0.04600000046005739 -0.0229999997431989 0
0.04600000046006238 -0.02099999976939823 0
0.04600000046006737 -0.01899999979559827 0
0.04600000046007236 -0.01699999982179901 0
0.04600000046007734 -0.01499999984799814 0
0.04600000046008234 -0.01299999987419857 0
0.04600000046008731 -0.01099999990039965 0
0.0460000004600923 -0.008999999926600244 0
0.0460000004600973 -0.006999999952803117 0
0.04600000046010227 -0.00499999997900163 0
0.04600000046010726 -0.003000000005201378 0
0.04600000046011226 -0.001000000031400708 0
0.04600000046011724 0.0009999999424000275 0
0.04600000046012222 0.002999999916199311 0
0.04800000047987722 -0.09299999882619701 0
0.04800000047988244 -0.09099999885239686 0
0.04800000047988766 -0.08899999887859543 0
0.04800000047989286 -0.08699999890479326 0
0.04800000047989807 -0.08499999893099242 0
0.04800000047990328 -0.08299999895719079 0
0.04800000047990852 -0.08099999898339345 0
0.04800000047991372 -0.07899999900959441 0
0.04800000047991893 -0.0769999990357942 0
0.04800000047992414 -0.07499999906199406 0
0.04800000047992936 -0.07299999908819244 0
0.04800000047993457 -0.07099999911439263 0
0.04800000047993978 -0.06899999914059206 0
0.048000000479945 -0.0669999991667907 0
0.04800000047995021 -0.06499999919299115 0
0.04800000047995542 -0.06299999921919262 0
0.04800000047996064 -0.06099999924539175 0
0.04800000047996585 -0.05899999927159369 0
0.04800000047997108 -0.05699999929779306 0
0.04800000047997628 -0.05499999932399387 0
0.0480000004799815 -0.05299999935019329 0
0.0480000004799867 -0.05099999937639271 0
0.04800000047999192 -0.04899999940259269 0
0.04800000047999714 -0.04699999942879378 0
0.04800000048000236 -0.04499999945499491 0
0.04800000048000758 -0.04299999948119649 0
0.04800000048001278 -0.04099999950739811 0
0.048000000480018 -0.03899999953359858 0
0.0480000004800232 -0.03699999955979841 0
0.04800000048002842 -0.03499999958599823 0
0.04800000048003364 -0.03299999961219936 0
0.04800000048003884 -0.03099999963839914 0
0.04800000048004406 -0.02899999966460131 0
0.04800000048004927 -0.02699999969080085 0
0.04800000048005448 -0.02499999971700094 0
0.0480000004800597 -0.02299999974320172 0
0.04800000048006492 -0.02099999976940082 0
0.04800000048007014 -0.01899999979560065 0
0.04800000048007534 -0.01699999982180121 0
0.04800000048008055 -0.01499999984800009 0
0.04800000048008576 -0.01299999987420034 0
0.04800000048009098 -0.01099999990040119 0
0.0480000004800962 -0.008999999926601486 0
0.04800000048010142 -0.006999999952804273 0
0.04800000048010662 -0.004999999979002563 0
0.04800000048011184 -0.003000000005202167 0
0.04800000048011704 -0.001000000031401317 0
0.04800000048012227 0.0009999999423996563 0
0.04800000048012748 0.002999999916199102 0
0.05000000049987288 -0.09299999882619714 0
0.05000000049987829 -0.09099999885239714 0
0.05000000049988367 -0.08899999887859596 0
0.05000000049988906 -0.08699999890479394 0
0.05000000049989444 -0.08499999893099325 0
0.05000000049989983 -0.08299999895719186 0
0.05000000049990521 -0.08099999898339455 0
0.05000000049991059 -0.07899999900959591 0
0.05000000049991598 -0.07699999903579587 0
0.05000000049992136 -0.07499999906199591 0
0.05000000049992675 -0.07299999908819459 0
0.05000000049993214 -0.07099999911439495 0
0.05000000049993752 -0.06899999914059457 0
0.05000000049994291 -0.0669999991667934 0
0.05000000049994829 -0.06499999919299404 0
0.05000000049995369 -0.06299999921919587 0
0.05000000049995907 -0.06099999924539522 0
0.05000000049996445 -0.05899999927159728 0
0.05000000049996985 -0.05699999929779687 0
0.05000000049997524 -0.05499999932399782 0
0.0500000004999806 -0.05299999935019745 0
0.05000000049998599 -0.05099999937639706 0
0.0500000004999914 -0.04899999940259729 0
0.05000000049999676 -0.04699999942879864 0
0.05000000050000215 -0.04499999945499999 0
0.05000000050000754 -0.04299999948120135 0
0.05000000050001293 -0.04099999950740269 0
0.05000000050001831 -0.03899999953360293 0
0.05000000050002371 -0.03699999955980257 0
0.0500000005000291 -0.03499999958600217 0
0.05000000050003447 -0.03299999961220315 0
0.05000000050003987 -0.03099999963840273 0
0.05000000050004525 -0.02899999966460478 0
0.05000000050005062 -0.02699999969080409 0
0.05000000050005602 -0.02499999971700393 0
0.0500000005000614 -0.02299999974320454 0
0.05000000050006678 -0.02099999976940341 0
0.05000000050007217 -0.01899999979560303 0
0.05000000050007756 -0.0169999998218034 0
0.05000000050008294 -0.01499999984800205 0
0.05000000050008832 -0.0129999998742021 0
0.05000000050009371 -0.01099999990040273 0
0.0500000005000991 -0.008999999926602721 0
0.05000000050010447 -0.006999999952805432 0
0.05000000050010987 -0.004999999979003496 0
0.05000000050011525 -0.003000000005202954 0
0.05000000050012064 -0.001000000031401928 0
0.05000000050012603 0.0009999999423992859 0
0.05000000050013142 0.002999999916198893 0
0.05200000051987666 -0.09299999882619729 0
0.05200000051988189 -0.0909999988523974 0
0.05200000051988711 -0.08899999887859646 0
0.05200000051989233 -0.08699999890479457 0
0.05200000051989755 -0.08499999893099403 0
0.05200000051990278 -0.08299999895719291 0
0.052000000519908 -0.08099999898339569 0
0.05200000051991321 -0.07899999900959739 0
0.05200000051991842 -0.07699999903579753 0
0.05200000051992365 -0.07499999906199781 0
0.05200000051992887 -0.0729999990881967 0
0.05200000051993411 -0.07099999911439725 0
0.05200000051993931 -0.06899999914059708 0
0.05200000051994456 -0.06699999916679619 0
0.05200000051994976 -0.06499999919299695 0
0.05200000051995499 -0.0629999992191991 0
0.05200000051996019 -0.06099999924539867 0
0.05200000051996542 -0.05899999927160085 0
0.05200000051997064 -0.05699999929780064 0
0.05200000051997586 -0.05499999932400176 0
0.05200000051998108 -0.05299999935020159 0
0.05200000051998629 -0.05099999937640142 0
0.05200000051999153 -0.04899999940260188 0
0.05200000051999673 -0.04699999942880351 0
0.05200000052000196 -0.04499999945500509 0
0.05200000052000719 -0.04299999948120621 0
0.05200000052001241 -0.04099999950740729 0
0.05200000052001763 -0.03899999953360728 0
0.05200000052002285 -0.03699999955980671 0
0.05200000052002807 -0.03499999958600611 0
0.05200000052003329 -0.03299999961220693 0
0.0520000005200385 -0.0309999996384063 0
0.05200000052004372 -0.02899999966460825 0
0.05200000052004895 -0.02699999969080734 0
0.05200000052005416 -0.02499999971700693 0
0.0520000005200594 -0.02299999974320738 0
0.05200000052006463 -0.02099999976940599 0
0.05200000052006983 -0.01899999979560541 0
0.05200000052007504 -0.01699999982180561 0
0.05200000052008028 -0.014999999848004 0
0.05200000052008549 -0.01299999987420386 0
0.05200000052009071 -0.01099999990040428 0
0.05200000052009593 -0.008999999926603964 0
0.05200000052010115 -0.006999999952806586 0
0.05200000052010637 -0.004999999979004428 0
0.0520000005201116 -0.003000000005203743 0
0.05200000052011682 -0.001000000031402538 0
0.05200000052012203 0.0009999999423989155 0
0.05200000052012727 0.002999999916198684 0
0.05400000053988174 -0.09299999882619742 0
0.05400000053988675 -0.09099999885239771 0
0.05400000053989175 -0.08899999887859701 0
0.05400000053989674 -0.08699999890479523 0
0.05400000053990175 -0.08499999893099487 0
0.05400000053990674 -0.08299999895719397 0
0.05400000053991176 -0.08099999898339683 0
0.05400000053991676 -0.07899999900959886 0
0.05400000053992175 -0.07699999903579925 0
0.05400000053992676 -0.07499999906199965 0
0.05400000053993174 -0.07299999908819883 0
0.05400000053993675 -0.07099999911439953 0
0.05400000053994175 -0.06899999914059958 0
0.05400000053994675 -0.0669999991667989 0
0.05400000053995176 -0.06499999919299987 0
0.05400000053995675 -0.06299999921920235 0
0.05400000053996176 -0.06099999924540215 0
0.05400000053996676 -0.05899999927160444 0
0.05400000053997175 -0.05699999929780444 0
0.05400000053997675 -0.0549999993240057 0
0.05400000053998176 -0.05299999935020575 0
0.05400000053998677 -0.05099999937640579 0
0.05400000053999177 -0.04899999940260648 0
0.05400000053999676 -0.04699999942880838 0
0.05400000054000176 -0.04499999945501018 0
0.05400000054000675 -0.04299999948121109 0
0.05400000054001176 -0.04099999950741188 0
0.05400000054001675 -0.03899999953361165 0
0.05400000054002177 -0.03699999955981087 0
0.05400000054002677 -0.03499999958601005 0
0.05400000054003176 -0.03299999961221072 0
0.05400000054003677 -0.03099999963840986 0
0.05400000054004178 -0.02899999966461171 0
0.05400000054004678 -0.02699999969081059 0
0.05400000054005177 -0.02499999971700992 0
0.05400000054005677 -0.02299999974321019 0
0.05400000054006178 -0.02099999976940858 0
0.05400000054006678 -0.01899999979560779 0
0.05400000054007179 -0.01699999982180781 0
0.05400000054007678 -0.01499999984800596 0
0.05400000054008177 -0.01299999987420563 0
0.05400000054008677 -0.01099999990040582 0
0.05400000054009178 -0.008999999926605206 0
0.05400000054009679 -0.006999999952807742 0
0.05400000054010179 -0.004999999979005361 0
0.05400000054010679 -0.003000000005204532 0
0.05400000054011178 -0.001000000031403147 0
0.05400000054011679 0.0009999999423985452 0
0.0540000005401218 0.002999999916198475 0
0.05600000055988726 -0.09299999882619756 0
0.05600000055989202 -0.09099999885239798 0
0.0560000005598968 -0.08899999887859751 0
0.05600000055990157 -0.0869999989047959 0
0.05600000055990635 -0.08499999893099563 0
0.05600000055991112 -0.08299999895719502 0
0.05600000055991587 -0.08099999898339796 0
0.05600000055992065 -0.07899999900960036 0
0.05600000055992544 -0.07699999903580093 0
0.05600000055993019 -0.07499999906200155 0
0.05600000055993498 -0.07299999908820093 0
0.05600000055993975 -0.07099999911440184 0
0.05600000055994452 -0.06899999914060211 0
0.0560000005599493 -0.06699999916680169 0
0.05600000055995408 -0.06499999919300278 0
0.05600000055995883 -0.06299999921920561 0
0.05600000055996362 -0.06099999924540562 0
0.05600000055996837 -0.05899999927160802 0
0.05600000055997315 -0.05699999929780821 0
0.05600000055997793 -0.05499999932400965 0
0.05600000055998269 -0.05299999935020989 0
0.05600000055998747 -0.05099999937641014 0
0.05600000055999225 -0.04899999940261105 0
0.05600000055999702 -0.04699999942881324 0
0.0560000005600018 -0.04499999945501528 0
0.05600000056000656 -0.04299999948121596 0
0.05600000056001134 -0.04099999950741647 0
0.05600000056001611 -0.03899999953361601 0
0.05600000056002087 -0.03699999955981501 0
0.05600000056002565 -0.03499999958601399 0
0.05600000056003041 -0.03299999961221452 0
0.05600000056003518 -0.03099999963841345 0
0.05600000056003995 -0.02899999966461518 0
0.05600000056004475 -0.02699999969081383 0
0.05600000056004953 -0.02499999971701292 0
0.05600000056005427 -0.02299999974321303 0
0.05600000056005905 -0.02099999976941117 0
0.05600000056006383 -0.01899999979561016 0
0.0560000005600686 -0.01699999982181001 0
0.05600000056007337 -0.01499999984800791 0
0.05600000056007815 -0.01299999987420739 0
0.05600000056008293 -0.01099999990040736 0
0.05600000056008769 -0.008999999926606446 0
0.05600000056009245 -0.0069999999528089 0
0.05600000056009724 -0.004999999979006293 0
0.05600000056010203 -0.003000000005205317 0
0.05600000056010678 -0.001000000031403756 0
0.05600000056011156 0.0009999999423981752 0
0.05600000056011634 0.002999999916198265 0
0.05800000057989192 -0.09299999882619769 0
0.05800000057989649 -0.09099999885239828 0
0.05800000057990105 -0.08899999887859804 0
0.05800000057990561 -0.08699999890479658 0
0.05800000057991016 -0.08499999893099644 0
0.05800000057991472 -0.08299999895719605 0
0.05800000057991929 -0.0809999989833991 0
0.05800000057992385 -0.07899999900960186 0
0.05800000057992841 -0.07699999903580258 0
0.05800000057993296 -0.07499999906200341 0
0.05800000057993752 -0.07299999908820304 0
0.05800000057994208 -0.07099999911440412 0
0.05800000057994664 -0.0689999991406046 0
0.05800000057995121 -0.06699999916680439 0
0.05800000057995577 -0.0649999991930057 0
0.05800000057996033 -0.06299999921920882 0
0.05800000057996489 -0.0609999992454091 0
0.05800000057996946 -0.0589999992716116 0
0.05800000057997402 -0.05699999929781201 0
0.05800000057997858 -0.05499999932401359 0
0.05800000057998314 -0.05299999935021405 0
0.05800000057998769 -0.05099999937641449 0
0.05800000057999227 -0.04899999940261564 0
0.05800000057999682 -0.04699999942881812 0
0.05800000058000138 -0.04499999945502036 0
0.05800000058000594 -0.04299999948122083 0
0.05800000058001051 -0.04099999950742107 0
0.05800000058001506 -0.03899999953362036 0
0.05800000058001963 -0.03699999955981917 0
0.05800000058002419 -0.03499999958601794 0
0.05800000058002874 -0.0329999996122183 0
0.05800000058003331 -0.03099999963841703 0
0.05800000058003786 -0.02899999966461865 0
0.05800000058004243 -0.02699999969081708 0
0.058000000580047 -0.02499999971701591 0
0.05800000058005154 -0.02299999974321585 0
0.05800000058005613 -0.02099999976941375 0
0.05800000058006068 -0.01899999979561255 0
0.05800000058006523 -0.01699999982181221 0
0.05800000058006979 -0.01499999984800987 0
0.05800000058007435 -0.01299999987420915 0
0.05800000058007893 -0.0109999999004089 0
0.05800000058008348 -0.00899999992660769 0
0.05800000058008804 -0.006999999952810055 0
0.05800000058009261 -0.004999999979007226 0
0.05800000058009717 -0.003000000005206106 0
0.05800000058010173 -0.001000000031404367 0
0.05800000058010629 0.0009999999423978049 0
0.05800000058011084 0.002999999916198057 0
0.060000000599897 -0.09299999882619783 0
0.06000000059990133 -0.09099999885239855 0
0.06000000059990566 -0.08899999887859857 0
0.06000000059991 -0.08699999890479723 0
0.06000000059991432 -0.08499999893099724 0
0.06000000059991866 -0.08299999895719706 0
0.06000000059992301 -0.08099999898340021 0
0.06000000059992735 -0.07899999900960337 0
0.06000000059993168 -0.07699999903580426 0
0.06000000059993602 -0.07499999906200529 0
0.06000000059994035 -0.07299999908820516 0
0.0600000005999447 -0.07099999911440642 0
0.06000000059994903 -0.0689999991406071 0
0.06000000059995337 -0.06699999916680714 0
0.06000000059995769 -0.06499999919300861 0
0.06000000059996202 -0.06299999921921212 0
0.06000000059996637 -0.06099999924541256 0
0.06000000059997071 -0.05899999927161518 0
0.06000000059997503 -0.05699999929781579 0
0.06000000059997937 -0.05499999932401754 0
0.0600000005999837 -0.05299999935021819 0
0.06000000059998805 -0.05099999937641887 0
0.06000000059999239 -0.04899999940262024 0
0.06000000059999672 -0.04699999942882298 0
0.06000000060000105 -0.04499999945502545 0
0.06000000060000539 -0.0429999994812257 0
0.06000000060000972 -0.04099999950742565 0
0.06000000060001406 -0.03899999953362472 0
0.06000000060001839 -0.0369999995598233 0
0.06000000060002272 -0.03499999958602187 0
0.06000000060002708 -0.03299999961222209 0
0.06000000060003141 -0.03099999963842062 0
0.06000000060003574 -0.02899999966462212 0
0.06000000060004007 -0.02699999969082032 0
0.06000000060004441 -0.02499999971701891 0
0.06000000060004874 -0.02299999974321867 0
0.06000000060005309 -0.02099999976941634 0
0.06000000060005742 -0.01899999979561492 0
0.06000000060006175 -0.01699999982181441 0
0.0600000006000661 -0.01499999984801182 0
0.06000000060007042 -0.01299999987421092 0
0.06000000060007477 -0.01099999990041044 0
0.0600000006000791 -0.008999999926608932 0
0.06000000060008343 -0.006999999952811212 0
0.06000000060008776 -0.004999999979008159 0
0.06000000060009211 -0.003000000005206892 0
0.06000000060009645 -0.001000000031404979 0
0.06000000060010078 0.0009999999423974341 0
0.06000000060010512 0.002999999916197847 0
0.06200000061990157 -0.09299999882619797 0
0.06200000061990567 -0.09099999885239882 0
0.06200000061990979 -0.08899999887859909 0
0.06200000061991391 -0.08699999890479791 0
0.06200000061991803 -0.08499999893099802 0
0.06200000061992213 -0.08299999895719812 0
0.06200000061992626 -0.08099999898340138 0
0.06200000061993036 -0.07899999900960485 0
0.06200000061993449 -0.07699999903580595 0
0.06200000061993861 -0.07499999906200715 0
0.06200000061994271 -0.07299999908820728 0
0.06200000061994683 -0.07099999911440873 0
0.06200000061995094 -0.0689999991406096 0
0.06200000061995506 -0.0669999991668099 0
0.06200000061995916 -0.06499999919301153 0
0.06200000061996327 -0.06299999921921531 0
0.0620000006199674 -0.06099999924541601 0
0.06200000061997152 -0.05899999927161876 0
0.06200000061997563 -0.0569999992978196 0
0.06200000061997973 -0.05499999932402148 0
0.06200000061998386 -0.05299999935022235 0
0.06200000061998796 -0.05099999937642324 0
0.06200000061999209 -0.04899999940262484 0
0.06200000061999619 -0.04699999942882783 0
0.06200000062000031 -0.04499999945503055 0
0.06200000062000444 -0.04299999948123056 0
0.06200000062000854 -0.04099999950743025 0
0.06200000062001265 -0.03899999953362908 0
0.06200000062001676 -0.03699999955982746 0
0.06200000062002088 -0.03499999958602582 0
0.06200000062002499 -0.03299999961222588 0
0.06200000062002911 -0.03099999963842419 0
0.06200000062003322 -0.02899999966462559 0
0.06200000062003734 -0.02699999969082357 0
0.06200000062004146 -0.0249999997170219 0
0.06200000062004557 -0.02299999974322151 0
0.06200000062004968 -0.02099999976941893 0
0.06200000062005378 -0.0189999997956173 0
0.06200000062005791 -0.01699999982181662 0
0.06200000062006203 -0.01499999984801378 0
0.06200000062006614 -0.01299999987421269 0
0.06200000062007024 -0.01099999990041198 0
0.06200000062007435 -0.008999999926610176 0
0.06200000062007848 -0.00699999995281237 0
0.06200000062008259 -0.004999999979009091 0
0.0620000006200867 -0.00300000000520768 0
0.06200000062009083 -0.001000000031405586 0
0.06200000062009491 0.0009999999423970641 0
0.06200000062009905 0.002999999916197638 0
0.06400000063990327 -0.09299999882619812 0
0.06400000063990721 -0.09099999885239911 0
0.06400000063991118 -0.08899999887859962 0
0.06400000063991512 -0.08699999890479858 0
0.06400000063991909 -0.08499999893099885 0
0.06400000063992303 -0.0829999989571992 0
0.06400000063992697 -0.08099999898340249 0
0.06400000063993096 -0.07899999900960632 0
0.06400000063993491 -0.07699999903580763 0
0.06400000063993885 -0.07499999906200901 0
0.06400000063994282 -0.07299999908820942 0
0.06400000063994676 -0.07099999911441103 0
0.06400000063995073 -0.0689999991406121 0
0.06400000063995467 -0.06699999916681264 0
0.06400000063995864 -0.06499999919301444 0
0.06400000063996258 -0.06299999921921857 0
0.06400000063996655 -0.0609999992454195 0
0.06400000063997052 -0.05899999927162233 0
0.06400000063997446 -0.05699999929782337 0
0.06400000063997843 -0.05499999932402542 0
0.06400000063998237 -0.05299999935022651 0
0.06400000063998632 -0.05099999937642759 0
0.06400000063999028 -0.04899999940262943 0
0.06400000063999425 -0.04699999942883273 0
0.06400000063999819 -0.04499999945503563 0
0.06400000064000216 -0.04299999948123542 0
0.06400000064000613 -0.04099999950743484 0
0.06400000064001007 -0.03899999953363344 0
0.06400000064001402 -0.03699999955983162 0
0.06400000064001798 -0.03499999958602976 0
0.06400000064002193 -0.03299999961222967 0
0.06400000064002589 -0.03099999963842778 0
0.06400000064002984 -0.02899999966462906 0
0.06400000064003381 -0.02699999969082682 0
0.06400000064003777 -0.0249999997170249 0
0.06400000064004172 -0.02299999974322432 0
0.06400000064004566 -0.02099999976942152 0
0.06400000064004963 -0.01899999979561968 0
0.06400000064005359 -0.01699999982181882 0
0.06400000064005754 -0.01499999984801573 0
0.06400000064006151 -0.01299999987421445 0
0.06400000064006545 -0.01099999990041352 0
0.06400000064006942 -0.008999999926611407 0
0.06400000064007336 -0.006999999952813529 0
0.06400000064007733 -0.004999999979010025 0
0.06400000064008129 -0.003000000005208468 0
0.06400000064008524 -0.001000000031406197 0
0.06400000064008918 0.0009999999423966946 0
0.06400000064009315 0.00299999991619743 0
0.06600000065991285 -0.09299999882619825 0
0.06600000065991653 -0.0909999988523994 0
0.06600000065992016 -0.08899999887860012 0
0.06600000065992384 -0.08699999890479923 0
0.06600000065992746 -0.08499999893099962 0
0.06600000065993117 -0.08299999895720024 0
0.06600000065993479 -0.08099999898340364 0
0.06600000065993847 -0.0789999990096078 0
0.06600000065994212 -0.07699999903580933 0
0.06600000065994577 -0.07499999906201089 0
0.06600000065994942 -0.07299999908821153 0
0.0660000006599531 -0.07099999911441332 0
0.06600000065995672 -0.06899999914061461 0
0.06600000065996038 -0.06699999916681539 0
0.06600000065996404 -0.06499999919301735 0
0.06600000065996771 -0.06299999921922182 0
0.06600000065997136 -0.06099999924542295 0
0.06600000065997501 -0.05899999927162592 0
0.06600000065997869 -0.05699999929782718 0
0.06600000065998235 -0.05499999932402937 0
0.066000000659986 -0.05299999935023064 0
0.06600000065998965 -0.05099999937643194 0
0.06600000065999331 -0.048999999402634 0
0.06600000065999698 -0.04699999942883758 0
0.06600000066000061 -0.04499999945504073 0
0.06600000066000426 -0.0429999994812403 0
0.06600000066000791 -0.04099999950743943 0
0.06600000066001158 -0.03899999953363779 0
0.06600000066001523 -0.03699999955983577 0
0.06600000066001889 -0.0349999995860337 0
0.06600000066002257 -0.03299999961223346 0
0.06600000066002622 -0.03099999963843134 0
0.06600000066002987 -0.02899999966463252 0
0.06600000066003352 -0.02699999969083006 0
0.06600000066003715 -0.02499999971702789 0
0.06600000066004082 -0.02299999974322715 0
0.06600000066004449 -0.0209999997694241 0
0.06600000066004816 -0.01899999979562206 0
0.06600000066005178 -0.01699999982182102 0
0.06600000066005544 -0.01499999984801768 0
0.06600000066005911 -0.01299999987421621 0
0.06600000066006277 -0.01099999990041507 0
0.06600000066006642 -0.008999999926612651 0
0.06600000066007009 -0.006999999952814685 0
0.06600000066007373 -0.004999999979010955 0
0.06600000066007741 -0.003000000005209257 0
0.06600000066008103 -0.001000000031406807 0
0.0660000006600847 0.0009999999423963234 0
0.06600000066008833 0.00299999991619722 0
0.06800000067991459 -0.0929999988261984 0
0.06800000067991811 -0.09099999885239969 0
0.06800000067992164 -0.08899999887860068 0
0.06800000067992515 -0.0869999989047999 0
0.06800000067992866 -0.08499999893100044 0
0.06800000067993218 -0.0829999989572013 0
0.0680000006799357 -0.08099999898340476 0
0.06800000067993925 -0.0789999990096093 0
0.06800000067994275 -0.07699999903581102 0
0.06800000067994627 -0.0749999990620128 0
0.0680000006799498 -0.07299999908821365 0
0.06800000067995332 -0.0709999991144156 0
0.06800000067995685 -0.06899999914061712 0
0.06800000067996034 -0.06699999916681812 0
0.06800000067996385 -0.06499999919302027 0
0.06800000067996739 -0.06299999921922507 0
0.0680000006799709 -0.06099999924542642 0
0.06800000067997443 -0.0589999992716295 0
0.06800000067997794 -0.05699999929783094 0
0.06800000067998146 -0.05499999932403329 0
0.06800000067998499 -0.0529999993502348 0
0.06800000067998851 -0.0509999993764363 0
0.06800000067999201 -0.0489999994026386 0
0.06800000067999554 -0.04699999942884245 0
0.06800000067999906 -0.04499999945504581 0
0.06800000068000259 -0.04299999948124515 0
0.06800000068000611 -0.04099999950744402 0
0.06800000068000964 -0.03899999953364214 0
0.06800000068001313 -0.03699999955983992 0
0.06800000068001666 -0.03499999958603764 0
0.06800000068002018 -0.03299999961223724 0
0.06800000068002368 -0.03099999963843491 0
0.06800000068002721 -0.02899999966463599 0
0.06800000068003072 -0.02699999969083331 0
0.06800000068003424 -0.02499999971703088 0
0.06800000068003778 -0.02299999974322998 0
0.06800000068004128 -0.02099999976942668 0
0.06800000068004482 -0.01899999979562444 0
0.06800000068004833 -0.01699999982182322 0
0.06800000068005184 -0.01499999984801963 0
0.06800000068005538 -0.01299999987421798 0
0.06800000068005886 -0.01099999990041661 0
0.0680000006800624 -0.008999999926613893 0
0.06800000068006591 -0.00699999995281584 0
0.06800000068006942 -0.00499999997901189 0
0.06800000068007296 -0.003000000005210044 0
0.06800000068007646 -0.001000000031407417 0
0.06800000068008 0.0009999999423959528 0
0.06800000068008352 0.002999999916197012 0
0.07000000069992182 -0.09299999882619854 0
0.07000000069992503 -0.09099999885239997 0
0.07000000069992822 -0.08899999887860117 0
0.07000000069993144 -0.08699999890480058 0
0.07000000069993466 -0.08499999893100126 0
0.07000000069993788 -0.08299999895720235 0
0.07000000069994107 -0.08099999898340587 0
0.07000000069994428 -0.07899999900961081 0
0.07000000069994751 -0.0769999990358127 0
0.07000000069995072 -0.07499999906201464 0
0.07000000069995393 -0.07299999908821576 0
0.07000000069995713 -0.07099999911441793 0
0.07000000069996035 -0.06899999914061965 0
0.07000000069996355 -0.06699999916682089 0
0.07000000069996677 -0.06499999919302318 0
0.07000000069996996 -0.0629999992192283 0
0.07000000069997318 -0.06099999924542989 0
0.0700000006999764 -0.05899999927163306 0
0.07000000069997959 -0.05699999929783475 0
0.07000000069998281 -0.05499999932403725 0
0.07000000069998601 -0.05299999935023895 0
0.07000000069998923 -0.05099999937644067 0
0.07000000069999245 -0.0489999994026432 0
0.07000000069999565 -0.04699999942884733 0
0.07000000069999887 -0.04499999945505092 0
0.07000000070000205 -0.04299999948125004 0
0.07000000070000527 -0.04099999950744861 0
0.07000000070000849 -0.03899999953364651 0
0.07000000070001171 -0.03699999955984407 0
0.0700000007000149 -0.03499999958604159 0
0.07000000070001812 -0.03299999961224105 0
0.07000000070002134 -0.0309999996384385 0
0.07000000070002453 -0.02899999966463946 0
0.07000000070002775 -0.02699999969083655 0
0.07000000070003097 -0.02499999971703388 0
0.07000000070003416 -0.0229999997432328 0
0.0700000007000374 -0.02099999976942928 0
0.0700000007000406 -0.01899999979562682 0
0.07000000070004378 -0.01699999982182542 0
0.07000000070004701 -0.01499999984802159 0
0.07000000070005023 -0.01299999987421974 0
0.07000000070005342 -0.01099999990041815 0
0.07000000070005664 -0.008999999926615135 0
0.07000000070005986 -0.006999999952816999 0
0.07000000070006306 -0.004999999979012822 0
0.07000000070006629 -0.003000000005210831 0
0.0700000007000695 -0.001000000031408026 0
0.07000000070007271 0.0009999999423955825 0
0.07000000070007588 0.002999999916196802 0
0.07200000071992814 -0.09299999882619864 0
0.07200000071993112 -0.09099999885240025 0
0.07200000071993415 -0.08899999887860173 0
0.07200000071993709 -0.08699999890480124 0
0.0720000007199401 -0.08499999893100203 0
0.07200000071994307 -0.08299999895720339 0
0.07200000071994606 -0.08099999898340703 0
0.07200000071994905 -0.07899999900961227 0
0.07200000071995201 -0.07699999903581435 0
0.07200000071995501 -0.0749999990620165 0
0.07200000071995802 -0.07299999908821789 0
0.07200000071996097 -0.0709999991144202 0
0.07200000071996399 -0.06899999914062213 0
0.07200000071996697 -0.0669999991668236 0
0.07200000071996994 -0.06499999919302607 0
0.07200000071997294 -0.06299999921923155 0
0.07200000071997591 -0.06099999924543336 0
0.0720000007199789 -0.05899999927163665 0
0.0720000007199819 -0.05699999929783853 0
0.07200000071998487 -0.0549999993240412 0
0.07200000071998787 -0.05299999935024311 0
0.07200000071999084 -0.05099999937644503 0
0.07200000071999385 -0.04899999940264777 0
0.07200000071999685 -0.0469999994288522 0
0.07200000071999982 -0.044999999455056 0
0.07200000072000277 -0.04299999948125489 0
0.07200000072000577 -0.0409999995074532 0
0.07200000072000878 -0.03899999953365087 0
0.07200000072001177 -0.03699999955984822 0
0.07200000072001474 -0.03499999958604553 0
0.07200000072001771 -0.03299999961224483 0
0.0720000007200207 -0.03099999963844208 0
0.07200000072002372 -0.02899999966464292 0
0.07200000072002671 -0.0269999996908398 0
0.07200000072002967 -0.02499999971703687 0
0.07200000072003267 -0.02299999974323563 0
0.07200000072003564 -0.02099999976943186 0
0.07200000072003863 -0.0189999997956292 0
0.07200000072004162 -0.01699999982182762 0
0.07200000072004457 -0.01499999984802355 0
0.07200000072004759 -0.0129999998742215 0
0.07200000072005057 -0.01099999990041969 0
0.07200000072005358 -0.008999999926616375 0
0.07200000072005655 -0.006999999952818152 0
0.07200000072005955 -0.004999999979013754 0
0.0720000007200625 -0.003000000005211619 0
0.0720000007200655 -0.001000000031408637 0
0.07200000072006851 0.0009999999423952121 0
0.07200000072007144 0.002999999916196593 0
0.07400000073993088 -0.09299999882619882 0
0.07400000073993374 -0.09099999885240052 0
0.07400000073993658 -0.08899999887860222 0
0.07400000073993945 -0.0869999989048019 0
0.07400000073994228 -0.08499999893100284 0
0.07400000073994516 -0.08299999895720443 0
0.074000000739948 -0.08099999898340818 0
0.07400000073995086 -0.07899999900961374 0
0.07400000073995375 -0.07699999903581609 0
0.07400000073995658 -0.07499999906201839 0
0.07400000073995944 -0.07299999908822004 0
0.0740000007399623 -0.07099999911442248 0
0.07400000073996515 -0.06899999914062464 0
0.07400000073996801 -0.06699999916682635 0
0.07400000073997087 -0.06499999919302901 0
0.07400000073997373 -0.06299999921923481 0
0.07400000073997659 -0.06099999924543682 0
0.07400000073997945 -0.05899999927164023 0
0.07400000073998231 -0.05699999929784232 0
0.07400000073998517 -0.05499999932404514 0
0.07400000073998803 -0.05299999935024725 0
0.07400000073999088 -0.05099999937644939 0
0.07400000073999374 -0.04899999940265238 0
0.0740000007399966 -0.04699999942885706 0
0.07400000073999943 -0.04499999945506108 0
0.07400000074000229 -0.04299999948125977 0
0.07400000074000515 -0.04099999950745779 0
0.07400000074000801 -0.03899999953365522 0
0.07400000074001087 -0.03699999955985236 0
0.07400000074001373 -0.03499999958604946 0
0.07400000074001659 -0.03299999961224861 0
0.07400000074001944 -0.03099999963844566 0
0.0740000007400223 -0.0289999996646464 0
0.07400000074002516 -0.02699999969084305 0
0.07400000074002802 -0.02499999971703987 0
0.07400000074003088 -0.02299999974323846 0
0.07400000074003374 -0.02099999976943445 0
0.0740000007400366 -0.01899999979563158 0
0.07400000074003946 -0.01699999982182983 0
0.07400000074004227 -0.0149999998480255 0
0.07400000074004516 -0.01299999987422327 0
0.07400000074004801 -0.01099999990042123 0
0.07400000074005089 -0.008999999926617618 0
0.07400000074005372 -0.006999999952819309 0
0.0740000007400566 -0.004999999979014685 0
0.07400000074005943 -0.003000000005212408 0
0.0740000007400623 -0.001000000031409246 0
0.07400000074006516 0.0009999999423948422 0
0.07400000074006802 0.002999999916196384 0
0.07600000075994058 -0.09299999882619892 0
0.07600000075994309 -0.09099999885240082 0
0.07600000075994556 -0.08899999887860276 0
0.07600000075994806 -0.08699999890480255 0
0.0760000007599505 -0.08499999893100367 0
0.07600000075995296 -0.08299999895720547 0
0.07600000075995546 -0.08099999898340929 0
0.07600000075995796 -0.07899999900961524 0
0.07600000075996041 -0.07699999903581774 0
0.07600000075996288 -0.07499999906202028 0
0.07600000075996535 -0.07299999908822213 0
0.07600000075996782 -0.07099999911442482 0
0.07600000075997032 -0.06899999914062714 0
0.07600000075997279 -0.06699999916682911 0
0.07600000075997526 -0.06499999919303191 0
0.07600000075997776 -0.06299999921923802 0
0.0760000007599802 -0.06099999924544031 0
0.0760000007599827 -0.0589999992716438 0
0.07600000075998517 -0.05699999929784612 0
0.07600000075998764 -0.05499999932404908 0
0.07600000075999011 -0.05299999935025141 0
0.07600000075999258 -0.05099999937645374 0
0.07600000075999505 -0.04899999940265696 0
0.07600000075999752 -0.04699999942886192 0
0.07600000075999999 -0.04499999945506619 0
0.07600000076000249 -0.04299999948126464 0
0.07600000076000496 -0.04099999950746237 0
0.07600000076000743 -0.03899999953365958 0
0.07600000076000993 -0.03699999955985653 0
0.07600000076001237 -0.0349999995860534 0
0.07600000076001487 -0.0329999996122524 0
0.07600000076001734 -0.03099999963844923 0
0.07600000076001981 -0.02899999966464985 0
0.07600000076002228 -0.0269999996908463 0
0.07600000076002475 -0.02499999971704286 0
0.07600000076002725 -0.02299999974324128 0
0.07600000076002972 -0.02099999976943703 0
0.07600000076003219 -0.01899999979563396 0
0.07600000076003466 -0.01699999982183203 0
0.07600000076003713 -0.01499999984802746 0
0.07600000076003963 -0.01299999987422503 0
0.07600000076004207 -0.01099999990042277 0
0.07600000076004455 -0.008999999926618856 0
0.07600000076004702 -0.006999999952820467 0
0.07600000076004951 -0.004999999979015618 0
0.07600000076005201 -0.003000000005213195 0
0.07600000076005445 -0.001000000031409857 0
0.07600000076005696 0.000999999942394472 0
0.0760000007600594 0.002999999916196176 0
0.07800000077994333 -0.0929999988261991 0
0.07800000077994571 -0.09099999885240109 0
0.07800000077994804 -0.08899999887860328 0
0.07800000077995035 -0.0869999989048032 0
0.07800000077995273 -0.08499999893100448 0
0.07800000077995507 -0.08299999895720651 0
0.07800000077995743 -0.08099999898341043 0
0.07800000077995978 -0.07899999900961675 0
0.07800000077996211 -0.07699999903581939 0
0.07800000077996445 -0.07499999906202215 0
0.0780000007799668 -0.07299999908822426 0
0.07800000077996914 -0.07099999911442709 0
0.07800000077997149 -0.06899999914062964 0
0.07800000077997384 -0.06699999916683184 0
0.07800000077997618 -0.06499999919303484 0
0.07800000077997857 -0.06299999921924131 0
0.0780000007799809 -0.06099999924544378 0
0.07800000077998323 -0.05899999927164739 0
0.07800000077998559 -0.0569999992978499 0
0.07800000077998792 -0.05499999932405302 0
0.07800000077999025 -0.05299999935025555 0
0.07800000077999261 -0.05099999937645809 0
0.07800000077999497 -0.04899999940266155 0
0.0780000007799973 -0.04699999942886679 0
0.07800000077999966 -0.04499999945507126 0
0.07800000078000199 -0.04299999948126949 0
0.07800000078000435 -0.04099999950746696 0
0.07800000078000668 -0.03899999953366393 0
0.07800000078000904 -0.03699999955986066 0
0.0780000007800114 -0.03499999958605736 0
0.07800000078001372 -0.03299999961225621 0
0.07800000078001607 -0.03099999963845283 0
0.07800000078001842 -0.02899999966465333 0
0.07800000078002077 -0.02699999969084954 0
0.07800000078002312 -0.02499999971704585 0
0.07800000078002543 -0.02299999974324411 0
0.07800000078002781 -0.02099999976943962 0
0.07800000078003015 -0.01899999979563633 0
0.0780000007800325 -0.01699999982183423 0
0.07800000078003483 -0.0149999998480294 0
0.07800000078003717 -0.01299999987422679 0
0.07800000078003953 -0.01099999990042432 0
0.07800000078004188 -0.008999999926620095 0
0.07800000078004421 -0.006999999952821624 0
0.07800000078004658 -0.004999999979016553 0
0.07800000078004893 -0.003000000005213981 0
0.07800000078005126 -0.001000000031410466 0
0.07800000078005362 0.0009999999423941019 0
0.07800000078005598 0.002999999916195966 0
0.08000000079994965 -0.09299999882619921 0
0.08000000079995179 -0.09099999885240137 0
0.08000000079995391 -0.08899999887860377 0
0.08000000079995602 -0.08699999890480387 0
0.08000000079995814 -0.08499999893100524 0
0.08000000079996025 -0.08299999895720757 0
0.08000000079996242 -0.08099999898341154 0
0.0800000007999645 -0.07899999900961822 0
0.08000000079996662 -0.07699999903582112 0
0.08000000079996873 -0.07499999906202401 0
0.08000000079997088 -0.07299999908822637 0
0.08000000079997302 -0.0709999991144294 0
0.0800000007999751 -0.06899999914063216 0
0.08000000079997724 -0.06699999916683461 0
0.08000000079997936 -0.06499999919303773 0
0.08000000079998149 -0.06299999921924451 0
0.08000000079998361 -0.06099999924544722 0
0.08000000079998573 -0.05899999927165094 0
0.08000000079998787 -0.05699999929785367 0
0.08000000079998998 -0.05499999932405696 0
0.08000000079999209 -0.05299999935025972 0
0.08000000079999423 -0.05099999937646246 0
0.08000000079999636 -0.04899999940266615 0
0.08000000079999847 -0.04699999942887166 0
0.08000000080000058 -0.04499999945507637 0
0.08000000080000272 -0.04299999948127439 0
0.08000000080000483 -0.04099999950747156 0
0.08000000080000697 -0.0389999995336683 0
0.08000000080000907 -0.03699999955986483 0
0.08000000080001121 -0.0349999995860613 0
0.08000000080001332 -0.03299999961225997 0
0.08000000080001544 -0.0309999996384564 0
0.08000000080001757 -0.02899999966465679 0
0.08000000080001966 -0.02699999969085279 0
0.08000000080002181 -0.02499999971704885 0
0.08000000080002395 -0.02299999974324693 0
0.08000000080002606 -0.02099999976944221 0
0.08000000080002817 -0.01899999979563871 0
0.08000000080003031 -0.01699999982183643 0
0.08000000080003243 -0.01499999984803136 0
0.08000000080003454 -0.01299999987422855 0
0.08000000080003665 -0.01099999990042586 0
0.08000000080003879 -0.008999999926621339 0
0.08000000080004091 -0.006999999952822778 0
0.08000000080004305 -0.004999999979017483 0
0.08000000080004516 -0.003000000005214768 0
0.08000000080004725 -0.001000000031411076 0
0.0800000008000494 0.000999999942393732 0
0.08000000080005154 0.002999999916195757 0
0.0820000008199569 -0.09299999882619937 0
0.0820000008199587 -0.09099999885240166 0
0.08200000081996052 -0.08899999887860434 0
0.0820000008199623 -0.0869999989048045 0
0.08200000081996414 -0.08499999893100604 0
0.08200000081996595 -0.08299999895720861 0
0.08200000081996781 -0.08099999898341269 0
0.08200000081996958 -0.07899999900961972 0
0.08200000081997139 -0.07699999903582279 0
0.08200000081997323 -0.07499999906202587 0
0.08200000081997502 -0.07299999908822849 0
0.08200000081997683 -0.07099999911443172 0
0.08200000081997863 -0.06899999914063466 0
0.08200000081998045 -0.0669999991668373 0
0.08200000081998228 -0.06499999919304067 0
0.08200000081998408 -0.0629999992192478 0
0.08200000081998589 -0.06099999924545071 0
0.08200000081998772 -0.05899999927165454 0
0.08200000081998957 -0.05699999929785748 0
0.08200000081999137 -0.0549999993240609 0
0.08200000081999317 -0.05299999935026385 0
0.08200000081999499 -0.05099999937646682 0
0.08200000081999678 -0.04899999940267073 0
0.08200000081999859 -0.04699999942887653 0
0.08200000082000042 -0.04499999945508145 0
0.08200000082000221 -0.04299999948127924 0
0.08200000082000404 -0.04099999950747615 0
0.08200000082000586 -0.03899999953367266 0
0.08200000082000766 -0.03699999955986897 0
0.08200000082000949 -0.03499999958606524 0
0.0820000008200113 -0.03299999961226377 0
0.08200000082001309 -0.03099999963845998 0
0.08200000082001493 -0.02899999966466027 0
0.08200000082001674 -0.02699999969085604 0
0.08200000082001853 -0.02499999971705185 0
0.08200000082002037 -0.02299999974324976 0
0.08200000082002218 -0.02099999976944479 0
0.08200000082002397 -0.0189999997956411 0
0.0820000008200258 -0.01699999982183863 0
0.08200000082002762 -0.01499999984803332 0
0.08200000082002941 -0.01299999987423032 0
0.08200000082003124 -0.0109999999004274 0
0.08200000082003309 -0.008999999926622581 0
0.08200000082003486 -0.006999999952823938 0
0.08200000082003668 -0.004999999979018416 0
0.08200000082003849 -0.003000000005215557 0
0.0820000008200403 -0.001000000031411686 0
0.08200000082004212 0.0009999999423933605 0
0.08200000082004393 0.002999999916195548 0
0.08400000083995861 -0.09299999882619947 0
0.0840000008399603 -0.09099999885240197 0
0.08400000083996198 -0.08899999887860484 0
0.08400000083996365 -0.08699999890480517 0
0.08400000083996531 -0.08499999893100685 0
0.08400000083996702 -0.08299999895720966 0
0.08400000083996868 -0.08099999898341381 0
0.08400000083997036 -0.07899999900962122 0
0.08400000083997204 -0.07699999903582444 0
0.08400000083997372 -0.07499999906202778 0
0.08400000083997539 -0.07299999908823063 0
0.08400000083997708 -0.070999999114434 0
0.08400000083997874 -0.06899999914063719 0
0.08400000083998044 -0.0669999991668401 0
0.08400000083998209 -0.06499999919304354 0
0.08400000083998375 -0.06299999921925101 0
0.08400000083998543 -0.06099999924545416 0
0.08400000083998713 -0.05899999927165812 0
0.08400000083998879 -0.05699999929786126 0
0.08400000083999046 -0.05499999932406485 0
0.08400000083999215 -0.05299999935026801 0
0.08400000083999382 -0.05099999937647117 0
0.08400000083999551 -0.04899999940267533 0
0.08400000083999717 -0.04699999942888141 0
0.08400000083999884 -0.04499999945508654 0
0.08400000084000053 -0.04299999948128411 0
0.08400000084000223 -0.04099999950748074 0
0.08400000084000389 -0.03899999953367702 0
0.08400000084000556 -0.03699999955987312 0
0.08400000084000724 -0.03499999958606919 0
0.08400000084000891 -0.03299999961226755 0
0.08400000084001058 -0.03099999963846357 0
0.08400000084001227 -0.02899999966466374 0
0.08400000084001394 -0.02699999969085928 0
0.0840000008400156 -0.02499999971705484 0
0.08400000084001727 -0.02299999974325258 0
0.08400000084001895 -0.02099999976944738 0
0.08400000084002066 -0.01899999979564347 0
0.08400000084002232 -0.01699999982184084 0
0.08400000084002399 -0.01499999984803528 0
0.08400000084002567 -0.01299999987423209 0
0.08400000084002733 -0.01099999990042894 0
0.08400000084002904 -0.008999999926623821 0
0.08400000084003069 -0.006999999952825094 0
0.08400000084003237 -0.004999999979019348 0
0.08400000084003402 -0.003000000005216346 0
0.08400000084003571 -0.001000000031412297 0
0.08400000084003741 0.0009999999423929906 0
0.08400000084003909 0.00299999991619534 0
0.0860000008599682 -0.09299999882619965 0
0.08600000085996952 -0.09099999885240223 0
0.08600000085997085 -0.08899999887860537 0
0.08600000085997217 -0.08699999890480584 0
0.08600000085997347 -0.08499999893100765 0
0.08600000085997483 -0.08299999895721073 0
0.08600000085997617 -0.08099999898341496 0
0.08600000085997747 -0.07899999900962268 0
0.08600000085997878 -0.07699999903582613 0
0.08600000085998014 -0.07499999906202964 0
0.08600000085998147 -0.07299999908823275 0
0.0860000008599828 -0.07099999911443632 0
0.08600000085998408 -0.06899999914063969 0
0.08600000085998542 -0.06699999916684281 0
0.08600000085998677 -0.06499999919304651 0
0.08600000085998807 -0.06299999921925427 0
0.08600000085998941 -0.06099999924545765 0
0.08600000085999074 -0.0589999992716617 0
0.08600000085999207 -0.05699999929786506 0
0.0860000008599934 -0.05499999932406877 0
0.08600000085999471 -0.05299999935027216 0
0.08600000085999604 -0.05099999937647554 0
0.08600000085999734 -0.04899999940267992 0
0.08600000085999868 -0.04699999942888625 0
0.08600000086000001 -0.04499999945509164 0
0.08600000086000134 -0.04299999948128898 0
0.08600000086000267 -0.04099999950748532 0
0.08600000086000401 -0.03899999953368138 0
0.08600000086000534 -0.03699999955987728 0
0.08600000086000666 -0.03499999958607315 0
0.08600000086000797 -0.03299999961227135 0
0.08600000086000929 -0.03099999963846714 0
0.08600000086001061 -0.0289999996646672 0
0.08600000086001194 -0.02699999969086253 0
0.08600000086001328 -0.02499999971705783 0
0.08600000086001461 -0.02299999974325541 0
0.08600000086001594 -0.02099999976944996 0
0.08600000086001727 -0.01899999979564585 0
0.08600000086001858 -0.01699999982184304 0
0.08600000086001988 -0.01499999984803723 0
0.08600000086002123 -0.01299999987423385 0
0.08600000086002253 -0.01099999990043048 0
0.08600000086002388 -0.008999999926625065 0
0.08600000086002521 -0.006999999952826246 0
0.08600000086002653 -0.004999999979020282 0
0.08600000086002788 -0.00300000000521713 0
0.08600000086002919 -0.001000000031412906 0
0.08600000086003051 0.0009999999423926207 0
0.08600000086003183 0.002999999916195129 0
0.0880000008799669 -0.09299999882619975 0
0.08800000087996818 -0.09099999885240251 0
0.08800000087996943 -0.08899999887860589 0
0.08800000087997073 -0.0869999989048065 0
0.08800000087997203 -0.08499999893100844 0
0.08800000087997328 -0.08299999895721179 0
0.08800000087997456 -0.08099999898341609 0
0.08800000087997584 -0.07899999900962419 0
0.08800000087997713 -0.07699999903582784 0
0.08800000087997839 -0.0749999990620315 0
0.08800000087997968 -0.07299999908823485 0
0.08800000087998099 -0.07099999911443859 0
0.08800000087998225 -0.06899999914064218 0
0.08800000087998353 -0.06699999916684557 0
0.0880000008799848 -0.06499999919304938 0
0.08800000087998611 -0.0629999992192575 0
0.08800000087998738 -0.0609999992454611 0
0.08800000087998863 -0.05899999927166528 0
0.08800000087998994 -0.05699999929786883 0
0.08800000087999119 -0.05499999932407272 0
0.08800000087999249 -0.0529999993502763 0
0.08800000087999377 -0.05099999937647989 0
0.08800000087999504 -0.04899999940268451 0
0.08800000087999632 -0.04699999942889113 0
0.0880000008799976 -0.04499999945509672 0
0.08800000087999887 -0.04299999948129384 0
0.08800000088000015 -0.04099999950748991 0
0.08800000088000143 -0.03899999953368573 0
0.0880000008800027 -0.03699999955988143 0
0.08800000088000401 -0.03499999958607708 0
0.08800000088000529 -0.03299999961227514 0
0.08800000088000656 -0.03099999963847071 0
0.08800000088000784 -0.02899999966467066 0
0.08800000088000912 -0.02699999969086577 0
0.08800000088001039 -0.02499999971706083 0
0.08800000088001167 -0.02299999974325824 0
0.08800000088001295 -0.02099999976945255 0
0.08800000088001425 -0.01899999979564824 0
0.0880000008800155 -0.01699999982184523 0
0.08800000088001678 -0.01499999984803918 0
0.08800000088001808 -0.01299999987423561 0
0.08800000088001936 -0.01099999990043202 0
0.08800000088002063 -0.0089999999266263 0
0.08800000088002191 -0.006999999952827405 0
0.0880000008800232 -0.004999999979021215 0
0.08800000088002446 -0.00300000000521792 0
0.08800000088002574 -0.001000000031413517 0
0.08800000088002702 0.0009999999423922509 0
0.0880000008800283 0.002999999916194921 0
0.09000000089997214 -0.09299999882619993 0
0.09000000089997312 -0.09099999885240281 0
0.09000000089997418 -0.08899999887860642 0
0.09000000089997523 -0.0869999989048072 0
0.09000000089997623 -0.08499999893100924 0
0.09000000089997727 -0.08299999895721284 0
0.09000000089997828 -0.0809999989834172 0
0.09000000089997935 -0.07899999900962566 0
0.09000000089998036 -0.07699999903582951 0
0.09000000089998139 -0.07499999906203339 0
0.09000000089998245 -0.07299999908823697 0
0.09000000089998347 -0.07099999911444088 0
0.09000000089998451 -0.06899999914064468 0
0.09000000089998555 -0.06699999916684832 0
0.09000000089998658 -0.06499999919305233 0
0.09000000089998761 -0.06299999921926075 0
0.09000000089998866 -0.06099999924546459 0
0.09000000089998965 -0.05899999927166885 0
0.09000000089999072 -0.05699999929787263 0
0.09000000089999174 -0.05499999932407667 0
0.09000000089999276 -0.05299999935028045 0
0.0900000008999938 -0.05099999937648424 0
0.09000000089999483 -0.04899999940268911 0
0.09000000089999588 -0.04699999942889601 0
0.09000000089999691 -0.04499999945510183 0
0.09000000089999793 -0.04299999948129872 0
0.09000000089999899 -0.04099999950749451 0
0.09000000090000002 -0.03899999953369009 0
0.09000000090000104 -0.03699999955988559 0
0.09000000090000207 -0.03499999958608102 0
0.09000000090000312 -0.03299999961227893 0
0.09000000090000415 -0.0309999996384743 0
0.09000000090000518 -0.02899999966467413 0
0.09000000090000621 -0.02699999969086902 0
0.09000000090000723 -0.02499999971706383 0
0.09000000090000829 -0.02299999974326106 0
0.09000000090000934 -0.02099999976945514 0
0.09000000090001034 -0.01899999979565061 0
0.0900000009000114 -0.01699999982184744 0
0.09000000090001242 -0.01499999984804114 0
0.09000000090001345 -0.01299999987423738 0
0.0900000009000145 -0.01099999990043356 0
0.09000000090001549 -0.008999999926627542 0
0.09000000090001656 -0.00699999995282856 0
0.09000000090001761 -0.004999999979022146 0
0.09000000090001861 -0.003000000005218707 0
0.09000000090001967 -0.001000000031414125 0
0.09000000090002069 0.0009999999423918795 0
0.09000000090002171 0.002999999916194711 0
0.09200000091997988 -0.09299999882620003 0
0.09200000091998063 -0.09099999885240311 0
0.09200000091998137 -0.08899999887860693 0
0.09200000091998216 -0.08699999890480785 0
0.09200000091998291 -0.08499999893101008 0
0.09200000091998367 -0.08299999895721387 0
0.09200000091998442 -0.08099999898341839 0
0.09200000091998518 -0.07899999900962715 0
0.09200000091998593 -0.0769999990358312 0
0.09200000091998668 -0.07499999906203526 0
0.09200000091998743 -0.07299999908823909 0
0.09200000091998822 -0.07099999911444321 0
0.09200000091998899 -0.06899999914064718 0
0.09200000091998976 -0.06699999916685107 0
0.0920000009199905 -0.06499999919305521 0
0.09200000091999126 -0.062999999219264 0
0.092000000919992 -0.06099999924546803 0
0.09200000091999275 -0.05899999927167244 0
0.09200000091999351 -0.05699999929787643 0
0.09200000091999426 -0.05499999932408061 0
0.09200000091999504 -0.05299999935028461 0
0.09200000091999577 -0.05099999937648859 0
0.09200000091999656 -0.04899999940269368 0
0.09200000091999733 -0.04699999942890087 0
0.0920000009199981 -0.0449999994551069 0
0.0920000009199988 -0.04299999948130357 0
0.09200000091999955 -0.04099999950749911 0
0.09200000092000034 -0.03899999953369447 0
0.09200000092000107 -0.03699999955988972 0
0.09200000092000188 -0.03499999958608496 0
0.0920000009200026 -0.03299999961228271 0
0.09200000092000335 -0.03099999963847787 0
0.09200000092000414 -0.02899999966467761 0
0.09200000092000488 -0.02699999969087227 0
0.09200000092000563 -0.02499999971706681 0
0.0920000009200064 -0.02299999974326389 0
0.09200000092000712 -0.02099999976945772 0
0.0920000009200079 -0.01899999979565299 0
0.09200000092000869 -0.01699999982184964 0
0.09200000092000944 -0.01499999984804309 0
0.09200000092001018 -0.01299999987423915 0
0.09200000092001097 -0.0109999999004351 0
0.0920000009200117 -0.008999999926628782 0
0.09200000092001245 -0.006999999952829718 0
0.09200000092001324 -0.004999999979023079 0
0.09200000092001395 -0.003000000005219494 0
0.09200000092001474 -0.001000000031414735 0
0.09200000092001552 0.0009999999423915098 0
0.09200000092001627 0.002999999916194502 0
0.09400000093998112 -0.09299999882620021 0
0.09400000093998179 -0.09099999885240338 0
0.09400000093998245 -0.08899999887860746 0
0.09400000093998309 -0.0869999989048085 0
0.09400000093998376 -0.08499999893101083 0
0.09400000093998444 -0.0829999989572149 0
0.09400000093998509 -0.08099999898341949 0
0.09400000093998576 -0.07899999900962863 0
0.09400000093998638 -0.07699999903583291 0
0.09400000093998706 -0.07499999906203714 0
0.09400000093998773 -0.07299999908824123 0
0.09400000093998837 -0.07099999911444546 0
0.09400000093998902 -0.06899999914064971 0
0.0940000009399897 -0.06699999916685381 0
0.09400000093999038 -0.06499999919305813 0
0.09400000093999103 -0.06299999921926726 0
0.09400000093999165 -0.0609999992454715 0
0.09400000093999233 -0.05899999927167602 0
0.094000000939993 -0.05699999929788022 0
0.09400000093999367 -0.05499999932408456 0
0.0940000009399943 -0.05299999935028878 0
0.09400000093999497 -0.05099999937649296 0
0.09400000093999562 -0.04899999940269829 0
0.09400000093999628 -0.04699999942890573 0
0.09400000093999694 -0.04499999945511201 0
0.09400000093999761 -0.04299999948130846 0
0.09400000093999827 -0.0409999995075037 0
0.09400000093999894 -0.03899999953369881 0
0.09400000093999959 -0.03699999955989389 0
0.09400000094000024 -0.03499999958608891 0
0.09400000094000094 -0.03299999961228652 0
0.09400000094000158 -0.03099999963848145 0
0.09400000094000224 -0.02899999966468107 0
0.09400000094000288 -0.02699999969087551 0
0.09400000094000355 -0.02499999971706981 0
0.09400000094000421 -0.02299999974326671 0
0.09400000094000488 -0.02099999976946032 0
0.09400000094000553 -0.01899999979565537 0
0.09400000094000618 -0.01699999982185184 0
0.09400000094000684 -0.01499999984804505 0
0.09400000094000752 -0.01299999987424091 0
0.09400000094000815 -0.01099999990043665 0
0.09400000094000882 -0.008999999926630026 0
0.09400000094000947 -0.006999999952830877 0
0.09400000094001015 -0.004999999979024011 0
0.09400000094001082 -0.003000000005220282 0
0.09400000094001147 -0.001000000031415347 0
0.09400000094001212 0.0009999999423911396 0
0.09400000094001276 0.002999999916194293 0
0.09600000095999101 -0.0929999988262003 0
0.09600000095999138 -0.09099999885240366 0
0.09600000095999174 -0.08899999887860799 0
0.09600000095999214 -0.08699999890480917 0
0.09600000095999253 -0.08499999893101169 0
0.09600000095999288 -0.08299999895721595 0
0.09600000095999331 -0.08099999898342063 0
0.0960000009599937 -0.07899999900963013 0
0.09600000095999406 -0.07699999903583456 0
0.09600000095999445 -0.074999999062039 0
0.09600000095999484 -0.07299999908824335 0
0.09600000095999522 -0.07099999911444779 0
0.09600000095999561 -0.0689999991406522 0
0.09600000095999602 -0.06699999916685652 0
0.09600000095999642 -0.06499999919306104 0
0.09600000095999678 -0.06299999921927052 0
0.09600000095999714 -0.06099999924547497 0
0.09600000095999753 -0.05899999927167959 0
0.09600000095999794 -0.056999999297884 0
0.09600000095999833 -0.05499999932408849 0
0.09600000095999871 -0.0529999993502929 0
0.09600000095999911 -0.05099999937649732 0
0.09600000095999947 -0.04899999940270287 0
0.09600000095999983 -0.04699999942891061 0
0.09600000096000022 -0.04499999945511709 0
0.09600000096000061 -0.04299999948131331 0
0.096000000960001 -0.04099999950750827 0
0.09600000096000139 -0.03899999953370318 0
0.09600000096000177 -0.03699999955989802 0
0.09600000096000216 -0.03499999958609284 0
0.09600000096000255 -0.03299999961229029 0
0.09600000096000294 -0.03099999963848503 0
0.09600000096000333 -0.02899999966468454 0
0.09600000096000372 -0.02699999969087875 0
0.09600000096000411 -0.02499999971707281 0
0.09600000096000449 -0.02299999974326954 0
0.09600000096000486 -0.0209999997694629 0
0.09600000096000524 -0.01899999979565775 0
0.09600000096000559 -0.01699999982185405 0
0.09600000096000604 -0.014999999848047 0
0.09600000096000638 -0.01299999987424267 0
0.09600000096000677 -0.01099999990043819 0
0.09600000096000716 -0.008999999926631268 0
0.09600000096000755 -0.006999999952832031 0
0.09600000096000794 -0.004999999979024944 0
0.09600000096000832 -0.003000000005221069 0
0.09600000096000871 -0.001000000031415955 0
0.0960000009600091 0.000999999942390768 0
0.09600000096000949 0.002999999916194084 0
0.0980000009799917 -0.09299999882620047 0
0.09800000097999198 -0.09099999885240394 0
0.09800000097999231 -0.08899999887860849 0
0.09800000097999259 -0.08699999890480983 0
0.09800000097999287 -0.08499999893101245 0
0.09800000097999317 -0.08299999895721701 0
0.09800000097999348 -0.08099999898342175 0
0.09800000097999378 -0.07899999900963163 0
0.09800000097999409 -0.07699999903583626 0
0.09800000097999437 -0.07499999906204087 0
0.09800000097999464 -0.07299999908824546 0
0.09800000097999498 -0.07099999911445008 0
0.09800000097999526 -0.06899999914065473 0
0.09800000097999559 -0.06699999916685929 0
0.09800000097999585 -0.06499999919306397 0
0.09800000097999614 -0.06299999921927371 0
0.09800000097999645 -0.06099999924547844 0
0.09800000097999675 -0.05899999927168318 0
0.09800000097999706 -0.05699999929788779 0
0.09800000097999736 -0.05499999932409243 0
0.09800000097999764 -0.05299999935029708 0
0.09800000097999795 -0.05099999937650168 0
0.09800000097999825 -0.04899999940270745 0
0.09800000097999857 -0.04699999942891547 0
0.09800000097999884 -0.0449999994551222 0
0.09800000097999911 -0.04299999948131818 0
0.09800000097999945 -0.04099999950751287 0
0.09800000097999972 -0.03899999953370754 0
0.09800000098000003 -0.03699999955990218 0
0.09800000098000033 -0.03499999958609679 0
0.09800000098000064 -0.03299999961229409 0
0.09800000098000092 -0.0309999996384886 0
0.09800000098000122 -0.02899999966468801 0
0.0980000009800015 -0.02699999969088201 0
0.09800000098000181 -0.0249999997170758 0
0.09800000098000211 -0.02299999974327236 0
0.0980000009800024 -0.02099999976946549 0
0.09800000098000272 -0.01899999979566013 0
0.098000000980003 -0.01699999982185625 0
0.09800000098000333 -0.01499999984804896 0
0.09800000098000361 -0.01299999987424444 0
0.09800000098000392 -0.01099999990043973 0
0.09800000098000421 -0.008999999926632508 0
0.0980000009800045 -0.006999999952833185 0
0.0980000009800048 -0.004999999979025877 0
0.09800000098000511 -0.003000000005221857 0
0.09800000098000537 -0.001000000031416566 0
0.09800000098000569 0.0009999999423903987 0
0.098000000980006 0.002999999916193875 0
$EndNodes
$Elements
9 5204 1 5204
0 1 15 1
1 1 
0 2 15 1
2 2 
0 3 15 1
3 3 
0 4 15 1
4 4 
1 1 1 50
5 1 5 
6 5 6 
7 6 7 
8 7 8 
9 8 9 
10 9 10 
11 10 11 
12 11 12 
13 12 13 
14 13 14 
15 14 15 
16 15 16 
17 16 17 
18 17 18 
19 18 19 
20 19 20 
21 20 21 
22 21 22 
23 22 23 
24 23 24 
25 24 25 
26 25 26 
27 26 27 
28 27 28 
29 28 29 
30 29 30 
31 30 31 
32 31 32 
33 32 33 
34 33 34 
35 34 35 
36 35 36 
37 36 37 
38 37 38 
39 38 39 
40 39 40 
41 40 41 
42 41 42 
43 42 43 
44 43 44 
45 44 45 
46 45 46 
47 46 47 
48 47 48 
49 48 49 
50 49 50 
51 50 51 
52 51 52 
53 52 53 
54 53 2 
1 2 1 50
55 2 54 
56 54 55 
57 55 56 
58 56 57 
59 57 58 
60 58 59 
61 59 60 
62 60 61 
63 61 62 
64 62 63 
65 63 64 
66 64 65 
67 65 66 
68 66 67 
69 67 68 
70 68 69 
71 69 70 
72 70 71 
73 71 72 
74 72 73 
75 73 74 
76 74 75 
77 75 76 
78 76 77 
79 77 78 
80 78 79 
81 79 80 
82 80 81 
83 81 82 
84 82 83 
85 83 84 
86 84 85 
87 85 86 
88 86 87 
89 87 88 
90 88 89 
91 89 90 
92 90 91 
93 91 92 
94 92 93 
95 93 94 
96 94 95 
97 95 96 
98 96 97 
99 97 98 
100 98 99 
101 99 100 
102 100 101 
103 101 102 
104 102 3 
1 3 1 50
105 3 103 
106 103 104 
107 104 105 
108 105 106 
109 106 107 
110 107 108 
111 108 109 
112 109 110 
113 110 111 
114 111 112 
115 112 113 
116 113 114 
117 114 115 
118 115 116 
119 116 117 
120 117 118 
121 118 119 
122 119 120 
123 120 121 
124 121 122 
125 122 123 
126 123 124 
127 124 125 
128 125 126 
129 126 127 
130 127 128 
131 128 129 
132 129 130 
133 130 131 
134 131 132 
135 132 133 
136 133 134 
137 134 135 
138 135 136 
139 136 137 
140 137 138 
141 138 139 
142 139 140 
143 140 141 
144 141 142 
145 142 143 
146 143 144 
147 144 145 
148 145 146 
149 146 147 
150 147 148 
151 148 149 
152 149 150 
153 150 151 
154 151 4 
1 4 1 50
155 4 152 
156 152 153 
157 153 154 
158 154 155 
159 155 156 
160 156 157 
161 157 158 
162 158 159 
163 159 160 
164 160 161 
165 161 162 
166 162 163 
167 163 164 
168 164 165 
169 165 166 
170 166 167 
171 167 168 
172 168 169 
173 169 170 
174 170 171 
175 171 172 
176 172 173 
177 173 174 
178 174 175 
179 175 176 
180 176 177 
181 177 178 
182 178 179 
183 179 180 
184 180 181 
185 181 182 
186 182 183 
187 183 184 
188 184 185 
189 185 186 
190 186 187 
191 187 188 
192 188 189 
193 189 190 
194 190 191 
195 191 192 
196 192 193 
197 193 194 
198 194 195 
199 195 196 
200 196 197 
201 197 198 
202 198 199 
203 199 200 
204 200 1 
2 1 2 5000
205 1 5 200 
206 200 5 201 
207 200 201 199 
208 199 201 202 
209 199 202 198 
210 198 202 203 
211 198 203 197 
212 197 203 204 
213 197 204 196 
214 196 204 205 
215 196 205 195 
216 195 205 206 
217 195 206 194 
218 194 206 207 
219 194 207 193 
220 193 207 208 
221 193 208 192 
222 192 208 209 
223 192 209 191 
224 191 209 210 
225 191 210 190 
226 190 210 211 
227 190 211 189 
228 189 211 212 
229 189 212 188 
230 188 212 213 
231 188 213 187 
232 187 213 214 
233 187 214 186 
234 186 214 215 
235 186 215 185 
236 185 215 216 
237 185 216 184 
238 184 216 217 
239 184 217 183 
240 183 217 218 
241 183 218 182 
242 182 218 219 
243 182 219 181 
244 181 219 220 
245 181 220 180 
246 180 220 221 
247 180 221 179 
248 179 221 222 
249 179 222 178 
250 178 222 223 
251 178 223 177 
252 177 223 224 
253 177 224 176 
254 176 224 225 
255 176 225 175 
256 175 225 226 
257 175 226 174 
258 174 226 227 
259 174 227 173 
260 173 227 228 
261 173 228 172 
262 172 228 229 
263 172 229 171 
264 171 229 230 
265 171 230 170 
266 170 230 231 
267 170 231 169 
268 169 231 232 
269 169 232 168 
270 168 232 233 
271 168 233 167 
272 167 233 234 
273 167 234 166 
274 166 234 235 
275 166 235 165 
276 165 235 236 
277 165 236 164 
278 164 236 237 
279 164 237 163 
280 163 237 238 
281 163 238 162 
282 162 238 239 
283 162 239 161 
284 161 239 240 
285 161 240 160 
286 160 240 241 
287 160 241 159 
288 159 241 242 
289 159 242 158 
290 158 242 243 
291 158 243 157 
292 157 243 244 
293 157 244 156 
294 156 244 245 
295 156 245 155 
296 155 245 246 
297 155 246 154 
298 154 246 247 
299 154 247 153 
300 153 247 248 
301 153 248 152 
302 152 248 249 
303 152 249 4 
304 4 249 151 
305 5 6 201 
306 201 6 250 
307 201 250 202 
308 202 250 251 
309 202 251 203 
310 203 251 252 
311 203 252 204 
312 204 252 253 
313 204 253 205 
314 205 253 254 
315 205 254 206 
316 206 254 255 
317 206 255 207 
318 207 255 256 
319 207 256 208 
320 208 256 257 
321 208 257 209 
322 209 257 258 
323 209 258 210 
324 210 258 259 
325 210 259 211 
326 211 259 260 
327 211 260 212 
328 212 260 261 
329 212 261 213 
330 213 261 262 
331 213 262 214 
332 214 262 263 
333 214 263 215 
334 215 263 264 
335 215 264 216 
336 216 264 265 
337 216 265 217 
338 217 265 266 
339 217 266 218 
340 218 266 267 
341 218 267 219 
342 219 267 268 
343 219 268 220 
344 220 268 269 
345 220 269 221 
346 221 269 270 
347 221 270 222 
348 222 270 271 
349 222 271 223 
350 223 271 272 
351 223 272 224 
352 224 272 273 
353 224 273 225 
354 225 273 274 
355 225 274 226 
356 226 274 275 
357 226 275 227 
358 227 275 276 
359 227 276 228 
360 228 276 277 
361 228 277 229 
362 229 277 278 
363 229 278 230 
364 230 278 279 
365 230 279 231 
366 231 279 280 
367 231 280 232 
368 232 280 281 
369 232 281 233 
370 233 281 282 
371 233 282 234 
372 234 282 283 
373 234 283 235 
374 235 283 284 
375 235 284 236 
376 236 284 285 
377 236 285 237 
378 237 285 286 
379 237 286 238 
380 238 286 287 
381 238 287 239 
382 239 287 288 
383 239 288 240 
384 240 288 289 
385 240 289 241 
386 241 289 290 
387 241 290 242 
388 242 290 291 
389 242 291 243 
390 243 291 292 
391 243 292 244 
392 244 292 293 
393 244 293 245 
394 245 293 294 
395 245 294 246 
396 246 294 295 
397 246 295 247 
398 247 295 296 
399 247 296 248 
400 248 296 297 
401 248 297 249 
402 249 297 298 
403 249 298 151 
404 151 298 150 
405 6 7 250 
406 250 7 299 
407 250 299 251 
408 251 299 300 
409 251 300 252 
410 252 300 301 
411 252 301 253 
412 253 301 302 
413 253 302 254 
414 254 302 303 
415 254 303 255 
416 255 303 304 
417 255 304 256 
418 256 304 305 
419 256 305 257 
420 257 305 306 
421 257 306 258 
422 258 306 307 
423 258 307 259 
424 259 307 308 
425 259 308 260 
426 260 308 309 
427 260 309 261 
428 261 309 310 
429 261 310 262 
430 262 310 311 
431 262 311 263 
432 263 311 312 
433 263 312 264 
434 264 312 313 
435 264 313 265 
436 265 313 314 
437 265 314 266 
438 266 314 315 
439 266 315 267 
440 267 315 316 
441 267 316 268 
442 268 316 317 
443 268 317 269 
444 269 317 318 
445 269 318 270 
446 270 318 319 
447 270 319 271 
448 271 319 320 
449 271 320 272 
450 272 320 321 
451 272 321 273 
452 273 321 322 
453 273 322 274 
454 274 322 323 
455 274 323 275 
456 275 323 324 
457 275 324 276 
458 276 324 325 
459 276 325 277 
460 277 325 326 
461 277 326 278 
462 278 326 327 
463 278 327 279 
464 279 327 328 
465 279 328 280 
466 280 328 329 
467 280 329 281 
468 281 329 330 
469 281 330 282 
470 282 330 331 
471 282 331 283 
472 283 331 332 
473 283 332 284 
474 284 332 333 
475 284 333 285 
476 285 333 334 
477 285 334 286 
478 286 334 335 
479 286 335 287 
480 287 335 336 
481 287 336 288 
482 288 336 337 
483 288 337 289 
484 289 337 338 
485 289 338 290 
486 290 338 339 
487 290 339 291 
488 291 339 340 
489 291 340 292 
490 292 340 341 
491 292 341 293 
492 293 341 342 
493 293 342 294 
494 294 342 343 
495 294 343 295 
496 295 343 344 
497 295 344 296 
498 296 344 345 
499 296 345 297 
500 297 345 346 
501 297 346 298 
502 298 346 347 
503 298 347 150 
504 150 347 149 
505 7 8 299 
506 299 8 348 
507 299 348 300 
508 300 348 349 
509 300 349 301 
510 301 349 350 
511 301 350 302 
512 302 350 351 
513 302 351 303 
514 303 351 352 
515 303 352 304 
516 304 352 353 
517 304 353 305 
518 305 353 354 
519 305 354 306 
520 306 354 355 
521 306 355 307 
522 307 355 356 
523 307 356 308 
524 308 356 357 
525 308 357 309 
526 309 357 358 
527 309 358 310 
528 310 358 359 
529 310 359 311 
530 311 359 360 
531 311 360 312 
532 312 360 361 
533 312 361 313 
534 313 361 362 
535 313 362 314 
536 314 362 363 
537 314 363 315 
538 315 363 364 
539 315 364 316 
540 316 364 365 
541 316 365 317 
542 317 365 366 
543 317 366 318 
544 318 366 367 
545 318 367 319 
546 319 367 368 
547 319 368 320 
548 320 368 369 
549 320 369 321 
550 321 369 370 
551 321 370 322 
552 322 370 371 
553 322 371 323 
554 323 371 372 
555 323 372 324 
556 324 372 373 
557 324 373 325 
558 325 373 374 
559 325 374 326 
560 326 374 375 
561 326 375 327 
562 327 375 376 
563 327 376 328 
564 328 376 377 
565 328 377 329 
566 329 377 378 
567 329 378 330 
568 330 378 379 
569 330 379 331 
570 331 379 380 
571 331 380 332 
572 332 380 381 
573 332 381 333 
574 333 381 382 
575 333 382 334 
576 334 382 383 
577 334 383 335 
578 335 383 384 
579 335 384 336 
580 336 384 385 
581 336 385 337 
582 337 385 386 
583 337 386 338 
584 338 386 387 
585 338 387 339 
586 339 387 388 
587 339 388 340 
588 340 388 389 
589 340 389 341 
590 341 389 390 
591 341 390 342 
592 342 390 391 
593 342 391 343 
594 343 391 392 
595 343 392 344 
596 344 392 393 
597 344 393 345 
598 345 393 394 
599 345 394 346 
600 346 394 395 
601 346 395 347 
602 347 395 396 
603 347 396 149 
604 149 396 148 
605 8 9 348 
606 348 9 397 
607 348 397 349 
608 349 397 398 
609 349 398 350 
610 350 398 399 
611 350 399 351 
612 351 399 400 
613 351 400 352 
614 352 400 401 
615 352 401 353 
616 353 401 402 
617 353 402 354 
618 354 402 403 
619 354 403 355 
620 355 403 404 
621 355 404 356 
622 356 404 405 
623 356 405 357 
624 357 405 406 
625 357 406 358 
626 358 406 407 
627 358 407 359 
628 359 407 408 
629 359 408 360 
630 360 408 409 
631 360 409 361 
632 361 409 410 
633 361 410 362 
634 362 410 411 
635 362 411 363 
636 363 411 412 
637 363 412 364 
638 364 412 413 
639 364 413 365 
640 365 413 414 
641 365 414 366 
642 366 414 415 
643 366 415 367 
644 367 415 416 
645 367 416 368 
646 368 416 417 
647 368 417 369 
648 369 417 418 
649 369 418 370 
650 370 418 419 
651 370 419 371 
652 371 419 420 
653 371 420 372 
654 372 420 421 
655 372 421 373 
656 373 421 422 
657 373 422 374 
658 374 422 423 
659 374 423 375 
660 375 423 424 
661 375 424 376 
662 376 424 425 
663 376 425 377 
664 377 425 426 
665 377 426 378 
666 378 426 427 
667 378 427 379 
668 379 427 428 
669 379 428 380 
670 380 428 429 
671 380 429 381 
672 381 429 430 
673 381 430 382 
674 382 430 431 
675 382 431 383 
676 383 431 432 
677 383 432 384 
678 384 432 433 
679 384 433 385 
680 385 433 434 
681 385 434 386 
682 386 434 435 
683 386 435 387 
684 387 435 436 
685 387 436 388 
686 388 436 437 
687 388 437 389 
688 389 437 438 
689 389 438 390 
690 390 438 439 
691 390 439 391 
692 391 439 440 
693 391 440 392 
694 392 440 441 
695 392 441 393 
696 393 441 442 
697 393 442 394 
698 394 442 443 
699 394 443 395 
700 395 443 444 
701 395 444 396 
702 396 444 445 
703 396 445 148 
704 148 445 147 
705 9 10 397 
706 397 10 446 
707 397 446 398 
708 398 446 447 
709 398 447 399 
710 399 447 448 
711 399 448 400 
712 400 448 449 
713 400 449 401 
714 401 449 450 
715 401 450 402 
716 402 450 451 
717 402 451 403 
718 403 451 452 
719 403 452 404 
720 404 452 453 
721 404 453 405 
722 405 453 454 
723 405 454 406 
724 406 454 455 
725 406 455 407 
726 407 455 456 
727 407 456 408 
728 408 456 457 
729 408 457 409 
730 409 457 458 
731 409 458 410 
732 410 458 459 
733 410 459 411 
734 411 459 460 
735 411 460 412 
736 412 460 461 
737 412 461 413 
738 413 461 462 
739 413 462 414 
740 414 462 463 
741 414 463 415 
742 415 463 464 
743 415 464 416 
744 416 464 465 
745 416 465 417 
746 417 465 466 
747 417 466 418 
748 418 466 467 
749 418 467 419 
750 419 467 468 
751 419 468 420 
752 420 468 469 
753 420 469 421 
754 421 469 470 
755 421 470 422 
756 422 470 471 
757 422 471 423 
758 423 471 472 
759 423 472 424 
760 424 472 473 
761 424 473 425 
762 425 473 474 
763 425 474 426 
764 426 474 475 
765 426 475 427 
766 427 475 476 
767 427 476 428 
768 428 476 477 
769 428 477 429 
770 429 477 478 
771 429 478 430 
772 430 478 479 
773 430 479 431 
774 431 479 480 
775 431 480 432 
776 432 480 481 
777 432 481 433 
778 433 481 482 
779 433 482 434 
780 434 482 483 
781 434 483 435 
782 435 483 484 
783 435 484 436 
784 436 484 485 
785 436 485 437 
786 437 485 486 
787 437 486 438 
788 438 486 487 
789 438 487 439 
790 439 487 488 
791 439 488 440 
792 440 488 489 
793 440 489 441 
794 441 489 490 
795 441 490 442 
796 442 490 491 
797 442 491 443 
798 443 491 492 
799 443 492 444 
800 444 492 493 
801 444 493 445 
802 445 493 494 
803 445 494 147 
804 147 494 146 
805 10 11 446 
806 446 11 495 
807 446 495 447 
808 447 495 496 
809 447 496 448 
810 448 496 497 
811 448 497 449 
812 449 497 498 
813 449 498 450 
814 450 498 499 
815 450 499 451 
816 451 499 500 
817 451 500 452 
818 452 500 501 
819 452 501 453 
820 453 501 502 
821 453 502 454 
822 454 502 503 
823 454 503 455 
824 455 503 504 
825 455 504 456 
826 456 504 505 
827 456 505 457 
828 457 505 506 
829 457 506 458 
830 458 506 507 
831 458 507 459 
832 459 507 508 
833 459 508 460 
834 460 508 509 
835 460 509 461 
836 461 509 510 
837 461 510 462 
838 462 510 511 
839 462 511 463 
840 463 511 512 
841 463 512 464 
842 464 512 513 
843 464 513 465 
844 465 513 514 
845 465 514 466 
846 466 514 515 
847 466 515 467 
848 467 515 516 
849 467 516 468 
850 468 516 517 
851 468 517 469 
852 469 517 518 
853 469 518 470 
854 470 518 519 
855 470 519 471 
856 471 519 520 
857 471 520 472 
858 472 520 521 
859 472 521 473 
860 473 521 522 
861 473 522 474 
862 474 522 523 
863 474 523 475 
864 475 523 524 
865 475 524 476 
866 476 524 525 
867 476 525 477 
868 477 525 526 
869 477 526 478 
870 478 526 527 
871 478 527 479 
872 479 527 528 
873 479 528 480 
874 480 528 529 
875 480 529 481 
876 481 529 530 
877 481 530 482 
878 482 530 531 
879 482 531 483 
880 483 531 532 
881 483 532 484 
882 484 532 533 
883 484 533 485 
884 485 533 534 
885 485 534 486 
886 486 534 535 
887 486 535 487 
888 487 535 536 
889 487 536 488 
890 488 536 537 
891 488 537 489 
892 489 537 538 
893 489 538 490 
894 490 538 539 
895 490 539 491 
896 491 539 540 
897 491 540 492 
898 492 540 541 
899 492 541 493 
900 493 541 542 
901 493 542 494 
902 494 542 543 
903 494 543 146 
904 146 543 145 
905 11 12 495 
906 495 12 544 
907 495 544 496 
908 496 544 545 
909 496 545 497 
910 497 545 546 
911 497 546 498 
912 498 546 547 
913 498 547 499 
914 499 547 548 
915 499 548 500 
916 500 548 549 
917 500 549 501 
918 501 549 550 
919 501 550 502 
920 502 550 551 
921 502 551 503 
922 503 551 552 
923 503 552 504 
924 504 552 553 
925 504 553 505 
926 505 553 554 
927 505 554 506 
928 506 554 555 
929 506 555 507 
930 507 555 556 
931 507 556 508 
932 508 556 557 
933 508 557 509 
934 509 557 558 
935 509 558 510 
936 510 558 559 
937 510 559 511 
938 511 559 560 
939 511 560 512 
940 512 560 561 
941 512 561 513 
942 513 561 562 
943 513 562 514 
944 514 562 563 
945 514 563 515 
946 515 563 564 
947 515 564 516 
948 516 564 565 
949 516 565 517 
950 517 565 566 
951 517 566 518 
952 518 566 567 
953 518 567 519 
954 519 567 568 
955 519 568 520 
956 520 568 569 
957 520 569 521 
958 521 569 570 
959 521 570 522 
960 522 570 571 
961 522 571 523 
962 523 571 572 
963 523 572 524 
964 524 572 573 
965 524 573 525 
966 525 573 574 
967 525 574 526 
968 526 574 575 
969 526 575 527 
970 527 575 576 
971 527 576 528 
972 528 576 577 
973 528 577 529 
974 529 577 578 
975 529 578 530 
976 530 578 579 
977 530 579 531 
978 531 579 580 
979 531 580 532 
980 532 580 581 
981 532 581 533 
982 533 581 582 
983 533 582 534 
984 534 582 583 
985 534 583 535 
986 535 583 584 
987 535 584 536 
988 536 584 585 
989 536 585 537 
990 537 585 586 
991 537 586 538 
992 538 586 587 
993 538 587 539 
994 539 587 588 
995 539 588 540 
996 540 588 589 
997 540 589 541 
998 541 589 590 
999 541 590 542 
1000 542 590 591 
1001 542 591 543 
1002 543 591 592 
1003 543 592 145 
1004 145 592 144 
1005 12 13 544 
1006 544 13 593 
1007 544 593 545 
1008 545 593 594 
1009 545 594 546 
1010 546 594 595 
1011 546 595 547 
1012 547 595 596 
1013 547 596 548 
1014 548 596 597 
1015 548 597 549 
1016 549 597 598 
1017 549 598 550 
1018 550 598 599 
1019 550 599 551 
1020 551 599 600 
1021 551 600 552 
1022 552 600 601 
1023 552 601 553 
1024 553 601 602 
1025 553 602 554 
1026 554 602 603 
1027 554 603 555 
1028 555 603 604 
1029 555 604 556 
1030 556 604 605 
1031 556 605 557 
1032 557 605 606 
1033 557 606 558 
1034 558 606 607 
1035 558 607 559 
1036 559 607 608 
1037 559 608 560 
1038 560 608 609 
1039 560 609 561 
1040 561 609 610 
1041 561 610 562 
1042 562 610 611 
1043 562 611 563 
1044 563 611 612 
1045 563 612 564 
1046 564 612 613 
1047 564 613 565 
1048 565 613 614 
1049 565 614 566 
1050 566 614 615 
1051 566 615 567 
1052 567 615 616 
1053 567 616 568 
1054 568 616 617 
1055 568 617 569 
1056 569 617 618 
1057 569 618 570 
1058 570 618 619 
1059 570 619 571 
1060 571 619 620 
1061 571 620 572 
1062 572 620 621 
1063 572 621 573 
1064 573 621 622 
1065 573 622 574 
1066 574 622 623 
1067 574 623 575 
1068 575 623 624 
1069 575 624 576 
1070 576 624 625 
1071 576 625 577 
1072 577 625 626 
1073 577 626 578 
1074 578 626 627 
1075 578 627 579 
1076 579 627 628 
1077 579 628 580 
1078 580 628 629 
1079 580 629 581 
1080 581 629 630 
1081 581 630 582 
1082 582 630 631 
1083 582 631 583 
1084 583 631 632 
1085 583 632 584 
1086 584 632 633 
1087 584 633 585 
1088 585 633 634 
1089 585 634 586 
1090 586 634 635 
1091 586 635 587 
1092 587 635 636 
1093 587 636 588 
1094 588 636 637 
1095 588 637 589 
1096 589 637 638 
1097 589 638 590 
1098 590 638 639 
1099 590 639 591 
1100 591 639 640 
1101 591 640 592 
1102 592 640 641 
1103 592 641 144 
1104 144 641 143 
1105 13 14 593 
1106 593 14 642 
1107 593 642 594 
1108 594 642 643 
1109 594 643 595 
1110 595 643 644 
1111 595 644 596 
1112 596 644 645 
1113 596 645 597 
1114 597 645 646 
1115 597 646 598 
1116 598 646 647 
1117 598 647 599 
1118 599 647 648 
1119 599 648 600 
1120 600 648 649 
1121 600 649 601 
1122 601 649 650 
1123 601 650 602 
1124 602 650 651 
1125 602 651 603 
1126 603 651 652 
1127 603 652 604 
1128 604 652 653 
1129 604 653 605 
1130 605 653 654 
1131 605 654 606 
1132 606 654 655 
1133 606 655 607 
1134 607 655 656 
1135 607 656 608 
1136 608 656 657 
1137 608 657 609 
1138 609 657 658 
1139 609 658 610 
1140 610 658 659 
1141 610 659 611 
1142 611 659 660 
1143 611 660 612 
1144 612 660 661 
1145 612 661 613 
1146 613 661 662 
1147 613 662 614 
1148 614 662 663 
1149 614 663 615 
1150 615 663 664 
1151 615 664 616 
1152 616 664 665 
1153 616 665 617 
1154 617 665 666 
1155 617 666 618 
1156 618 666 667 
1157 618 667 619 
1158 619 667 668 
1159 619 668 620 
1160 620 668 669 
1161 620 669 621 
1162 621 669 670 
1163 621 670 622 
1164 622 670 671 
1165 622 671 623 
1166 623 671 672 
1167 623 672 624 
1168 624 672 673 
1169 624 673 625 
1170 625 673 674 
1171 625 674 626 
1172 626 674 675 
1173 626 675 627 
1174 627 675 676 
1175 627 676 628 
1176 628 676 677 
1177 628 677 629 
1178 629 677 678 
1179 629 678 630 
1180 630 678 679 
1181 630 679 631 
1182 631 679 680 
1183 631 680 632 
1184 632 680 681 
1185 632 681 633 
1186 633 681 682 
1187 633 682 634 
1188 634 682 683 
1189 634 683 635 
1190 635 683 684 
1191 635 684 636 
1192 636 684 685 
1193 636 685 637 
1194 637 685 686 
1195 637 686 638 
1196 638 686 687 
1197 638 687 639 
1198 639 687 688 
1199 639 688 640 
1200 640 688 689 
1201 640 689 641 
1202 641 689 690 
1203 641 690 143 
1204 143 690 142 
1205 14 15 642 
1206 642 15 691 
1207 642 691 643 
1208 643 691 692 
1209 643 692 644 
1210 644 692 693 
1211 644 693 645 
1212 645 693 694 
1213 645 694 646 
1214 646 694 695 
1215 646 695 647 
1216 647 695 696 
1217 647 696 648 
1218 648 696 697 
1219 648 697 649 
1220 649 697 698 
1221 649 698 650 
1222 650 698 699 
1223 650 699 651 
1224 651 699 700 
1225 651 700 652 
1226 652 700 701 
1227 652 701 653 
1228 653 701 702 
1229 653 702 654 
1230 654 702 703 
1231 654 703 655 
1232 655 703 704 
1233 655 704 656 
1234 656 704 705 
1235 656 705 657 
1236 657 705 706 
1237 657 706 658 
1238 658 706 707 
1239 658 707 659 
1240 659 707 708 
1241 659 708 660 
1242 660 708 709 
1243 660 709 661 
1244 661 709 710 
1245 661 710 662 
1246 662 710 711 
1247 662 711 663 
1248 663 711 712 
1249 663 712 664 
1250 664 712 713 
1251 664 713 665 
1252 665 713 714 
1253 665 714 666 
1254 666 714 715 
1255 666 715 667 
1256 667 715 716 
1257 667 716 668 
1258 668 716 717 
1259 668 717 669 
1260 669 717 718 
1261 669 718 670 
1262 670 718 719 
1263 670 719 671 
1264 671 719 720 
1265 671 720 672 
1266 672 720 721 
1267 672 721 673 
1268 673 721 722 
1269 673 722 674 
1270 674 722 723 
1271 674 723 675 
1272 675 723 724 
1273 675 724 676 
1274 676 724 725 
1275 676 725 677 
1276 677 725 726 
1277 677 726 678 
1278 678 726 727 
1279 678 727 679 
1280 679 727 728 
1281 679 728 680 
1282 680 728 729 
1283 680 729 681 
1284 681 729 730 
1285 681 730 682 
1286 682 730 731 
1287 682 731 683 
1288 683 731 732 
1289 683 732 684 
1290 684 732 733 
1291 684 733 685 
1292 685 733 734 
1293 685 734 686 
1294 686 734 735 
1295 686 735 687 
1296 687 735 736 
1297 687 736 688 
1298 688 736 737 
1299 688 737 689 
1300 689 737 738 
1301 689 738 690 
1302 690 738 739 
1303 690 739 142 
1304 142 739 141 
1305 15 16 691 
1306 691 16 740 
1307 691 740 692 
1308 692 740 741 
1309 692 741 693 
1310 693 741 742 
1311 693 742 694 
1312 694 742 743 
1313 694 743 695 
1314 695 743 744 
1315 695 744 696 
1316 696 744 745 
1317 696 745 697 
1318 697 745 746 
1319 697 746 698 
1320 698 746 747 
1321 698 747 699 
1322 699 747 748 
1323 699 748 700 
1324 700 748 749 
1325 700 749 701 
1326 701 749 750 
1327 701 750 702 
1328 702 750 751 
1329 702 751 703 
1330 703 751 752 
1331 703 752 704 
1332 704 752 753 
1333 704 753 705 
1334 705 753 754 
1335 705 754 706 
1336 706 754 755 
1337 706 755 707 
1338 707 755 756 
1339 707 756 708 
1340 708 756 757 
1341 708 757 709 
1342 709 757 758 
1343 709 758 710 
1344 710 758 759 
1345 710 759 711 
1346 711 759 760 
1347 711 760 712 
1348 712 760 761 
1349 712 761 713 
1350 713 761 762 
1351 713 762 714 
1352 714 762 763 
1353 714 763 715 
1354 715 763 764 
1355 715 764 716 
1356 716 764 765 
1357 716 765 717 
1358 717 765 766 
1359 717 766 718 
1360 718 766 767 
1361 718 767 719 
1362 719 767 768 
1363 719 768 720 
1364 720 768 769 
1365 720 769 721 
1366 721 769 770 
1367 721 770 722 
1368 722 770 771 
1369 722 771 723 
1370 723 771 772 
1371 723 772 724 
1372 724 772 773 
1373 724 773 725 
1374 725 773 774 
1375 725 774 726 
1376 726 774 775 
1377 726 775 727 
1378 727 775 776 
1379 727 776 728 
1380 728 776 777 
1381 728 777 729 
1382 729 777 778 
1383 729 778 730 
1384 730 778 779 
1385 730 779 731 
1386 731 779 780 
1387 731 780 732 
1388 732 780 781 
1389 732 781 733 
1390 733 781 782 
1391 733 782 734 
1392 734 782 783 
1393 734 783 735 
1394 735 783 784 
1395 735 784 736 
1396 736 784 785 
1397 736 785 737 
1398 737 785 786 
1399 737 786 738 
1400 738 786 787 
1401 738 787 739 
1402 739 787 788 
1403 739 788 141 
1404 141 788 140 
1405 16 17 740 
1406 740 17 789 
1407 740 789 741 
1408 741 789 790 
1409 741 790 742 
1410 742 790 791 
1411 742 791 743 
1412 743 791 792 
1413 743 792 744 
1414 744 792 793 
1415 744 793 745 
1416 745 793 794 
1417 745 794 746 
1418 746 794 795 
1419 746 795 747 
1420 747 795 796 
1421 747 796 748 
1422 748 796 797 
1423 748 797 749 
1424 749 797 798 
1425 749 798 750 
1426 750 798 799 
1427 750 799 751 
1428 751 799 800 
1429 751 800 752 
1430 752 800 801 
1431 752 801 753 
1432 753 801 802 
1433 753 802 754 
1434 754 802 803 
1435 754 803 755 
1436 755 803 804 
1437 755 804 756 
1438 756 804 805 
1439 756 805 757 
1440 757 805 806 
1441 757 806 758 
1442 758 806 807 
1443 758 807 759 
1444 759 807 808 
1445 759 808 760 
1446 760 808 809 
1447 760 809 761 
1448 761 809 810 
1449 761 810 762 
1450 762 810 811 
1451 762 811 763 
1452 763 811 812 
1453 763 812 764 
1454 764 812 813 
1455 764 813 765 
1456 765 813 814 
1457 765 814 766 
1458 766 814 815 
1459 766 815 767 
1460 767 815 816 
1461 767 816 768 
1462 768 816 817 
1463 768 817 769 
1464 769 817 818 
1465 769 818 770 
1466 770 818 819 
1467 770 819 771 
1468 771 819 820 
1469 771 820 772 
1470 772 820 821 
1471 772 821 773 
1472 773 821 822 
1473 773 822 774 
1474 774 822 823 
1475 774 823 775 
1476 775 823 824 
1477 775 824 776 
1478 776 824 825 
1479 776 825 777 
1480 777 825 826 
1481 777 826 778 
1482 778 826 827 
1483 778 827 779 
1484 779 827 828 
1485 779 828 780 
1486 780 828 829 
1487 780 829 781 
1488 781 829 830 
1489 781 830 782 
1490 782 830 831 
1491 782 831 783 
1492 783 831 832 
1493 783 832 784 
1494 784 832 833 
1495 784 833 785 
1496 785 833 834 
1497 785 834 786 
1498 786 834 835 
1499 786 835 787 
1500 787 835 836 
1501 787 836 788 
1502 788 836 837 
1503 788 837 140 
1504 140 837 139 
1505 17 18 789 
1506 789 18 838 
1507 789 838 790 
1508 790 838 839 
1509 790 839 791 
1510 791 839 840 
1511 791 840 792 
1512 792 840 841 
1513 792 841 793 
1514 793 841 842 
1515 793 842 794 
1516 794 842 843 
1517 794 843 795 
1518 795 843 844 
1519 795 844 796 
1520 796 844 845 
1521 796 845 797 
1522 797 845 846 
1523 797 846 798 
1524 798 846 847 
1525 798 847 799 
1526 799 847 848 
1527 799 848 800 
1528 800 848 849 
1529 800 849 801 
1530 801 849 850 
1531 801 850 802 
1532 802 850 851 
1533 802 851 803 
1534 803 851 852 
1535 803 852 804 
1536 804 852 853 
1537 804 853 805 
1538 805 853 854 
1539 805 854 806 
1540 806 854 855 
1541 806 855 807 
1542 807 855 856 
1543 807 856 808 
1544 808 856 857 
1545 808 857 809 
1546 809 857 858 
1547 809 858 810 
1548 810 858 859 
1549 810 859 811 
1550 811 859 860 
1551 811 860 812 
1552 812 860 861 
1553 812 861 813 
1554 813 861 862 
1555 813 862 814 
1556 814 862 863 
1557 814 863 815 
1558 815 863 864 
1559 815 864 816 
1560 816 864 865 
1561 816 865 817 
1562 817 865 866 
1563 817 866 818 
1564 818 866 867 
1565 818 867 819 
1566 819 867 868 
1567 819 868 820 
1568 820 868 869 
1569 820 869 821 
1570 821 869 870 
1571 821 870 822 
1572 822 870 871 
1573 822 871 823 
1574 823 871 872 
1575 823 872 824 
1576 824 872 873 
1577 824 873 825 
1578 825 873 874 
1579 825 874 826 
1580 826 874 875 
1581 826 875 827 
1582 827 875 876 
1583 827 876 828 
1584 828 876 877 
1585 828 877 829 
1586 829 877 878 
1587 829 878 830 
1588 830 878 879 
1589 830 879 831 
1590 831 879 880 
1591 831 880 832 
1592 832 880 881 
1593 832 881 833 
1594 833 881 882 
1595 833 882 834 
1596 834 882 883 
1597 834 883 835 
1598 835 883 884 
1599 835 884 836 
1600 836 884 885 
1601 836 885 837 
1602 837 885 886 
1603 837 886 139 
1604 139 886 138 
1605 18 19 838 
1606 838 19 887 
1607 838 887 839 
1608 839 887 888 
1609 839 888 840 
1610 840 888 889 
1611 840 889 841 
1612 841 889 890 
1613 841 890 842 
1614 842 890 891 
1615 842 891 843 
1616 843 891 892 
1617 843 892 844 
1618 844 892 893 
1619 844 893 845 
1620 845 893 894 
1621 845 894 846 
1622 846 894 895 
1623 846 895 847 
1624 847 895 896 
1625 847 896 848 
1626 848 896 897 
1627 848 897 849 
1628 849 897 898 
1629 849 898 850 
1630 850 898 899 
1631 850 899 851 
1632 851 899 900 
1633 851 900 852 
1634 852 900 901 
1635 852 901 853 
1636 853 901 902 
1637 853 902 854 
1638 854 902 903 
1639 854 903 855 
1640 855 903 904 
1641 855 904 856 
1642 856 904 905 
1643 856 905 857 
1644 857 905 906 
1645 857 906 858 
1646 858 906 907 
1647 858 907 859 
1648 859 907 908 
1649 859 908 860 
1650 860 908 909 
1651 860 909 861 
1652 861 909 910 
1653 861 910 862 
1654 862 910 911 
1655 862 911 863 
1656 863 911 912 
1657 863 912 864 
1658 864 912 913 
1659 864 913 865 
1660 865 913 914 
1661 865 914 866 
1662 866 914 915 
1663 866 915 867 
1664 867 915 916 
1665 867 916 868 
1666 868 916 917 
1667 868 917 869 
1668 869 917 918 
1669 869 918 870 
1670 870 918 919 
1671 870 919 871 
1672 871 919 920 
1673 871 920 872 
1674 872 920 921 
1675 872 921 873 
1676 873 921 922 
1677 873 922 874 
1678 874 922 923 
1679 874 923 875 
1680 875 923 924 
1681 875 924 876 
1682 876 924 925 
1683 876 925 877 
1684 877 925 926 
1685 877 926 878 
1686 878 926 927 
1687 878 927 879 
1688 879 927 928 
1689 879 928 880 
1690 880 928 929 
1691 880 929 881 
1692 881 929 930 
1693 881 930 882 
1694 882 930 931 
1695 882 931 883 
1696 883 931 932 
1697 883 932 884 
1698 884 932 933 
1699 884 933 885 
1700 885 933 934 
1701 885 934 886 
1702 886 934 935 
1703 886 935 138 
1704 138 935 137 
1705 19 20 887 
1706 887 20 936 
1707 887 936 888 
1708 888 936 937 
1709 888 937 889 
1710 889 937 938 
1711 889 938 890 
1712 890 938 939 
1713 890 939 891 
1714 891 939 940 
1715 891 940 892 
1716 892 940 941 
1717 892 941 893 
1718 893 941 942 
1719 893 942 894 
1720 894 942 943 
1721 894 943 895 
1722 895 943 944 
1723 895 944 896 
1724 896 944 945 
1725 896 945 897 
1726 897 945 946 
1727 897 946 898 
1728 898 946 947 
1729 898 947 899 
1730 899 947 948 
1731 899 948 900 
1732 900 948 949 
1733 900 949 901 
1734 901 949 950 
1735 901 950 902 
1736 902 950 951 
1737 902 951 903 
1738 903 951 952 
1739 903 952 904 
1740 904 952 953 
1741 904 953 905 
1742 905 953 954 
1743 905 954 906 
1744 906 954 955 
1745 906 955 907 
1746 907 955 956 
1747 907 956 908 
1748 908 956 957 
1749 908 957 909 
1750 909 957 958 
1751 909 958 910 
1752 910 958 959 
1753 910 959 911 
1754 911 959 960 
1755 911 960 912 
1756 912 960 961 
1757 912 961 913 
1758 913 961 962 
1759 913 962 914 
1760 914 962 963 
1761 914 963 915 
1762 915 963 964 
1763 915 964 916 
1764 916 964 965 
1765 916 965 917 
1766 917 965 966 
1767 917 966 918 
1768 918 966 967 
1769 918 967 919 
1770 919 967 968 
1771 919 968 920 
1772 920 968 969 
1773 920 969 921 
1774 921 969 970 
1775 921 970 922 
1776 922 970 971 
1777 922 971 923 
1778 923 971 972 
1779 923 972 924 
1780 924 972 973 
1781 924 973 925 
1782 925 973 974 
1783 925 974 926 
1784 926 974 975 
1785 926 975 927 
1786 927 975 976 
1787 927 976 928 
1788 928 976 977 
1789 928 977 929 
1790 929 977 978 
1791 929 978 930 
1792 930 978 979 
1793 930 979 931 
1794 931 979 980 
1795 931 980 932 
1796 932 980 981 
1797 932 981 933 
1798 933 981 982 
1799 933 982 934 
1800 934 982 983 
1801 934 983 935 
1802 935 983 984 
1803 935 984 137 
1804 137 984 136 
1805 20 21 936 
1806 936 21 985 
1807 936 985 937 
1808 937 985 986 
1809 937 986 938 
1810 938 986 987 
1811 938 987 939 
1812 939 987 988 
1813 939 988 940 
1814 940 988 989 
1815 940 989 941 
1816 941 989 990 
1817 941 990 942 
1818 942 990 991 
1819 942 991 943 
1820 943 991 992 
1821 943 992 944 
1822 944 992 993 
1823 944 993 945 
1824 945 993 994 
1825 945 994 946 
1826 946 994 995 
1827 946 995 947 
1828 947 995 996 
1829 947 996 948 
1830 948 996 997 
1831 948 997 949 
1832 949 997 998 
1833 949 998 950 
1834 950 998 999 
1835 950 999 951 
1836 951 999 1000 
1837 951 1000 952 
1838 952 1000 1001 
1839 952 1001 953 
1840 953 1001 1002 
1841 953 1002 954 
1842 954 1002 1003 
1843 954 1003 955 
1844 955 1003 1004 
1845 955 1004 956 
1846 956 1004 1005 
1847 956 1005 957 
1848 957 1005 1006 
1849 957 1006 958 
1850 958 1006 1007 
1851 958 1007 959 
1852 959 1007 1008 
1853 959 1008 960 
1854 960 1008 1009 
1855 960 1009 961 
1856 961 1009 1010 
1857 961 1010 962 
1858 962 1010 1011 
1859 962 1011 963 
1860 963 1011 1012 
1861 963 1012 964 
1862 964 1012 1013 
1863 964 1013 965 
1864 965 1013 1014 
1865 965 1014 966 
1866 966 1014 1015 
1867 966 1015 967 
1868 967 1015 1016 
1869 967 1016 968 
1870 968 1016 1017 
1871 968 1017 969 
1872 969 1017 1018 
1873 969 1018 970 
1874 970 1018 1019 
1875 970 1019 971 
1876 971 1019 1020 
1877 971 1020 972 
1878 972 1020 1021 
1879 972 1021 973 
1880 973 1021 1022 
1881 973 1022 974 
1882 974 1022 1023 
1883 974 1023 975 
1884 975 1023 1024 
1885 975 1024 976 
1886 976 1024 1025 
1887 976 1025 977 
1888 977 1025 1026 
1889 977 1026 978 
1890 978 1026 1027 
1891 978 1027 979 
1892 979 1027 1028 
1893 979 1028 980 
1894 980 1028 1029 
1895 980 1029 981 
1896 981 1029 1030 
1897 981 1030 982 
1898 982 1030 1031 
1899 982 1031 983 
1900 983 1031 1032 
1901 983 1032 984 
1902 984 1032 1033 
1903 984 1033 136 
1904 136 1033 135 
1905 21 22 985 
1906 985 22 1034 
1907 985 1034 986 
1908 986 1034 1035 
1909 986 1035 987 
1910 987 1035 1036 
1911 987 1036 988 
1912 988 1036 1037 
1913 988 1037 989 
1914 989 1037 1038 
1915 989 1038 990 
1916 990 1038 1039 
1917 990 1039 991 
1918 991 1039 1040 
1919 991 1040 992 
1920 992 1040 1041 
1921 992 1041 993 
1922 993 1041 1042 
1923 993 1042 994 
1924 994 1042 1043 
1925 994 1043 995 
1926 995 1043 1044 
1927 995 1044 996 
1928 996 1044 1045 
1929 996 1045 997 
1930 997 1045 1046 
1931 997 1046 998 
1932 998 1046 1047 
1933 998 1047 999 
1934 999 1047 1048 
1935 999 1048 1000 
1936 1000 1048 1049 
1937 1000 1049 1001 
1938 1001 1049 1050 
1939 1001 1050 1002 
1940 1002 1050 1051 
1941 1002 1051 1003 
1942 1003 1051 1052 
1943 1003 1052 1004 
1944 1004 1052 1053 
1945 1004 1053 1005 
1946 1005 1053 1054 
1947 1005 1054 1006 
1948 1006 1054 1055 
1949 1006 1055 1007 
1950 1007 1055 1056 
1951 1007 1056 1008 
1952 1008 1056 1057 
1953 1008 1057 1009 
1954 1009 1057 1058 
1955 1009 1058 1010 
1956 1010 1058 1059 
1957 1010 1059 1011 
1958 1011 1059 1060 
1959 1011 1060 1012 
1960 1012 1060 1061 
1961 1012 1061 1013 
1962 1013 1061 1062 
1963 1013 1062 1014 
1964 1014 1062 1063 
1965 1014 1063 1015 
1966 1015 1063 1064 
1967 1015 1064 1016 
1968 1016 1064 1065 
1969 1016 1065 1017 
1970 1017 1065 1066 
1971 1017 1066 1018 
1972 1018 1066 1067 
1973 1018 1067 1019 
1974 1019 1067 1068 
1975 1019 1068 1020 
1976 1020 1068 1069 
1977 1020 1069 1021 
1978 1021 1069 1070 
1979 1021 1070 1022 
1980 1022 1070 1071 
1981 1022 1071 1023 
1982 1023 1071 1072 
1983 1023 1072 1024 
1984 1024 1072 1073 
1985 1024 1073 1025 
1986 1025 1073 1074 
1987 1025 1074 1026 
1988 1026 1074 1075 
1989 1026 1075 1027 
1990 1027 1075 1076 
1991 1027 1076 1028 
1992 1028 1076 1077 
1993 1028 1077 1029 
1994 1029 1077 1078 
1995 1029 1078 1030 
1996 1030 1078 1079 
1997 1030 1079 1031 
1998 1031 1079 1080 
1999 1031 1080 1032 
2000 1032 1080 1081 
2001 1032 1081 1033 
2002 1033 1081 1082 
2003 1033 1082 135 
2004 135 1082 134 
2005 22 23 1034 
2006 1034 23 1083 
2007 1034 1083 1035 
2008 1035 1083 1084 
2009 1035 1084 1036 
2010 1036 1084 1085 
2011 1036 1085 1037 
2012 1037 1085 1086 
2013 1037 1086 1038 
2014 1038 1086 1087 
2015 1038 1087 1039 
2016 1039 1087 1088 
2017 1039 1088 1040 
2018 1040 1088 1089 
2019 1040 1089 1041 
2020 1041 1089 1090 
2021 1041 1090 1042 
2022 1042 1090 1091 
2023 1042 1091 1043 
2024 1043 1091 1092 
2025 1043 1092 1044 
2026 1044 1092 1093 
2027 1044 1093 1045 
2028 1045 1093 1094 
2029 1045 1094 1046 
2030 1046 1094 1095 
2031 1046 1095 1047 
2032 1047 1095 1096 
2033 1047 1096 1048 
2034 1048 1096 1097 
2035 1048 1097 1049 
2036 1049 1097 1098 
2037 1049 1098 1050 
2038 1050 1098 1099 
2039 1050 1099 1051 
2040 1051 1099 1100 
2041 1051 1100 1052 
2042 1052 1100 1101 
2043 1052 1101 1053 
2044 1053 1101 1102 
2045 1053 1102 1054 
2046 1054 1102 1103 
2047 1054 1103 1055 
2048 1055 1103 1104 
2049 1055 1104 1056 
2050 1056 1104 1105 
2051 1056 1105 1057 
2052 1057 1105 1106 
2053 1057 1106 1058 
2054 1058 1106 1107 
2055 1058 1107 1059 
2056 1059 1107 1108 
2057 1059 1108 1060 
2058 1060 1108 1109 
2059 1060 1109 1061 
2060 1061 1109 1110 
2061 1061 1110 1062 
2062 1062 1110 1111 
2063 1062 1111 1063 
2064 1063 1111 1112 
2065 1063 1112 1064 
2066 1064 1112 1113 
2067 1064 1113 1065 
2068 1065 1113 1114 
2069 1065 1114 1066 
2070 1066 1114 1115 
2071 1066 1115 1067 
2072 1067 1115 1116 
2073 1067 1116 1068 
2074 1068 1116 1117 
2075 1068 1117 1069 
2076 1069 1117 1118 
2077 1069 1118 1070 
2078 1070 1118 1119 
2079 1070 1119 1071 
2080 1071 1119 1120 
2081 1071 1120 1072 
2082 1072 1120 1121 
2083 1072 1121 1073 
2084 1073 1121 1122 
2085 1073 1122 1074 
2086 1074 1122 1123 
2087 1074 1123 1075 
2088 1075 1123 1124 
2089 1075 1124 1076 
2090 1076 1124 1125 
2091 1076 1125 1077 
2092 1077 1125 1126 
2093 1077 1126 1078 
2094 1078 1126 1127 
2095 1078 1127 1079 
2096 1079 1127 1128 
2097 1079 1128 1080 
2098 1080 1128 1129 
2099 1080 1129 1081 
2100 1081 1129 1130 
2101 1081 1130 1082 
2102 1082 1130 1131 
2103 1082 1131 134 
2104 134 1131 133 
2105 23 24 1083 
2106 1083 24 1132 
2107 1083 1132 1084 
2108 1084 1132 1133 
2109 1084 1133 1085 
2110 1085 1133 1134 
2111 1085 1134 1086 
2112 1086 1134 1135 
2113 1086 1135 1087 
2114 1087 1135 1136 
2115 1087 1136 1088 
2116 1088 1136 1137 
2117 1088 1137 1089 
2118 1089 1137 1138 
2119 1089 1138 1090 
2120 1090 1138 1139 
2121 1090 1139 1091 
2122 1091 1139 1140 
2123 1091 1140 1092 
2124 1092 1140 1141 
2125 1092 1141 1093 
2126 1093 1141 1142 
2127 1093 1142 1094 
2128 1094 1142 1143 
2129 1094 1143 1095 
2130 1095 1143 1144 
2131 1095 1144 1096 
2132 1096 1144 1145 
2133 1096 1145 1097 
2134 1097 1145 1146 
2135 1097 1146 1098 
2136 1098 1146 1147 
2137 1098 1147 1099 
2138 1099 1147 1148 
2139 1099 1148 1100 
2140 1100 1148 1149 
2141 1100 1149 1101 
2142 1101 1149 1150 
2143 1101 1150 1102 
2144 1102 1150 1151 
2145 1102 1151 1103 
2146 1103 1151 1152 
2147 1103 1152 1104 
2148 1104 1152 1153 
2149 1104 1153 1105 
2150 1105 1153 1154 
2151 1105 1154 1106 
2152 1106 1154 1155 
2153 1106 1155 1107 
2154 1107 1155 1156 
2155 1107 1156 1108 
2156 1108 1156 1157 
2157 1108 1157 1109 
2158 1109 1157 1158 
2159 1109 1158 1110 
2160 1110 1158 1159 
2161 1110 1159 1111 
2162 1111 1159 1160 
2163 1111 1160 1112 
2164 1112 1160 1161 
2165 1112 1161 1113 
2166 1113 1161 1162 
2167 1113 1162 1114 
2168 1114 1162 1163 
2169 1114 1163 1115 
2170 1115 1163 1164 
2171 1115 1164 1116 
2172 1116 1164 1165 
2173 1116 1165 1117 
2174 1117 1165 1166 
2175 1117 1166 1118 
2176 1118 1166 1167 
2177 1118 1167 1119 
2178 1119 1167 1168 
2179 1119 1168 1120 
2180 1120 1168 1169 
2181 1120 1169 1121 
2182 1121 1169 1170 
2183 1121 1170 1122 
2184 1122 1170 1171 
2185 1122 1171 1123 
2186 1123 1171 1172 
2187 1123 1172 1124 
2188 1124 1172 1173 
2189 1124 1173 1125 
2190 1125 1173 1174 
2191 1125 1174 1126 
2192 1126 1174 1175 
2193 1126 1175 1127 
2194 1127 1175 1176 
2195 1127 1176 1128 
2196 1128 1176 1177 
2197 1128 1177 1129 
2198 1129 1177 1178 
2199 1129 1178 1130 
2200 1130 1178 1179 
2201 1130 1179 1131 
2202 1131 1179 1180 
2203 1131 1180 133 
2204 133 1180 132 
2205 24 25 1132 
2206 1132 25 1181 
2207 1132 1181 1133 
2208 1133 1181 1182 
2209 1133 1182 1134 
2210 1134 1182 1183 
2211 1134 1183 1135 
2212 1135 1183 1184 
2213 1135 1184 1136 
2214 1136 1184 1185 
2215 1136 1185 1137 
2216 1137 1185 1186 
2217 1137 1186 1138 
2218 1138 1186 1187 
2219 1138 1187 1139 
2220 1139 1187 1188 
2221 1139 1188 1140 
2222 1140 1188 1189 
2223 1140 1189 1141 
2224 1141 1189 1190 
2225 1141 1190 1142 
2226 1142 1190 1191 
2227 1142 1191 1143 
2228 1143 1191 1192 
2229 1143 1192 1144 
2230 1144 1192 1193 
2231 1144 1193 1145 
2232 1145 1193 1194 
2233 1145 1194 1146 
2234 1146 1194 1195 
2235 1146 1195 1147 
2236 1147 1195 1196 
2237 1147 1196 1148 
2238 1148 1196 1197 
2239 1148 1197 1149 
2240 1149 1197 1198 
2241 1149 1198 1150 
2242 1150 1198 1199 
2243 1150 1199 1151 
2244 1151 1199 1200 
2245 1151 1200 1152 
2246 1152 1200 1201 
2247 1152 1201 1153 
2248 1153 1201 1202 
2249 1153 1202 1154 
2250 1154 1202 1203 
2251 1154 1203 1155 
2252 1155 1203 1204 
2253 1155 1204 1156 
2254 1156 1204 1205 
2255 1156 1205 1157 
2256 1157 1205 1206 
2257 1157 1206 1158 
2258 1158 1206 1207 
2259 1158 1207 1159 
2260 1159 1207 1208 
2261 1159 1208 1160 
2262 1160 1208 1209 
2263 1160 1209 1161 
2264 1161 1209 1210 
2265 1161 1210 1162 
2266 1162 1210 1211 
2267 1162 1211 1163 
2268 1163 1211 1212 
2269 1163 1212 1164 
2270 1164 1212 1213 
2271 1164 1213 1165 
2272 1165 1213 1214 
2273 1165 1214 1166 
2274 1166 1214 1215 
2275 1166 1215 1167 
2276 1167 1215 1216 
2277 1167 1216 1168 
2278 1168 1216 1217 
2279 1168 1217 1169 
2280 1169 1217 1218 
2281 1169 1218 1170 
2282 1170 1218 1219 
2283 1170 1219 1171 
2284 1171 1219 1220 
2285 1171 1220 1172 
2286 1172 1220 1221 
2287 1172 1221 1173 
2288 1173 1221 1222 
2289 1173 1222 1174 
2290 1174 1222 1223 
2291 1174 1223 1175 
2292 1175 1223 1224 
2293 1175 1224 1176 
2294 1176 1224 1225 
2295 1176 1225 1177 
2296 1177 1225 1226 
2297 1177 1226 1178 
2298 1178 1226 1227 
2299 1178 1227 1179 
2300 1179 1227 1228 
2301 1179 1228 1180 
2302 1180 1228 1229 
2303 1180 1229 132 
2304 132 1229 131 
2305 25 26 1181 
2306 1181 26 1230 
2307 1181 1230 1182 
2308 1182 1230 1231 
2309 1182 1231 1183 
2310 1183 1231 1232 
2311 1183 1232 1184 
2312 1184 1232 1233 
2313 1184 1233 1185 
2314 1185 1233 1234 
2315 1185 1234 1186 
2316 1186 1234 1235 
2317 1186 1235 1187 
2318 1187 1235 1236 
2319 1187 1236 1188 
2320 1188 1236 1237 
2321 1188 1237 1189 
2322 1189 1237 1238 
2323 1189 1238 1190 
2324 1190 1238 1239 
2325 1190 1239 1191 
2326 1191 1239 1240 
2327 1191 1240 1192 
2328 1192 1240 1241 
2329 1192 1241 1193 
2330 1193 1241 1242 
2331 1193 1242 1194 
2332 1194 1242 1243 
2333 1194 1243 1195 
2334 1195 1243 1244 
2335 1195 1244 1196 
2336 1196 1244 1245 
2337 1196 1245 1197 
2338 1197 1245 1246 
2339 1197 1246 1198 
2340 1198 1246 1247 
2341 1198 1247 1199 
2342 1199 1247 1248 
2343 1199 1248 1200 
2344 1200 1248 1249 
2345 1200 1249 1201 
2346 1201 1249 1250 
2347 1201 1250 1202 
2348 1202 1250 1251 
2349 1202 1251 1203 
2350 1203 1251 1252 
2351 1203 1252 1204 
2352 1204 1252 1253 
2353 1204 1253 1205 
2354 1205 1253 1254 
2355 1205 1254 1206 
2356 1206 1254 1255 
2357 1206 1255 1207 
2358 1207 1255 1256 
2359 1207 1256 1208 
2360 1208 1256 1257 
2361 1208 1257 1209 
2362 1209 1257 1258 
2363 1209 1258 1210 
2364 1210 1258 1259 
2365 1210 1259 1211 
2366 1211 1259 1260 
2367 1211 1260 1212 
2368 1212 1260 1261 
2369 1212 1261 1213 
2370 1213 1261 1262 
2371 1213 1262 1214 
2372 1214 1262 1263 
2373 1214 1263 1215 
2374 1215 1263 1264 
2375 1215 1264 1216 
2376 1216 1264 1265 
2377 1216 1265 1217 
2378 1217 1265 1266 
2379 1217 1266 1218 
2380 1218 1266 1267 
2381 1218 1267 1219 
2382 1219 1267 1268 
2383 1219 1268 1220 
2384 1220 1268 1269 
2385 1220 1269 1221 
2386 1221 1269 1270 
2387 1221 1270 1222 
2388 1222 1270 1271 
2389 1222 1271 1223 
2390 1223 1271 1272 
2391 1223 1272 1224 
2392 1224 1272 1273 
2393 1224 1273 1225 
2394 1225 1273 1274 
2395 1225 1274 1226 
2396 1226 1274 1275 
2397 1226 1275 1227 
2398 1227 1275 1276 
2399 1227 1276 1228 
2400 1228 1276 1277 
2401 1228 1277 1229 
2402 1229 1277 1278 
2403 1229 1278 131 
2404 131 1278 130 
2405 26 27 1230 
2406 1230 27 1279 
2407 1230 1279 1231 
2408 1231 1279 1280 
2409 1231 1280 1232 
2410 1232 1280 1281 
2411 1232 1281 1233 
2412 1233 1281 1282 
2413 1233 1282 1234 
2414 1234 1282 1283 
2415 1234 1283 1235 
2416 1235 1283 1284 
2417 1235 1284 1236 
2418 1236 1284 1285 
2419 1236 1285 1237 
2420 1237 1285 1286 
2421 1237 1286 1238 
2422 1238 1286 1287 
2423 1238 1287 1239 
2424 1239 1287 1288 
2425 1239 1288 1240 
2426 1240 1288 1289 
2427 1240 1289 1241 
2428 1241 1289 1290 
2429 1241 1290 1242 
2430 1242 1290 1291 
2431 1242 1291 1243 
2432 1243 1291 1292 
2433 1243 1292 1244 
2434 1244 1292 1293 
2435 1244 1293 1245 
2436 1245 1293 1294 
2437 1245 1294 1246 
2438 1246 1294 1295 
2439 1246 1295 1247 
2440 1247 1295 1296 
2441 1247 1296 1248 
2442 1248 1296 1297 
2443 1248 1297 1249 
2444 1249 1297 1298 
2445 1249 1298 1250 
2446 1250 1298 1299 
2447 1250 1299 1251 
2448 1251 1299 1300 
2449 1251 1300 1252 
2450 1252 1300 1301 
2451 1252 1301 1253 
2452 1253 1301 1302 
2453 1253 1302 1254 
2454 1254 1302 1303 
2455 1254 1303 1255 
2456 1255 1303 1304 
2457 1255 1304 1256 
2458 1256 1304 1305 
2459 1256 1305 1257 
2460 1257 1305 1306 
2461 1257 1306 1258 
2462 1258 1306 1307 
2463 1258 1307 1259 
2464 1259 1307 1308 
2465 1259 1308 1260 
2466 1260 1308 1309 
2467 1260 1309 1261 
2468 1261 1309 1310 
2469 1261 1310 1262 
2470 1262 1310 1311 
2471 1262 1311 1263 
2472 1263 1311 1312 
2473 1263 1312 1264 
2474 1264 1312 1313 
2475 1264 1313 1265 
2476 1265 1313 1314 
2477 1265 1314 1266 
2478 1266 1314 1315 
2479 1266 1315 1267 
2480 1267 1315 1316 
2481 1267 1316 1268 
2482 1268 1316 1317 
2483 1268 1317 1269 
2484 1269 1317 1318 
2485 1269 1318 1270 
2486 1270 1318 1319 
2487 1270 1319 1271 
2488 1271 1319 1320 
2489 1271 1320 1272 
2490 1272 1320 1321 
2491 1272 1321 1273 
2492 1273 1321 1322 
2493 1273 1322 1274 
2494 1274 1322 1323 
2495 1274 1323 1275 
2496 1275 1323 1324 
2497 1275 1324 1276 
2498 1276 1324 1325 
2499 1276 1325 1277 
2500 1277 1325 1326 
2501 1277 1326 1278 
2502 1278 1326 1327 
2503 1278 1327 130 
2504 130 1327 129 
2505 27 28 1279 
2506 1279 28 1328 
2507 1279 1328 1280 
2508 1280 1328 1329 
2509 1280 1329 1281 
2510 1281 1329 1330 
2511 1281 1330 1282 
2512 1282 1330 1331 
2513 1282 1331 1283 
2514 1283 1331 1332 
2515 1283 1332 1284 
2516 1284 1332 1333 
2517 1284 1333 1285 
2518 1285 1333 1334 
2519 1285 1334 1286 
2520 1286 1334 1335 
2521 1286 1335 1287 
2522 1287 1335 1336 
2523 1287 1336 1288 
2524 1288 1336 1337 
2525 1288 1337 1289 
2526 1289 1337 1338 
2527 1289 1338 1290 
2528 1290 1338 1339 
2529 1290 1339 1291 
2530 1291 1339 1340 
2531 1291 1340 1292 
2532 1292 1340 1341 
2533 1292 1341 1293 
2534 1293 1341 1342 
2535 1293 1342 1294 
2536 1294 1342 1343 
2537 1294 1343 1295 
2538 1295 1343 1344 
2539 1295 1344 1296 
2540 1296 1344 1345 
2541 1296 1345 1297 
2542 1297 1345 1346 
2543 1297 1346 1298 
2544 1298 1346 1347 
2545 1298 1347 1299 
2546 1299 1347 1348 
2547 1299 1348 1300 
2548 1300 1348 1349 
2549 1300 1349 1301 
2550 1301 1349 1350 
2551 1301 1350 1302 
2552 1302 1350 1351 
2553 1302 1351 1303 
2554 1303 1351 1352 
2555 1303 1352 1304 
2556 1304 1352 1353 
2557 1304 1353 1305 
2558 1305 1353 1354 
2559 1305 1354 1306 
2560 1306 1354 1355 
2561 1306 1355 1307 
2562 1307 1355 1356 
2563 1307 1356 1308 
2564 1308 1356 1357 
2565 1308 1357 1309 
2566 1309 1357 1358 
2567 1309 1358 1310 
2568 1310 1358 1359 
2569 1310 1359 1311 
2570 1311 1359 1360 
2571 1311 1360 1312 
2572 1312 1360 1361 
2573 1312 1361 1313 
2574 1313 1361 1362 
2575 1313 1362 1314 
2576 1314 1362 1363 
2577 1314 1363 1315 
2578 1315 1363 1364 
2579 1315 1364 1316 
2580 1316 1364 1365 
2581 1316 1365 1317 
2582 1317 1365 1366 
2583 1317 1366 1318 
2584 1318 1366 1367 
2585 1318 1367 1319 
2586 1319 1367 1368 
2587 1319 1368 1320 
2588 1320 1368 1369 
2589 1320 1369 1321 
2590 1321 1369 1370 
2591 1321 1370 1322 
2592 1322 1370 1371 
2593 1322 1371 1323 
2594 1323 1371 1372 
2595 1323 1372 1324 
2596 1324 1372 1373 
2597 1324 1373 1325 
2598 1325 1373 1374 
2599 1325 1374 1326 
2600 1326 1374 1375 
2601 1326 1375 1327 
2602 1327 1375 1376 
2603 1327 1376 129 
2604 129 1376 128 
2605 28 29 1328 
2606 1328 29 1377 
2607 1328 1377 1329 
2608 1329 1377 1378 
2609 1329 1378 1330 
2610 1330 1378 1379 
2611 1330 1379 1331 
2612 1331 1379 1380 
2613 1331 1380 1332 
2614 1332 1380 1381 
2615 1332 1381 1333 
2616 1333 1381 1382 
2617 1333 1382 1334 
2618 1334 1382 1383 
2619 1334 1383 1335 
2620 1335 1383 1384 
2621 1335 1384 1336 
2622 1336 1384 1385 
2623 1336 1385 1337 
2624 1337 1385 1386 
2625 1337 1386 1338 
2626 1338 1386 1387 
2627 1338 1387 1339 
2628 1339 1387 1388 
2629 1339 1388 1340 
2630 1340 1388 1389 
2631 1340 1389 1341 
2632 1341 1389 1390 
2633 1341 1390 1342 
2634 1342 1390 1391 
2635 1342 1391 1343 
2636 1343 1391 1392 
2637 1343 1392 1344 
2638 1344 1392 1393 
2639 1344 1393 1345 
2640 1345 1393 1394 
2641 1345 1394 1346 
2642 1346 1394 1395 
2643 1346 1395 1347 
2644 1347 1395 1396 
2645 1347 1396 1348 
2646 1348 1396 1397 
2647 1348 1397 1349 
2648 1349 1397 1398 
2649 1349 1398 1350 
2650 1350 1398 1399 
2651 1350 1399 1351 
2652 1351 1399 1400 
2653 1351 1400 1352 
2654 1352 1400 1401 
2655 1352 1401 1353 
2656 1353 1401 1402 
2657 1353 1402 1354 
2658 1354 1402 1403 
2659 1354 1403 1355 
2660 1355 1403 1404 
2661 1355 1404 1356 
2662 1356 1404 1405 
2663 1356 1405 1357 
2664 1357 1405 1406 
2665 1357 1406 1358 
2666 1358 1406 1407 
2667 1358 1407 1359 
2668 1359 1407 1408 
2669 1359 1408 1360 
2670 1360 1408 1409 
2671 1360 1409 1361 
2672 1361 1409 1410 
2673 1361 1410 1362 
2674 1362 1410 1411 
2675 1362 1411 1363 
2676 1363 1411 1412 
2677 1363 1412 1364 
2678 1364 1412 1413 
2679 1364 1413 1365 
2680 1365 1413 1414 
2681 1365 1414 1366 
2682 1366 1414 1415 
2683 1366 1415 1367 
2684 1367 1415 1416 
2685 1367 1416 1368 
2686 1368 1416 1417 
2687 1368 1417 1369 
2688 1369 1417 1418 
2689 1369 1418 1370 
2690 1370 1418 1419 
2691 1370 1419 1371 
2692 1371 1419 1420 
2693 1371 1420 1372 
2694 1372 1420 1421 
2695 1372 1421 1373 
2696 1373 1421 1422 
2697 1373 1422 1374 
2698 1374 1422 1423 
2699 1374 1423 1375 
2700 1375 1423 1424 
2701 1375 1424 1376 
2702 1376 1424 1425 
2703 1376 1425 128 
2704 128 1425 127 
2705 29 30 1377 
2706 1377 30 1426 
2707 1377 1426 1378 
2708 1378 1426 1427 
2709 1378 1427 1379 
2710 1379 1427 1428 
2711 1379 1428 1380 
2712 1380 1428 1429 
2713 1380 1429 1381 
2714 1381 1429 1430 
2715 1381 1430 1382 
2716 1382 1430 1431 
2717 1382 1431 1383 
2718 1383 1431 1432 
2719 1383 1432 1384 
2720 1384 1432 1433 
2721 1384 1433 1385 
2722 1385 1433 1434 
2723 1385 1434 1386 
2724 1386 1434 1435 
2725 1386 1435 1387 
2726 1387 1435 1436 
2727 1387 1436 1388 
2728 1388 1436 1437 
2729 1388 1437 1389 
2730 1389 1437 1438 
2731 1389 1438 1390 
2732 1390 1438 1439 
2733 1390 1439 1391 
2734 1391 1439 1440 
2735 1391 1440 1392 
2736 1392 1440 1441 
2737 1392 1441 1393 
2738 1393 1441 1442 
2739 1393 1442 1394 
2740 1394 1442 1443 
2741 1394 1443 1395 
2742 1395 1443 1444 
2743 1395 1444 1396 
2744 1396 1444 1445 
2745 1396 1445 1397 
2746 1397 1445 1446 
2747 1397 1446 1398 
2748 1398 1446 1447 
2749 1398 1447 1399 
2750 1399 1447 1448 
2751 1399 1448 1400 
2752 1400 1448 1449 
2753 1400 1449 1401 
2754 1401 1449 1450 
2755 1401 1450 1402 
2756 1402 1450 1451 
2757 1402 1451 1403 
2758 1403 1451 1452 
2759 1403 1452 1404 
2760 1404 1452 1453 
2761 1404 1453 1405 
2762 1405 1453 1454 
2763 1405 1454 1406 
2764 1406 1454 1455 
2765 1406 1455 1407 
2766 1407 1455 1456 
2767 1407 1456 1408 
2768 1408 1456 1457 
2769 1408 1457 1409 
2770 1409 1457 1458 
2771 1409 1458 1410 
2772 1410 1458 1459 
2773 1410 1459 1411 
2774 1411 1459 1460 
2775 1411 1460 1412 
2776 1412 1460 1461 
2777 1412 1461 1413 
2778 1413 1461 1462 
2779 1413 1462 1414 
2780 1414 1462 1463 
2781 1414 1463 1415 
2782 1415 1463 1464 
2783 1415 1464 1416 
2784 1416 1464 1465 
2785 1416 1465 1417 
2786 1417 1465 1466 
2787 1417 1466 1418 
2788 1418 1466 1467 
2789 1418 1467 1419 
2790 1419 1467 1468 
2791 1419 1468 1420 
2792 1420 1468 1469 
2793 1420 1469 1421 
2794 1421 1469 1470 
2795 1421 1470 1422 
2796 1422 1470 1471 
2797 1422 1471 1423 
2798 1423 1471 1472 
2799 1423 1472 1424 
2800 1424 1472 1473 
2801 1424 1473 1425 
2802 1425 1473 1474 
2803 1425 1474 127 
2804 127 1474 126 
2805 30 31 1426 
2806 1426 31 1475 
2807 1426 1475 1427 
2808 1427 1475 1476 
2809 1427 1476 1428 
2810 1428 1476 1477 
2811 1428 1477 1429 
2812 1429 1477 1478 
2813 1429 1478 1430 
2814 1430 1478 1479 
2815 1430 1479 1431 
2816 1431 1479 1480 
2817 1431 1480 1432 
2818 1432 1480 1481 
2819 1432 1481 1433 
2820 1433 1481 1482 
2821 1433 1482 1434 
2822 1434 1482 1483 
2823 1434 1483 1435 
2824 1435 1483 1484 
2825 1435 1484 1436 
2826 1436 1484 1485 
2827 1436 1485 1437 
2828 1437 1485 1486 
2829 1437 1486 1438 
2830 1438 1486 1487 
2831 1438 1487 1439 
2832 1439 1487 1488 
2833 1439 1488 1440 
2834 1440 1488 1489 
2835 1440 1489 1441 
2836 1441 1489 1490 
2837 1441 1490 1442 
2838 1442 1490 1491 
2839 1442 1491 1443 
2840 1443 1491 1492 
2841 1443 1492 1444 
2842 1444 1492 1493 
2843 1444 1493 1445 
2844 1445 1493 1494 
2845 1445 1494 1446 
2846 1446 1494 1495 
2847 1446 1495 1447 
2848 1447 1495 1496 
2849 1447 1496 1448 
2850 1448 1496 1497 
2851 1448 1497 1449 
2852 1449 1497 1498 
2853 1449 1498 1450 
2854 1450 1498 1499 
2855 1450 1499 1451 
2856 1451 1499 1500 
2857 1451 1500 1452 
2858 1452 1500 1501 
2859 1452 1501 1453 
2860 1453 1501 1502 
2861 1453 1502 1454 
2862 1454 1502 1503 
2863 1454 1503 1455 
2864 1455 1503 1504 
2865 1455 1504 1456 
2866 1456 1504 1505 
2867 1456 1505 1457 
2868 1457 1505 1506 
2869 1457 1506 1458 
2870 1458 1506 1507 
2871 1458 1507 1459 
2872 1459 1507 1508 
2873 1459 1508 1460 
2874 1460 1508 1509 
2875 1460 1509 1461 
2876 1461 1509 1510 
2877 1461 1510 1462 
2878 1462 1510 1511 
2879 1462 1511 1463 
2880 1463 1511 1512 
2881 1463 1512 1464 
2882 1464 1512 1513 
2883 1464 1513 1465 
2884 1465 1513 1514 
2885 1465 1514 1466 
2886 1466 1514 1515 
2887 1466 1515 1467 
2888 1467 1515 1516 
2889 1467 1516 1468 
2890 1468 1516 1517 
2891 1468 1517 1469 
2892 1469 1517 1518 
2893 1469 1518 1470 
2894 1470 1518 1519 
2895 1470 1519 1471 
2896 1471 1519 1520 
2897 1471 1520 1472 
2898 1472 1520 1521 
2899 1472 1521 1473 
2900 1473 1521 1522 
2901 1473 1522 1474 
2902 1474 1522 1523 
2903 1474 1523 126 
2904 126 1523 125 
2905 31 32 1475 
2906 1475 32 1524 
2907 1475 1524 1476 
2908 1476 1524 1525 
2909 1476 1525 1477 
2910 1477 1525 1526 
2911 1477 1526 1478 
2912 1478 1526 1527 
2913 1478 1527 1479 
2914 1479 1527 1528 
2915 1479 1528 1480 
2916 1480 1528 1529 
2917 1480 1529 1481 
2918 1481 1529 1530 
2919 1481 1530 1482 
2920 1482 1530 1531 
2921 1482 1531 1483 
2922 1483 1531 1532 
2923 1483 1532 1484 
2924 1484 1532 1533 
2925 1484 1533 1485 
2926 1485 1533 1534 
2927 1485 1534 1486 
2928 1486 1534 1535 
2929 1486 1535 1487 
2930 1487 1535 1536 
2931 1487 1536 1488 
2932 1488 1536 1537 
2933 1488 1537 1489 
2934 1489 1537 1538 
2935 1489 1538 1490 
2936 1490 1538 1539 
2937 1490 1539 1491 
2938 1491 1539 1540 
2939 1491 1540 1492 
2940 1492 1540 1541 
2941 1492 1541 1493 
2942 1493 1541 1542 
2943 1493 1542 1494 
2944 1494 1542 1543 
2945 1494 1543 1495 
2946 1495 1543 1544 
2947 1495 1544 1496 
2948 1496 1544 1545 
2949 1496 1545 1497 
2950 1497 1545 1546 
2951 1497 1546 1498 
2952 1498 1546 1547 
2953 1498 1547 1499 
2954 1499 1547 1548 
2955 1499 1548 1500 
2956 1500 1548 1549 
2957 1500 1549 1501 
2958 1501 1549 1550 
2959 1501 1550 1502 
2960 1502 1550 1551 
2961 1502 1551 1503 
2962 1503 1551 1552 
2963 1503 1552 1504 
2964 1504 1552 1553 
2965 1504 1553 1505 
2966 1505 1553 1554 
2967 1505 1554 1506 
2968 1506 1554 1555 
2969 1506 1555 1507 
2970 1507 1555 1556 
2971 1507 1556 1508 
2972 1508 1556 1557 
2973 1508 1557 1509 
2974 1509 1557 1558 
2975 1509 1558 1510 
2976 1510 1558 1559 
2977 1510 1559 1511 
2978 1511 1559 1560 
2979 1511 1560 1512 
2980 1512 1560 1561 
2981 1512 1561 1513 
2982 1513 1561 1562 
2983 1513 1562 1514 
2984 1514 1562 1563 
2985 1514 1563 1515 
2986 1515 1563 1564 
2987 1515 1564 1516 
2988 1516 1564 1565 
2989 1516 1565 1517 
2990 1517 1565 1566 
2991 1517 1566 1518 
2992 1518 1566 1567 
2993 1518 1567 1519 
2994 1519 1567 1568 
2995 1519 1568 1520 
2996 1520 1568 1569 
2997 1520 1569 1521 
2998 1521 1569 1570 
2999 1521 1570 1522 
3000 1522 1570 1571 
3001 1522 1571 1523 
3002 1523 1571 1572 
3003 1523 1572 125 
3004 125 1572 124 
3005 32 33 1524 
3006 1524 33 1573 
3007 1524 1573 1525 
3008 1525 1573 1574 
3009 1525 1574 1526 
3010 1526 1574 1575 
3011 1526 1575 1527 
3012 1527 1575 1576 
3013 1527 1576 1528 
3014 1528 1576 1577 
3015 1528 1577 1529 
3016 1529 1577 1578 
3017 1529 1578 1530 
3018 1530 1578 1579 
3019 1530 1579 1531 
3020 1531 1579 1580 
3021 1531 1580 1532 
3022 1532 1580 1581 
3023 1532 1581 1533 
3024 1533 1581 1582 
3025 1533 1582 1534 
3026 1534 1582 1583 
3027 1534 1583 1535 
3028 1535 1583 1584 
3029 1535 1584 1536 
3030 1536 1584 1585 
3031 1536 1585 1537 
3032 1537 1585 1586 
3033 1537 1586 1538 
3034 1538 1586 1587 
3035 1538 1587 1539 
3036 1539 1587 1588 
3037 1539 1588 1540 
3038 1540 1588 1589 
3039 1540 1589 1541 
3040 1541 1589 1590 
3041 1541 1590 1542 
3042 1542 1590 1591 
3043 1542 1591 1543 
3044 1543 1591 1592 
3045 1543 1592 1544 
3046 1544 1592 1593 
3047 1544 1593 1545 
3048 1545 1593 1594 
3049 1545 1594 1546 
3050 1546 1594 1595 
3051 1546 1595 1547 
3052 1547 1595 1596 
3053 1547 1596 1548 
3054 1548 1596 1597 
3055 1548 1597 1549 
3056 1549 1597 1598 
3057 1549 1598 1550 
3058 1550 1598 1599 
3059 1550 1599 1551 
3060 1551 1599 1600 
3061 1551 1600 1552 
3062 1552 1600 1601 
3063 1552 1601 1553 
3064 1553 1601 1602 
3065 1553 1602 1554 
3066 1554 1602 1603 
3067 1554 1603 1555 
3068 1555 1603 1604 
3069 1555 1604 1556 
3070 1556 1604 1605 
3071 1556 1605 1557 
3072 1557 1605 1606 
3073 1557 1606 1558 
3074 1558 1606 1607 
3075 1558 1607 1559 
3076 1559 1607 1608 
3077 1559 1608 1560 
3078 1560 1608 1609 
3079 1560 1609 1561 
3080 1561 1609 1610 
3081 1561 1610 1562 
3082 1562 1610 1611 
3083 1562 1611 1563 
3084 1563 1611 1612 
3085 1563 1612 1564 
3086 1564 1612 1613 
3087 1564 1613 1565 
3088 1565 1613 1614 
3089 1565 1614 1566 
3090 1566 1614 1615 
3091 1566 1615 1567 
3092 1567 1615 1616 
3093 1567 1616 1568 
3094 1568 1616 1617 
3095 1568 1617 1569 
3096 1569 1617 1618 
3097 1569 1618 1570 
3098 1570 1618 1619 
3099 1570 1619 1571 
3100 1571 1619 1620 
3101 1571 1620 1572 
3102 1572 1620 1621 
3103 1572 1621 124 
3104 124 1621 123 
3105 33 34 1573 
3106 1573 34 1622 
3107 1573 1622 1574 
3108 1574 1622 1623 
3109 1574 1623 1575 
3110 1575 1623 1624 
3111 1575 1624 1576 
3112 1576 1624 1625 
3113 1576 1625 1577 
3114 1577 1625 1626 
3115 1577 1626 1578 
3116 1578 1626 1627 
3117 1578 1627 1579 
3118 1579 1627 1628 
3119 1579 1628 1580 
3120 1580 1628 1629 
3121 1580 1629 1581 
3122 1581 1629 1630 
3123 1581 1630 1582 
3124 1582 1630 1631 
3125 1582 1631 1583 
3126 1583 1631 1632 
3127 1583 1632 1584 
3128 1584 1632 1633 
3129 1584 1633 1585 
3130 1585 1633 1634 
3131 1585 1634 1586 
3132 1586 1634 1635 
3133 1586 1635 1587 
3134 1587 1635 1636 
3135 1587 1636 1588 
3136 1588 1636 1637 
3137 1588 1637 1589 
3138 1589 1637 1638 
3139 1589 1638 1590 
3140 1590 1638 1639 
3141 1590 1639 1591 
3142 1591 1639 1640 
3143 1591 1640 1592 
3144 1592 1640 1641 
3145 1592 1641 1593 
3146 1593 1641 1642 
3147 1593 1642 1594 
3148 1594 1642 1643 
3149 1594 1643 1595 
3150 1595 1643 1644 
3151 1595 1644 1596 
3152 1596 1644 1645 
3153 1596 1645 1597 
3154 1597 1645 1646 
3155 1597 1646 1598 
3156 1598 1646 1647 
3157 1598 1647 1599 
3158 1599 1647 1648 
3159 1599 1648 1600 
3160 1600 1648 1649 
3161 1600 1649 1601 
3162 1601 1649 1650 
3163 1601 1650 1602 
3164 1602 1650 1651 
3165 1602 1651 1603 
3166 1603 1651 1652 
3167 1603 1652 1604 
3168 1604 1652 1653 
3169 1604 1653 1605 
3170 1605 1653 1654 
3171 1605 1654 1606 
3172 1606 1654 1655 
3173 1606 1655 1607 
3174 1607 1655 1656 
3175 1607 1656 1608 
3176 1608 1656 1657 
3177 1608 1657 1609 
3178 1609 1657 1658 
3179 1609 1658 1610 
3180 1610 1658 1659 
3181 1610 1659 1611 
3182 1611 1659 1660 
3183 1611 1660 1612 
3184 1612 1660 1661 
3185 1612 1661 1613 
3186 1613 1661 1662 
3187 1613 1662 1614 
3188 1614 1662 1663 
3189 1614 1663 1615 
3190 1615 1663 1664 
3191 1615 1664 1616 
3192 1616 1664 1665 
3193 1616 1665 1617 
3194 1617 1665 1666 
3195 1617 1666 1618 
3196 1618 1666 1667 
3197 1618 1667 1619 
3198 1619 1667 1668 
3199 1619 1668 1620 
3200 1620 1668 1669 
3201 1620 1669 1621 
3202 1621 1669 1670 
3203 1621 1670 123 
3204 123 1670 122 
3205 34 35 1622 
3206 1622 35 1671 
3207 1622 1671 1623 
3208 1623 1671 1672 
3209 1623 1672 1624 
3210 1624 1672 1673 
3211 1624 1673 1625 
3212 1625 1673 1674 
3213 1625 1674 1626 
3214 1626 1674 1675 
3215 1626 1675 1627 
3216 1627 1675 1676 
3217 1627 1676 1628 
3218 1628 1676 1677 
3219 1628 1677 1629 
3220 1629 1677 1678 
3221 1629 1678 1630 
3222 1630 1678 1679 
3223 1630 1679 1631 
3224 1631 1679 1680 
3225 1631 1680 1632 
3226 1632 1680 1681 
3227 1632 1681 1633 
3228 1633 1681 1682 
3229 1633 1682 1634 
3230 1634 1682 1683 
3231 1634 1683 1635 
3232 1635 1683 1684 
3233 1635 1684 1636 
3234 1636 1684 1685 
3235 1636 1685 1637 
3236 1637 1685 1686 
3237 1637 1686 1638 
3238 1638 1686 1687 
3239 1638 1687 1639 
3240 1639 1687 1688 
3241 1639 1688 1640 
3242 1640 1688 1689 
3243 1640 1689 1641 
3244 1641 1689 1690 
3245 1641 1690 1642 
3246 1642 1690 1691 
3247 1642 1691 1643 
3248 1643 1691 1692 
3249 1643 1692 1644 
3250 1644 1692 1693 
3251 1644 1693 1645 
3252 1645 1693 1694 
3253 1645 1694 1646 
3254 1646 1694 1695 
3255 1646 1695 1647 
3256 1647 1695 1696 
3257 1647 1696 1648 
3258 1648 1696 1697 
3259 1648 1697 1649 
3260 1649 1697 1698 
3261 1649 1698 1650 
3262 1650 1698 1699 
3263 1650 1699 1651 
3264 1651 1699 1700 
3265 1651 1700 1652 
3266 1652 1700 1701 
3267 1652 1701 1653 
3268 1653 1701 1702 
3269 1653 1702 1654 
3270 1654 1702 1703 
3271 1654 1703 1655 
3272 1655 1703 1704 
3273 1655 1704 1656 
3274 1656 1704 1705 
3275 1656 1705 1657 
3276 1657 1705 1706 
3277 1657 1706 1658 
3278 1658 1706 1707 
3279 1658 1707 1659 
3280 1659 1707 1708 
3281 1659 1708 1660 
3282 1660 1708 1709 
3283 1660 1709 1661 
3284 1661 1709 1710 
3285 1661 1710 1662 
3286 1662 1710 1711 
3287 1662 1711 1663 
3288 1663 1711 1712 
3289 1663 1712 1664 
3290 1664 1712 1713 
3291 1664 1713 1665 
3292 1665 1713 1714 
3293 1665 1714 1666 
3294 1666 1714 1715 
3295 1666 1715 1667 
3296 1667 1715 1716 
3297 1667 1716 1668 
3298 1668 1716 1717 
3299 1668 1717 1669 
3300 1669 1717 1718 
3301 1669 1718 1670 
3302 1670 1718 1719 
3303 1670 1719 122 
3304 122 1719 121 
3305 35 36 1671 
3306 1671 36 1720 
3307 1671 1720 1672 
3308 1672 1720 1721 
3309 1672 1721 1673 
3310 1673 1721 1722 
3311 1673 1722 1674 
3312 1674 1722 1723 
3313 1674 1723 1675 
3314 1675 1723 1724 
3315 1675 1724 1676 
3316 1676 1724 1725 
3317 1676 1725 1677 
3318 1677 1725 1726 
3319 1677 1726 1678 
3320 1678 1726 1727 
3321 1678 1727 1679 
3322 1679 1727 1728 
3323 1679 1728 1680 
3324 1680 1728 1729 
3325 1680 1729 1681 
3326 1681 1729 1730 
3327 1681 1730 1682 
3328 1682 1730 1731 
3329 1682 1731 1683 
3330 1683 1731 1732 
3331 1683 1732 1684 
3332 1684 1732 1733 
3333 1684 1733 1685 
3334 1685 1733 1734 
3335 1685 1734 1686 
3336 1686 1734 1735 
3337 1686 1735 1687 
3338 1687 1735 1736 
3339 1687 1736 1688 
3340 1688 1736 1737 
3341 1688 1737 1689 
3342 1689 1737 1738 
3343 1689 1738 1690 
3344 1690 1738 1739 
3345 1690 1739 1691 
3346 1691 1739 1740 
3347 1691 1740 1692 
3348 1692 1740 1741 
3349 1692 1741 1693 
3350 1693 1741 1742 
3351 1693 1742 1694 
3352 1694 1742 1743 
3353 1694 1743 1695 
3354 1695 1743 1744 
3355 1695 1744 1696 
3356 1696 1744 1745 
3357 1696 1745 1697 
3358 1697 1745 1746 
3359 1697 1746 1698 
3360 1698 1746 1747 
3361 1698 1747 1699 
3362 1699 1747 1748 
3363 1699 1748 1700 
3364 1700 1748 1749 
3365 1700 1749 1701 
3366 1701 1749 1750 
3367 1701 1750 1702 
3368 1702 1750 1751 
3369 1702 1751 1703 
3370 1703 1751 1752 
3371 1703 1752 1704 
3372 1704 1752 1753 
3373 1704 1753 1705 
3374 1705 1753 1754 
3375 1705 1754 1706 
3376 1706 1754 1755 
3377 1706 1755 1707 
3378 1707 1755 1756 
3379 1707 1756 1708 
3380 1708 1756 1757 
3381 1708 1757 1709 
3382 1709 1757 1758 
3383 1709 1758 1710 
3384 1710 1758 1759 
3385 1710 1759 1711 
3386 1711 1759 1760 
3387 1711 1760 1712 
3388 1712 1760 1761 
3389 1712 1761 1713 
3390 1713 1761 1762 
3391 1713 1762 1714 
3392 1714 1762 1763 
3393 1714 1763 1715 
3394 1715 1763 1764 
3395 1715 1764 1716 
3396 1716 1764 1765 
3397 1716 1765 1717 
3398 1717 1765 1766 
3399 1717 1766 1718 
3400 1718 1766 1767 
3401 1718 1767 1719 
3402 1719 1767 1768 
3403 1719 1768 121 
3404 121 1768 120 
3405 36 37 1720 
3406 1720 37 1769 
3407 1720 1769 1721 
3408 1721 1769 1770 
3409 1721 1770 1722 
3410 1722 1770 1771 
3411 1722 1771 1723 
3412 1723 1771 1772 
3413 1723 1772 1724 
3414 1724 1772 1773 
3415 1724 1773 1725 
3416 1725 1773 1774 
3417 1725 1774 1726 
3418 1726 1774 1775 
3419 1726 1775 1727 
3420 1727 1775 1776 
3421 1727 1776 1728 
3422 1728 1776 1777 
3423 1728 1777 1729 
3424 1729 1777 1778 
3425 1729 1778 1730 
3426 1730 1778 1779 
3427 1730 1779 1731 
3428 1731 1779 1780 
3429 1731 1780 1732 
3430 1732 1780 1781 
3431 1732 1781 1733 
3432 1733 1781 1782 
3433 1733 1782 1734 
3434 1734 1782 1783 
3435 1734 1783 1735 
3436 1735 1783 1784 
3437 1735 1784 1736 
3438 1736 1784 1785 
3439 1736 1785 1737 
3440 1737 1785 1786 
3441 1737 1786 1738 
3442 1738 1786 1787 
3443 1738 1787 1739 
3444 1739 1787 1788 
3445 1739 1788 1740 
3446 1740 1788 1789 
3447 1740 1789 1741 
3448 1741 1789 1790 
3449 1741 1790 1742 
3450 1742 1790 1791 
3451 1742 1791 1743 
3452 1743 1791 1792 
3453 1743 1792 1744 
3454 1744 1792 1793 
3455 1744 1793 1745 
3456 1745 1793 1794 
3457 1745 1794 1746 
3458 1746 1794 1795 
3459 1746 1795 1747 
3460 1747 1795 1796 
3461 1747 1796 1748 
3462 1748 1796 1797 
3463 1748 1797 1749 
3464 1749 1797 1798 
3465 1749 1798 1750 
3466 1750 1798 1799 
3467 1750 1799 1751 
3468 1751 1799 1800 
3469 1751 1800 1752 
3470 1752 1800 1801 
3471 1752 1801 1753 
3472 1753 1801 1802 
3473 1753 1802 1754 
3474 1754 1802 1803 
3475 1754 1803 1755 
3476 1755 1803 1804 
3477 1755 1804 1756 
3478 1756 1804 1805 
3479 1756 1805 1757 
3480 1757 1805 1806 
3481 1757 1806 1758 
3482 1758 1806 1807 
3483 1758 1807 1759 
3484 1759 1807 1808 
3485 1759 1808 1760 
3486 1760 1808 1809 
3487 1760 1809 1761 
3488 1761 1809 1810 
3489 1761 1810 1762 
3490 1762 1810 1811 
3491 1762 1811 1763 
3492 1763 1811 1812 
3493 1763 1812 1764 
3494 1764 1812 1813 
3495 1764 1813 1765 
3496 1765 1813 1814 
3497 1765 1814 1766 
3498 1766 1814 1815 
3499 1766 1815 1767 
3500 1767 1815 1816 
3501 1767 1816 1768 
3502 1768 1816 1817 
3503 1768 1817 120 
3504 120 1817 119 
3505 37 38 1769 
3506 1769 38 1818 
3507 1769 1818 1770 
3508 1770 1818 1819 
3509 1770 1819 1771 
3510 1771 1819 1820 
3511 1771 1820 1772 
3512 1772 1820 1821 
3513 1772 1821 1773 
3514 1773 1821 1822 
3515 1773 1822 1774 
3516 1774 1822 1823 
3517 1774 1823 1775 
3518 1775 1823 1824 
3519 1775 1824 1776 
3520 1776 1824 1825 
3521 1776 1825 1777 
3522 1777 1825 1826 
3523 1777 1826 1778 
3524 1778 1826 1827 
3525 1778 1827 1779 
3526 1779 1827 1828 
3527 1779 1828 1780 
3528 1780 1828 1829 
3529 1780 1829 1781 
3530 1781 1829 1830 
3531 1781 1830 1782 
3532 1782 1830 1831 
3533 1782 1831 1783 
3534 1783 1831 1832 
3535 1783 1832 1784 
3536 1784 1832 1833 
3537 1784 1833 1785 
3538 1785 1833 1834 
3539 1785 1834 1786 
3540 1786 1834 1835 
3541 1786 1835 1787 
3542 1787 1835 1836 
3543 1787 1836 1788 
3544 1788 1836 1837 
3545 1788 1837 1789 
3546 1789 1837 1838 
3547 1789 1838 1790 
3548 1790 1838 1839 
3549 1790 1839 1791 
3550 1791 1839 1840 
3551 1791 1840 1792 
3552 1792 1840 1841 
3553 1792 1841 1793 
3554 1793 1841 1842 
3555 1793 1842 1794 
3556 1794 1842 1843 
3557 1794 1843 1795 
3558 1795 1843 1844 
3559 1795 1844 1796 
3560 1796 1844 1845 
3561 1796 1845 1797 
3562 1797 1845 1846 
3563 1797 1846 1798 
3564 1798 1846 1847 
3565 1798 1847 1799 
3566 1799 1847 1848 
3567 1799 1848 1800 
3568 1800 1848 1849 
3569 1800 1849 1801 
3570 1801 1849 1850 
3571 1801 1850 1802 
3572 1802 1850 1851 
3573 1802 1851 1803 
3574 1803 1851 1852 
3575 1803 1852 1804 
3576 1804 1852 1853 
3577 1804 1853 1805 
3578 1805 1853 1854 
3579 1805 1854 1806 
3580 1806 1854 1855 
3581 1806 1855 1807 
3582 1807 1855 1856 
3583 1807 1856 1808 
3584 1808 1856 1857 
3585 1808 1857 1809 
3586 1809 1857 1858 
3587 1809 1858 1810 
3588 1810 1858 1859 
3589 1810 1859 1811 
3590 1811 1859 1860 
3591 1811 1860 1812 
3592 1812 1860 1861 
3593 1812 1861 1813 
3594 1813 1861 1862 
3595 1813 1862 1814 
3596 1814 1862 1863 
3597 1814 1863 1815 
3598 1815 1863 1864 
3599 1815 1864 1816 
3600 1816 1864 1865 
3601 1816 1865 1817 
3602 1817 1865 1866 
3603 1817 1866 119 
3604 119 1866 118 
3605 38 39 1818 
3606 1818 39 1867 
3607 1818 1867 1819 
3608 1819 1867 1868 
3609 1819 1868 1820 
3610 1820 1868 1869 
3611 1820 1869 1821 
3612 1821 1869 1870 
3613 1821 1870 1822 
3614 1822 1870 1871 
3615 1822 1871 1823 
3616 1823 1871 1872 
3617 1823 1872 1824 
3618 1824 1872 1873 
3619 1824 1873 1825 
3620 1825 1873 1874 
3621 1825 1874 1826 
3622 1826 1874 1875 
3623 1826 1875 1827 
3624 1827 1875 1876 
3625 1827 1876 1828 
3626 1828 1876 1877 
3627 1828 1877 1829 
3628 1829 1877 1878 
3629 1829 1878 1830 
3630 1830 1878 1879 
3631 1830 1879 1831 
3632 1831 1879 1880 
3633 1831 1880 1832 
3634 1832 1880 1881 
3635 1832 1881 1833 
3636 1833 1881 1882 
3637 1833 1882 1834 
3638 1834 1882 1883 
3639 1834 1883 1835 
3640 1835 1883 1884 
3641 1835 1884 1836 
3642 1836 1884 1885 
3643 1836 1885 1837 
3644 1837 1885 1886 
3645 1837 1886 1838 
3646 1838 1886 1887 
3647 1838 1887 1839 
3648 1839 1887 1888 
3649 1839 1888 1840 
3650 1840 1888 1889 
3651 1840 1889 1841 
3652 1841 1889 1890 
3653 1841 1890 1842 
3654 1842 1890 1891 
3655 1842 1891 1843 
3656 1843 1891 1892 
3657 1843 1892 1844 
3658 1844 1892 1893 
3659 1844 1893 1845 
3660 1845 1893 1894 
3661 1845 1894 1846 
3662 1846 1894 1895 
3663 1846 1895 1847 
3664 1847 1895 1896 
3665 1847 1896 1848 
3666 1848 1896 1897 
3667 1848 1897 1849 
3668 1849 1897 1898 
3669 1849 1898 1850 
3670 1850 1898 1899 
3671 1850 1899 1851 
3672 1851 1899 1900 
3673 1851 1900 1852 
3674 1852 1900 1901 
3675 1852 1901 1853 
3676 1853 1901 1902 
3677 1853 1902 1854 
3678 1854 1902 1903 
3679 1854 1903 1855 
3680 1855 1903 1904 
3681 1855 1904 1856 
3682 1856 1904 1905 
3683 1856 1905 1857 
3684 1857 1905 1906 
3685 1857 1906 1858 
3686 1858 1906 1907 
3687 1858 1907 1859 
3688 1859 1907 1908 
3689 1859 1908 1860 
3690 1860 1908 1909 
3691 1860 1909 1861 
3692 1861 1909 1910 
3693 1861 1910 1862 
3694 1862 1910 1911 
3695 1862 1911 1863 
3696 1863 1911 1912 
3697 1863 1912 1864 
3698 1864 1912 1913 
3699 1864 1913 1865 
3700 1865 1913 1914 
3701 1865 1914 1866 
3702 1866 1914 1915 
3703 1866 1915 118 
3704 118 1915 117 
3705 39 40 1867 
3706 1867 40 1916 
3707 1867 1916 1868 
3708 1868 1916 1917 
3709 1868 1917 1869 
3710 1869 1917 1918 
3711 1869 1918 1870 
3712 1870 1918 1919 
3713 1870 1919 1871 
3714 1871 1919 1920 
3715 1871 1920 1872 
3716 1872 1920 1921 
3717 1872 1921 1873 
3718 1873 1921 1922 
3719 1873 1922 1874 
3720 1874 1922 1923 
3721 1874 1923 1875 
3722 1875 1923 1924 
3723 1875 1924 1876 
3724 1876 1924 1925 
3725 1876 1925 1877 
3726 1877 1925 1926 
3727 1877 1926 1878 
3728 1878 1926 1927 
3729 1878 1927 1879 
3730 1879 1927 1928 
3731 1879 1928 1880 
3732 1880 1928 1929 
3733 1880 1929 1881 
3734 1881 1929 1930 
3735 1881 1930 1882 
3736 1882 1930 1931 
3737 1882 1931 1883 
3738 1883 1931 1932 
3739 1883 1932 1884 
3740 1884 1932 1933 
3741 1884 1933 1885 
3742 1885 1933 1934 
3743 1885 1934 1886 
3744 1886 1934 1935 
3745 1886 1935 1887 
3746 1887 1935 1936 
3747 1887 1936 1888 
3748 1888 1936 1937 
3749 1888 1937 1889 
3750 1889 1937 1938 
3751 1889 1938 1890 
3752 1890 1938 1939 
3753 1890 1939 1891 
3754 1891 1939 1940 
3755 1891 1940 1892 
3756 1892 1940 1941 
3757 1892 1941 1893 
3758 1893 1941 1942 
3759 1893 1942 1894 
3760 1894 1942 1943 
3761 1894 1943 1895 
3762 1895 1943 1944 
3763 1895 1944 1896 
3764 1896 1944 1945 
3765 1896 1945 1897 
3766 1897 1945 1946 
3767 1897 1946 1898 
3768 1898 1946 1947 
3769 1898 1947 1899 
3770 1899 1947 1948 
3771 1899 1948 1900 
3772 1900 1948 1949 
3773 1900 1949 1901 
3774 1901 1949 1950 
3775 1901 1950 1902 
3776 1902 1950 1951 
3777 1902 1951 1903 
3778 1903 1951 1952 
3779 1903 1952 1904 
3780 1904 1952 1953 
3781 1904 1953 1905 
3782 1905 1953 1954 
3783 1905 1954 1906 
3784 1906 1954 1955 
3785 1906 1955 1907 
3786 1907 1955 1956 
3787 1907 1956 1908 
3788 1908 1956 1957 
3789 1908 1957 1909 
3790 1909 1957 1958 
3791 1909 1958 1910 
3792 1910 1958 1959 
3793 1910 1959 1911 
3794 1911 1959 1960 
3795 1911 1960 1912 
3796 1912 1960 1961 
3797 1912 1961 1913 
3798 1913 1961 1962 
3799 1913 1962 1914 
3800 1914 1962 1963 
3801 1914 1963 1915 
3802 1915 1963 1964 
3803 1915 1964 117 
3804 117 1964 116 
3805 40 41 1916 
3806 1916 41 1965 
3807 1916 1965 1917 
3808 1917 1965 1966 
3809 1917 1966 1918 
3810 1918 1966 1967 
3811 1918 1967 1919 
3812 1919 1967 1968 
3813 1919 1968 1920 
3814 1920 1968 1969 
3815 1920 1969 1921 
3816 1921 1969 1970 
3817 1921 1970 1922 
3818 1922 1970 1971 
3819 1922 1971 1923 
3820 1923 1971 1972 
3821 1923 1972 1924 
3822 1924 1972 1973 
3823 1924 1973 1925 
3824 1925 1973 1974 
3825 1925 1974 1926 
3826 1926 1974 1975 
3827 1926 1975 1927 
3828 1927 1975 1976 
3829 1927 1976 1928 
3830 1928 1976 1977 
3831 1928 1977 1929 
3832 1929 1977 1978 
3833 1929 1978 1930 
3834 1930 1978 1979 
3835 1930 1979 1931 
3836 1931 1979 1980 
3837 1931 1980 1932 
3838 1932 1980 1981 
3839 1932 1981 1933 
3840 1933 1981 1982 
3841 1933 1982 1934 
3842 1934 1982 1983 
3843 1934 1983 1935 
3844 1935 1983 1984 
3845 1935 1984 1936 
3846 1936 1984 1985 
3847 1936 1985 1937 
3848 1937 1985 1986 
3849 1937 1986 1938 
3850 1938 1986 1987 
3851 1938 1987 1939 
3852 1939 1987 1988 
3853 1939 1988 1940 
3854 1940 1988 1989 
3855 1940 1989 1941 
3856 1941 1989 1990 
3857 1941 1990 1942 
3858 1942 1990 1991 
3859 1942 1991 1943 
3860 1943 1991 1992 
3861 1943 1992 1944 
3862 1944 1992 1993 
3863 1944 1993 1945 
3864 1945 1993 1994 
3865 1945 1994 1946 
3866 1946 1994 1995 
3867 1946 1995 1947 
3868 1947 1995 1996 
3869 1947 1996 1948 
3870 1948 1996 1997 
3871 1948 1997 1949 
3872 1949 1997 1998 
3873 1949 1998 1950 
3874 1950 1998 1999 
3875 1950 1999 1951 
3876 1951 1999 2000 
3877 1951 2000 1952 
3878 1952 2000 2001 
3879 1952 2001 1953 
3880 1953 2001 2002 
3881 1953 2002 1954 
3882 1954 2002 2003 
3883 1954 2003 1955 
3884 1955 2003 2004 
3885 1955 2004 1956 
3886 1956 2004 2005 
3887 1956 2005 1957 
3888 1957 2005 2006 
3889 1957 2006 1958 
3890 1958 2006 2007 
3891 1958 2007 1959 
3892 1959 2007 2008 
3893 1959 2008 1960 
3894 1960 2008 2009 
3895 1960 2009 1961 
3896 1961 2009 2010 
3897 1961 2010 1962 
3898 1962 2010 2011 
3899 1962 2011 1963 
3900 1963 2011 2012 
3901 1963 2012 1964 
3902 1964 2012 2013 
3903 1964 2013 116 
3904 116 2013 115 
3905 41 42 1965 
3906 1965 42 2014 
3907 1965 2014 1966 
3908 1966 2014 2015 
3909 1966 2015 1967 
3910 1967 2015 2016 
3911 1967 2016 1968 
3912 1968 2016 2017 
3913 1968 2017 1969 
3914 1969 2017 2018 
3915 1969 2018 1970 
3916 1970 2018 2019 
3917 1970 2019 1971 
3918 1971 2019 2020 
3919 1971 2020 1972 
3920 1972 2020 2021 
3921 1972 2021 1973 
3922 1973 2021 2022 
3923 1973 2022 1974 
3924 1974 2022 2023 
3925 1974 2023 1975 
3926 1975 2023 2024 
3927 1975 2024 1976 
3928 1976 2024 2025 
3929 1976 2025 1977 
3930 1977 2025 2026 
3931 1977 2026 1978 
3932 1978 2026 2027 
3933 1978 2027 1979 
3934 1979 2027 2028 
3935 1979 2028 1980 
3936 1980 2028 2029 
3937 1980 2029 1981 
3938 1981 2029 2030 
3939 1981 2030 1982 
3940 1982 2030 2031 
3941 1982 2031 1983 
3942 1983 2031 2032 
3943 1983 2032 1984 
3944 1984 2032 2033 
3945 1984 2033 1985 
3946 1985 2033 2034 
3947 1985 2034 1986 
3948 1986 2034 2035 
3949 1986 2035 1987 
3950 1987 2035 2036 
3951 1987 2036 1988 
3952 1988 2036 2037 
3953 1988 2037 1989 
3954 1989 2037 2038 
3955 1989 2038 1990 
3956 1990 2038 2039 
3957 1990 2039 1991 
3958 1991 2039 2040 
3959 1991 2040 1992 
3960 1992 2040 2041 
3961 1992 2041 1993 
3962 1993 2041 2042 
3963 1993 2042 1994 
3964 1994 2042 2043 
3965 1994 2043 1995 
3966 1995 2043 2044 
3967 1995 2044 1996 
3968 1996 2044 2045 
3969 1996 2045 1997 
3970 1997 2045 2046 
3971 1997 2046 1998 
3972 1998 2046 2047 
3973 1998 2047 1999 
3974 1999 2047 2048 
3975 1999 2048 2000 
3976 2000 2048 2049 
3977 2000 2049 2001 
3978 2001 2049 2050 
3979 2001 2050 2002 
3980 2002 2050 2051 
3981 2002 2051 2003 
3982 2003 2051 2052 
3983 2003 2052 2004 
3984 2004 2052 2053 
3985 2004 2053 2005 
3986 2005 2053 2054 
3987 2005 2054 2006 
3988 2006 2054 2055 
3989 2006 2055 2007 
3990 2007 2055 2056 
3991 2007 2056 2008 
3992 2008 2056 2057 
3993 2008 2057 2009 
3994 2009 2057 2058 
3995 2009 2058 2010 
3996 2010 2058 2059 
3997 2010 2059 2011 
3998 2011 2059 2060 
3999 2011 2060 2012 
4000 2012 2060 2061 
4001 2012 2061 2013 
4002 2013 2061 2062 
4003 2013 2062 115 
4004 115 2062 114 
4005 42 43 2014 
4006 2014 43 2063 
4007 2014 2063 2015 
4008 2015 2063 2064 
4009 2015 2064 2016 
4010 2016 2064 2065 
4011 2016 2065 2017 
4012 2017 2065 2066 
4013 2017 2066 2018 
4014 2018 2066 2067 
4015 2018 2067 2019 
4016 2019 2067 2068 
4017 2019 2068 2020 
4018 2020 2068 2069 
4019 2020 2069 2021 
4020 2021 2069 2070 
4021 2021 2070 2022 
4022 2022 2070 2071 
4023 2022 2071 2023 
4024 2023 2071 2072 
4025 2023 2072 2024 
4026 2024 2072 2073 
4027 2024 2073 2025 
4028 2025 2073 2074 
4029 2025 2074 2026 
4030 2026 2074 2075 
4031 2026 2075 2027 
4032 2027 2075 2076 
4033 2027 2076 2028 
4034 2028 2076 2077 
4035 2028 2077 2029 
4036 2029 2077 2078 
4037 2029 2078 2030 
4038 2030 2078 2079 
4039 2030 2079 2031 
4040 2031 2079 2080 
4041 2031 2080 2032 
4042 2032 2080 2081 
4043 2032 2081 2033 
4044 2033 2081 2082 
4045 2033 2082 2034 
4046 2034 2082 2083 
4047 2034 2083 2035 
4048 2035 2083 2084 
4049 2035 2084 2036 
4050 2036 2084 2085 
4051 2036 2085 2037 
4052 2037 2085 2086 
4053 2037 2086 2038 
4054 2038 2086 2087 
4055 2038 2087 2039 
4056 2039 2087 2088 
4057 2039 2088 2040 
4058 2040 2088 2089 
4059 2040 2089 2041 
4060 2041 2089 2090 
4061 2041 2090 2042 
4062 2042 2090 2091 
4063 2042 2091 2043 
4064 2043 2091 2092 
4065 2043 2092 2044 
4066 2044 2092 2093 
4067 2044 2093 2045 
4068 2045 2093 2094 
4069 2045 2094 2046 
4070 2046 2094 2095 
4071 2046 2095 2047 
4072 2047 2095 2096 
4073 2047 2096 2048 
4074 2048 2096 2097 
4075 2048 2097 2049 
4076 2049 2097 2098 
4077 2049 2098 2050 
4078 2050 2098 2099 
4079 2050 2099 2051 
4080 2051 2099 2100 
4081 2051 2100 2052 
4082 2052 2100 2101 
4083 2052 2101 2053 
4084 2053 2101 2102 
4085 2053 2102 2054 
4086 2054 2102 2103 
4087 2054 2103 2055 
4088 2055 2103 2104 
4089 2055 2104 2056 
4090 2056 2104 2105 
4091 2056 2105 2057 
4092 2057 2105 2106 
4093 2057 2106 2058 
4094 2058 2106 2107 
4095 2058 2107 2059 
4096 2059 2107 2108 
4097 2059 2108 2060 
4098 2060 2108 2109 
4099 2060 2109 2061 
4100 2061 2109 2110 
4101 2061 2110 2062 
4102 2062 2110 2111 
4103 2062 2111 114 
4104 114 2111 113 
4105 43 44 2063 
4106 2063 44 2112 
4107 2063 2112 2064 
4108 2064 2112 2113 
4109 2064 2113 2065 
4110 2065 2113 2114 
4111 2065 2114 2066 
4112 2066 2114 2115 
4113 2066 2115 2067 
4114 2067 2115 2116 
4115 2067 2116 2068 
4116 2068 2116 2117 
4117 2068 2117 2069 
4118 2069 2117 2118 
4119 2069 2118 2070 
4120 2070 2118 2119 
4121 2070 2119 2071 
4122 2071 2119 2120 
4123 2071 2120 2072 
4124 2072 2120 2121 
4125 2072 2121 2073 
4126 2073 2121 2122 
4127 2073 2122 2074 
4128 2074 2122 2123 
4129 2074 2123 2075 
4130 2075 2123 2124 
4131 2075 2124 2076 
4132 2076 2124 2125 
4133 2076 2125 2077 
4134 2077 2125 2126 
4135 2077 2126 2078 
4136 2078 2126 2127 
4137 2078 2127 2079 
4138 2079 2127 2128 
4139 2079 2128 2080 
4140 2080 2128 2129 
4141 2080 2129 2081 
4142 2081 2129 2130 
4143 2081 2130 2082 
4144 2082 2130 2131 
4145 2082 2131 2083 
4146 2083 2131 2132 
4147 2083 2132 2084 
4148 2084 2132 2133 
4149 2084 2133 2085 
4150 2085 2133 2134 
4151 2085 2134 2086 
4152 2086 2134 2135 
4153 2086 2135 2087 
4154 2087 2135 2136 
4155 2087 2136 2088 
4156 2088 2136 2137 
4157 2088 2137 2089 
4158 2089 2137 2138 
4159 2089 2138 2090 
4160 2090 2138 2139 
4161 2090 2139 2091 
4162 2091 2139 2140 
4163 2091 2140 2092 
4164 2092 2140 2141 
4165 2092 2141 2093 
4166 2093 2141 2142 
4167 2093 2142 2094 
4168 2094 2142 2143 
4169 2094 2143 2095 
4170 2095 2143 2144 
4171 2095 2144 2096 
4172 2096 2144 2145 
4173 2096 2145 2097 
4174 2097 2145 2146 
4175 2097 2146 2098 
4176 2098 2146 2147 
4177 2098 2147 2099 
4178 2099 2147 2148 
4179 2099 2148 2100 
4180 2100 2148 2149 
4181 2100 2149 2101 
4182 2101 2149 2150 
4183 2101 2150 2102 
4184 2102 2150 2151 
4185 2102 2151 2103 
4186 2103 2151 2152 
4187 2103 2152 2104 
4188 2104 2152 2153 
4189 2104 2153 2105 
4190 2105 2153 2154 
4191 2105 2154 2106 
4192 2106 2154 2155 
4193 2106 2155 2107 
4194 2107 2155 2156 
4195 2107 2156 2108 
4196 2108 2156 2157 
4197 2108 2157 2109 
4198 2109 2157 2158 
4199 2109 2158 2110 
4200 2110 2158 2159 
4201 2110 2159 2111 
4202 2111 2159 2160 
4203 2111 2160 113 
4204 113 2160 112 
4205 44 45 2112 
4206 2112 45 2161 
4207 2112 2161 2113 
4208 2113 2161 2162 
4209 2113 2162 2114 
4210 2114 2162 2163 
4211 2114 2163 2115 
4212 2115 2163 2164 
4213 2115 2164 2116 
4214 2116 2164 2165 
4215 2116 2165 2117 
4216 2117 2165 2166 
4217 2117 2166 2118 
4218 2118 2166 2167 
4219 2118 2167 2119 
4220 2119 2167 2168 
4221 2119 2168 2120 
4222 2120 2168 2169 
4223 2120 2169 2121 
4224 2121 2169 2170 
4225 2121 2170 2122 
4226 2122 2170 2171 
4227 2122 2171 2123 
4228 2123 2171 2172 
4229 2123 2172 2124 
4230 2124 2172 2173 
4231 2124 2173 2125 
4232 2125 2173 2174 
4233 2125 2174 2126 
4234 2126 2174 2175 
4235 2126 2175 2127 
4236 2127 2175 2176 
4237 2127 2176 2128 
4238 2128 2176 2177 
4239 2128 2177 2129 
4240 2129 2177 2178 
4241 2129 2178 2130 
4242 2130 2178 2179 
4243 2130 2179 2131 
4244 2131 2179 2180 
4245 2131 2180 2132 
4246 2132 2180 2181 
4247 2132 2181 2133 
4248 2133 2181 2182 
4249 2133 2182 2134 
4250 2134 2182 2183 
4251 2134 2183 2135 
4252 2135 2183 2184 
4253 2135 2184 2136 
4254 2136 2184 2185 
4255 2136 2185 2137 
4256 2137 2185 2186 
4257 2137 2186 2138 
4258 2138 2186 2187 
4259 2138 2187 2139 
4260 2139 2187 2188 
4261 2139 2188 2140 
4262 2140 2188 2189 
4263 2140 2189 2141 
4264 2141 2189 2190 
4265 2141 2190 2142 
4266 2142 2190 2191 
4267 2142 2191 2143 
4268 2143 2191 2192 
4269 2143 2192 2144 
4270 2144 2192 2193 
4271 2144 2193 2145 
4272 2145 2193 2194 
4273 2145 2194 2146 
4274 2146 2194 2195 
4275 2146 2195 2147 
4276 2147 2195 2196 
4277 2147 2196 2148 
4278 2148 2196 2197 
4279 2148 2197 2149 
4280 2149 2197 2198 
4281 2149 2198 2150 
4282 2150 2198 2199 
4283 2150 2199 2151 
4284 2151 2199 2200 
4285 2151 2200 2152 
4286 2152 2200 2201 
4287 2152 2201 2153 
4288 2153 2201 2202 
4289 2153 2202 2154 
4290 2154 2202 2203 
4291 2154 2203 2155 
4292 2155 2203 2204 
4293 2155 2204 2156 
4294 2156 2204 2205 
4295 2156 2205 2157 
4296 2157 2205 2206 
4297 2157 2206 2158 
4298 2158 2206 2207 
4299 2158 2207 2159 
4300 2159 2207 2208 
4301 2159 2208 2160 
4302 2160 2208 2209 
4303 2160 2209 112 
4304 112 2209 111 
4305 45 46 2161 
4306 2161 46 2210 
4307 2161 2210 2162 
4308 2162 2210 2211 
4309 2162 2211 2163 
4310 2163 2211 2212 
4311 2163 2212 2164 
4312 2164 2212 2213 
4313 2164 2213 2165 
4314 2165 2213 2214 
4315 2165 2214 2166 
4316 2166 2214 2215 
4317 2166 2215 2167 
4318 2167 2215 2216 
4319 2167 2216 2168 
4320 2168 2216 2217 
4321 2168 2217 2169 
4322 2169 2217 2218 
4323 2169 2218 2170 
4324 2170 2218 2219 
4325 2170 2219 2171 
4326 2171 2219 2220 
4327 2171 2220 2172 
4328 2172 2220 2221 
4329 2172 2221 2173 
4330 2173 2221 2222 
4331 2173 2222 2174 
4332 2174 2222 2223 
4333 2174 2223 2175 
4334 2175 2223 2224 
4335 2175 2224 2176 
4336 2176 2224 2225 
4337 2176 2225 2177 
4338 2177 2225 2226 
4339 2177 2226 2178 
4340 2178 2226 2227 
4341 2178 2227 2179 
4342 2179 2227 2228 
4343 2179 2228 2180 
4344 2180 2228 2229 
4345 2180 2229 2181 
4346 2181 2229 2230 
4347 2181 2230 2182 
4348 2182 2230 2231 
4349 2182 2231 2183 
4350 2183 2231 2232 
4351 2183 2232 2184 
4352 2184 2232 2233 
4353 2184 2233 2185 
4354 2185 2233 2234 
4355 2185 2234 2186 
4356 2186 2234 2235 
4357 2186 2235 2187 
4358 2187 2235 2236 
4359 2187 2236 2188 
4360 2188 2236 2237 
4361 2188 2237 2189 
4362 2189 2237 2238 
4363 2189 2238 2190 
4364 2190 2238 2239 
4365 2190 2239 2191 
4366 2191 2239 2240 
4367 2191 2240 2192 
4368 2192 2240 2241 
4369 2192 2241 2193 
4370 2193 2241 2242 
4371 2193 2242 2194 
4372 2194 2242 2243 
4373 2194 2243 2195 
4374 2195 2243 2244 
4375 2195 2244 2196 
4376 2196 2244 2245 
4377 2196 2245 2197 
4378 2197 2245 2246 
4379 2197 2246 2198 
4380 2198 2246 2247 
4381 2198 2247 2199 
4382 2199 2247 2248 
4383 2199 2248 2200 
4384 2200 2248 2249 
4385 2200 2249 2201 
4386 2201 2249 2250 
4387 2201 2250 2202 
4388 2202 2250 2251 
4389 2202 2251 2203 
4390 2203 2251 2252 
4391 2203 2252 2204 
4392 2204 2252 2253 
4393 2204 2253 2205 
4394 2205 2253 2254 
4395 2205 2254 2206 
4396 2206 2254 2255 
4397 2206 2255 2207 
4398 2207 2255 2256 
4399 2207 2256 2208 
4400 2208 2256 2257 
4401 2208 2257 2209 
4402 2209 2257 2258 
4403 2209 2258 111 
4404 111 2258 110 
4405 46 47 2210 
4406 2210 47 2259 
4407 2210 2259 2211 
4408 2211 2259 2260 
4409 2211 2260 2212 
4410 2212 2260 2261 
4411 2212 2261 2213 
4412 2213 2261 2262 
4413 2213 2262 2214 
4414 2214 2262 2263 
4415 2214 2263 2215 
4416 2215 2263 2264 
4417 2215 2264 2216 
4418 2216 2264 2265 
4419 2216 2265 2217 
4420 2217 2265 2266 
4421 2217 2266 2218 
4422 2218 2266 2267 
4423 2218 2267 2219 
4424 2219 2267 2268 
4425 2219 2268 2220 
4426 2220 2268 2269 
4427 2220 2269 2221 
4428 2221 2269 2270 
4429 2221 2270 2222 
4430 2222 2270 2271 
4431 2222 2271 2223 
4432 2223 2271 2272 
4433 2223 2272 2224 
4434 2224 2272 2273 
4435 2224 2273 2225 
4436 2225 2273 2274 
4437 2225 2274 2226 
4438 2226 2274 2275 
4439 2226 2275 2227 
4440 2227 2275 2276 
4441 2227 2276 2228 
4442 2228 2276 2277 
4443 2228 2277 2229 
4444 2229 2277 2278 
4445 2229 2278 2230 
4446 2230 2278 2279 
4447 2230 2279 2231 
4448 2231 2279 2280 
4449 2231 2280 2232 
4450 2232 2280 2281 
4451 2232 2281 2233 
4452 2233 2281 2282 
4453 2233 2282 2234 
4454 2234 2282 2283 
4455 2234 2283 2235 
4456 2235 2283 2284 
4457 2235 2284 2236 
4458 2236 2284 2285 
4459 2236 2285 2237 
4460 2237 2285 2286 
4461 2237 2286 2238 
4462 2238 2286 2287 
4463 2238 2287 2239 
4464 2239 2287 2288 
4465 2239 2288 2240 
4466 2240 2288 2289 
4467 2240 2289 2241 
4468 2241 2289 2290 
4469 2241 2290 2242 
4470 2242 2290 2291 
4471 2242 2291 2243 
4472 2243 2291 2292 
4473 2243 2292 2244 
4474 2244 2292 2293 
4475 2244 2293 2245 
4476 2245 2293 2294 
4477 2245 2294 2246 
4478 2246 2294 2295 
4479 2246 2295 2247 
4480 2247 2295 2296 
4481 2247 2296 2248 
4482 2248 2296 2297 
4483 2248 2297 2249 
4484 2249 2297 2298 
4485 2249 2298 2250 
4486 2250 2298 2299 
4487 2250 2299 2251 
4488 2251 2299 2300 
4489 2251 2300 2252 
4490 2252 2300 2301 
4491 2252 2301 2253 
4492 2253 2301 2302 
4493 2253 2302 2254 
4494 2254 2302 2303 
4495 2254 2303 2255 
4496 2255 2303 2304 
4497 2255 2304 2256 
4498 2256 2304 2305 
4499 2256 2305 2257 
4500 2257 2305 2306 
4501 2257 2306 2258 
4502 2258 2306 2307 
4503 2258 2307 110 
4504 110 2307 109 
4505 47 48 2259 
4506 2259 48 2308 
4507 2259 2308 2260 
4508 2260 2308 2309 
4509 2260 2309 2261 
4510 2261 2309 2310 
4511 2261 2310 2262 
4512 2262 2310 2311 
4513 2262 2311 2263 
4514 2263 2311 2312 
4515 2263 2312 2264 
4516 2264 2312 2313 
4517 2264 2313 2265 
4518 2265 2313 2314 
4519 2265 2314 2266 
4520 2266 2314 2315 
4521 2266 2315 2267 
4522 2267 2315 2316 
4523 2267 2316 2268 
4524 2268 2316 2317 
4525 2268 2317 2269 
4526 2269 2317 2318 
4527 2269 2318 2270 
4528 2270 2318 2319 
4529 2270 2319 2271 
4530 2271 2319 2320 
4531 2271 2320 2272 
4532 2272 2320 2321 
4533 2272 2321 2273 
4534 2273 2321 2322 
4535 2273 2322 2274 
4536 2274 2322 2323 
4537 2274 2323 2275 
4538 2275 2323 2324 
4539 2275 2324 2276 
4540 2276 2324 2325 
4541 2276 2325 2277 
4542 2277 2325 2326 
4543 2277 2326 2278 
4544 2278 2326 2327 
4545 2278 2327 2279 
4546 2279 2327 2328 
4547 2279 2328 2280 
4548 2280 2328 2329 
4549 2280 2329 2281 
4550 2281 2329 2330 
4551 2281 2330 2282 
4552 2282 2330 2331 
4553 2282 2331 2283 
4554 2283 2331 2332 
4555 2283 2332 2284 
4556 2284 2332 2333 
4557 2284 2333 2285 
4558 2285 2333 2334 
4559 2285 2334 2286 
4560 2286 2334 2335 
4561 2286 2335 2287 
4562 2287 2335 2336 
4563 2287 2336 2288 
4564 2288 2336 2337 
4565 2288 2337 2289 
4566 2289 2337 2338 
4567 2289 2338 2290 
4568 2290 2338 2339 
4569 2290 2339 2291 
4570 2291 2339 2340 
4571 2291 2340 2292 
4572 2292 2340 2341 
4573 2292 2341 2293 
4574 2293 2341 2342 
4575 2293 2342 2294 
4576 2294 2342 2343 
4577 2294 2343 2295 
4578 2295 2343 2344 
4579 2295 2344 2296 
4580 2296 2344 2345 
4581 2296 2345 2297 
4582 2297 2345 2346 
4583 2297 2346 2298 
4584 2298 2346 2347 
4585 2298 2347 2299 
4586 2299 2347 2348 
4587 2299 2348 2300 
4588 2300 2348 2349 
4589 2300 2349 2301 
4590 2301 2349 2350 
4591 2301 2350 2302 
4592 2302 2350 2351 
4593 2302 2351 2303 
4594 2303 2351 2352 
4595 2303 2352 2304 
4596 2304 2352 2353 
4597 2304 2353 2305 
4598 2305 2353 2354 
4599 2305 2354 2306 
4600 2306 2354 2355 
4601 2306 2355 2307 
4602 2307 2355 2356 
4603 2307 2356 109 
4604 109 2356 108 
4605 48 49 2308 
4606 2308 49 2357 
4607 2308 2357 2309 
4608 2309 2357 2358 
4609 2309 2358 2310 
4610 2310 2358 2359 
4611 2310 2359 2311 
4612 2311 2359 2360 
4613 2311 2360 2312 
4614 2312 2360 2361 
4615 2312 2361 2313 
4616 2313 2361 2362 
4617 2313 2362 2314 
4618 2314 2362 2363 
4619 2314 2363 2315 
4620 2315 2363 2364 
4621 2315 2364 2316 
4622 2316 2364 2365 
4623 2316 2365 2317 
4624 2317 2365 2366 
4625 2317 2366 2318 
4626 2318 2366 2367 
4627 2318 2367 2319 
4628 2319 2367 2368 
4629 2319 2368 2320 
4630 2320 2368 2369 
4631 2320 2369 2321 
4632 2321 2369 2370 
4633 2321 2370 2322 
4634 2322 2370 2371 
4635 2322 2371 2323 
4636 2323 2371 2372 
4637 2323 2372 2324 
4638 2324 2372 2373 
4639 2324 2373 2325 
4640 2325 2373 2374 
4641 2325 2374 2326 
4642 2326 2374 2375 
4643 2326 2375 2327 
4644 2327 2375 2376 
4645 2327 2376 2328 
4646 2328 2376 2377 
4647 2328 2377 2329 
4648 2329 2377 2378 
4649 2329 2378 2330 
4650 2330 2378 2379 
4651 2330 2379 2331 
4652 2331 2379 2380 
4653 2331 2380 2332 
4654 2332 2380 2381 
4655 2332 2381 2333 
4656 2333 2381 2382 
4657 2333 2382 2334 
4658 2334 2382 2383 
4659 2334 2383 2335 
4660 2335 2383 2384 
4661 2335 2384 2336 
4662 2336 2384 2385 
4663 2336 2385 2337 
4664 2337 2385 2386 
4665 2337 2386 2338 
4666 2338 2386 2387 
4667 2338 2387 2339 
4668 2339 2387 2388 
4669 2339 2388 2340 
4670 2340 2388 2389 
4671 2340 2389 2341 
4672 2341 2389 2390 
4673 2341 2390 2342 
4674 2342 2390 2391 
4675 2342 2391 2343 
4676 2343 2391 2392 
4677 2343 2392 2344 
4678 2344 2392 2393 
4679 2344 2393 2345 
4680 2345 2393 2394 
4681 2345 2394 2346 
4682 2346 2394 2395 
4683 2346 2395 2347 
4684 2347 2395 2396 
4685 2347 2396 2348 
4686 2348 2396 2397 
4687 2348 2397 2349 
4688 2349 2397 2398 
4689 2349 2398 2350 
4690 2350 2398 2399 
4691 2350 2399 2351 
4692 2351 2399 2400 
4693 2351 2400 2352 
4694 2352 2400 2401 
4695 2352 2401 2353 
4696 2353 2401 2402 
4697 2353 2402 2354 
4698 2354 2402 2403 
4699 2354 2403 2355 
4700 2355 2403 2404 
4701 2355 2404 2356 
4702 2356 2404 2405 
4703 2356 2405 108 
4704 108 2405 107 
4705 49 50 2357 
4706 2357 50 2406 
4707 2357 2406 2358 
4708 2358 2406 2407 
4709 2358 2407 2359 
4710 2359 2407 2408 
4711 2359 2408 2360 
4712 2360 2408 2409 
4713 2360 2409 2361 
4714 2361 2409 2410 
4715 2361 2410 2362 
4716 2362 2410 2411 
4717 2362 2411 2363 
4718 2363 2411 2412 
4719 2363 2412 2364 
4720 2364 2412 2413 
4721 2364 2413 2365 
4722 2365 2413 2414 
4723 2365 2414 2366 
4724 2366 2414 2415 
4725 2366 2415 2367 
4726 2367 2415 2416 
4727 2367 2416 2368 
4728 2368 2416 2417 
4729 2368 2417 2369 
4730 2369 2417 2418 
4731 2369 2418 2370 
4732 2370 2418 2419 
4733 2370 2419 2371 
4734 2371 2419 2420 
4735 2371 2420 2372 
4736 2372 2420 2421 
4737 2372 2421 2373 
4738 2373 2421 2422 
4739 2373 2422 2374 
4740 2374 2422 2423 
4741 2374 2423 2375 
4742 2375 2423 2424 
4743 2375 2424 2376 
4744 2376 2424 2425 
4745 2376 2425 2377 
4746 2377 2425 2426 
4747 2377 2426 2378 
4748 2378 2426 2427 
4749 2378 2427 2379 
4750 2379 2427 2428 
4751 2379 2428 2380 
4752 2380 2428 2429 
4753 2380 2429 2381 
4754 2381 2429 2430 
4755 2381 2430 2382 
4756 2382 2430 2431 
4757 2382 2431 2383 
4758 2383 2431 2432 
4759 2383 2432 2384 
4760 2384 2432 2433 
4761 2384 2433 2385 
4762 2385 2433 2434 
4763 2385 2434 2386 
4764 2386 2434 2435 
4765 2386 2435 2387 
4766 2387 2435 2436 
4767 2387 2436 2388 
4768 2388 2436 2437 
4769 2388 2437 2389 
4770 2389 2437 2438 
4771 2389 2438 2390 
4772 2390 2438 2439 
4773 2390 2439 2391 
4774 2391 2439 2440 
4775 2391 2440 2392 
4776 2392 2440 2441 
4777 2392 2441 2393 
4778 2393 2441 2442 
4779 2393 2442 2394 
4780 2394 2442 2443 
4781 2394 2443 2395 
4782 2395 2443 2444 
4783 2395 2444 2396 
4784 2396 2444 2445 
4785 2396 2445 2397 
4786 2397 2445 2446 
4787 2397 2446 2398 
4788 2398 2446 2447 
4789 2398 2447 2399 
4790 2399 2447 2448 
4791 2399 2448 2400 
4792 2400 2448 2449 
4793 2400 2449 2401 
4794 2401 2449 2450 
4795 2401 2450 2402 
4796 2402 2450 2451 
4797 2402 2451 2403 
4798 2403 2451 2452 
4799 2403 2452 2404 
4800 2404 2452 2453 
4801 2404 2453 2405 
4802 2405 2453 2454 
4803 2405 2454 107 
4804 107 2454 106 
4805 50 51 2406 
4806 2406 51 2455 
4807 2406 2455 2407 
4808 2407 2455 2456 
4809 2407 2456 2408 
4810 2408 2456 2457 
4811 2408 2457 2409 
4812 2409 2457 2458 
4813 2409 2458 2410 
4814 2410 2458 2459 
4815 2410 2459 2411 
4816 2411 2459 2460 
4817 2411 2460 2412 
4818 2412 2460 2461 
4819 2412 2461 2413 
4820 2413 2461 2462 
4821 2413 2462 2414 
4822 2414 2462 2463 
4823 2414 2463 2415 
4824 2415 2463 2464 
4825 2415 2464 2416 
4826 2416 2464 2465 
4827 2416 2465 2417 
4828 2417 2465 2466 
4829 2417 2466 2418 
4830 2418 2466 2467 
4831 2418 2467 2419 
4832 2419 2467 2468 
4833 2419 2468 2420 
4834 2420 2468 2469 
4835 2420 2469 2421 
4836 2421 2469 2470 
4837 2421 2470 2422 
4838 2422 2470 2471 
4839 2422 2471 2423 
4840 2423 2471 2472 
4841 2423 2472 2424 
4842 2424 2472 2473 
4843 2424 2473 2425 
4844 2425 2473 2474 
4845 2425 2474 2426 
4846 2426 2474 2475 
4847 2426 2475 2427 
4848 2427 2475 2476 
4849 2427 2476 2428 
4850 2428 2476 2477 
4851 2428 2477 2429 
4852 2429 2477 2478 
4853 2429 2478 2430 
4854 2430 2478 2479 
4855 2430 2479 2431 
4856 2431 2479 2480 
4857 2431 2480 2432 
4858 2432 2480 2481 
4859 2432 2481 2433 
4860 2433 2481 2482 
4861 2433 2482 2434 
4862 2434 2482 2483 
4863 2434 2483 2435 
4864 2435 2483 2484 
4865 2435 2484 2436 
4866 2436 2484 2485 
4867 2436 2485 2437 
4868 2437 2485 2486 
4869 2437 2486 2438 
4870 2438 2486 2487 
4871 2438 2487 2439 
4872 2439 2487 2488 
4873 2439 2488 2440 
4874 2440 2488 2489 
4875 2440 2489 2441 
4876 2441 2489 2490 
4877 2441 2490 2442 
4878 2442 2490 2491 
4879 2442 2491 2443 
4880 2443 2491 2492 
4881 2443 2492 2444 
4882 2444 2492 2493 
4883 2444 2493 2445 
4884 2445 2493 2494 
4885 2445 2494 2446 
4886 2446 2494 2495 
4887 2446 2495 2447 
4888 2447 2495 2496 
4889 2447 2496 2448 
4890 2448 2496 2497 
4891 2448 2497 2449 
4892 2449 2497 2498 
4893 2449 2498 2450 
4894 2450 2498 2499 
4895 2450 2499 2451 
4896 2451 2499 2500 
4897 2451 2500 2452 
4898 2452 2500 2501 
4899 2452 2501 2453 
4900 2453 2501 2502 
4901 2453 2502 2454 
4902 2454 2502 2503 
4903 2454 2503 106 
4904 106 2503 105 
4905 51 52 2455 
4906 2455 52 2504 
4907 2455 2504 2456 
4908 2456 2504 2505 
4909 2456 2505 2457 
4910 2457 2505 2506 
4911 2457 2506 2458 
4912 2458 2506 2507 
4913 2458 2507 2459 
4914 2459 2507 2508 
4915 2459 2508 2460 
4916 2460 2508 2509 
4917 2460 2509 2461 
4918 2461 2509 2510 
4919 2461 2510 2462 
4920 2462 2510 2511 
4921 2462 2511 2463 
4922 2463 2511 2512 
4923 2463 2512 2464 
4924 2464 2512 2513 
4925 2464 2513 2465 
4926 2465 2513 2514 
4927 2465 2514 2466 
4928 2466 2514 2515 
4929 2466 2515 2467 
4930 2467 2515 2516 
4931 2467 2516 2468 
4932 2468 2516 2517 
4933 2468 2517 2469 
4934 2469 2517 2518 
4935 2469 2518 2470 
4936 2470 2518 2519 
4937 2470 2519 2471 
4938 2471 2519 2520 
4939 2471 2520 2472 
4940 2472 2520 2521 
4941 2472 2521 2473 
4942 2473 2521 2522 
4943 2473 2522 2474 
4944 2474 2522 2523 
4945 2474 2523 2475 
4946 2475 2523 2524 
4947 2475 2524 2476 
4948 2476 2524 2525 
4949 2476 2525 2477 
4950 2477 2525 2526 
4951 2477 2526 2478 
4952 2478 2526 2527 
4953 2478 2527 2479 
4954 2479 2527 2528 
4955 2479 2528 2480 
4956 2480 2528 2529 
4957 2480 2529 2481 
4958 2481 2529 2530 
4959 2481 2530 2482 
4960 2482 2530 2531 
4961 2482 2531 2483 
4962 2483 2531 2532 
4963 2483 2532 2484 
4964 2484 2532 2533 
4965 2484 2533 2485 
4966 2485 2533 2534 
4967 2485 2534 2486 
4968 2486 2534 2535 
4969 2486 2535 2487 
4970 2487 2535 2536 
4971 2487 2536 2488 
4972 2488 2536 2537 
4973 2488 2537 2489 
4974 2489 2537 2538 
4975 2489 2538 2490 
4976 2490 2538 2539 
4977 2490 2539 2491 
4978 2491 2539 2540 
4979 2491 2540 2492 
4980 2492 2540 2541 
4981 2492 2541 2493 
4982 2493 2541 2542 
4983 2493 2542 2494 
4984 2494 2542 2543 
4985 2494 2543 2495 
4986 2495 2543 2544 
4987 2495 2544 2496 
4988 2496 2544 2545 
4989 2496 2545 2497 
4990 2497 2545 2546 
4991 2497 2546 2498 
4992 2498 2546 2547 
4993 2498 2547 2499 
4994 2499 2547 2548 
4995 2499 2548 2500 
4996 2500 2548 2549 
4997 2500 2549 2501 
4998 2501 2549 2550 
4999 2501 2550 2502 
5000 2502 2550 2551 
5001 2502 2551 2503 
5002 2503 2551 2552 
5003 2503 2552 105 
5004 105 2552 104 
5005 52 53 2504 
5006 2504 53 2553 
5007 2504 2553 2505 
5008 2505 2553 2554 
5009 2505 2554 2506 
5010 2506 2554 2555 
5011 2506 2555 2507 
5012 2507 2555 2556 
5013 2507 2556 2508 
5014 2508 2556 2557 
5015 2508 2557 2509 
5016 2509 2557 2558 
5017 2509 2558 2510 
5018 2510 2558 2559 
5019 2510 2559 2511 
5020 2511 2559 2560 
5021 2511 2560 2512 
5022 2512 2560 2561 
5023 2512 2561 2513 
5024 2513 2561 2562 
5025 2513 2562 2514 
5026 2514 2562 2563 
5027 2514 2563 2515 
5028 2515 2563 2564 
5029 2515 2564 2516 
5030 2516 2564 2565 
5031 2516 2565 2517 
5032 2517 2565 2566 
5033 2517 2566 2518 
5034 2518 2566 2567 
5035 2518 2567 2519 
5036 2519 2567 2568 
5037 2519 2568 2520 
5038 2520 2568 2569 
5039 2520 2569 2521 
5040 2521 2569 2570 
5041 2521 2570 2522 
5042 2522 2570 2571 
5043 2522 2571 2523 
5044 2523 2571 2572 
5045 2523 2572 2524 
5046 2524 2572 2573 
5047 2524 2573 2525 
5048 2525 2573 2574 
5049 2525 2574 2526 
5050 2526 2574 2575 
5051 2526 2575 2527 
5052 2527 2575 2576 
5053 2527 2576 2528 
5054 2528 2576 2577 
5055 2528 2577 2529 
5056 2529 2577 2578 
5057 2529 2578 2530 
5058 2530 2578 2579 
5059 2530 2579 2531 
5060 2531 2579 2580 
5061 2531 2580 2532 
5062 2532 2580 2581 
5063 2532 2581 2533 
5064 2533 2581 2582 
5065 2533 2582 2534 
5066 2534 2582 2583 
5067 2534 2583 2535 
5068 2535 2583 2584 
5069 2535 2584 2536 
5070 2536 2584 2585 
5071 2536 2585 2537 
5072 2537 2585 2586 
5073 2537 2586 2538 
5074 2538 2586 2587 
5075 2538 2587 2539 
5076 2539 2587 2588 
5077 2539 2588 2540 
5078 2540 2588 2589 
5079 2540 2589 2541 
5080 2541 2589 2590 
5081 2541 2590 2542 
5082 2542 2590 2591 
5083 2542 2591 2543 
5084 2543 2591 2592 
5085 2543 2592 2544 
5086 2544 2592 2593 
5087 2544 2593 2545 
5088 2545 2593 2594 
5089 2545 2594 2546 
5090 2546 2594 2595 
5091 2546 2595 2547 
5092 2547 2595 2596 
5093 2547 2596 2548 
5094 2548 2596 2597 
5095 2548 2597 2549 
5096 2549 2597 2598 
5097 2549 2598 2550 
5098 2550 2598 2599 
5099 2550 2599 2551 
5100 2551 2599 2600 
5101 2551 2600 2552 
5102 2552 2600 2601 
5103 2552 2601 104 
5104 104 2601 103 
5105 53 2 2553 
5106 2553 2 54 
5107 2553 54 2554 
5108 2554 54 55 
5109 2554 55 2555 
5110 2555 55 56 
5111 2555 56 2556 
5112 2556 56 57 
5113 2556 57 2557 
5114 2557 57 58 
5115 2557 58 2558 
5116 2558 58 59 
5117 2558 59 2559 
5118 2559 59 60 
5119 2559 60 2560 
5120 2560 60 61 
5121 2560 61 2561 
5122 2561 61 62 
5123 2561 62 2562 
5124 2562 62 63 
5125 2562 63 2563 
5126 2563 63 64 
5127 2563 64 2564 
5128 2564 64 65 
5129 2564 65 2565 
5130 2565 65 66 
5131 2565 66 2566 
5132 2566 66 67 
5133 2566 67 2567 
5134 2567 67 68 
5135 2567 68 2568 
5136 2568 68 69 
5137 2568 69 2569 
5138 2569 69 70 
5139 2569 70 2570 
5140 2570 70 71 
5141 2570 71 2571 
5142 2571 71 72 
5143 2571 72 2572 
5144 2572 72 73 
5145 2572 73 2573 
5146 2573 73 74 
5147 2573 74 2574 
5148 2574 74 75 
5149 2574 75 2575 
5150 2575 75 76 
5151 2575 76 2576 
5152 2576 76 77 
5153 2576 77 2577 
5154 2577 77 78 
5155 2577 78 2578 
5156 2578 78 79 
5157 2578 79 2579 
5158 2579 79 80 
5159 2579 80 2580 
5160 2580 80 81 
5161 2580 81 2581 
5162 2581 81 82 
5163 2581 82 2582 
5164 2582 82 83 
5165 2582 83 2583 
5166 2583 83 84 
5167 2583 84 2584 
5168 2584 84 85 
5169 2584 85 2585 
5170 2585 85 86 
5171 2585 86 2586 
5172 2586 86 87 
5173 2586 87 2587 
5174 2587 87 88 
5175 2587 88 2588 
5176 2588 88 89 
5177 2588 89 2589 
5178 2589 89 90 
5179 2589 90 2590 
5180 2590 90 91 
5181 2590 91 2591 
5182 2591 91 92 
5183 2591 92 2592 
5184 2592 92 93 
5185 2592 93 2593 
5186 2593 93 94 
5187 2593 94 2594 
5188 2594 94 95 
5189 2594 95 2595 
5190 2595 95 96 
5191 2595 96 2596 
5192 2596 96 97 
5193 2596 97 2597 
5194 2597 97 98 
5195 2597 98 2598 
5196 2598 98 99 
5197 2598 99 2599 
5198 2599 99 100 
5199 2599 100 2600 
5200 2600 100 101 
5201 2600 101 2601 
5202 2601 101 102 
5203 2601 102 103 
5204 103 102 3 
$EndElements
