$MeshFormat
4.1 0 8
$EndMeshFormat
$Entities
4 4 1 0
1 0 -0.0949999988 0 0 
2 0.100000001 -0.0949999988 0 0 
3 0.100000001 0.00499999989 0 0 
4 0 0.00499999989 0 0 
1 0 -0.0949999988 0 0.100000001 -0.0949999988 0 0 2 1 -2 
2 0.100000001 -0.0949999988 0 0.100000001 0.004999999889999995 0 0 2 2 -3 
3 0 0.00499999989 0 0.100000001 0.00499999989 0 0 2 3 -4 
4 0 -0.0949999988 0 0 0.004999999890000002 0 0 2 4 -1 
1 0 -0.0949999988 0 0.100000001 0.004999999890000002 0 0 4 1 2 3 4 
$EndEntities
$Nodes
9 2601 1 2601
0 1 0 1
1
0 -0.0949999988 0
0 2 0 1
2
0.100000001 -0.0949999988 0
0 3 0 1
3
0.100000001 0.00499999989 0
0 4 0 1
4
0 0.00499999989 0
1 1 0 49
5
6
7
8
9
10
11
12
13
14
15
16
17
18
19
20
21
22
23
24
25
26
27
28
29
30
31
32
33
34
35
36
37
38
39
40
41
42
43
44
45
46
47
48
49
50
51
52
53
0.00200000001999623 -0.0949999988 0
0.004000000039992123 -0.0949999988 0
0.006000000059987942 -0.0949999988 0
0.008000000079984687 -0.0949999988 0
0.01000000009998107 -0.0949999988 0
0.01200000011997788 -0.0949999988 0
0.01400000013997261 -0.0949999988 0
0.01600000015996679 -0.0949999988 0
0.01800000017996063 -0.0949999988 0
0.02000000019995474 -0.0949999988 0
0.02200000021994899 -0.0949999988 0
0.02400000023994302 -0.0949999988 0
0.02600000025993716 -0.0949999988 0
0.02800000027993119 -0.0949999988 0
0.03000000029992544 -0.0949999988 0
0.03200000031991887 -0.0949999988 0
0.03400000033991304 -0.0949999988 0
0.03600000035990718 -0.0949999988 0
0.03800000037990218 -0.0949999988 0
0.04000000039989572 -0.0949999988 0
0.04200000041988959 -0.0949999988 0
0.04400000043988373 -0.0949999988 0
0.04600000045987787 -0.0949999988 0
0.04800000047987201 -0.0949999988 0
0.05000000049986751 -0.0949999988 0
0.05200000051987145 -0.0949999988 0
0.05400000053987675 -0.0949999988 0
0.05600000055988248 -0.0949999988 0
0.05800000057988736 -0.0949999988 0
0.06000000059989265 -0.0949999988 0
0.06200000061989746 -0.0949999988 0
0.0640000006398993 -0.0949999988 0
0.0660000006599092 -0.0949999988 0
0.06800000067991108 -0.0949999988 0
0.0700000006999186 -0.0949999988 0
0.07200000071992516 -0.0949999988 0
0.07400000073992802 -0.0949999988 0
0.07600000075993814 -0.0949999988 0
0.078000000779941 -0.0949999988 0
0.08000000079994754 -0.0949999988 0
0.08200000081995507 -0.0949999988 0
0.08400000083995696 -0.0949999988 0
0.08600000085996687 -0.0949999988 0
0.08800000087996561 -0.0949999988 0
0.09000000089997107 -0.0949999988 0
0.09200000091997912 -0.0949999988 0
0.09400000093998047 -0.0949999988 0
0.0960000009599906 -0.0949999988 0
0.0980000009799914 -0.0949999988 0
1 2 0 49
54
55
56
57
58
59
60
61
62
63
64
65
66
67
68
69
70
71
72
73
74
75
76
77
78
79
80
81
82
83
84
85
86
87
88
89
90
91
92
93
94
95
96
97
98
99
100
101
102
0.100000001 -0.09299999882620059 0
0.100000001 -0.09099999885240422 0
0.100000001 -0.08899999887860903 0
0.100000001 -0.08699999890481049 0
0.100000001 -0.08499999893101325 0
0.100000001 -0.08299999895721806 0
0.100000001 -0.08099999898342287 0
0.100000001 -0.07899999900963312 0
0.100000001 -0.07699999903583793 0
0.100000001 -0.07499999906204276 0
0.100000001 -0.07299999908824757 0
0.100000001 -0.07099999911445239 0
0.100000001 -0.0689999991406572 0
0.100000001 -0.06699999916686203 0
0.100000001 -0.06499999919306686 0
0.100000001 -0.06299999921927699 0
0.100000001 -0.06099999924548192 0
0.100000001 -0.05899999927168675 0
0.100000001 -0.05699999929789158 0
0.100000001 -0.0549999993240964 0
0.100000001 -0.05299999935030121 0
0.100000001 -0.05099999937650604 0
0.100000001 -0.04899999940271205 0
0.100000001 -0.04699999942892034 0
0.100000001 -0.04499999945512728 0
0.100000001 -0.04299999948132305 0
0.100000001 -0.04099999950751747 0
0.100000001 -0.03899999953371189 0
0.100000001 -0.03699999955990632 0
0.100000001 -0.03499999958610073 0
0.100000001 -0.03299999961229787 0
0.100000001 -0.03099999963849219 0
0.100000001 -0.02899999966469147 0
0.100000001 -0.02699999969088525 0
0.100000001 -0.02499999971707879 0
0.100000001 -0.02299999974327518 0
0.100000001 -0.02099999976946808 0
0.100000001 -0.01899999979566251 0
0.100000001 -0.01699999982185844 0
0.100000001 -0.01499999984805091 0
0.100000001 -0.0129999998742462 0
0.100000001 -0.01099999990044127 0
0.100000001 -0.00899999992663375 0
0.100000001 -0.006999999952834346 0
0.100000001 -0.004999999979026809 0
0.100000001 -0.003000000005222644 0
0.100000001 -0.001000000031417175 0
0.100000001 0.0009999999423900285 0
0.100000001 0.002999999916193666 0
1 3 0 49
103
104
105
106
107
108
109
110
111
112
113
114
115
116
117
118
119
120
121
122
123
124
125
126
127
128
129
130
131
132
133
134
135
136
137
138
139
140
141
142
143
144
145
146
147
148
149
150
151
0.09800000098000629 0.00499999989 0
0.09600000096000987 0.00499999989 0
0.09400000094001344 0.00499999989 0
0.09200000092001702 0.00499999989 0
0.09000000090002276 0.00499999989 0
0.08800000088002959 0.00499999989 0
0.08600000086003316 0.00499999989 0
0.08400000084004075 0.00499999989 0
0.08200000082004574 0.00499999989 0
0.08000000080005365 0.00499999989 0
0.07800000078005831 0.00499999989 0
0.07600000076006189 0.00499999989 0
0.07400000074007088 0.00499999989 0
0.07200000072007445 0.00499999989 0
0.07000000070007911 0.00499999989 0
0.06800000068008702 0.00499999989 0
0.06600000066009201 0.00499999989 0
0.0640000006400971 0.00499999989 0
0.06200000062010316 0.00499999989 0
0.06000000060010945 0.00499999989 0
0.05800000058011541 0.00499999989 0
0.0560000005601211 0.00499999989 0
0.05400000054012679 0.00499999989 0
0.05200000052013248 0.00499999989 0
0.0500000005001368 0.00499999989 0
0.04800000048013269 0.00499999989 0
0.04600000046012722 0.00499999989 0
0.04400000044012131 0.00499999989 0
0.04200000042011627 0.00499999989 0
0.04000000040011081 0.00499999989 0
0.03800000038010582 0.00499999989 0
0.03600000036010381 0.00499999989 0
0.03400000034009373 0.00499999989 0
0.03200000032009166 0.00499999989 0
0.03000000030008398 0.00499999989 0
0.02800000028007726 0.00499999989 0
0.02600000026007422 0.00499999989 0
0.02400000024006393 0.00499999989 0
0.02200000022006091 0.00499999989 0
0.02000000020005419 0.00499999989 0
0.01800000018004649 0.00499999989 0
0.01600000016004444 0.00499999989 0
0.01400000014003436 0.00499999989 0
0.01200000012003544 0.00499999989 0
0.01000000010002981 0.00499999989 0
0.008000000080021566 0.00499999989 0
0.00600000006002005 0.00499999989 0
0.004000000040009749 0.00499999989 0
0.002000000020008788 0.00499999989 0
1 4 0 49
152
153
154
155
156
157
158
159
160
161
162
163
164
165
166
167
168
169
170
171
172
173
174
175
176
177
178
179
180
181
182
183
184
185
186
187
188
189
190
191
192
193
194
195
196
197
198
199
200
0 0.002999999916204119 0
0 0.0009999999424085441 0
0 -0.00100000003138668 0
0 -0.003000000005183265 0
0 -0.004999999978980182 0
0 -0.006999999952776516 0
0 -0.008999999926571699 0
0 -0.0109999999003642 0
0 -0.012999999874158 0
0 -0.01499999984795319 0
0 -0.01699999982174837 0
0 -0.01899999979554355 0
0 -0.02099999976933873 0
0 -0.02299999974313391 0
0 -0.02499999971692908 0
0 -0.02699999969072293 0
0 -0.02899999966451808 0
0 -0.03099999963831325 0
0 -0.03299999961210842 0
0 -0.0349999995859036 0
0 -0.03699999955969879 0
0 -0.03899999953349396 0
0 -0.04099999950728794 0
0 -0.04299999948107965 0
0 -0.04499999945487272 0
0 -0.04699999942867695 0
0 -0.04899999940248253 0
0 -0.0509999993762881 0
0 -0.05299999935009368 0
0 -0.05499999932389926 0
0 -0.05699999929770213 0
0 -0.05899999927150781 0
0 -0.06099999924530853 0
0 -0.06299999921911476 0
0 -0.06499999919292121 0
0 -0.06699999916672482 0
0 -0.06899999914053193 0
0 -0.07099999911433749 0
0 -0.07299999908814156 0
0 -0.0749999990619491 0
0 -0.0769999990357538 0
0 -0.07899999900955873 0
0 -0.08099999898336625 0
0 -0.08299999895716566 0
0 -0.08499999893097319 0
0 -0.08699999890477736 0
0 -0.08899999887858283 0
0 -0.09099999885239003 0
0 -0.09299999882619367 0
2 1 0 2401
201
202
203
204
205
206
207
208
209
210
211
212
213
214
215
216
217
218
219
220
221
222
223
224
225
226
227
228
229
230
231
232
233
234
235
236
237
238
239
240
241
242
243
244
245
246
247
248
249
250
251
252
253
254
255
256
257
258
259
260
261
262
263
264
265
266
267
268
269
270
271
272
273
274
275
276
277
278
279
280
281
282
283
284
285
286
287
288
289
290
291
292
293
294
295
296
297
298
299
300
301
302
303
304
305
306
307
308
309
310
311
312
313
314
315
316
317
318
319
320
321
322
323
324
325
326
327
328
329
330
331
332
333
334
335
336
337
338
339
340
341
342
343
344
345
346
347
348
349
350
351
352
353
354
355
356
357
358
359
360
361
362
363
364
365
366
367
368
369
370
371
372
373
374
375
376
377
378
379
380
381
382
383
384
385
386
387
388
389
390
391
392
393
394
395
396
397
398
399
400
401
402
403
404
405
406
407
408
409
410
411
412
413
414
415
416
417
418
419
420
421
422
423
424
425
426
427
428
429
430
431
432
433
434
435
436
437
438
439
440
441
442
443
444
445
446
447
448
449
450
451
452
453
454
455
456
457
458
459
460
461
462
463
464
465
466
467
468
469
470
471
472
473
474
475
476
477
478
479
480
481
482
483
484
485
486
487
488
489
490
491
492
493
494
495
496
497
498
499
500
501
502
503
504
505
506
507
508
509
510
511
512
513
514
515
516
517
518
519
520
521
522
523
524
525
526
527
528
529
530
531
532
533
534
535
536
537
538
539
540
541
542
543
544
545
546
547
548
549
550
551
552
553
554
555
556
557
558
559
560
561
562
563
564
565
566
567
568
569
570
571
572
573
574
575
576
577
578
579
580
581
582
583
584
585
586
587
588
589
590
591
592
593
594
595
596
597
598
599
600
601
602
603
604
605
606
607
608
609
610
611
612
613
614
615
616
617
618
619
620
621
622
623
624
625
626
627
628
629
630
631
632
633
634
635
636
637
638
639
640
641
642
643
644
645
646
647
648
649
650
651
652
653
654
655
656
657
658
659
660
661
662
663
664
665
666
667
668
669
670
671
672
673
674
675
676
677
678
679
680
681
682
683
684
685
686
687
688
689
690
691
692
693
694
695
696
697
698
699
700
701
702
703
704
705
706
707
708
709
710
711
712
713
714
715
716
717
718
719
720
721
722
723
724
725
726
727
728
729
730
731
732
733
734
735
736
737
738
739
740
741
742
743
744
745
746
747
748
749
750
751
752
753
754
755
756
757
758
759
760
761
762
763
764
765
766
767
768
769
770
771
772
773
774
775
776
777
778
779
780
781
782
783
784
785
786
787
788
789
790
791
792
793
794
795
796
797
798
799
800
801
802
803
804
805
806
807
808
809
810
811
812
813
814
815
816
817
818
819
820
821
822
823
824
825
826
827
828
829
830
831
832
833
834
835
836
837
838
839
840
841
842
843
844
845
846
847
848
849
850
851
852
853
854
855
856
857
858
859
860
861
862
863
864
865
866
867
868
869
870
871
872
873
874
875
876
877
878
879
880
881
882
883
884
885
886
887
888
889
890
891
892
893
894
895
896
897
898
899
900
901
902
903
904
905
906
907
908
909
910
911
912
913
914
915
916
917
918
919
920
921
922
923
924
925
926
927
928
929
930
931
932
933
934
935
936
937
938
939
940
941
942
943
944
945
946
947
948
949
950
951
952
953
954
955
956
957
958
959
960
961
962
963
964
965
966
967
968
969
970
971
972
973
974
975
976
977
978
979
980
981
982
983
984
985
986
987
988
989
990
991
992
993
994
995
996
997
998
999
1000
1001
1002
1003
1004
1005
1006
1007
1008
1009
1010
1011
1012
1013
1014
1015
1016
1017
1018
1019
1020
1021
1022
1023
1024
1025
1026
1027
1028
1029
1030
1031
1032
1033
1034
1035
1036
1037
1038
1039
1040
1041
1042
1043
1044
1045
1046
1047
1048
1049
1050
1051
1052
1053
1054
1055
1056
1057
1058
1059
1060
1061
1062
1063
1064
1065
1066
1067
1068
1069
1070
1071
1072
1073
1074
1075
1076
1077
1078
1079
1080
1081
1082
1083
1084
1085
1086
1087
1088
1089
1090
1091
1092
1093
1094
1095
1096
1097
1098
1099
1100
1101
1102
1103
1104
1105
1106
1107
1108
1109
1110
1111
1112
1113
1114
1115
1116
1117
1118
1119
1120
1121
1122
1123
1124
1125
1126
1127
1128
1129
1130
1131
1132
1133
1134
1135
1136
1137
1138
1139
1140
1141
1142
1143
1144
1145
1146
1147
1148
1149
1150
1151
1152
1153
1154
1155
1156
1157
1158
1159
1160
1161
1162
1163
1164
1165
1166
1167
1168
1169
1170
1171
1172
1173
1174
1175
1176
1177
1178
1179
1180
1181
1182
1183
1184
1185
1186
1187
1188
1189
1190
1191
1192
1193
1194
1195
1196
1197
1198
1199
1200
1201
1202
1203
1204
1205
1206
1207
1208
1209
1210
1211
1212
1213
1214
1215
1216
1217
1218
1219
1220
1221
1222
1223
1224
1225
1226
1227
1228
1229
1230
1231
1232
1233
1234
1235
1236
1237
1238
1239
1240
1241
1242
1243
1244
1245
1246
1247
1248
1249
1250
1251
1252
1253
1254
1255
1256
1257
1258
1259
1260
1261
1262
1263
1264
1265
1266
1267
1268
1269
1270
1271
1272
1273
1274
1275
1276
1277
1278
1279
1280
1281
1282
1283
1284
1285
1286
1287
1288
1289
1290
1291
1292
1293
1294
1295
1296
1297
1298
1299
1300
1301
1302
1303
1304
1305
1306
1307
1308
1309
1310
1311
1312
1313
1314
1315
1316
1317
1318
1319
1320
1321
1322
1323
1324
1325
1326
1327
1328
1329
1330
1331
1332
1333
1334
1335
1336
1337
1338
1339
1340
1341
1342
1343
1344
1345
1346
1347
1348
1349
1350
1351
1352
1353
1354
1355
1356
1357
1358
1359
1360
1361
1362
1363
1364
1365
1366
1367
1368
1369
1370
1371
1372
1373
1374
1375
1376
1377
1378
1379
1380
1381
1382
1383
1384
1385
1386
1387
1388
1389
1390
1391
1392
1393
1394
1395
1396
1397
1398
1399
1400
1401
1402
1403
1404
1405
1406
1407
1408
1409
1410
1411
1412
1413
1414
1415
1416
1417
1418
1419
1420
1421
1422
1423
1424
1425
1426
1427
1428
1429
1430
1431
1432
1433
1434
1435
1436
1437
1438
1439
1440
1441
1442
1443
1444
1445
1446
1447
1448
1449
1450
1451
1452
1453
1454
1455
1456
1457
1458
1459
1460
1461
1462
1463
1464
1465
1466
1467
1468
1469
1470
1471
1472
1473
1474
1475
1476
1477
1478
1479
1480
1481
1482
1483
1484
1485
1486
1487
1488
1489
1490
1491
1492
1493
1494
1495
1496
1497
1498
1499
1500
1501
1502
1503
1504
1505
1506
1507
1508
1509
1510
1511
1512
1513
1514
1515
1516
1517
1518
1519
1520
1521
1522
1523
1524
1525
1526
1527
1528
1529
1530
1531
1532
1533
1534
1535
1536
1537
1538
1539
1540
1541
1542
1543
1544
1545
1546
1547
1548
1549
1550
1551
1552
1553
1554
1555
1556
1557
1558
1559
1560
1561
1562
1563
1564
1565
1566
1567
1568
1569
1570
1571
1572
1573
1574
1575
1576
1577
1578
1579
1580
1581
1582
1583
1584
1585
1586
1587
1588
1589
1590
1591
1592
1593
1594
1595
1596
1597
1598
1599
1600
1601
1602
1603
1604
1605
1606
1607
1608
1609
1610
1611
1612
1613
1614
1615
1616
1617
1618
1619
1620
1621
1622
1623
1624
1625
1626
1627
1628
1629
1630
1631
1632
1633
1634
1635
1636
1637
1638
1639
1640
1641
1642
1643
1644
1645
1646
1647
1648
1649
1650
1651
1652
1653
1654
1655
1656
1657
1658
1659
1660
1661
1662
1663
1664
1665
1666
1667
1668
1669
1670
1671
1672
1673
1674
1675
1676
1677
1678
1679
1680
1681
1682
1683
1684
1685
1686
1687
1688
1689
1690
1691
1692
1693
1694
1695
1696
1697
1698
1699
1700
1701
1702
1703
1704
1705
1706
1707
1708
1709
1710
1711
1712
1713
1714
1715
1716
1717
1718
1719
1720
1721
1722
1723
1724
1725
1726
1727
1728
1729
1730
1731
1732
1733
1734
1735
1736
1737
1738
1739
1740
1741
1742
1743
1744
1745
1746
1747
1748
1749
1750
1751
1752
1753
1754
1755
1756
1757
1758
1759
1760
1761
1762
1763
1764
1765
1766
1767
1768
1769
1770
1771
1772
1773
1774
1775
1776
1777
1778
1779
1780
1781
1782
1783
1784
1785
1786
1787
1788
1789
1790
1791
1792
1793
1794
1795
1796
1797
1798
1799
1800
1801
1802
1803
1804
1805
1806
1807
1808
1809
1810
1811
1812
1813
1814
1815
1816
1817
1818
1819
1820
1821
1822
1823
1824
1825
1826
1827
1828
1829
1830
1831
1832
1833
1834
1835
1836
1837
1838
1839
1840
1841
1842
1843
1844
1845
1846
1847
1848
1849
1850
1851
1852
1853
1854
1855
1856
1857
1858
1859
1860
1861
1862
1863
1864
1865
1866
1867
1868
1869
1870
1871
1872
1873
1874
1875
1876
1877
1878
1879
1880
1881
1882
1883
1884
1885
1886
1887
1888
1889
1890
1891
1892
1893
1894
1895
1896
1897
1898
1899
1900
1901
1902
1903
1904
1905
1906
1907
1908
1909
1910
1911
1912
1913
1914
1915
1916
1917
1918
1919
1920
1921
1922
1923
1924
1925
1926
1927
1928
1929
1930
1931
1932
1933
1934
1935
1936
1937
1938
1939
1940
1941
1942
1943
1944
1945
1946
1947
1948
1949
1950
1951
1952
1953
1954
1955
1956
1957
1958
1959
1960
1961
1962
1963
1964
1965
1966
1967
1968
1969
1970
1971
1972
1973
1974
1975
1976
1977
1978
1979
1980
1981
1982
1983
1984
1985
1986
1987
1988
1989
1990
1991
1992
1993
1994
1995
1996
1997
1998
1999
2000
2001
2002
2003
2004
2005
2006
2007
2008
2009
2010
2011
2012
2013
2014
2015
2016
2017
2018
2019
2020
2021
2022
2023
2024
2025
2026
2027
2028
2029
2030
2031
2032
2033
2034
2035
2036
2037
2038
2039
2040
2041
2042
2043
2044
2045
2046
2047
2048
2049
2050
2051
2052
2053
2054
2055
2056
2057
2058
2059
2060
2061
2062
2063
2064
2065
2066
2067
2068
2069
2070
2071
2072
2073
2074
2075
2076
2077
2078
2079
2080
2081
2082
2083
2084
2085
2086
2087
2088
2089
2090
2091
2092
2093
2094
2095
2096
2097
2098
2099
2100
2101
2102
2103
2104
2105
2106
2107
2108
2109
2110
2111
2112
2113
2114
2115
2116
2117
2118
2119
2120
2121
2122
2123
2124
2125
2126
2127
2128
2129
2130
2131
2132
2133
2134
2135
2136
2137
2138
2139
2140
2141
2142
2143
2144
2145
2146
2147
2148
2149
2150
2151
2152
2153
2154
2155
2156
2157
2158
2159
2160
2161
2162
2163
2164
2165
2166
2167
2168
2169
2170
2171
2172
2173
2174
2175
2176
2177
2178
2179
2180
2181
2182
2183
2184
2185
2186
2187
2188
2189
2190
2191
2192
2193
2194
2195
2196
2197
2198
2199
2200
2201
2202
2203
2204
2205
2206
2207
2208
2209
2210
2211
2212
2213
2214
2215
2216
2217
2218
2219
2220
2221
2222
2223
2224
2225
2226
2227
2228
2229
2230
2231
2232
2233
2234
2235
2236
2237
2238
2239
2240
2241
2242
2243
2244
2245
2246
2247
2248
2249
2250
2251
2252
2253
2254
2255
2256
2257
2258
2259
2260
2261
2262
2263
2264
2265
2266
2267
2268
2269
2270
2271
2272
2273
2274
2275
2276
2277
2278
2279
2280
2281
2282
2283
2284
2285
2286
2287
2288
2289
2290
2291
2292
2293
2294
2295
2296
2297
2298
2299
2300
2301
2302
2303
2304
2305
2306
2307
2308
2309
2310
2311
2312
2313
2314
2315
2316
2317
2318
2319
2320
2321
2322
2323
2324
2325
2326
2327
2328
2329
2330
2331
2332
2333
2334
2335
2336
2337
2338
2339
2340
2341
2342
2343
2344
2345
2346
2347
2348
2349
2350
2351
2352
2353
2354
2355
2356
2357
2358
2359
2360
2361
2362
2363
2364
2365
2366
2367
2368
2369
2370
2371
2372
2373
2374
2375
2376
2377
2378
2379
2380
2381
2382
2383
2384
2385
2386
2387
2388
2389
2390
2391
2392
2393
2394
2395
2396
2397
2398
2399
2400
2401
2402
2403
2404
2405
2406
2407
2408
2409
2410
2411
2412
2413
2414
2415
2416
2417
2418
2419
2420
2421
2422
2423
2424
2425
2426
2427
2428
2429
2430
2431
2432
2433
2434
2435
2436
2437
2438
2439
2440
2441
2442
2443
2444
2445
2446
2447
2448
2449
2450
2451
2452
2453
2454
2455
2456
2457
2458
2459
2460
2461
2462
2463
2464
2465
2466
2467
2468
2469
2470
2471
2472
2473
2474
2475
2476
2477
2478
2479
2480
2481
2482
2483
2484
2485
2486
2487
2488
2489
2490
2491
2492
2493
2494
2495
2496
2497
2498
2499
2500
2501
2502
2503
2504
2505
2506
2507
2508
2509
2510
2511
2512
2513
2514
2515
2516
2517
2518
2519
2520
2521
2522
2523
2524
2525
2526
2527
2528
2529
2530
2531
2532
2533
2534
2535
2536
2537
2538
2539
2540
2541
2542
2543
2544
2545
2546
2547
2548
2549
2550
2551
2552
2553
2554
2555
2556
2557
2558
2559
2560
2561
2562
2563
2564
2565
2566
2567
2568
2569
2570
2571
2572
2573
2574
2575
2576
2577
2578
2579
2580
2581
2582
2583
2584
2585
2586
2587
2588
2589
2590
2591
2592
2593
2594
2595
2596
2597
2598
2599
2600
2601
0.002000000019996481 -0.09299999882619382 0
0.002000000019996733 -0.09099999885239032 0
0.002000000019996984 -0.08899999887858336 0
0.002000000019997235 -0.08699999890477803 0
0.002000000019997486 -0.08499999893097401 0
0.002000000019997737 -0.08299999895716671 0
0.002000000019997989 -0.08099999898336742 0
0.002000000019998239 -0.07899999900956019 0
0.002000000019998491 -0.0769999990357555 0
0.002000000019998742 -0.07499999906195094 0
0.002000000019998993 -0.07299999908814371 0
0.002000000019999244 -0.07099999911433978 0
0.002000000019999495 -0.06899999914053444 0
0.002000000019999746 -0.06699999916672757 0
0.002000000019999997 -0.06499999919292414 0
0.002000000020000249 -0.06299999921911802 0
0.0020000000200005 -0.06099999924531199 0
0.002000000020000751 -0.05899999927151138 0
0.002000000020001003 -0.05699999929770592 0
0.002000000020001253 -0.0549999993239032 0
0.002000000020001505 -0.05299999935009782 0
0.002000000020001756 -0.05099999937629245 0
0.002000000020002007 -0.04899999940248714 0
0.002000000020002258 -0.04699999942868181 0
0.002000000020002509 -0.04499999945487781 0
0.002000000020002761 -0.04299999948108452 0
0.002000000020003011 -0.04099999950729253 0
0.002000000020003263 -0.03899999953349832 0
0.002000000020003515 -0.03699999955970295 0
0.002000000020003765 -0.03499999958590754 0
0.002000000020004016 -0.03299999961211221 0
0.002000000020004267 -0.03099999963831684 0
0.002000000020004519 -0.02899999966452155 0
0.00200000002000477 -0.02699999969072617 0
0.002000000020005021 -0.02499999971693208 0
0.002000000020005272 -0.02299999974313673 0
0.002000000020005523 -0.02099999976934131 0
0.002000000020005774 -0.01899999979554592 0
0.002000000020006026 -0.01699999982175057 0
0.002000000020006276 -0.01499999984795515 0
0.002000000020006528 -0.01299999987415976 0
0.002000000020006779 -0.01099999990036574 0
0.00200000002000703 -0.008999999926572938 0
0.002000000020007281 -0.006999999952777673 0
0.002000000020007532 -0.004999999978981115 0
0.002000000020007784 -0.003000000005184052 0
0.002000000020008035 -0.001000000031387289 0
0.002000000020008285 0.0009999999424081737 0
0.002000000020008536 0.00299999991620391 0
0.004000000039992475 -0.09299999882619395 0
0.004000000039992827 -0.09099999885239062 0
0.004000000039993179 -0.08899999887858388 0
0.004000000039993533 -0.08699999890477871 0
0.004000000039993885 -0.08499999893097483 0
0.004000000039994237 -0.08299999895716775 0
0.004000000039994589 -0.08099999898336853 0
0.004000000039994943 -0.07899999900956167 0
0.004000000039995295 -0.07699999903575717 0
0.004000000039995648 -0.07499999906195286 0
0.004000000039996 -0.07299999908814582 0
0.004000000039996352 -0.07099999911434207 0
0.004000000039996706 -0.06899999914053694 0
0.004000000039997058 -0.0669999991667303 0
0.004000000039997412 -0.06499999919292702 0
0.004000000039997762 -0.06299999921912122 0
0.004000000039998116 -0.06099999924531546 0
0.004000000039998468 -0.05899999927151496 0
0.00400000003999882 -0.05699999929770971 0
0.004000000039999174 -0.05499999932390714 0
0.004000000039999526 -0.05299999935010197 0
0.004000000039999878 -0.05099999937629683 0
0.004000000040000231 -0.0489999994024917 0
0.004000000040000583 -0.04699999942868668 0
0.004000000040000935 -0.04499999945488292 0
0.004000000040001289 -0.04299999948108939 0
0.004000000040001641 -0.04099999950729712 0
0.004000000040001993 -0.03899999953350267 0
0.004000000040002347 -0.03699999955970708 0
0.004000000040002699 -0.0349999995859115 0
0.004000000040003051 -0.03299999961211601 0
0.004000000040003403 -0.0309999996383204 0
0.004000000040003756 -0.02899999966452503 0
0.004000000040004108 -0.02699999969072942 0
0.004000000040004462 -0.02499999971693507 0
0.004000000040004814 -0.02299999974313955 0
0.004000000040005166 -0.02099999976934391 0
0.004000000040005518 -0.01899999979554831 0
0.004000000040005872 -0.01699999982175277 0
0.004000000040006224 -0.0149999998479571 0
0.004000000040006576 -0.01299999987416152 0
0.004000000040006928 -0.01099999990036728 0
0.004000000040007281 -0.00899999992657418 0
0.004000000040007634 -0.006999999952778828 0
0.004000000040007987 -0.004999999978982048 0
0.004000000040008339 -0.003000000005184841 0
0.004000000040008691 -0.0010000000313879 0
0.004000000040009043 0.0009999999424078038 0
0.004000000040009397 0.002999999916203702 0
0.006000000059988585 -0.0929999988261941 0
0.006000000059989225 -0.09099999885239088 0
0.006000000059989866 -0.08899999887858441 0
0.00600000005999051 -0.08699999890477936 0
0.006000000059991155 -0.0849999989309756 0
0.006000000059991796 -0.08299999895716884 0
0.006000000059992437 -0.08099999898336967 0
0.006000000059993079 -0.07899999900956316 0
0.006000000059993721 -0.07699999903575883 0
0.006000000059994365 -0.0749999990619547 0
0.006000000059995006 -0.07299999908814793 0
0.006000000059995649 -0.07099999911434438 0
0.006000000059996291 -0.06899999914053946 0
0.006000000059996933 -0.06699999916673308 0
0.006000000059997573 -0.06499999919292997 0
0.006000000059998217 -0.06299999921912451 0
0.006000000059998857 -0.06099999924531892 0
0.006000000059999501 -0.05899999927151853 0
0.006000000060000145 -0.0569999992977135 0
0.006000000060000784 -0.05499999932391108 0
0.006000000060001429 -0.05299999935010614 0
0.006000000060002069 -0.05099999937630117 0
0.006000000060002713 -0.04899999940249629 0
0.006000000060003354 -0.04699999942869156 0
0.006000000060003997 -0.044999999454888 0
0.006000000060004638 -0.04299999948109427 0
0.00600000006000528 -0.04099999950730172 0
0.006000000060005922 -0.03899999953350703 0
0.006000000060006565 -0.03699999955971126 0
0.006000000060007208 -0.03499999958591543 0
0.00600000006000785 -0.03299999961211978 0
0.006000000060008492 -0.03099999963832398 0
0.006000000060009134 -0.02899999966452849 0
0.006000000060009775 -0.02699999969073267 0
0.006000000060010418 -0.02499999971693806 0
0.00600000006001106 -0.02299999974314238 0
0.006000000060011701 -0.02099999976934649 0
0.006000000060012343 -0.01899999979555069 0
0.006000000060012985 -0.01699999982175498 0
0.006000000060013629 -0.01499999984795906 0
0.006000000060014271 -0.01299999987416329 0
0.006000000060014912 -0.01099999990036882 0
0.006000000060015555 -0.008999999926575422 0
0.006000000060016197 -0.006999999952779986 0
0.00600000006001684 -0.004999999978982981 0
0.006000000060017482 -0.003000000005185628 0
0.006000000060018123 -0.00100000003138851 0
0.006000000060018765 0.000999999942407433 0
0.006000000060019407 0.002999999916203493 0
0.008000000079985425 -0.0929999988261942 0
0.008000000079986162 -0.09099999885239117 0
0.008000000079986899 -0.08899999887858491 0
0.008000000079987636 -0.08699999890478 0
0.008000000079988374 -0.08499999893097641 0
0.008000000079989111 -0.08299999895716983 0
0.008000000079989852 -0.08099999898337081 0
0.008000000079990587 -0.07899999900956467 0
0.008000000079991326 -0.07699999903576051 0
0.008000000079992062 -0.07499999906195658 0
0.008000000079992801 -0.07299999908815002 0
0.008000000079993536 -0.07099999911434668 0
0.008000000079994275 -0.06899999914054195 0
0.008000000079995014 -0.0669999991667358 0
0.008000000079995753 -0.06499999919293285 0
0.008000000079996489 -0.06299999921912773 0
0.008000000079997228 -0.06099999924532239 0
0.008000000079997963 -0.05899999927152212 0
0.008000000079998702 -0.05699999929771729 0
0.008000000079999438 -0.05499999932391502 0
0.008000000080000173 -0.05299999935011027 0
0.008000000080000916 -0.05099999937630553 0
0.008000000080001651 -0.0489999994025009 0
0.008000000080002387 -0.04699999942869641 0
0.008000000080003126 -0.04499999945489309 0
0.008000000080003865 -0.04299999948109914 0
0.0080000000800046 -0.0409999995073063 0
0.008000000080005339 -0.0389999995335114 0
0.008000000080006078 -0.03699999955971539 0
0.008000000080006814 -0.03499999958591937 0
0.008000000080007553 -0.03299999961212359 0
0.008000000080008292 -0.03099999963832755 0
0.008000000080009027 -0.02899999966453195 0
0.008000000080009761 -0.02699999969073592 0
0.008000000080010502 -0.02499999971694106 0
0.008000000080011241 -0.02299999974314521 0
0.008000000080011976 -0.02099999976934909 0
0.008000000080012715 -0.01899999979555307 0
0.008000000080013453 -0.01699999982175718 0
0.008000000080014188 -0.014999999847961 0
0.008000000080014929 -0.01299999987416505 0
0.008000000080015664 -0.01099999990037036 0
0.008000000080016402 -0.008999999926576666 0
0.008000000080017137 -0.006999999952781142 0
0.008000000080017878 -0.004999999978983912 0
0.008000000080018615 -0.003000000005186416 0
0.008000000080019352 -0.00100000003138912 0
0.008000000080020091 0.0009999999424070618 0
0.00800000008002083 0.002999999916203284 0
0.01000000009998205 -0.09299999882619436 0
0.01000000009998302 -0.09099999885239146 0
0.01000000009998399 -0.08899999887858545 0
0.01000000009998497 -0.08699999890478069 0
0.01000000009998594 -0.08499999893097721 0
0.01000000009998692 -0.08299999895717088 0
0.01000000009998789 -0.08099999898337192 0
0.01000000009998887 -0.07899999900956617 0
0.01000000009998984 -0.07699999903576223 0
0.01000000009999082 -0.07499999906195844 0
0.01000000009999179 -0.07299999908815218 0
0.01000000009999276 -0.07099999911434897 0
0.01000000009999374 -0.06899999914054449 0
0.01000000009999472 -0.06699999916673857 0
0.01000000009999569 -0.06499999919293581 0
0.01000000009999667 -0.06299999921913096 0
0.01000000009999764 -0.06099999924532587 0
0.01000000009999862 -0.05899999927152571 0
0.01000000009999959 -0.05699999929772108 0
0.01000000010000057 -0.05499999932391897 0
0.01000000010000154 -0.05299999935011444 0
0.01000000010000252 -0.0509999993763099 0
0.01000000010000349 -0.04899999940250548 0
0.01000000010000446 -0.04699999942870128 0
0.01000000010000544 -0.04499999945489818 0
0.01000000010000641 -0.04299999948110399 0
0.01000000010000739 -0.0409999995073109 0
0.01000000010000836 -0.03899999953351575 0
0.01000000010000934 -0.03699999955971955 0
0.01000000010001031 -0.03499999958592331 0
0.01000000010001129 -0.03299999961212736 0
0.01000000010001226 -0.03099999963833115 0
0.01000000010001324 -0.02899999966453543 0
0.01000000010001421 -0.02699999969073916 0
0.01000000010001519 -0.02499999971694405 0
0.01000000010001616 -0.02299999974314803 0
0.01000000010001714 -0.02099999976935166 0
0.01000000010001811 -0.01899999979555544 0
0.01000000010001909 -0.01699999982175938 0
0.01000000010002006 -0.01499999984796296 0
0.01000000010002104 -0.01299999987416682 0
0.01000000010002201 -0.01099999990037191 0
0.01000000010002299 -0.008999999926577899 0
0.01000000010002396 -0.006999999952782296 0
0.01000000010002494 -0.004999999978984844 0
0.01000000010002591 -0.003000000005187203 0
0.01000000010002689 -0.00100000003138973 0
0.01000000010002786 0.0009999999424066927 0
0.01000000010002884 0.002999999916203075 0
0.01200000011997903 -0.09299999882619452 0
0.01200000011998018 -0.0909999988523917 0
0.01200000011998133 -0.08899999887858599 0
0.01200000011998248 -0.08699999890478134 0
0.01200000011998363 -0.08499999893097804 0
0.01200000011998478 -0.08299999895717193 0
0.01200000011998593 -0.08099999898337308 0
0.01200000011998709 -0.07899999900956763 0
0.01200000011998824 -0.07699999903576388 0
0.01200000011998939 -0.07499999906196032 0
0.01200000011999054 -0.07299999908815431 0
0.01200000011999169 -0.07099999911435126 0
0.01200000011999284 -0.06899999914054698 0
0.01200000011999399 -0.06699999916674128 0
0.01200000011999514 -0.0649999991929387 0
0.0120000001199963 -0.06299999921913421 0
0.01200000011999745 -0.06099999924532932 0
0.0120000001199986 -0.05899999927152928 0
0.01200000011999975 -0.05699999929772486 0
0.0120000001200009 -0.05499999932392289 0
0.01200000012000205 -0.05299999935011857 0
0.0120000001200032 -0.05099999937631426 0
0.01200000012000436 -0.04899999940251008 0
0.0120000001200055 -0.04699999942870615 0
0.01200000012000666 -0.04499999945490326 0
0.01200000012000781 -0.04299999948110887 0
0.01200000012000896 -0.04099999950731548 0
0.01200000012001011 -0.0389999995335201 0
0.01200000012001126 -0.03699999955972369 0
0.01200000012001241 -0.03499999958592726 0
0.01200000012001357 -0.03299999961213117 0
0.01200000012001472 -0.03099999963833472 0
0.01200000012001587 -0.02899999966453889 0
0.01200000012001702 -0.02699999969074241 0
0.01200000012001817 -0.02499999971694705 0
0.01200000012001932 -0.02299999974315086 0
0.01200000012002047 -0.02099999976935425 0
0.01200000012002162 -0.01899999979555783 0
0.01200000012002277 -0.01699999982176158 0
0.01200000012002393 -0.01499999984796491 0
0.01200000012002508 -0.01299999987416858 0
0.01200000012002623 -0.01099999990037345 0
0.01200000012002738 -0.008999999926579141 0
0.01200000012002853 -0.006999999952783457 0
0.01200000012002968 -0.004999999978985778 0
0.01200000012003083 -0.00300000000518799 0
0.01200000012003198 -0.00100000003139034 0
0.01200000012003313 0.0009999999424063219 0
0.01200000012003428 0.002999999916202865 0
0.01400000013997384 -0.09299999882619464 0
0.01400000013997508 -0.09099999885239202 0
0.01400000013997631 -0.08899999887858652 0
0.01400000013997755 -0.08699999890478201 0
0.01400000013997878 -0.0849999989309788 0
0.01400000013998002 -0.08299999895717297 0
0.01400000013998125 -0.08099999898337418 0
0.01400000013998249 -0.07899999900956911 0
0.01400000013998372 -0.07699999903576557 0
0.01400000013998496 -0.07499999906196221 0
0.01400000013998619 -0.07299999908815641 0
0.01400000013998743 -0.07099999911435359 0
0.01400000013998867 -0.06899999914054947 0
0.0140000001399899 -0.06699999916674407 0
0.01400000013999113 -0.06499999919294164 0
0.01400000013999237 -0.06299999921913746 0
0.0140000001399936 -0.06099999924533279 0
0.01400000013999484 -0.05899999927153285 0
0.01400000013999608 -0.05699999929772866 0
0.01400000013999731 -0.05499999932392686 0
0.01400000013999854 -0.05299999935012273 0
0.01400000013999978 -0.05099999937631863 0
0.01400000014000101 -0.04899999940251466 0
0.01400000014000225 -0.04699999942871101 0
0.01400000014000348 -0.04499999945490837 0
0.01400000014000472 -0.04299999948111373 0
0.01400000014000595 -0.04099999950732008 0
0.01400000014000718 -0.03899999953352447 0
0.01400000014000843 -0.03699999955972785 0
0.01400000014000966 -0.0349999995859312 0
0.01400000014001089 -0.03299999961213494 0
0.01400000014001213 -0.0309999996383383 0
0.01400000014001336 -0.02899999966454236 0
0.0140000001400146 -0.02699999969074566 0
0.01400000014001583 -0.02499999971695004 0
0.01400000014001707 -0.02299999974315368 0
0.0140000001400183 -0.02099999976935684 0
0.01400000014001954 -0.0189999997955602 0
0.01400000014002077 -0.01699999982176379 0
0.01400000014002201 -0.01499999984796687 0
0.01400000014002324 -0.01299999987417034 0
0.01400000014002448 -0.01099999990037499 0
0.01400000014002571 -0.008999999926580383 0
0.01400000014002695 -0.006999999952784611 0
0.01400000014002818 -0.004999999978986711 0
0.01400000014002942 -0.003000000005188778 0
0.01400000014003065 -0.00100000003139095 0
0.01400000014003189 0.0009999999424059516 0
0.01400000014003312 0.002999999916202657 0
0.01600000015996834 -0.09299999882619479 0
0.01600000015996989 -0.09099999885239234 0
0.01600000015997145 -0.08899999887858703 0
0.016000000159973 -0.08699999890478267 0
0.01600000015997455 -0.08499999893097961 0
0.01600000015997611 -0.08299999895717405 0
0.01600000015997766 -0.08099999898337532 0
0.01600000015997921 -0.07899999900957061 0
0.01600000015998076 -0.07699999903576724 0
0.01600000015998232 -0.07499999906196407 0
0.01600000015998387 -0.07299999908815855 0
0.01600000015998542 -0.07099999911435589 0
0.01600000015998698 -0.06899999914055198 0
0.01600000015998854 -0.06699999916674677 0
0.01600000015999008 -0.06499999919294452 0
0.01600000015999164 -0.06299999921914071 0
0.01600000015999319 -0.06099999924533626 0
0.01600000015999475 -0.05899999927153644 0
0.01600000015999629 -0.05699999929773244 0
0.01600000015999785 -0.05499999932393078 0
0.0160000001599994 -0.05299999935012688 0
0.01600000016000096 -0.05099999937632297 0
0.0160000001600025 -0.04899999940251925 0
0.01600000016000406 -0.0469999994287159 0
0.01600000016000561 -0.04499999945491345 0
0.01600000016000716 -0.0429999994811186 0
0.01600000016000871 -0.04099999950732467 0
0.01600000016001027 -0.03899999953352882 0
0.01600000016001182 -0.036999999559732 0
0.01600000016001338 -0.03499999958593514 0
0.01600000016001493 -0.03299999961213875 0
0.01600000016001648 -0.03099999963834188 0
0.01600000016001803 -0.02899999966454582 0
0.0160000001600196 -0.0269999996907489 0
0.01600000016002114 -0.02499999971695304 0
0.0160000001600227 -0.02299999974315652 0
0.01600000016002424 -0.02099999976935943 0
0.0160000001600258 -0.01899999979556259 0
0.01600000016002735 -0.01699999982176598 0
0.01600000016002891 -0.01499999984796882 0
0.01600000016003046 -0.01299999987417211 0
0.01600000016003202 -0.01099999990037653 0
0.01600000016003357 -0.008999999926581627 0
0.01600000016003512 -0.00699999995278577 0
0.01600000016003667 -0.004999999978987641 0
0.01600000016003822 -0.003000000005189565 0
0.01600000016003978 -0.001000000031391561 0
0.01600000016004132 0.0009999999424055812 0
0.01600000016004288 0.002999999916202447 0
0.01800000017996235 -0.09299999882619493 0
0.01800000017996407 -0.09099999885239257 0
0.01800000017996579 -0.08899999887858757 0
0.0180000001799675 -0.08699999890478335 0
0.01800000017996922 -0.08499999893098042 0
0.01800000017997094 -0.08299999895717509 0
0.01800000017997266 -0.08099999898337647 0
0.01800000017997437 -0.07899999900957212 0
0.01800000017997608 -0.07699999903576896 0
0.01800000017997781 -0.07499999906196592 0
0.01800000017997953 -0.07299999908816063 0
0.01800000017998124 -0.07099999911435814 0
0.01800000017998295 -0.06899999914055448 0
0.01800000017998467 -0.06699999916674951 0
0.01800000017998639 -0.06499999919294744 0
0.01800000017998811 -0.06299999921914393 0
0.01800000017998982 -0.06099999924533973 0
0.01800000017999154 -0.05899999927154001 0
0.01800000017999327 -0.05699999929773623 0
0.01800000017999498 -0.05499999932393474 0
0.0180000001799967 -0.05299999935013103 0
0.01800000017999841 -0.05099999937632734 0
0.01800000018000012 -0.04899999940252384 0
0.01800000018000185 -0.04699999942872076 0
0.01800000018000356 -0.04499999945491855 0
0.01800000018000528 -0.04299999948112347 0
0.01800000018000699 -0.04099999950732925 0
0.01800000018000871 -0.03899999953353318 0
0.01800000018001043 -0.03699999955973616 0
0.01800000018001215 -0.03499999958593908 0
0.01800000018001386 -0.03299999961214251 0
0.01800000018001558 -0.03099999963834546 0
0.0180000001800173 -0.0289999996645493 0
0.01800000018001902 -0.02699999969075215 0
0.01800000018002073 -0.02499999971695603 0
0.01800000018002245 -0.02299999974315934 0
0.01800000018002417 -0.02099999976936201 0
0.01800000018002588 -0.01899999979556496 0
0.01800000018002761 -0.01699999982176818 0
0.01800000018002932 -0.01499999984797078 0
0.01800000018003104 -0.01299999987417388 0
0.01800000018003275 -0.01099999990037807 0
0.01800000018003448 -0.008999999926582868 0
0.0180000001800362 -0.006999999952786926 0
0.01800000018003791 -0.004999999978988577 0
0.01800000018003962 -0.003000000005190353 0
0.01800000018004134 -0.001000000031392168 0
0.01800000018004306 0.0009999999424052117 0
0.01800000018004478 0.002999999916202239 0
0.02000000019995673 -0.09299999882619507 0
0.02000000019995872 -0.09099999885239288 0
0.02000000019996071 -0.08899999887858807 0
0.02000000019996269 -0.08699999890478398 0
0.02000000019996469 -0.08499999893098122 0
0.02000000019996668 -0.08299999895717615 0
0.02000000019996866 -0.08099999898337758 0
0.02000000019997066 -0.07899999900957361 0
0.02000000019997265 -0.07699999903577062 0
0.02000000019997463 -0.07499999906196782 0
0.02000000019997662 -0.07299999908816278 0
0.0200000001999786 -0.07099999911436049 0
0.0200000001999806 -0.06899999914055698 0
0.02000000019998259 -0.06699999916675228 0
0.02000000019998457 -0.06499999919295034 0
0.02000000019998656 -0.06299999921914723 0
0.02000000019998855 -0.0609999992453432 0
0.02000000019999054 -0.05899999927154359 0
0.02000000019999253 -0.05699999929774002 0
0.02000000019999452 -0.05499999932393868 0
0.02000000019999651 -0.05299999935013518 0
0.0200000001999985 -0.05099999937633171 0
0.02000000020000049 -0.04899999940252844 0
0.02000000020000248 -0.04699999942872561 0
0.02000000020000447 -0.04499999945492363 0
0.02000000020000645 -0.04299999948112834 0
0.02000000020000844 -0.04099999950733384 0
0.02000000020001043 -0.03899999953353754 0
0.02000000020001242 -0.03699999955974031 0
0.0200000002000144 -0.03499999958594302 0
0.0200000002000164 -0.03299999961214633 0
0.02000000020001838 -0.03099999963834905 0
0.02000000020002038 -0.02899999966455277 0
0.02000000020002236 -0.02699999969075539 0
0.02000000020002435 -0.02499999971695902 0
0.02000000020002634 -0.02299999974316216 0
0.02000000020002833 -0.02099999976936461 0
0.02000000020003032 -0.01899999979556733 0
0.0200000002000323 -0.01699999982177038 0
0.0200000002000343 -0.01499999984797273 0
0.02000000020003629 -0.01299999987417564 0
0.02000000020003827 -0.01099999990037961 0
0.02000000020004027 -0.00899999992658411 0
0.02000000020004226 -0.006999999952788081 0
0.02000000020004424 -0.004999999978989507 0
0.02000000020004623 -0.003000000005191141 0
0.02000000020004822 -0.001000000031392779 0
0.02000000020005021 0.0009999999424048405 0
0.02000000020005219 0.002999999916202029 0
0.02200000021995123 -0.0929999988261952 0
0.02200000021995346 -0.09099999885239315 0
0.02200000021995571 -0.0889999988785886 0
0.02200000021995794 -0.08699999890478463 0
0.02200000021996018 -0.08499999893098203 0
0.02200000021996242 -0.0829999989571772 0
0.02200000021996466 -0.08099999898337873 0
0.02200000021996689 -0.07899999900957508 0
0.02200000021996913 -0.0769999990357723 0
0.02200000021997137 -0.0749999990619697 0
0.02200000021997361 -0.07299999908816487 0
0.02200000021997585 -0.07099999911436278 0
0.02200000021997809 -0.06899999914055951 0
0.02200000021998032 -0.066999999166755 0
0.02200000021998256 -0.06499999919295327 0
0.0220000002199848 -0.06299999921915043 0
0.02200000021998704 -0.06099999924534667 0
0.02200000021998928 -0.05899999927154718 0
0.02200000021999152 -0.05699999929774381 0
0.02200000021999376 -0.05499999932394262 0
0.02200000021999599 -0.05299999935013934 0
0.02200000021999823 -0.05099999937633606 0
0.02200000022000047 -0.04899999940253302 0
0.02200000022000271 -0.0469999994287305 0
0.02200000022000495 -0.04499999945492872 0
0.02200000022000718 -0.0429999994811332 0
0.02200000022000943 -0.04099999950733844 0
0.02200000022001167 -0.03899999953354189 0
0.0220000002200139 -0.03699999955974446 0
0.02200000022001614 -0.03499999958594697 0
0.02200000022001838 -0.03299999961215009 0
0.02200000022002062 -0.03099999963835262 0
0.02200000022002285 -0.02899999966455623 0
0.02200000022002509 -0.02699999969075864 0
0.02200000022002734 -0.02499999971696202 0
0.02200000022002957 -0.02299999974316499 0
0.0220000002200318 -0.02099999976936719 0
0.02200000022003405 -0.01899999979556972 0
0.02200000022003629 -0.01699999982177258 0
0.02200000022003852 -0.01499999984797469 0
0.02200000022004076 -0.0129999998741774 0
0.02200000022004301 -0.01099999990038115 0
0.02200000022004524 -0.008999999926585345 0
0.02200000022004747 -0.006999999952789238 0
0.02200000022004971 -0.004999999978990441 0
0.02200000022005195 -0.003000000005191929 0
0.02200000022005419 -0.00100000003139339 0
0.02200000022005643 0.0009999999424044705 0
0.02200000022005867 0.002999999916201821 0
0.02400000023994544 -0.09299999882619535 0
0.02400000023994785 -0.09099999885239343 0
0.02400000023995028 -0.08899999887858913 0
0.02400000023995269 -0.08699999890478534 0
0.0240000002399551 -0.0849999989309828 0
0.02400000023995753 -0.08299999895717822 0
0.02400000023995995 -0.08099999898337984 0
0.02400000023996237 -0.07899999900957656 0
0.02400000023996478 -0.07699999903577401 0
0.02400000023996721 -0.07499999906197158 0
0.02400000023996962 -0.07299999908816703 0
0.02400000023997204 -0.07099999911436507 0
0.02400000023997446 -0.06899999914056203 0
0.02400000023997687 -0.06699999916675776 0
0.02400000023997929 -0.06499999919295618 0
0.02400000023998172 -0.0629999992191537 0
0.02400000023998413 -0.06099999924535014 0
0.02400000023998655 -0.05899999927155075 0
0.02400000023998897 -0.05699999929774759 0
0.02400000023999139 -0.05499999932394655 0
0.0240000002399938 -0.05299999935014349 0
0.02400000023999622 -0.05099999937634042 0
0.02400000023999864 -0.04899999940253762 0
0.02400000024000105 -0.04699999942873536 0
0.02400000024000348 -0.04499999945493383 0
0.0240000002400059 -0.04299999948113806 0
0.02400000024000831 -0.04099999950734302 0
0.02400000024001073 -0.03899999953354626 0
0.02400000024001316 -0.03699999955974861 0
0.02400000024001557 -0.03499999958595091 0
0.02400000024001799 -0.03299999961215389 0
0.0240000002400204 -0.0309999996383562 0
0.02400000024002283 -0.0289999996645597 0
0.02400000024002524 -0.02699999969076189 0
0.02400000024002766 -0.02499999971696501 0
0.02400000024003008 -0.02299999974316781 0
0.02400000024003249 -0.02099999976936977 0
0.02400000024003491 -0.0189999997955721 0
0.02400000024003733 -0.01699999982177479 0
0.02400000024003975 -0.01499999984797664 0
0.02400000024004217 -0.01299999987417916 0
0.02400000024004459 -0.0109999999003827 0
0.024000000240047 -0.008999999926586589 0
0.02400000024004942 -0.006999999952790394 0
0.02400000024005184 -0.004999999978991374 0
0.02400000024005426 -0.003000000005192715 0
0.02400000024005668 -0.001000000031393999 0
0.0240000002400591 0.0009999999424040997 0
0.02400000024006152 0.002999999916201611 0
0.02600000025993989 -0.09299999882619547 0
0.02600000025994265 -0.09099999885239372 0
0.02600000025994538 -0.08899999887858966 0
0.02600000025994813 -0.08699999890478598 0
0.02600000025995087 -0.08499999893098362 0
0.02600000025995361 -0.08299999895717926 0
0.02600000025995635 -0.08099999898338096 0
0.02600000025995909 -0.07899999900957806 0
0.02600000025996182 -0.07699999903577566 0
0.02600000025996457 -0.07499999906197344 0
0.02600000025996731 -0.07299999908816913 0
0.02600000025997005 -0.07099999911436737 0
0.0260000002599728 -0.06899999914056452 0
0.02600000025997554 -0.06699999916676048 0
0.02600000025997828 -0.06499999919295905 0
0.02600000025998101 -0.06299999921915692 0
0.02600000025998376 -0.0609999992453536 0
0.02600000025998651 -0.05899999927155433 0
0.02600000025998924 -0.05699999929775139 0
0.02600000025999198 -0.05499999932395051 0
0.02600000025999473 -0.05299999935014764 0
0.02600000025999747 -0.05099999937634478 0
0.02600000026000021 -0.04899999940254219 0
0.02600000026000295 -0.04699999942874023 0
0.02600000026000569 -0.04499999945493891 0
0.02600000026000843 -0.04299999948114294 0
0.02600000026001117 -0.04099999950734762 0
0.02600000026001391 -0.03899999953355061 0
0.02600000026001665 -0.03699999955975276 0
0.02600000026001939 -0.03499999958595485 0
0.02600000026002214 -0.03299999961215767 0
0.02600000026002489 -0.03099999963835978 0
0.02600000026002762 -0.02899999966456317 0
0.02600000026003037 -0.02699999969076513 0
0.0260000002600331 -0.02499999971696801 0
0.02600000026003585 -0.02299999974317064 0
0.02600000026003859 -0.02099999976937236 0
0.02600000026004133 -0.01899999979557448 0
0.02600000026004406 -0.01699999982177699 0
0.02600000026004681 -0.0149999998479786 0
0.02600000026004955 -0.01299999987418093 0
0.02600000026005229 -0.01099999990038424 0
0.02600000026005504 -0.008999999926587831 0
0.02600000026005777 -0.006999999952791554 0
0.02600000026006052 -0.004999999978992305 0
0.02600000026006326 -0.003000000005193504 0
0.026000000260066 -0.00100000003139461 0
0.02600000026006874 0.0009999999424037294 0
0.02600000026007149 0.002999999916201402 0
0.02800000027993411 -0.09299999882619564 0
0.02800000027993703 -0.09099999885239399 0
0.02800000027993995 -0.08899999887859018 0
0.02800000027994287 -0.08699999890478663 0
0.02800000027994579 -0.08499999893098442 0
0.02800000027994872 -0.08299999895718031 0
0.02800000027995164 -0.08099999898338213 0
0.02800000027995456 -0.07899999900957956 0
0.02800000027995748 -0.07699999903577734 0
0.02800000027996041 -0.07499999906197531 0
0.02800000027996332 -0.07299999908817123 0
0.02800000027996625 -0.07099999911436965 0
0.02800000027996916 -0.06899999914056702 0
0.02800000027997208 -0.06699999916676326 0
0.02800000027997501 -0.06499999919296201 0
0.02800000027997793 -0.06299999921916016 0
0.02800000027998086 -0.06099999924535706 0
0.02800000027998377 -0.05899999927155792 0
0.0280000002799867 -0.05699999929775517 0
0.02800000027998961 -0.05499999932395446 0
0.02800000027999254 -0.05299999935015179 0
0.02800000027999546 -0.05099999937634912 0
0.02800000027999838 -0.0489999994025468 0
0.0280000002800013 -0.04699999942874509 0
0.02800000028000423 -0.044999999454944 0
0.02800000028000715 -0.04299999948114781 0
0.02800000028001007 -0.0409999995073522 0
0.02800000028001298 -0.03899999953355496 0
0.02800000028001591 -0.03699999955975691 0
0.02800000028001884 -0.03499999958595879 0
0.02800000028002175 -0.03299999961216147 0
0.02800000028002467 -0.03099999963836335 0
0.0280000002800276 -0.02899999966456663 0
0.02800000028003052 -0.02699999969076838 0
0.02800000028003343 -0.024999999716971 0
0.02800000028003637 -0.02299999974317346 0
0.02800000028003929 -0.02099999976937495 0
0.02800000028004221 -0.01899999979557685 0
0.02800000028004512 -0.01699999982177919 0
0.02800000028004805 -0.01499999984798055 0
0.02800000028005097 -0.0129999998741827 0
0.02800000028005389 -0.01099999990038578 0
0.02800000028005681 -0.008999999926589073 0
0.02800000028005974 -0.006999999952792708 0
0.02800000028006265 -0.004999999978993238 0
0.02800000028006558 -0.003000000005194292 0
0.0280000002800685 -0.001000000031395218 0
0.02800000028007142 0.000999999942403359 0
0.02800000028007434 0.002999999916201193 0
0.03000000029992862 -0.09299999882619575 0
0.03000000029993178 -0.09099999885239428 0
0.03000000029993495 -0.08899999887859071 0
0.03000000029993812 -0.0869999989047873 0
0.03000000029994129 -0.08499999893098523 0
0.03000000029994446 -0.08299999895718137 0
0.03000000029994764 -0.08099999898338323 0
0.03000000029995081 -0.07899999900958105 0
0.03000000029995397 -0.07699999903577905 0
0.03000000029995714 -0.0749999990619772 0
0.03000000029996032 -0.07299999908817338 0
0.03000000029996349 -0.07099999911437196 0
0.03000000029996665 -0.06899999914056952 0
0.03000000029996983 -0.06699999916676599 0
0.03000000029997301 -0.06499999919296492 0
0.03000000029997617 -0.06299999921916341 0
0.03000000029997934 -0.06099999924536053 0
0.03000000029998251 -0.0589999992715615 0
0.03000000029998569 -0.05699999929775898 0
0.03000000029998886 -0.0549999993239584 0
0.03000000029999202 -0.05299999935015592 0
0.0300000002999952 -0.05099999937635349 0
0.03000000029999838 -0.04899999940255138 0
0.03000000030000154 -0.04699999942874996 0
0.03000000030000471 -0.04499999945494908 0
0.03000000030000789 -0.04299999948115268 0
0.03000000030001105 -0.0409999995073568 0
0.03000000030001423 -0.03899999953355934 0
0.03000000030001739 -0.03699999955976105 0
0.03000000030002057 -0.03499999958596273 0
0.03000000030002374 -0.03299999961216526 0
0.03000000030002691 -0.03099999963836694 0
0.03000000030003008 -0.02899999966457011 0
0.03000000030003325 -0.02699999969077163 0
0.03000000030003641 -0.02499999971697399 0
0.03000000030003959 -0.02299999974317629 0
0.03000000030004276 -0.02099999976937754 0
0.03000000030004593 -0.01899999979557924 0
0.0300000003000491 -0.01699999982178139 0
0.03000000030005228 -0.0149999998479825 0
0.03000000030005544 -0.01299999987418446 0
0.03000000030005862 -0.01099999990038732 0
0.03000000030006179 -0.008999999926590315 0
0.03000000030006496 -0.006999999952793864 0
0.03000000030006814 -0.004999999978994171 0
0.03000000030007129 -0.003000000005195078 0
0.03000000030007447 -0.00100000003139583 0
0.03000000030007765 0.0009999999424029895 0
0.03000000030008081 0.002999999916200985 0
0.03200000031992233 -0.09299999882619592 0
0.03200000031992577 -0.09099999885239456 0
0.03200000031992923 -0.08899999887859122 0
0.03200000031993269 -0.08699999890478798 0
0.03200000031993615 -0.08499999893098603 0
0.0320000003199396 -0.08299999895718244 0
0.03200000031994305 -0.08099999898338439 0
0.03200000031994651 -0.0789999990095825 0
0.03200000031994997 -0.07699999903578071 0
0.03200000031995343 -0.07499999906197907 0
0.03200000031995688 -0.07299999908817548 0
0.03200000031996034 -0.07099999911437425 0
0.03200000031996379 -0.06899999914057202 0
0.03200000031996725 -0.06699999916676874 0
0.0320000003199707 -0.06499999919296784 0
0.03200000031997416 -0.06299999921916667 0
0.03200000031997761 -0.060999999245364 0
0.03200000031998107 -0.05899999927156507 0
0.03200000031998454 -0.05699999929776275 0
0.032000000319988 -0.05499999932396234 0
0.03200000031999144 -0.05299999935016009 0
0.03200000031999489 -0.05099999937635785 0
0.03200000031999836 -0.04899999940255597 0
0.0320000003200018 -0.04699999942875484 0
0.03200000032000526 -0.04499999945495418 0
0.03200000032000873 -0.04299999948115754 0
0.03200000032001218 -0.04099999950736139 0
0.03200000032001563 -0.03899999953356369 0
0.0320000003200191 -0.03699999955976522 0
0.03200000032002255 -0.03499999958596667 0
0.032000000320026 -0.03299999961216905 0
0.03200000032002945 -0.03099999963837051 0
0.03200000032003292 -0.02899999966457358 0
0.03200000032003636 -0.02699999969077488 0
0.03200000032003983 -0.02499999971697699 0
0.03200000032004328 -0.02299999974317913 0
0.03200000032004674 -0.02099999976938012 0
0.0320000003200502 -0.01899999979558161 0
0.03200000032005365 -0.01699999982178359 0
0.03200000032005711 -0.01499999984798446 0
0.03200000032006056 -0.01299999987418622 0
0.03200000032006402 -0.01099999990038886 0
0.03200000032006747 -0.008999999926591557 0
0.03200000032007093 -0.006999999952795023 0
0.03200000032007438 -0.004999999978995103 0
0.03200000032007784 -0.003000000005195866 0
0.03200000032008129 -0.00100000003139644 0
0.03200000032008474 0.0009999999424026183 0
0.03200000032008821 0.002999999916200775 0
0.03400000033991665 -0.09299999882619603 0
0.03400000033992027 -0.09099999885239489 0
0.03400000033992388 -0.08899999887859174 0
0.0340000003399275 -0.08699999890478863 0
0.03400000033993111 -0.08499999893098681 0
0.03400000033993473 -0.08299999895718346 0
0.03400000033993834 -0.08099999898338552 0
0.03400000033994197 -0.07899999900958403 0
0.03400000033994557 -0.07699999903578242 0
0.03400000033994918 -0.0749999990619809 0
0.03400000033995279 -0.07299999908817761 0
0.03400000033995641 -0.07099999911437656 0
0.03400000033996003 -0.06899999914057454 0
0.03400000033996364 -0.06699999916677148 0
0.03400000033996724 -0.06499999919297071 0
0.03400000033997087 -0.06299999921916991 0
0.03400000033997447 -0.06099999924536748 0
0.03400000033997809 -0.05899999927156865 0
0.0340000003399817 -0.05699999929776654 0
0.03400000033998531 -0.05499999932396627 0
0.03400000033998892 -0.05299999935016422 0
0.03400000033999254 -0.0509999993763622 0
0.03400000033999615 -0.04899999940256056 0
0.03400000033999977 -0.04699999942875969 0
0.03400000034000339 -0.04499999945495927 0
0.03400000034000699 -0.04299999948116242 0
0.03400000034001061 -0.04099999950736597 0
0.03400000034001422 -0.03899999953356806 0
0.03400000034001784 -0.03699999955976935 0
0.03400000034002145 -0.03499999958597062 0
0.03400000034002506 -0.03299999961217284 0
0.03400000034002868 -0.03099999963837408 0
0.0340000003400323 -0.02899999966457703 0
0.03400000034003591 -0.02699999969077812 0
0.03400000034003952 -0.02499999971697998 0
0.03400000034004314 -0.02299999974318194 0
0.03400000034004675 -0.02099999976938271 0
0.03400000034005037 -0.01899999979558399 0
0.03400000034005398 -0.01699999982178579 0
0.03400000034005759 -0.01499999984798641 0
0.03400000034006121 -0.01299999987418798 0
0.03400000034006482 -0.0109999999003904 0
0.03400000034006844 -0.008999999926592797 0
0.03400000034007205 -0.006999999952796177 0
0.03400000034007566 -0.004999999978996035 0
0.03400000034007928 -0.003000000005196654 0
0.0340000003400829 -0.001000000031397049 0
0.03400000034008652 0.0009999999424022484 0
0.03400000034009013 0.002999999916200566 0
0.03600000035991111 -0.09299999882619618 0
0.03600000035991505 -0.09099999885239515 0
0.03600000035991899 -0.08899999887859229 0
0.03600000035992291 -0.08699999890478931 0
0.03600000035992684 -0.08499999893098764 0
0.03600000035993078 -0.08299999895718452 0
0.03600000035993472 -0.08099999898338664 0
0.03600000035993865 -0.0789999990095855 0
0.03600000035994257 -0.0769999990357841 0
0.03600000035994651 -0.07499999906198281 0
0.03600000035995043 -0.07299999908817972 0
0.03600000035995438 -0.07099999911437885 0
0.0360000003599583 -0.06899999914057703 0
0.03600000035996224 -0.06699999916677421 0
0.03600000035996618 -0.06499999919297367 0
0.0360000003599701 -0.06299999921917315 0
0.03600000035997403 -0.06099999924537093 0
0.03600000035997796 -0.05899999927157224 0
0.03600000035998191 -0.05699999929777032 0
0.03600000035998583 -0.05499999932397022 0
0.03600000035998976 -0.05299999935016839 0
0.0360000003599937 -0.05099999937636656 0
0.03600000035999765 -0.04899999940256515 0
0.03600000036000156 -0.04699999942876456 0
0.0360000003600055 -0.04499999945496436 0
0.03600000036000942 -0.04299999948116727 0
0.03600000036001336 -0.04099999950737056 0
0.0360000003600173 -0.03899999953357241 0
0.03600000036002122 -0.0369999995597735 0
0.03600000036002516 -0.03499999958597456 0
0.03600000036002909 -0.03299999961217662 0
0.03600000036003303 -0.03099999963837767 0
0.03600000036003696 -0.02899999966458051 0
0.03600000036004088 -0.02699999969078137 0
0.03600000036004482 -0.02499999971698298 0
0.03600000036004875 -0.02299999974318477 0
0.03600000036005268 -0.02099999976938529 0
0.03600000036005662 -0.01899999979558637 0
0.03600000036006057 -0.016999999821788 0
0.03600000036006449 -0.01499999984798837 0
0.03600000036006842 -0.01299999987418975 0
0.03600000036007236 -0.01099999990039194 0
0.03600000036007629 -0.008999999926594041 0
0.03600000036008021 -0.006999999952797334 0
0.03600000036008415 -0.00499999997899697 0
0.03600000036008808 -0.003000000005197441 0
0.03600000036009201 -0.001000000031397658 0
0.03600000036009596 0.000999999942401878 0
0.03600000036009989 0.002999999916200357 0
0.03800000037990625 -0.09299999882619631 0
0.03800000037991033 -0.09099999885239544 0
0.03800000037991441 -0.08899999887859281 0
0.03800000037991846 -0.08699999890478995 0
0.03800000037992255 -0.08499999893098843 0
0.03800000037992662 -0.08299999895718559 0
0.03800000037993069 -0.08099999898338779 0
0.03800000037993476 -0.078999999009587 0
0.03800000037993884 -0.07699999903578576 0
0.03800000037994292 -0.07499999906198468 0
0.03800000037994698 -0.07299999908818186 0
0.03800000037995106 -0.07099999911438115 0
0.03800000037995513 -0.06899999914057954 0
0.0380000003799592 -0.06699999916677699 0
0.03800000037996327 -0.06499999919297655 0
0.03800000037996733 -0.06299999921917641 0
0.03800000037997142 -0.06099999924537441 0
0.0380000003799755 -0.05899999927157581 0
0.03800000037997957 -0.05699999929777412 0
0.03800000037998363 -0.05499999932397417 0
0.03800000037998771 -0.05299999935017253 0
0.03800000037999179 -0.05099999937637092 0
0.03800000037999586 -0.04899999940256975 0
0.03800000037999994 -0.04699999942876944 0
0.03800000038000401 -0.04499999945496946 0
0.03800000038000807 -0.04299999948117215 0
0.03800000038001215 -0.04099999950737516 0
0.03800000038001622 -0.03899999953357677 0
0.0380000003800203 -0.03699999955977765 0
0.03800000038002436 -0.03499999958597849 0
0.03800000038002843 -0.0329999996121804 0
0.03800000038003252 -0.03099999963838124 0
0.03800000038003658 -0.02899999966458398 0
0.03800000038004067 -0.02699999969078461 0
0.03800000038004473 -0.02499999971698597 0
0.0380000003800488 -0.02299999974318759 0
0.03800000038005288 -0.02099999976938788 0
0.03800000038005695 -0.01899999979558875 0
0.03800000038006103 -0.01699999982179019 0
0.03800000038006509 -0.01499999984799033 0
0.03800000038006918 -0.01299999987419151 0
0.03800000038007324 -0.01099999990039349 0
0.03800000038007731 -0.008999999926595278 0
0.03800000038008139 -0.006999999952798492 0
0.03800000038008546 -0.0049999999789979 0
0.03800000038008953 -0.003000000005198229 0
0.0380000003800936 -0.001000000031398267 0
0.03800000038009768 0.0009999999424015076 0
0.03800000038010176 0.002999999916200148 0
0.04000000039990002 -0.09299999882619643 0
0.04000000039990433 -0.09099999885239571 0
0.04000000039990864 -0.08899999887859332 0
0.04000000039991292 -0.08699999890479061 0
0.04000000039991723 -0.08499999893098924 0
0.04000000039992153 -0.08299999895718664 0
0.04000000039992583 -0.0809999989833889 0
0.04000000039993014 -0.07899999900958848 0
0.04000000039993444 -0.07699999903578744 0
0.04000000039993874 -0.07499999906198654 0
0.04000000039994304 -0.07299999908818394 0
0.04000000039994735 -0.07099999911438347 0
0.04000000039995165 -0.06899999914058207 0
0.04000000039995596 -0.06699999916677971 0
0.04000000039996025 -0.06499999919297951 0
0.04000000039996456 -0.06299999921917965 0
0.04000000039996886 -0.06099999924537788 0
0.04000000039997317 -0.05899999927157939 0
0.04000000039997746 -0.0569999992977779 0
0.04000000039998176 -0.05499999932397811 0
0.04000000039998607 -0.0529999993501767 0
0.04000000039999037 -0.05099999937637528 0
0.04000000039999466 -0.04899999940257434 0
0.04000000039999897 -0.0469999994287743 0
0.04000000040000327 -0.04499999945497454 0
0.04000000040000758 -0.04299999948117702 0
0.04000000040001188 -0.04099999950737974 0
0.04000000040001618 -0.03899999953358113 0
0.04000000040002048 -0.03699999955978181 0
0.04000000040002478 -0.03499999958598245 0
0.04000000040002908 -0.0329999996121842 0
0.04000000040003339 -0.03099999963838482 0
0.04000000040003767 -0.02899999966458744 0
0.04000000040004199 -0.02699999969078785 0
0.0400000004000463 -0.02499999971698897 0
0.04000000040005058 -0.02299999974319042 0
0.04000000040005489 -0.02099999976939047 0
0.04000000040005919 -0.01899999979559114 0
0.04000000040006349 -0.01699999982179241 0
0.0400000004000678 -0.01499999984799227 0
0.04000000040007211 -0.01299999987419328 0
0.04000000040007639 -0.01099999990039503 0
0.04000000040008069 -0.008999999926596516 0
0.04000000040008501 -0.006999999952799648 0
0.0400000004000893 -0.004999999978998834 0
0.0400000004000936 -0.003000000005199017 0
0.04000000040009791 -0.001000000031398878 0
0.0400000004001022 0.0009999999424011377 0
0.0400000004001065 0.002999999916199939 0
0.04200000041989413 -0.09299999882619658 0
0.04200000041989865 -0.09099999885239599 0
0.04200000041990318 -0.08899999887859385 0
0.04200000041990773 -0.08699999890479128 0
0.04200000041991225 -0.08499999893099003 0
0.04200000041991679 -0.08299999895718765 0
0.04200000041992132 -0.08099999898339003 0
0.04200000041992587 -0.07899999900958997 0
0.04200000041993039 -0.07699999903578916 0
0.04200000041993492 -0.07499999906198843 0
0.04200000041993945 -0.07299999908818609 0
0.04200000041994399 -0.07099999911438575 0
0.04200000041994853 -0.06899999914058458 0
0.04200000041995307 -0.06699999916678244 0
0.0420000004199576 -0.06499999919298238 0
0.04200000041996213 -0.06299999921918292 0
0.04200000041996665 -0.06099999924538135 0
0.04200000041997119 -0.05899999927158295 0
0.04200000041997573 -0.05699999929778171 0
0.04200000041998027 -0.05499999932398205 0
0.04200000041998479 -0.05299999935018083 0
0.04200000041998932 -0.05099999937637963 0
0.04200000041999387 -0.04899999940257892 0
0.04200000041999839 -0.04699999942877917 0
0.04200000042000292 -0.04499999945497965 0
0.04200000042000747 -0.04299999948118187 0
0.04200000042001199 -0.04099999950738433 0
0.04200000042001653 -0.03899999953358548 0
0.04200000042002107 -0.03699999955978595 0
0.0420000004200256 -0.0349999995859864 0
0.04200000042003013 -0.03299999961218798 0
0.04200000042003466 -0.0309999996383884 0
0.04200000042003919 -0.02899999966459091 0
0.04200000042004372 -0.02699999969079111 0
0.04200000042004827 -0.02499999971699196 0
0.04200000042005281 -0.02299999974319325 0
0.04200000042005732 -0.02099999976939305 0
0.04200000042006187 -0.01899999979559351 0
0.04200000042006639 -0.0169999998217946 0
0.04200000042007095 -0.01499999984799423 0
0.04200000042007546 -0.01299999987419504 0
0.04200000042007999 -0.01099999990039657 0
0.04200000042008453 -0.008999999926597758 0
0.04200000042008907 -0.006999999952800802 0
0.0420000004200936 -0.004999999978999766 0
0.04200000042009813 -0.003000000005199803 0
0.04200000042010266 -0.001000000031399488 0
0.04200000042010719 0.0009999999424007665 0
0.04200000042011174 0.002999999916199729 0
0.04400000043988848 -0.09299999882619674 0
0.04400000043989323 -0.09099999885239625 0
0.04400000043989799 -0.08899999887859437 0
0.04400000043990276 -0.08699999890479194 0
0.04400000043990748 -0.08499999893099082 0
0.04400000043991224 -0.08299999895718868 0
0.04400000043991699 -0.08099999898339116 0
0.04400000043992175 -0.07899999900959144 0
0.0440000004399265 -0.07699999903579083 0
0.04400000043993126 -0.0749999990619903 0
0.044000000439936 -0.07299999908818822 0
0.04400000043994075 -0.07099999911438805 0
0.0440000004399455 -0.06899999914058706 0
0.04400000043995025 -0.06699999916678519 0
0.04400000043995501 -0.06499999919298531 0
0.04400000043995976 -0.06299999921918613 0
0.04400000043996451 -0.06099999924538482 0
0.04400000043996925 -0.05899999927158655 0
0.04400000043997401 -0.05699999929778549 0
0.04400000043997877 -0.05499999932398599 0
0.04400000043998352 -0.05299999935018499 0
0.04400000043998827 -0.050999999376384 0
0.04400000043999301 -0.04899999940258352 0
0.04400000043999776 -0.04699999942878404 0
0.04400000044000252 -0.04499999945498472 0
0.04400000044000728 -0.04299999948118676 0
0.04400000044001202 -0.04099999950738892 0
0.04400000044001677 -0.03899999953358985 0
0.04400000044002153 -0.03699999955979012 0
0.04400000044002628 -0.03499999958599034 0
0.04400000044003104 -0.03299999961219179 0
0.04400000044003578 -0.03099999963839199 0
0.04400000044004053 -0.02899999966459438 0
0.04400000044004528 -0.02699999969079435 0
0.04400000044005004 -0.02499999971699495 0
0.04400000044005478 -0.02299999974319606 0
0.04400000044005953 -0.02099999976939564 0
0.04400000044006429 -0.01899999979559589 0
0.04400000044006903 -0.0169999998217968 0
0.04400000044007379 -0.01499999984799618 0
0.04400000044007855 -0.01299999987419681 0
0.0440000004400833 -0.01099999990039811 0
0.04400000044008804 -0.008999999926599002 0
0.04400000044009279 -0.006999999952801962 0
0.04400000044009755 -0.0049999999790007 0
0.0440000004401023 -0.00300000000520059 0
0.04400000044010706 -0.001000000031400097 0
0.0440000004401118 0.000999999942400397 0
0.04400000044011655 0.00299999991619952 0
0.04600000045988286 -0.09299999882619686 0
0.04600000045988784 -0.09099999885239655 0
0.04600000045989284 -0.08899999887859489 0
0.04600000045989781 -0.0869999989047926 0
0.04600000045990281 -0.08499999893099165 0
0.04600000045990779 -0.08299999895718975 0
0.04600000045991278 -0.0809999989833923 0
0.04600000045991777 -0.07899999900959291 0
0.04600000045992276 -0.07699999903579249 0
0.04600000045992774 -0.07499999906199217 0
0.04600000045993272 -0.07299999908819033 0
0.04600000045993773 -0.07099999911439034 0
0.0460000004599427 -0.06899999914058956 0
0.04600000045994768 -0.06699999916678794 0
0.04600000045995267 -0.06499999919298821 0
0.04600000045995766 -0.06299999921918936 0
0.04600000045996265 -0.06099999924538829 0
0.04600000045996763 -0.05899999927159013 0
0.04600000045997262 -0.05699999929778928 0
0.04600000045997761 -0.05499999932398993 0
0.04600000045998259 -0.05299999935018914 0
0.04600000045998758 -0.05099999937638836 0
0.04600000045999258 -0.0489999994025881 0
0.04600000045999755 -0.04699999942878889 0
0.04600000046000255 -0.04499999945498983 0
0.04600000046000753 -0.04299999948119162 0
0.0460000004600125 -0.04099999950739352 0
0.0460000004600175 -0.03899999953359422 0
0.04600000046002249 -0.03699999955979426 0
0.04600000046002749 -0.03499999958599429 0
0.04600000046003248 -0.03299999961219558 0
0.04600000046003746 -0.03099999963839556 0
0.04600000046004243 -0.02899999966459785 0
0.04600000046004742 -0.0269999996907976 0
0.04600000046005241 -0.02499999971699795 0
0.04600000046005739 -0.0229999997431989 0
0.04600000046006238 -0.02099999976939823 0
0.04600000046006737 -0.01899999979559827 0
0.04600000046007236 -0.01699999982179901 0
0.04600000046007734 -0.01499999984799814 0
0.04600000046008234 -0.01299999987419857 0
0.04600000046008731 -0.01099999990039965 0
0.0460000004600923 -0.008999999926600244 0
0.0460000004600973 -0.006999999952803117 0
0.04600000046010227 -0.00499999997900163 0
0.04600000046010726 -0.003000000005201378 0
0.04600000046011226 -0.001000000031400708 0
0.04600000046011724 0.0009999999424000275 0
0.04600000046012222 0.002999999916199311 0
0.04800000047987722 -0.09299999882619701 0
0.04800000047988244 -0.09099999885239686 0
0.04800000047988766 -0.08899999887859543 0
0.04800000047989286 -0.08699999890479326 0
0.04800000047989807 -0.08499999893099242 0
0.04800000047990328 -0.08299999895719079 0
0.04800000047990852 -0.08099999898339345 0
0.04800000047991372 -0.07899999900959441 0
0.04800000047991893 -0.0769999990357942 0
0.04800000047992414 -0.07499999906199406 0
0.04800000047992936 -0.07299999908819244 0
0.04800000047993457 -0.07099999911439263 0
0.04800000047993978 -0.06899999914059206 0
0.048000000479945 -0.0669999991667907 0
0.04800000047995021 -0.06499999919299115 0
0.04800000047995542 -0.06299999921919262 0
0.04800000047996064 -0.06099999924539175 0
0.04800000047996585 -0.05899999927159369 0
0.04800000047997108 -0.05699999929779306 0
0.04800000047997628 -0.05499999932399387 0
0.0480000004799815 -0.05299999935019329 0
0.0480000004799867 -0.05099999937639271 0
0.04800000047999192 -0.04899999940259269 0
0.04800000047999714 -0.04699999942879378 0
0.04800000048000236 -0.04499999945499491 0
0.04800000048000758 -0.04299999948119649 0
0.04800000048001278 -0.04099999950739811 0
0.048000000480018 -0.03899999953359858 0
0.0480000004800232 -0.03699999955979841 0
0.04800000048002842 -0.03499999958599823 0
0.04800000048003364 -0.03299999961219936 0
0.04800000048003884 -0.03099999963839914 0
0.04800000048004406 -0.02899999966460131 0
0.04800000048004927 -0.02699999969080085 0
0.04800000048005448 -0.02499999971700094 0
0.0480000004800597 -0.02299999974320172 0
0.04800000048006492 -0.02099999976940082 0
0.04800000048007014 -0.01899999979560065 0
0.04800000048007534 -0.01699999982180121 0
0.04800000048008055 -0.01499999984800009 0
0.04800000048008576 -0.01299999987420034 0
0.04800000048009098 -0.01099999990040119 0
0.0480000004800962 -0.008999999926601486 0
0.04800000048010142 -0.006999999952804273 0
0.04800000048010662 -0.004999999979002563 0
0.04800000048011184 -0.003000000005202167 0
0.04800000048011704 -0.001000000031401317 0
0.04800000048012227 0.0009999999423996563 0
0.04800000048012748 0.002999999916199102 0
0.05000000049987288 -0.09299999882619714 0
0.05000000049987829 -0.09099999885239714 0
0.05000000049988367 -0.08899999887859596 0
0.05000000049988906 -0.08699999890479394 0
0.05000000049989444 -0.08499999893099325 0
0.05000000049989983 -0.08299999895719186 0
0.05000000049990521 -0.08099999898339455 0
0.05000000049991059 -0.07899999900959591 0
0.05000000049991598 -0.07699999903579587 0
0.05000000049992136 -0.07499999906199591 0
0.05000000049992675 -0.07299999908819459 0
0.05000000049993214 -0.07099999911439495 0
0.05000000049993752 -0.06899999914059457 0
0.05000000049994291 -0.0669999991667934 0
0.05000000049994829 -0.06499999919299404 0
0.05000000049995369 -0.06299999921919587 0
0.05000000049995907 -0.06099999924539522 0
0.05000000049996445 -0.05899999927159728 0
0.05000000049996985 -0.05699999929779687 0
0.05000000049997524 -0.05499999932399782 0
0.0500000004999806 -0.05299999935019745 0
0.05000000049998599 -0.05099999937639706 0
0.0500000004999914 -0.04899999940259729 0
0.05000000049999676 -0.04699999942879864 0
0.05000000050000215 -0.04499999945499999 0
0.05000000050000754 -0.04299999948120135 0
0.05000000050001293 -0.04099999950740269 0
0.05000000050001831 -0.03899999953360293 0
0.05000000050002371 -0.03699999955980257 0
0.0500000005000291 -0.03499999958600217 0
0.05000000050003447 -0.03299999961220315 0
0.05000000050003987 -0.03099999963840273 0
0.05000000050004525 -0.02899999966460478 0
0.05000000050005062 -0.02699999969080409 0
0.05000000050005602 -0.02499999971700393 0
0.0500000005000614 -0.02299999974320454 0
0.05000000050006678 -0.02099999976940341 0
0.05000000050007217 -0.01899999979560303 0
0.05000000050007756 -0.0169999998218034 0
0.05000000050008294 -0.01499999984800205 0
0.05000000050008832 -0.0129999998742021 0
0.05000000050009371 -0.01099999990040273 0
0.0500000005000991 -0.008999999926602721 0
0.05000000050010447 -0.006999999952805432 0
0.05000000050010987 -0.004999999979003496 0
0.05000000050011525 -0.003000000005202954 0
0.05000000050012064 -0.001000000031401928 0
0.05000000050012603 0.0009999999423992859 0
0.05000000050013142 0.002999999916198893 0
0.05200000051987666 -0.09299999882619729 0
0.05200000051988189 -0.0909999988523974 0
0.05200000051988711 -0.08899999887859646 0
0.05200000051989233 -0.08699999890479457 0
0.05200000051989755 -0.08499999893099403 0
0.05200000051990278 -0.08299999895719291 0
0.052000000519908 -0.08099999898339569 0
0.05200000051991321 -0.07899999900959739 0
0.05200000051991842 -0.07699999903579753 0
0.05200000051992365 -0.07499999906199781 0
0.05200000051992887 -0.0729999990881967 0
0.05200000051993411 -0.07099999911439725 0
0.05200000051993931 -0.06899999914059708 0
0.05200000051994456 -0.06699999916679619 0
0.05200000051994976 -0.06499999919299695 0
0.05200000051995499 -0.0629999992191991 0
0.05200000051996019 -0.06099999924539867 0
0.05200000051996542 -0.05899999927160085 0
0.05200000051997064 -0.05699999929780064 0
0.05200000051997586 -0.05499999932400176 0
0.05200000051998108 -0.05299999935020159 0
0.05200000051998629 -0.05099999937640142 0
0.05200000051999153 -0.04899999940260188 0
0.05200000051999673 -0.04699999942880351 0
0.05200000052000196 -0.04499999945500509 0
0.05200000052000719 -0.04299999948120621 0
0.05200000052001241 -0.04099999950740729 0
0.05200000052001763 -0.03899999953360728 0
0.05200000052002285 -0.03699999955980671 0
0.05200000052002807 -0.03499999958600611 0
0.05200000052003329 -0.03299999961220693 0
0.0520000005200385 -0.0309999996384063 0
0.05200000052004372 -0.02899999966460825 0
0.05200000052004895 -0.02699999969080734 0
0.05200000052005416 -0.02499999971700693 0
0.0520000005200594 -0.02299999974320738 0
0.05200000052006463 -0.02099999976940599 0
0.05200000052006983 -0.01899999979560541 0
0.05200000052007504 -0.01699999982180561 0
0.05200000052008028 -0.014999999848004 0
0.05200000052008549 -0.01299999987420386 0
0.05200000052009071 -0.01099999990040428 0
0.05200000052009593 -0.008999999926603964 0
0.05200000052010115 -0.006999999952806586 0
0.05200000052010637 -0.004999999979004428 0
0.0520000005201116 -0.003000000005203743 0
0.05200000052011682 -0.001000000031402538 0
0.05200000052012203 0.0009999999423989155 0
0.05200000052012727 0.002999999916198684 0
0.05400000053988174 -0.09299999882619742 0
0.05400000053988675 -0.09099999885239771 0
0.05400000053989175 -0.08899999887859701 0
0.05400000053989674 -0.08699999890479523 0
0.05400000053990175 -0.08499999893099487 0
0.05400000053990674 -0.08299999895719397 0
0.05400000053991176 -0.08099999898339683 0
0.05400000053991676 -0.07899999900959886 0
0.05400000053992175 -0.07699999903579925 0
0.05400000053992676 -0.07499999906199965 0
0.05400000053993174 -0.07299999908819883 0
0.05400000053993675 -0.07099999911439953 0
0.05400000053994175 -0.06899999914059958 0
0.05400000053994675 -0.0669999991667989 0
0.05400000053995176 -0.06499999919299987 0
0.05400000053995675 -0.06299999921920235 0
0.05400000053996176 -0.06099999924540215 0
0.05400000053996676 -0.05899999927160444 0
0.05400000053997175 -0.05699999929780444 0
0.05400000053997675 -0.0549999993240057 0
0.05400000053998176 -0.05299999935020575 0
0.05400000053998677 -0.05099999937640579 0
0.05400000053999177 -0.04899999940260648 0
0.05400000053999676 -0.04699999942880838 0
0.05400000054000176 -0.04499999945501018 0
0.05400000054000675 -0.04299999948121109 0
0.05400000054001176 -0.04099999950741188 0
0.05400000054001675 -0.03899999953361165 0
0.05400000054002177 -0.03699999955981087 0
0.05400000054002677 -0.03499999958601005 0
0.05400000054003176 -0.03299999961221072 0
0.05400000054003677 -0.03099999963840986 0
0.05400000054004178 -0.02899999966461171 0
0.05400000054004678 -0.02699999969081059 0
0.05400000054005177 -0.02499999971700992 0
0.05400000054005677 -0.02299999974321019 0
0.05400000054006178 -0.02099999976940858 0
0.05400000054006678 -0.01899999979560779 0
0.05400000054007179 -0.01699999982180781 0
0.05400000054007678 -0.01499999984800596 0
0.05400000054008177 -0.01299999987420563 0
0.05400000054008677 -0.01099999990040582 0
0.05400000054009178 -0.008999999926605206 0
0.05400000054009679 -0.006999999952807742 0
0.05400000054010179 -0.004999999979005361 0
0.05400000054010679 -0.003000000005204532 0
0.05400000054011178 -0.001000000031403147 0
0.05400000054011679 0.0009999999423985452 0
0.0540000005401218 0.002999999916198475 0
0.05600000055988726 -0.09299999882619756 0
0.05600000055989202 -0.09099999885239798 0
0.0560000005598968 -0.08899999887859751 0
0.05600000055990157 -0.0869999989047959 0
0.05600000055990635 -0.08499999893099563 0
0.05600000055991112 -0.08299999895719502 0
0.05600000055991587 -0.08099999898339796 0
0.05600000055992065 -0.07899999900960036 0
0.05600000055992544 -0.07699999903580093 0
0.05600000055993019 -0.07499999906200155 0
0.05600000055993498 -0.07299999908820093 0
0.05600000055993975 -0.07099999911440184 0
0.05600000055994452 -0.06899999914060211 0
0.0560000005599493 -0.06699999916680169 0
0.05600000055995408 -0.06499999919300278 0
0.05600000055995883 -0.06299999921920561 0
0.05600000055996362 -0.06099999924540562 0
0.05600000055996837 -0.05899999927160802 0
0.05600000055997315 -0.05699999929780821 0
0.05600000055997793 -0.05499999932400965 0
0.05600000055998269 -0.05299999935020989 0
0.05600000055998747 -0.05099999937641014 0
0.05600000055999225 -0.04899999940261105 0
0.05600000055999702 -0.04699999942881324 0
0.0560000005600018 -0.04499999945501528 0
0.05600000056000656 -0.04299999948121596 0
0.05600000056001134 -0.04099999950741647 0
0.05600000056001611 -0.03899999953361601 0
0.05600000056002087 -0.03699999955981501 0
0.05600000056002565 -0.03499999958601399 0
0.05600000056003041 -0.03299999961221452 0
0.05600000056003518 -0.03099999963841345 0
0.05600000056003995 -0.02899999966461518 0
0.05600000056004475 -0.02699999969081383 0
0.05600000056004953 -0.02499999971701292 0
0.05600000056005427 -0.02299999974321303 0
0.05600000056005905 -0.02099999976941117 0
0.05600000056006383 -0.01899999979561016 0
0.0560000005600686 -0.01699999982181001 0
0.05600000056007337 -0.01499999984800791 0
0.05600000056007815 -0.01299999987420739 0
0.05600000056008293 -0.01099999990040736 0
0.05600000056008769 -0.008999999926606446 0
0.05600000056009245 -0.0069999999528089 0
0.05600000056009724 -0.004999999979006293 0
0.05600000056010203 -0.003000000005205317 0
0.05600000056010678 -0.001000000031403756 0
0.05600000056011156 0.0009999999423981752 0
0.05600000056011634 0.002999999916198265 0
0.05800000057989192 -0.09299999882619769 0
0.05800000057989649 -0.09099999885239828 0
0.05800000057990105 -0.08899999887859804 0
0.05800000057990561 -0.08699999890479658 0
0.05800000057991016 -0.08499999893099644 0
0.05800000057991472 -0.08299999895719605 0
0.05800000057991929 -0.0809999989833991 0
0.05800000057992385 -0.07899999900960186 0
0.05800000057992841 -0.07699999903580258 0
0.05800000057993296 -0.07499999906200341 0
0.05800000057993752 -0.07299999908820304 0
0.05800000057994208 -0.07099999911440412 0
0.05800000057994664 -0.0689999991406046 0
0.05800000057995121 -0.06699999916680439 0
0.05800000057995577 -0.0649999991930057 0
0.05800000057996033 -0.06299999921920882 0
0.05800000057996489 -0.0609999992454091 0
0.05800000057996946 -0.0589999992716116 0
0.05800000057997402 -0.05699999929781201 0
0.05800000057997858 -0.05499999932401359 0
0.05800000057998314 -0.05299999935021405 0
0.05800000057998769 -0.05099999937641449 0
0.05800000057999227 -0.04899999940261564 0
0.05800000057999682 -0.04699999942881812 0
0.05800000058000138 -0.04499999945502036 0
0.05800000058000594 -0.04299999948122083 0
0.05800000058001051 -0.04099999950742107 0
0.05800000058001506 -0.03899999953362036 0
0.05800000058001963 -0.03699999955981917 0
0.05800000058002419 -0.03499999958601794 0
0.05800000058002874 -0.0329999996122183 0
0.05800000058003331 -0.03099999963841703 0
0.05800000058003786 -0.02899999966461865 0
0.05800000058004243 -0.02699999969081708 0
0.058000000580047 -0.02499999971701591 0
0.05800000058005154 -0.02299999974321585 0
0.05800000058005613 -0.02099999976941375 0
0.05800000058006068 -0.01899999979561255 0
0.05800000058006523 -0.01699999982181221 0
0.05800000058006979 -0.01499999984800987 0
0.05800000058007435 -0.01299999987420915 0
0.05800000058007893 -0.0109999999004089 0
0.05800000058008348 -0.00899999992660769 0
0.05800000058008804 -0.006999999952810055 0
0.05800000058009261 -0.004999999979007226 0
0.05800000058009717 -0.003000000005206106 0
0.05800000058010173 -0.001000000031404367 0
0.05800000058010629 0.0009999999423978049 0
0.05800000058011084 0.002999999916198057 0
0.060000000599897 -0.09299999882619783 0
0.06000000059990133 -0.09099999885239855 0
0.06000000059990566 -0.08899999887859857 0
0.06000000059991 -0.08699999890479723 0
0.06000000059991432 -0.08499999893099724 0
0.06000000059991866 -0.08299999895719706 0
0.06000000059992301 -0.08099999898340021 0
0.06000000059992735 -0.07899999900960337 0
0.06000000059993168 -0.07699999903580426 0
0.06000000059993602 -0.07499999906200529 0
0.06000000059994035 -0.07299999908820516 0
0.0600000005999447 -0.07099999911440642 0
0.06000000059994903 -0.0689999991406071 0
0.06000000059995337 -0.06699999916680714 0
0.06000000059995769 -0.06499999919300861 0
0.06000000059996202 -0.06299999921921212 0
0.06000000059996637 -0.06099999924541256 0
0.06000000059997071 -0.05899999927161518 0
0.06000000059997503 -0.05699999929781579 0
0.06000000059997937 -0.05499999932401754 0
0.0600000005999837 -0.05299999935021819 0
0.06000000059998805 -0.05099999937641887 0
0.06000000059999239 -0.04899999940262024 0
0.06000000059999672 -0.04699999942882298 0
0.06000000060000105 -0.04499999945502545 0
0.06000000060000539 -0.0429999994812257 0
0.06000000060000972 -0.04099999950742565 0
0.06000000060001406 -0.03899999953362472 0
0.06000000060001839 -0.0369999995598233 0
0.06000000060002272 -0.03499999958602187 0
0.06000000060002708 -0.03299999961222209 0
0.06000000060003141 -0.03099999963842062 0
0.06000000060003574 -0.02899999966462212 0
0.06000000060004007 -0.02699999969082032 0
0.06000000060004441 -0.02499999971701891 0
0.06000000060004874 -0.02299999974321867 0
0.06000000060005309 -0.02099999976941634 0
0.06000000060005742 -0.01899999979561492 0
0.06000000060006175 -0.01699999982181441 0
0.0600000006000661 -0.01499999984801182 0
0.06000000060007042 -0.01299999987421092 0
0.06000000060007477 -0.01099999990041044 0
0.0600000006000791 -0.008999999926608932 0
0.06000000060008343 -0.006999999952811212 0
0.06000000060008776 -0.004999999979008159 0
0.06000000060009211 -0.003000000005206892 0
0.06000000060009645 -0.001000000031404979 0
0.06000000060010078 0.0009999999423974341 0
0.06000000060010512 0.002999999916197847 0
0.06200000061990157 -0.09299999882619797 0
0.06200000061990567 -0.09099999885239882 0
0.06200000061990979 -0.08899999887859909 0
0.06200000061991391 -0.08699999890479791 0
0.06200000061991803 -0.08499999893099802 0
0.06200000061992213 -0.08299999895719812 0
0.06200000061992626 -0.08099999898340138 0
0.06200000061993036 -0.07899999900960485 0
0.06200000061993449 -0.07699999903580595 0
0.06200000061993861 -0.07499999906200715 0
0.06200000061994271 -0.07299999908820728 0
0.06200000061994683 -0.07099999911440873 0
0.06200000061995094 -0.0689999991406096 0
0.06200000061995506 -0.0669999991668099 0
0.06200000061995916 -0.06499999919301153 0
0.06200000061996327 -0.06299999921921531 0
0.0620000006199674 -0.06099999924541601 0
0.06200000061997152 -0.05899999927161876 0
0.06200000061997563 -0.0569999992978196 0
0.06200000061997973 -0.05499999932402148 0
0.06200000061998386 -0.05299999935022235 0
0.06200000061998796 -0.05099999937642324 0
0.06200000061999209 -0.04899999940262484 0
0.06200000061999619 -0.04699999942882783 0
0.06200000062000031 -0.04499999945503055 0
0.06200000062000444 -0.04299999948123056 0
0.06200000062000854 -0.04099999950743025 0
0.06200000062001265 -0.03899999953362908 0
0.06200000062001676 -0.03699999955982746 0
0.06200000062002088 -0.03499999958602582 0
0.06200000062002499 -0.03299999961222588 0
0.06200000062002911 -0.03099999963842419 0
0.06200000062003322 -0.02899999966462559 0
0.06200000062003734 -0.02699999969082357 0
0.06200000062004146 -0.0249999997170219 0
0.06200000062004557 -0.02299999974322151 0
0.06200000062004968 -0.02099999976941893 0
0.06200000062005378 -0.0189999997956173 0
0.06200000062005791 -0.01699999982181662 0
0.06200000062006203 -0.01499999984801378 0
0.06200000062006614 -0.01299999987421269 0
0.06200000062007024 -0.01099999990041198 0
0.06200000062007435 -0.008999999926610176 0
0.06200000062007848 -0.00699999995281237 0
0.06200000062008259 -0.004999999979009091 0
0.0620000006200867 -0.00300000000520768 0
0.06200000062009083 -0.001000000031405586 0
0.06200000062009491 0.0009999999423970641 0
0.06200000062009905 0.002999999916197638 0
0.06400000063990327 -0.09299999882619812 0
0.06400000063990721 -0.09099999885239911 0
0.06400000063991118 -0.08899999887859962 0
0.06400000063991512 -0.08699999890479858 0
0.06400000063991909 -0.08499999893099885 0
0.06400000063992303 -0.0829999989571992 0
0.06400000063992697 -0.08099999898340249 0
0.06400000063993096 -0.07899999900960632 0
0.06400000063993491 -0.07699999903580763 0
0.06400000063993885 -0.07499999906200901 0
0.06400000063994282 -0.07299999908820942 0
0.06400000063994676 -0.07099999911441103 0
0.06400000063995073 -0.0689999991406121 0
0.06400000063995467 -0.06699999916681264 0
0.06400000063995864 -0.06499999919301444 0
0.06400000063996258 -0.06299999921921857 0
0.06400000063996655 -0.0609999992454195 0
0.06400000063997052 -0.05899999927162233 0
0.06400000063997446 -0.05699999929782337 0
0.06400000063997843 -0.05499999932402542 0
0.06400000063998237 -0.05299999935022651 0
0.06400000063998632 -0.05099999937642759 0
0.06400000063999028 -0.04899999940262943 0
0.06400000063999425 -0.04699999942883273 0
0.06400000063999819 -0.04499999945503563 0
0.06400000064000216 -0.04299999948123542 0
0.06400000064000613 -0.04099999950743484 0
0.06400000064001007 -0.03899999953363344 0
0.06400000064001402 -0.03699999955983162 0
0.06400000064001798 -0.03499999958602976 0
0.06400000064002193 -0.03299999961222967 0
0.06400000064002589 -0.03099999963842778 0
0.06400000064002984 -0.02899999966462906 0
0.06400000064003381 -0.02699999969082682 0
0.06400000064003777 -0.0249999997170249 0
0.06400000064004172 -0.02299999974322432 0
0.06400000064004566 -0.02099999976942152 0
0.06400000064004963 -0.01899999979561968 0
0.06400000064005359 -0.01699999982181882 0
0.06400000064005754 -0.01499999984801573 0
0.06400000064006151 -0.01299999987421445 0
0.06400000064006545 -0.01099999990041352 0
0.06400000064006942 -0.008999999926611407 0
0.06400000064007336 -0.006999999952813529 0
0.06400000064007733 -0.004999999979010025 0
0.06400000064008129 -0.003000000005208468 0
0.06400000064008524 -0.001000000031406197 0
0.06400000064008918 0.0009999999423966946 0
0.06400000064009315 0.00299999991619743 0
0.06600000065991285 -0.09299999882619825 0
0.06600000065991653 -0.0909999988523994 0
0.06600000065992016 -0.08899999887860012 0
0.06600000065992384 -0.08699999890479923 0
0.06600000065992746 -0.08499999893099962 0
0.06600000065993117 -0.08299999895720024 0
0.06600000065993479 -0.08099999898340364 0
0.06600000065993847 -0.0789999990096078 0
0.06600000065994212 -0.07699999903580933 0
0.06600000065994577 -0.07499999906201089 0
0.06600000065994942 -0.07299999908821153 0
0.0660000006599531 -0.07099999911441332 0
0.06600000065995672 -0.06899999914061461 0
0.06600000065996038 -0.06699999916681539 0
0.06600000065996404 -0.06499999919301735 0
0.06600000065996771 -0.06299999921922182 0
0.06600000065997136 -0.06099999924542295 0
0.06600000065997501 -0.05899999927162592 0
0.06600000065997869 -0.05699999929782718 0
0.06600000065998235 -0.05499999932402937 0
0.066000000659986 -0.05299999935023064 0
0.06600000065998965 -0.05099999937643194 0
0.06600000065999331 -0.048999999402634 0
0.06600000065999698 -0.04699999942883758 0
0.06600000066000061 -0.04499999945504073 0
0.06600000066000426 -0.0429999994812403 0
0.06600000066000791 -0.04099999950743943 0
0.06600000066001158 -0.03899999953363779 0
0.06600000066001523 -0.03699999955983577 0
0.06600000066001889 -0.0349999995860337 0
0.06600000066002257 -0.03299999961223346 0
0.06600000066002622 -0.03099999963843134 0
0.06600000066002987 -0.02899999966463252 0
0.06600000066003352 -0.02699999969083006 0
0.06600000066003715 -0.02499999971702789 0
0.06600000066004082 -0.02299999974322715 0
0.06600000066004449 -0.0209999997694241 0
0.06600000066004816 -0.01899999979562206 0
0.06600000066005178 -0.01699999982182102 0
0.06600000066005544 -0.01499999984801768 0
0.06600000066005911 -0.01299999987421621 0
0.06600000066006277 -0.01099999990041507 0
0.06600000066006642 -0.008999999926612651 0
0.06600000066007009 -0.006999999952814685 0
0.06600000066007373 -0.004999999979010955 0
0.06600000066007741 -0.003000000005209257 0
0.06600000066008103 -0.001000000031406807 0
0.0660000006600847 0.0009999999423963234 0
0.06600000066008833 0.00299999991619722 0
0.06800000067991459 -0.0929999988261984 0
0.06800000067991811 -0.09099999885239969 0
0.06800000067992164 -0.08899999887860068 0
0.06800000067992515 -0.0869999989047999 0
0.06800000067992866 -0.08499999893100044 0
0.06800000067993218 -0.0829999989572013 0
0.0680000006799357 -0.08099999898340476 0
0.06800000067993925 -0.0789999990096093 0
0.06800000067994275 -0.07699999903581102 0
0.06800000067994627 -0.0749999990620128 0
0.0680000006799498 -0.07299999908821365 0
0.06800000067995332 -0.0709999991144156 0
0.06800000067995685 -0.06899999914061712 0
0.06800000067996034 -0.06699999916681812 0
0.06800000067996385 -0.06499999919302027 0
0.06800000067996739 -0.06299999921922507 0
0.0680000006799709 -0.06099999924542642 0
0.06800000067997443 -0.0589999992716295 0
0.06800000067997794 -0.05699999929783094 0
0.06800000067998146 -0.05499999932403329 0
0.06800000067998499 -0.0529999993502348 0
0.06800000067998851 -0.0509999993764363 0
0.06800000067999201 -0.0489999994026386 0
0.06800000067999554 -0.04699999942884245 0
0.06800000067999906 -0.04499999945504581 0
0.06800000068000259 -0.04299999948124515 0
0.06800000068000611 -0.04099999950744402 0
0.06800000068000964 -0.03899999953364214 0
0.06800000068001313 -0.03699999955983992 0
0.06800000068001666 -0.03499999958603764 0
0.06800000068002018 -0.03299999961223724 0
0.06800000068002368 -0.03099999963843491 0
0.06800000068002721 -0.02899999966463599 0
0.06800000068003072 -0.02699999969083331 0
0.06800000068003424 -0.02499999971703088 0
0.06800000068003778 -0.02299999974322998 0
0.06800000068004128 -0.02099999976942668 0
0.06800000068004482 -0.01899999979562444 0
0.06800000068004833 -0.01699999982182322 0
0.06800000068005184 -0.01499999984801963 0
0.06800000068005538 -0.01299999987421798 0
0.06800000068005886 -0.01099999990041661 0
0.0680000006800624 -0.008999999926613893 0
0.06800000068006591 -0.00699999995281584 0
0.06800000068006942 -0.00499999997901189 0
0.06800000068007296 -0.003000000005210044 0
0.06800000068007646 -0.001000000031407417 0
0.06800000068008 0.0009999999423959528 0
0.06800000068008352 0.002999999916197012 0
0.07000000069992182 -0.09299999882619854 0
0.07000000069992503 -0.09099999885239997 0
0.07000000069992822 -0.08899999887860117 0
0.07000000069993144 -0.08699999890480058 0
0.07000000069993466 -0.08499999893100126 0
0.07000000069993788 -0.08299999895720235 0
0.07000000069994107 -0.08099999898340587 0
0.07000000069994428 -0.07899999900961081 0
0.07000000069994751 -0.0769999990358127 0
0.07000000069995072 -0.07499999906201464 0
0.07000000069995393 -0.07299999908821576 0
0.07000000069995713 -0.07099999911441793 0
0.07000000069996035 -0.06899999914061965 0
0.07000000069996355 -0.06699999916682089 0
0.07000000069996677 -0.06499999919302318 0
0.07000000069996996 -0.0629999992192283 0
0.07000000069997318 -0.06099999924542989 0
0.0700000006999764 -0.05899999927163306 0
0.07000000069997959 -0.05699999929783475 0
0.07000000069998281 -0.05499999932403725 0
0.07000000069998601 -0.05299999935023895 0
0.07000000069998923 -0.05099999937644067 0
0.07000000069999245 -0.0489999994026432 0
0.07000000069999565 -0.04699999942884733 0
0.07000000069999887 -0.04499999945505092 0
0.07000000070000205 -0.04299999948125004 0
0.07000000070000527 -0.04099999950744861 0
0.07000000070000849 -0.03899999953364651 0
0.07000000070001171 -0.03699999955984407 0
0.0700000007000149 -0.03499999958604159 0
0.07000000070001812 -0.03299999961224105 0
0.07000000070002134 -0.0309999996384385 0
0.07000000070002453 -0.02899999966463946 0
0.07000000070002775 -0.02699999969083655 0
0.07000000070003097 -0.02499999971703388 0
0.07000000070003416 -0.0229999997432328 0
0.0700000007000374 -0.02099999976942928 0
0.0700000007000406 -0.01899999979562682 0
0.07000000070004378 -0.01699999982182542 0
0.07000000070004701 -0.01499999984802159 0
0.07000000070005023 -0.01299999987421974 0
0.07000000070005342 -0.01099999990041815 0
0.07000000070005664 -0.008999999926615135 0
0.07000000070005986 -0.006999999952816999 0
0.07000000070006306 -0.004999999979012822 0
0.07000000070006629 -0.003000000005210831 0
0.0700000007000695 -0.001000000031408026 0
0.07000000070007271 0.0009999999423955825 0
0.07000000070007588 0.002999999916196802 0
0.07200000071992814 -0.09299999882619864 0
0.07200000071993112 -0.09099999885240025 0
0.07200000071993415 -0.08899999887860173 0
0.07200000071993709 -0.08699999890480124 0
0.0720000007199401 -0.08499999893100203 0
0.07200000071994307 -0.08299999895720339 0
0.07200000071994606 -0.08099999898340703 0
0.07200000071994905 -0.07899999900961227 0
0.07200000071995201 -0.07699999903581435 0
0.07200000071995501 -0.0749999990620165 0
0.07200000071995802 -0.07299999908821789 0
0.07200000071996097 -0.0709999991144202 0
0.07200000071996399 -0.06899999914062213 0
0.07200000071996697 -0.0669999991668236 0
0.07200000071996994 -0.06499999919302607 0
0.07200000071997294 -0.06299999921923155 0
0.07200000071997591 -0.06099999924543336 0
0.0720000007199789 -0.05899999927163665 0
0.0720000007199819 -0.05699999929783853 0
0.07200000071998487 -0.0549999993240412 0
0.07200000071998787 -0.05299999935024311 0
0.07200000071999084 -0.05099999937644503 0
0.07200000071999385 -0.04899999940264777 0
0.07200000071999685 -0.0469999994288522 0
0.07200000071999982 -0.044999999455056 0
0.07200000072000277 -0.04299999948125489 0
0.07200000072000577 -0.0409999995074532 0
0.07200000072000878 -0.03899999953365087 0
0.07200000072001177 -0.03699999955984822 0
0.07200000072001474 -0.03499999958604553 0
0.07200000072001771 -0.03299999961224483 0
0.0720000007200207 -0.03099999963844208 0
0.07200000072002372 -0.02899999966464292 0
0.07200000072002671 -0.0269999996908398 0
0.07200000072002967 -0.02499999971703687 0
0.07200000072003267 -0.02299999974323563 0
0.07200000072003564 -0.02099999976943186 0
0.07200000072003863 -0.0189999997956292 0
0.07200000072004162 -0.01699999982182762 0
0.07200000072004457 -0.01499999984802355 0
0.07200000072004759 -0.0129999998742215 0
0.07200000072005057 -0.01099999990041969 0
0.07200000072005358 -0.008999999926616375 0
0.07200000072005655 -0.006999999952818152 0
0.07200000072005955 -0.004999999979013754 0
0.0720000007200625 -0.003000000005211619 0
0.0720000007200655 -0.001000000031408637 0
0.07200000072006851 0.0009999999423952121 0
0.07200000072007144 0.002999999916196593 0
0.07400000073993088 -0.09299999882619882 0
0.07400000073993374 -0.09099999885240052 0
0.07400000073993658 -0.08899999887860222 0
0.07400000073993945 -0.0869999989048019 0
0.07400000073994228 -0.08499999893100284 0
0.07400000073994516 -0.08299999895720443 0
0.074000000739948 -0.08099999898340818 0
0.07400000073995086 -0.07899999900961374 0
0.07400000073995375 -0.07699999903581609 0
0.07400000073995658 -0.07499999906201839 0
0.07400000073995944 -0.07299999908822004 0
0.0740000007399623 -0.07099999911442248 0
0.07400000073996515 -0.06899999914062464 0
0.07400000073996801 -0.06699999916682635 0
0.07400000073997087 -0.06499999919302901 0
0.07400000073997373 -0.06299999921923481 0
0.07400000073997659 -0.06099999924543682 0
0.07400000073997945 -0.05899999927164023 0
0.07400000073998231 -0.05699999929784232 0
0.07400000073998517 -0.05499999932404514 0
0.07400000073998803 -0.05299999935024725 0
0.07400000073999088 -0.05099999937644939 0
0.07400000073999374 -0.04899999940265238 0
0.0740000007399966 -0.04699999942885706 0
0.07400000073999943 -0.04499999945506108 0
0.07400000074000229 -0.04299999948125977 0
0.07400000074000515 -0.04099999950745779 0
0.07400000074000801 -0.03899999953365522 0
0.07400000074001087 -0.03699999955985236 0
0.07400000074001373 -0.03499999958604946 0
0.07400000074001659 -0.03299999961224861 0
0.07400000074001944 -0.03099999963844566 0
0.0740000007400223 -0.0289999996646464 0
0.07400000074002516 -0.02699999969084305 0
0.07400000074002802 -0.02499999971703987 0
0.07400000074003088 -0.02299999974323846 0
0.07400000074003374 -0.02099999976943445 0
0.0740000007400366 -0.01899999979563158 0
0.07400000074003946 -0.01699999982182983 0
0.07400000074004227 -0.0149999998480255 0
0.07400000074004516 -0.01299999987422327 0
0.07400000074004801 -0.01099999990042123 0
0.07400000074005089 -0.008999999926617618 0
0.07400000074005372 -0.006999999952819309 0
0.0740000007400566 -0.004999999979014685 0
0.07400000074005943 -0.003000000005212408 0
0.0740000007400623 -0.001000000031409246 0
0.07400000074006516 0.0009999999423948422 0
0.07400000074006802 0.002999999916196384 0
0.07600000075994058 -0.09299999882619892 0
0.07600000075994309 -0.09099999885240082 0
0.07600000075994556 -0.08899999887860276 0
0.07600000075994806 -0.08699999890480255 0
0.0760000007599505 -0.08499999893100367 0
0.07600000075995296 -0.08299999895720547 0
0.07600000075995546 -0.08099999898340929 0
0.07600000075995796 -0.07899999900961524 0
0.07600000075996041 -0.07699999903581774 0
0.07600000075996288 -0.07499999906202028 0
0.07600000075996535 -0.07299999908822213 0
0.07600000075996782 -0.07099999911442482 0
0.07600000075997032 -0.06899999914062714 0
0.07600000075997279 -0.06699999916682911 0
0.07600000075997526 -0.06499999919303191 0
0.07600000075997776 -0.06299999921923802 0
0.0760000007599802 -0.06099999924544031 0
0.0760000007599827 -0.0589999992716438 0
0.07600000075998517 -0.05699999929784612 0
0.07600000075998764 -0.05499999932404908 0
0.07600000075999011 -0.05299999935025141 0
0.07600000075999258 -0.05099999937645374 0
0.07600000075999505 -0.04899999940265696 0
0.07600000075999752 -0.04699999942886192 0
0.07600000075999999 -0.04499999945506619 0
0.07600000076000249 -0.04299999948126464 0
0.07600000076000496 -0.04099999950746237 0
0.07600000076000743 -0.03899999953365958 0
0.07600000076000993 -0.03699999955985653 0
0.07600000076001237 -0.0349999995860534 0
0.07600000076001487 -0.0329999996122524 0
0.07600000076001734 -0.03099999963844923 0
0.07600000076001981 -0.02899999966464985 0
0.07600000076002228 -0.0269999996908463 0
0.07600000076002475 -0.02499999971704286 0
0.07600000076002725 -0.02299999974324128 0
0.07600000076002972 -0.02099999976943703 0
0.07600000076003219 -0.01899999979563396 0
0.07600000076003466 -0.01699999982183203 0
0.07600000076003713 -0.01499999984802746 0
0.07600000076003963 -0.01299999987422503 0
0.07600000076004207 -0.01099999990042277 0
0.07600000076004455 -0.008999999926618856 0
0.07600000076004702 -0.006999999952820467 0
0.07600000076004951 -0.004999999979015618 0
0.07600000076005201 -0.003000000005213195 0
0.07600000076005445 -0.001000000031409857 0
0.07600000076005696 0.000999999942394472 0
0.0760000007600594 0.002999999916196176 0
0.07800000077994333 -0.0929999988261991 0
0.07800000077994571 -0.09099999885240109 0
0.07800000077994804 -0.08899999887860328 0
0.07800000077995035 -0.0869999989048032 0
0.07800000077995273 -0.08499999893100448 0
0.07800000077995507 -0.08299999895720651 0
0.07800000077995743 -0.08099999898341043 0
0.07800000077995978 -0.07899999900961675 0
0.07800000077996211 -0.07699999903581939 0
0.07800000077996445 -0.07499999906202215 0
0.0780000007799668 -0.07299999908822426 0
0.07800000077996914 -0.07099999911442709 0
0.07800000077997149 -0.06899999914062964 0
0.07800000077997384 -0.06699999916683184 0
0.07800000077997618 -0.06499999919303484 0
0.07800000077997857 -0.06299999921924131 0
0.0780000007799809 -0.06099999924544378 0
0.07800000077998323 -0.05899999927164739 0
0.07800000077998559 -0.0569999992978499 0
0.07800000077998792 -0.05499999932405302 0
0.07800000077999025 -0.05299999935025555 0
0.07800000077999261 -0.05099999937645809 0
0.07800000077999497 -0.04899999940266155 0
0.0780000007799973 -0.04699999942886679 0
0.07800000077999966 -0.04499999945507126 0
0.07800000078000199 -0.04299999948126949 0
0.07800000078000435 -0.04099999950746696 0
0.07800000078000668 -0.03899999953366393 0
0.07800000078000904 -0.03699999955986066 0
0.0780000007800114 -0.03499999958605736 0
0.07800000078001372 -0.03299999961225621 0
0.07800000078001607 -0.03099999963845283 0
0.07800000078001842 -0.02899999966465333 0
0.07800000078002077 -0.02699999969084954 0
0.07800000078002312 -0.02499999971704585 0
0.07800000078002543 -0.02299999974324411 0
0.07800000078002781 -0.02099999976943962 0
0.07800000078003015 -0.01899999979563633 0
0.0780000007800325 -0.01699999982183423 0
0.07800000078003483 -0.0149999998480294 0
0.07800000078003717 -0.01299999987422679 0
0.07800000078003953 -0.01099999990042432 0
0.07800000078004188 -0.008999999926620095 0
0.07800000078004421 -0.006999999952821624 0
0.07800000078004658 -0.004999999979016553 0
0.07800000078004893 -0.003000000005213981 0
0.07800000078005126 -0.001000000031410466 0
0.07800000078005362 0.0009999999423941019 0
0.07800000078005598 0.002999999916195966 0
0.08000000079994965 -0.09299999882619921 0
0.08000000079995179 -0.09099999885240137 0
0.08000000079995391 -0.08899999887860377 0
0.08000000079995602 -0.08699999890480387 0
0.08000000079995814 -0.08499999893100524 0
0.08000000079996025 -0.08299999895720757 0
0.08000000079996242 -0.08099999898341154 0
0.0800000007999645 -0.07899999900961822 0
0.08000000079996662 -0.07699999903582112 0
0.08000000079996873 -0.07499999906202401 0
0.08000000079997088 -0.07299999908822637 0
0.08000000079997302 -0.0709999991144294 0
0.0800000007999751 -0.06899999914063216 0
0.08000000079997724 -0.06699999916683461 0
0.08000000079997936 -0.06499999919303773 0
0.08000000079998149 -0.06299999921924451 0
0.08000000079998361 -0.06099999924544722 0
0.08000000079998573 -0.05899999927165094 0
0.08000000079998787 -0.05699999929785367 0
0.08000000079998998 -0.05499999932405696 0
0.08000000079999209 -0.05299999935025972 0
0.08000000079999423 -0.05099999937646246 0
0.08000000079999636 -0.04899999940266615 0
0.08000000079999847 -0.04699999942887166 0
0.08000000080000058 -0.04499999945507637 0
0.08000000080000272 -0.04299999948127439 0
0.08000000080000483 -0.04099999950747156 0
0.08000000080000697 -0.0389999995336683 0
0.08000000080000907 -0.03699999955986483 0
0.08000000080001121 -0.0349999995860613 0
0.08000000080001332 -0.03299999961225997 0
0.08000000080001544 -0.0309999996384564 0
0.08000000080001757 -0.02899999966465679 0
0.08000000080001966 -0.02699999969085279 0
0.08000000080002181 -0.02499999971704885 0
0.08000000080002395 -0.02299999974324693 0
0.08000000080002606 -0.02099999976944221 0
0.08000000080002817 -0.01899999979563871 0
0.08000000080003031 -0.01699999982183643 0
0.08000000080003243 -0.01499999984803136 0
0.08000000080003454 -0.01299999987422855 0
0.08000000080003665 -0.01099999990042586 0
0.08000000080003879 -0.008999999926621339 0
0.08000000080004091 -0.006999999952822778 0
0.08000000080004305 -0.004999999979017483 0
0.08000000080004516 -0.003000000005214768 0
0.08000000080004725 -0.001000000031411076 0
0.0800000008000494 0.000999999942393732 0
0.08000000080005154 0.002999999916195757 0
0.0820000008199569 -0.09299999882619937 0
0.0820000008199587 -0.09099999885240166 0
0.08200000081996052 -0.08899999887860434 0
0.0820000008199623 -0.0869999989048045 0
0.08200000081996414 -0.08499999893100604 0
0.08200000081996595 -0.08299999895720861 0
0.08200000081996781 -0.08099999898341269 0
0.08200000081996958 -0.07899999900961972 0
0.08200000081997139 -0.07699999903582279 0
0.08200000081997323 -0.07499999906202587 0
0.08200000081997502 -0.07299999908822849 0
0.08200000081997683 -0.07099999911443172 0
0.08200000081997863 -0.06899999914063466 0
0.08200000081998045 -0.0669999991668373 0
0.08200000081998228 -0.06499999919304067 0
0.08200000081998408 -0.0629999992192478 0
0.08200000081998589 -0.06099999924545071 0
0.08200000081998772 -0.05899999927165454 0
0.08200000081998957 -0.05699999929785748 0
0.08200000081999137 -0.0549999993240609 0
0.08200000081999317 -0.05299999935026385 0
0.08200000081999499 -0.05099999937646682 0
0.08200000081999678 -0.04899999940267073 0
0.08200000081999859 -0.04699999942887653 0
0.08200000082000042 -0.04499999945508145 0
0.08200000082000221 -0.04299999948127924 0
0.08200000082000404 -0.04099999950747615 0
0.08200000082000586 -0.03899999953367266 0
0.08200000082000766 -0.03699999955986897 0
0.08200000082000949 -0.03499999958606524 0
0.0820000008200113 -0.03299999961226377 0
0.08200000082001309 -0.03099999963845998 0
0.08200000082001493 -0.02899999966466027 0
0.08200000082001674 -0.02699999969085604 0
0.08200000082001853 -0.02499999971705185 0
0.08200000082002037 -0.02299999974324976 0
0.08200000082002218 -0.02099999976944479 0
0.08200000082002397 -0.0189999997956411 0
0.0820000008200258 -0.01699999982183863 0
0.08200000082002762 -0.01499999984803332 0
0.08200000082002941 -0.01299999987423032 0
0.08200000082003124 -0.0109999999004274 0
0.08200000082003309 -0.008999999926622581 0
0.08200000082003486 -0.006999999952823938 0
0.08200000082003668 -0.004999999979018416 0
0.08200000082003849 -0.003000000005215557 0
0.0820000008200403 -0.001000000031411686 0
0.08200000082004212 0.0009999999423933605 0
0.08200000082004393 0.002999999916195548 0
0.08400000083995861 -0.09299999882619947 0
0.0840000008399603 -0.09099999885240197 0
0.08400000083996198 -0.08899999887860484 0
0.08400000083996365 -0.08699999890480517 0
0.08400000083996531 -0.08499999893100685 0
0.08400000083996702 -0.08299999895720966 0
0.08400000083996868 -0.08099999898341381 0
0.08400000083997036 -0.07899999900962122 0
0.08400000083997204 -0.07699999903582444 0
0.08400000083997372 -0.07499999906202778 0
0.08400000083997539 -0.07299999908823063 0
0.08400000083997708 -0.070999999114434 0
0.08400000083997874 -0.06899999914063719 0
0.08400000083998044 -0.0669999991668401 0
0.08400000083998209 -0.06499999919304354 0
0.08400000083998375 -0.06299999921925101 0
0.08400000083998543 -0.06099999924545416 0
0.08400000083998713 -0.05899999927165812 0
0.08400000083998879 -0.05699999929786126 0
0.08400000083999046 -0.05499999932406485 0
0.08400000083999215 -0.05299999935026801 0
0.08400000083999382 -0.05099999937647117 0
0.08400000083999551 -0.04899999940267533 0
0.08400000083999717 -0.04699999942888141 0
0.08400000083999884 -0.04499999945508654 0
0.08400000084000053 -0.04299999948128411 0
0.08400000084000223 -0.04099999950748074 0
0.08400000084000389 -0.03899999953367702 0
0.08400000084000556 -0.03699999955987312 0
0.08400000084000724 -0.03499999958606919 0
0.08400000084000891 -0.03299999961226755 0
0.08400000084001058 -0.03099999963846357 0
0.08400000084001227 -0.02899999966466374 0
0.08400000084001394 -0.02699999969085928 0
0.0840000008400156 -0.02499999971705484 0
0.08400000084001727 -0.02299999974325258 0
0.08400000084001895 -0.02099999976944738 0
0.08400000084002066 -0.01899999979564347 0
0.08400000084002232 -0.01699999982184084 0
0.08400000084002399 -0.01499999984803528 0
0.08400000084002567 -0.01299999987423209 0
0.08400000084002733 -0.01099999990042894 0
0.08400000084002904 -0.008999999926623821 0
0.08400000084003069 -0.006999999952825094 0
0.08400000084003237 -0.004999999979019348 0
0.08400000084003402 -0.003000000005216346 0
0.08400000084003571 -0.001000000031412297 0
0.08400000084003741 0.0009999999423929906 0
0.08400000084003909 0.00299999991619534 0
0.0860000008599682 -0.09299999882619965 0
0.08600000085996952 -0.09099999885240223 0
0.08600000085997085 -0.08899999887860537 0
0.08600000085997217 -0.08699999890480584 0
0.08600000085997347 -0.08499999893100765 0
0.08600000085997483 -0.08299999895721073 0
0.08600000085997617 -0.08099999898341496 0
0.08600000085997747 -0.07899999900962268 0
0.08600000085997878 -0.07699999903582613 0
0.08600000085998014 -0.07499999906202964 0
0.08600000085998147 -0.07299999908823275 0
0.0860000008599828 -0.07099999911443632 0
0.08600000085998408 -0.06899999914063969 0
0.08600000085998542 -0.06699999916684281 0
0.08600000085998677 -0.06499999919304651 0
0.08600000085998807 -0.06299999921925427 0
0.08600000085998941 -0.06099999924545765 0
0.08600000085999074 -0.0589999992716617 0
0.08600000085999207 -0.05699999929786506 0
0.0860000008599934 -0.05499999932406877 0
0.08600000085999471 -0.05299999935027216 0
0.08600000085999604 -0.05099999937647554 0
0.08600000085999734 -0.04899999940267992 0
0.08600000085999868 -0.04699999942888625 0
0.08600000086000001 -0.04499999945509164 0
0.08600000086000134 -0.04299999948128898 0
0.08600000086000267 -0.04099999950748532 0
0.08600000086000401 -0.03899999953368138 0
0.08600000086000534 -0.03699999955987728 0
0.08600000086000666 -0.03499999958607315 0
0.08600000086000797 -0.03299999961227135 0
0.08600000086000929 -0.03099999963846714 0
0.08600000086001061 -0.0289999996646672 0
0.08600000086001194 -0.02699999969086253 0
0.08600000086001328 -0.02499999971705783 0
0.08600000086001461 -0.02299999974325541 0
0.08600000086001594 -0.02099999976944996 0
0.08600000086001727 -0.01899999979564585 0
0.08600000086001858 -0.01699999982184304 0
0.08600000086001988 -0.01499999984803723 0
0.08600000086002123 -0.01299999987423385 0
0.08600000086002253 -0.01099999990043048 0
0.08600000086002388 -0.008999999926625065 0
0.08600000086002521 -0.006999999952826246 0
0.08600000086002653 -0.004999999979020282 0
0.08600000086002788 -0.00300000000521713 0
0.08600000086002919 -0.001000000031412906 0
0.08600000086003051 0.0009999999423926207 0
0.08600000086003183 0.002999999916195129 0
0.0880000008799669 -0.09299999882619975 0
0.08800000087996818 -0.09099999885240251 0
0.08800000087996943 -0.08899999887860589 0
0.08800000087997073 -0.0869999989048065 0
0.08800000087997203 -0.08499999893100844 0
0.08800000087997328 -0.08299999895721179 0
0.08800000087997456 -0.08099999898341609 0
0.08800000087997584 -0.07899999900962419 0
0.08800000087997713 -0.07699999903582784 0
0.08800000087997839 -0.0749999990620315 0
0.08800000087997968 -0.07299999908823485 0
0.08800000087998099 -0.07099999911443859 0
0.08800000087998225 -0.06899999914064218 0
0.08800000087998353 -0.06699999916684557 0
0.0880000008799848 -0.06499999919304938 0
0.08800000087998611 -0.0629999992192575 0
0.08800000087998738 -0.0609999992454611 0
0.08800000087998863 -0.05899999927166528 0
0.08800000087998994 -0.05699999929786883 0
0.08800000087999119 -0.05499999932407272 0
0.08800000087999249 -0.0529999993502763 0
0.08800000087999377 -0.05099999937647989 0
0.08800000087999504 -0.04899999940268451 0
0.08800000087999632 -0.04699999942889113 0
0.0880000008799976 -0.04499999945509672 0
0.08800000087999887 -0.04299999948129384 0
0.08800000088000015 -0.04099999950748991 0
0.08800000088000143 -0.03899999953368573 0
0.0880000008800027 -0.03699999955988143 0
0.08800000088000401 -0.03499999958607708 0
0.08800000088000529 -0.03299999961227514 0
0.08800000088000656 -0.03099999963847071 0
0.08800000088000784 -0.02899999966467066 0
0.08800000088000912 -0.02699999969086577 0
0.08800000088001039 -0.02499999971706083 0
0.08800000088001167 -0.02299999974325824 0
0.08800000088001295 -0.02099999976945255 0
0.08800000088001425 -0.01899999979564824 0
0.0880000008800155 -0.01699999982184523 0
0.08800000088001678 -0.01499999984803918 0
0.08800000088001808 -0.01299999987423561 0
0.08800000088001936 -0.01099999990043202 0
0.08800000088002063 -0.0089999999266263 0
0.08800000088002191 -0.006999999952827405 0
0.0880000008800232 -0.004999999979021215 0
0.08800000088002446 -0.00300000000521792 0
0.08800000088002574 -0.001000000031413517 0
0.08800000088002702 0.0009999999423922509 0
0.0880000008800283 0.002999999916194921 0
0.09000000089997214 -0.09299999882619993 0
0.09000000089997312 -0.09099999885240281 0
0.09000000089997418 -0.08899999887860642 0
0.09000000089997523 -0.0869999989048072 0
0.09000000089997623 -0.08499999893100924 0
0.09000000089997727 -0.08299999895721284 0
0.09000000089997828 -0.0809999989834172 0
0.09000000089997935 -0.07899999900962566 0
0.09000000089998036 -0.07699999903582951 0
0.09000000089998139 -0.07499999906203339 0
0.09000000089998245 -0.07299999908823697 0
0.09000000089998347 -0.07099999911444088 0
0.09000000089998451 -0.06899999914064468 0
0.09000000089998555 -0.06699999916684832 0
0.09000000089998658 -0.06499999919305233 0
0.09000000089998761 -0.06299999921926075 0
0.09000000089998866 -0.06099999924546459 0
0.09000000089998965 -0.05899999927166885 0
0.09000000089999072 -0.05699999929787263 0
0.09000000089999174 -0.05499999932407667 0
0.09000000089999276 -0.05299999935028045 0
0.0900000008999938 -0.05099999937648424 0
0.09000000089999483 -0.04899999940268911 0
0.09000000089999588 -0.04699999942889601 0
0.09000000089999691 -0.04499999945510183 0
0.09000000089999793 -0.04299999948129872 0
0.09000000089999899 -0.04099999950749451 0
0.09000000090000002 -0.03899999953369009 0
0.09000000090000104 -0.03699999955988559 0
0.09000000090000207 -0.03499999958608102 0
0.09000000090000312 -0.03299999961227893 0
0.09000000090000415 -0.0309999996384743 0
0.09000000090000518 -0.02899999966467413 0
0.09000000090000621 -0.02699999969086902 0
0.09000000090000723 -0.02499999971706383 0
0.09000000090000829 -0.02299999974326106 0
0.09000000090000934 -0.02099999976945514 0
0.09000000090001034 -0.01899999979565061 0
0.0900000009000114 -0.01699999982184744 0
0.09000000090001242 -0.01499999984804114 0
0.09000000090001345 -0.01299999987423738 0
0.0900000009000145 -0.01099999990043356 0
0.09000000090001549 -0.008999999926627542 0
0.09000000090001656 -0.00699999995282856 0
0.09000000090001761 -0.004999999979022146 0
0.09000000090001861 -0.003000000005218707 0
0.09000000090001967 -0.001000000031414125 0
0.09000000090002069 0.0009999999423918795 0
0.09000000090002171 0.002999999916194711 0
0.09200000091997988 -0.09299999882620003 0
0.09200000091998063 -0.09099999885240311 0
0.09200000091998137 -0.08899999887860693 0
0.09200000091998216 -0.08699999890480785 0
0.09200000091998291 -0.08499999893101008 0
0.09200000091998367 -0.08299999895721387 0
0.09200000091998442 -0.08099999898341839 0
0.09200000091998518 -0.07899999900962715 0
0.09200000091998593 -0.0769999990358312 0
0.09200000091998668 -0.07499999906203526 0
0.09200000091998743 -0.07299999908823909 0
0.09200000091998822 -0.07099999911444321 0
0.09200000091998899 -0.06899999914064718 0
0.09200000091998976 -0.06699999916685107 0
0.0920000009199905 -0.06499999919305521 0
0.09200000091999126 -0.062999999219264 0
0.092000000919992 -0.06099999924546803 0
0.09200000091999275 -0.05899999927167244 0
0.09200000091999351 -0.05699999929787643 0
0.09200000091999426 -0.05499999932408061 0
0.09200000091999504 -0.05299999935028461 0
0.09200000091999577 -0.05099999937648859 0
0.09200000091999656 -0.04899999940269368 0
0.09200000091999733 -0.04699999942890087 0
0.0920000009199981 -0.0449999994551069 0
0.0920000009199988 -0.04299999948130357 0
0.09200000091999955 -0.04099999950749911 0
0.09200000092000034 -0.03899999953369447 0
0.09200000092000107 -0.03699999955988972 0
0.09200000092000188 -0.03499999958608496 0
0.0920000009200026 -0.03299999961228271 0
0.09200000092000335 -0.03099999963847787 0
0.09200000092000414 -0.02899999966467761 0
0.09200000092000488 -0.02699999969087227 0
0.09200000092000563 -0.02499999971706681 0
0.0920000009200064 -0.02299999974326389 0
0.09200000092000712 -0.02099999976945772 0
0.0920000009200079 -0.01899999979565299 0
0.09200000092000869 -0.01699999982184964 0
0.09200000092000944 -0.01499999984804309 0
0.09200000092001018 -0.01299999987423915 0
0.09200000092001097 -0.0109999999004351 0
0.0920000009200117 -0.008999999926628782 0
0.09200000092001245 -0.006999999952829718 0
0.09200000092001324 -0.004999999979023079 0
0.09200000092001395 -0.003000000005219494 0
0.09200000092001474 -0.001000000031414735 0
0.09200000092001552 0.0009999999423915098 0
0.09200000092001627 0.002999999916194502 0
0.09400000093998112 -0.09299999882620021 0
0.09400000093998179 -0.09099999885240338 0
0.09400000093998245 -0.08899999887860746 0
0.09400000093998309 -0.0869999989048085 0
0.09400000093998376 -0.08499999893101083 0
0.09400000093998444 -0.0829999989572149 0
0.09400000093998509 -0.08099999898341949 0
0.09400000093998576 -0.07899999900962863 0
0.09400000093998638 -0.07699999903583291 0
0.09400000093998706 -0.07499999906203714 0
0.09400000093998773 -0.07299999908824123 0
0.09400000093998837 -0.07099999911444546 0
0.09400000093998902 -0.06899999914064971 0
0.0940000009399897 -0.06699999916685381 0
0.09400000093999038 -0.06499999919305813 0
0.09400000093999103 -0.06299999921926726 0
0.09400000093999165 -0.0609999992454715 0
0.09400000093999233 -0.05899999927167602 0
0.094000000939993 -0.05699999929788022 0
0.09400000093999367 -0.05499999932408456 0
0.0940000009399943 -0.05299999935028878 0
0.09400000093999497 -0.05099999937649296 0
0.09400000093999562 -0.04899999940269829 0
0.09400000093999628 -0.04699999942890573 0
0.09400000093999694 -0.04499999945511201 0
0.09400000093999761 -0.04299999948130846 0
0.09400000093999827 -0.0409999995075037 0
0.09400000093999894 -0.03899999953369881 0
0.09400000093999959 -0.03699999955989389 0
0.09400000094000024 -0.03499999958608891 0
0.09400000094000094 -0.03299999961228652 0
0.09400000094000158 -0.03099999963848145 0
0.09400000094000224 -0.02899999966468107 0
0.09400000094000288 -0.02699999969087551 0
0.09400000094000355 -0.02499999971706981 0
0.09400000094000421 -0.02299999974326671 0
0.09400000094000488 -0.02099999976946032 0
0.09400000094000553 -0.01899999979565537 0
0.09400000094000618 -0.01699999982185184 0
0.09400000094000684 -0.01499999984804505 0
0.09400000094000752 -0.01299999987424091 0
0.09400000094000815 -0.01099999990043665 0
0.09400000094000882 -0.008999999926630026 0
0.09400000094000947 -0.006999999952830877 0
0.09400000094001015 -0.004999999979024011 0
0.09400000094001082 -0.003000000005220282 0
0.09400000094001147 -0.001000000031415347 0
0.09400000094001212 0.0009999999423911396 0
0.09400000094001276 0.002999999916194293 0
0.09600000095999101 -0.0929999988262003 0
0.09600000095999138 -0.09099999885240366 0
0.09600000095999174 -0.08899999887860799 0
0.09600000095999214 -0.08699999890480917 0
0.09600000095999253 -0.08499999893101169 0
0.09600000095999288 -0.08299999895721595 0
0.09600000095999331 -0.08099999898342063 0
0.0960000009599937 -0.07899999900963013 0
0.09600000095999406 -0.07699999903583456 0
0.09600000095999445 -0.074999999062039 0
0.09600000095999484 -0.07299999908824335 0
0.09600000095999522 -0.07099999911444779 0
0.09600000095999561 -0.0689999991406522 0
0.09600000095999602 -0.06699999916685652 0
0.09600000095999642 -0.06499999919306104 0
0.09600000095999678 -0.06299999921927052 0
0.09600000095999714 -0.06099999924547497 0
0.09600000095999753 -0.05899999927167959 0
0.09600000095999794 -0.056999999297884 0
0.09600000095999833 -0.05499999932408849 0
0.09600000095999871 -0.0529999993502929 0
0.09600000095999911 -0.05099999937649732 0
0.09600000095999947 -0.04899999940270287 0
0.09600000095999983 -0.04699999942891061 0
0.09600000096000022 -0.04499999945511709 0
0.09600000096000061 -0.04299999948131331 0
0.096000000960001 -0.04099999950750827 0
0.09600000096000139 -0.03899999953370318 0
0.09600000096000177 -0.03699999955989802 0
0.09600000096000216 -0.03499999958609284 0
0.09600000096000255 -0.03299999961229029 0
0.09600000096000294 -0.03099999963848503 0
0.09600000096000333 -0.02899999966468454 0
0.09600000096000372 -0.02699999969087875 0
0.09600000096000411 -0.02499999971707281 0
0.09600000096000449 -0.02299999974326954 0
0.09600000096000486 -0.0209999997694629 0
0.09600000096000524 -0.01899999979565775 0
0.09600000096000559 -0.01699999982185405 0
0.09600000096000604 -0.014999999848047 0
0.09600000096000638 -0.01299999987424267 0
0.09600000096000677 -0.01099999990043819 0
0.09600000096000716 -0.008999999926631268 0
0.09600000096000755 -0.006999999952832031 0
0.09600000096000794 -0.004999999979024944 0
0.09600000096000832 -0.003000000005221069 0
0.09600000096000871 -0.001000000031415955 0
0.0960000009600091 0.000999999942390768 0
0.09600000096000949 0.002999999916194084 0
0.0980000009799917 -0.09299999882620047 0
0.09800000097999198 -0.09099999885240394 0
0.09800000097999231 -0.08899999887860849 0
0.09800000097999259 -0.08699999890480983 0
0.09800000097999287 -0.08499999893101245 0
0.09800000097999317 -0.08299999895721701 0
0.09800000097999348 -0.08099999898342175 0
0.09800000097999378 -0.07899999900963163 0
0.09800000097999409 -0.07699999903583626 0
0.09800000097999437 -0.07499999906204087 0
0.09800000097999464 -0.07299999908824546 0
0.09800000097999498 -0.07099999911445008 0
0.09800000097999526 -0.06899999914065473 0
0.09800000097999559 -0.06699999916685929 0
0.09800000097999585 -0.06499999919306397 0
0.09800000097999614 -0.06299999921927371 0
0.09800000097999645 -0.06099999924547844 0
0.09800000097999675 -0.05899999927168318 0
0.09800000097999706 -0.05699999929788779 0
0.09800000097999736 -0.05499999932409243 0
0.09800000097999764 -0.05299999935029708 0
0.09800000097999795 -0.05099999937650168 0
0.09800000097999825 -0.04899999940270745 0
0.09800000097999857 -0.04699999942891547 0
0.09800000097999884 -0.0449999994551222 0
0.09800000097999911 -0.04299999948131818 0
0.09800000097999945 -0.04099999950751287 0
0.09800000097999972 -0.03899999953370754 0
0.09800000098000003 -0.03699999955990218 0
0.09800000098000033 -0.03499999958609679 0
0.09800000098000064 -0.03299999961229409 0
0.09800000098000092 -0.0309999996384886 0
0.09800000098000122 -0.02899999966468801 0
0.0980000009800015 -0.02699999969088201 0
0.09800000098000181 -0.0249999997170758 0
0.09800000098000211 -0.02299999974327236 0
0.0980000009800024 -0.02099999976946549 0
0.09800000098000272 -0.01899999979566013 0
0.098000000980003 -0.01699999982185625 0
0.09800000098000333 -0.01499999984804896 0
0.09800000098000361 -0.01299999987424444 0
0.09800000098000392 -0.01099999990043973 0
0.09800000098000421 -0.008999999926632508 0
0.0980000009800045 -0.006999999952833185 0
0.0980000009800048 -0.004999999979025877 0
0.09800000098000511 -0.003000000005221857 0
0.09800000098000537 -0.001000000031416566 0
0.09800000098000569 0.0009999999423903987 0
0.098000000980006 0.002999999916193875 0
$EndNodes
$Elements
9 2704 1 2704
0 1 15 1
1 1 
0 2 15 1
2 2 
0 3 15 1
3 3 
0 4 15 1
4 4 
1 1 1 50
5 1 5 
6 5 6 
7 6 7 
8 7 8 
9 8 9 
10 9 10 
11 10 11 
12 11 12 
13 12 13 
14 13 14 
15 14 15 
16 15 16 
17 16 17 
18 17 18 
19 18 19 
20 19 20 
21 20 21 
22 21 22 
23 22 23 
24 23 24 
25 24 25 
26 25 26 
27 26 27 
28 27 28 
29 28 29 
30 29 30 
31 30 31 
32 31 32 
33 32 33 
34 33 34 
35 34 35 
36 35 36 
37 36 37 
38 37 38 
39 38 39 
40 39 40 
41 40 41 
42 41 42 
43 42 43 
44 43 44 
45 44 45 
46 45 46 
47 46 47 
48 47 48 
49 48 49 
50 49 50 
51 50 51 
52 51 52 
53 52 53 
54 53 2 
1 2 1 50
55 2 54 
56 54 55 
57 55 56 
58 56 57 
59 57 58 
60 58 59 
61 59 60 
62 60 61 
63 61 62 
64 62 63 
65 63 64 
66 64 65 
67 65 66 
68 66 67 
69 67 68 
70 68 69 
71 69 70 
72 70 71 
73 71 72 
74 72 73 
75 73 74 
76 74 75 
77 75 76 
78 76 77 
79 77 78 
80 78 79 
81 79 80 
82 80 81 
83 81 82 
84 82 83 
85 83 84 
86 84 85 
87 85 86 
88 86 87 
89 87 88 
90 88 89 
91 89 90 
92 90 91 
93 91 92 
94 92 93 
95 93 94 
96 94 95 
97 95 96 
98 96 97 
99 97 98 
100 98 99 
101 99 100 
102 100 101 
103 101 102 
104 102 3 
1 3 1 50
105 3 103 
106 103 104 
107 104 105 
108 105 106 
109 106 107 
110 107 108 
111 108 109 
112 109 110 
113 110 111 
114 111 112 
115 112 113 
116 113 114 
117 114 115 
118 115 116 
119 116 117 
120 117 118 
121 118 119 
122 119 120 
123 120 121 
124 121 122 
125 122 123 
126 123 124 
127 124 125 
128 125 126 
129 126 127 
130 127 128 
131 128 129 
132 129 130 
133 130 131 
134 131 132 
135 132 133 
136 133 134 
137 134 135 
138 135 136 
139 136 137 
140 137 138 
141 138 139 
142 139 140 
143 140 141 
144 141 142 
145 142 143 
146 143 144 
147 144 145 
148 145 146 
149 146 147 
150 147 148 
151 148 149 
152 149 150 
153 150 151 
154 151 4 
1 4 1 50
155 4 152 
156 152 153 
157 153 154 
158 154 155 
159 155 156 
160 156 157 
161 157 158 
162 158 159 
163 159 160 
164 160 161 
165 161 162 
166 162 163 
167 163 164 
168 164 165 
169 165 166 
170 166 167 
171 167 168 
172 168 169 
173 169 170 
174 170 171 
175 171 172 
176 172 173 
177 173 174 
178 174 175 
179 175 176 
180 176 177 
181 177 178 
182 178 179 
183 179 180 
184 180 181 
185 181 182 
186 182 183 
187 183 184 
188 184 185 
189 185 186 
190 186 187 
191 187 188 
192 188 189 
193 189 190 
194 190 191 
195 191 192 
196 192 193 
197 193 194 
198 194 195 
199 195 196 
200 196 197 
201 197 198 
202 198 199 
203 199 200 
204 200 1 
2 1 3 2500
205 1 5 201 200 
206 200 201 202 199 
207 199 202 203 198 
208 198 203 204 197 
209 197 204 205 196 
210 196 205 206 195 
211 195 206 207 194 
212 194 207 208 193 
213 193 208 209 192 
214 192 209 210 191 
215 191 210 211 190 
216 190 211 212 189 
217 189 212 213 188 
218 188 213 214 187 
219 187 214 215 186 
220 186 215 216 185 
221 185 216 217 184 
222 184 217 218 183 
223 183 218 219 182 
224 182 219 220 181 
225 181 220 221 180 
226 180 221 222 179 
227 179 222 223 178 
228 178 223 224 177 
229 177 224 225 176 
230 176 225 226 175 
231 175 226 227 174 
232 174 227 228 173 
233 173 228 229 172 
234 172 229 230 171 
235 171 230 231 170 
236 170 231 232 169 
237 169 232 233 168 
238 168 233 234 167 
239 167 234 235 166 
240 166 235 236 165 
241 165 236 237 164 
242 164 237 238 163 
243 163 238 239 162 
244 162 239 240 161 
245 161 240 241 160 
246 160 241 242 159 
247 159 242 243 158 
248 158 243 244 157 
249 157 244 245 156 
250 156 245 246 155 
251 155 246 247 154 
252 154 247 248 153 
253 153 248 249 152 
254 152 249 151 4 
255 5 6 250 201 
256 201 250 251 202 
257 202 251 252 203 
258 203 252 253 204 
259 204 253 254 205 
260 205 254 255 206 
261 206 255 256 207 
262 207 256 257 208 
263 208 257 258 209 
264 209 258 259 210 
265 210 259 260 211 
266 211 260 261 212 
267 212 261 262 213 
268 213 262 263 214 
269 214 263 264 215 
270 215 264 265 216 
271 216 265 266 217 
272 217 266 267 218 
273 218 267 268 219 
274 219 268 269 220 
275 220 269 270 221 
276 221 270 271 222 
277 222 271 272 223 
278 223 272 273 224 
279 224 273 274 225 
280 225 274 275 226 
281 226 275 276 227 
282 227 276 277 228 
283 228 277 278 229 
284 229 278 279 230 
285 230 279 280 231 
286 231 280 281 232 
287 232 281 282 233 
288 233 282 283 234 
289 234 283 284 235 
290 235 284 285 236 
291 236 285 286 237 
292 237 286 287 238 
293 238 287 288 239 
294 239 288 289 240 
295 240 289 290 241 
296 241 290 291 242 
297 242 291 292 243 
298 243 292 293 244 
299 244 293 294 245 
300 245 294 295 246 
301 246 295 296 247 
302 247 296 297 248 
303 248 297 298 249 
304 249 298 150 151 
305 6 7 299 250 
306 250 299 300 251 
307 251 300 301 252 
308 252 301 302 253 
309 253 302 303 254 
310 254 303 304 255 
311 255 304 305 256 
312 256 305 306 257 
313 257 306 307 258 
314 258 307 308 259 
315 259 308 309 260 
316 260 309 310 261 
317 261 310 311 262 
318 262 311 312 263 
319 263 312 313 264 
320 264 313 314 265 
321 265 314 315 266 
322 266 315 316 267 
323 267 316 317 268 
324 268 317 318 269 
325 269 318 319 270 
326 270 319 320 271 
327 271 320 321 272 
328 272 321 322 273 
329 273 322 323 274 
330 274 323 324 275 
331 275 324 325 276 
332 276 325 326 277 
333 277 326 327 278 
334 278 327 328 279 
335 279 328 329 280 
336 280 329 330 281 
337 281 330 331 282 
338 282 331 332 283 
339 283 332 333 284 
340 284 333 334 285 
341 285 334 335 286 
342 286 335 336 287 
343 287 336 337 288 
344 288 337 338 289 
345 289 338 339 290 
346 290 339 340 291 
347 291 340 341 292 
348 292 341 342 293 
349 293 342 343 294 
350 294 343 344 295 
351 295 344 345 296 
352 296 345 346 297 
353 297 346 347 298 
354 298 347 149 150 
355 7 8 348 299 
356 299 348 349 300 
357 300 349 350 301 
358 301 350 351 302 
359 302 351 352 303 
360 303 352 353 304 
361 304 353 354 305 
362 305 354 355 306 
363 306 355 356 307 
364 307 356 357 308 
365 308 357 358 309 
366 309 358 359 310 
367 310 359 360 311 
368 311 360 361 312 
369 312 361 362 313 
370 313 362 363 314 
371 314 363 364 315 
372 315 364 365 316 
373 316 365 366 317 
374 317 366 367 318 
375 318 367 368 319 
376 319 368 369 320 
377 320 369 370 321 
378 321 370 371 322 
379 322 371 372 323 
380 323 372 373 324 
381 324 373 374 325 
382 325 374 375 326 
383 326 375 376 327 
384 327 376 377 328 
385 328 377 378 329 
386 329 378 379 330 
387 330 379 380 331 
388 331 380 381 332 
389 332 381 382 333 
390 333 382 383 334 
391 334 383 384 335 
392 335 384 385 336 
393 336 385 386 337 
394 337 386 387 338 
395 338 387 388 339 
396 339 388 389 340 
397 340 389 390 341 
398 341 390 391 342 
399 342 391 392 343 
400 343 392 393 344 
401 344 393 394 345 
402 345 394 395 346 
403 346 395 396 347 
404 347 396 148 149 
405 8 9 397 348 
406 348 397 398 349 
407 349 398 399 350 
408 350 399 400 351 
409 351 400 401 352 
410 352 401 402 353 
411 353 402 403 354 
412 354 403 404 355 
413 355 404 405 356 
414 356 405 406 357 
415 357 406 407 358 
416 358 407 408 359 
417 359 408 409 360 
418 360 409 410 361 
419 361 410 411 362 
420 362 411 412 363 
421 363 412 413 364 
422 364 413 414 365 
423 365 414 415 366 
424 366 415 416 367 
425 367 416 417 368 
426 368 417 418 369 
427 369 418 419 370 
428 370 419 420 371 
429 371 420 421 372 
430 372 421 422 373 
431 373 422 423 374 
432 374 423 424 375 
433 375 424 425 376 
434 376 425 426 377 
435 377 426 427 378 
436 378 427 428 379 
437 379 428 429 380 
438 380 429 430 381 
439 381 430 431 382 
440 382 431 432 383 
441 383 432 433 384 
442 384 433 434 385 
443 385 434 435 386 
444 386 435 436 387 
445 387 436 437 388 
446 388 437 438 389 
447 389 438 439 390 
448 390 439 440 391 
449 391 440 441 392 
450 392 441 442 393 
451 393 442 443 394 
452 394 443 444 395 
453 395 444 445 396 
454 396 445 147 148 
455 9 10 446 397 
456 397 446 447 398 
457 398 447 448 399 
458 399 448 449 400 
459 400 449 450 401 
460 401 450 451 402 
461 402 451 452 403 
462 403 452 453 404 
463 404 453 454 405 
464 405 454 455 406 
465 406 455 456 407 
466 407 456 457 408 
467 408 457 458 409 
468 409 458 459 410 
469 410 459 460 411 
470 411 460 461 412 
471 412 461 462 413 
472 413 462 463 414 
473 414 463 464 415 
474 415 464 465 416 
475 416 465 466 417 
476 417 466 467 418 
477 418 467 468 419 
478 419 468 469 420 
479 420 469 470 421 
480 421 470 471 422 
481 422 471 472 423 
482 423 472 473 424 
483 424 473 474 425 
484 425 474 475 426 
485 426 475 476 427 
486 427 476 477 428 
487 428 477 478 429 
488 429 478 479 430 
489 430 479 480 431 
490 431 480 481 432 
491 432 481 482 433 
492 433 482 483 434 
493 434 483 484 435 
494 435 484 485 436 
495 436 485 486 437 
496 437 486 487 438 
497 438 487 488 439 
498 439 488 489 440 
499 440 489 490 441 
500 441 490 491 442 
501 442 491 492 443 
502 443 492 493 444 
503 444 493 494 445 
504 445 494 146 147 
505 10 11 495 446 
506 446 495 496 447 
507 447 496 497 448 
508 448 497 498 449 
509 449 498 499 450 
510 450 499 500 451 
511 451 500 501 452 
512 452 501 502 453 
513 453 502 503 454 
514 454 503 504 455 
515 455 504 505 456 
516 456 505 506 457 
517 457 506 507 458 
518 458 507 508 459 
519 459 508 509 460 
520 460 509 510 461 
521 461 510 511 462 
522 462 511 512 463 
523 463 512 513 464 
524 464 513 514 465 
525 465 514 515 466 
526 466 515 516 467 
527 467 516 517 468 
528 468 517 518 469 
529 469 518 519 470 
530 470 519 520 471 
531 471 520 521 472 
532 472 521 522 473 
533 473 522 523 474 
534 474 523 524 475 
535 475 524 525 476 
536 476 525 526 477 
537 477 526 527 478 
538 478 527 528 479 
539 479 528 529 480 
540 480 529 530 481 
541 481 530 531 482 
542 482 531 532 483 
543 483 532 533 484 
544 484 533 534 485 
545 485 534 535 486 
546 486 535 536 487 
547 487 536 537 488 
548 488 537 538 489 
549 489 538 539 490 
550 490 539 540 491 
551 491 540 541 492 
552 492 541 542 493 
553 493 542 543 494 
554 494 543 145 146 
555 11 12 544 495 
556 495 544 545 496 
557 496 545 546 497 
558 497 546 547 498 
559 498 547 548 499 
560 499 548 549 500 
561 500 549 550 501 
562 501 550 551 502 
563 502 551 552 503 
564 503 552 553 504 
565 504 553 554 505 
566 505 554 555 506 
567 506 555 556 507 
568 507 556 557 508 
569 508 557 558 509 
570 509 558 559 510 
571 510 559 560 511 
572 511 560 561 512 
573 512 561 562 513 
574 513 562 563 514 
575 514 563 564 515 
576 515 564 565 516 
577 516 565 566 517 
578 517 566 567 518 
579 518 567 568 519 
580 519 568 569 520 
581 520 569 570 521 
582 521 570 571 522 
583 522 571 572 523 
584 523 572 573 524 
585 524 573 574 525 
586 525 574 575 526 
587 526 575 576 527 
588 527 576 577 528 
589 528 577 578 529 
590 529 578 579 530 
591 530 579 580 531 
592 531 580 581 532 
593 532 581 582 533 
594 533 582 583 534 
595 534 583 584 535 
596 535 584 585 536 
597 536 585 586 537 
598 537 586 587 538 
599 538 587 588 539 
600 539 588 589 540 
601 540 589 590 541 
602 541 590 591 542 
603 542 591 592 543 
604 543 592 144 145 
605 12 13 593 544 
606 544 593 594 545 
607 545 594 595 546 
608 546 595 596 547 
609 547 596 597 548 
610 548 597 598 549 
611 549 598 599 550 
612 550 599 600 551 
613 551 600 601 552 
614 552 601 602 553 
615 553 602 603 554 
616 554 603 604 555 
617 555 604 605 556 
618 556 605 606 557 
619 557 606 607 558 
620 558 607 608 559 
621 559 608 609 560 
622 560 609 610 561 
623 561 610 611 562 
624 562 611 612 563 
625 563 612 613 564 
626 564 613 614 565 
627 565 614 615 566 
628 566 615 616 567 
629 567 616 617 568 
630 568 617 618 569 
631 569 618 619 570 
632 570 619 620 571 
633 571 620 621 572 
634 572 621 622 573 
635 573 622 623 574 
636 574 623 624 575 
637 575 624 625 576 
638 576 625 626 577 
639 577 626 627 578 
640 578 627 628 579 
641 579 628 629 580 
642 580 629 630 581 
643 581 630 631 582 
644 582 631 632 583 
645 583 632 633 584 
646 584 633 634 585 
647 585 634 635 586 
648 586 635 636 587 
649 587 636 637 588 
650 588 637 638 589 
651 589 638 639 590 
652 590 639 640 591 
653 591 640 641 592 
654 592 641 143 144 
655 13 14 642 593 
656 593 642 643 594 
657 594 643 644 595 
658 595 644 645 596 
659 596 645 646 597 
660 597 646 647 598 
661 598 647 648 599 
662 599 648 649 600 
663 600 649 650 601 
664 601 650 651 602 
665 602 651 652 603 
666 603 652 653 604 
667 604 653 654 605 
668 605 654 655 606 
669 606 655 656 607 
670 607 656 657 608 
671 608 657 658 609 
672 609 658 659 610 
673 610 659 660 611 
674 611 660 661 612 
675 612 661 662 613 
676 613 662 663 614 
677 614 663 664 615 
678 615 664 665 616 
679 616 665 666 617 
680 617 666 667 618 
681 618 667 668 619 
682 619 668 669 620 
683 620 669 670 621 
684 621 670 671 622 
685 622 671 672 623 
686 623 672 673 624 
687 624 673 674 625 
688 625 674 675 626 
689 626 675 676 627 
690 627 676 677 628 
691 628 677 678 629 
692 629 678 679 630 
693 630 679 680 631 
694 631 680 681 632 
695 632 681 682 633 
696 633 682 683 634 
697 634 683 684 635 
698 635 684 685 636 
699 636 685 686 637 
700 637 686 687 638 
701 638 687 688 639 
702 639 688 689 640 
703 640 689 690 641 
704 641 690 142 143 
705 14 15 691 642 
706 642 691 692 643 
707 643 692 693 644 
708 644 693 694 645 
709 645 694 695 646 
710 646 695 696 647 
711 647 696 697 648 
712 648 697 698 649 
713 649 698 699 650 
714 650 699 700 651 
715 651 700 701 652 
716 652 701 702 653 
717 653 702 703 654 
718 654 703 704 655 
719 655 704 705 656 
720 656 705 706 657 
721 657 706 707 658 
722 658 707 708 659 
723 659 708 709 660 
724 660 709 710 661 
725 661 710 711 662 
726 662 711 712 663 
727 663 712 713 664 
728 664 713 714 665 
729 665 714 715 666 
730 666 715 716 667 
731 667 716 717 668 
732 668 717 718 669 
733 669 718 719 670 
734 670 719 720 671 
735 671 720 721 672 
736 672 721 722 673 
737 673 722 723 674 
738 674 723 724 675 
739 675 724 725 676 
740 676 725 726 677 
741 677 726 727 678 
742 678 727 728 679 
743 679 728 729 680 
744 680 729 730 681 
745 681 730 731 682 
746 682 731 732 683 
747 683 732 733 684 
748 684 733 734 685 
749 685 734 735 686 
750 686 735 736 687 
751 687 736 737 688 
752 688 737 738 689 
753 689 738 739 690 
754 690 739 141 142 
755 15 16 740 691 
756 691 740 741 692 
757 692 741 742 693 
758 693 742 743 694 
759 694 743 744 695 
760 695 744 745 696 
761 696 745 746 697 
762 697 746 747 698 
763 698 747 748 699 
764 699 748 749 700 
765 700 749 750 701 
766 701 750 751 702 
767 702 751 752 703 
768 703 752 753 704 
769 704 753 754 705 
770 705 754 755 706 
771 706 755 756 707 
772 707 756 757 708 
773 708 757 758 709 
774 709 758 759 710 
775 710 759 760 711 
776 711 760 761 712 
777 712 761 762 713 
778 713 762 763 714 
779 714 763 764 715 
780 715 764 765 716 
781 716 765 766 717 
782 717 766 767 718 
783 718 767 768 719 
784 719 768 769 720 
785 720 769 770 721 
786 721 770 771 722 
787 722 771 772 723 
788 723 772 773 724 
789 724 773 774 725 
790 725 774 775 726 
791 726 775 776 727 
792 727 776 777 728 
793 728 777 778 729 
794 729 778 779 730 
795 730 779 780 731 
796 731 780 781 732 
797 732 781 782 733 
798 733 782 783 734 
799 734 783 784 735 
800 735 784 785 736 
801 736 785 786 737 
802 737 786 787 738 
803 738 787 788 739 
804 739 788 140 141 
805 16 17 789 740 
806 740 789 790 741 
807 741 790 791 742 
808 742 791 792 743 
809 743 792 793 744 
810 744 793 794 745 
811 745 794 795 746 
812 746 795 796 747 
813 747 796 797 748 
814 748 797 798 749 
815 749 798 799 750 
816 750 799 800 751 
817 751 800 801 752 
818 752 801 802 753 
819 753 802 803 754 
820 754 803 804 755 
821 755 804 805 756 
822 756 805 806 757 
823 757 806 807 758 
824 758 807 808 759 
825 759 808 809 760 
826 760 809 810 761 
827 761 810 811 762 
828 762 811 812 763 
829 763 812 813 764 
830 764 813 814 765 
831 765 814 815 766 
832 766 815 816 767 
833 767 816 817 768 
834 768 817 818 769 
835 769 818 819 770 
836 770 819 820 771 
837 771 820 821 772 
838 772 821 822 773 
839 773 822 823 774 
840 774 823 824 775 
841 775 824 825 776 
842 776 825 826 777 
843 777 826 827 778 
844 778 827 828 779 
845 779 828 829 780 
846 780 829 830 781 
847 781 830 831 782 
848 782 831 832 783 
849 783 832 833 784 
850 784 833 834 785 
851 785 834 835 786 
852 786 835 836 787 
853 787 836 837 788 
854 788 837 139 140 
855 17 18 838 789 
856 789 838 839 790 
857 790 839 840 791 
858 791 840 841 792 
859 792 841 842 793 
860 793 842 843 794 
861 794 843 844 795 
862 795 844 845 796 
863 796 845 846 797 
864 797 846 847 798 
865 798 847 848 799 
866 799 848 849 800 
867 800 849 850 801 
868 801 850 851 802 
869 802 851 852 803 
870 803 852 853 804 
871 804 853 854 805 
872 805 854 855 806 
873 806 855 856 807 
874 807 856 857 808 
875 808 857 858 809 
876 809 858 859 810 
877 810 859 860 811 
878 811 860 861 812 
879 812 861 862 813 
880 813 862 863 814 
881 814 863 864 815 
882 815 864 865 816 
883 816 865 866 817 
884 817 866 867 818 
885 818 867 868 819 
886 819 868 869 820 
887 820 869 870 821 
888 821 870 871 822 
889 822 871 872 823 
890 823 872 873 824 
891 824 873 874 825 
892 825 874 875 826 
893 826 875 876 827 
894 827 876 877 828 
895 828 877 878 829 
896 829 878 879 830 
897 830 879 880 831 
898 831 880 881 832 
899 832 881 882 833 
900 833 882 883 834 
901 834 883 884 835 
902 835 884 885 836 
903 836 885 886 837 
904 837 886 138 139 
905 18 19 887 838 
906 838 887 888 839 
907 839 888 889 840 
908 840 889 890 841 
909 841 890 891 842 
910 842 891 892 843 
911 843 892 893 844 
912 844 893 894 845 
913 845 894 895 846 
914 846 895 896 847 
915 847 896 897 848 
916 848 897 898 849 
917 849 898 899 850 
918 850 899 900 851 
919 851 900 901 852 
920 852 901 902 853 
921 853 902 903 854 
922 854 903 904 855 
923 855 904 905 856 
924 856 905 906 857 
925 857 906 907 858 
926 858 907 908 859 
927 859 908 909 860 
928 860 909 910 861 
929 861 910 911 862 
930 862 911 912 863 
931 863 912 913 864 
932 864 913 914 865 
933 865 914 915 866 
934 866 915 916 867 
935 867 916 917 868 
936 868 917 918 869 
937 869 918 919 870 
938 870 919 920 871 
939 871 920 921 872 
940 872 921 922 873 
941 873 922 923 874 
942 874 923 924 875 
943 875 924 925 876 
944 876 925 926 877 
945 877 926 927 878 
946 878 927 928 879 
947 879 928 929 880 
948 880 929 930 881 
949 881 930 931 882 
950 882 931 932 883 
951 883 932 933 884 
952 884 933 934 885 
953 885 934 935 886 
954 886 935 137 138 
955 19 20 936 887 
956 887 936 937 888 
957 888 937 938 889 
958 889 938 939 890 
959 890 939 940 891 
960 891 940 941 892 
961 892 941 942 893 
962 893 942 943 894 
963 894 943 944 895 
964 895 944 945 896 
965 896 945 946 897 
966 897 946 947 898 
967 898 947 948 899 
968 899 948 949 900 
969 900 949 950 901 
970 901 950 951 902 
971 902 951 952 903 
972 903 952 953 904 
973 904 953 954 905 
974 905 954 955 906 
975 906 955 956 907 
976 907 956 957 908 
977 908 957 958 909 
978 909 958 959 910 
979 910 959 960 911 
980 911 960 961 912 
981 912 961 962 913 
982 913 962 963 914 
983 914 963 964 915 
984 915 964 965 916 
985 916 965 966 917 
986 917 966 967 918 
987 918 967 968 919 
988 919 968 969 920 
989 920 969 970 921 
990 921 970 971 922 
991 922 971 972 923 
992 923 972 973 924 
993 924 973 974 925 
994 925 974 975 926 
995 926 975 976 927 
996 927 976 977 928 
997 928 977 978 929 
998 929 978 979 930 
999 930 979 980 931 
1000 931 980 981 932 
1001 932 981 982 933 
1002 933 982 983 934 
1003 934 983 984 935 
1004 935 984 136 137 
1005 20 21 985 936 
1006 936 985 986 937 
1007 937 986 987 938 
1008 938 987 988 939 
1009 939 988 989 940 
1010 940 989 990 941 
1011 941 990 991 942 
1012 942 991 992 943 
1013 943 992 993 944 
1014 944 993 994 945 
1015 945 994 995 946 
1016 946 995 996 947 
1017 947 996 997 948 
1018 948 997 998 949 
1019 949 998 999 950 
1020 950 999 1000 951 
1021 951 1000 1001 952 
1022 952 1001 1002 953 
1023 953 1002 1003 954 
1024 954 1003 1004 955 
1025 955 1004 1005 956 
1026 956 1005 1006 957 
1027 957 1006 1007 958 
1028 958 1007 1008 959 
1029 959 1008 1009 960 
1030 960 1009 1010 961 
1031 961 1010 1011 962 
1032 962 1011 1012 963 
1033 963 1012 1013 964 
1034 964 1013 1014 965 
1035 965 1014 1015 966 
1036 966 1015 1016 967 
1037 967 1016 1017 968 
1038 968 1017 1018 969 
1039 969 1018 1019 970 
1040 970 1019 1020 971 
1041 971 1020 1021 972 
1042 972 1021 1022 973 
1043 973 1022 1023 974 
1044 974 1023 1024 975 
1045 975 1024 1025 976 
1046 976 1025 1026 977 
1047 977 1026 1027 978 
1048 978 1027 1028 979 
1049 979 1028 1029 980 
1050 980 1029 1030 981 
1051 981 1030 1031 982 
1052 982 1031 1032 983 
1053 983 1032 1033 984 
1054 984 1033 135 136 
1055 21 22 1034 985 
1056 985 1034 1035 986 
1057 986 1035 1036 987 
1058 987 1036 1037 988 
1059 988 1037 1038 989 
1060 989 1038 1039 990 
1061 990 1039 1040 991 
1062 991 1040 1041 992 
1063 992 1041 1042 993 
1064 993 1042 1043 994 
1065 994 1043 1044 995 
1066 995 1044 1045 996 
1067 996 1045 1046 997 
1068 997 1046 1047 998 
1069 998 1047 1048 999 
1070 999 1048 1049 1000 
1071 1000 1049 1050 1001 
1072 1001 1050 1051 1002 
1073 1002 1051 1052 1003 
1074 1003 1052 1053 1004 
1075 1004 1053 1054 1005 
1076 1005 1054 1055 1006 
1077 1006 1055 1056 1007 
1078 1007 1056 1057 1008 
1079 1008 1057 1058 1009 
1080 1009 1058 1059 1010 
1081 1010 1059 1060 1011 
1082 1011 1060 1061 1012 
1083 1012 1061 1062 1013 
1084 1013 1062 1063 1014 
1085 1014 1063 1064 1015 
1086 1015 1064 1065 1016 
1087 1016 1065 1066 1017 
1088 1017 1066 1067 1018 
1089 1018 1067 1068 1019 
1090 1019 1068 1069 1020 
1091 1020 1069 1070 1021 
1092 1021 1070 1071 1022 
1093 1022 1071 1072 1023 
1094 1023 1072 1073 1024 
1095 1024 1073 1074 1025 
1096 1025 1074 1075 1026 
1097 1026 1075 1076 1027 
1098 1027 1076 1077 1028 
1099 1028 1077 1078 1029 
1100 1029 1078 1079 1030 
1101 1030 1079 1080 1031 
1102 1031 1080 1081 1032 
1103 1032 1081 1082 1033 
1104 1033 1082 134 135 
1105 22 23 1083 1034 
1106 1034 1083 1084 1035 
1107 1035 1084 1085 1036 
1108 1036 1085 1086 1037 
1109 1037 1086 1087 1038 
1110 1038 1087 1088 1039 
1111 1039 1088 1089 1040 
1112 1040 1089 1090 1041 
1113 1041 1090 1091 1042 
1114 1042 1091 1092 1043 
1115 1043 1092 1093 1044 
1116 1044 1093 1094 1045 
1117 1045 1094 1095 1046 
1118 1046 1095 1096 1047 
1119 1047 1096 1097 1048 
1120 1048 1097 1098 1049 
1121 1049 1098 1099 1050 
1122 1050 1099 1100 1051 
1123 1051 1100 1101 1052 
1124 1052 1101 1102 1053 
1125 1053 1102 1103 1054 
1126 1054 1103 1104 1055 
1127 1055 1104 1105 1056 
1128 1056 1105 1106 1057 
1129 1057 1106 1107 1058 
1130 1058 1107 1108 1059 
1131 1059 1108 1109 1060 
1132 1060 1109 1110 1061 
1133 1061 1110 1111 1062 
1134 1062 1111 1112 1063 
1135 1063 1112 1113 1064 
1136 1064 1113 1114 1065 
1137 1065 1114 1115 1066 
1138 1066 1115 1116 1067 
1139 1067 1116 1117 1068 
1140 1068 1117 1118 1069 
1141 1069 1118 1119 1070 
1142 1070 1119 1120 1071 
1143 1071 1120 1121 1072 
1144 1072 1121 1122 1073 
1145 1073 1122 1123 1074 
1146 1074 1123 1124 1075 
1147 1075 1124 1125 1076 
1148 1076 1125 1126 1077 
1149 1077 1126 1127 1078 
1150 1078 1127 1128 1079 
1151 1079 1128 1129 1080 
1152 1080 1129 1130 1081 
1153 1081 1130 1131 1082 
1154 1082 1131 133 134 
1155 23 24 1132 1083 
1156 1083 1132 1133 1084 
1157 1084 1133 1134 1085 
1158 1085 1134 1135 1086 
1159 1086 1135 1136 1087 
1160 1087 1136 1137 1088 
1161 1088 1137 1138 1089 
1162 1089 1138 1139 1090 
1163 1090 1139 1140 1091 
1164 1091 1140 1141 1092 
1165 1092 1141 1142 1093 
1166 1093 1142 1143 1094 
1167 1094 1143 1144 1095 
1168 1095 1144 1145 1096 
1169 1096 1145 1146 1097 
1170 1097 1146 1147 1098 
1171 1098 1147 1148 1099 
1172 1099 1148 1149 1100 
1173 1100 1149 1150 1101 
1174 1101 1150 1151 1102 
1175 1102 1151 1152 1103 
1176 1103 1152 1153 1104 
1177 1104 1153 1154 1105 
1178 1105 1154 1155 1106 
1179 1106 1155 1156 1107 
1180 1107 1156 1157 1108 
1181 1108 1157 1158 1109 
1182 1109 1158 1159 1110 
1183 1110 1159 1160 1111 
1184 1111 1160 1161 1112 
1185 1112 1161 1162 1113 
1186 1113 1162 1163 1114 
1187 1114 1163 1164 1115 
1188 1115 1164 1165 1116 
1189 1116 1165 1166 1117 
1190 1117 1166 1167 1118 
1191 1118 1167 1168 1119 
1192 1119 1168 1169 1120 
1193 1120 1169 1170 1121 
1194 1121 1170 1171 1122 
1195 1122 1171 1172 1123 
1196 1123 1172 1173 1124 
1197 1124 1173 1174 1125 
1198 1125 1174 1175 1126 
1199 1126 1175 1176 1127 
1200 1127 1176 1177 1128 
1201 1128 1177 1178 1129 
1202 1129 1178 1179 1130 
1203 1130 1179 1180 1131 
1204 1131 1180 132 133 
1205 24 25 1181 1132 
1206 1132 1181 1182 1133 
1207 1133 1182 1183 1134 
1208 1134 1183 1184 1135 
1209 1135 1184 1185 1136 
1210 1136 1185 1186 1137 
1211 1137 1186 1187 1138 
1212 1138 1187 1188 1139 
1213 1139 1188 1189 1140 
1214 1140 1189 1190 1141 
1215 1141 1190 1191 1142 
1216 1142 1191 1192 1143 
1217 1143 1192 1193 1144 
1218 1144 1193 1194 1145 
1219 1145 1194 1195 1146 
1220 1146 1195 1196 1147 
1221 1147 1196 1197 1148 
1222 1148 1197 1198 1149 
1223 1149 1198 1199 1150 
1224 1150 1199 1200 1151 
1225 1151 1200 1201 1152 
1226 1152 1201 1202 1153 
1227 1153 1202 1203 1154 
1228 1154 1203 1204 1155 
1229 1155 1204 1205 1156 
1230 1156 1205 1206 1157 
1231 1157 1206 1207 1158 
1232 1158 1207 1208 1159 
1233 1159 1208 1209 1160 
1234 1160 1209 1210 1161 
1235 1161 1210 1211 1162 
1236 1162 1211 1212 1163 
1237 1163 1212 1213 1164 
1238 1164 1213 1214 1165 
1239 1165 1214 1215 1166 
1240 1166 1215 1216 1167 
1241 1167 1216 1217 1168 
1242 1168 1217 1218 1169 
1243 1169 1218 1219 1170 
1244 1170 1219 1220 1171 
1245 1171 1220 1221 1172 
1246 1172 1221 1222 1173 
1247 1173 1222 1223 1174 
1248 1174 1223 1224 1175 
1249 1175 1224 1225 1176 
1250 1176 1225 1226 1177 
1251 1177 1226 1227 1178 
1252 1178 1227 1228 1179 
1253 1179 1228 1229 1180 
1254 1180 1229 131 132 
1255 25 26 1230 1181 
1256 1181 1230 1231 1182 
1257 1182 1231 1232 1183 
1258 1183 1232 1233 1184 
1259 1184 1233 1234 1185 
1260 1185 1234 1235 1186 
1261 1186 1235 1236 1187 
1262 1187 1236 1237 1188 
1263 1188 1237 1238 1189 
1264 1189 1238 1239 1190 
1265 1190 1239 1240 1191 
1266 1191 1240 1241 1192 
1267 1192 1241 1242 1193 
1268 1193 1242 1243 1194 
1269 1194 1243 1244 1195 
1270 1195 1244 1245 1196 
1271 1196 1245 1246 1197 
1272 1197 1246 1247 1198 
1273 1198 1247 1248 1199 
1274 1199 1248 1249 1200 
1275 1200 1249 1250 1201 
1276 1201 1250 1251 1202 
1277 1202 1251 1252 1203 
1278 1203 1252 1253 1204 
1279 1204 1253 1254 1205 
1280 1205 1254 1255 1206 
1281 1206 1255 1256 1207 
1282 1207 1256 1257 1208 
1283 1208 1257 1258 1209 
1284 1209 1258 1259 1210 
1285 1210 1259 1260 1211 
1286 1211 1260 1261 1212 
1287 1212 1261 1262 1213 
1288 1213 1262 1263 1214 
1289 1214 1263 1264 1215 
1290 1215 1264 1265 1216 
1291 1216 1265 1266 1217 
1292 1217 1266 1267 1218 
1293 1218 1267 1268 1219 
1294 1219 1268 1269 1220 
1295 1220 1269 1270 1221 
1296 1221 1270 1271 1222 
1297 1222 1271 1272 1223 
1298 1223 1272 1273 1224 
1299 1224 1273 1274 1225 
1300 1225 1274 1275 1226 
1301 1226 1275 1276 1227 
1302 1227 1276 1277 1228 
1303 1228 1277 1278 1229 
1304 1229 1278 130 131 
1305 26 27 1279 1230 
1306 1230 1279 1280 1231 
1307 1231 1280 1281 1232 
1308 1232 1281 1282 1233 
1309 1233 1282 1283 1234 
1310 1234 1283 1284 1235 
1311 1235 1284 1285 1236 
1312 1236 1285 1286 1237 
1313 1237 1286 1287 1238 
1314 1238 1287 1288 1239 
1315 1239 1288 1289 1240 
1316 1240 1289 1290 1241 
1317 1241 1290 1291 1242 
1318 1242 1291 1292 1243 
1319 1243 1292 1293 1244 
1320 1244 1293 1294 1245 
1321 1245 1294 1295 1246 
1322 1246 1295 1296 1247 
1323 1247 1296 1297 1248 
1324 1248 1297 1298 1249 
1325 1249 1298 1299 1250 
1326 1250 1299 1300 1251 
1327 1251 1300 1301 1252 
1328 1252 1301 1302 1253 
1329 1253 1302 1303 1254 
1330 1254 1303 1304 1255 
1331 1255 1304 1305 1256 
1332 1256 1305 1306 1257 
1333 1257 1306 1307 1258 
1334 1258 1307 1308 1259 
1335 1259 1308 1309 1260 
1336 1260 1309 1310 1261 
1337 1261 1310 1311 1262 
1338 1262 1311 1312 1263 
1339 1263 1312 1313 1264 
1340 1264 1313 1314 1265 
1341 1265 1314 1315 1266 
1342 1266 1315 1316 1267 
1343 1267 1316 1317 1268 
1344 1268 1317 1318 1269 
1345 1269 1318 1319 1270 
1346 1270 1319 1320 1271 
1347 1271 1320 1321 1272 
1348 1272 1321 1322 1273 
1349 1273 1322 1323 1274 
1350 1274 1323 1324 1275 
1351 1275 1324 1325 1276 
1352 1276 1325 1326 1277 
1353 1277 1326 1327 1278 
1354 1278 1327 129 130 
1355 27 28 1328 1279 
1356 1279 1328 1329 1280 
1357 1280 1329 1330 1281 
1358 1281 1330 1331 1282 
1359 1282 1331 1332 1283 
1360 1283 1332 1333 1284 
1361 1284 1333 1334 1285 
1362 1285 1334 1335 1286 
1363 1286 1335 1336 1287 
1364 1287 1336 1337 1288 
1365 1288 1337 1338 1289 
1366 1289 1338 1339 1290 
1367 1290 1339 1340 1291 
1368 1291 1340 1341 1292 
1369 1292 1341 1342 1293 
1370 1293 1342 1343 1294 
1371 1294 1343 1344 1295 
1372 1295 1344 1345 1296 
1373 1296 1345 1346 1297 
1374 1297 1346 1347 1298 
1375 1298 1347 1348 1299 
1376 1299 1348 1349 1300 
1377 1300 1349 1350 1301 
1378 1301 1350 1351 1302 
1379 1302 1351 1352 1303 
1380 1303 1352 1353 1304 
1381 1304 1353 1354 1305 
1382 1305 1354 1355 1306 
1383 1306 1355 1356 1307 
1384 1307 1356 1357 1308 
1385 1308 1357 1358 1309 
1386 1309 1358 1359 1310 
1387 1310 1359 1360 1311 
1388 1311 1360 1361 1312 
1389 1312 1361 1362 1313 
1390 1313 1362 1363 1314 
1391 1314 1363 1364 1315 
1392 1315 1364 1365 1316 
1393 1316 1365 1366 1317 
1394 1317 1366 1367 1318 
1395 1318 1367 1368 1319 
1396 1319 1368 1369 1320 
1397 1320 1369 1370 1321 
1398 1321 1370 1371 1322 
1399 1322 1371 1372 1323 
1400 1323 1372 1373 1324 
1401 1324 1373 1374 1325 
1402 1325 1374 1375 1326 
1403 1326 1375 1376 1327 
1404 1327 1376 128 129 
1405 28 29 1377 1328 
1406 1328 1377 1378 1329 
1407 1329 1378 1379 1330 
1408 1330 1379 1380 1331 
1409 1331 1380 1381 1332 
1410 1332 1381 1382 1333 
1411 1333 1382 1383 1334 
1412 1334 1383 1384 1335 
1413 1335 1384 1385 1336 
1414 1336 1385 1386 1337 
1415 1337 1386 1387 1338 
1416 1338 1387 1388 1339 
1417 1339 1388 1389 1340 
1418 1340 1389 1390 1341 
1419 1341 1390 1391 1342 
1420 1342 1391 1392 1343 
1421 1343 1392 1393 1344 
1422 1344 1393 1394 1345 
1423 1345 1394 1395 1346 
1424 1346 1395 1396 1347 
1425 1347 1396 1397 1348 
1426 1348 1397 1398 1349 
1427 1349 1398 1399 1350 
1428 1350 1399 1400 1351 
1429 1351 1400 1401 1352 
1430 1352 1401 1402 1353 
1431 1353 1402 1403 1354 
1432 1354 1403 1404 1355 
1433 1355 1404 1405 1356 
1434 1356 1405 1406 1357 
1435 1357 1406 1407 1358 
1436 1358 1407 1408 1359 
1437 1359 1408 1409 1360 
1438 1360 1409 1410 1361 
1439 1361 1410 1411 1362 
1440 1362 1411 1412 1363 
1441 1363 1412 1413 1364 
1442 1364 1413 1414 1365 
1443 1365 1414 1415 1366 
1444 1366 1415 1416 1367 
1445 1367 1416 1417 1368 
1446 1368 1417 1418 1369 
1447 1369 1418 1419 1370 
1448 1370 1419 1420 1371 
1449 1371 1420 1421 1372 
1450 1372 1421 1422 1373 
1451 1373 1422 1423 1374 
1452 1374 1423 1424 1375 
1453 1375 1424 1425 1376 
1454 1376 1425 127 128 
1455 29 30 1426 1377 
1456 1377 1426 1427 1378 
1457 1378 1427 1428 1379 
1458 1379 1428 1429 1380 
1459 1380 1429 1430 1381 
1460 1381 1430 1431 1382 
1461 1382 1431 1432 1383 
1462 1383 1432 1433 1384 
1463 1384 1433 1434 1385 
1464 1385 1434 1435 1386 
1465 1386 1435 1436 1387 
1466 1387 1436 1437 1388 
1467 1388 1437 1438 1389 
1468 1389 1438 1439 1390 
1469 1390 1439 1440 1391 
1470 1391 1440 1441 1392 
1471 1392 1441 1442 1393 
1472 1393 1442 1443 1394 
1473 1394 1443 1444 1395 
1474 1395 1444 1445 1396 
1475 1396 1445 1446 1397 
1476 1397 1446 1447 1398 
1477 1398 1447 1448 1399 
1478 1399 1448 1449 1400 
1479 1400 1449 1450 1401 
1480 1401 1450 1451 1402 
1481 1402 1451 1452 1403 
1482 1403 1452 1453 1404 
1483 1404 1453 1454 1405 
1484 1405 1454 1455 1406 
1485 1406 1455 1456 1407 
1486 1407 1456 1457 1408 
1487 1408 1457 1458 1409 
1488 1409 1458 1459 1410 
1489 1410 1459 1460 1411 
1490 1411 1460 1461 1412 
1491 1412 1461 1462 1413 
1492 1413 1462 1463 1414 
1493 1414 1463 1464 1415 
1494 1415 1464 1465 1416 
1495 1416 1465 1466 1417 
1496 1417 1466 1467 1418 
1497 1418 1467 1468 1419 
1498 1419 1468 1469 1420 
1499 1420 1469 1470 1421 
1500 1421 1470 1471 1422 
1501 1422 1471 1472 1423 
1502 1423 1472 1473 1424 
1503 1424 1473 1474 1425 
1504 1425 1474 126 127 
1505 30 31 1475 1426 
1506 1426 1475 1476 1427 
1507 1427 1476 1477 1428 
1508 1428 1477 1478 1429 
1509 1429 1478 1479 1430 
1510 1430 1479 1480 1431 
1511 1431 1480 1481 1432 
1512 1432 1481 1482 1433 
1513 1433 1482 1483 1434 
1514 1434 1483 1484 1435 
1515 1435 1484 1485 1436 
1516 1436 1485 1486 1437 
1517 1437 1486 1487 1438 
1518 1438 1487 1488 1439 
1519 1439 1488 1489 1440 
1520 1440 1489 1490 1441 
1521 1441 1490 1491 1442 
1522 1442 1491 1492 1443 
1523 1443 1492 1493 1444 
1524 1444 1493 1494 1445 
1525 1445 1494 1495 1446 
1526 1446 1495 1496 1447 
1527 1447 1496 1497 1448 
1528 1448 1497 1498 1449 
1529 1449 1498 1499 1450 
1530 1450 1499 1500 1451 
1531 1451 1500 1501 1452 
1532 1452 1501 1502 1453 
1533 1453 1502 1503 1454 
1534 1454 1503 1504 1455 
1535 1455 1504 1505 1456 
1536 1456 1505 1506 1457 
1537 1457 1506 1507 1458 
1538 1458 1507 1508 1459 
1539 1459 1508 1509 1460 
1540 1460 1509 1510 1461 
1541 1461 1510 1511 1462 
1542 1462 1511 1512 1463 
1543 1463 1512 1513 1464 
1544 1464 1513 1514 1465 
1545 1465 1514 1515 1466 
1546 1466 1515 1516 1467 
1547 1467 1516 1517 1468 
1548 1468 1517 1518 1469 
1549 1469 1518 1519 1470 
1550 1470 1519 1520 1471 
1551 1471 1520 1521 1472 
1552 1472 1521 1522 1473 
1553 1473 1522 1523 1474 
1554 1474 1523 125 126 
1555 31 32 1524 1475 
1556 1475 1524 1525 1476 
1557 1476 1525 1526 1477 
1558 1477 1526 1527 1478 
1559 1478 1527 1528 1479 
1560 1479 1528 1529 1480 
1561 1480 1529 1530 1481 
1562 1481 1530 1531 1482 
1563 1482 1531 1532 1483 
1564 1483 1532 1533 1484 
1565 1484 1533 1534 1485 
1566 1485 1534 1535 1486 
1567 1486 1535 1536 1487 
1568 1487 1536 1537 1488 
1569 1488 1537 1538 1489 
1570 1489 1538 1539 1490 
1571 1490 1539 1540 1491 
1572 1491 1540 1541 1492 
1573 1492 1541 1542 1493 
1574 1493 1542 1543 1494 
1575 1494 1543 1544 1495 
1576 1495 1544 1545 1496 
1577 1496 1545 1546 1497 
1578 1497 1546 1547 1498 
1579 1498 1547 1548 1499 
1580 1499 1548 1549 1500 
1581 1500 1549 1550 1501 
1582 1501 1550 1551 1502 
1583 1502 1551 1552 1503 
1584 1503 1552 1553 1504 
1585 1504 1553 1554 1505 
1586 1505 1554 1555 1506 
1587 1506 1555 1556 1507 
1588 1507 1556 1557 1508 
1589 1508 1557 1558 1509 
1590 1509 1558 1559 1510 
1591 1510 1559 1560 1511 
1592 1511 1560 1561 1512 
1593 1512 1561 1562 1513 
1594 1513 1562 1563 1514 
1595 1514 1563 1564 1515 
1596 1515 1564 1565 1516 
1597 1516 1565 1566 1517 
1598 1517 1566 1567 1518 
1599 1518 1567 1568 1519 
1600 1519 1568 1569 1520 
1601 1520 1569 1570 1521 
1602 1521 1570 1571 1522 
1603 1522 1571 1572 1523 
1604 1523 1572 124 125 
1605 32 33 1573 1524 
1606 1524 1573 1574 1525 
1607 1525 1574 1575 1526 
1608 1526 1575 1576 1527 
1609 1527 1576 1577 1528 
1610 1528 1577 1578 1529 
1611 1529 1578 1579 1530 
1612 1530 1579 1580 1531 
1613 1531 1580 1581 1532 
1614 1532 1581 1582 1533 
1615 1533 1582 1583 1534 
1616 1534 1583 1584 1535 
1617 1535 1584 1585 1536 
1618 1536 1585 1586 1537 
1619 1537 1586 1587 1538 
1620 1538 1587 1588 1539 
1621 1539 1588 1589 1540 
1622 1540 1589 1590 1541 
1623 1541 1590 1591 1542 
1624 1542 1591 1592 1543 
1625 1543 1592 1593 1544 
1626 1544 1593 1594 1545 
1627 1545 1594 1595 1546 
1628 1546 1595 1596 1547 
1629 1547 1596 1597 1548 
1630 1548 1597 1598 1549 
1631 1549 1598 1599 1550 
1632 1550 1599 1600 1551 
1633 1551 1600 1601 1552 
1634 1552 1601 1602 1553 
1635 1553 1602 1603 1554 
1636 1554 1603 1604 1555 
1637 1555 1604 1605 1556 
1638 1556 1605 1606 1557 
1639 1557 1606 1607 1558 
1640 1558 1607 1608 1559 
1641 1559 1608 1609 1560 
1642 1560 1609 1610 1561 
1643 1561 1610 1611 1562 
1644 1562 1611 1612 1563 
1645 1563 1612 1613 1564 
1646 1564 1613 1614 1565 
1647 1565 1614 1615 1566 
1648 1566 1615 1616 1567 
1649 1567 1616 1617 1568 
1650 1568 1617 1618 1569 
1651 1569 1618 1619 1570 
1652 1570 1619 1620 1571 
1653 1571 1620 1621 1572 
1654 1572 1621 123 124 
1655 33 34 1622 1573 
1656 1573 1622 1623 1574 
1657 1574 1623 1624 1575 
1658 1575 1624 1625 1576 
1659 1576 1625 1626 1577 
1660 1577 1626 1627 1578 
1661 1578 1627 1628 1579 
1662 1579 1628 1629 1580 
1663 1580 1629 1630 1581 
1664 1581 1630 1631 1582 
1665 1582 1631 1632 1583 
1666 1583 1632 1633 1584 
1667 1584 1633 1634 1585 
1668 1585 1634 1635 1586 
1669 1586 1635 1636 1587 
1670 1587 1636 1637 1588 
1671 1588 1637 1638 1589 
1672 1589 1638 1639 1590 
1673 1590 1639 1640 1591 
1674 1591 1640 1641 1592 
1675 1592 1641 1642 1593 
1676 1593 1642 1643 1594 
1677 1594 1643 1644 1595 
1678 1595 1644 1645 1596 
1679 1596 1645 1646 1597 
1680 1597 1646 1647 1598 
1681 1598 1647 1648 1599 
1682 1599 1648 1649 1600 
1683 1600 1649 1650 1601 
1684 1601 1650 1651 1602 
1685 1602 1651 1652 1603 
1686 1603 1652 1653 1604 
1687 1604 1653 1654 1605 
1688 1605 1654 1655 1606 
1689 1606 1655 1656 1607 
1690 1607 1656 1657 1608 
1691 1608 1657 1658 1609 
1692 1609 1658 1659 1610 
1693 1610 1659 1660 1611 
1694 1611 1660 1661 1612 
1695 1612 1661 1662 1613 
1696 1613 1662 1663 1614 
1697 1614 1663 1664 1615 
1698 1615 1664 1665 1616 
1699 1616 1665 1666 1617 
1700 1617 1666 1667 1618 
1701 1618 1667 1668 1619 
1702 1619 1668 1669 1620 
1703 1620 1669 1670 1621 
1704 1621 1670 122 123 
1705 34 35 1671 1622 
1706 1622 1671 1672 1623 
1707 1623 1672 1673 1624 
1708 1624 1673 1674 1625 
1709 1625 1674 1675 1626 
1710 1626 1675 1676 1627 
1711 1627 1676 1677 1628 
1712 1628 1677 1678 1629 
1713 1629 1678 1679 1630 
1714 1630 1679 1680 1631 
1715 1631 1680 1681 1632 
1716 1632 1681 1682 1633 
1717 1633 1682 1683 1634 
1718 1634 1683 1684 1635 
1719 1635 1684 1685 1636 
1720 1636 1685 1686 1637 
1721 1637 1686 1687 1638 
1722 1638 1687 1688 1639 
1723 1639 1688 1689 1640 
1724 1640 1689 1690 1641 
1725 1641 1690 1691 1642 
1726 1642 1691 1692 1643 
1727 1643 1692 1693 1644 
1728 1644 1693 1694 1645 
1729 1645 1694 1695 1646 
1730 1646 1695 1696 1647 
1731 1647 1696 1697 1648 
1732 1648 1697 1698 1649 
1733 1649 1698 1699 1650 
1734 1650 1699 1700 1651 
1735 1651 1700 1701 1652 
1736 1652 1701 1702 1653 
1737 1653 1702 1703 1654 
1738 1654 1703 1704 1655 
1739 1655 1704 1705 1656 
1740 1656 1705 1706 1657 
1741 1657 1706 1707 1658 
1742 1658 1707 1708 1659 
1743 1659 1708 1709 1660 
1744 1660 1709 1710 1661 
1745 1661 1710 1711 1662 
1746 1662 1711 1712 1663 
1747 1663 1712 1713 1664 
1748 1664 1713 1714 1665 
1749 1665 1714 1715 1666 
1750 1666 1715 1716 1667 
1751 1667 1716 1717 1668 
1752 1668 1717 1718 1669 
1753 1669 1718 1719 1670 
1754 1670 1719 121 122 
1755 35 36 1720 1671 
1756 1671 1720 1721 1672 
1757 1672 1721 1722 1673 
1758 1673 1722 1723 1674 
1759 1674 1723 1724 1675 
1760 1675 1724 1725 1676 
1761 1676 1725 1726 1677 
1762 1677 1726 1727 1678 
1763 1678 1727 1728 1679 
1764 1679 1728 1729 1680 
1765 1680 1729 1730 1681 
1766 1681 1730 1731 1682 
1767 1682 1731 1732 1683 
1768 1683 1732 1733 1684 
1769 1684 1733 1734 1685 
1770 1685 1734 1735 1686 
1771 1686 1735 1736 1687 
1772 1687 1736 1737 1688 
1773 1688 1737 1738 1689 
1774 1689 1738 1739 1690 
1775 1690 1739 1740 1691 
1776 1691 1740 1741 1692 
1777 1692 1741 1742 1693 
1778 1693 1742 1743 1694 
1779 1694 1743 1744 1695 
1780 1695 1744 1745 1696 
1781 1696 1745 1746 1697 
1782 1697 1746 1747 1698 
1783 1698 1747 1748 1699 
1784 1699 1748 1749 1700 
1785 1700 1749 1750 1701 
1786 1701 1750 1751 1702 
1787 1702 1751 1752 1703 
1788 1703 1752 1753 1704 
1789 1704 1753 1754 1705 
1790 1705 1754 1755 1706 
1791 1706 1755 1756 1707 
1792 1707 1756 1757 1708 
1793 1708 1757 1758 1709 
1794 1709 1758 1759 1710 
1795 1710 1759 1760 1711 
1796 1711 1760 1761 1712 
1797 1712 1761 1762 1713 
1798 1713 1762 1763 1714 
1799 1714 1763 1764 1715 
1800 1715 1764 1765 1716 
1801 1716 1765 1766 1717 
1802 1717 1766 1767 1718 
1803 1718 1767 1768 1719 
1804 1719 1768 120 121 
1805 36 37 1769 1720 
1806 1720 1769 1770 1721 
1807 1721 1770 1771 1722 
1808 1722 1771 1772 1723 
1809 1723 1772 1773 1724 
1810 1724 1773 1774 1725 
1811 1725 1774 1775 1726 
1812 1726 1775 1776 1727 
1813 1727 1776 1777 1728 
1814 1728 1777 1778 1729 
1815 1729 1778 1779 1730 
1816 1730 1779 1780 1731 
1817 1731 1780 1781 1732 
1818 1732 1781 1782 1733 
1819 1733 1782 1783 1734 
1820 1734 1783 1784 1735 
1821 1735 1784 1785 1736 
1822 1736 1785 1786 1737 
1823 1737 1786 1787 1738 
1824 1738 1787 1788 1739 
1825 1739 1788 1789 1740 
1826 1740 1789 1790 1741 
1827 1741 1790 1791 1742 
1828 1742 1791 1792 1743 
1829 1743 1792 1793 1744 
1830 1744 1793 1794 1745 
1831 1745 1794 1795 1746 
1832 1746 1795 1796 1747 
1833 1747 1796 1797 1748 
1834 1748 1797 1798 1749 
1835 1749 1798 1799 1750 
1836 1750 1799 1800 1751 
1837 1751 1800 1801 1752 
1838 1752 1801 1802 1753 
1839 1753 1802 1803 1754 
1840 1754 1803 1804 1755 
1841 1755 1804 1805 1756 
1842 1756 1805 1806 1757 
1843 1757 1806 1807 1758 
1844 1758 1807 1808 1759 
1845 1759 1808 1809 1760 
1846 1760 1809 1810 1761 
1847 1761 1810 1811 1762 
1848 1762 1811 1812 1763 
1849 1763 1812 1813 1764 
1850 1764 1813 1814 1765 
1851 1765 1814 1815 1766 
1852 1766 1815 1816 1767 
1853 1767 1816 1817 1768 
1854 1768 1817 119 120 
1855 37 38 1818 1769 
1856 1769 1818 1819 1770 
1857 1770 1819 1820 1771 
1858 1771 1820 1821 1772 
1859 1772 1821 1822 1773 
1860 1773 1822 1823 1774 
1861 1774 1823 1824 1775 
1862 1775 1824 1825 1776 
1863 1776 1825 1826 1777 
1864 1777 1826 1827 1778 
1865 1778 1827 1828 1779 
1866 1779 1828 1829 1780 
1867 1780 1829 1830 1781 
1868 1781 1830 1831 1782 
1869 1782 1831 1832 1783 
1870 1783 1832 1833 1784 
1871 1784 1833 1834 1785 
1872 1785 1834 1835 1786 
1873 1786 1835 1836 1787 
1874 1787 1836 1837 1788 
1875 1788 1837 1838 1789 
1876 1789 1838 1839 1790 
1877 1790 1839 1840 1791 
1878 1791 1840 1841 1792 
1879 1792 1841 1842 1793 
1880 1793 1842 1843 1794 
1881 1794 1843 1844 1795 
1882 1795 1844 1845 1796 
1883 1796 1845 1846 1797 
1884 1797 1846 1847 1798 
1885 1798 1847 1848 1799 
1886 1799 1848 1849 1800 
1887 1800 1849 1850 1801 
1888 1801 1850 1851 1802 
1889 1802 1851 1852 1803 
1890 1803 1852 1853 1804 
1891 1804 1853 1854 1805 
1892 1805 1854 1855 1806 
1893 1806 1855 1856 1807 
1894 1807 1856 1857 1808 
1895 1808 1857 1858 1809 
1896 1809 1858 1859 1810 
1897 1810 1859 1860 1811 
1898 1811 1860 1861 1812 
1899 1812 1861 1862 1813 
1900 1813 1862 1863 1814 
1901 1814 1863 1864 1815 
1902 1815 1864 1865 1816 
1903 1816 1865 1866 1817 
1904 1817 1866 118 119 
1905 38 39 1867 1818 
1906 1818 1867 1868 1819 
1907 1819 1868 1869 1820 
1908 1820 1869 1870 1821 
1909 1821 1870 1871 1822 
1910 1822 1871 1872 1823 
1911 1823 1872 1873 1824 
1912 1824 1873 1874 1825 
1913 1825 1874 1875 1826 
1914 1826 1875 1876 1827 
1915 1827 1876 1877 1828 
1916 1828 1877 1878 1829 
1917 1829 1878 1879 1830 
1918 1830 1879 1880 1831 
1919 1831 1880 1881 1832 
1920 1832 1881 1882 1833 
1921 1833 1882 1883 1834 
1922 1834 1883 1884 1835 
1923 1835 1884 1885 1836 
1924 1836 1885 1886 1837 
1925 1837 1886 1887 1838 
1926 1838 1887 1888 1839 
1927 1839 1888 1889 1840 
1928 1840 1889 1890 1841 
1929 1841 1890 1891 1842 
1930 1842 1891 1892 1843 
1931 1843 1892 1893 1844 
1932 1844 1893 1894 1845 
1933 1845 1894 1895 1846 
1934 1846 1895 1896 1847 
1935 1847 1896 1897 1848 
1936 1848 1897 1898 1849 
1937 1849 1898 1899 1850 
1938 1850 1899 1900 1851 
1939 1851 1900 1901 1852 
1940 1852 1901 1902 1853 
1941 1853 1902 1903 1854 
1942 1854 1903 1904 1855 
1943 1855 1904 1905 1856 
1944 1856 1905 1906 1857 
1945 1857 1906 1907 1858 
1946 1858 1907 1908 1859 
1947 1859 1908 1909 1860 
1948 1860 1909 1910 1861 
1949 1861 1910 1911 1862 
1950 1862 1911 1912 1863 
1951 1863 1912 1913 1864 
1952 1864 1913 1914 1865 
1953 1865 1914 1915 1866 
1954 1866 1915 117 118 
1955 39 40 1916 1867 
1956 1867 1916 1917 1868 
1957 1868 1917 1918 1869 
1958 1869 1918 1919 1870 
1959 1870 1919 1920 1871 
1960 1871 1920 1921 1872 
1961 1872 1921 1922 1873 
1962 1873 1922 1923 1874 
1963 1874 1923 1924 1875 
1964 1875 1924 1925 1876 
1965 1876 1925 1926 1877 
1966 1877 1926 1927 1878 
1967 1878 1927 1928 1879 
1968 1879 1928 1929 1880 
1969 1880 1929 1930 1881 
1970 1881 1930 1931 1882 
1971 1882 1931 1932 1883 
1972 1883 1932 1933 1884 
1973 1884 1933 1934 1885 
1974 1885 1934 1935 1886 
1975 1886 1935 1936 1887 
1976 1887 1936 1937 1888 
1977 1888 1937 1938 1889 
1978 1889 1938 1939 1890 
1979 1890 1939 1940 1891 
1980 1891 1940 1941 1892 
1981 1892 1941 1942 1893 
1982 1893 1942 1943 1894 
1983 1894 1943 1944 1895 
1984 1895 1944 1945 1896 
1985 1896 1945 1946 1897 
1986 1897 1946 1947 1898 
1987 1898 1947 1948 1899 
1988 1899 1948 1949 1900 
1989 1900 1949 1950 1901 
1990 1901 1950 1951 1902 
1991 1902 1951 1952 1903 
1992 1903 1952 1953 1904 
1993 1904 1953 1954 1905 
1994 1905 1954 1955 1906 
1995 1906 1955 1956 1907 
1996 1907 1956 1957 1908 
1997 1908 1957 1958 1909 
1998 1909 1958 1959 1910 
1999 1910 1959 1960 1911 
2000 1911 1960 1961 1912 
2001 1912 1961 1962 1913 
2002 1913 1962 1963 1914 
2003 1914 1963 1964 1915 
2004 1915 1964 116 117 
2005 40 41 1965 1916 
2006 1916 1965 1966 1917 
2007 1917 1966 1967 1918 
2008 1918 1967 1968 1919 
2009 1919 1968 1969 1920 
2010 1920 1969 1970 1921 
2011 1921 1970 1971 1922 
2012 1922 1971 1972 1923 
2013 1923 1972 1973 1924 
2014 1924 1973 1974 1925 
2015 1925 1974 1975 1926 
2016 1926 1975 1976 1927 
2017 1927 1976 1977 1928 
2018 1928 1977 1978 1929 
2019 1929 1978 1979 1930 
2020 1930 1979 1980 1931 
2021 1931 1980 1981 1932 
2022 1932 1981 1982 1933 
2023 1933 1982 1983 1934 
2024 1934 1983 1984 1935 
2025 1935 1984 1985 1936 
2026 1936 1985 1986 1937 
2027 1937 1986 1987 1938 
2028 1938 1987 1988 1939 
2029 1939 1988 1989 1940 
2030 1940 1989 1990 1941 
2031 1941 1990 1991 1942 
2032 1942 1991 1992 1943 
2033 1943 1992 1993 1944 
2034 1944 1993 1994 1945 
2035 1945 1994 1995 1946 
2036 1946 1995 1996 1947 
2037 1947 1996 1997 1948 
2038 1948 1997 1998 1949 
2039 1949 1998 1999 1950 
2040 1950 1999 2000 1951 
2041 1951 2000 2001 1952 
2042 1952 2001 2002 1953 
2043 1953 2002 2003 1954 
2044 1954 2003 2004 1955 
2045 1955 2004 2005 1956 
2046 1956 2005 2006 1957 
2047 1957 2006 2007 1958 
2048 1958 2007 2008 1959 
2049 1959 2008 2009 1960 
2050 1960 2009 2010 1961 
2051 1961 2010 2011 1962 
2052 1962 2011 2012 1963 
2053 1963 2012 2013 1964 
2054 1964 2013 115 116 
2055 41 42 2014 1965 
2056 1965 2014 2015 1966 
2057 1966 2015 2016 1967 
2058 1967 2016 2017 1968 
2059 1968 2017 2018 1969 
2060 1969 2018 2019 1970 
2061 1970 2019 2020 1971 
2062 1971 2020 2021 1972 
2063 1972 2021 2022 1973 
2064 1973 2022 2023 1974 
2065 1974 2023 2024 1975 
2066 1975 2024 2025 1976 
2067 1976 2025 2026 1977 
2068 1977 2026 2027 1978 
2069 1978 2027 2028 1979 
2070 1979 2028 2029 1980 
2071 1980 2029 2030 1981 
2072 1981 2030 2031 1982 
2073 1982 2031 2032 1983 
2074 1983 2032 2033 1984 
2075 1984 2033 2034 1985 
2076 1985 2034 2035 1986 
2077 1986 2035 2036 1987 
2078 1987 2036 2037 1988 
2079 1988 2037 2038 1989 
2080 1989 2038 2039 1990 
2081 1990 2039 2040 1991 
2082 1991 2040 2041 1992 
2083 1992 2041 2042 1993 
2084 1993 2042 2043 1994 
2085 1994 2043 2044 1995 
2086 1995 2044 2045 1996 
2087 1996 2045 2046 1997 
2088 1997 2046 2047 1998 
2089 1998 2047 2048 1999 
2090 1999 2048 2049 2000 
2091 2000 2049 2050 2001 
2092 2001 2050 2051 2002 
2093 2002 2051 2052 2003 
2094 2003 2052 2053 2004 
2095 2004 2053 2054 2005 
2096 2005 2054 2055 2006 
2097 2006 2055 2056 2007 
2098 2007 2056 2057 2008 
2099 2008 2057 2058 2009 
2100 2009 2058 2059 2010 
2101 2010 2059 2060 2011 
2102 2011 2060 2061 2012 
2103 2012 2061 2062 2013 
2104 2013 2062 114 115 
2105 42 43 2063 2014 
2106 2014 2063 2064 2015 
2107 2015 2064 2065 2016 
2108 2016 2065 2066 2017 
2109 2017 2066 2067 2018 
2110 2018 2067 2068 2019 
2111 2019 2068 2069 2020 
2112 2020 2069 2070 2021 
2113 2021 2070 2071 2022 
2114 2022 2071 2072 2023 
2115 2023 2072 2073 2024 
2116 2024 2073 2074 2025 
2117 2025 2074 2075 2026 
2118 2026 2075 2076 2027 
2119 2027 2076 2077 2028 
2120 2028 2077 2078 2029 
2121 2029 2078 2079 2030 
2122 2030 2079 2080 2031 
2123 2031 2080 2081 2032 
2124 2032 2081 2082 2033 
2125 2033 2082 2083 2034 
2126 2034 2083 2084 2035 
2127 2035 2084 2085 2036 
2128 2036 2085 2086 2037 
2129 2037 2086 2087 2038 
2130 2038 2087 2088 2039 
2131 2039 2088 2089 2040 
2132 2040 2089 2090 2041 
2133 2041 2090 2091 2042 
2134 2042 2091 2092 2043 
2135 2043 2092 2093 2044 
2136 2044 2093 2094 2045 
2137 2045 2094 2095 2046 
2138 2046 2095 2096 2047 
2139 2047 2096 2097 2048 
2140 2048 2097 2098 2049 
2141 2049 2098 2099 2050 
2142 2050 2099 2100 2051 
2143 2051 2100 2101 2052 
2144 2052 2101 2102 2053 
2145 2053 2102 2103 2054 
2146 2054 2103 2104 2055 
2147 2055 2104 2105 2056 
2148 2056 2105 2106 2057 
2149 2057 2106 2107 2058 
2150 2058 2107 2108 2059 
2151 2059 2108 2109 2060 
2152 2060 2109 2110 2061 
2153 2061 2110 2111 2062 
2154 2062 2111 113 114 
2155 43 44 2112 2063 
2156 2063 2112 2113 2064 
2157 2064 2113 2114 2065 
2158 2065 2114 2115 2066 
2159 2066 2115 2116 2067 
2160 2067 2116 2117 2068 
2161 2068 2117 2118 2069 
2162 2069 2118 2119 2070 
2163 2070 2119 2120 2071 
2164 2071 2120 2121 2072 
2165 2072 2121 2122 2073 
2166 2073 2122 2123 2074 
2167 2074 2123 2124 2075 
2168 2075 2124 2125 2076 
2169 2076 2125 2126 2077 
2170 2077 2126 2127 2078 
2171 2078 2127 2128 2079 
2172 2079 2128 2129 2080 
2173 2080 2129 2130 2081 
2174 2081 2130 2131 2082 
2175 2082 2131 2132 2083 
2176 2083 2132 2133 2084 
2177 2084 2133 2134 2085 
2178 2085 2134 2135 2086 
2179 2086 2135 2136 2087 
2180 2087 2136 2137 2088 
2181 2088 2137 2138 2089 
2182 2089 2138 2139 2090 
2183 2090 2139 2140 2091 
2184 2091 2140 2141 2092 
2185 2092 2141 2142 2093 
2186 2093 2142 2143 2094 
2187 2094 2143 2144 2095 
2188 2095 2144 2145 2096 
2189 2096 2145 2146 2097 
2190 2097 2146 2147 2098 
2191 2098 2147 2148 2099 
2192 2099 2148 2149 2100 
2193 2100 2149 2150 2101 
2194 2101 2150 2151 2102 
2195 2102 2151 2152 2103 
2196 2103 2152 2153 2104 
2197 2104 2153 2154 2105 
2198 2105 2154 2155 2106 
2199 2106 2155 2156 2107 
2200 2107 2156 2157 2108 
2201 2108 2157 2158 2109 
2202 2109 2158 2159 2110 
2203 2110 2159 2160 2111 
2204 2111 2160 112 113 
2205 44 45 2161 2112 
2206 2112 2161 2162 2113 
2207 2113 2162 2163 2114 
2208 2114 2163 2164 2115 
2209 2115 2164 2165 2116 
2210 2116 2165 2166 2117 
2211 2117 2166 2167 2118 
2212 2118 2167 2168 2119 
2213 2119 2168 2169 2120 
2214 2120 2169 2170 2121 
2215 2121 2170 2171 2122 
2216 2122 2171 2172 2123 
2217 2123 2172 2173 2124 
2218 2124 2173 2174 2125 
2219 2125 2174 2175 2126 
2220 2126 2175 2176 2127 
2221 2127 2176 2177 2128 
2222 2128 2177 2178 2129 
2223 2129 2178 2179 2130 
2224 2130 2179 2180 2131 
2225 2131 2180 2181 2132 
2226 2132 2181 2182 2133 
2227 2133 2182 2183 2134 
2228 2134 2183 2184 2135 
2229 2135 2184 2185 2136 
2230 2136 2185 2186 2137 
2231 2137 2186 2187 2138 
2232 2138 2187 2188 2139 
2233 2139 2188 2189 2140 
2234 2140 2189 2190 2141 
2235 2141 2190 2191 2142 
2236 2142 2191 2192 2143 
2237 2143 2192 2193 2144 
2238 2144 2193 2194 2145 
2239 2145 2194 2195 2146 
2240 2146 2195 2196 2147 
2241 2147 2196 2197 2148 
2242 2148 2197 2198 2149 
2243 2149 2198 2199 2150 
2244 2150 2199 2200 2151 
2245 2151 2200 2201 2152 
2246 2152 2201 2202 2153 
2247 2153 2202 2203 2154 
2248 2154 2203 2204 2155 
2249 2155 2204 2205 2156 
2250 2156 2205 2206 2157 
2251 2157 2206 2207 2158 
2252 2158 2207 2208 2159 
2253 2159 2208 2209 2160 
2254 2160 2209 111 112 
2255 45 46 2210 2161 
2256 2161 2210 2211 2162 
2257 2162 2211 2212 2163 
2258 2163 2212 2213 2164 
2259 2164 2213 2214 2165 
2260 2165 2214 2215 2166 
2261 2166 2215 2216 2167 
2262 2167 2216 2217 2168 
2263 2168 2217 2218 2169 
2264 2169 2218 2219 2170 
2265 2170 2219 2220 2171 
2266 2171 2220 2221 2172 
2267 2172 2221 2222 2173 
2268 2173 2222 2223 2174 
2269 2174 2223 2224 2175 
2270 2175 2224 2225 2176 
2271 2176 2225 2226 2177 
2272 2177 2226 2227 2178 
2273 2178 2227 2228 2179 
2274 2179 2228 2229 2180 
2275 2180 2229 2230 2181 
2276 2181 2230 2231 2182 
2277 2182 2231 2232 2183 
2278 2183 2232 2233 2184 
2279 2184 2233 2234 2185 
2280 2185 2234 2235 2186 
2281 2186 2235 2236 2187 
2282 2187 2236 2237 2188 
2283 2188 2237 2238 2189 
2284 2189 2238 2239 2190 
2285 2190 2239 2240 2191 
2286 2191 2240 2241 2192 
2287 2192 2241 2242 2193 
2288 2193 2242 2243 2194 
2289 2194 2243 2244 2195 
2290 2195 2244 2245 2196 
2291 2196 2245 2246 2197 
2292 2197 2246 2247 2198 
2293 2198 2247 2248 2199 
2294 2199 2248 2249 2200 
2295 2200 2249 2250 2201 
2296 2201 2250 2251 2202 
2297 2202 2251 2252 2203 
2298 2203 2252 2253 2204 
2299 2204 2253 2254 2205 
2300 2205 2254 2255 2206 
2301 2206 2255 2256 2207 
2302 2207 2256 2257 2208 
2303 2208 2257 2258 2209 
2304 2209 2258 110 111 
2305 46 47 2259 2210 
2306 2210 2259 2260 2211 
2307 2211 2260 2261 2212 
2308 2212 2261 2262 2213 
2309 2213 2262 2263 2214 
2310 2214 2263 2264 2215 
2311 2215 2264 2265 2216 
2312 2216 2265 2266 2217 
2313 2217 2266 2267 2218 
2314 2218 2267 2268 2219 
2315 2219 2268 2269 2220 
2316 2220 2269 2270 2221 
2317 2221 2270 2271 2222 
2318 2222 2271 2272 2223 
2319 2223 2272 2273 2224 
2320 2224 2273 2274 2225 
2321 2225 2274 2275 2226 
2322 2226 2275 2276 2227 
2323 2227 2276 2277 2228 
2324 2228 2277 2278 2229 
2325 2229 2278 2279 2230 
2326 2230 2279 2280 2231 
2327 2231 2280 2281 2232 
2328 2232 2281 2282 2233 
2329 2233 2282 2283 2234 
2330 2234 2283 2284 2235 
2331 2235 2284 2285 2236 
2332 2236 2285 2286 2237 
2333 2237 2286 2287 2238 
2334 2238 2287 2288 2239 
2335 2239 2288 2289 2240 
2336 2240 2289 2290 2241 
2337 2241 2290 2291 2242 
2338 2242 2291 2292 2243 
2339 2243 2292 2293 2244 
2340 2244 2293 2294 2245 
2341 2245 2294 2295 2246 
2342 2246 2295 2296 2247 
2343 2247 2296 2297 2248 
2344 2248 2297 2298 2249 
2345 2249 2298 2299 2250 
2346 2250 2299 2300 2251 
2347 2251 2300 2301 2252 
2348 2252 2301 2302 2253 
2349 2253 2302 2303 2254 
2350 2254 2303 2304 2255 
2351 2255 2304 2305 2256 
2352 2256 2305 2306 2257 
2353 2257 2306 2307 2258 
2354 2258 2307 109 110 
2355 47 48 2308 2259 
2356 2259 2308 2309 2260 
2357 2260 2309 2310 2261 
2358 2261 2310 2311 2262 
2359 2262 2311 2312 2263 
2360 2263 2312 2313 2264 
2361 2264 2313 2314 2265 
2362 2265 2314 2315 2266 
2363 2266 2315 2316 2267 
2364 2267 2316 2317 2268 
2365 2268 2317 2318 2269 
2366 2269 2318 2319 2270 
2367 2270 2319 2320 2271 
2368 2271 2320 2321 2272 
2369 2272 2321 2322 2273 
2370 2273 2322 2323 2274 
2371 2274 2323 2324 2275 
2372 2275 2324 2325 2276 
2373 2276 2325 2326 2277 
2374 2277 2326 2327 2278 
2375 2278 2327 2328 2279 
2376 2279 2328 2329 2280 
2377 2280 2329 2330 2281 
2378 2281 2330 2331 2282 
2379 2282 2331 2332 2283 
2380 2283 2332 2333 2284 
2381 2284 2333 2334 2285 
2382 2285 2334 2335 2286 
2383 2286 2335 2336 2287 
2384 2287 2336 2337 2288 
2385 2288 2337 2338 2289 
2386 2289 2338 2339 2290 
2387 2290 2339 2340 2291 
2388 2291 2340 2341 2292 
2389 2292 2341 2342 2293 
2390 2293 2342 2343 2294 
2391 2294 2343 2344 2295 
2392 2295 2344 2345 2296 
2393 2296 2345 2346 2297 
2394 2297 2346 2347 2298 
2395 2298 2347 2348 2299 
2396 2299 2348 2349 2300 
2397 2300 2349 2350 2301 
2398 2301 2350 2351 2302 
2399 2302 2351 2352 2303 
2400 2303 2352 2353 2304 
2401 2304 2353 2354 2305 
2402 2305 2354 2355 2306 
2403 2306 2355 2356 2307 
2404 2307 2356 108 109 
2405 48 49 2357 2308 
2406 2308 2357 2358 2309 
2407 2309 2358 2359 2310 
2408 2310 2359 2360 2311 
2409 2311 2360 2361 2312 
2410 2312 2361 2362 2313 
2411 2313 2362 2363 2314 
2412 2314 2363 2364 2315 
2413 2315 2364 2365 2316 
2414 2316 2365 2366 2317 
2415 2317 2366 2367 2318 
2416 2318 2367 2368 2319 
2417 2319 2368 2369 2320 
2418 2320 2369 2370 2321 
2419 2321 2370 2371 2322 
2420 2322 2371 2372 2323 
2421 2323 2372 2373 2324 
2422 2324 2373 2374 2325 
2423 2325 2374 2375 2326 
2424 2326 2375 2376 2327 
2425 2327 2376 2377 2328 
2426 2328 2377 2378 2329 
2427 2329 2378 2379 2330 
2428 2330 2379 2380 2331 
2429 2331 2380 2381 2332 
2430 2332 2381 2382 2333 
2431 2333 2382 2383 2334 
2432 2334 2383 2384 2335 
2433 2335 2384 2385 2336 
2434 2336 2385 2386 2337 
2435 2337 2386 2387 2338 
2436 2338 2387 2388 2339 
2437 2339 2388 2389 2340 
2438 2340 2389 2390 2341 
2439 2341 2390 2391 2342 
2440 2342 2391 2392 2343 
2441 2343 2392 2393 2344 
2442 2344 2393 2394 2345 
2443 2345 2394 2395 2346 
2444 2346 2395 2396 2347 
2445 2347 2396 2397 2348 
2446 2348 2397 2398 2349 
2447 2349 2398 2399 2350 
2448 2350 2399 2400 2351 
2449 2351 2400 2401 2352 
2450 2352 2401 2402 2353 
2451 2353 2402 2403 2354 
2452 2354 2403 2404 2355 
2453 2355 2404 2405 2356 
2454 2356 2405 107 108 
2455 49 50 2406 2357 
2456 2357 2406 2407 2358 
2457 2358 2407 2408 2359 
2458 2359 2408 2409 2360 
2459 2360 2409 2410 2361 
2460 2361 2410 2411 2362 
2461 2362 2411 2412 2363 
2462 2363 2412 2413 2364 
2463 2364 2413 2414 2365 
2464 2365 2414 2415 2366 
2465 2366 2415 2416 2367 
2466 2367 2416 2417 2368 
2467 2368 2417 2418 2369 
2468 2369 2418 2419 2370 
2469 2370 2419 2420 2371 
2470 2371 2420 2421 2372 
2471 2372 2421 2422 2373 
2472 2373 2422 2423 2374 
2473 2374 2423 2424 2375 
2474 2375 2424 2425 2376 
2475 2376 2425 2426 2377 
2476 2377 2426 2427 2378 
2477 2378 2427 2428 2379 
2478 2379 2428 2429 2380 
2479 2380 2429 2430 2381 
2480 2381 2430 2431 2382 
2481 2382 2431 2432 2383 
2482 2383 2432 2433 2384 
2483 2384 2433 2434 2385 
2484 2385 2434 2435 2386 
2485 2386 2435 2436 2387 
2486 2387 2436 2437 2388 
2487 2388 2437 2438 2389 
2488 2389 2438 2439 2390 
2489 2390 2439 2440 2391 
2490 2391 2440 2441 2392 
2491 2392 2441 2442 2393 
2492 2393 2442 2443 2394 
2493 2394 2443 2444 2395 
2494 2395 2444 2445 2396 
2495 2396 2445 2446 2397 
2496 2397 2446 2447 2398 
2497 2398 2447 2448 2399 
2498 2399 2448 2449 2400 
2499 2400 2449 2450 2401 
2500 2401 2450 2451 2402 
2501 2402 2451 2452 2403 
2502 2403 2452 2453 2404 
2503 2404 2453 2454 2405 
2504 2405 2454 106 107 
2505 50 51 2455 2406 
2506 2406 2455 2456 2407 
2507 2407 2456 2457 2408 
2508 2408 2457 2458 2409 
2509 2409 2458 2459 2410 
2510 2410 2459 2460 2411 
2511 2411 2460 2461 2412 
2512 2412 2461 2462 2413 
2513 2413 2462 2463 2414 
2514 2414 2463 2464 2415 
2515 2415 2464 2465 2416 
2516 2416 2465 2466 2417 
2517 2417 2466 2467 2418 
2518 2418 2467 2468 2419 
2519 2419 2468 2469 2420 
2520 2420 2469 2470 2421 
2521 2421 2470 2471 2422 
2522 2422 2471 2472 2423 
2523 2423 2472 2473 2424 
2524 2424 2473 2474 2425 
2525 2425 2474 2475 2426 
2526 2426 2475 2476 2427 
2527 2427 2476 2477 2428 
2528 2428 2477 2478 2429 
2529 2429 2478 2479 2430 
2530 2430 2479 2480 2431 
2531 2431 2480 2481 2432 
2532 2432 2481 2482 2433 
2533 2433 2482 2483 2434 
2534 2434 2483 2484 2435 
2535 2435 2484 2485 2436 
2536 2436 2485 2486 2437 
2537 2437 2486 2487 2438 
2538 2438 2487 2488 2439 
2539 2439 2488 2489 2440 
2540 2440 2489 2490 2441 
2541 2441 2490 2491 2442 
2542 2442 2491 2492 2443 
2543 2443 2492 2493 2444 
2544 2444 2493 2494 2445 
2545 2445 2494 2495 2446 
2546 2446 2495 2496 2447 
2547 2447 2496 2497 2448 
2548 2448 2497 2498 2449 
2549 2449 2498 2499 2450 
2550 2450 2499 2500 2451 
2551 2451 2500 2501 2452 
2552 2452 2501 2502 2453 
2553 2453 2502 2503 2454 
2554 2454 2503 105 106 
2555 51 52 2504 2455 
2556 2455 2504 2505 2456 
2557 2456 2505 2506 2457 
2558 2457 2506 2507 2458 
2559 2458 2507 2508 2459 
2560 2459 2508 2509 2460 
2561 2460 2509 2510 2461 
2562 2461 2510 2511 2462 
2563 2462 2511 2512 2463 
2564 2463 2512 2513 2464 
2565 2464 2513 2514 2465 
2566 2465 2514 2515 2466 
2567 2466 2515 2516 2467 
2568 2467 2516 2517 2468 
2569 2468 2517 2518 2469 
2570 2469 2518 2519 2470 
2571 2470 2519 2520 2471 
2572 2471 2520 2521 2472 
2573 2472 2521 2522 2473 
2574 2473 2522 2523 2474 
2575 2474 2523 2524 2475 
2576 2475 2524 2525 2476 
2577 2476 2525 2526 2477 
2578 2477 2526 2527 2478 
2579 2478 2527 2528 2479 
2580 2479 2528 2529 2480 
2581 2480 2529 2530 2481 
2582 2481 2530 2531 2482 
2583 2482 2531 2532 2483 
2584 2483 2532 2533 2484 
2585 2484 2533 2534 2485 
2586 2485 2534 2535 2486 
2587 2486 2535 2536 2487 
2588 2487 2536 2537 2488 
2589 2488 2537 2538 2489 
2590 2489 2538 2539 2490 
2591 2490 2539 2540 2491 
2592 2491 2540 2541 2492 
2593 2492 2541 2542 2493 
2594 2493 2542 2543 2494 
2595 2494 2543 2544 2495 
2596 2495 2544 2545 2496 
2597 2496 2545 2546 2497 
2598 2497 2546 2547 2498 
2599 2498 2547 2548 2499 
2600 2499 2548 2549 2500 
2601 2500 2549 2550 2501 
2602 2501 2550 2551 2502 
2603 2502 2551 2552 2503 
2604 2503 2552 104 105 
2605 52 53 2553 2504 
2606 2504 2553 2554 2505 
2607 2505 2554 2555 2506 
2608 2506 2555 2556 2507 
2609 2507 2556 2557 2508 
2610 2508 2557 2558 2509 
2611 2509 2558 2559 2510 
2612 2510 2559 2560 2511 
2613 2511 2560 2561 2512 
2614 2512 2561 2562 2513 
2615 2513 2562 2563 2514 
2616 2514 2563 2564 2515 
2617 2515 2564 2565 2516 
2618 2516 2565 2566 2517 
2619 2517 2566 2567 2518 
2620 2518 2567 2568 2519 
2621 2519 2568 2569 2520 
2622 2520 2569 2570 2521 
2623 2521 2570 2571 2522 
2624 2522 2571 2572 2523 
2625 2523 2572 2573 2524 
2626 2524 2573 2574 2525 
2627 2525 2574 2575 2526 
2628 2526 2575 2576 2527 
2629 2527 2576 2577 2528 
2630 2528 2577 2578 2529 
2631 2529 2578 2579 2530 
2632 2530 2579 2580 2531 
2633 2531 2580 2581 2532 
2634 2532 2581 2582 2533 
2635 2533 2582 2583 2534 
2636 2534 2583 2584 2535 
2637 2535 2584 2585 2536 
2638 2536 2585 2586 2537 
2639 2537 2586 2587 2538 
2640 2538 2587 2588 2539 
2641 2539 2588 2589 2540 
2642 2540 2589 2590 2541 
2643 2541 2590 2591 2542 
2644 2542 2591 2592 2543 
2645 2543 2592 2593 2544 
2646 2544 2593 2594 2545 
2647 2545 2594 2595 2546 
2648 2546 2595 2596 2547 
2649 2547 2596 2597 2548 
2650 2548 2597 2598 2549 
2651 2549 2598 2599 2550 
2652 2550 2599 2600 2551 
2653 2551 2600 2601 2552 
2654 2552 2601 103 104 
2655 53 2 54 2553 
2656 2553 54 55 2554 
2657 2554 55 56 2555 
2658 2555 56 57 2556 
2659 2556 57 58 2557 
2660 2557 58 59 2558 
2661 2558 59 60 2559 
2662 2559 60 61 2560 
2663 2560 61 62 2561 
2664 2561 62 63 2562 
2665 2562 63 64 2563 
2666 2563 64 65 2564 
2667 2564 65 66 2565 
2668 2565 66 67 2566 
2669 2566 67 68 2567 
2670 2567 68 69 2568 
2671 2568 69 70 2569 
2672 2569 70 71 2570 
2673 2570 71 72 2571 
2674 2571 72 73 2572 
2675 2572 73 74 2573 
2676 2573 74 75 2574 
2677 2574 75 76 2575 
2678 2575 76 77 2576 
2679 2576 77 78 2577 
2680 2577 78 79 2578 
2681 2578 79 80 2579 
2682 2579 80 81 2580 
2683 2580 81 82 2581 
2684 2581 82 83 2582 
2685 2582 83 84 2583 
2686 2583 84 85 2584 
2687 2584 85 86 2585 
2688 2585 86 87 2586 
2689 2586 87 88 2587 
2690 2587 88 89 2588 
2691 2588 89 90 2589 
2692 2589 90 91 2590 
2693 2590 91 92 2591 
2694 2591 92 93 2592 
2695 2592 93 94 2593 
2696 2593 94 95 2594 
2697 2594 95 96 2595 
2698 2595 96 97 2596 
2699 2596 97 98 2597 
2700 2597 98 99 2598 
2701 2598 99 100 2599 
2702 2599 100 101 2600 
2703 2600 101 102 2601 
2704 2601 102 3 103 
$EndElements
