$MeshFormat
4.1 0 8
$EndMeshFormat
$Entities
4 4 1 0
1 0 -0.0949999988 0 0 
2 0.100000001 -0.0949999988 0 0 
3 0.100000001 0.00499999989 0 0 
4 0 0.00499999989 0 0 
1 0 -0.0949999988 0 0.100000001 -0.0949999988 0 0 2 1 -2 
2 0.100000001 -0.0949999988 0 0.100000001 0.004999999889999995 0 0 2 2 -3 
3 0 0.00499999989 0 0.100000001 0.00499999989 0 0 2 3 -4 
4 0 -0.0949999988 0 0 0.004999999890000002 0 0 2 4 -1 
1 0 -0.0949999988 0 0.100000001 0.004999999890000002 0 0 4 1 2 3 4 
$EndEntities
$Nodes
9 3721 1 3721
0 1 0 1
1
0 -0.0949999988 0
0 2 0 1
2
0.100000001 -0.0949999988 0
0 3 0 1
3
0.100000001 0.00499999989 0
0 4 0 1
4
0 0.00499999989 0
1 1 0 59
5
6
7
8
9
10
11
12
13
14
15
16
17
18
19
20
21
22
23
24
25
26
27
28
29
30
31
32
33
34
35
36
37
38
39
40
41
42
43
44
45
46
47
48
49
50
51
52
53
54
55
56
57
58
59
60
61
62
63
0.001666666683330189 -0.0949999988 0
0.003333333366660246 -0.0949999988 0
0.005000000049990033 -0.0949999988 0
0.006666666733320063 -0.0949999988 0
0.008333333416650801 -0.0949999988 0
0.01000000009998107 -0.0949999988 0
0.01166666678331194 -0.0949999988 0
0.01333333346664111 -0.0949999988 0
0.0150000001499698 -0.0949999988 0
0.0166666668332983 -0.0949999988 0
0.01833333351662639 -0.0949999988 0
0.02000000019995474 -0.0949999988 0
0.02166666688328324 -0.0949999988 0
0.02333333356661201 -0.0949999988 0
0.02500000024994009 -0.0949999988 0
0.02666666693326818 -0.0949999988 0
0.02833333361659695 -0.0949999988 0
0.03000000029992544 -0.0949999988 0
0.03166666698325312 -0.0949999988 0
0.03333333366658211 -0.0949999988 0
0.03500000034991051 -0.0949999988 0
0.03666666703323811 -0.0949999988 0
0.03833333371656814 -0.0949999988 0
0.04000000039989573 -0.0949999988 0
0.04166666708322413 -0.0949999988 0
0.04333333376655281 -0.0949999988 0
0.04500000044988094 -0.0949999988 0
0.0466666671332088 -0.0949999988 0
0.04833333381653748 -0.0949999988 0
0.05000000049986751 -0.0949999988 0
0.05166666718320368 -0.0949999988 0
0.0533333338665422 -0.0949999988 0
0.05500000054988009 -0.0949999988 0
0.05666666723321689 -0.0949999988 0
0.05833333391655513 -0.0949999988 0
0.06000000059989265 -0.0949999988 0
0.06166666728323027 -0.0949999988 0
0.0633333339665649 -0.0949999988 0
0.06500000064990415 -0.0949999988 0
0.066666667333245 -0.0949999988 0
0.06833333401657829 -0.0949999988 0
0.07000000069991862 -0.0949999988 0
0.0716666673832584 -0.0949999988 0
0.07333333406659168 -0.0949999988 0
0.07500000074993309 -0.0949999988 0
0.07666666743327449 -0.0949999988 0
0.07833333411660777 -0.0949999988 0
0.08000000079994755 -0.0949999988 0
0.08166666748328788 -0.0949999988 0
0.08333333416662117 -0.0949999988 0
0.08500000084996202 -0.0949999988 0
0.08666666753330127 -0.0949999988 0
0.08833333421663182 -0.0949999988 0
0.09000000089997108 -0.0949999988 0
0.09166666758331193 -0.0949999988 0
0.09333333426664522 -0.0949999988 0
0.09500000094998555 -0.0949999988 0
0.09666666763332532 -0.0949999988 0
0.09833333431665861 -0.0949999988 0
1 2 0 59
64
65
66
67
68
69
70
71
72
73
74
75
76
77
78
79
80
81
82
83
84
85
86
87
88
89
90
91
92
93
94
95
96
97
98
99
100
101
102
103
104
105
106
107
108
109
110
111
112
113
114
115
116
117
118
119
120
121
122
0.100000001 -0.09333333215516761 0
0.100000001 -0.09166666551033595 0
0.100000001 -0.08999999886550662 0
0.100000001 -0.08833333222067731 0
0.100000001 -0.08666666557584347 0
0.100000001 -0.08499999893101325 0
0.100000001 -0.08333333228618392 0
0.100000001 -0.08166666564135461 0
0.100000001 -0.07999999899652854 0
0.100000001 -0.0783333323517014 0
0.100000001 -0.07666666570687207 0
0.100000001 -0.07499999906204276 0
0.100000001 -0.07333333241721343 0
0.100000001 -0.07166666577238412 0
0.100000001 -0.06999999912755479 0
0.100000001 -0.06833333248272548 0
0.100000001 -0.06666666583789617 0
0.100000001 -0.06499999919306686 0
0.100000001 -0.06333333254824169 0
0.100000001 -0.06166666590341365 0
0.100000001 -0.05999999925858433 0
0.100000001 -0.05833333261375501 0
0.100000001 -0.05666666596892571 0
0.100000001 -0.0549999993240964 0
0.100000001 -0.05333333267926708 0
0.100000001 -0.05166666603443777 0
0.100000001 -0.04999999938960845 0
0.100000001 -0.04833333274478149 0
0.100000001 -0.04666666609995507 0
0.100000001 -0.04499999945512728 0
0.100000001 -0.04333333281029066 0
0.100000001 -0.04166666616545268 0
0.100000001 -0.03999999952061469 0
0.100000001 -0.03833333287577671 0
0.100000001 -0.03666666623093873 0
0.100000001 -0.03499999958610075 0
0.100000001 -0.03333333294126538 0
0.100000001 -0.03166666629642623 0
0.100000001 -0.02999999965159383 0
0.100000001 -0.02833333300675514 0
0.100000001 -0.02666666636191824 0
0.100000001 -0.02499999971707881 0
0.100000001 -0.02333333307224264 0
0.100000001 -0.02166666642740248 0
0.100000001 -0.01999999978256703 0
0.100000001 -0.01833333313772652 0
0.100000001 -0.0166666664928907 0
0.100000001 -0.01499999984805091 0
0.100000001 -0.01333333320321438 0
0.100000001 -0.01166666655837532 0
0.100000001 -0.00999999991353806 0
0.100000001 -0.008333333268699714 0
0.100000001 -0.00666666662386714 0
0.100000001 -0.004999999979026809 0
0.100000001 -0.003333333334190822 0
0.100000001 -0.001666666689351212 0
0.100000001 -4.451450319464811e-11 0
0.100000001 0.001666666600324385 0
0.100000001 0.003333333245161829 0
1 3 0 59
123
124
125
126
127
128
129
130
131
132
133
134
135
136
137
138
139
140
141
142
143
144
145
146
147
148
149
150
151
152
153
154
155
156
157
158
159
160
161
162
163
164
165
166
167
168
169
170
171
172
173
174
175
176
177
178
179
180
181
0.09833333431667236 0.00499999989 0
0.096666667633342 0.00499999989 0
0.09500000095001165 0.00499999989 0
0.09333333426668131 0.00499999989 0
0.09166666758335094 0.00499999989 0
0.09000000090002276 0.00499999989 0
0.08833333421669566 0.00499999989 0
0.0866666675333653 0.00499999989 0
0.08500000085003549 0.00499999989 0
0.08333333416671002 0.00499999989 0
0.08166666748337967 0.00499999989 0
0.08000000080005365 0.00499999989 0
0.07833333411672438 0.00499999989 0
0.07666666743339402 0.00499999989 0
0.07500000075006638 0.00499999989 0
0.07333333406673874 0.00499999989 0
0.07166666738340838 0.00499999989 0
0.07000000070007911 0.00499999989 0
0.06833333401675309 0.00499999989 0
0.06666666733342273 0.00499999989 0
0.06500000065009509 0.00499999989 0
0.06333333396676727 0.00499999989 0
0.06166666728343718 0.00499999989 0
0.06000000060010945 0.00499999989 0
0.0583333339167809 0.00499999989 0
0.05666666723345208 0.00499999989 0
0.0550000005501238 0.00499999989 0
0.05333333386679581 0.00499999989 0
0.05166666718346698 0.00499999989 0
0.0500000005001368 0.00499999989 0
0.04833333381680049 0.00499999989 0
0.04666666713346183 0.00499999989 0
0.0450000004501238 0.00499999989 0
0.04333333376678685 0.00499999989 0
0.04166666708344846 0.00499999989 0
0.04000000040011079 0.00499999989 0
0.03833333371677303 0.00499999989 0
0.03666666703343825 0.00499999989 0
0.03500000035009887 0.00499999989 0
0.03333333366675786 0.00499999989 0
0.03166666698342445 0.00499999989 0
0.03000000030008398 0.00499999989 0
0.02833333361674405 0.00499999989 0
0.02666666693341063 0.00499999989 0
0.02500000025006908 0.00499999989 0
0.02333333356672752 0.00499999989 0
0.02166666688339411 0.00499999989 0
0.02000000020005417 0.00499999989 0
0.01833333351671371 0.00499999989 0
0.01666666683338028 0.00499999989 0
0.01500000015003927 0.00499999989 0
0.01333333346669989 0.00499999989 0
0.01166666678336918 0.00499999989 0
0.0100000001000298 0.00499999989 0
0.008333333416688793 0.00499999989 0
0.006666666733355364 0.00499999989 0
0.005000000050014899 0.00499999989 0
0.003333333366674976 0.00499999989 0
0.001666666683341561 0.00499999989 0
1 4 0 59
182
183
184
185
186
187
188
189
190
191
192
193
194
195
196
197
198
199
200
201
202
203
204
205
206
207
208
209
210
211
212
213
214
215
216
217
218
219
220
221
222
223
224
225
226
227
228
229
230
231
232
233
234
235
236
237
238
239
240
0 0.003333333245170128 0
0 0.001666666600340262 0
0 -4.448897326925216e-11 0
0 -0.001666666689318732 0
0 -0.003333333334149418 0
0 -0.004999999978980182 0
0 -0.006666666623810629 0
0 -0.00833333326863997 0
0 -0.009999999913468342 0
0 -0.011666666558295 0
0 -0.01333333320312387 0
0 -0.01499999984795319 0
0 -0.0166666664927825 0
0 -0.01833333313761182 0
0 -0.01999999978244114 0
0 -0.02166666642727046 0
0 -0.02333333307209976 0
0 -0.02499999971692908 0
0 -0.02666666636175736 0
0 -0.02833333300658635 0
0 -0.02999999965141567 0
0 -0.03166666629624498 0
0 -0.03333333294107429 0
0 -0.0349999995859036 0
0 -0.03666666623073292 0
0 -0.03833333287556222 0
0 -0.03999999952039154 0
0 -0.04166666616521851 0
0 -0.04333333281004493 0
0 -0.04499999945487272 0
0 -0.04666666609970934 0
0 -0.04833333274454732 0
0 -0.04999999938938531 0
0 -0.05166666603422329 0
0 -0.05333333267906127 0
0 -0.05499999932389925 0
0 -0.05666666596873462 0
0 -0.05833333261357377 0
0 -0.05999999925840616 0
0 -0.06166666590324486 0
0 -0.06333333254808177 0
0 -0.0649999991929212 0
0 -0.06666666583775736 0
0 -0.06833333248259753 0
0 -0.06999999912743297 0
0 -0.07166666577227349 0
0 -0.07333333241710931 0
0 -0.0749999990619491 0
0 -0.07666666570678562 0
0 -0.07833333235162468 0
0 -0.07999999899646194 0
0 -0.08166666564130029 0
0 -0.08333333228613286 0
0 -0.08499999893097319 0
0 -0.08666666557580918 0
0 -0.08833333222064879 0
0 -0.0899999988654855 0
0 -0.09166666551032439 0
0 -0.09333333215516183 0
2 1 0 3481
241
242
243
244
245
246
247
248
249
250
251
252
253
254
255
256
257
258
259
260
261
262
263
264
265
266
267
268
269
270
271
272
273
274
275
276
277
278
279
280
281
282
283
284
285
286
287
288
289
290
291
292
293
294
295
296
297
298
299
300
301
302
303
304
305
306
307
308
309
310
311
312
313
314
315
316
317
318
319
320
321
322
323
324
325
326
327
328
329
330
331
332
333
334
335
336
337
338
339
340
341
342
343
344
345
346
347
348
349
350
351
352
353
354
355
356
357
358
359
360
361
362
363
364
365
366
367
368
369
370
371
372
373
374
375
376
377
378
379
380
381
382
383
384
385
386
387
388
389
390
391
392
393
394
395
396
397
398
399
400
401
402
403
404
405
406
407
408
409
410
411
412
413
414
415
416
417
418
419
420
421
422
423
424
425
426
427
428
429
430
431
432
433
434
435
436
437
438
439
440
441
442
443
444
445
446
447
448
449
450
451
452
453
454
455
456
457
458
459
460
461
462
463
464
465
466
467
468
469
470
471
472
473
474
475
476
477
478
479
480
481
482
483
484
485
486
487
488
489
490
491
492
493
494
495
496
497
498
499
500
501
502
503
504
505
506
507
508
509
510
511
512
513
514
515
516
517
518
519
520
521
522
523
524
525
526
527
528
529
530
531
532
533
534
535
536
537
538
539
540
541
542
543
544
545
546
547
548
549
550
551
552
553
554
555
556
557
558
559
560
561
562
563
564
565
566
567
568
569
570
571
572
573
574
575
576
577
578
579
580
581
582
583
584
585
586
587
588
589
590
591
592
593
594
595
596
597
598
599
600
601
602
603
604
605
606
607
608
609
610
611
612
613
614
615
616
617
618
619
620
621
622
623
624
625
626
627
628
629
630
631
632
633
634
635
636
637
638
639
640
641
642
643
644
645
646
647
648
649
650
651
652
653
654
655
656
657
658
659
660
661
662
663
664
665
666
667
668
669
670
671
672
673
674
675
676
677
678
679
680
681
682
683
684
685
686
687
688
689
690
691
692
693
694
695
696
697
698
699
700
701
702
703
704
705
706
707
708
709
710
711
712
713
714
715
716
717
718
719
720
721
722
723
724
725
726
727
728
729
730
731
732
733
734
735
736
737
738
739
740
741
742
743
744
745
746
747
748
749
750
751
752
753
754
755
756
757
758
759
760
761
762
763
764
765
766
767
768
769
770
771
772
773
774
775
776
777
778
779
780
781
782
783
784
785
786
787
788
789
790
791
792
793
794
795
796
797
798
799
800
801
802
803
804
805
806
807
808
809
810
811
812
813
814
815
816
817
818
819
820
821
822
823
824
825
826
827
828
829
830
831
832
833
834
835
836
837
838
839
840
841
842
843
844
845
846
847
848
849
850
851
852
853
854
855
856
857
858
859
860
861
862
863
864
865
866
867
868
869
870
871
872
873
874
875
876
877
878
879
880
881
882
883
884
885
886
887
888
889
890
891
892
893
894
895
896
897
898
899
900
901
902
903
904
905
906
907
908
909
910
911
912
913
914
915
916
917
918
919
920
921
922
923
924
925
926
927
928
929
930
931
932
933
934
935
936
937
938
939
940
941
942
943
944
945
946
947
948
949
950
951
952
953
954
955
956
957
958
959
960
961
962
963
964
965
966
967
968
969
970
971
972
973
974
975
976
977
978
979
980
981
982
983
984
985
986
987
988
989
990
991
992
993
994
995
996
997
998
999
1000
1001
1002
1003
1004
1005
1006
1007
1008
1009
1010
1011
1012
1013
1014
1015
1016
1017
1018
1019
1020
1021
1022
1023
1024
1025
1026
1027
1028
1029
1030
1031
1032
1033
1034
1035
1036
1037
1038
1039
1040
1041
1042
1043
1044
1045
1046
1047
1048
1049
1050
1051
1052
1053
1054
1055
1056
1057
1058
1059
1060
1061
1062
1063
1064
1065
1066
1067
1068
1069
1070
1071
1072
1073
1074
1075
1076
1077
1078
1079
1080
1081
1082
1083
1084
1085
1086
1087
1088
1089
1090
1091
1092
1093
1094
1095
1096
1097
1098
1099
1100
1101
1102
1103
1104
1105
1106
1107
1108
1109
1110
1111
1112
1113
1114
1115
1116
1117
1118
1119
1120
1121
1122
1123
1124
1125
1126
1127
1128
1129
1130
1131
1132
1133
1134
1135
1136
1137
1138
1139
1140
1141
1142
1143
1144
1145
1146
1147
1148
1149
1150
1151
1152
1153
1154
1155
1156
1157
1158
1159
1160
1161
1162
1163
1164
1165
1166
1167
1168
1169
1170
1171
1172
1173
1174
1175
1176
1177
1178
1179
1180
1181
1182
1183
1184
1185
1186
1187
1188
1189
1190
1191
1192
1193
1194
1195
1196
1197
1198
1199
1200
1201
1202
1203
1204
1205
1206
1207
1208
1209
1210
1211
1212
1213
1214
1215
1216
1217
1218
1219
1220
1221
1222
1223
1224
1225
1226
1227
1228
1229
1230
1231
1232
1233
1234
1235
1236
1237
1238
1239
1240
1241
1242
1243
1244
1245
1246
1247
1248
1249
1250
1251
1252
1253
1254
1255
1256
1257
1258
1259
1260
1261
1262
1263
1264
1265
1266
1267
1268
1269
1270
1271
1272
1273
1274
1275
1276
1277
1278
1279
1280
1281
1282
1283
1284
1285
1286
1287
1288
1289
1290
1291
1292
1293
1294
1295
1296
1297
1298
1299
1300
1301
1302
1303
1304
1305
1306
1307
1308
1309
1310
1311
1312
1313
1314
1315
1316
1317
1318
1319
1320
1321
1322
1323
1324
1325
1326
1327
1328
1329
1330
1331
1332
1333
1334
1335
1336
1337
1338
1339
1340
1341
1342
1343
1344
1345
1346
1347
1348
1349
1350
1351
1352
1353
1354
1355
1356
1357
1358
1359
1360
1361
1362
1363
1364
1365
1366
1367
1368
1369
1370
1371
1372
1373
1374
1375
1376
1377
1378
1379
1380
1381
1382
1383
1384
1385
1386
1387
1388
1389
1390
1391
1392
1393
1394
1395
1396
1397
1398
1399
1400
1401
1402
1403
1404
1405
1406
1407
1408
1409
1410
1411
1412
1413
1414
1415
1416
1417
1418
1419
1420
1421
1422
1423
1424
1425
1426
1427
1428
1429
1430
1431
1432
1433
1434
1435
1436
1437
1438
1439
1440
1441
1442
1443
1444
1445
1446
1447
1448
1449
1450
1451
1452
1453
1454
1455
1456
1457
1458
1459
1460
1461
1462
1463
1464
1465
1466
1467
1468
1469
1470
1471
1472
1473
1474
1475
1476
1477
1478
1479
1480
1481
1482
1483
1484
1485
1486
1487
1488
1489
1490
1491
1492
1493
1494
1495
1496
1497
1498
1499
1500
1501
1502
1503
1504
1505
1506
1507
1508
1509
1510
1511
1512
1513
1514
1515
1516
1517
1518
1519
1520
1521
1522
1523
1524
1525
1526
1527
1528
1529
1530
1531
1532
1533
1534
1535
1536
1537
1538
1539
1540
1541
1542
1543
1544
1545
1546
1547
1548
1549
1550
1551
1552
1553
1554
1555
1556
1557
1558
1559
1560
1561
1562
1563
1564
1565
1566
1567
1568
1569
1570
1571
1572
1573
1574
1575
1576
1577
1578
1579
1580
1581
1582
1583
1584
1585
1586
1587
1588
1589
1590
1591
1592
1593
1594
1595
1596
1597
1598
1599
1600
1601
1602
1603
1604
1605
1606
1607
1608
1609
1610
1611
1612
1613
1614
1615
1616
1617
1618
1619
1620
1621
1622
1623
1624
1625
1626
1627
1628
1629
1630
1631
1632
1633
1634
1635
1636
1637
1638
1639
1640
1641
1642
1643
1644
1645
1646
1647
1648
1649
1650
1651
1652
1653
1654
1655
1656
1657
1658
1659
1660
1661
1662
1663
1664
1665
1666
1667
1668
1669
1670
1671
1672
1673
1674
1675
1676
1677
1678
1679
1680
1681
1682
1683
1684
1685
1686
1687
1688
1689
1690
1691
1692
1693
1694
1695
1696
1697
1698
1699
1700
1701
1702
1703
1704
1705
1706
1707
1708
1709
1710
1711
1712
1713
1714
1715
1716
1717
1718
1719
1720
1721
1722
1723
1724
1725
1726
1727
1728
1729
1730
1731
1732
1733
1734
1735
1736
1737
1738
1739
1740
1741
1742
1743
1744
1745
1746
1747
1748
1749
1750
1751
1752
1753
1754
1755
1756
1757
1758
1759
1760
1761
1762
1763
1764
1765
1766
1767
1768
1769
1770
1771
1772
1773
1774
1775
1776
1777
1778
1779
1780
1781
1782
1783
1784
1785
1786
1787
1788
1789
1790
1791
1792
1793
1794
1795
1796
1797
1798
1799
1800
1801
1802
1803
1804
1805
1806
1807
1808
1809
1810
1811
1812
1813
1814
1815
1816
1817
1818
1819
1820
1821
1822
1823
1824
1825
1826
1827
1828
1829
1830
1831
1832
1833
1834
1835
1836
1837
1838
1839
1840
1841
1842
1843
1844
1845
1846
1847
1848
1849
1850
1851
1852
1853
1854
1855
1856
1857
1858
1859
1860
1861
1862
1863
1864
1865
1866
1867
1868
1869
1870
1871
1872
1873
1874
1875
1876
1877
1878
1879
1880
1881
1882
1883
1884
1885
1886
1887
1888
1889
1890
1891
1892
1893
1894
1895
1896
1897
1898
1899
1900
1901
1902
1903
1904
1905
1906
1907
1908
1909
1910
1911
1912
1913
1914
1915
1916
1917
1918
1919
1920
1921
1922
1923
1924
1925
1926
1927
1928
1929
1930
1931
1932
1933
1934
1935
1936
1937
1938
1939
1940
1941
1942
1943
1944
1945
1946
1947
1948
1949
1950
1951
1952
1953
1954
1955
1956
1957
1958
1959
1960
1961
1962
1963
1964
1965
1966
1967
1968
1969
1970
1971
1972
1973
1974
1975
1976
1977
1978
1979
1980
1981
1982
1983
1984
1985
1986
1987
1988
1989
1990
1991
1992
1993
1994
1995
1996
1997
1998
1999
2000
2001
2002
2003
2004
2005
2006
2007
2008
2009
2010
2011
2012
2013
2014
2015
2016
2017
2018
2019
2020
2021
2022
2023
2024
2025
2026
2027
2028
2029
2030
2031
2032
2033
2034
2035
2036
2037
2038
2039
2040
2041
2042
2043
2044
2045
2046
2047
2048
2049
2050
2051
2052
2053
2054
2055
2056
2057
2058
2059
2060
2061
2062
2063
2064
2065
2066
2067
2068
2069
2070
2071
2072
2073
2074
2075
2076
2077
2078
2079
2080
2081
2082
2083
2084
2085
2086
2087
2088
2089
2090
2091
2092
2093
2094
2095
2096
2097
2098
2099
2100
2101
2102
2103
2104
2105
2106
2107
2108
2109
2110
2111
2112
2113
2114
2115
2116
2117
2118
2119
2120
2121
2122
2123
2124
2125
2126
2127
2128
2129
2130
2131
2132
2133
2134
2135
2136
2137
2138
2139
2140
2141
2142
2143
2144
2145
2146
2147
2148
2149
2150
2151
2152
2153
2154
2155
2156
2157
2158
2159
2160
2161
2162
2163
2164
2165
2166
2167
2168
2169
2170
2171
2172
2173
2174
2175
2176
2177
2178
2179
2180
2181
2182
2183
2184
2185
2186
2187
2188
2189
2190
2191
2192
2193
2194
2195
2196
2197
2198
2199
2200
2201
2202
2203
2204
2205
2206
2207
2208
2209
2210
2211
2212
2213
2214
2215
2216
2217
2218
2219
2220
2221
2222
2223
2224
2225
2226
2227
2228
2229
2230
2231
2232
2233
2234
2235
2236
2237
2238
2239
2240
2241
2242
2243
2244
2245
2246
2247
2248
2249
2250
2251
2252
2253
2254
2255
2256
2257
2258
2259
2260
2261
2262
2263
2264
2265
2266
2267
2268
2269
2270
2271
2272
2273
2274
2275
2276
2277
2278
2279
2280
2281
2282
2283
2284
2285
2286
2287
2288
2289
2290
2291
2292
2293
2294
2295
2296
2297
2298
2299
2300
2301
2302
2303
2304
2305
2306
2307
2308
2309
2310
2311
2312
2313
2314
2315
2316
2317
2318
2319
2320
2321
2322
2323
2324
2325
2326
2327
2328
2329
2330
2331
2332
2333
2334
2335
2336
2337
2338
2339
2340
2341
2342
2343
2344
2345
2346
2347
2348
2349
2350
2351
2352
2353
2354
2355
2356
2357
2358
2359
2360
2361
2362
2363
2364
2365
2366
2367
2368
2369
2370
2371
2372
2373
2374
2375
2376
2377
2378
2379
2380
2381
2382
2383
2384
2385
2386
2387
2388
2389
2390
2391
2392
2393
2394
2395
2396
2397
2398
2399
2400
2401
2402
2403
2404
2405
2406
2407
2408
2409
2410
2411
2412
2413
2414
2415
2416
2417
2418
2419
2420
2421
2422
2423
2424
2425
2426
2427
2428
2429
2430
2431
2432
2433
2434
2435
2436
2437
2438
2439
2440
2441
2442
2443
2444
2445
2446
2447
2448
2449
2450
2451
2452
2453
2454
2455
2456
2457
2458
2459
2460
2461
2462
2463
2464
2465
2466
2467
2468
2469
2470
2471
2472
2473
2474
2475
2476
2477
2478
2479
2480
2481
2482
2483
2484
2485
2486
2487
2488
2489
2490
2491
2492
2493
2494
2495
2496
2497
2498
2499
2500
2501
2502
2503
2504
2505
2506
2507
2508
2509
2510
2511
2512
2513
2514
2515
2516
2517
2518
2519
2520
2521
2522
2523
2524
2525
2526
2527
2528
2529
2530
2531
2532
2533
2534
2535
2536
2537
2538
2539
2540
2541
2542
2543
2544
2545
2546
2547
2548
2549
2550
2551
2552
2553
2554
2555
2556
2557
2558
2559
2560
2561
2562
2563
2564
2565
2566
2567
2568
2569
2570
2571
2572
2573
2574
2575
2576
2577
2578
2579
2580
2581
2582
2583
2584
2585
2586
2587
2588
2589
2590
2591
2592
2593
2594
2595
2596
2597
2598
2599
2600
2601
2602
2603
2604
2605
2606
2607
2608
2609
2610
2611
2612
2613
2614
2615
2616
2617
2618
2619
2620
2621
2622
2623
2624
2625
2626
2627
2628
2629
2630
2631
2632
2633
2634
2635
2636
2637
2638
2639
2640
2641
2642
2643
2644
2645
2646
2647
2648
2649
2650
2651
2652
2653
2654
2655
2656
2657
2658
2659
2660
2661
2662
2663
2664
2665
2666
2667
2668
2669
2670
2671
2672
2673
2674
2675
2676
2677
2678
2679
2680
2681
2682
2683
2684
2685
2686
2687
2688
2689
2690
2691
2692
2693
2694
2695
2696
2697
2698
2699
2700
2701
2702
2703
2704
2705
2706
2707
2708
2709
2710
2711
2712
2713
2714
2715
2716
2717
2718
2719
2720
2721
2722
2723
2724
2725
2726
2727
2728
2729
2730
2731
2732
2733
2734
2735
2736
2737
2738
2739
2740
2741
2742
2743
2744
2745
2746
2747
2748
2749
2750
2751
2752
2753
2754
2755
2756
2757
2758
2759
2760
2761
2762
2763
2764
2765
2766
2767
2768
2769
2770
2771
2772
2773
2774
2775
2776
2777
2778
2779
2780
2781
2782
2783
2784
2785
2786
2787
2788
2789
2790
2791
2792
2793
2794
2795
2796
2797
2798
2799
2800
2801
2802
2803
2804
2805
2806
2807
2808
2809
2810
2811
2812
2813
2814
2815
2816
2817
2818
2819
2820
2821
2822
2823
2824
2825
2826
2827
2828
2829
2830
2831
2832
2833
2834
2835
2836
2837
2838
2839
2840
2841
2842
2843
2844
2845
2846
2847
2848
2849
2850
2851
2852
2853
2854
2855
2856
2857
2858
2859
2860
2861
2862
2863
2864
2865
2866
2867
2868
2869
2870
2871
2872
2873
2874
2875
2876
2877
2878
2879
2880
2881
2882
2883
2884
2885
2886
2887
2888
2889
2890
2891
2892
2893
2894
2895
2896
2897
2898
2899
2900
2901
2902
2903
2904
2905
2906
2907
2908
2909
2910
2911
2912
2913
2914
2915
2916
2917
2918
2919
2920
2921
2922
2923
2924
2925
2926
2927
2928
2929
2930
2931
2932
2933
2934
2935
2936
2937
2938
2939
2940
2941
2942
2943
2944
2945
2946
2947
2948
2949
2950
2951
2952
2953
2954
2955
2956
2957
2958
2959
2960
2961
2962
2963
2964
2965
2966
2967
2968
2969
2970
2971
2972
2973
2974
2975
2976
2977
2978
2979
2980
2981
2982
2983
2984
2985
2986
2987
2988
2989
2990
2991
2992
2993
2994
2995
2996
2997
2998
2999
3000
3001
3002
3003
3004
3005
3006
3007
3008
3009
3010
3011
3012
3013
3014
3015
3016
3017
3018
3019
3020
3021
3022
3023
3024
3025
3026
3027
3028
3029
3030
3031
3032
3033
3034
3035
3036
3037
3038
3039
3040
3041
3042
3043
3044
3045
3046
3047
3048
3049
3050
3051
3052
3053
3054
3055
3056
3057
3058
3059
3060
3061
3062
3063
3064
3065
3066
3067
3068
3069
3070
3071
3072
3073
3074
3075
3076
3077
3078
3079
3080
3081
3082
3083
3084
3085
3086
3087
3088
3089
3090
3091
3092
3093
3094
3095
3096
3097
3098
3099
3100
3101
3102
3103
3104
3105
3106
3107
3108
3109
3110
3111
3112
3113
3114
3115
3116
3117
3118
3119
3120
3121
3122
3123
3124
3125
3126
3127
3128
3129
3130
3131
3132
3133
3134
3135
3136
3137
3138
3139
3140
3141
3142
3143
3144
3145
3146
3147
3148
3149
3150
3151
3152
3153
3154
3155
3156
3157
3158
3159
3160
3161
3162
3163
3164
3165
3166
3167
3168
3169
3170
3171
3172
3173
3174
3175
3176
3177
3178
3179
3180
3181
3182
3183
3184
3185
3186
3187
3188
3189
3190
3191
3192
3193
3194
3195
3196
3197
3198
3199
3200
3201
3202
3203
3204
3205
3206
3207
3208
3209
3210
3211
3212
3213
3214
3215
3216
3217
3218
3219
3220
3221
3222
3223
3224
3225
3226
3227
3228
3229
3230
3231
3232
3233
3234
3235
3236
3237
3238
3239
3240
3241
3242
3243
3244
3245
3246
3247
3248
3249
3250
3251
3252
3253
3254
3255
3256
3257
3258
3259
3260
3261
3262
3263
3264
3265
3266
3267
3268
3269
3270
3271
3272
3273
3274
3275
3276
3277
3278
3279
3280
3281
3282
3283
3284
3285
3286
3287
3288
3289
3290
3291
3292
3293
3294
3295
3296
3297
3298
3299
3300
3301
3302
3303
3304
3305
3306
3307
3308
3309
3310
3311
3312
3313
3314
3315
3316
3317
3318
3319
3320
3321
3322
3323
3324
3325
3326
3327
3328
3329
3330
3331
3332
3333
3334
3335
3336
3337
3338
3339
3340
3341
3342
3343
3344
3345
3346
3347
3348
3349
3350
3351
3352
3353
3354
3355
3356
3357
3358
3359
3360
3361
3362
3363
3364
3365
3366
3367
3368
3369
3370
3371
3372
3373
3374
3375
3376
3377
3378
3379
3380
3381
3382
3383
3384
3385
3386
3387
3388
3389
3390
3391
3392
3393
3394
3395
3396
3397
3398
3399
3400
3401
3402
3403
3404
3405
3406
3407
3408
3409
3410
3411
3412
3413
3414
3415
3416
3417
3418
3419
3420
3421
3422
3423
3424
3425
3426
3427
3428
3429
3430
3431
3432
3433
3434
3435
3436
3437
3438
3439
3440
3441
3442
3443
3444
3445
3446
3447
3448
3449
3450
3451
3452
3453
3454
3455
3456
3457
3458
3459
3460
3461
3462
3463
3464
3465
3466
3467
3468
3469
3470
3471
3472
3473
3474
3475
3476
3477
3478
3479
3480
3481
3482
3483
3484
3485
3486
3487
3488
3489
3490
3491
3492
3493
3494
3495
3496
3497
3498
3499
3500
3501
3502
3503
3504
3505
3506
3507
3508
3509
3510
3511
3512
3513
3514
3515
3516
3517
3518
3519
3520
3521
3522
3523
3524
3525
3526
3527
3528
3529
3530
3531
3532
3533
3534
3535
3536
3537
3538
3539
3540
3541
3542
3543
3544
3545
3546
3547
3548
3549
3550
3551
3552
3553
3554
3555
3556
3557
3558
3559
3560
3561
3562
3563
3564
3565
3566
3567
3568
3569
3570
3571
3572
3573
3574
3575
3576
3577
3578
3579
3580
3581
3582
3583
3584
3585
3586
3587
3588
3589
3590
3591
3592
3593
3594
3595
3596
3597
3598
3599
3600
3601
3602
3603
3604
3605
3606
3607
3608
3609
3610
3611
3612
3613
3614
3615
3616
3617
3618
3619
3620
3621
3622
3623
3624
3625
3626
3627
3628
3629
3630
3631
3632
3633
3634
3635
3636
3637
3638
3639
3640
3641
3642
3643
3644
3645
3646
3647
3648
3649
3650
3651
3652
3653
3654
3655
3656
3657
3658
3659
3660
3661
3662
3663
3664
3665
3666
3667
3668
3669
3670
3671
3672
3673
3674
3675
3676
3677
3678
3679
3680
3681
3682
3683
3684
3685
3686
3687
3688
3689
3690
3691
3692
3693
3694
3695
3696
3697
3698
3699
3700
3701
3702
3703
3704
3705
3706
3707
3708
3709
3710
3711
3712
3713
3714
3715
3716
3717
3718
3719
3720
3721
0.001666666683330378 -0.09333333215516194 0
0.001666666683330568 -0.09166666551032457 0
0.001666666683330757 -0.08999999886548585 0
0.001666666683330947 -0.08833333222064926 0
0.001666666683331137 -0.08666666557580976 0
0.001666666683331326 -0.08499999893097387 0
0.001666666683331516 -0.08333333228613372 0
0.001666666683331705 -0.08166666564130119 0
0.001666666683331895 -0.07999999899646305 0
0.001666666683332084 -0.07833333235162596 0
0.001666666683332274 -0.07666666570678705 0
0.001666666683332463 -0.07499999906195066 0
0.001666666683332653 -0.07333333241711104 0
0.001666666683332843 -0.07166666577227533 0
0.001666666683333032 -0.06999999912743501 0
0.001666666683333221 -0.06833333248259965 0
0.001666666683333411 -0.06666666583775967 0
0.0016666666833336 -0.06499999919292365 0
0.00166666668333379 -0.06333333254808443 0
0.00166666668333398 -0.06166666590324768 0
0.001666666683334169 -0.05999999925840913 0
0.001666666683334358 -0.05833333261357677 0
0.001666666683334548 -0.0566666659687378 0
0.001666666683334738 -0.05499999932390252 0
0.001666666683334927 -0.0533333326790647 0
0.001666666683335117 -0.05166666603422686 0
0.001666666683335307 -0.04999999938938903 0
0.001666666683335495 -0.04833333274455123 0
0.001666666683335685 -0.04666666609971343 0
0.001666666683335875 -0.04499999945487696 0
0.001666666683336065 -0.04333333281004902 0
0.001666666683336254 -0.04166666616522242 0
0.001666666683336443 -0.03999999952039526 0
0.001666666683336633 -0.03833333287556581 0
0.001666666683336823 -0.03666666623073635 0
0.001666666683337012 -0.03499999958590689 0
0.001666666683337202 -0.03333333294107748 0
0.001666666683337391 -0.03166666629624798 0
0.001666666683337581 -0.02999999965141864 0
0.00166666668333777 -0.02833333300658916 0
0.00166666668333796 -0.02666666636176003 0
0.001666666683338149 -0.02499999971693157 0
0.001666666683338339 -0.02333333307210216 0
0.001666666683338528 -0.02166666642727265 0
0.001666666683338718 -0.01999999978244324 0
0.001666666683338908 -0.01833333313761374 0
0.001666666683339097 -0.01666666649278431 0
0.001666666683339287 -0.01499999984795482 0
0.001666666683339476 -0.01333333320312538 0
0.001666666683339666 -0.01166666655829634 0
0.001666666683339855 -0.009999999913469506 0
0.001666666683340045 -0.008333333268640962 0
0.001666666683340234 -0.006666666623811572 0
0.001666666683340424 -0.00499999997898096 0
0.001666666683340613 -0.003333333334150108 0
0.001666666683340803 -0.001666666689319273 0
0.001666666683340992 -4.448940087858899e-11 0
0.001666666683341182 0.001666666600339998 0
0.001666666683341371 0.00333333324516999 0
0.003333333366660491 -0.09333333215516203 0
0.003333333366660737 -0.09166666551032478 0
0.003333333366660981 -0.08999999886548619 0
0.003333333366661228 -0.08833333222064974 0
0.003333333366661473 -0.08666666557581033 0
0.003333333366661719 -0.08499999893097454 0
0.003333333366661965 -0.08333333228613457 0
0.003333333366662209 -0.08166666564130208 0
0.003333333366662456 -0.07999999899646418 0
0.003333333366662701 -0.07833333235162723 0
0.003333333366662946 -0.07666666570678851 0
0.003333333366663191 -0.07499999906195222 0
0.003333333366663437 -0.07333333241711278 0
0.003333333366663683 -0.07166666577227719 0
0.003333333366663928 -0.06999999912743704 0
0.003333333366664173 -0.06833333248260177 0
0.003333333366664419 -0.06666666583776198 0
0.003333333366664666 -0.06499999919292605 0
0.00333333336666491 -0.0633333325480871 0
0.003333333366665157 -0.06166666590325048 0
0.0033333333666654 -0.0599999992584121 0
0.003333333366665647 -0.05833333261357979 0
0.003333333366665892 -0.056666665968741 0
0.003333333366666138 -0.0549999993239058 0
0.003333333366666383 -0.05333333267906814 0
0.003333333366666629 -0.05166666603423044 0
0.003333333366666874 -0.04999999938939275 0
0.00333333336666712 -0.04833333274455512 0
0.003333333366667365 -0.04666666609971753 0
0.003333333366667611 -0.04499999945488121 0
0.003333333366667856 -0.04333333281005312 0
0.003333333366668102 -0.04166666616522631 0
0.003333333366668348 -0.03999999952039898 0
0.003333333366668593 -0.03833333287556936 0
0.003333333366668839 -0.03666666623073978 0
0.003333333366669084 -0.03499999958591019 0
0.003333333366669329 -0.03333333294108067 0
0.003333333366669575 -0.03166666629625101 0
0.00333333336666982 -0.0299999996514216 0
0.003333333366670067 -0.02833333300659197 0
0.003333333366670312 -0.02666666636176272 0
0.003333333366670558 -0.02499999971693407 0
0.003333333366670802 -0.02333333307210453 0
0.003333333366671049 -0.02166666642727485 0
0.003333333366671294 -0.01999999978244534 0
0.00333333336667154 -0.01833333313761566 0
0.003333333366671784 -0.01666666649278611 0
0.00333333336667203 -0.01499999984795645 0
0.003333333366672275 -0.01333333320312688 0
0.00333333336667252 -0.01166666655829767 0
0.003333333366672766 -0.009999999913470663 0
0.003333333366673012 -0.008333333268641961 0
0.003333333366673257 -0.006666666623812516 0
0.003333333366673503 -0.004999999978981734 0
0.003333333366673748 -0.003333333334150798 0
0.003333333366673995 -0.001666666689319815 0
0.00333333336667424 -4.448982501847887e-11 0
0.003333333366674485 0.001666666600339733 0
0.00333333336667473 0.003333333245169852 0
0.005000000049990447 -0.09333333215516212 0
0.005000000049990863 -0.09166666551032497 0
0.005000000049991277 -0.08999999886548654 0
0.005000000049991691 -0.08833333222065022 0
0.005000000049992105 -0.08666666557581092 0
0.00500000004999252 -0.08499999893097522 0
0.005000000049992933 -0.0833333322861354 0
0.005000000049993348 -0.08166666564130298 0
0.005000000049993763 -0.07999999899646529 0
0.005000000049994178 -0.07833333235162851 0
0.005000000049994593 -0.07666666570678995 0
0.005000000049995005 -0.07499999906195379 0
0.005000000049995421 -0.0733333324171145 0
0.005000000049995835 -0.07166666577227902 0
0.005000000049996249 -0.06999999912743907 0
0.005000000049996664 -0.0683333324826039 0
0.005000000049997078 -0.06666666583776429 0
0.005000000049997492 -0.06499999919292848 0
0.005000000049997908 -0.06333333254808977 0
0.005000000049998322 -0.06166666590325329 0
0.005000000049998734 -0.05999999925841507 0
0.00500000004999915 -0.05833333261358283 0
0.005000000049999564 -0.05666666596874417 0
0.005000000049999979 -0.05499999932390909 0
0.005000000050000394 -0.05333333267907156 0
0.005000000050000808 -0.05166666603423402 0
0.005000000050001223 -0.04999999938939646 0
0.005000000050001637 -0.04833333274455903 0
0.005000000050002052 -0.04666666609972164 0
0.005000000050002466 -0.04499999945488545 0
0.005000000050002881 -0.04333333281005722 0
0.005000000050003296 -0.04166666616523022 0
0.00500000005000371 -0.0399999995204027 0
0.005000000050004123 -0.03833333287557295 0
0.005000000050004538 -0.03666666623074321 0
0.005000000050004953 -0.03499999958591345 0
0.005000000050005367 -0.03333333294108385 0
0.005000000050005782 -0.03166666629625404 0
0.005000000050006196 -0.02999999965142458 0
0.00500000005000661 -0.02833333300659479 0
0.005000000050007025 -0.0266666663617654 0
0.00500000005000744 -0.02499999971693656 0
0.005000000050007852 -0.02333333307210691 0
0.005000000050008269 -0.02166666642727705 0
0.005000000050008682 -0.01999999978244744 0
0.005000000050009098 -0.01833333313761756 0
0.005000000050009511 -0.01666666649278792 0
0.005000000050009925 -0.01499999984795807 0
0.00500000005001034 -0.01333333320312839 0
0.005000000050010755 -0.01166666655829901 0
0.005000000050011169 -0.009999999913471832 0
0.005000000050011583 -0.008333333268642953 0
0.005000000050011998 -0.006666666623813457 0
0.005000000050012411 -0.004999999978982515 0
0.005000000050012827 -0.003333333334151489 0
0.005000000050013241 -0.001666666689320357 0
0.005000000050013657 -4.449025089309222e-11 0
0.00500000005001407 0.001666666600339468 0
0.005000000050014485 0.003333333245169714 0
0.006666666733320652 -0.09333333215516222 0
0.00666666673332124 -0.09166666551032517 0
0.006666666733321826 -0.0899999988654869 0
0.006666666733322417 -0.08833333222065071 0
0.006666666733323003 -0.08666666557581147 0
0.006666666733323592 -0.08499999893097587 0
0.00666666673332418 -0.08333333228613625 0
0.00666666673332477 -0.08166666564130391 0
0.006666666733325358 -0.07999999899646638 0
0.006666666733325947 -0.07833333235162979 0
0.006666666733326533 -0.07666666570679138 0
0.006666666733327122 -0.07499999906195533 0
0.006666666733327713 -0.07333333241711622 0
0.006666666733328299 -0.07166666577228084 0
0.006666666733328887 -0.06999999912744108 0
0.006666666733329475 -0.06833333248260605 0
0.006666666733330065 -0.06666666583776662 0
0.006666666733330655 -0.06499999919293094 0
0.00666666673333124 -0.06333333254809244 0
0.006666666733331829 -0.06166666590325612 0
0.006666666733332416 -0.05999999925841804 0
0.006666666733333005 -0.05833333261358584 0
0.006666666733333597 -0.05666666596874737 0
0.006666666733334181 -0.05499999932391238 0
0.006666666733334773 -0.05333333267907499 0
0.006666666733335358 -0.05166666603423758 0
0.006666666733335947 -0.04999999938940018 0
0.006666666733336536 -0.04833333274456293 0
0.006666666733337125 -0.04666666609972572 0
0.006666666733337713 -0.04499999945488969 0
0.006666666733338301 -0.04333333281006132 0
0.006666666733338891 -0.04166666616523412 0
0.006666666733339478 -0.03999999952040641 0
0.006666666733340067 -0.03833333287557653 0
0.006666666733340655 -0.03666666623074662 0
0.006666666733341244 -0.03499999958591675 0
0.006666666733341832 -0.03333333294108702 0
0.00666666673334242 -0.03166666629625707 0
0.006666666733343008 -0.02999999965142755 0
0.006666666733343598 -0.02833333300659761 0
0.006666666733344185 -0.02666666636176808 0
0.006666666733344774 -0.02499999971693906 0
0.006666666733345362 -0.0233333330721093 0
0.006666666733345949 -0.02166666642727926 0
0.006666666733346538 -0.01999999978244954 0
0.006666666733347128 -0.01833333313761947 0
0.006666666733347715 -0.01666666649278973 0
0.006666666733348304 -0.0149999998479597 0
0.006666666733348892 -0.0133333332031299 0
0.00666666673334948 -0.01166666655830035 0
0.00666666673335007 -0.009999999913472989 0
0.006666666733350656 -0.008333333268643956 0
0.006666666733351245 -0.006666666623814398 0
0.006666666733351834 -0.004999999978983291 0
0.006666666733352422 -0.003333333334152179 0
0.006666666733353012 -0.001666666689320898 0
0.006666666733353598 -4.44906750329821e-11 0
0.006666666733354188 0.001666666600339203 0
0.006666666733354776 0.003333333245169576 0
0.008333333416651434 -0.09333333215516233 0
0.008333333416652065 -0.09166666551032532 0
0.008333333416652699 -0.08999999886548726 0
0.008333333416653335 -0.08833333222065116 0
0.008333333416653967 -0.08666666557581205 0
0.008333333416654602 -0.08499999893097654 0
0.008333333416655233 -0.08333333228613711 0
0.008333333416655863 -0.08166666564130479 0
0.008333333416656499 -0.07999999899646748 0
0.008333333416657132 -0.07833333235163105 0
0.008333333416657766 -0.07666666570679283 0
0.008333333416658399 -0.0749999990619569 0
0.008333333416659032 -0.07333333241711797 0
0.008333333416659667 -0.0716666657722827 0
0.008333333416660298 -0.06999999912744312 0
0.008333333416660933 -0.06833333248260817 0
0.008333333416661565 -0.06666666583776891 0
0.008333333416662196 -0.06499999919293335 0
0.008333333416662831 -0.0633333325480951 0
0.008333333416663466 -0.06166666590325891 0
0.008333333416664097 -0.059999999258421 0
0.008333333416664729 -0.05833333261358888 0
0.008333333416665364 -0.05666666596875054 0
0.008333333416665999 -0.05499999932391567 0
0.00833333341666663 -0.05333333267907841 0
0.008333333416667265 -0.05166666603424115 0
0.0083333334166679 -0.0499999993894039 0
0.008333333416668531 -0.04833333274456685 0
0.008333333416669163 -0.04666666609972982 0
0.008333333416669792 -0.04499999945489394 0
0.008333333416670429 -0.04333333281006541 0
0.008333333416671064 -0.04166666616523802 0
0.008333333416671695 -0.03999999952041014 0
0.008333333416672327 -0.03833333287558011 0
0.008333333416672962 -0.03666666623075007 0
0.008333333416673597 -0.03499999958592003 0
0.008333333416674228 -0.03333333294109021 0
0.008333333416674863 -0.03166666629626008 0
0.008333333416675495 -0.02999999965143052 0
0.008333333416676129 -0.02833333300660042 0
0.008333333416676761 -0.02666666636177076 0
0.008333333416677396 -0.02499999971694155 0
0.008333333416678027 -0.02333333307211167 0
0.008333333416678662 -0.02166666642728145 0
0.008333333416679294 -0.01999999978245163 0
0.008333333416679928 -0.01833333313762139 0
0.00833333341668056 -0.01666666649279153 0
0.008333333416681195 -0.01499999984796133 0
0.008333333416681825 -0.01333333320313141 0
0.008333333416682461 -0.01166666655830169 0
0.008333333416683096 -0.009999999913474153 0
0.008333333416683726 -0.008333333268644947 0
0.008333333416684357 -0.00666666662381534 0
0.008333333416684992 -0.004999999978984065 0
0.008333333416685624 -0.00333333333415287 0
0.00833333341668626 -0.001666666689321439 0
0.008333333416686892 -4.449110177495719e-11 0
0.008333333416687527 0.001666666600338939 0
0.008333333416688161 0.003333333245169437 0
0.01000000009998188 -0.0933333321551624 0
0.01000000009998269 -0.09166666551032554 0
0.0100000000999835 -0.08999999886548761 0
0.01000000009998432 -0.08833333222065166 0
0.01000000009998513 -0.08666666557581264 0
0.01000000009998594 -0.08499999893097719 0
0.01000000009998675 -0.08333333228613798 0
0.01000000009998757 -0.08166666564130573 0
0.01000000009998838 -0.0799999989964686 0
0.01000000009998919 -0.07833333235163234 0
0.01000000009999 -0.07666666570679428 0
0.01000000009999081 -0.07499999906195844 0
0.01000000009999163 -0.07333333241711971 0
0.01000000009999244 -0.07166666577228453 0
0.01000000009999325 -0.06999999912744514 0
0.01000000009999406 -0.06833333248261031 0
0.01000000009999488 -0.06666666583777126 0
0.01000000009999569 -0.06499999919293577 0
0.0100000000999965 -0.06333333254809778 0
0.01000000009999731 -0.06166666590326172 0
0.01000000009999813 -0.05999999925842397 0
0.01000000009999893 -0.05833333261359189 0
0.01000000009999975 -0.05666666596875373 0
0.01000000010000056 -0.05499999932391896 0
0.01000000010000138 -0.05333333267908185 0
0.01000000010000218 -0.05166666603424473 0
0.010000000100003 -0.04999999938940762 0
0.01000000010000381 -0.04833333274457074 0
0.01000000010000462 -0.04666666609973391 0
0.01000000010000543 -0.04499999945489819 0
0.01000000010000625 -0.04333333281006949 0
0.01000000010000706 -0.04166666616524194 0
0.01000000010000787 -0.03999999952041386 0
0.01000000010000868 -0.03833333287558368 0
0.01000000010000949 -0.03666666623075351 0
0.01000000010001031 -0.03499999958592331 0
0.01000000010001112 -0.0333333329410934 0
0.01000000010001193 -0.03166666629626309 0
0.01000000010001274 -0.02999999965143349 0
0.01000000010001356 -0.02833333300660323 0
0.01000000010001437 -0.02666666636177345 0
0.01000000010001518 -0.02499999971694405 0
0.01000000010001599 -0.02333333307211406 0
0.0100000001000168 -0.02166666642728365 0
0.01000000010001762 -0.01999999978245373 0
0.01000000010001843 -0.0183333331376233 0
0.01000000010001924 -0.01666666649279333 0
0.01000000010002005 -0.01499999984796295 0
0.01000000010002087 -0.01333333320313292 0
0.01000000010002168 -0.01166666655830303 0
0.01000000010002249 -0.009999999913475312 0
0.0100000001000233 -0.008333333268645946 0
0.01000000010002412 -0.006666666623816282 0
0.01000000010002493 -0.004999999978984845 0
0.01000000010002574 -0.003333333334153555 0
0.01000000010002655 -0.00166666668932198 0
0.01000000010002736 -4.44915267822088e-11 0
0.01000000010002817 0.001666666600338675 0
0.01000000010002899 0.003333333245169299 0
0.01166666678331289 -0.09333333215516249 0
0.01166666678331384 -0.09166666551032575 0
0.01166666678331479 -0.08999999886548794 0
0.01166666678331576 -0.08833333222065211 0
0.01166666678331671 -0.08666666557581319 0
0.01166666678331766 -0.08499999893097787 0
0.01166666678331861 -0.0833333322861388 0
0.01166666678331957 -0.08166666564130663 0
0.01166666678332052 -0.07999999899646976 0
0.01166666678332148 -0.07833333235163362 0
0.01166666678332243 -0.07666666570679573 0
0.01166666678332338 -0.07499999906195999 0
0.01166666678332434 -0.07333333241712145 0
0.01166666678332529 -0.07166666577228639 0
0.01166666678332625 -0.0699999991274472 0
0.0116666667833272 -0.06833333248261247 0
0.01166666678332815 -0.06666666583777354 0
0.01166666678332911 -0.06499999919293821 0
0.01166666678333006 -0.06333333254810042 0
0.01166666678333102 -0.06166666590326456 0
0.01166666678333197 -0.05999999925842694 0
0.01166666678333293 -0.05833333261359491 0
0.01166666678333388 -0.05666666596875691 0
0.01166666678333483 -0.05499999932392224 0
0.01166666678333579 -0.05333333267908527 0
0.01166666678333674 -0.05166666603424832 0
0.0116666667833377 -0.04999999938941134 0
0.01166666678333865 -0.04833333274457463 0
0.0116666667833396 -0.04666666609973801 0
0.01166666678334056 -0.04499999945490243 0
0.01166666678334151 -0.04333333281007361 0
0.01166666678334247 -0.04166666616524584 0
0.01166666678334342 -0.03999999952041757 0
0.01166666678334438 -0.03833333287558723 0
0.01166666678334533 -0.03666666623075693 0
0.01166666678334628 -0.03499999958592661 0
0.01166666678334724 -0.03333333294109658 0
0.01166666678334819 -0.03166666629626613 0
0.01166666678334915 -0.02999999965143646 0
0.0116666667833501 -0.02833333300660605 0
0.01166666678335105 -0.02666666636177613 0
0.01166666678335201 -0.02499999971694655 0
0.01166666678335296 -0.02333333307211644 0
0.01166666678335392 -0.02166666642728585 0
0.01166666678335487 -0.01999999978245583 0
0.01166666678335582 -0.0183333331376252 0
0.01166666678335678 -0.01666666649279513 0
0.01166666678335773 -0.01499999984796459 0
0.01166666678335869 -0.01333333320313443 0
0.01166666678335964 -0.01166666655830437 0
0.01166666678336059 -0.009999999913476481 0
0.01166666678336155 -0.008333333268646938 0
0.0116666667833625 -0.006666666623817223 0
0.01166666678336346 -0.004999999978985621 0
0.01166666678336441 -0.003333333334154248 0
0.01166666678336536 -0.001666666689322522 0
0.01166666678336632 -4.449195352418389e-11 0
0.01166666678336727 0.00166666660033841 0
0.01166666678336823 0.003333333245169161 0
0.01333333346664209 -0.09333333215516261 0
0.01333333346664307 -0.09166666551032593 0
0.01333333346664404 -0.08999999886548833 0
0.01333333346664503 -0.08833333222065259 0
0.01333333346664601 -0.08666666557581378 0
0.01333333346664698 -0.08499999893097854 0
0.01333333346664797 -0.08333333228613966 0
0.01333333346664895 -0.08166666564130752 0
0.01333333346664992 -0.07999999899647078 0
0.01333333346665091 -0.07833333235163489 0
0.01333333346665188 -0.07666666570679714 0
0.01333333346665286 -0.07499999906196159 0
0.01333333346665385 -0.07333333241712316 0
0.01333333346665482 -0.07166666577228822 0
0.0133333334666558 -0.06999999912744924 0
0.01333333346665678 -0.06833333248261458 0
0.01333333346665776 -0.06666666583777586 0
0.01333333346665874 -0.06499999919294062 0
0.01333333346665972 -0.06333333254810312 0
0.0133333334666607 -0.06166666590326736 0
0.01333333346666168 -0.05999999925842992 0
0.01333333346666266 -0.05833333261359792 0
0.01333333346666364 -0.05666666596876009 0
0.01333333346666462 -0.05499999932392554 0
0.0133333334666656 -0.05333333267908872 0
0.01333333346666658 -0.05166666603425189 0
0.01333333346666756 -0.04999999938941505 0
0.01333333346666854 -0.04833333274457854 0
0.01333333346666952 -0.04666666609974211 0
0.0133333334666705 -0.04499999945490667 0
0.01333333346667148 -0.04333333281007767 0
0.01333333346667246 -0.04166666616524974 0
0.01333333346667344 -0.0399999995204213 0
0.01333333346667442 -0.03833333287559083 0
0.0133333334666754 -0.03666666623076037 0
0.01333333346667638 -0.03499999958592988 0
0.01333333346667735 -0.03333333294109976 0
0.01333333346667834 -0.03166666629626914 0
0.01333333346667932 -0.02999999965143942 0
0.0133333334666803 -0.02833333300660885 0
0.01333333346668128 -0.0266666663617788 0
0.01333333346668226 -0.02499999971694904 0
0.01333333346668323 -0.02333333307211882 0
0.01333333346668421 -0.02166666642728806 0
0.0133333334666852 -0.01999999978245793 0
0.01333333346668618 -0.01833333313762712 0
0.01333333346668716 -0.01666666649279693 0
0.01333333346668813 -0.01499999984796622 0
0.01333333346668911 -0.01333333320313594 0
0.01333333346669009 -0.0116666665583057 0
0.01333333346669107 -0.009999999913477636 0
0.01333333346669205 -0.008333333268647939 0
0.01333333346669303 -0.006666666623818164 0
0.01333333346669401 -0.0049999999789864 0
0.01333333346669499 -0.003333333334154938 0
0.01333333346669597 -0.001666666689323062 0
0.01333333346669695 -4.449237939879724e-11 0
0.01333333346669793 0.001666666600338146 0
0.01333333346669891 0.003333333245169022 0
0.01500000014997096 -0.09333333215516273 0
0.01500000014997212 -0.09166666551032612 0
0.01500000014997328 -0.08999999886548869 0
0.01500000014997443 -0.08833333222065305 0
0.01500000014997559 -0.08666666557581434 0
0.01500000014997675 -0.08499999893097922 0
0.0150000001499779 -0.0833333322861405 0
0.01500000014997907 -0.08166666564130842 0
0.01500000014998022 -0.07999999899647194 0
0.01500000014998138 -0.07833333235163617 0
0.01500000014998254 -0.07666666570679859 0
0.01500000014998369 -0.07499999906196314 0
0.01500000014998485 -0.07333333241712491 0
0.01500000014998601 -0.07166666577229006 0
0.01500000014998717 -0.06999999912745125 0
0.01500000014998833 -0.06833333248261671 0
0.01500000014998949 -0.06666666583777819 0
0.01500000014999064 -0.06499999919294307 0
0.0150000001499918 -0.06333333254810575 0
0.01500000014999296 -0.06166666590327018 0
0.01500000014999412 -0.05999999925843289 0
0.01500000014999528 -0.05833333261360096 0
0.01500000014999643 -0.05666666596876329 0
0.01500000014999759 -0.05499999932392882 0
0.01500000014999875 -0.05333333267909213 0
0.0150000001499999 -0.05166666603425546 0
0.01500000015000106 -0.04999999938941878 0
0.01500000015000222 -0.04833333274458244 0
0.01500000015000338 -0.04666666609974619 0
0.01500000015000454 -0.0449999994549109 0
0.01500000015000569 -0.04333333281008179 0
0.01500000015000685 -0.04166666616525364 0
0.01500000015000801 -0.03999999952042502 0
0.01500000015000917 -0.0383333328755944 0
0.01500000015001033 -0.03666666623076378 0
0.01500000015001149 -0.03499999958593317 0
0.01500000015001264 -0.03333333294110295 0
0.0150000001500138 -0.03166666629627216 0
0.01500000015001496 -0.0299999996514424 0
0.01500000015001611 -0.02833333300661166 0
0.01500000015001727 -0.02666666636178149 0
0.01500000015001843 -0.02499999971695153 0
0.01500000015001959 -0.02333333307212121 0
0.01500000015002075 -0.02166666642729025 0
0.01500000015002191 -0.01999999978246002 0
0.01500000015002306 -0.01833333313762904 0
0.01500000015002422 -0.01666666649279873 0
0.01500000015002538 -0.01499999984796784 0
0.01500000015002654 -0.01333333320313745 0
0.01500000015002769 -0.01166666655830705 0
0.01500000015002885 -0.009999999913478797 0
0.01500000015003001 -0.00833333326864893 0
0.01500000015003116 -0.006666666623819107 0
0.01500000015003232 -0.004999999978987176 0
0.01500000015003348 -0.003333333334155627 0
0.01500000015003464 -0.001666666689323603 0
0.0150000001500358 -4.449280353868712e-11 0
0.01500000015003696 0.001666666600337881 0
0.01500000015003812 0.003333333245168883 0
0.01666666683329966 -0.09333333215516282 0
0.01666666683330103 -0.09166666551032632 0
0.0166666668333024 -0.089999998865489 0
0.01666666683330377 -0.08833333222065354 0
0.01666666683330513 -0.0866666655758149 0
0.0166666668333065 -0.08499999893097987 0
0.01666666683330786 -0.08333333228614136 0
0.01666666683330922 -0.08166666564130935 0
0.01666666683331059 -0.07999999899647305 0
0.01666666683331196 -0.07833333235163747 0
0.01666666683331333 -0.07666666570680003 0
0.01666666683331469 -0.07499999906196472 0
0.01666666683331606 -0.07333333241712665 0
0.01666666683331742 -0.07166666577229193 0
0.01666666683331879 -0.06999999912745328 0
0.01666666683332016 -0.06833333248261884 0
0.01666666683332153 -0.06666666583778047 0
0.01666666683332289 -0.06499999919294548 0
0.01666666683332426 -0.06333333254810844 0
0.01666666683332562 -0.06166666590327299 0
0.01666666683332699 -0.05999999925843585 0
0.01666666683332835 -0.05833333261360398 0
0.01666666683332972 -0.05666666596876647 0
0.01666666683333109 -0.0549999993239321 0
0.01666666683333246 -0.05333333267909556 0
0.01666666683333382 -0.05166666603425903 0
0.01666666683333519 -0.04999999938942249 0
0.01666666683333655 -0.04833333274458634 0
0.01666666683333792 -0.04666666609975031 0
0.01666666683333928 -0.04499999945491515 0
0.01666666683334065 -0.04333333281008588 0
0.01666666683334202 -0.04166666616525753 0
0.01666666683334339 -0.03999999952042874 0
0.01666666683334475 -0.03833333287559797 0
0.01666666683334612 -0.03666666623076723 0
0.01666666683334748 -0.03499999958593647 0
0.01666666683334884 -0.03333333294110614 0
0.01666666683335022 -0.03166666629627519 0
0.01666666683335158 -0.02999999965144537 0
0.01666666683335296 -0.02833333300661448 0
0.01666666683335432 -0.02666666636178416 0
0.01666666683335568 -0.02499999971695403 0
0.01666666683335705 -0.02333333307212359 0
0.01666666683335841 -0.02166666642729246 0
0.01666666683335978 -0.01999999978246212 0
0.01666666683336115 -0.01833333313763093 0
0.01666666683336252 -0.01666666649280054 0
0.01666666683336388 -0.01499999984796947 0
0.01666666683336525 -0.01333333320313895 0
0.01666666683336661 -0.01166666655830838 0
0.01666666683336798 -0.009999999913479961 0
0.01666666683336935 -0.008333333268649927 0
0.01666666683337071 -0.00666666662382005 0
0.01666666683337208 -0.004999999978987956 0
0.01666666683337344 -0.003333333334156318 0
0.01666666683337481 -0.001666666689324145 0
0.01666666683337618 -4.449322941330047e-11 0
0.01666666683337755 0.001666666600337617 0
0.0166666668333789 0.003333333245168746 0
0.01833333351662784 -0.0933333321551629 0
0.0183333335166293 -0.09166666551032647 0
0.01833333351663075 -0.08999999886548937 0
0.0183333335166322 -0.08833333222065402 0
0.01833333351663366 -0.08666666557581547 0
0.01833333351663512 -0.08499999893098055 0
0.01833333351663658 -0.08333333228614222 0
0.01833333351663803 -0.08166666564131025 0
0.01833333351663948 -0.07999999899647417 0
0.01833333351664095 -0.07833333235163875 0
0.0183333335166424 -0.07666666570680147 0
0.01833333351664385 -0.07499999906196626 0
0.01833333351664531 -0.07333333241712839 0
0.01833333351664676 -0.07166666577229377 0
0.01833333351664822 -0.06999999912745532 0
0.01833333351664967 -0.06833333248262097 0
0.01833333351665112 -0.0666666658377828 0
0.01833333351665258 -0.06499999919294791 0
0.01833333351665404 -0.06333333254811108 0
0.0183333335166555 -0.0616666659032758 0
0.01833333351665695 -0.05999999925843882 0
0.0183333335166584 -0.05833333261360699 0
0.01833333351665986 -0.05666666596876965 0
0.01833333351666131 -0.05499999932393539 0
0.01833333351666277 -0.053333332679099 0
0.01833333351666423 -0.05166666603426262 0
0.01833333351666568 -0.04999999938942622 0
0.01833333351666714 -0.04833333274459024 0
0.01833333351666859 -0.0466666660997544 0
0.01833333351667004 -0.04499999945491939 0
0.0183333335166715 -0.04333333281008998 0
0.01833333351667296 -0.04166666616526145 0
0.01833333351667441 -0.03999999952043244 0
0.01833333351667587 -0.03833333287560155 0
0.01833333351667733 -0.03666666623077064 0
0.01833333351667878 -0.03499999958593975 0
0.01833333351668023 -0.03333333294110933 0
0.01833333351668169 -0.0316666662962782 0
0.01833333351668314 -0.02999999965144834 0
0.0183333335166846 -0.02833333300661729 0
0.01833333351668606 -0.02666666636178685 0
0.01833333351668751 -0.02499999971695653 0
0.01833333351668897 -0.02333333307212596 0
0.01833333351669043 -0.02166666642729465 0
0.01833333351669188 -0.01999999978246422 0
0.01833333351669333 -0.01833333313763285 0
0.01833333351669478 -0.01666666649280233 0
0.01833333351669624 -0.0149999998479711 0
0.0183333335166977 -0.01333333320314046 0
0.01833333351669916 -0.01166666655830972 0
0.01833333351670061 -0.009999999913481121 0
0.01833333351670206 -0.008333333268650923 0
0.01833333351670352 -0.006666666623820991 0
0.01833333351670497 -0.004999999978988733 0
0.01833333351670643 -0.003333333334157008 0
0.01833333351670789 -0.001666666689324686 0
0.01833333351670934 -4.449365485423296e-11 0
0.0183333335167108 0.001666666600337351 0
0.01833333351671226 0.003333333245168607 0
0.0200000001999564 -0.093333332155163 0
0.02000000019995806 -0.09166666551032672 0
0.02000000019995971 -0.08999999886548973 0
0.02000000019996137 -0.08833333222065451 0
0.02000000019996303 -0.08666666557581604 0
0.02000000019996468 -0.08499999893098123 0
0.02000000019996634 -0.08333333228614305 0
0.020000000199968 -0.0816666656413111 0
0.02000000019996966 -0.07999999899647528 0
0.02000000019997132 -0.07833333235164001 0
0.02000000019997297 -0.07666666570680292 0
0.02000000019997463 -0.07499999906196782 0
0.02000000019997629 -0.07333333241713012 0
0.02000000019997794 -0.07166666577229561 0
0.0200000001999796 -0.06999999912745736 0
0.02000000019998126 -0.06833333248262312 0
0.02000000019998292 -0.06666666583778513 0
0.02000000019998457 -0.06499999919295034 0
0.02000000019998623 -0.06333333254811377 0
0.02000000019998789 -0.06166666590327863 0
0.02000000019998955 -0.0599999992584418 0
0.0200000001999912 -0.05833333261361002 0
0.02000000019999286 -0.05666666596877285 0
0.02000000019999451 -0.05499999932393867 0
0.02000000019999617 -0.05333333267910242 0
0.02000000019999783 -0.05166666603426619 0
0.02000000019999948 -0.04999999938942994 0
0.02000000020000114 -0.04833333274459415 0
0.0200000002000028 -0.04666666609975849 0
0.02000000020000445 -0.04499999945492364 0
0.02000000020000611 -0.04333333281009408 0
0.02000000020000777 -0.04166666616526535 0
0.02000000020000943 -0.03999999952043617 0
0.02000000020001109 -0.03833333287560511 0
0.02000000020001274 -0.03666666623077407 0
0.0200000002000144 -0.03499999958594302 0
0.02000000020001606 -0.0333333329411125 0
0.02000000020001771 -0.03166666629628122 0
0.02000000020001937 -0.02999999965145131 0
0.02000000020002103 -0.0283333330066201 0
0.02000000020002269 -0.02666666636178953 0
0.02000000020002434 -0.02499999971695902 0
0.020000000200026 -0.02333333307212834 0
0.02000000020002766 -0.02166666642729686 0
0.02000000020002931 -0.01999999978246632 0
0.02000000020003098 -0.01833333313763476 0
0.02000000020003263 -0.01666666649280414 0
0.02000000020003428 -0.01499999984797273 0
0.02000000020003595 -0.01333333320314197 0
0.0200000002000376 -0.01166666655831106 0
0.02000000020003926 -0.009999999913482289 0
0.02000000020004091 -0.008333333268651918 0
0.02000000020004257 -0.006666666623821931 0
0.02000000020004423 -0.004999999978989507 0
0.02000000020004588 -0.003333333334157698 0
0.02000000020004754 -0.001666666689325228 0
0.0200000002000492 -4.449407986148457e-11 0
0.02000000020005085 0.001666666600337087 0
0.02000000020005252 0.003333333245168468 0
0.02166666688328509 -0.09333333215516307 0
0.02166666688328694 -0.09166666551032686 0
0.02166666688328878 -0.08999999886549007 0
0.02166666688329063 -0.08833333222065495 0
0.02166666688329248 -0.08666666557581663 0
0.02166666688329433 -0.0849999989309819 0
0.02166666688329617 -0.08333333228614391 0
0.02166666688329803 -0.08166666564131207 0
0.02166666688329988 -0.07999999899647639 0
0.02166666688330172 -0.0783333323516413 0
0.02166666688330356 -0.07666666570680436 0
0.02166666688330541 -0.07499999906196937 0
0.02166666688330726 -0.07333333241713187 0
0.02166666688330911 -0.07166666577229744 0
0.02166666688331095 -0.06999999912745937 0
0.02166666688331281 -0.06833333248262523 0
0.02166666688331465 -0.06666666583778744 0
0.0216666668833165 -0.06499999919295275 0
0.02166666688331834 -0.06333333254811643 0
0.0216666668833202 -0.06166666590328144 0
0.02166666688332204 -0.05999999925844476 0
0.02166666688332389 -0.05833333261361302 0
0.02166666688332574 -0.05666666596877602 0
0.02166666688332759 -0.05499999932394195 0
0.02166666688332944 -0.05333333267910587 0
0.02166666688333128 -0.05166666603426977 0
0.02166666688333313 -0.04999999938943366 0
0.02166666688333498 -0.04833333274459806 0
0.02166666688333683 -0.04666666609976258 0
0.02166666688333868 -0.04499999945492789 0
0.02166666688334053 -0.04333333281009816 0
0.02166666688334237 -0.04166666616526925 0
0.02166666688334422 -0.03999999952043989 0
0.02166666688334606 -0.03833333287560869 0
0.02166666688334792 -0.03666666623077752 0
0.02166666688334976 -0.03499999958594632 0
0.02166666688335161 -0.03333333294111569 0
0.02166666688335345 -0.03166666629628425 0
0.02166666688335531 -0.02999999965145427 0
0.02166666688335715 -0.02833333300662291 0
0.021666666883359 -0.02666666636179221 0
0.02166666688336084 -0.02499999971696152 0
0.0216666668833627 -0.02333333307213073 0
0.02166666688336455 -0.02166666642729905 0
0.0216666668833664 -0.01999999978246841 0
0.02166666688336824 -0.01833333313763668 0
0.02166666688337009 -0.01666666649280595 0
0.02166666688337193 -0.01499999984797436 0
0.02166666688337378 -0.01333333320314348 0
0.02166666688337563 -0.0116666665583124 0
0.02166666688337748 -0.009999999913483446 0
0.02166666688337933 -0.008333333268652914 0
0.02166666688338117 -0.006666666623822875 0
0.02166666688338302 -0.004999999978990284 0
0.02166666688338487 -0.003333333334158389 0
0.02166666688338671 -0.001666666689325769 0
0.02166666688338858 -4.449450530241705e-11 0
0.02166666688339042 0.001666666600336823 0
0.02166666688339226 0.003333333245168331 0
0.02333333356661393 -0.09333333215516317 0
0.02333333356661585 -0.09166666551032709 0
0.02333333356661778 -0.08999999886549043 0
0.02333333356661971 -0.08833333222065544 0
0.02333333356662163 -0.08666666557581719 0
0.02333333356662356 -0.08499999893098253 0
0.02333333356662548 -0.08333333228614478 0
0.02333333356662741 -0.08166666564131296 0
0.02333333356662934 -0.07999999899647746 0
0.02333333356663126 -0.07833333235164258 0
0.02333333356663319 -0.0766666657068058 0
0.0233333335666351 -0.07499999906197094 0
0.02333333356663704 -0.07333333241713361 0
0.02333333356663896 -0.07166666577229927 0
0.02333333356664088 -0.06999999912746141 0
0.02333333356664281 -0.06833333248262738 0
0.02333333356664474 -0.06666666583778974 0
0.02333333356664666 -0.0649999991929552 0
0.02333333356664858 -0.0633333325481191 0
0.02333333356665051 -0.06166666590328424 0
0.02333333356665244 -0.05999999925844773 0
0.02333333356665437 -0.05833333261361605 0
0.02333333356665628 -0.0566666659687792 0
0.02333333356665821 -0.05499999932394525 0
0.02333333356666014 -0.05333333267910929 0
0.02333333356666206 -0.05166666603427333 0
0.02333333356666398 -0.04999999938943736 0
0.02333333356666591 -0.04833333274460196 0
0.02333333356666784 -0.04666666609976668 0
0.02333333356666977 -0.04499999945493212 0
0.02333333356667169 -0.04333333281010227 0
0.02333333356667362 -0.04166666616527315 0
0.02333333356667554 -0.03999999952044361 0
0.02333333356667746 -0.03833333287561227 0
0.02333333356667939 -0.03666666623078094 0
0.02333333356668131 -0.0349999995859496 0
0.02333333356668324 -0.03333333294111888 0
0.02333333356668517 -0.03166666629628726 0
0.02333333356668709 -0.02999999965145725 0
0.02333333356668902 -0.02833333300662573 0
0.02333333356669094 -0.02666666636179489 0
0.02333333356669286 -0.02499999971696401 0
0.0233333335666948 -0.0233333330721331 0
0.02333333356669672 -0.02166666642730125 0
0.02333333356669864 -0.01999999978247052 0
0.02333333356670057 -0.0183333331376386 0
0.0233333335667025 -0.01666666649280775 0
0.02333333356670442 -0.01499999984797599 0
0.02333333356670634 -0.01333333320314499 0
0.02333333356670827 -0.01166666655831374 0
0.0233333335667102 -0.009999999913484612 0
0.02333333356671212 -0.008333333268653912 0
0.02333333356671405 -0.006666666623823815 0
0.02333333356671597 -0.004999999978991063 0
0.0233333335667179 -0.003333333334159079 0
0.02333333356671982 -0.001666666689326311 0
0.02333333356672174 -4.449493030966867e-11 0
0.02333333356672367 0.001666666600336557 0
0.0233333335667256 0.003333333245168192 0
0.02500000024994224 -0.09333333215516328 0
0.02500000024994439 -0.09166666551032727 0
0.02500000024994654 -0.08999999886549079 0
0.02500000024994868 -0.08833333222065594 0
0.02500000024995084 -0.08666666557581777 0
0.02500000024995298 -0.08499999893098321 0
0.02500000024995514 -0.08333333228614562 0
0.02500000024995729 -0.08166666564131388 0
0.02500000024995944 -0.0799999989964786 0
0.02500000024996159 -0.07833333235164386 0
0.02500000024996373 -0.07666666570680725 0
0.02500000024996589 -0.07499999906197249 0
0.02500000024996803 -0.07333333241713533 0
0.02500000024997019 -0.07166666577230117 0
0.02500000024997234 -0.06999999912746344 0
0.02500000024997449 -0.0683333324826295 0
0.02500000024997664 -0.06666666583779206 0
0.02500000024997878 -0.06499999919295764 0
0.02500000024998093 -0.06333333254812176 0
0.02500000024998309 -0.06166666590328707 0
0.02500000024998524 -0.0599999992584507 0
0.02500000024998739 -0.05833333261361907 0
0.02500000024998954 -0.05666666596878239 0
0.02500000024999169 -0.05499999932394853 0
0.02500000024999384 -0.05333333267911272 0
0.02500000024999599 -0.0516666660342769 0
0.02500000024999813 -0.04999999938944109 0
0.02500000025000029 -0.04833333274460586 0
0.02500000025000244 -0.0466666660997708 0
0.02500000025000458 -0.04499999945493637 0
0.02500000025000673 -0.04333333281010635 0
0.02500000025000888 -0.04166666616527705 0
0.02500000025001103 -0.03999999952044733 0
0.02500000025001319 -0.03833333287561586 0
0.02500000025001534 -0.03666666623078436 0
0.02500000025001749 -0.03499999958595289 0
0.02500000025001964 -0.03333333294112206 0
0.02500000025002178 -0.03166666629629029 0
0.02500000025002393 -0.02999999965146022 0
0.02500000025002608 -0.02833333300662854 0
0.02500000025002824 -0.02666666636179757 0
0.02500000025003038 -0.02499999971696652 0
0.02500000025003253 -0.02333333307213549 0
0.02500000025003468 -0.02166666642730345 0
0.02500000025003683 -0.01999999978247261 0
0.02500000025003898 -0.0183333331376405 0
0.02500000025004114 -0.01666666649280955 0
0.02500000025004329 -0.01499999984797762 0
0.02500000025004544 -0.01333333320314649 0
0.02500000025004759 -0.01166666655831508 0
0.02500000025004974 -0.009999999913485769 0
0.02500000025005189 -0.008333333268654902 0
0.02500000025005404 -0.006666666623824759 0
0.02500000025005619 -0.004999999978991839 0
0.02500000025005834 -0.00333333333415977 0
0.02500000025006049 -0.001666666689326851 0
0.02500000025006263 -4.449535748532463e-11 0
0.02500000025006478 0.001666666600336293 0
0.02500000025006694 0.003333333245168054 0
0.02666666693327055 -0.09333333215516339 0
0.02666666693327293 -0.09166666551032744 0
0.0266666669332753 -0.08999999886549112 0
0.02666666693327767 -0.08833333222065638 0
0.02666666693328004 -0.08666666557581834 0
0.02666666693328243 -0.08499999893098387 0
0.0266666669332848 -0.08333333228614646 0
0.02666666693328717 -0.08166666564131478 0
0.02666666693328955 -0.07999999899647971 0
0.02666666693329191 -0.07833333235164514 0
0.02666666693329429 -0.07666666570680866 0
0.02666666693329666 -0.07499999906197408 0
0.02666666693329905 -0.07333333241713706 0
0.02666666693330142 -0.07166666577230299 0
0.02666666693330379 -0.06999999912746546 0
0.02666666693330616 -0.06833333248263164 0
0.02666666693330854 -0.06666666583779436 0
0.02666666693331092 -0.06499999919296005 0
0.02666666693331329 -0.06333333254812443 0
0.02666666693331567 -0.06166666590328987 0
0.02666666693331804 -0.05999999925845368 0
0.02666666693332042 -0.0583333326136221 0
0.02666666693332278 -0.05666666596878557 0
0.02666666693332516 -0.05499999932395183 0
0.02666666693332754 -0.05333333267911616 0
0.02666666693332991 -0.05166666603428049 0
0.02666666693333228 -0.04999999938944482 0
0.02666666693333466 -0.04833333274460978 0
0.02666666693333703 -0.04666666609977488 0
0.0266666669333394 -0.0449999994549406 0
0.02666666693334178 -0.04333333281011045 0
0.02666666693334415 -0.04166666616528097 0
0.02666666693334653 -0.03999999952045105 0
0.0266666669333489 -0.03833333287561942 0
0.02666666693335128 -0.03666666623078782 0
0.02666666693335365 -0.03499999958595617 0
0.02666666693335602 -0.03333333294112524 0
0.02666666693335839 -0.03166666629629331 0
0.02666666693336077 -0.02999999965146317 0
0.02666666693336315 -0.02833333300663136 0
0.02666666693336552 -0.02666666636180025 0
0.0266666669333679 -0.024999999716969 0
0.02666666693337027 -0.02333333307213787 0
0.02666666693337265 -0.02166666642730566 0
0.02666666693337502 -0.01999999978247471 0
0.02666666693337739 -0.01833333313764241 0
0.02666666693337976 -0.01666666649281136 0
0.02666666693338213 -0.01499999984797925 0
0.02666666693338451 -0.013333333203148 0
0.02666666693338689 -0.01166666655831642 0
0.02666666693338926 -0.009999999913486938 0
0.02666666693339164 -0.008333333268655903 0
0.02666666693339401 -0.006666666623825698 0
0.02666666693339639 -0.004999999978992617 0
0.02666666693339876 -0.003333333334160459 0
0.02666666693340113 -0.001666666689327392 0
0.02666666693340351 -4.449578249257624e-11 0
0.02666666693340588 0.001666666600336028 0
0.02666666693340825 0.003333333245167915 0
0.0283333336165994 -0.09333333215516346 0
0.02833333361660185 -0.09166666551032768 0
0.0283333336166043 -0.08999999886549148 0
0.02833333361660675 -0.08833333222065688 0
0.0283333336166092 -0.08666666557581892 0
0.02833333361661166 -0.08499999893098455 0
0.02833333361661411 -0.08333333228614735 0
0.02833333361661656 -0.08166666564131568 0
0.02833333361661901 -0.07999999899648082 0
0.02833333361662147 -0.0783333323516464 0
0.02833333361662392 -0.07666666570681011 0
0.02833333361662636 -0.07499999906197562 0
0.02833333361662882 -0.0733333324171388 0
0.02833333361663127 -0.07166666577230482 0
0.02833333361663371 -0.06999999912746749 0
0.02833333361663616 -0.06833333248263379 0
0.02833333361663862 -0.06666666583779668 0
0.02833333361664107 -0.06499999919296248 0
0.02833333361664352 -0.06333333254812709 0
0.02833333361664598 -0.06166666590329267 0
0.02833333361664843 -0.05999999925845665 0
0.02833333361665089 -0.05833333261362512 0
0.02833333361665333 -0.05666666596878877 0
0.02833333361665579 -0.0549999993239551 0
0.02833333361665823 -0.05333333267911958 0
0.02833333361666069 -0.05166666603428405 0
0.02833333361666314 -0.04999999938944852 0
0.02833333361666559 -0.04833333274461366 0
0.02833333361666804 -0.04666666609977897 0
0.0283333336166705 -0.04499999945494484 0
0.02833333361667294 -0.04333333281011454 0
0.0283333336166754 -0.04166666616528486 0
0.02833333361667785 -0.03999999952045476 0
0.0283333336166803 -0.038333332875623 0
0.02833333361668275 -0.03666666623079123 0
0.02833333361668521 -0.03499999958595947 0
0.02833333361668765 -0.03333333294112844 0
0.02833333361669011 -0.03166666629629632 0
0.02833333361669256 -0.02999999965146614 0
0.02833333361669501 -0.02833333300663418 0
0.02833333361669746 -0.02666666636180294 0
0.02833333361669992 -0.0249999997169715 0
0.02833333361670236 -0.02333333307214025 0
0.02833333361670482 -0.02166666642730786 0
0.02833333361670727 -0.0199999997824768 0
0.02833333361670972 -0.01833333313764433 0
0.02833333361671217 -0.01666666649281316 0
0.02833333361671463 -0.01499999984798087 0
0.02833333361671707 -0.01333333320314951 0
0.02833333361671952 -0.01166666655831776 0
0.02833333361672197 -0.009999999913488097 0
0.02833333361672444 -0.008333333268656894 0
0.02833333361672688 -0.006666666623826641 0
0.02833333361672934 -0.004999999978993397 0
0.02833333361673179 -0.003333333334161148 0
0.02833333361673424 -0.001666666689327935 0
0.02833333361673669 -4.449620880087046e-11 0
0.02833333361673914 0.001666666600335764 0
0.02833333361674159 0.003333333245167777 0
0.03000000029992808 -0.09333333215516355 0
0.03000000029993072 -0.09166666551032783 0
0.03000000029993337 -0.08999999886549186 0
0.03000000029993601 -0.08833333222065733 0
0.03000000029993865 -0.08666666557581947 0
0.0300000002999413 -0.08499999893098521 0
0.03000000029994394 -0.08333333228614818 0
0.03000000029994658 -0.08166666564131657 0
0.03000000029994922 -0.0799999989964819 0
0.03000000029995187 -0.0783333323516477 0
0.03000000029995451 -0.07666666570681155 0
0.03000000029995714 -0.07499999906197717 0
0.03000000029995979 -0.07333333241714053 0
0.03000000029996243 -0.07166666577230665 0
0.03000000029996508 -0.06999999912746951 0
0.03000000029996772 -0.06833333248263589 0
0.03000000029997036 -0.06666666583779901 0
0.03000000029997301 -0.06499999919296492 0
0.03000000029997565 -0.06333333254812977 0
0.03000000029997828 -0.06166666590329548 0
0.03000000029998093 -0.0599999992584596 0
0.03000000029998356 -0.05833333261362814 0
0.03000000029998622 -0.05666666596879195 0
0.03000000029998886 -0.05499999932395839 0
0.0300000002999915 -0.05333333267912301 0
0.03000000029999414 -0.05166666603428763 0
0.03000000029999678 -0.04999999938945225 0
0.03000000029999942 -0.04833333274461758 0
0.03000000030000207 -0.04666666609978307 0
0.03000000030000471 -0.0449999994549491 0
0.03000000030000736 -0.04333333281011865 0
0.03000000030000999 -0.04166666616528877 0
0.03000000030001264 -0.03999999952045849 0
0.03000000030001528 -0.03833333287562658 0
0.03000000030001792 -0.03666666623079468 0
0.03000000030002056 -0.03499999958596275 0
0.03000000030002321 -0.03333333294113164 0
0.03000000030002586 -0.03166666629629936 0
0.0300000003000285 -0.02999999965146911 0
0.03000000030003114 -0.02833333300663698 0
0.03000000030003378 -0.02666666636180562 0
0.03000000030003641 -0.024999999716974 0
0.03000000030003906 -0.02333333307214263 0
0.03000000030004171 -0.02166666642731005 0
0.03000000030004434 -0.01999999978247891 0
0.03000000030004699 -0.01833333313764623 0
0.03000000030004963 -0.01666666649281497 0
0.03000000030005227 -0.01499999984798251 0
0.03000000030005492 -0.01333333320315102 0
0.03000000030005755 -0.0116666665583191 0
0.0300000003000602 -0.009999999913489259 0
0.03000000030006284 -0.008333333268657895 0
0.03000000030006549 -0.006666666623827584 0
0.03000000030006813 -0.00499999997899417 0
0.03000000030007077 -0.003333333334161837 0
0.03000000030007342 -0.001666666689328475 0
0.03000000030007605 -4.44966320733986e-11 0
0.0300000003000787 0.0016666666003355 0
0.03000000030008134 0.00333333324516764 0
0.03166666698325598 -0.09333333215516368 0
0.03166666698325883 -0.09166666551032802 0
0.03166666698326169 -0.08999999886549218 0
0.03166666698326454 -0.08833333222065781 0
0.03166666698326739 -0.08666666557582003 0
0.03166666698327026 -0.08499999893098589 0
0.03166666698327311 -0.08333333228614902 0
0.03166666698327596 -0.0816666656413175 0
0.03166666698327882 -0.07999999899648302 0
0.03166666698328168 -0.07833333235164898 0
0.03166666698328453 -0.07666666570681298 0
0.03166666698328739 -0.07499999906197875 0
0.03166666698329024 -0.07333333241714225 0
0.0316666669832931 -0.0716666657723085 0
0.03166666698329595 -0.06999999912747157 0
0.03166666698329882 -0.06833333248263807 0
0.03166666698330167 -0.06666666583780134 0
0.03166666698330452 -0.06499999919296735 0
0.03166666698330738 -0.06333333254813242 0
0.03166666698331022 -0.06166666590329831 0
0.03166666698331309 -0.05999999925846258 0
0.03166666698331594 -0.05833333261363114 0
0.0316666669833188 -0.05666666596879513 0
0.03166666698332166 -0.05499999932396167 0
0.0316666669833245 -0.05333333267912644 0
0.03166666698332736 -0.0516666660342912 0
0.03166666698333022 -0.04999999938945597 0
0.03166666698333306 -0.04833333274462148 0
0.03166666698333594 -0.04666666609978717 0
0.03166666698333878 -0.04499999945495333 0
0.03166666698334164 -0.04333333281012273 0
0.0316666669833445 -0.04166666616529268 0
0.03166666698334736 -0.03999999952046221 0
0.0316666669833502 -0.03833333287563015 0
0.03166666698335306 -0.03666666623079809 0
0.03166666698335592 -0.03499999958596603 0
0.03166666698335878 -0.03333333294113481 0
0.03166666698336162 -0.03166666629630237 0
0.03166666698336448 -0.02999999965147208 0
0.03166666698336734 -0.0283333330066398 0
0.0316666669833702 -0.0266666663618083 0
0.03166666698337305 -0.02499999971697649 0
0.0316666669833759 -0.02333333307214501 0
0.03166666698337877 -0.02166666642731226 0
0.03166666698338161 -0.01999999978248101 0
0.03166666698338447 -0.01833333313764814 0
0.03166666698338733 -0.01666666649281677 0
0.03166666698339019 -0.01499999984798414 0
0.03166666698339304 -0.01333333320315253 0
0.03166666698339591 -0.01166666655832043 0
0.03166666698339875 -0.009999999913490418 0
0.03166666698340161 -0.008333333268658885 0
0.03166666698340447 -0.006666666623828527 0
0.03166666698340731 -0.004999999978994949 0
0.03166666698341018 -0.003333333334162528 0
0.03166666698341303 -0.001666666689329018 0
0.03166666698341589 -4.449705838169282e-11 0
0.03166666698341875 0.001666666600335235 0
0.03166666698342159 0.0033333332451675 0
0.03333333366658504 -0.09333333215516376 0
0.03333333366658795 -0.09166666551032822 0
0.03333333366659089 -0.08999999886549252 0
0.03333333366659384 -0.08833333222065828 0
0.03333333366659675 -0.08666666557582063 0
0.03333333366659968 -0.08499999893098655 0
0.03333333366660261 -0.08333333228614989 0
0.03333333366660555 -0.0816666656413184 0
0.03333333366660848 -0.07999999899648412 0
0.0333333336666114 -0.07833333235165026 0
0.03333333366661433 -0.07666666570681444 0
0.03333333366661726 -0.07499999906198032 0
0.03333333366662019 -0.073333332417144 0
0.03333333366662312 -0.07166666577231037 0
0.03333333366662605 -0.06999999912747357 0
0.03333333366662898 -0.06833333248264016 0
0.03333333366663192 -0.06666666583780362 0
0.03333333366663484 -0.06499999919296978 0
0.03333333366663777 -0.06333333254813509 0
0.03333333366664071 -0.06166666590330113 0
0.03333333366664364 -0.05999999925846555 0
0.03333333366664656 -0.05833333261363417 0
0.03333333366664949 -0.05666666596879831 0
0.03333333366665241 -0.05499999932396495 0
0.03333333366665534 -0.05333333267912987 0
0.03333333366665828 -0.05166666603429479 0
0.0333333336666612 -0.04999999938945968 0
0.03333333366666413 -0.04833333274462537 0
0.03333333366666705 -0.04666666609979124 0
0.03333333366667 -0.04499999945495757 0
0.03333333366667292 -0.04333333281012683 0
0.03333333366667584 -0.04166666616529656 0
0.03333333366667877 -0.03999999952046593 0
0.03333333366668171 -0.03833333287563372 0
0.03333333366668462 -0.03666666623080153 0
0.03333333366668757 -0.03499999958596933 0
0.03333333366669049 -0.03333333294113798 0
0.03333333366669342 -0.03166666629630539 0
0.03333333366669635 -0.02999999965147506 0
0.03333333366669929 -0.02833333300664262 0
0.03333333366670221 -0.02666666636181098 0
0.03333333366670514 -0.02499999971697898 0
0.03333333366670806 -0.0233333330721474 0
0.03333333366671099 -0.02166666642731445 0
0.03333333366671392 -0.0199999997824831 0
0.03333333366671685 -0.01833333313765006 0
0.03333333366671978 -0.01666666649281857 0
0.03333333366672271 -0.01499999984798576 0
0.03333333366672565 -0.01333333320315404 0
0.03333333366672856 -0.01166666655832177 0
0.03333333366673151 -0.009999999913491578 0
0.03333333366673444 -0.008333333268659886 0
0.03333333366673737 -0.006666666623829467 0
0.03333333366674029 -0.004999999978995728 0
0.03333333366674322 -0.003333333334163219 0
0.03333333366674615 -0.00166666668932956 0
0.03333333366674907 -4.449748382262531e-11 0
0.03333333366675201 0.00166666660033497 0
0.03333333366675493 0.003333333245167362 0
0.03500000034991364 -0.09333333215516383 0
0.03500000034991678 -0.09166666551032843 0
0.03500000034991992 -0.0899999988654929 0
0.03500000034992308 -0.08833333222065878 0
0.0350000003499262 -0.08666666557582119 0
0.03500000034992933 -0.08499999893098723 0
0.03500000034993249 -0.08333333228615071 0
0.03500000034993563 -0.08166666564131929 0
0.03500000034993875 -0.07999999899648523 0
0.03500000034994191 -0.07833333235165155 0
0.03500000034994505 -0.07666666570681588 0
0.03500000034994818 -0.07499999906198188 0
0.03500000034995132 -0.07333333241714575 0
0.03500000034995446 -0.0716666657723122 0
0.03500000034995759 -0.06999999912747562 0
0.03500000034996074 -0.0683333324826423 0
0.03500000034996387 -0.06666666583780595 0
0.03500000034996702 -0.0649999991929722 0
0.03500000034997015 -0.06333333254813775 0
0.03500000034997329 -0.06166666590330393 0
0.03500000034997644 -0.05999999925846853 0
0.03500000034997957 -0.05833333261363719 0
0.03500000034998271 -0.0566666659688015 0
0.03500000034998586 -0.05499999932396823 0
0.035000000349989 -0.0533333326791333 0
0.03500000034999214 -0.05166666603429836 0
0.03500000034999527 -0.04999999938946341 0
0.03500000034999841 -0.04833333274462929 0
0.03500000035000156 -0.04666666609979535 0
0.03500000035000467 -0.04499999945496182 0
0.03500000035000782 -0.04333333281013093 0
0.03500000035001097 -0.04166666616530047 0
0.0350000003500141 -0.03999999952046965 0
0.03500000035001725 -0.03833333287563729 0
0.03500000035002039 -0.03666666623080495 0
0.03500000035002353 -0.0349999995859726 0
0.03500000035002666 -0.03333333294114117 0
0.0350000003500298 -0.03166666629630842 0
0.03500000035003295 -0.02999999965147802 0
0.03500000035003609 -0.02833333300664543 0
0.03500000035003922 -0.02666666636181367 0
0.03500000035004236 -0.02499999971698148 0
0.03500000035004551 -0.02333333307214977 0
0.03500000035004865 -0.02166666642731666 0
0.03500000035005178 -0.0199999997824852 0
0.03500000035005491 -0.01833333313765197 0
0.03500000035005806 -0.01666666649282038 0
0.03500000035006119 -0.01499999984798739 0
0.03500000035006434 -0.01333333320315555 0
0.03500000035006747 -0.01166666655832311 0
0.03500000035007061 -0.009999999913492744 0
0.03500000035007376 -0.008333333268660877 0
0.03500000035007689 -0.00666666662383041 0
0.03500000035008003 -0.004999999978996503 0
0.03500000035008317 -0.003333333334163909 0
0.0350000003500863 -0.001666666689330101 0
0.03500000035008944 -4.449791013091953e-11 0
0.03500000035009258 0.001666666600334705 0
0.03500000035009573 0.003333333245167224 0
0.03666666703324145 -0.09333333215516394 0
0.03666666703324478 -0.09166666551032859 0
0.0366666670332481 -0.08999999886549323 0
0.03666666703325144 -0.08833333222065927 0
0.03666666703325479 -0.08666666557582177 0
0.03666666703325812 -0.08499999893098789 0
0.03666666703326146 -0.08333333228615157 0
0.03666666703326479 -0.08166666564132022 0
0.03666666703326812 -0.07999999899648637 0
0.03666666703327147 -0.07833333235165282 0
0.0366666670332748 -0.07666666570681732 0
0.03666666703327813 -0.07499999906198342 0
0.03666666703328147 -0.07333333241714747 0
0.03666666703328479 -0.07166666577231404 0
0.03666666703328815 -0.06999999912747765 0
0.03666666703329148 -0.06833333248264445 0
0.03666666703329482 -0.06666666583780825 0
0.03666666703329814 -0.06499999919297463 0
0.03666666703330149 -0.06333333254814041 0
0.03666666703330482 -0.06166666590330674 0
0.03666666703330816 -0.05999999925847149 0
0.03666666703331149 -0.05833333261364022 0
0.03666666703331484 -0.05666666596880468 0
0.03666666703331817 -0.05499999932397153 0
0.0366666670333215 -0.05333333267913672 0
0.03666666703332483 -0.05166666603430195 0
0.03666666703332817 -0.04999999938946711 0
0.0366666670333315 -0.04833333274463317 0
0.03666666703333483 -0.04666666609979946 0
0.03666666703333817 -0.04499999945496606 0
0.03666666703334152 -0.04333333281013502 0
0.03666666703334485 -0.04166666616530438 0
0.03666666703334819 -0.03999999952047337 0
0.03666666703335152 -0.03833333287564086 0
0.03666666703335486 -0.03666666623080839 0
0.03666666703335819 -0.03499999958597588 0
0.03666666703336154 -0.03333333294114436 0
0.03666666703336487 -0.03166666629631144 0
0.0366666670333682 -0.02999999965148099 0
0.03666666703337154 -0.02833333300664824 0
0.03666666703337487 -0.02666666636181634 0
0.0366666670333782 -0.02499999971698398 0
0.03666666703338155 -0.02333333307215216 0
0.03666666703338488 -0.02166666642731886 0
0.03666666703338821 -0.01999999978248729 0
0.03666666703339155 -0.01833333313765388 0
0.03666666703339488 -0.01666666649282218 0
0.03666666703339823 -0.01499999984798902 0
0.03666666703340155 -0.01333333320315705 0
0.03666666703340488 -0.01166666655832445 0
0.03666666703340823 -0.009999999913493901 0
0.03666666703341157 -0.008333333268661879 0
0.03666666703341489 -0.006666666623831351 0
0.03666666703341824 -0.004999999978997281 0
0.03666666703342157 -0.003333333334164599 0
0.0366666670334249 -0.001666666689330642 0
0.03666666703342824 -4.449833513817114e-11 0
0.03666666703343159 0.00166666660033444 0
0.03666666703343491 0.003333333245167085 0
0.03833333371657154 -0.09333333215516407 0
0.03833333371657498 -0.09166666551032883 0
0.03833333371657838 -0.08999999886549361 0
0.03833333371658179 -0.08833333222065973 0
0.03833333371658521 -0.08666666557582237 0
0.03833333371658863 -0.08499999893098853 0
0.03833333371659203 -0.08333333228615243 0
0.03833333371659545 -0.08166666564132112 0
0.03833333371659887 -0.07999999899648746 0
0.03833333371660227 -0.0783333323516541 0
0.03833333371660569 -0.07666666570681877 0
0.03833333371660912 -0.07499999906198498 0
0.03833333371661253 -0.07333333241714921 0
0.03833333371661594 -0.0716666657723159 0
0.03833333371661937 -0.06999999912747967 0
0.03833333371662277 -0.06833333248264656 0
0.03833333371662619 -0.06666666583781056 0
0.0383333337166296 -0.06499999919297703 0
0.03833333371663301 -0.06333333254814308 0
0.03833333371663644 -0.06166666590330955 0
0.03833333371663984 -0.05999999925847446 0
0.03833333371664327 -0.05833333261364326 0
0.03833333371664668 -0.05666666596880787 0
0.03833333371665008 -0.05499999932397481 0
0.03833333371665351 -0.05333333267914016 0
0.03833333371665693 -0.0516666660343055 0
0.03833333371666034 -0.04999999938947083 0
0.03833333371666375 -0.04833333274463709 0
0.03833333371666717 -0.04666666609980355 0
0.03833333371667057 -0.0449999994549703 0
0.03833333371667401 -0.04333333281013913 0
0.03833333371667742 -0.04166666616530827 0
0.03833333371668084 -0.03999999952047707 0
0.03833333371668425 -0.03833333287564444 0
0.03833333371668766 -0.03666666623081179 0
0.03833333371669108 -0.03499999958597919 0
0.03833333371669449 -0.03333333294114755 0
0.03833333371669791 -0.03166666629631445 0
0.03833333371670132 -0.02999999965148397 0
0.03833333371670473 -0.02833333300665105 0
0.03833333371670815 -0.02666666636181902 0
0.03833333371671156 -0.02499999971698648 0
0.03833333371671497 -0.02333333307215453 0
0.03833333371671839 -0.02166666642732106 0
0.0383333337167218 -0.01999999978248939 0
0.03833333371672522 -0.01833333313765579 0
0.03833333371672863 -0.01666666649282398 0
0.03833333371673205 -0.01499999984799064 0
0.03833333371673546 -0.01333333320315856 0
0.03833333371673887 -0.01166666655832579 0
0.0383333337167423 -0.00999999991349507 0
0.0383333337167457 -0.008333333268662872 0
0.03833333371674913 -0.006666666623832291 0
0.03833333371675256 -0.004999999978998058 0
0.03833333371675597 -0.00333333333416529 0
0.03833333371675937 -0.001666666689331183 0
0.03833333371676279 -4.449876057910362e-11 0
0.03833333371676621 0.001666666600334176 0
0.03833333371676963 0.003333333245166948 0
0.04000000039989931 -0.09333333215516414 0
0.0400000003999029 -0.09166666551032901 0
0.04000000039990648 -0.08999999886549394 0
0.04000000039991005 -0.08833333222066021 0
0.04000000039991365 -0.08666666557582289 0
0.04000000039991724 -0.08499999893098924 0
0.04000000039992082 -0.08333333228615326 0
0.04000000039992441 -0.08166666564132202 0
0.04000000039992799 -0.07999999899648856 0
0.04000000039993157 -0.07833333235165536 0
0.04000000039993517 -0.07666666570682021 0
0.04000000039993876 -0.07499999906198654 0
0.04000000039994232 -0.07333333241715094 0
0.04000000039994592 -0.07166666577231771 0
0.0400000003999495 -0.0699999991274817 0
0.04000000039995309 -0.06833333248264872 0
0.04000000039995667 -0.06666666583781289 0
0.04000000039996025 -0.06499999919297945 0
0.04000000039996383 -0.06333333254814576 0
0.04000000039996743 -0.06166666590331236 0
0.040000000399971 -0.05999999925847744 0
0.04000000039997459 -0.05833333261364625 0
0.04000000039997817 -0.05666666596881105 0
0.04000000039998176 -0.05499999932397811 0
0.04000000039998534 -0.05333333267914358 0
0.04000000039998892 -0.05166666603430908 0
0.04000000039999252 -0.04999999938947455 0
0.04000000039999609 -0.04833333274464098 0
0.04000000039999967 -0.04666666609980764 0
0.04000000040000327 -0.04499999945497454 0
0.04000000040000685 -0.04333333281014322 0
0.04000000040001043 -0.04166666616531217 0
0.04000000040001402 -0.03999999952048079 0
0.0400000004000176 -0.03833333287564801 0
0.04000000040002118 -0.03666666623081525 0
0.04000000040002476 -0.03499999958598246 0
0.04000000040002836 -0.03333333294115073 0
0.04000000040003194 -0.03166666629631747 0
0.04000000040003553 -0.02999999965148694 0
0.0400000004000391 -0.02833333300665387 0
0.04000000040004269 -0.0266666663618217 0
0.04000000040004627 -0.02499999971698897 0
0.04000000040004986 -0.02333333307215692 0
0.04000000040005344 -0.02166666642732325 0
0.04000000040005704 -0.01999999978249149 0
0.04000000040006061 -0.0183333331376577 0
0.04000000040006419 -0.01666666649282578 0
0.04000000040006777 -0.01499999984799227 0
0.04000000040007137 -0.01333333320316007 0
0.04000000040007496 -0.01166666655832713 0
0.04000000040007853 -0.009999999913496227 0
0.04000000040008212 -0.008333333268663871 0
0.0400000004000857 -0.006666666623833236 0
0.04000000040008929 -0.004999999978998835 0
0.04000000040009286 -0.00333333333416598 0
0.04000000040009646 -0.001666666689331724 0
0.04000000040010004 -4.449918645371698e-11 0
0.04000000040010363 0.001666666600333912 0
0.04000000040010721 0.003333333245166809 0
0.04166666708322789 -0.09333333215516423 0
0.04166666708323161 -0.09166666551032922 0
0.04166666708323535 -0.08999999886549427 0
0.04166666708323908 -0.08833333222066067 0
0.04166666708324283 -0.08666666557582349 0
0.04166666708324658 -0.08499999893098993 0
0.04166666708325031 -0.08333333228615412 0
0.04166666708325405 -0.08166666564132291 0
0.04166666708325779 -0.07999999899648969 0
0.04166666708326152 -0.07833333235165664 0
0.04166666708326527 -0.07666666570682165 0
0.041666667083269 -0.07499999906198812 0
0.04166666708327274 -0.0733333324171527 0
0.04166666708327649 -0.07166666577231957 0
0.04166666708328022 -0.06999999912748373 0
0.04166666708328395 -0.06833333248265082 0
0.04166666708328769 -0.06666666583781519 0
0.04166666708329143 -0.0649999991929819 0
0.04166666708329518 -0.06333333254814841 0
0.04166666708329892 -0.06166666590331518 0
0.04166666708330266 -0.05999999925848038 0
0.04166666708330639 -0.05833333261364928 0
0.04166666708331013 -0.05666666596881426 0
0.04166666708331387 -0.05499999932398138 0
0.04166666708331761 -0.05333333267914701 0
0.04166666708332135 -0.05166666603431266 0
0.04166666708332509 -0.04999999938947827 0
0.04166666708332883 -0.04833333274464488 0
0.04166666708333257 -0.04666666609981174 0
0.04166666708333631 -0.04499999945497879 0
0.04166666708334005 -0.04333333281014733 0
0.04166666708334378 -0.04166666616531607 0
0.04166666708334753 -0.03999999952048452 0
0.04166666708335126 -0.03833333287565159 0
0.04166666708335499 -0.03666666623081868 0
0.04166666708335874 -0.03499999958598574 0
0.04166666708336247 -0.03333333294115391 0
0.04166666708336622 -0.03166666629632049 0
0.04166666708336995 -0.0299999996514899 0
0.04166666708337368 -0.02833333300665668 0
0.04166666708337743 -0.02666666636182439 0
0.04166666708338117 -0.02499999971699147 0
0.04166666708338491 -0.02333333307215931 0
0.04166666708338864 -0.02166666642732546 0
0.04166666708339238 -0.0199999997824936 0
0.04166666708339613 -0.01833333313765962 0
0.04166666708339987 -0.01666666649282758 0
0.04166666708340359 -0.01499999984799391 0
0.04166666708340734 -0.01333333320316158 0
0.04166666708341108 -0.01166666655832847 0
0.04166666708341482 -0.009999999913497395 0
0.04166666708341855 -0.00833333326866486 0
0.0416666670834223 -0.00666666662383418 0
0.04166666708342603 -0.004999999978999612 0
0.04166666708342976 -0.003333333334166669 0
0.04166666708343351 -0.001666666689332265 0
0.04166666708343725 -4.449961146096859e-11 0
0.04166666708344099 0.001666666600333647 0
0.04166666708344473 0.003333333245166671 0
0.04333333376655672 -0.09333333215516432 0
0.04333333376656061 -0.09166666551032937 0
0.04333333376656451 -0.08999999886549465 0
0.04333333376656841 -0.08833333222066116 0
0.04333333376657232 -0.08666666557582405 0
0.04333333376657621 -0.0849999989309906 0
0.04333333376658013 -0.083333332286155 0
0.04333333376658402 -0.08166666564132383 0
0.04333333376658792 -0.0799999989964908 0
0.04333333376659182 -0.07833333235165793 0
0.04333333376659573 -0.0766666657068231 0
0.04333333376659963 -0.07499999906198968 0
0.04333333376660352 -0.07333333241715441 0
0.04333333376660741 -0.07166666577232142 0
0.0433333337666113 -0.06999999912748578 0
0.04333333376661523 -0.06833333248265296 0
0.04333333376661912 -0.0666666658378175 0
0.04333333376662302 -0.06499999919298435 0
0.04333333376662692 -0.06333333254815107 0
0.04333333376663083 -0.061666665903318 0
0.04333333376663474 -0.05999999925848338 0
0.04333333376663863 -0.0583333326136523 0
0.04333333376664253 -0.05666666596881742 0
0.04333333376664643 -0.05499999932398467 0
0.04333333376665034 -0.05333333267915045 0
0.04333333376665423 -0.05166666603431624 0
0.04333333376665814 -0.04999999938948201 0
0.04333333376666203 -0.0483333327446488 0
0.04333333376666593 -0.04666666609981582 0
0.04333333376666983 -0.04499999945498304 0
0.04333333376667374 -0.0433333328101514 0
0.04333333376667763 -0.04166666616531998 0
0.04333333376668153 -0.03999999952048824 0
0.04333333376668543 -0.03833333287565518 0
0.04333333376668932 -0.03666666623082209 0
0.04333333376669322 -0.03499999958598903 0
0.04333333376669714 -0.03333333294115711 0
0.04333333376670104 -0.03166666629632351 0
0.04333333376670494 -0.02999999965149287 0
0.04333333376670884 -0.02833333300665949 0
0.04333333376671274 -0.02666666636182707 0
0.04333333376671664 -0.02499999971699396 0
0.04333333376672054 -0.02333333307216168 0
0.04333333376672445 -0.02166666642732766 0
0.04333333376672834 -0.01999999978249569 0
0.04333333376673225 -0.01833333313766152 0
0.04333333376673613 -0.01666666649282939 0
0.04333333376674005 -0.01499999984799554 0
0.04333333376674393 -0.01333333320316309 0
0.04333333376674785 -0.01166666655832981 0
0.04333333376675175 -0.009999999913498554 0
0.04333333376675565 -0.008333333268665859 0
0.04333333376675955 -0.006666666623835119 0
0.04333333376676345 -0.004999999979000387 0
0.04333333376676735 -0.003333333334167358 0
0.04333333376677125 -0.001666666689332806 0
0.04333333376677515 -4.450003776926281e-11 0
0.04333333376677905 0.001666666600333382 0
0.04333333376678296 0.003333333245166533 0
0.045000000449885 -0.09333333215516444 0
0.04500000044988904 -0.09166666551032961 0
0.04500000044989308 -0.08999999886549499 0
0.04500000044989714 -0.08833333222066163 0
0.04500000044990118 -0.08666666557582463 0
0.04500000044990522 -0.08499999893099126 0
0.04500000044990927 -0.08333333228615582 0
0.04500000044991331 -0.08166666564132473 0
0.04500000044991738 -0.07999999899649192 0
0.04500000044992141 -0.07833333235165921 0
0.04500000044992546 -0.07666666570682454 0
0.04500000044992952 -0.07499999906199126 0
0.04500000044993355 -0.07333333241715616 0
0.0450000004499376 -0.07166666577232325 0
0.04500000044994165 -0.06999999912748778 0
0.0450000004499457 -0.06833333248265511 0
0.04500000044994976 -0.06666666583781983 0
0.0450000004499538 -0.06499999919298675 0
0.04500000044995784 -0.06333333254815375 0
0.04500000044996189 -0.06166666590332082 0
0.04500000044996592 -0.05999999925848635 0
0.04500000044996998 -0.05833333261365532 0
0.04500000044997403 -0.05666666596882061 0
0.04500000044997808 -0.05499999932398796 0
0.04500000044998212 -0.05333333267915388 0
0.04500000044998619 -0.05166666603431982 0
0.04500000044999021 -0.04999999938948572 0
0.04500000044999427 -0.04833333274465269 0
0.04500000044999831 -0.04666666609981991 0
0.04500000045000237 -0.04499999945498727 0
0.04500000045000641 -0.04333333281015551 0
0.04500000045001046 -0.04166666616532388 0
0.0450000004500145 -0.03999999952049196 0
0.04500000045001856 -0.03833333287565874 0
0.0450000004500226 -0.03666666623082554 0
0.04500000045002666 -0.0349999995859923 0
0.04500000045003071 -0.03333333294116028 0
0.04500000045003474 -0.03166666629632654 0
0.04500000045003878 -0.02999999965149584 0
0.04500000045004284 -0.0283333330066623 0
0.04500000045004689 -0.02666666636182975 0
0.04500000045005095 -0.02499999971699645 0
0.04500000045005499 -0.02333333307216406 0
0.04500000045005904 -0.02166666642732986 0
0.04500000045006308 -0.01999999978249779 0
0.04500000045006712 -0.01833333313766344 0
0.04500000045007117 -0.01666666649283119 0
0.04500000045007523 -0.01499999984799717 0
0.04500000045007927 -0.01333333320316459 0
0.04500000045008332 -0.01166666655833114 0
0.04500000045008735 -0.009999999913499716 0
0.04500000045009141 -0.008333333268666853 0
0.04500000045009546 -0.006666666623836059 0
0.04500000045009951 -0.004999999979001165 0
0.04500000045010356 -0.00333333333416805 0
0.04500000045010761 -0.001666666689333348 0
0.04500000045011165 -4.450046234283356e-11 0
0.0450000004501157 0.001666666600333118 0
0.04500000045011975 0.003333333245166394 0
0.04666666713321303 -0.09333333215516454 0
0.04666666713321724 -0.09166666551032976 0
0.04666666713322145 -0.08999999886549537 0
0.04666666713322568 -0.0883333322206621 0
0.04666666713322987 -0.08666666557582517 0
0.0466666671332341 -0.08499999893099193 0
0.04666666713323832 -0.08333333228615668 0
0.04666666713324254 -0.08166666564132563 0
0.04666666713324675 -0.07999999899649302 0
0.04666666713325097 -0.07833333235166048 0
0.04666666713325519 -0.07666666570682595 0
0.0466666671332594 -0.07499999906199281 0
0.04666666713326362 -0.07333333241715788 0
0.04666666713326784 -0.07166666577232508 0
0.04666666713327206 -0.06999999912748985 0
0.04666666713327627 -0.06833333248265723 0
0.04666666713328049 -0.06666666583782216 0
0.04666666713328471 -0.06499999919298917 0
0.04666666713328891 -0.06333333254815642 0
0.04666666713329315 -0.06166666590332363 0
0.04666666713329735 -0.05999999925848929 0
0.04666666713330157 -0.05833333261365835 0
0.04666666713330579 -0.05666666596882379 0
0.04666666713331002 -0.05499999932399124 0
0.04666666713331424 -0.05333333267915731 0
0.04666666713331845 -0.05166666603432338 0
0.04666666713332265 -0.04999999938948945 0
0.04666666713332689 -0.04833333274465661 0
0.04666666713333111 -0.04666666609982402 0
0.04666666713333532 -0.04499999945499152 0
0.04666666713333953 -0.04333333281015959 0
0.04666666713334375 -0.04166666616532778 0
0.04666666713334797 -0.03999999952049569 0
0.04666666713335219 -0.03833333287566233 0
0.0466666671333564 -0.03666666623082898 0
0.04666666713336062 -0.03499999958599562 0
0.04666666713336484 -0.03333333294116346 0
0.04666666713336905 -0.03166666629632956 0
0.04666666713337328 -0.02999999965149882 0
0.04666666713337748 -0.02833333300666512 0
0.0466666671333817 -0.02666666636183243 0
0.04666666713338592 -0.02499999971699895 0
0.04666666713339013 -0.02333333307216644 0
0.04666666713339436 -0.02166666642733206 0
0.04666666713339856 -0.01999999978249989 0
0.0466666671334028 -0.01833333313766535 0
0.046666667133407 -0.01666666649283299 0
0.04666666713341122 -0.01499999984799879 0
0.04666666713341543 -0.01333333320316611 0
0.04666666713341966 -0.01166666655833248 0
0.04666666713342387 -0.009999999913500876 0
0.0466666671334281 -0.008333333268667854 0
0.04666666713343232 -0.006666666623837001 0
0.04666666713343653 -0.004999999979001944 0
0.04666666713344075 -0.003333333334168738 0
0.04666666713344497 -0.001666666689333889 0
0.04666666713344918 -4.450088865112778e-11 0
0.0466666671334534 0.001666666600332853 0
0.04666666713345761 0.003333333245166256 0
0.04833333381654186 -0.09333333215516461 0
0.04833333381654625 -0.09166666551032999 0
0.04833333381655062 -0.08999999886549569 0
0.048333333816555 -0.0883333322206626 0
0.0483333338165594 -0.08666666557582577 0
0.04833333381656378 -0.08499999893099258 0
0.04833333381656815 -0.08333333228615754 0
0.04833333381657255 -0.08166666564132656 0
0.04833333381657692 -0.07999999899649411 0
0.04833333381658131 -0.07833333235166176 0
0.04833333381658569 -0.07666666570682742 0
0.04833333381659007 -0.07499999906199435 0
0.04833333381659445 -0.07333333241715963 0
0.04833333381659884 -0.07166666577232697 0
0.04833333381660324 -0.06999999912749186 0
0.04833333381660761 -0.06833333248265937 0
0.04833333381661199 -0.06666666583782446 0
0.04833333381661638 -0.06499999919299161 0
0.04833333381662076 -0.06333333254815907 0
0.04833333381662515 -0.06166666590332644 0
0.04833333381662953 -0.05999999925849228 0
0.04833333381663392 -0.05833333261366137 0
0.0483333338166383 -0.05666666596882698 0
0.04833333381664268 -0.05499999932399453 0
0.04833333381664706 -0.05333333267916073 0
0.04833333381665145 -0.05166666603432694 0
0.04833333381665583 -0.04999999938949317 0
0.0483333338166602 -0.0483333327446605 0
0.04833333381666459 -0.0466666660998281 0
0.04833333381666899 -0.04499999945499575 0
0.04833333381667336 -0.0433333328101637 0
0.04833333381667775 -0.0416666661653317 0
0.04833333381668213 -0.0399999995204994 0
0.04833333381668652 -0.0383333328756659 0
0.0483333338166909 -0.0366666662308324 0
0.04833333381669529 -0.03499999958599889 0
0.04833333381669967 -0.03333333294116666 0
0.04833333381670406 -0.03166666629633259 0
0.04833333381670844 -0.02999999965150178 0
0.04833333381671281 -0.02833333300666794 0
0.0483333338167172 -0.02666666636183512 0
0.04833333381672157 -0.02499999971700145 0
0.04833333381672597 -0.02333333307216883 0
0.04833333381673034 -0.02166666642733426 0
0.04833333381673473 -0.01999999978250199 0
0.04833333381673911 -0.01833333313766727 0
0.0483333338167435 -0.0166666664928348 0
0.04833333381674788 -0.01499999984800042 0
0.04833333381675227 -0.01333333320316761 0
0.04833333381675665 -0.01166666655833382 0
0.04833333381676104 -0.009999999913502042 0
0.04833333381676543 -0.008333333268668844 0
0.04833333381676981 -0.006666666623837946 0
0.0483333338167742 -0.004999999979002719 0
0.04833333381677857 -0.003333333334169429 0
0.04833333381678297 -0.00166666668933443 0
0.04833333381678734 -4.450131365837939e-11 0
0.04833333381679171 0.001666666600332588 0
0.04833333381679612 0.003333333245166117 0
0.05000000049987199 -0.09333333215516472 0
0.05000000049987648 -0.09166666551033016 0
0.05000000049988097 -0.08999999886549605 0
0.05000000049988547 -0.08833333222066304 0
0.05000000049988995 -0.08666666557582635 0
0.05000000049989443 -0.08499999893099326 0
0.05000000049989893 -0.08333333228615838 0
0.05000000049990341 -0.08166666564132745 0
0.05000000049990791 -0.07999999899649522 0
0.05000000049991239 -0.07833333235166304 0
0.05000000049991687 -0.07666666570682884 0
0.05000000049992137 -0.07499999906199591 0
0.05000000049992585 -0.07333333241716135 0
0.05000000049993034 -0.0716666657723288 0
0.05000000049993483 -0.06999999912749388 0
0.05000000049993931 -0.06833333248266149 0
0.05000000049994381 -0.06666666583782677 0
0.05000000049994829 -0.06499999919299405 0
0.05000000049995277 -0.06333333254816174 0
0.05000000049995727 -0.06166666590332925 0
0.05000000049996175 -0.05999999925849525 0
0.05000000049996624 -0.05833333261366438 0
0.05000000049997075 -0.05666666596883016 0
0.05000000049997523 -0.05499999932399782 0
0.05000000049997971 -0.05333333267916417 0
0.05000000049998421 -0.05166666603433054 0
0.05000000049998869 -0.04999999938949688 0
0.05000000049999317 -0.0483333327446644 0
0.05000000049999767 -0.04666666609983221 0
0.05000000050000215 -0.04499999945499999 0
0.05000000050000665 -0.0433333328101678 0
0.05000000050001115 -0.0416666661653356 0
0.05000000050001562 -0.03999999952050313 0
0.05000000050002011 -0.03833333287566947 0
0.05000000050002461 -0.03666666623083583 0
0.05000000050002909 -0.03499999958600217 0
0.05000000050003357 -0.03333333294116984 0
0.05000000050003806 -0.0316666662963356 0
0.05000000050004255 -0.02999999965150476 0
0.05000000050004703 -0.02833333300667075 0
0.05000000050005153 -0.02666666636183779 0
0.05000000050005602 -0.02499999971700395 0
0.05000000050006051 -0.02333333307217121 0
0.05000000050006499 -0.02166666642733646 0
0.05000000050006949 -0.01999999978250409 0
0.05000000050007397 -0.01833333313766917 0
0.05000000050007845 -0.0166666664928366 0
0.05000000050008295 -0.01499999984800205 0
0.05000000050008743 -0.01333333320316912 0
0.05000000050009191 -0.01166666655833516 0
0.05000000050009641 -0.009999999913503199 0
0.05000000050010091 -0.008333333268669843 0
0.05000000050010539 -0.006666666623838886 0
0.05000000050010987 -0.004999999979003498 0
0.05000000050011436 -0.003333333334170119 0
0.05000000050011885 -0.001666666689334971 0
0.05000000050012333 -4.450173953299275e-11 0
0.05000000050012783 0.001666666600332324 0
0.05000000050013231 0.003333333245165979 0
0.05166666718320805 -0.09333333215516484 0
0.05166666718321247 -0.09166666551033037 0
0.05166666718321684 -0.08999999886549641 0
0.05166666718322124 -0.08833333222066356 0
0.05166666718322564 -0.08666666557582689 0
0.05166666718323001 -0.08499999893099391 0
0.0516666671832344 -0.08333333228615923 0
0.05166666718323878 -0.08166666564132834 0
0.05166666718324318 -0.07999999899649633 0
0.05166666718324756 -0.07833333235166431 0
0.05166666718325196 -0.07666666570683028 0
0.05166666718325633 -0.07499999906199746 0
0.05166666718326073 -0.0733333324171631 0
0.05166666718326512 -0.07166666577233065 0
0.0516666671832695 -0.06999999912749591 0
0.0516666671832739 -0.06833333248266361 0
0.05166666718327828 -0.06666666583782907 0
0.05166666718328267 -0.06499999919299645 0
0.05166666718328706 -0.06333333254816439 0
0.05166666718329144 -0.06166666590333207 0
0.05166666718329584 -0.05999999925849822 0
0.05166666718330022 -0.0583333326136674 0
0.05166666718330463 -0.05666666596883335 0
0.05166666718330899 -0.0549999993240011 0
0.05166666718331338 -0.05333333267916759 0
0.05166666718331778 -0.05166666603433412 0
0.05166666718332216 -0.0499999993895006 0
0.05166666718332653 -0.04833333274466831 0
0.05166666718333093 -0.0466666660998363 0
0.05166666718333533 -0.04499999945500424 0
0.05166666718333972 -0.04333333281017188 0
0.0516666671833441 -0.0416666661653395 0
0.05166666718334849 -0.03999999952050684 0
0.05166666718335288 -0.03833333287567304 0
0.05166666718335727 -0.03666666623083925 0
0.05166666718336166 -0.03499999958600546 0
0.05166666718336606 -0.03333333294117302 0
0.05166666718337044 -0.03166666629633862 0
0.05166666718337481 -0.02999999965150773 0
0.05166666718337921 -0.02833333300667356 0
0.0516666671833836 -0.02666666636184048 0
0.05166666718338798 -0.02499999971700645 0
0.05166666718339238 -0.02333333307217358 0
0.05166666718339678 -0.02166666642733866 0
0.05166666718340116 -0.01999999978250618 0
0.05166666718340553 -0.01833333313767108 0
0.05166666718340993 -0.01666666649283841 0
0.05166666718341433 -0.01499999984800368 0
0.05166666718341872 -0.01333333320317063 0
0.0516666671834231 -0.0116666665583365 0
0.05166666718342749 -0.009999999913504365 0
0.05166666718343187 -0.008333333268670837 0
0.05166666718343625 -0.006666666623839826 0
0.05166666718344064 -0.004999999979004277 0
0.05166666718344504 -0.00333333333417081 0
0.05166666718344943 -0.001666666689335513 0
0.05166666718345383 -4.450216497392523e-11 0
0.05166666718345821 0.001666666600332059 0
0.05166666718346261 0.003333333245165842 0
0.05333333386654643 -0.09333333215516491 0
0.05333333386655064 -0.09166666551033055 0
0.05333333386655489 -0.08999999886549677 0
0.05333333386655911 -0.08833333222066399 0
0.05333333386656332 -0.08666666557582749 0
0.05333333386656756 -0.08499999893099458 0
0.0533333338665718 -0.08333333228616011 0
0.05333333386657602 -0.08166666564132928 0
0.05333333386658024 -0.07999999899649744 0
0.05333333386658447 -0.07833333235166558 0
0.0533333338665887 -0.07666666570683173 0
0.05333333386659293 -0.07499999906199903 0
0.05333333386659714 -0.07333333241716482 0
0.05333333386660137 -0.07166666577233248 0
0.0533333338666056 -0.06999999912749794 0
0.05333333386660982 -0.06833333248266575 0
0.05333333386661407 -0.06666666583783137 0
0.05333333386661827 -0.0649999991929989 0
0.05333333386662251 -0.06333333254816707 0
0.05333333386662673 -0.06166666590333489 0
0.05333333386663097 -0.05999999925850118 0
0.05333333386663519 -0.05833333261367042 0
0.05333333386663941 -0.05666666596883653 0
0.05333333386664365 -0.05499999932400439 0
0.05333333386664786 -0.05333333267917104 0
0.05333333386665209 -0.05166666603433769 0
0.05333333386665633 -0.04999999938950433 0
0.05333333386666055 -0.0483333327446722 0
0.05333333386666478 -0.0466666660998404 0
0.053333333866669 -0.0449999994550085 0
0.05333333386667324 -0.04333333281017598 0
0.05333333386667746 -0.0416666661653434 0
0.05333333386668168 -0.03999999952051056 0
0.0533333338666859 -0.03833333287567662 0
0.05333333386669015 -0.03666666623084269 0
0.05333333386669437 -0.03499999958600874 0
0.0533333338666986 -0.0333333329411762 0
0.0533333338667028 -0.03166666629634163 0
0.05333333386670705 -0.0299999996515107 0
0.05333333386671127 -0.02833333300667637 0
0.05333333386671549 -0.02666666636184315 0
0.05333333386671973 -0.02499999971700893 0
0.05333333386672395 -0.02333333307217597 0
0.05333333386672819 -0.02166666642734086 0
0.05333333386673241 -0.01999999978250827 0
0.05333333386673664 -0.018333333137673 0
0.05333333386674086 -0.01666666649284021 0
0.05333333386674508 -0.0149999998480053 0
0.05333333386674931 -0.01333333320317214 0
0.05333333386675353 -0.01166666655833784 0
0.05333333386675776 -0.009999999913505525 0
0.05333333386676199 -0.008333333268671837 0
0.05333333386676622 -0.00666666662384077 0
0.05333333386677044 -0.004999999979005052 0
0.05333333386677466 -0.0033333333341715 0
0.0533333338667789 -0.001666666689336054 0
0.05333333386678312 -4.450259084853858e-11 0
0.05333333386678734 0.001666666600331794 0
0.05333333386679158 0.003333333245165703 0
0.05500000054988416 -0.09333333215516501 0
0.0550000005498882 -0.09166666551033073 0
0.05500000054989228 -0.0899999988654971 0
0.05500000054989633 -0.08833333222066449 0
0.05500000054990038 -0.08666666557582807 0
0.05500000054990446 -0.08499999893099526 0
0.05500000054990851 -0.08333333228616092 0
0.05500000054991259 -0.08166666564133017 0
0.05500000054991665 -0.07999999899649855 0
0.05500000054992071 -0.07833333235166687 0
0.05500000054992479 -0.07666666570683317 0
0.05500000054992882 -0.07499999906200061 0
0.0550000005499329 -0.07333333241716657 0
0.05500000054993696 -0.07166666577233431 0
0.05500000054994102 -0.06999999912749999 0
0.05500000054994508 -0.0683333324826679 0
0.05500000054994914 -0.06666666583783371 0
0.05500000054995321 -0.06499999919300133 0
0.05500000054995727 -0.06333333254816974 0
0.05500000054996133 -0.06166666590333769 0
0.05500000054996537 -0.05999999925850416 0
0.05500000054996945 -0.05833333261367345 0
0.0550000005499735 -0.05666666596883972 0
0.0550000005499776 -0.05499999932400767 0
0.05500000054998164 -0.05333333267917446 0
0.05500000054998569 -0.05166666603434125 0
0.05500000054998976 -0.04999999938950804 0
0.05500000054999381 -0.04833333274467612 0
0.05500000054999787 -0.0466666660998445 0
0.05500000055000194 -0.04499999945501272 0
0.05500000055000601 -0.04333333281018007 0
0.05500000055001006 -0.0416666661653473 0
0.05500000055001413 -0.03999999952051428 0
0.05500000055001818 -0.03833333287568019 0
0.05500000055002224 -0.03666666623084611 0
0.05500000055002632 -0.03499999958601205 0
0.05500000055003038 -0.0333333329411794 0
0.05500000055003443 -0.03166666629634466 0
0.05500000055003851 -0.02999999965151367 0
0.05500000055004256 -0.02833333300667918 0
0.05500000055004661 -0.02666666636184584 0
0.05500000055005069 -0.02499999971701142 0
0.05500000055005475 -0.02333333307217835 0
0.05500000055005881 -0.02166666642734306 0
0.05500000055006285 -0.01999999978251038 0
0.05500000055006694 -0.01833333313767492 0
0.05500000055007099 -0.01666666649284201 0
0.05500000055007505 -0.01499999984800694 0
0.05500000055007912 -0.01333333320317365 0
0.05500000055008317 -0.01166666655833917 0
0.05500000055008725 -0.009999999913506686 0
0.05500000055009131 -0.008333333268672825 0
0.05500000055009535 -0.006666666623841713 0
0.05500000055009943 -0.004999999979005828 0
0.05500000055010349 -0.00333333333417219 0
0.05500000055010755 -0.001666666689336597 0
0.05500000055011162 -4.450301628947106e-11 0
0.05500000055011568 0.00166666660033153 0
0.05500000055011974 0.003333333245165564 0
0.05666666723322081 -0.09333333215516511 0
0.05666666723322474 -0.09166666551033091 0
0.05666666723322865 -0.08999999886549748 0
0.05666666723323256 -0.08833333222066492 0
0.0566666672332365 -0.08666666557582862 0
0.05666666723324041 -0.08499999893099593 0
0.05666666723324433 -0.08333333228616178 0
0.05666666723324825 -0.08166666564133106 0
0.05666666723325217 -0.07999999899649966 0
0.05666666723325608 -0.07833333235166814 0
0.05666666723326002 -0.07666666570683461 0
0.05666666723326393 -0.07499999906200217 0
0.05666666723326785 -0.07333333241716829 0
0.05666666723327176 -0.07166666577233616 0
0.05666666723327568 -0.06999999912750199 0
0.05666666723327959 -0.06833333248267004 0
0.05666666723328352 -0.06666666583783602 0
0.05666666723328745 -0.06499999919300377 0
0.05666666723329137 -0.06333333254817239 0
0.0566666672332953 -0.06166666590334051 0
0.0566666672332992 -0.05999999925850712 0
0.05666666723330312 -0.05833333261367648 0
0.05666666723330705 -0.0566666659688429 0
0.05666666723331096 -0.05499999932401096 0
0.05666666723331489 -0.05333333267917788 0
0.05666666723331879 -0.05166666603434482 0
0.05666666723332273 -0.04999999938951177 0
0.05666666723332664 -0.04833333274468003 0
0.05666666723333056 -0.04666666609984858 0
0.05666666723333449 -0.04499999945501697 0
0.05666666723333841 -0.04333333281018418 0
0.05666666723334232 -0.04166666616535121 0
0.05666666723334624 -0.039999999520518 0
0.05666666723335016 -0.03833333287568377 0
0.05666666723335408 -0.03666666623084955 0
0.056666667233358 -0.03499999958601532 0
0.05666666723336192 -0.03333333294118258 0
0.05666666723336584 -0.03166666629634769 0
0.05666666723336977 -0.02999999965151663 0
0.05666666723337369 -0.028333333006682 0
0.05666666723337761 -0.02666666636184852 0
0.05666666723338152 -0.02499999971701392 0
0.05666666723338544 -0.02333333307218073 0
0.05666666723338935 -0.02166666642734526 0
0.05666666723339328 -0.01999999978251247 0
0.0566666672333972 -0.01833333313767681 0
0.05666666723340112 -0.01666666649284382 0
0.05666666723340503 -0.01499999984800856 0
0.05666666723340897 -0.01333333320317516 0
0.05666666723341288 -0.01166666655834051 0
0.0566666672334168 -0.009999999913507848 0
0.05666666723342074 -0.008333333268673825 0
0.05666666723342464 -0.006666666623842655 0
0.05666666723342857 -0.004999999979006606 0
0.05666666723343248 -0.003333333334172881 0
0.0566666672334364 -0.001666666689337138 0
0.05666666723344032 -4.450344129672268e-11 0
0.05666666723344425 0.001666666600331265 0
0.05666666723344815 0.003333333245165426 0
0.05833333391655891 -0.09333333215516523 0
0.05833333391656267 -0.09166666551033112 0
0.05833333391656642 -0.08999999886549785 0
0.05833333391657018 -0.08833333222066543 0
0.05833333391657394 -0.08666666557582919 0
0.0583333339165777 -0.08499999893099658 0
0.05833333391658148 -0.08333333228616265 0
0.05833333391658525 -0.08166666564133199 0
0.05833333391658901 -0.07999999899650077 0
0.05833333391659276 -0.07833333235166942 0
0.05833333391659651 -0.07666666570683606 0
0.05833333391660028 -0.07499999906200375 0
0.05833333391660404 -0.07333333241717004 0
0.05833333391660782 -0.07166666577233802 0
0.05833333391661158 -0.06999999912750404 0
0.05833333391661533 -0.06833333248267213 0
0.0583333339166191 -0.06666666583783834 0
0.05833333391662286 -0.06499999919300618 0
0.05833333391662662 -0.06333333254817507 0
0.05833333391663038 -0.06166666590334333 0
0.05833333391663414 -0.05999999925851009 0
0.05833333391663791 -0.05833333261367949 0
0.05833333391664168 -0.05666666596884609 0
0.05833333391664543 -0.05499999932401425 0
0.0583333339166492 -0.05333333267918131 0
0.05833333391665296 -0.0516666660343484 0
0.05833333391665672 -0.04999999938951546 0
0.05833333391666049 -0.04833333274468392 0
0.05833333391666426 -0.04666666609985268 0
0.05833333391666801 -0.04499999945502121 0
0.05833333391667178 -0.04333333281018827 0
0.05833333391667554 -0.04166666616535511 0
0.0583333339166793 -0.03999999952052172 0
0.05833333391668306 -0.03833333287568735 0
0.05833333391668682 -0.03666666623085299 0
0.0583333339166906 -0.0349999995860186 0
0.05833333391669435 -0.03333333294118575 0
0.05833333391669812 -0.03166666629635071 0
0.05833333391670187 -0.02999999965151959 0
0.05833333391670564 -0.0283333330066848 0
0.05833333391670939 -0.0266666663618512 0
0.05833333391671316 -0.02499999971701642 0
0.05833333391671693 -0.02333333307218311 0
0.05833333391672069 -0.02166666642734746 0
0.05833333391672445 -0.01999999978251458 0
0.05833333391672821 -0.01833333313767873 0
0.05833333391673198 -0.01666666649284562 0
0.05833333391673576 -0.01499999984801019 0
0.0583333339167395 -0.01333333320317666 0
0.05833333391674328 -0.01166666655834185 0
0.05833333391674703 -0.009999999913509009 0
0.05833333391675081 -0.00833333326867482 0
0.05833333391675455 -0.006666666623843596 0
0.05833333391675833 -0.004999999979007382 0
0.05833333391676208 -0.003333333334173569 0
0.05833333391676585 -0.001666666689337679 0
0.0583333339167696 -4.450386717133603e-11 0
0.05833333391677337 0.001666666600331001 0
0.05833333391677712 0.003333333245165288 0
0.06000000059989626 -0.0933333321551653 0
0.06000000059989988 -0.09166666551033131 0
0.06000000059990349 -0.08999999886549817 0
0.06000000059990711 -0.0883333322206659 0
0.06000000059991072 -0.08666666557582979 0
0.06000000059991432 -0.08499999893099724 0
0.06000000059991795 -0.08333333228616349 0
0.06000000059992157 -0.0816666656413329 0
0.06000000059992519 -0.07999999899650188 0
0.06000000059992878 -0.0783333323516707 0
0.06000000059993241 -0.0766666657068375 0
0.06000000059993602 -0.07499999906200529 0
0.06000000059993963 -0.07333333241717178 0
0.06000000059994324 -0.07166666577233985 0
0.06000000059994684 -0.06999999912750607 0
0.06000000059995045 -0.06833333248267431 0
0.06000000059995408 -0.06666666583784064 0
0.0600000005999577 -0.0649999991930086 0
0.0600000005999613 -0.06333333254817772 0
0.06000000059996492 -0.06166666590334613 0
0.06000000059996854 -0.05999999925851306 0
0.06000000059997214 -0.05833333261368251 0
0.06000000059997576 -0.05666666596884928 0
0.06000000059997937 -0.05499999932401752 0
0.06000000059998298 -0.05333333267918474 0
0.0600000005999866 -0.05166666603435199 0
0.06000000059999022 -0.0499999993895192 0
0.06000000059999383 -0.04833333274468783 0
0.06000000059999744 -0.04666666609985678 0
0.06000000060000106 -0.04499999945502545 0
0.06000000060000465 -0.04333333281019237 0
0.06000000060000826 -0.04166666616535901 0
0.0600000006000119 -0.03999999952052544 0
0.06000000060001551 -0.03833333287569091 0
0.06000000060001912 -0.0366666662308564 0
0.06000000060002272 -0.03499999958602189 0
0.06000000060002634 -0.03333333294118894 0
0.06000000060002997 -0.03166666629635372 0
0.06000000060003358 -0.02999999965152255 0
0.06000000060003718 -0.02833333300668762 0
0.06000000060004079 -0.02666666636185388 0
0.0600000006000444 -0.02499999971701893 0
0.06000000060004802 -0.02333333307218549 0
0.06000000060005165 -0.02166666642734966 0
0.06000000060005526 -0.01999999978251667 0
0.06000000060005886 -0.01833333313768064 0
0.06000000060006247 -0.01666666649284743 0
0.06000000060006608 -0.01499999984801182 0
0.0600000006000697 -0.01333333320317818 0
0.06000000060007332 -0.01166666655834319 0
0.06000000060007694 -0.009999999913510174 0
0.06000000060008055 -0.008333333268675819 0
0.06000000060008415 -0.006666666623844538 0
0.06000000060008777 -0.004999999979008159 0
0.0600000006000914 -0.00333333333417426 0
0.06000000060009501 -0.00166666668933822 0
0.06000000060009861 -4.450429239542808e-11 0
0.06000000060010222 0.001666666600330737 0
0.06000000060010582 0.003333333245165149 0
0.06166666728323372 -0.09333333215516537 0
0.06166666728323718 -0.09166666551033148 0
0.06166666728324062 -0.08999999886549853 0
0.06166666728324407 -0.08833333222066637 0
0.06166666728324752 -0.08666666557583035 0
0.06166666728325096 -0.08499999893099791 0
0.06166666728325441 -0.08333333228616434 0
0.06166666728325786 -0.08166666564133378 0
0.06166666728326132 -0.07999999899650299 0
0.06166666728326475 -0.07833333235167199 0
0.0616666672832682 -0.0766666657068389 0
0.06166666728327165 -0.07499999906200686 0
0.06166666728327511 -0.07333333241717351 0
0.06166666728327855 -0.07166666577234168 0
0.061666667283282 -0.06999999912750809 0
0.06166666728328545 -0.06833333248267642 0
0.0616666672832889 -0.06666666583784298 0
0.06166666728329234 -0.06499999919301105 0
0.0616666672832958 -0.06333333254818038 0
0.06166666728329924 -0.06166666590334895 0
0.0616666672833027 -0.05999999925851603 0
0.06166666728330614 -0.05833333261368552 0
0.06166666728330958 -0.05666666596885246 0
0.06166666728331304 -0.0549999993240208 0
0.06166666728331649 -0.05333333267918819 0
0.06166666728331993 -0.05166666603435555 0
0.06166666728332339 -0.04999999938952292 0
0.06166666728332684 -0.04833333274469171 0
0.06166666728333028 -0.04666666609986088 0
0.06166666728333374 -0.04499999945502969 0
0.06166666728333717 -0.04333333281019645 0
0.06166666728334064 -0.04166666616536293 0
0.06166666728334408 -0.03999999952052914 0
0.06166666728334752 -0.03833333287569449 0
0.06166666728335096 -0.03666666623085985 0
0.06166666728335442 -0.03499999958602517 0
0.06166666728335787 -0.03333333294119213 0
0.06166666728336131 -0.03166666629635675 0
0.06166666728336476 -0.02999999965152554 0
0.06166666728336823 -0.02833333300669044 0
0.06166666728337167 -0.02666666636185656 0
0.06166666728337511 -0.0249999997170214 0
0.06166666728337855 -0.02333333307218788 0
0.06166666728338202 -0.02166666642735187 0
0.06166666728338545 -0.01999999978251877 0
0.0616666672833889 -0.01833333313768256 0
0.06166666728339235 -0.01666666649284923 0
0.06166666728339579 -0.01499999984801345 0
0.06166666728339924 -0.01333333320317968 0
0.06166666728340269 -0.01166666655834453 0
0.06166666728340615 -0.009999999913511333 0
0.06166666728340958 -0.00833333326867681 0
0.06166666728341305 -0.006666666623845479 0
0.06166666728341649 -0.004999999979008936 0
0.06166666728341993 -0.00333333333417495 0
0.06166666728342339 -0.001666666689338762 0
0.06166666728342685 -4.450471718583926e-11 0
0.06166666728343028 0.001666666600330471 0
0.06166666728343373 0.003333333245165012 0
0.06333333396656828 -0.09333333215516548 0
0.06333333396657165 -0.09166666551033172 0
0.06333333396657502 -0.08999999886549889 0
0.06333333396657838 -0.08833333222066686 0
0.06333333396658175 -0.0866666655758309 0
0.06333333396658512 -0.08499999893099858 0
0.0633333339665885 -0.0833333322861652 0
0.06333333396659187 -0.08166666564133469 0
0.06333333396659525 -0.07999999899650409 0
0.06333333396659861 -0.07833333235167325 0
0.06333333396660201 -0.07666666570684036 0
0.06333333396660536 -0.0749999990620084 0
0.06333333396660876 -0.07333333241717523 0
0.06333333396661212 -0.07166666577234355 0
0.06333333396661549 -0.06999999912751013 0
0.06333333396661886 -0.06833333248267856 0
0.06333333396662225 -0.06666666583784528 0
0.0633333339666256 -0.0649999991930135 0
0.06333333396662899 -0.06333333254818306 0
0.06333333396663235 -0.06166666590335177 0
0.06333333396663574 -0.05999999925851899 0
0.06333333396663909 -0.05833333261368855 0
0.06333333396664248 -0.05666666596885565 0
0.06333333396664584 -0.05499999932402409 0
0.06333333396664922 -0.05333333267919161 0
0.0633333339666526 -0.05166666603435913 0
0.06333333396665597 -0.04999999938952663 0
0.06333333396665931 -0.04833333274469562 0
0.06333333396666271 -0.04666666609986496 0
0.06333333396666606 -0.04499999945503395 0
0.06333333396666946 -0.04333333281020056 0
0.06333333396667284 -0.04166666616536681 0
0.0633333339666762 -0.03999999952053286 0
0.06333333396667959 -0.03833333287569806 0
0.06333333396668295 -0.03666666623086327 0
0.06333333396668633 -0.03499999958602847 0
0.06333333396668969 -0.03333333294119532 0
0.06333333396669306 -0.03166666629635976 0
0.06333333396669644 -0.0299999996515285 0
0.06333333396669982 -0.02833333300669326 0
0.06333333396670318 -0.02666666636185924 0
0.06333333396670654 -0.0249999997170239 0
0.06333333396670993 -0.02333333307219026 0
0.0633333339667133 -0.02166666642735406 0
0.06333333396671667 -0.01999999978252086 0
0.06333333396672006 -0.01833333313768446 0
0.0633333339667234 -0.01666666649285103 0
0.0633333339667268 -0.01499999984801507 0
0.06333333396673015 -0.01333333320318119 0
0.06333333396673353 -0.01166666655834587 0
0.06333333396673689 -0.009999999913512499 0
0.06333333396674029 -0.008333333268677811 0
0.06333333396674366 -0.006666666623846422 0
0.06333333396674704 -0.004999999979009714 0
0.06333333396675039 -0.003333333334175639 0
0.06333333396675378 -0.001666666689339303 0
0.06333333396675717 -4.450514284361218e-11 0
0.06333333396676052 0.001666666600330207 0
0.0633333339667639 0.003333333245164872 0
0.06500000064990732 -0.09333333215516561 0
0.06500000064991052 -0.0916666655103319 0
0.06500000064991368 -0.08999999886549923 0
0.06500000064991686 -0.08833333222066732 0
0.06500000064992006 -0.08666666557583147 0
0.06500000064992321 -0.08499999893099924 0
0.06500000064992642 -0.08333333228616606 0
0.06500000064992961 -0.08166666564133562 0
0.0650000006499328 -0.07999999899650521 0
0.06500000064993595 -0.07833333235167453 0
0.06500000064993916 -0.0766666657068418 0
0.06500000064994234 -0.07499999906200995 0
0.06500000064994552 -0.07333333241717697 0
0.06500000064994868 -0.0716666657723454 0
0.06500000064995186 -0.06999999912751215 0
0.06500000064995506 -0.06833333248268068 0
0.06500000064995824 -0.06666666583784758 0
0.06500000064996142 -0.06499999919301588 0
0.06500000064996461 -0.06333333254818571 0
0.0650000006499678 -0.06166666590335457 0
0.06500000064997097 -0.05999999925852198 0
0.06500000064997416 -0.05833333261369158 0
0.06500000064997735 -0.05666666596885883 0
0.06500000064998052 -0.05499999932402739 0
0.06500000064998371 -0.05333333267919504 0
0.0650000006499869 -0.05166666603436271 0
0.06500000064999009 -0.04999999938953036 0
0.06500000064999326 -0.04833333274469953 0
0.06500000064999645 -0.04666666609986907 0
0.0650000006499996 -0.04499999945503819 0
0.0650000006500028 -0.04333333281020466 0
0.065000000650006 -0.04166666616537072 0
0.06500000065000916 -0.03999999952053659 0
0.06500000065001235 -0.03833333287570163 0
0.06500000065001554 -0.03666666623086669 0
0.06500000065001871 -0.03499999958603175 0
0.0650000006500219 -0.03333333294119849 0
0.06500000065002509 -0.03166666629636278 0
0.06500000065002826 -0.02999999965153146 0
0.06500000065003145 -0.02833333300669607 0
0.06500000065003464 -0.02666666636186192 0
0.06500000065003779 -0.0249999997170264 0
0.065000000650041 -0.02333333307219264 0
0.06500000065004419 -0.02166666642735627 0
0.06500000065004735 -0.01999999978252297 0
0.06500000065005054 -0.01833333313768638 0
0.06500000065005374 -0.01666666649285284 0
0.0650000006500569 -0.01499999984801671 0
0.06500000065006009 -0.0133333332031827 0
0.06500000065006324 -0.01166666655834721 0
0.06500000065006645 -0.009999999913513658 0
0.06500000065006961 -0.0083333332686788 0
0.06500000065007283 -0.006666666623847362 0
0.065000000650076 -0.00499999997901049 0
0.06500000065007916 -0.00333333333417633 0
0.06500000065008238 -0.001666666689339844 0
0.06500000065008553 -4.450556806770423e-11 0
0.06500000065008871 0.001666666600329942 0
0.0650000006500919 0.003333333245164735 0
0.06666666733324794 -0.09333333215516566 0
0.06666666733325091 -0.09166666551033209 0
0.0666666673332539 -0.0899999988654996 0
0.06666666733325684 -0.0883333322206678 0
0.06666666733325981 -0.08666666557583207 0
0.06666666733326274 -0.08499999893099991 0
0.06666666733326572 -0.08333333228616691 0
0.06666666733326868 -0.08166666564133647 0
0.06666666733327165 -0.07999999899650632 0
0.06666666733327462 -0.07833333235167583 0
0.06666666733327758 -0.07666666570684325 0
0.06666666733328053 -0.07499999906201155 0
0.0666666673332835 -0.07333333241717874 0
0.06666666733328645 -0.07166666577234723 0
0.06666666733328941 -0.0699999991275142 0
0.06666666733329238 -0.06833333248268283 0
0.06666666733329535 -0.06666666583784991 0
0.06666666733329829 -0.06499999919301831 0
0.06666666733330126 -0.06333333254818838 0
0.06666666733330423 -0.06166666590335738 0
0.06666666733330721 -0.05999999925852494 0
0.06666666733331016 -0.05833333261369459 0
0.06666666733331313 -0.05666666596886202 0
0.0666666673333161 -0.05499999932403067 0
0.06666666733331904 -0.05333333267919847 0
0.06666666733332199 -0.05166666603436629 0
0.06666666733332498 -0.04999999938953406 0
0.06666666733332795 -0.04833333274470343 0
0.06666666733333088 -0.04666666609987317 0
0.06666666733333385 -0.04499999945504243 0
0.06666666733333682 -0.04333333281020874 0
0.06666666733333979 -0.04166666616537463 0
0.06666666733334277 -0.0399999995205403 0
0.0666666673333457 -0.03833333287570522 0
0.06666666733334867 -0.03666666623087012 0
0.06666666733335164 -0.03499999958603502 0
0.06666666733335459 -0.03333333294120168 0
0.06666666733335755 -0.03166666629636581 0
0.06666666733336052 -0.02999999965153444 0
0.06666666733336346 -0.02833333300669888 0
0.06666666733336643 -0.02666666636186461 0
0.06666666733336941 -0.0249999997170289 0
0.06666666733337236 -0.02333333307219502 0
0.06666666733337534 -0.02166666642735846 0
0.0666666673333783 -0.01999999978252507 0
0.06666666733338122 -0.0183333331376883 0
0.06666666733338424 -0.01666666649285463 0
0.06666666733338718 -0.01499999984801833 0
0.06666666733339015 -0.0133333332031842 0
0.0666666673333931 -0.01166666655834855 0
0.06666666733339605 -0.009999999913514825 0
0.06666666733339904 -0.008333333268679802 0
0.066666667333402 -0.006666666623848305 0
0.06666666733340497 -0.004999999979011269 0
0.06666666733340791 -0.00333333333417702 0
0.06666666733341087 -0.001666666689340386 0
0.06666666733341381 -4.450599459283888e-11 0
0.06666666733341681 0.001666666600329678 0
0.06666666733341975 0.003333333245164596 0
0.06833333401658122 -0.09333333215516577 0
0.06833333401658413 -0.09166666551033227 0
0.06833333401658702 -0.08999999886549995 0
0.06833333401658993 -0.08833333222066828 0
0.06833333401659285 -0.08666666557583262 0
0.06833333401659576 -0.08499999893100058 0
0.06833333401659868 -0.08333333228616777 0
0.06833333401660159 -0.08166666564133739 0
0.06833333401660453 -0.07999999899650743 0
0.06833333401660745 -0.07833333235167708 0
0.06833333401661033 -0.07666666570684469 0
0.06833333401661325 -0.0749999990620131 0
0.06833333401661616 -0.07333333241718046 0
0.06833333401661908 -0.07166666577234906 0
0.06833333401662199 -0.06999999912751623 0
0.06833333401662491 -0.06833333248268497 0
0.06833333401662781 -0.06666666583785222 0
0.06833333401663073 -0.06499999919302075 0
0.06833333401663365 -0.06333333254819104 0
0.06833333401663656 -0.0616666659033602 0
0.06833333401663948 -0.05999999925852792 0
0.06833333401664239 -0.05833333261369762 0
0.06833333401664531 -0.0566666659688652 0
0.06833333401664819 -0.05499999932403395 0
0.06833333401665111 -0.0533333326792019 0
0.06833333401665405 -0.05166666603436987 0
0.06833333401665696 -0.04999999938953779 0
0.06833333401665988 -0.04833333274470733 0
0.06833333401666279 -0.04666666609987725 0
0.06833333401666568 -0.04499999945504667 0
0.06833333401666862 -0.04333333281021286 0
0.06833333401667151 -0.04166666616537852 0
0.06833333401667445 -0.03999999952054402 0
0.06833333401667734 -0.03833333287570879 0
0.06833333401668025 -0.03666666623087356 0
0.06833333401668316 -0.03499999958603833 0
0.06833333401668608 -0.03333333294120488 0
0.06833333401668899 -0.03166666629636884 0
0.06833333401669191 -0.02999999965153741 0
0.06833333401669482 -0.02833333300670169 0
0.06833333401669775 -0.02666666636186729 0
0.06833333401670065 -0.0249999997170314 0
0.06833333401670356 -0.0233333330721974 0
0.06833333401670648 -0.02166666642736067 0
0.06833333401670941 -0.01999999978252717 0
0.06833333401671231 -0.01833333313769021 0
0.06833333401671522 -0.01666666649285644 0
0.06833333401671814 -0.01499999984801997 0
0.06833333401672104 -0.01333333320318572 0
0.06833333401672397 -0.01166666655834989 0
0.06833333401672688 -0.009999999913515982 0
0.06833333401672979 -0.008333333268680791 0
0.06833333401673271 -0.006666666623849246 0
0.06833333401673562 -0.004999999979012046 0
0.06833333401673855 -0.00333333333417771 0
0.06833333401674145 -0.001666666689340927 0
0.06833333401674434 -4.450641938325006e-11 0
0.06833333401674728 0.001666666600329413 0
0.06833333401675017 0.003333333245164458 0
0.07000000069992129 -0.09333333215516589 0
0.07000000069992399 -0.09166666551033249 0
0.07000000069992665 -0.08999999886550028 0
0.07000000069992932 -0.08833333222066876 0
0.07000000069993198 -0.0866666655758332 0
0.07000000069993467 -0.08499999893100124 0
0.07000000069993734 -0.08333333228616858 0
0.07000000069994 -0.08166666564133833 0
0.07000000069994269 -0.07999999899650855 0
0.07000000069994537 -0.07833333235167839 0
0.07000000069994802 -0.07666666570684613 0
0.0700000006999507 -0.07499999906201464 0
0.07000000069995337 -0.07333333241718216 0
0.07000000069995607 -0.0716666657723509 0
0.07000000069995872 -0.06999999912751825 0
0.0700000006999614 -0.06833333248268708 0
0.07000000069996409 -0.06666666583785452 0
0.07000000069996676 -0.06499999919302318 0
0.07000000069996944 -0.06333333254819372 0
0.07000000069997211 -0.06166666590336302 0
0.07000000069997477 -0.05999999925853086 0
0.07000000069997744 -0.05833333261370064 0
0.07000000069998012 -0.05666666596886838 0
0.07000000069998281 -0.05499999932403724 0
0.07000000069998548 -0.05333333267920534 0
0.07000000069998814 -0.05166666603437343 0
0.07000000069999085 -0.04999999938954152 0
0.07000000069999349 -0.04833333274471122 0
0.07000000069999618 -0.04666666609988136 0
0.07000000069999886 -0.0449999994550509 0
0.07000000070000154 -0.04333333281021692 0
0.07000000070000423 -0.04166666616538243 0
0.07000000070000689 -0.03999999952054775 0
0.07000000070000958 -0.03833333287571237 0
0.07000000070001222 -0.036666666230877 0
0.07000000070001491 -0.03499999958604161 0
0.07000000070001758 -0.03333333294120806 0
0.07000000070002027 -0.03166666629637185 0
0.07000000070002292 -0.02999999965154038 0
0.0700000007000256 -0.02833333300670451 0
0.07000000070002828 -0.02666666636186997 0
0.07000000070003096 -0.02499999971703388 0
0.07000000070003362 -0.02333333307219979 0
0.07000000070003631 -0.02166666642736286 0
0.07000000070003899 -0.01999999978252926 0
0.07000000070004166 -0.01833333313769211 0
0.07000000070004432 -0.01666666649285824 0
0.070000000700047 -0.01499999984802159 0
0.07000000070004968 -0.01333333320318722 0
0.07000000070005236 -0.01166666655835123 0
0.07000000070005503 -0.009999999913517148 0
0.07000000070005771 -0.00833333326868179 0
0.07000000070006038 -0.006666666623850187 0
0.07000000070006307 -0.004999999979012822 0
0.07000000070006573 -0.003333333334178401 0
0.07000000070006843 -0.001666666689341468 0
0.07000000070007109 -4.450684547470385e-11 0
0.07000000070007374 0.001666666600329148 0
0.07000000070007642 0.003333333245164319 0
0.07166666738326088 -0.09333333215516598 0
0.07166666738326341 -0.09166666551033265 0
0.07166666738326591 -0.08999999886550064 0
0.07166666738326842 -0.08833333222066923 0
0.0716666673832709 -0.08666666557583379 0
0.0716666673832734 -0.08499999893100191 0
0.07166666738327589 -0.08333333228616942 0
0.0716666673832784 -0.0816666656413392 0
0.0716666673832809 -0.07999999899650966 0
0.07166666738328342 -0.07833333235167966 0
0.07166666738328589 -0.07666666570684758 0
0.07166666738328839 -0.07499999906201622 0
0.0716666673832909 -0.07333333241718393 0
0.0716666673832934 -0.07166666577235278 0
0.07166666738329588 -0.06999999912752028 0
0.07166666738329838 -0.06833333248268922 0
0.07166666738330091 -0.06666666583785685 0
0.07166666738330339 -0.06499999919302558 0
0.07166666738330588 -0.06333333254819637 0
0.07166666738330839 -0.06166666590336583 0
0.0716666673833109 -0.05999999925853386 0
0.0716666673833134 -0.05833333261370365 0
0.07166666738331591 -0.05666666596887157 0
0.07166666738331839 -0.05499999932404053 0
0.07166666738332089 -0.05333333267920877 0
0.07166666738332339 -0.051666666034377 0
0.07166666738332589 -0.04999999938954523 0
0.0716666673833284 -0.04833333274471514 0
0.07166666738333088 -0.04666666609988545 0
0.07166666738333341 -0.04499999945505515 0
0.07166666738333588 -0.04333333281022104 0
0.07166666738333841 -0.04166666616538632 0
0.07166666738334088 -0.03999999952055146 0
0.07166666738334337 -0.03833333287571594 0
0.0716666673833459 -0.03666666623088041 0
0.0716666673833484 -0.0349999995860449 0
0.0716666673833509 -0.03333333294121125 0
0.07166666738335339 -0.03166666629637487 0
0.07166666738335589 -0.02999999965154334 0
0.07166666738335839 -0.02833333300670731 0
0.07166666738336089 -0.02666666636187266 0
0.0716666673833634 -0.02499999971703638 0
0.0716666673833659 -0.02333333307220216 0
0.07166666738336838 -0.02166666642736506 0
0.07166666738337088 -0.01999999978253136 0
0.07166666738337338 -0.01833333313769402 0
0.07166666738337588 -0.01666666649286004 0
0.07166666738337839 -0.01499999984802322 0
0.07166666738338087 -0.01333333320318874 0
0.07166666738338338 -0.01166666655835257 0
0.07166666738338588 -0.009999999913518305 0
0.07166666738338838 -0.008333333268682784 0
0.07166666738339088 -0.00666666662385113 0
0.07166666738339338 -0.004999999979013602 0
0.07166666738339586 -0.003333333334179091 0
0.07166666738339837 -0.001666666689342009 0
0.0716666673834009 -4.45072706987959e-11 0
0.07166666738340337 0.001666666600328884 0
0.07166666738340589 0.003333333245164181 0
0.07333333406659412 -0.09333333215516604 0
0.07333333406659656 -0.09166666551033288 0
0.073333334066599 -0.08999999886550099 0
0.07333333406660147 -0.08833333222066968 0
0.07333333406660393 -0.08666666557583434 0
0.07333333406660639 -0.08499999893100259 0
0.07333333406660883 -0.08333333228617031 0
0.07333333406661127 -0.08166666564134009 0
0.07333333406661373 -0.07999999899651078 0
0.07333333406661616 -0.07833333235168094 0
0.07333333406661863 -0.07666666570684902 0
0.07333333406662107 -0.07499999906201778 0
0.07333333406662355 -0.07333333241718568 0
0.07333333406662595 -0.07166666577235463 0
0.07333333406662843 -0.06999999912752231 0
0.07333333406663088 -0.06833333248269136 0
0.07333333406663331 -0.06666666583785916 0
0.07333333406663579 -0.06499999919302803 0
0.07333333406663824 -0.06333333254819903 0
0.07333333406664069 -0.06166666590336864 0
0.07333333406664314 -0.0599999992585368 0
0.07333333406664561 -0.05833333261370668 0
0.07333333406664805 -0.05666666596887475 0
0.07333333406665049 -0.05499999932404381 0
0.07333333406665296 -0.0533333326792122 0
0.0733333340666554 -0.05166666603438057 0
0.07333333406665785 -0.04999999938954895 0
0.07333333406666029 -0.04833333274471904 0
0.07333333406666273 -0.04666666609988956 0
0.0733333340666652 -0.04499999945505939 0
0.07333333406666767 -0.04333333281022511 0
0.07333333406667009 -0.04166666616539023 0
0.07333333406667256 -0.03999999952055517 0
0.073333334066675 -0.03833333287571951 0
0.07333333406667744 -0.03666666623088385 0
0.07333333406667988 -0.03499999958604818 0
0.07333333406668235 -0.03333333294121442 0
0.07333333406668481 -0.03166666629637788 0
0.07333333406668728 -0.02999999965154631 0
0.07333333406668971 -0.02833333300671012 0
0.07333333406669217 -0.02666666636187533 0
0.07333333406669459 -0.02499999971703888 0
0.07333333406669706 -0.02333333307220455 0
0.07333333406669951 -0.02166666642736726 0
0.07333333406670199 -0.01999999978253346 0
0.07333333406670442 -0.01833333313769594 0
0.07333333406670686 -0.01666666649286184 0
0.0733333340667093 -0.01499999984802485 0
0.07333333406671176 -0.01333333320319024 0
0.07333333406671423 -0.0116666665583539 0
0.07333333406671667 -0.009999999913519473 0
0.07333333406671913 -0.008333333268683782 0
0.07333333406672157 -0.006666666623852074 0
0.07333333406672403 -0.004999999979014378 0
0.07333333406672647 -0.003333333334179779 0
0.0733333340667289 -0.001666666689342551 0
0.07333333406673138 -4.450769527236664e-11 0
0.07333333406673384 0.001666666600328619 0
0.0733333340667363 0.003333333245164043 0
0.07500000074993532 -0.09333333215516618 0
0.07500000074993754 -0.09166666551033303 0
0.07500000074993976 -0.08999999886550135 0
0.07500000074994198 -0.08833333222067016 0
0.0750000007499442 -0.08666666557583491 0
0.07500000074994644 -0.08499999893100324 0
0.07500000074994863 -0.08333333228617114 0
0.07500000074995085 -0.08166666564134104 0
0.0750000007499531 -0.07999999899651186 0
0.07500000074995533 -0.07833333235168222 0
0.07500000074995754 -0.07666666570685046 0
0.07500000074995974 -0.07499999906201933 0
0.07500000074996195 -0.07333333241718738 0
0.07500000074996419 -0.07166666577235645 0
0.07500000074996639 -0.06999999912752436 0
0.07500000074996864 -0.06833333248269349 0
0.07500000074997086 -0.06666666583786146 0
0.07500000074997309 -0.06499999919303046 0
0.0750000007499753 -0.0633333325482017 0
0.07500000074997754 -0.06166666590337146 0
0.07500000074997976 -0.05999999925853976 0
0.07500000074998198 -0.0583333326137097 0
0.0750000007499842 -0.05666666596887794 0
0.0750000007499864 -0.05499999932404712 0
0.07500000074998864 -0.05333333267921563 0
0.07500000074999086 -0.05166666603438416 0
0.07500000074999306 -0.04999999938955266 0
0.0750000007499953 -0.04833333274472294 0
0.07500000074999752 -0.04666666609989363 0
0.07500000074999973 -0.04499999945506364 0
0.07500000075000196 -0.04333333281022923 0
0.07500000075000418 -0.04166666616539413 0
0.07500000075000639 -0.0399999995205589 0
0.07500000075000865 -0.03833333287572307 0
0.07500000075001087 -0.03666666623088727 0
0.07500000075001306 -0.03499999958605145 0
0.07500000075001527 -0.03333333294121761 0
0.07500000075001752 -0.03166666629638091 0
0.07500000075001974 -0.02999999965154929 0
0.07500000075002196 -0.02833333300671295 0
0.07500000075002418 -0.02666666636187802 0
0.07500000075002641 -0.02499999971704138 0
0.07500000075002863 -0.02333333307220692 0
0.07500000075003085 -0.02166666642736947 0
0.07500000075003307 -0.01999999978253556 0
0.07500000075003529 -0.01833333313769785 0
0.07500000075003752 -0.01666666649286365 0
0.07500000075003974 -0.01499999984802648 0
0.07500000075004196 -0.01333333320319175 0
0.07500000075004416 -0.01166666655835524 0
0.0750000007500464 -0.009999999913520631 0
0.07500000075004862 -0.008333333268684778 0
0.07500000075005084 -0.006666666623853013 0
0.07500000075005307 -0.004999999979015153 0
0.07500000075005529 -0.00333333333418047 0
0.07500000075005751 -0.001666666689343093 0
0.07500000075005972 -4.450812093013956e-11 0
0.07500000075006195 0.001666666600328354 0
0.07500000075006419 0.003333333245163904 0
0.07666666743327651 -0.09333333215516629 0
0.07666666743327846 -0.09166666551033324 0
0.07666666743328046 -0.08999999886550171 0
0.07666666743328246 -0.08833333222067066 0
0.07666666743328447 -0.08666666557583551 0
0.07666666743328643 -0.08499999893100391 0
0.07666666743328843 -0.083333332286172 0
0.07666666743329045 -0.08166666564134192 0
0.07666666743329245 -0.07999999899651299 0
0.07666666743329444 -0.07833333235168349 0
0.07666666743329639 -0.07666666570685189 0
0.07666666743329839 -0.0749999990620209 0
0.07666666743330039 -0.07333333241718913 0
0.07666666743330236 -0.07166666577235829 0
0.07666666743330439 -0.06999999912752636 0
0.07666666743330637 -0.06833333248269562 0
0.07666666743330836 -0.06666666583786379 0
0.07666666743331035 -0.06499999919303288 0
0.07666666743331235 -0.06333333254820438 0
0.07666666743331435 -0.06166666590337427 0
0.07666666743331632 -0.05999999925854274 0
0.07666666743331829 -0.05833333261371272 0
0.07666666743332032 -0.05666666596888113 0
0.07666666743332229 -0.05499999932405038 0
0.07666666743332429 -0.05333333267921905 0
0.07666666743332629 -0.05166666603438774 0
0.07666666743332828 -0.04999999938955638 0
0.07666666743333028 -0.04833333274472686 0
0.07666666743333225 -0.04666666609989774 0
0.07666666743333425 -0.04499999945506789 0
0.07666666743333625 -0.04333333281023332 0
0.07666666743333825 -0.04166666616539803 0
0.07666666743334022 -0.03999999952056262 0
0.07666666743334222 -0.03833333287572666 0
0.07666666743334422 -0.0366666662308907 0
0.07666666743334621 -0.03499999958605476 0
0.07666666743334821 -0.03333333294122079 0
0.07666666743335018 -0.03166666629638393 0
0.07666666743335218 -0.02999999965155226 0
0.07666666743335418 -0.02833333300671576 0
0.07666666743335618 -0.02666666636188069 0
0.07666666743335818 -0.02499999971704387 0
0.07666666743336015 -0.02333333307220931 0
0.07666666743336215 -0.02166666642737167 0
0.07666666743336414 -0.01999999978253766 0
0.07666666743336614 -0.01833333313769975 0
0.07666666743336815 -0.01666666649286545 0
0.07666666743337011 -0.01499999984802811 0
0.07666666743337211 -0.01333333320319326 0
0.07666666743337408 -0.01166666655835658 0
0.07666666743337608 -0.00999999991352179 0
0.07666666743337808 -0.008333333268685777 0
0.07666666743338009 -0.006666666623853952 0
0.07666666743338209 -0.004999999979015931 0
0.07666666743338407 -0.003333333334181161 0
0.07666666743338607 -0.001666666689343634 0
0.07666666743338804 -4.450854680475291e-11 0
0.07666666743339004 0.001666666600328091 0
0.07666666743339204 0.003333333245163766 0
0.0783333341166097 -0.09333333215516634 0
0.07833333411661166 -0.09166666551033344 0
0.07833333411661361 -0.08999999886550204 0
0.07833333411661553 -0.08833333222067111 0
0.07833333411661747 -0.08666666557583606 0
0.07833333411661943 -0.08499999893100457 0
0.07833333411662138 -0.08333333228617286 0
0.07833333411662333 -0.08166666564134283 0
0.07833333411662524 -0.07999999899651408 0
0.07833333411662721 -0.07833333235168477 0
0.07833333411662917 -0.07666666570685333 0
0.07833333411663107 -0.07499999906202245 0
0.07833333411663301 -0.07333333241719085 0
0.07833333411663497 -0.07166666577236014 0
0.07833333411663693 -0.06999999912752841 0
0.07833333411663888 -0.06833333248269774 0
0.07833333411664081 -0.0666666658378661 0
0.07833333411664277 -0.0649999991930353 0
0.0783333341166447 -0.06333333254820703 0
0.07833333411664663 -0.06166666590337708 0
0.07833333411664858 -0.05999999925854571 0
0.07833333411665053 -0.05833333261371574 0
0.07833333411665247 -0.0566666659688843 0
0.07833333411665441 -0.05499999932405367 0
0.07833333411665636 -0.05333333267922248 0
0.0783333341166583 -0.05166666603439129 0
0.07833333411666024 -0.0499999993895601 0
0.07833333411666218 -0.04833333274473075 0
0.07833333411666413 -0.04666666609990182 0
0.0783333341166661 -0.04499999945507212 0
0.07833333411666801 -0.04333333281023742 0
0.07833333411666996 -0.04166666616540195 0
0.0783333341166719 -0.03999999952056633 0
0.07833333411667387 -0.03833333287573024 0
0.07833333411667581 -0.03666666623089414 0
0.07833333411667776 -0.03499999958605803 0
0.0783333341166797 -0.03333333294122397 0
0.07833333411668164 -0.03166666629638696 0
0.07833333411668357 -0.02999999965155523 0
0.07833333411668551 -0.02833333300671857 0
0.07833333411668748 -0.02666666636188337 0
0.07833333411668941 -0.02499999971704637 0
0.07833333411669136 -0.0233333330722117 0
0.0783333341166933 -0.02166666642737387 0
0.07833333411669524 -0.01999999978253976 0
0.07833333411669718 -0.01833333313770167 0
0.07833333411669913 -0.01666666649286725 0
0.07833333411670108 -0.01499999984802974 0
0.07833333411670303 -0.01333333320319476 0
0.07833333411670496 -0.01166666655835792 0
0.0783333341167069 -0.009999999913522958 0
0.07833333411670886 -0.008333333268686767 0
0.07833333411671078 -0.006666666623854898 0
0.07833333411671273 -0.004999999979016705 0
0.07833333411671468 -0.003333333334181851 0
0.07833333411671663 -0.001666666689344174 0
0.07833333411671856 -4.450897311304713e-11 0
0.0783333341167205 0.001666666600327825 0
0.07833333411672246 0.003333333245163628 0
0.08000000079994934 -0.09333333215516644 0
0.08000000079995108 -0.09166666551033362 0
0.08000000079995286 -0.08999999886550239 0
0.08000000079995465 -0.08833333222067159 0
0.08000000079995639 -0.08666666557583662 0
0.08000000079995817 -0.08499999893100525 0
0.08000000079995993 -0.08333333228617371 0
0.08000000079996171 -0.08166666564134377 0
0.08000000079996347 -0.07999999899651522 0
0.08000000079996523 -0.07833333235168606 0
0.080000000799967 -0.07666666570685479 0
0.08000000079996876 -0.07499999906202401 0
0.08000000079997058 -0.07333333241719261 0
0.08000000079997233 -0.071666665772362 0
0.08000000079997406 -0.06999999912753044 0
0.08000000079997585 -0.06833333248269989 0
0.08000000079997761 -0.0666666658378684 0
0.08000000079997939 -0.06499999919303774 0
0.08000000079998115 -0.06333333254820969 0
0.08000000079998293 -0.06166666590337989 0
0.08000000079998469 -0.05999999925854867 0
0.08000000079998648 -0.05833333261371877 0
0.08000000079998824 -0.05666666596888749 0
0.08000000079999001 -0.05499999932405696 0
0.08000000079999178 -0.0533333326792259 0
0.08000000079999355 -0.05166666603439488 0
0.08000000079999529 -0.04999999938956381 0
0.08000000079999708 -0.04833333274473465 0
0.08000000079999886 -0.04666666609990593 0
0.0800000008000006 -0.04499999945507637 0
0.08000000080000237 -0.04333333281024151 0
0.08000000080000412 -0.04166666616540583 0
0.08000000080000592 -0.03999999952057005 0
0.08000000080000767 -0.03833333287573382 0
0.08000000080000946 -0.03666666623089756 0
0.08000000080001124 -0.0349999995860613 0
0.08000000080001299 -0.03333333294122717 0
0.08000000080001476 -0.03166666629638997 0
0.08000000080001653 -0.0299999996515582 0
0.08000000080001829 -0.02833333300672139 0
0.08000000080002005 -0.02666666636188606 0
0.08000000080002181 -0.02499999971704887 0
0.08000000080002358 -0.02333333307221407 0
0.08000000080002535 -0.02166666642737606 0
0.08000000080002713 -0.01999999978254185 0
0.08000000080002891 -0.01833333313770358 0
0.08000000080003068 -0.01666666649286906 0
0.08000000080003243 -0.01499999984803136 0
0.08000000080003421 -0.01333333320319628 0
0.08000000080003597 -0.01166666655835926 0
0.08000000080003775 -0.009999999913524113 0
0.08000000080003952 -0.008333333268687765 0
0.08000000080004128 -0.006666666623855842 0
0.08000000080004306 -0.004999999979017481 0
0.08000000080004481 -0.00333333333418254 0
0.08000000080004659 -0.001666666689344716 0
0.08000000080004833 -4.450939736135723e-11 0
0.08000000080005011 0.00166666660032756 0
0.08000000080005189 0.003333333245163489 0
0.08166666748328943 -0.09333333215516655 0
0.08166666748329093 -0.09166666551033383 0
0.08166666748329245 -0.08999999886550276 0
0.08166666748329399 -0.08833333222067208 0
0.08166666748329554 -0.0866666655758372 0
0.08166666748329707 -0.0849999989310059 0
0.08166666748329857 -0.08333333228617452 0
0.08166666748330012 -0.08166666564134467 0
0.08166666748330167 -0.07999999899651636 0
0.0816666674833032 -0.07833333235168734 0
0.0816666674833047 -0.07666666570685624 0
0.08166666748330625 -0.07499999906202559 0
0.08166666748330774 -0.07333333241719432 0
0.08166666748330931 -0.07166666577236384 0
0.08166666748331083 -0.06999999912753246 0
0.08166666748331236 -0.068333332482702 0
0.08166666748331387 -0.06666666583787073 0
0.08166666748331541 -0.06499999919304018 0
0.08166666748331694 -0.06333333254821236 0
0.08166666748331845 -0.06166666590338271 0
0.08166666748332002 -0.05999999925855165 0
0.08166666748332152 -0.05833333261372178 0
0.08166666748332307 -0.05666666596889068 0
0.0816666674833246 -0.05499999932406025 0
0.08166666748332613 -0.05333333267922934 0
0.08166666748332768 -0.05166666603439845 0
0.08166666748332918 -0.04999999938956753 0
0.08166666748333071 -0.04833333274473857 0
0.08166666748333223 -0.04666666609991002 0
0.08166666748333377 -0.04499999945508061 0
0.08166666748333529 -0.0433333328102456 0
0.08166666748333684 -0.04166666616540975 0
0.08166666748333837 -0.03999999952057377 0
0.08166666748333989 -0.03833333287573739 0
0.08166666748334142 -0.03666666623090101 0
0.08166666748334295 -0.03499999958606461 0
0.08166666748334447 -0.03333333294123036 0
0.081666667483346 -0.03166666629639298 0
0.08166666748334755 -0.02999999965156116 0
0.08166666748334908 -0.0283333330067242 0
0.08166666748335061 -0.02666666636188875 0
0.08166666748335212 -0.02499999971705135 0
0.08166666748335366 -0.02333333307221646 0
0.08166666748335519 -0.02166666642737827 0
0.08166666748335671 -0.01999999978254395 0
0.08166666748335827 -0.01833333313770549 0
0.08166666748335977 -0.01666666649287086 0
0.08166666748336132 -0.01499999984803299 0
0.08166666748336285 -0.01333333320319779 0
0.08166666748336436 -0.01166666655836059 0
0.0816666674833659 -0.00999999991352528 0
0.08166666748336741 -0.008333333268688759 0
0.08166666748336897 -0.006666666623856782 0
0.08166666748337048 -0.004999999979018265 0
0.08166666748337204 -0.003333333334183231 0
0.08166666748337353 -0.001666666689345258 0
0.08166666748337509 -4.450982442859297e-11 0
0.08166666748337661 0.001666666600327295 0
0.08166666748337814 0.003333333245163352 0
0.08333333416662267 -0.09333333215516666 0
0.08333333416662411 -0.09166666551033402 0
0.08333333416662561 -0.0899999988655031 0
0.08333333416662708 -0.08833333222067256 0
0.08333333416662854 -0.08666666557583778 0
0.08333333416663005 -0.08499999893100657 0
0.08333333416663155 -0.08333333228617541 0
0.08333333416663302 -0.08166666564134555 0
0.08333333416663448 -0.07999999899651744 0
0.08333333416663599 -0.07833333235168863 0
0.08333333416663749 -0.07666666570685765 0
0.08333333416663893 -0.07499999906202713 0
0.08333333416664043 -0.07333333241719606 0
0.0833333341666419 -0.07166666577236566 0
0.08333333416664337 -0.06999999912753449 0
0.08333333416664487 -0.06833333248270415 0
0.08333333416664634 -0.06666666583787302 0
0.08333333416664782 -0.0649999991930426 0
0.08333333416664929 -0.06333333254821502 0
0.08333333416665079 -0.06166666590338551 0
0.08333333416665226 -0.05999999925855461 0
0.08333333416665376 -0.0583333326137248 0
0.08333333416665523 -0.05666666596889386 0
0.0833333341666567 -0.05499999932406353 0
0.0833333341666582 -0.05333333267923277 0
0.08333333416665967 -0.05166666603440204 0
0.08333333416666117 -0.04999999938957127 0
0.08333333416666261 -0.04833333274474247 0
0.08333333416666411 -0.04666666609991412 0
0.08333333416666559 -0.04499999945508485 0
0.08333333416666708 -0.04333333281024971 0
0.08333333416666855 -0.04166666616541366 0
0.08333333416667002 -0.03999999952057751 0
0.08333333416667152 -0.03833333287574095 0
0.08333333416667299 -0.03666666623090442 0
0.08333333416667446 -0.03499999958606789 0
0.08333333416667596 -0.03333333294123353 0
0.08333333416667743 -0.03166666629639601 0
0.08333333416667893 -0.02999999965156414 0
0.0833333341666804 -0.02833333300672701 0
0.08333333416668187 -0.02666666636189143 0
0.08333333416668337 -0.02499999971705385 0
0.08333333416668484 -0.02333333307221883 0
0.08333333416668631 -0.02166666642738047 0
0.08333333416668781 -0.01999999978254605 0
0.08333333416668928 -0.0183333331377074 0
0.08333333416669075 -0.01666666649287267 0
0.08333333416669225 -0.01499999984803462 0
0.08333333416669372 -0.01333333320319929 0
0.08333333416669521 -0.01166666655836194 0
0.08333333416669669 -0.009999999913526438 0
0.08333333416669816 -0.008333333268689758 0
0.08333333416669964 -0.006666666623857722 0
0.08333333416670112 -0.00499999997901904 0
0.08333333416670261 -0.003333333334183921 0
0.08333333416670408 -0.001666666689345798 0
0.08333333416670557 -4.451024921900415e-11 0
0.08333333416670706 0.001666666600327031 0
0.08333333416670854 0.003333333245163213 0
0.08500000084996326 -0.09333333215516675 0
0.08500000084996449 -0.09166666551033421 0
0.08500000084996569 -0.08999999886550343 0
0.08500000084996694 -0.08833333222067302 0
0.08500000084996814 -0.08666666557583833 0
0.08500000084996936 -0.08499999893100724 0
0.08500000084997059 -0.08333333228617625 0
0.08500000084997181 -0.08166666564134648 0
0.08500000084997306 -0.07999999899651854 0
0.08500000084997426 -0.07833333235168989 0
0.0850000008499755 -0.07666666570685912 0
0.08500000084997672 -0.07499999906202871 0
0.08500000084997796 -0.07333333241719782 0
0.08500000084997918 -0.07166666577236749 0
0.0850000008499804 -0.06999999912753652 0
0.08500000084998162 -0.06833333248270629 0
0.08500000084998285 -0.06666666583787534 0
0.08500000084998406 -0.06499999919304503 0
0.0850000008499853 -0.06333333254821769 0
0.08500000084998653 -0.06166666590338833 0
0.08500000084998774 -0.05999999925855759 0
0.08500000084998896 -0.05833333261372781 0
0.08500000084999018 -0.05666666596889705 0
0.0850000008499914 -0.05499999932406682 0
0.08500000084999262 -0.0533333326792362 0
0.08500000084999385 -0.0516666660344056 0
0.08500000084999509 -0.04999999938957499 0
0.08500000084999632 -0.04833333274474635 0
0.08500000084999754 -0.04666666609991822 0
0.08500000084999876 -0.0449999994550891 0
0.08500000084999998 -0.04333333281025379 0
0.0850000008500012 -0.04166666616541755 0
0.08500000085000242 -0.03999999952058122 0
0.08500000085000364 -0.03833333287574453 0
0.08500000085000489 -0.03666666623090787 0
0.08500000085000611 -0.03499999958607117 0
0.08500000085000733 -0.03333333294123671 0
0.08500000085000856 -0.03166666629639903 0
0.08500000085000978 -0.02999999965156711 0
0.085000000850011 -0.02833333300672982 0
0.08500000085001222 -0.0266666663618941 0
0.08500000085001344 -0.02499999971705634 0
0.08500000085001466 -0.02333333307222121 0
0.08500000085001591 -0.02166666642738267 0
0.08500000085001715 -0.01999999978254815 0
0.08500000085001835 -0.01833333313770932 0
0.08500000085001957 -0.01666666649287447 0
0.08500000085002081 -0.01499999984803625 0
0.08500000085002202 -0.0133333332032008 0
0.08500000085002327 -0.01166666655836327 0
0.08500000085002449 -0.009999999913527603 0
0.08500000085002571 -0.00833333326869075 0
0.08500000085002694 -0.006666666623858668 0
0.08500000085002817 -0.004999999979019817 0
0.08500000085002937 -0.00333333333418461 0
0.08500000085003061 -0.001666666689346339 0
0.08500000085003183 -4.45106744430962e-11 0
0.08500000085003305 0.001666666600326766 0
0.08500000085003426 0.003333333245163074 0
0.08666666753330235 -0.09333333215516683 0
0.08666666753330339 -0.09166666551033441 0
0.08666666753330449 -0.08999999886550379 0
0.08666666753330554 -0.08833333222067351 0
0.0866666675333066 -0.08666666557583892 0
0.08666666753330769 -0.0849999989310079 0
0.08666666753330876 -0.08333333228617709 0
0.08666666753330979 -0.08166666564134738 0
0.08666666753331087 -0.07999999899651965 0
0.08666666753331191 -0.07833333235169118 0
0.08666666753331298 -0.07666666570686057 0
0.08666666753331409 -0.07499999906203027 0
0.08666666753331514 -0.07333333241719954 0
0.0866666675333162 -0.07166666577236935 0
0.08666666753331725 -0.06999999912753858 0
0.08666666753331835 -0.06833333248270841 0
0.08666666753331942 -0.06666666583787766 0
0.08666666753332047 -0.06499999919304746 0
0.08666666753332153 -0.06333333254822035 0
0.08666666753332261 -0.06166666590339115 0
0.08666666753332367 -0.05999999925856056 0
0.08666666753332475 -0.05833333261373084 0
0.08666666753332583 -0.05666666596890024 0
0.08666666753332689 -0.05499999932407009 0
0.08666666753332794 -0.05333333267923963 0
0.08666666753332902 -0.05166666603440918 0
0.08666666753333008 -0.04999999938957871 0
0.08666666753333113 -0.04833333274475027 0
0.08666666753333221 -0.0466666660999223 0
0.0866666675333333 -0.04499999945509334 0
0.08666666753333435 -0.04333333281025789 0
0.08666666753333541 -0.04166666616542146 0
0.08666666753333649 -0.03999999952058492 0
0.08666666753333757 -0.03833333287574811 0
0.08666666753333863 -0.03666666623091128 0
0.08666666753333968 -0.03499999958607446 0
0.08666666753334076 -0.0333333329412399 0
0.08666666753334182 -0.03166666629640206 0
0.0866666675333429 -0.02999999965157008 0
0.08666666753334396 -0.02833333300673264 0
0.08666666753334501 -0.02666666636189678 0
0.08666666753334609 -0.02499999971705885 0
0.08666666753334715 -0.02333333307222359 0
0.08666666753334823 -0.02166666642738487 0
0.08666666753334928 -0.01999999978255024 0
0.08666666753335034 -0.01833333313771123 0
0.08666666753335142 -0.01666666649287628 0
0.0866666675333525 -0.01499999984803788 0
0.08666666753335356 -0.01333333320320231 0
0.08666666753335461 -0.01166666655836461 0
0.0866666675333557 -0.009999999913528764 0
0.08666666753335678 -0.008333333268691749 0
0.08666666753335783 -0.006666666623859605 0
0.08666666753335889 -0.004999999979020592 0
0.08666666753335997 -0.003333333334185302 0
0.08666666753336105 -0.00166666668934688 0
0.08666666753336211 -4.45110993419276e-11 0
0.08666666753336316 0.001666666600326502 0
0.08666666753336422 0.003333333245162936 0
0.08833333421663289 -0.09333333215516694 0
0.08833333421663395 -0.0916666655103346 0
0.08833333421663503 -0.08999999886550415 0
0.08833333421663607 -0.08833333222067398 0
0.08833333421663711 -0.0866666655758395 0
0.08833333421663819 -0.08499999893100858 0
0.08833333421663928 -0.08333333228617797 0
0.08833333421664032 -0.08166666564134827 0
0.08833333421664137 -0.07999999899652074 0
0.08833333421664244 -0.07833333235169246 0
0.08833333421664352 -0.07666666570686198 0
0.0883333342166446 -0.07499999906203184 0
0.08833333421664565 -0.07333333241720127 0
0.08833333421664671 -0.07166666577237121 0
0.0883333342166478 -0.06999999912754058 0
0.08833333421664882 -0.06833333248271055 0
0.08833333421664991 -0.06666666583787996 0
0.08833333421665099 -0.0649999991930499 0
0.08833333421665204 -0.06333333254822301 0
0.08833333421665308 -0.06166666590339395 0
0.08833333421665415 -0.05999999925856354 0
0.08833333421665526 -0.05833333261373386 0
0.08833333421665632 -0.05666666596890342 0
0.08833333421665737 -0.05499999932407339 0
0.08833333421665843 -0.05333333267924305 0
0.08833333421665948 -0.05166666603441274 0
0.08833333421666054 -0.04999999938958241 0
0.08833333421666159 -0.04833333274475416 0
0.08833333421666267 -0.0466666660999264 0
0.08833333421666376 -0.04499999945509758 0
0.08833333421666481 -0.04333333281026198 0
0.08833333421666587 -0.04166666616542535 0
0.08833333421666692 -0.03999999952058866 0
0.08833333421666797 -0.0383333328757517 0
0.08833333421666906 -0.03666666623091471 0
0.08833333421667014 -0.03499999958607773 0
0.08833333421667119 -0.03333333294124309 0
0.08833333421667225 -0.03166666629640508 0
0.0883333342166733 -0.02999999965157305 0
0.08833333421667437 -0.02833333300673545 0
0.08833333421667544 -0.02666666636189946 0
0.0883333342166765 -0.02499999971706135 0
0.08833333421667758 -0.02333333307222597 0
0.08833333421667863 -0.02166666642738707 0
0.08833333421667969 -0.01999999978255234 0
0.08833333421668074 -0.01833333313771313 0
0.08833333421668182 -0.01666666649287809 0
0.08833333421668291 -0.01499999984803951 0
0.08833333421668395 -0.01333333320320382 0
0.08833333421668502 -0.01166666655836595 0
0.08833333421668607 -0.009999999913529931 0
0.08833333421668711 -0.008333333268692742 0
0.08833333421668819 -0.006666666623860546 0
0.08833333421668928 -0.004999999979021372 0
0.08833333421669035 -0.003333333334185992 0
0.0883333342166914 -0.001666666689347424 0
0.08833333421669246 -4.451152510812073e-11 0
0.08833333421669351 0.001666666600326237 0
0.08833333421669461 0.003333333245162798 0
0.09000000089997198 -0.09333333215516705 0
0.09000000089997284 -0.0916666655103348 0
0.09000000089997366 -0.0899999988655045 0
0.09000000089997455 -0.08833333222067447 0
0.0900000008999754 -0.08666666557584006 0
0.09000000089997626 -0.08499999893100924 0
0.0900000008999771 -0.08333333228617883 0
0.09000000089997796 -0.08166666564134918 0
0.09000000089997882 -0.07999999899652188 0
0.09000000089997968 -0.07833333235169374 0
0.09000000089998059 -0.07666666570686342 0
0.09000000089998141 -0.07499999906203339 0
0.09000000089998228 -0.07333333241720302 0
0.09000000089998314 -0.07166666577237304 0
0.09000000089998399 -0.06999999912754264 0
0.09000000089998487 -0.06833333248271267 0
0.09000000089998575 -0.06666666583788228 0
0.09000000089998661 -0.0649999991930523 0
0.09000000089998743 -0.06333333254822571 0
0.09000000089998832 -0.06166666590339676 0
0.09000000089998919 -0.0599999992585665 0
0.09000000089999005 -0.05833333261373686 0
0.09000000089999091 -0.05666666596890661 0
0.09000000089999176 -0.05499999932407666 0
0.09000000089999262 -0.0533333326792465 0
0.09000000089999345 -0.05166666603441632 0
0.09000000089999435 -0.04999999938958614 0
0.09000000089999521 -0.04833333274475807 0
0.09000000089999607 -0.04666666609993049 0
0.09000000089999695 -0.04499999945510183 0
0.0900000008999978 -0.04333333281026609 0
0.09000000089999866 -0.04166666616542927 0
0.09000000089999952 -0.03999999952059237 0
0.09000000090000038 -0.03833333287575526 0
0.09000000090000124 -0.03666666623091816 0
0.09000000090000208 -0.03499999958608103 0
0.09000000090000299 -0.03333333294124628 0
0.09000000090000382 -0.0316666662964081 0
0.09000000090000468 -0.02999999965157601 0
0.09000000090000554 -0.02833333300673826 0
0.0900000009000064 -0.02666666636190214 0
0.09000000090000726 -0.02499999971706383 0
0.09000000090000811 -0.02333333307222835 0
0.09000000090000898 -0.02166666642738927 0
0.09000000090000987 -0.01999999978255444 0
0.0900000009000107 -0.01833333313771505 0
0.09000000090001159 -0.01666666649287988 0
0.09000000090001242 -0.01499999984804114 0
0.09000000090001331 -0.01333333320320533 0
0.09000000090001413 -0.01166666655836729 0
0.09000000090001503 -0.00999999991353109 0
0.09000000090001585 -0.008333333268693741 0
0.09000000090001675 -0.00666666662386149 0
0.09000000090001758 -0.004999999979022147 0
0.09000000090001847 -0.00333333333418668 0
0.09000000090001932 -0.001666666689347965 0
0.09000000090002019 -4.451195076589365e-11 0
0.09000000090002104 0.001666666600325973 0
0.09000000090002191 0.00333333324516266 0
0.09166666758331257 -0.09333333215516711 0
0.09166666758331322 -0.09166666551033499 0
0.0916666675833139 -0.08999999886550485 0
0.09166666758331454 -0.08833333222067491 0
0.09166666758331518 -0.0866666655758406 0
0.09166666758331583 -0.0849999989310099 0
0.09166666758331649 -0.08333333228617967 0
0.09166666758331715 -0.0816666656413501 0
0.09166666758331779 -0.07999999899652298 0
0.09166666758331843 -0.07833333235169501 0
0.09166666758331909 -0.07666666570686487 0
0.09166666758331973 -0.07499999906203494 0
0.0916666675833204 -0.07333333241720474 0
0.09166666758332101 -0.07166666577237488 0
0.0916666675833217 -0.06999999912754465 0
0.09166666758332231 -0.06833333248271484 0
0.09166666758332301 -0.06666666583788461 0
0.09166666758332362 -0.06499999919305471 0
0.09166666758332428 -0.06333333254822837 0
0.09166666758332492 -0.06166666590339959 0
0.09166666758332559 -0.05999999925856948 0
0.09166666758332623 -0.05833333261373991 0
0.09166666758332689 -0.05666666596890978 0
0.09166666758332756 -0.05499999932407997 0
0.09166666758332817 -0.05333333267924991 0
0.09166666758332884 -0.0516666660344199 0
0.0916666675833295 -0.04999999938958985 0
0.09166666758333011 -0.04833333274476197 0
0.09166666758333081 -0.04666666609993458 0
0.09166666758333145 -0.04499999945510606 0
0.09166666758333208 -0.04333333281027018 0
0.09166666758333272 -0.04166666616543318 0
0.09166666758333339 -0.0399999995205961 0
0.09166666758333405 -0.03833333287575882 0
0.09166666758333469 -0.03666666623092157 0
0.09166666758333533 -0.03499999958608432 0
0.091666667583336 -0.03333333294124945 0
0.09166666758333664 -0.03166666629641112 0
0.0916666675833373 -0.02999999965157899 0
0.09166666758333794 -0.02833333300674108 0
0.09166666758333862 -0.02666666636190483 0
0.09166666758333922 -0.02499999971706632 0
0.09166666758333988 -0.02333333307223073 0
0.09166666758334055 -0.02166666642739147 0
0.09166666758334119 -0.01999999978255654 0
0.09166666758334183 -0.01833333313771696 0
0.09166666758334249 -0.01666666649288168 0
0.09166666758334313 -0.01499999984804277 0
0.0916666675833438 -0.01333333320320683 0
0.09166666758334442 -0.01166666655836863 0
0.0916666675833451 -0.009999999913532254 0
0.09166666758334574 -0.008333333268694733 0
0.09166666758334638 -0.006666666623862433 0
0.09166666758334704 -0.004999999979022922 0
0.09166666758334771 -0.003333333334187371 0
0.09166666758334832 -0.001666666689348506 0
0.09166666758334899 -4.451237620682613e-11 0
0.09166666758334965 0.001666666600325708 0
0.09166666758335028 0.003333333245162521 0
0.09333333426664582 -0.09333333215516722 0
0.09333333426664644 -0.09166666551033516 0
0.09333333426664703 -0.08999999886550523 0
0.09333333426664761 -0.08833333222067542 0
0.09333333426664819 -0.08666666557584118 0
0.09333333426664883 -0.08499999893101058 0
0.09333333426664941 -0.08333333228618053 0
0.09333333426665004 -0.08166666564135099 0
0.09333333426665065 -0.0799999989965241 0
0.09333333426665125 -0.07833333235169629 0
0.09333333426665183 -0.0766666657068663 0
0.09333333426665244 -0.07499999906203648 0
0.09333333426665305 -0.07333333241720649 0
0.09333333426665361 -0.07166666577237674 0
0.09333333426665427 -0.06999999912754667 0
0.09333333426665485 -0.06833333248271695 0
0.09333333426665547 -0.06666666583788691 0
0.09333333426665602 -0.06499999919305717 0
0.09333333426665666 -0.06333333254823104 0
0.09333333426665724 -0.06166666590340241 0
0.09333333426665785 -0.05999999925857244 0
0.09333333426665846 -0.05833333261374292 0
0.09333333426665907 -0.05666666596891296 0
0.09333333426665966 -0.05499999932408325 0
0.09333333426666024 -0.05333333267925335 0
0.09333333426666085 -0.05166666603442348 0
0.09333333426666146 -0.04999999938959358 0
0.09333333426666204 -0.04833333274476587 0
0.09333333426666265 -0.04666666609993868 0
0.09333333426666326 -0.04499999945511032 0
0.09333333426666388 -0.04333333281027427 0
0.09333333426666446 -0.04166666616543706 0
0.09333333426666507 -0.03999999952059981 0
0.09333333426666565 -0.03833333287576241 0
0.09333333426666626 -0.03666666623092502 0
0.09333333426666687 -0.03499999958608759 0
0.09333333426666748 -0.03333333294125265 0
0.09333333426666809 -0.03166666629641413 0
0.09333333426666868 -0.02999999965158195 0
0.09333333426666929 -0.02833333300674389 0
0.09333333426666987 -0.02666666636190751 0
0.09333333426667048 -0.02499999971706882 0
0.09333333426667108 -0.02333333307223312 0
0.0933333342666717 -0.02166666642739367 0
0.09333333426667229 -0.01999999978255864 0
0.0933333342666729 -0.01833333313771888 0
0.09333333426667348 -0.01666666649288348 0
0.09333333426667409 -0.01499999984804439 0
0.0933333342666747 -0.01333333320320834 0
0.0933333342666753 -0.01166666655836997 0
0.09333333426667591 -0.009999999913533413 0
0.0933333342666765 -0.008333333268695734 0
0.09333333426667709 -0.006666666623863373 0
0.0933333342666777 -0.004999999979023699 0
0.09333333426667832 -0.003333333334188061 0
0.09333333426667892 -0.001666666689349047 0
0.0933333342666795 -4.451280164775862e-11 0
0.09333333426668011 0.001666666600325444 0
0.0933333342666807 0.003333333245162382 0
0.09500000094998601 -0.09333333215516733 0
0.09500000094998642 -0.09166666551033537 0
0.09500000094998684 -0.08999999886550555 0
0.09500000094998731 -0.08833333222067587 0
0.09500000094998773 -0.08666666557584178 0
0.09500000094998814 -0.08499999893101128 0
0.0950000009499886 -0.08333333228618135 0
0.09500000094998903 -0.0816666656413519 0
0.09500000094998946 -0.0799999989965252 0
0.09500000094998989 -0.07833333235169755 0
0.09500000094999034 -0.07666666570686773 0
0.09500000094999078 -0.07499999906203805 0
0.0950000009499912 -0.0733333324172082 0
0.09500000094999163 -0.07166666577237858 0
0.09500000094999206 -0.0699999991275487 0
0.0950000009499925 -0.06833333248271906 0
0.09500000094999295 -0.0666666658378892 0
0.0950000009499934 -0.06499999919305958 0
0.09500000094999383 -0.0633333325482337 0
0.09500000094999422 -0.06166666590340522 0
0.09500000094999467 -0.0599999992585754 0
0.09500000094999514 -0.05833333261374595 0
0.09500000094999556 -0.05666666596891617 0
0.095000000949996 -0.05499999932408653 0
0.09500000094999644 -0.05333333267925679 0
0.09500000094999689 -0.05166666603442706 0
0.09500000094999726 -0.04999999938959728 0
0.09500000094999772 -0.04833333274476979 0
0.09500000094999816 -0.04666666609994279 0
0.09500000094999861 -0.04499999945511454 0
0.09500000094999903 -0.04333333281027836 0
0.0950000009499995 -0.04166666616544098 0
0.09500000094999991 -0.03999999952060353 0
0.09500000095000036 -0.03833333287576599 0
0.09500000095000077 -0.03666666623092843 0
0.09500000095000122 -0.03499999958609089 0
0.09500000095000163 -0.03333333294125584 0
0.09500000095000208 -0.03166666629641716 0
0.09500000095000252 -0.02999999965158492 0
0.09500000095000294 -0.0283333330067467 0
0.09500000095000338 -0.02666666636191018 0
0.09500000095000383 -0.02499999971707132 0
0.09500000095000427 -0.0233333330722355 0
0.09500000095000469 -0.02166666642739587 0
0.09500000095000513 -0.01999999978256074 0
0.09500000095000555 -0.01833333313772078 0
0.09500000095000598 -0.01666666649288528 0
0.09500000095000644 -0.01499999984804602 0
0.09500000095000688 -0.01333333320320985 0
0.0950000009500073 -0.01166666655837131 0
0.09500000095000774 -0.009999999913534579 0
0.09500000095000816 -0.008333333268696726 0
0.0950000009500086 -0.006666666623864313 0
0.09500000095000904 -0.004999999979024476 0
0.09500000095000949 -0.00333333333418875 0
0.09500000095000992 -0.001666666689349587 0
0.09500000095001035 -4.451322689895572e-11 0
0.09500000095001077 0.00166666660032518 0
0.0950000009500112 0.003333333245162244 0
0.0966666676333256 -0.0933333321551674 0
0.09666666763332588 -0.09166666551033555 0
0.09666666763332618 -0.0899999988655059 0
0.09666666763332643 -0.08833333222067635 0
0.09666666763332668 -0.08666666557584234 0
0.09666666763332699 -0.0849999989310119 0
0.09666666763332726 -0.08333333228618219 0
0.09666666763332754 -0.08166666564135282 0
0.09666666763332785 -0.07999999899652631 0
0.0966666676333281 -0.07833333235169884 0
0.09666666763332837 -0.07666666570686917 0
0.09666666763332868 -0.07499999906203961 0
0.09666666763332896 -0.07333333241720996 0
0.09666666763332922 -0.07166666577238044 0
0.09666666763332948 -0.06999999912755073 0
0.09666666763332976 -0.06833333248272121 0
0.09666666763333007 -0.06666666583789155 0
0.09666666763333032 -0.064999999193062 0
0.09666666763333059 -0.06333333254823638 0
0.0966666676333309 -0.06166666590340801 0
0.09666666763333118 -0.05999999925857839 0
0.09666666763333145 -0.05833333261374896 0
0.09666666763333173 -0.05666666596891935 0
0.09666666763333201 -0.05499999932408982 0
0.09666666763333229 -0.05333333267926021 0
0.09666666763333254 -0.05166666603443062 0
0.09666666763333284 -0.04999999938960101 0
0.09666666763333309 -0.04833333274477367 0
0.0966666676333334 -0.04666666609994689 0
0.09666666763333367 -0.04499999945511878 0
0.09666666763333395 -0.04333333281028245 0
0.0966666676333342 -0.04166666616544487 0
0.09666666763333451 -0.03999999952060725 0
0.09666666763333479 -0.03833333287576954 0
0.09666666763333506 -0.03666666623093187 0
0.09666666763333534 -0.03499999958609417 0
0.09666666763333562 -0.03333333294125901 0
0.0966666676333359 -0.03166666629642018 0
0.09666666763333617 -0.02999999965158789 0
0.09666666763333645 -0.02833333300674951 0
0.09666666763333673 -0.02666666636191287 0
0.09666666763333701 -0.02499999971707382 0
0.09666666763333728 -0.02333333307223788 0
0.09666666763333757 -0.02166666642739807 0
0.09666666763333784 -0.01999999978256283 0
0.09666666763333812 -0.01833333313772269 0
0.09666666763333839 -0.0166666664928871 0
0.09666666763333867 -0.01499999984804765 0
0.09666666763333896 -0.01333333320321136 0
0.09666666763333923 -0.01166666655837265 0
0.0966666676333395 -0.009999999913535737 0
0.09666666763333978 -0.008333333268697724 0
0.09666666763334006 -0.006666666623865258 0
0.09666666763334034 -0.004999999979025254 0
0.09666666763334061 -0.00333333333418944 0
0.09666666763334089 -0.001666666689350129 0
0.09666666763334118 -4.451365366803586e-11 0
0.09666666763334145 0.001666666600324915 0
0.09666666763334172 0.003333333245162107 0
0.09833333431665883 -0.09333333215516749 0
0.09833333431665908 -0.09166666551033575 0
0.0983333343166593 -0.08999999886550626 0
0.09833333431665951 -0.08833333222067682 0
0.09833333431665975 -0.08666666557584293 0
0.09833333431665998 -0.08499999893101259 0
0.09833333431666022 -0.08333333228618309 0
0.09833333431666047 -0.08166666564135371 0
0.09833333431666065 -0.07999999899652742 0
0.09833333431666089 -0.07833333235170012 0
0.09833333431666114 -0.07666666570687058 0
0.09833333431666136 -0.07499999906204116 0
0.09833333431666158 -0.0733333324172117 0
0.09833333431666183 -0.07166666577238226 0
0.09833333431666205 -0.06999999912755278 0
0.09833333431666229 -0.06833333248272332 0
0.09833333431666251 -0.06666666583789385 0
0.09833333431666273 -0.06499999919306446 0
0.09833333431666297 -0.06333333254823903 0
0.09833333431666319 -0.06166666590341085 0
0.09833333431666344 -0.05999999925858135 0
0.09833333431666366 -0.05833333261375199 0
0.09833333431666388 -0.05666666596892252 0
0.09833333431666411 -0.0549999993240931 0
0.09833333431666433 -0.05333333267926365 0
0.09833333431666458 -0.05166666603443419 0
0.09833333431666477 -0.04999999938960473 0
0.09833333431666504 -0.04833333274477759 0
0.09833333431666524 -0.04666666609995098 0
0.09833333431666549 -0.04499999945512304 0
0.09833333431666572 -0.04333333281028658 0
0.09833333431666597 -0.04166666616544877 0
0.09833333431666619 -0.03999999952061096 0
0.09833333431666641 -0.03833333287577313 0
0.09833333431666665 -0.03666666623093531 0
0.09833333431666685 -0.03499999958609747 0
0.0983333343166671 -0.0333333329412622 0
0.09833333431666733 -0.0316666662964232 0
0.09833333431666755 -0.02999999965159086 0
0.0983333343166678 -0.02833333300675233 0
0.09833333431666799 -0.02666666636191556 0
0.09833333431666821 -0.02499999971707632 0
0.09833333431666846 -0.02333333307224027 0
0.09833333431666871 -0.02166666642740028 0
0.09833333431666894 -0.01999999978256493 0
0.09833333431666916 -0.01833333313772461 0
0.09833333431666938 -0.0166666664928889 0
0.0983333343166696 -0.01499999984804928 0
0.09833333431666982 -0.01333333320321287 0
0.09833333431667007 -0.01166666655837398 0
0.09833333431667032 -0.009999999913536898 0
0.09833333431667055 -0.008333333268698716 0
0.09833333431667077 -0.006666666623866203 0
0.09833333431667099 -0.004999999979026031 0
0.09833333431667123 -0.003333333334190131 0
0.09833333431667143 -0.001666666689350672 0
0.09833333431667168 -4.451407745556003e-11 0
0.09833333431667192 0.001666666600324649 0
0.09833333431667217 0.003333333245161968 0
$EndNodes
$Elements
9 3844 1 3844
0 1 15 1
1 1 
0 2 15 1
2 2 
0 3 15 1
3 3 
0 4 15 1
4 4 
1 1 1 60
5 1 5 
6 5 6 
7 6 7 
8 7 8 
9 8 9 
10 9 10 
11 10 11 
12 11 12 
13 12 13 
14 13 14 
15 14 15 
16 15 16 
17 16 17 
18 17 18 
19 18 19 
20 19 20 
21 20 21 
22 21 22 
23 22 23 
24 23 24 
25 24 25 
26 25 26 
27 26 27 
28 27 28 
29 28 29 
30 29 30 
31 30 31 
32 31 32 
33 32 33 
34 33 34 
35 34 35 
36 35 36 
37 36 37 
38 37 38 
39 38 39 
40 39 40 
41 40 41 
42 41 42 
43 42 43 
44 43 44 
45 44 45 
46 45 46 
47 46 47 
48 47 48 
49 48 49 
50 49 50 
51 50 51 
52 51 52 
53 52 53 
54 53 54 
55 54 55 
56 55 56 
57 56 57 
58 57 58 
59 58 59 
60 59 60 
61 60 61 
62 61 62 
63 62 63 
64 63 2 
1 2 1 60
65 2 64 
66 64 65 
67 65 66 
68 66 67 
69 67 68 
70 68 69 
71 69 70 
72 70 71 
73 71 72 
74 72 73 
75 73 74 
76 74 75 
77 75 76 
78 76 77 
79 77 78 
80 78 79 
81 79 80 
82 80 81 
83 81 82 
84 82 83 
85 83 84 
86 84 85 
87 85 86 
88 86 87 
89 87 88 
90 88 89 
91 89 90 
92 90 91 
93 91 92 
94 92 93 
95 93 94 
96 94 95 
97 95 96 
98 96 97 
99 97 98 
100 98 99 
101 99 100 
102 100 101 
103 101 102 
104 102 103 
105 103 104 
106 104 105 
107 105 106 
108 106 107 
109 107 108 
110 108 109 
111 109 110 
112 110 111 
113 111 112 
114 112 113 
115 113 114 
116 114 115 
117 115 116 
118 116 117 
119 117 118 
120 118 119 
121 119 120 
122 120 121 
123 121 122 
124 122 3 
1 3 1 60
125 3 123 
126 123 124 
127 124 125 
128 125 126 
129 126 127 
130 127 128 
131 128 129 
132 129 130 
133 130 131 
134 131 132 
135 132 133 
136 133 134 
137 134 135 
138 135 136 
139 136 137 
140 137 138 
141 138 139 
142 139 140 
143 140 141 
144 141 142 
145 142 143 
146 143 144 
147 144 145 
148 145 146 
149 146 147 
150 147 148 
151 148 149 
152 149 150 
153 150 151 
154 151 152 
155 152 153 
156 153 154 
157 154 155 
158 155 156 
159 156 157 
160 157 158 
161 158 159 
162 159 160 
163 160 161 
164 161 162 
165 162 163 
166 163 164 
167 164 165 
168 165 166 
169 166 167 
170 167 168 
171 168 169 
172 169 170 
173 170 171 
174 171 172 
175 172 173 
176 173 174 
177 174 175 
178 175 176 
179 176 177 
180 177 178 
181 178 179 
182 179 180 
183 180 181 
184 181 4 
1 4 1 60
185 4 182 
186 182 183 
187 183 184 
188 184 185 
189 185 186 
190 186 187 
191 187 188 
192 188 189 
193 189 190 
194 190 191 
195 191 192 
196 192 193 
197 193 194 
198 194 195 
199 195 196 
200 196 197 
201 197 198 
202 198 199 
203 199 200 
204 200 201 
205 201 202 
206 202 203 
207 203 204 
208 204 205 
209 205 206 
210 206 207 
211 207 208 
212 208 209 
213 209 210 
214 210 211 
215 211 212 
216 212 213 
217 213 214 
218 214 215 
219 215 216 
220 216 217 
221 217 218 
222 218 219 
223 219 220 
224 220 221 
225 221 222 
226 222 223 
227 223 224 
228 224 225 
229 225 226 
230 226 227 
231 227 228 
232 228 229 
233 229 230 
234 230 231 
235 231 232 
236 232 233 
237 233 234 
238 234 235 
239 235 236 
240 236 237 
241 237 238 
242 238 239 
243 239 240 
244 240 1 
2 1 3 3600
245 1 5 241 240 
246 240 241 242 239 
247 239 242 243 238 
248 238 243 244 237 
249 237 244 245 236 
250 236 245 246 235 
251 235 246 247 234 
252 234 247 248 233 
253 233 248 249 232 
254 232 249 250 231 
255 231 250 251 230 
256 230 251 252 229 
257 229 252 253 228 
258 228 253 254 227 
259 227 254 255 226 
260 226 255 256 225 
261 225 256 257 224 
262 224 257 258 223 
263 223 258 259 222 
264 222 259 260 221 
265 221 260 261 220 
266 220 261 262 219 
267 219 262 263 218 
268 218 263 264 217 
269 217 264 265 216 
270 216 265 266 215 
271 215 266 267 214 
272 214 267 268 213 
273 213 268 269 212 
274 212 269 270 211 
275 211 270 271 210 
276 210 271 272 209 
277 209 272 273 208 
278 208 273 274 207 
279 207 274 275 206 
280 206 275 276 205 
281 205 276 277 204 
282 204 277 278 203 
283 203 278 279 202 
284 202 279 280 201 
285 201 280 281 200 
286 200 281 282 199 
287 199 282 283 198 
288 198 283 284 197 
289 197 284 285 196 
290 196 285 286 195 
291 195 286 287 194 
292 194 287 288 193 
293 193 288 289 192 
294 192 289 290 191 
295 191 290 291 190 
296 190 291 292 189 
297 189 292 293 188 
298 188 293 294 187 
299 187 294 295 186 
300 186 295 296 185 
301 185 296 297 184 
302 184 297 298 183 
303 183 298 299 182 
304 182 299 181 4 
305 5 6 300 241 
306 241 300 301 242 
307 242 301 302 243 
308 243 302 303 244 
309 244 303 304 245 
310 245 304 305 246 
311 246 305 306 247 
312 247 306 307 248 
313 248 307 308 249 
314 249 308 309 250 
315 250 309 310 251 
316 251 310 311 252 
317 252 311 312 253 
318 253 312 313 254 
319 254 313 314 255 
320 255 314 315 256 
321 256 315 316 257 
322 257 316 317 258 
323 258 317 318 259 
324 259 318 319 260 
325 260 319 320 261 
326 261 320 321 262 
327 262 321 322 263 
328 263 322 323 264 
329 264 323 324 265 
330 265 324 325 266 
331 266 325 326 267 
332 267 326 327 268 
333 268 327 328 269 
334 269 328 329 270 
335 270 329 330 271 
336 271 330 331 272 
337 272 331 332 273 
338 273 332 333 274 
339 274 333 334 275 
340 275 334 335 276 
341 276 335 336 277 
342 277 336 337 278 
343 278 337 338 279 
344 279 338 339 280 
345 280 339 340 281 
346 281 340 341 282 
347 282 341 342 283 
348 283 342 343 284 
349 284 343 344 285 
350 285 344 345 286 
351 286 345 346 287 
352 287 346 347 288 
353 288 347 348 289 
354 289 348 349 290 
355 290 349 350 291 
356 291 350 351 292 
357 292 351 352 293 
358 293 352 353 294 
359 294 353 354 295 
360 295 354 355 296 
361 296 355 356 297 
362 297 356 357 298 
363 298 357 358 299 
364 299 358 180 181 
365 6 7 359 300 
366 300 359 360 301 
367 301 360 361 302 
368 302 361 362 303 
369 303 362 363 304 
370 304 363 364 305 
371 305 364 365 306 
372 306 365 366 307 
373 307 366 367 308 
374 308 367 368 309 
375 309 368 369 310 
376 310 369 370 311 
377 311 370 371 312 
378 312 371 372 313 
379 313 372 373 314 
380 314 373 374 315 
381 315 374 375 316 
382 316 375 376 317 
383 317 376 377 318 
384 318 377 378 319 
385 319 378 379 320 
386 320 379 380 321 
387 321 380 381 322 
388 322 381 382 323 
389 323 382 383 324 
390 324 383 384 325 
391 325 384 385 326 
392 326 385 386 327 
393 327 386 387 328 
394 328 387 388 329 
395 329 388 389 330 
396 330 389 390 331 
397 331 390 391 332 
398 332 391 392 333 
399 333 392 393 334 
400 334 393 394 335 
401 335 394 395 336 
402 336 395 396 337 
403 337 396 397 338 
404 338 397 398 339 
405 339 398 399 340 
406 340 399 400 341 
407 341 400 401 342 
408 342 401 402 343 
409 343 402 403 344 
410 344 403 404 345 
411 345 404 405 346 
412 346 405 406 347 
413 347 406 407 348 
414 348 407 408 349 
415 349 408 409 350 
416 350 409 410 351 
417 351 410 411 352 
418 352 411 412 353 
419 353 412 413 354 
420 354 413 414 355 
421 355 414 415 356 
422 356 415 416 357 
423 357 416 417 358 
424 358 417 179 180 
425 7 8 418 359 
426 359 418 419 360 
427 360 419 420 361 
428 361 420 421 362 
429 362 421 422 363 
430 363 422 423 364 
431 364 423 424 365 
432 365 424 425 366 
433 366 425 426 367 
434 367 426 427 368 
435 368 427 428 369 
436 369 428 429 370 
437 370 429 430 371 
438 371 430 431 372 
439 372 431 432 373 
440 373 432 433 374 
441 374 433 434 375 
442 375 434 435 376 
443 376 435 436 377 
444 377 436 437 378 
445 378 437 438 379 
446 379 438 439 380 
447 380 439 440 381 
448 381 440 441 382 
449 382 441 442 383 
450 383 442 443 384 
451 384 443 444 385 
452 385 444 445 386 
453 386 445 446 387 
454 387 446 447 388 
455 388 447 448 389 
456 389 448 449 390 
457 390 449 450 391 
458 391 450 451 392 
459 392 451 452 393 
460 393 452 453 394 
461 394 453 454 395 
462 395 454 455 396 
463 396 455 456 397 
464 397 456 457 398 
465 398 457 458 399 
466 399 458 459 400 
467 400 459 460 401 
468 401 460 461 402 
469 402 461 462 403 
470 403 462 463 404 
471 404 463 464 405 
472 405 464 465 406 
473 406 465 466 407 
474 407 466 467 408 
475 408 467 468 409 
476 409 468 469 410 
477 410 469 470 411 
478 411 470 471 412 
479 412 471 472 413 
480 413 472 473 414 
481 414 473 474 415 
482 415 474 475 416 
483 416 475 476 417 
484 417 476 178 179 
485 8 9 477 418 
486 418 477 478 419 
487 419 478 479 420 
488 420 479 480 421 
489 421 480 481 422 
490 422 481 482 423 
491 423 482 483 424 
492 424 483 484 425 
493 425 484 485 426 
494 426 485 486 427 
495 427 486 487 428 
496 428 487 488 429 
497 429 488 489 430 
498 430 489 490 431 
499 431 490 491 432 
500 432 491 492 433 
501 433 492 493 434 
502 434 493 494 435 
503 435 494 495 436 
504 436 495 496 437 
505 437 496 497 438 
506 438 497 498 439 
507 439 498 499 440 
508 440 499 500 441 
509 441 500 501 442 
510 442 501 502 443 
511 443 502 503 444 
512 444 503 504 445 
513 445 504 505 446 
514 446 505 506 447 
515 447 506 507 448 
516 448 507 508 449 
517 449 508 509 450 
518 450 509 510 451 
519 451 510 511 452 
520 452 511 512 453 
521 453 512 513 454 
522 454 513 514 455 
523 455 514 515 456 
524 456 515 516 457 
525 457 516 517 458 
526 458 517 518 459 
527 459 518 519 460 
528 460 519 520 461 
529 461 520 521 462 
530 462 521 522 463 
531 463 522 523 464 
532 464 523 524 465 
533 465 524 525 466 
534 466 525 526 467 
535 467 526 527 468 
536 468 527 528 469 
537 469 528 529 470 
538 470 529 530 471 
539 471 530 531 472 
540 472 531 532 473 
541 473 532 533 474 
542 474 533 534 475 
543 475 534 535 476 
544 476 535 177 178 
545 9 10 536 477 
546 477 536 537 478 
547 478 537 538 479 
548 479 538 539 480 
549 480 539 540 481 
550 481 540 541 482 
551 482 541 542 483 
552 483 542 543 484 
553 484 543 544 485 
554 485 544 545 486 
555 486 545 546 487 
556 487 546 547 488 
557 488 547 548 489 
558 489 548 549 490 
559 490 549 550 491 
560 491 550 551 492 
561 492 551 552 493 
562 493 552 553 494 
563 494 553 554 495 
564 495 554 555 496 
565 496 555 556 497 
566 497 556 557 498 
567 498 557 558 499 
568 499 558 559 500 
569 500 559 560 501 
570 501 560 561 502 
571 502 561 562 503 
572 503 562 563 504 
573 504 563 564 505 
574 505 564 565 506 
575 506 565 566 507 
576 507 566 567 508 
577 508 567 568 509 
578 509 568 569 510 
579 510 569 570 511 
580 511 570 571 512 
581 512 571 572 513 
582 513 572 573 514 
583 514 573 574 515 
584 515 574 575 516 
585 516 575 576 517 
586 517 576 577 518 
587 518 577 578 519 
588 519 578 579 520 
589 520 579 580 521 
590 521 580 581 522 
591 522 581 582 523 
592 523 582 583 524 
593 524 583 584 525 
594 525 584 585 526 
595 526 585 586 527 
596 527 586 587 528 
597 528 587 588 529 
598 529 588 589 530 
599 530 589 590 531 
600 531 590 591 532 
601 532 591 592 533 
602 533 592 593 534 
603 534 593 594 535 
604 535 594 176 177 
605 10 11 595 536 
606 536 595 596 537 
607 537 596 597 538 
608 538 597 598 539 
609 539 598 599 540 
610 540 599 600 541 
611 541 600 601 542 
612 542 601 602 543 
613 543 602 603 544 
614 544 603 604 545 
615 545 604 605 546 
616 546 605 606 547 
617 547 606 607 548 
618 548 607 608 549 
619 549 608 609 550 
620 550 609 610 551 
621 551 610 611 552 
622 552 611 612 553 
623 553 612 613 554 
624 554 613 614 555 
625 555 614 615 556 
626 556 615 616 557 
627 557 616 617 558 
628 558 617 618 559 
629 559 618 619 560 
630 560 619 620 561 
631 561 620 621 562 
632 562 621 622 563 
633 563 622 623 564 
634 564 623 624 565 
635 565 624 625 566 
636 566 625 626 567 
637 567 626 627 568 
638 568 627 628 569 
639 569 628 629 570 
640 570 629 630 571 
641 571 630 631 572 
642 572 631 632 573 
643 573 632 633 574 
644 574 633 634 575 
645 575 634 635 576 
646 576 635 636 577 
647 577 636 637 578 
648 578 637 638 579 
649 579 638 639 580 
650 580 639 640 581 
651 581 640 641 582 
652 582 641 642 583 
653 583 642 643 584 
654 584 643 644 585 
655 585 644 645 586 
656 586 645 646 587 
657 587 646 647 588 
658 588 647 648 589 
659 589 648 649 590 
660 590 649 650 591 
661 591 650 651 592 
662 592 651 652 593 
663 593 652 653 594 
664 594 653 175 176 
665 11 12 654 595 
666 595 654 655 596 
667 596 655 656 597 
668 597 656 657 598 
669 598 657 658 599 
670 599 658 659 600 
671 600 659 660 601 
672 601 660 661 602 
673 602 661 662 603 
674 603 662 663 604 
675 604 663 664 605 
676 605 664 665 606 
677 606 665 666 607 
678 607 666 667 608 
679 608 667 668 609 
680 609 668 669 610 
681 610 669 670 611 
682 611 670 671 612 
683 612 671 672 613 
684 613 672 673 614 
685 614 673 674 615 
686 615 674 675 616 
687 616 675 676 617 
688 617 676 677 618 
689 618 677 678 619 
690 619 678 679 620 
691 620 679 680 621 
692 621 680 681 622 
693 622 681 682 623 
694 623 682 683 624 
695 624 683 684 625 
696 625 684 685 626 
697 626 685 686 627 
698 627 686 687 628 
699 628 687 688 629 
700 629 688 689 630 
701 630 689 690 631 
702 631 690 691 632 
703 632 691 692 633 
704 633 692 693 634 
705 634 693 694 635 
706 635 694 695 636 
707 636 695 696 637 
708 637 696 697 638 
709 638 697 698 639 
710 639 698 699 640 
711 640 699 700 641 
712 641 700 701 642 
713 642 701 702 643 
714 643 702 703 644 
715 644 703 704 645 
716 645 704 705 646 
717 646 705 706 647 
718 647 706 707 648 
719 648 707 708 649 
720 649 708 709 650 
721 650 709 710 651 
722 651 710 711 652 
723 652 711 712 653 
724 653 712 174 175 
725 12 13 713 654 
726 654 713 714 655 
727 655 714 715 656 
728 656 715 716 657 
729 657 716 717 658 
730 658 717 718 659 
731 659 718 719 660 
732 660 719 720 661 
733 661 720 721 662 
734 662 721 722 663 
735 663 722 723 664 
736 664 723 724 665 
737 665 724 725 666 
738 666 725 726 667 
739 667 726 727 668 
740 668 727 728 669 
741 669 728 729 670 
742 670 729 730 671 
743 671 730 731 672 
744 672 731 732 673 
745 673 732 733 674 
746 674 733 734 675 
747 675 734 735 676 
748 676 735 736 677 
749 677 736 737 678 
750 678 737 738 679 
751 679 738 739 680 
752 680 739 740 681 
753 681 740 741 682 
754 682 741 742 683 
755 683 742 743 684 
756 684 743 744 685 
757 685 744 745 686 
758 686 745 746 687 
759 687 746 747 688 
760 688 747 748 689 
761 689 748 749 690 
762 690 749 750 691 
763 691 750 751 692 
764 692 751 752 693 
765 693 752 753 694 
766 694 753 754 695 
767 695 754 755 696 
768 696 755 756 697 
769 697 756 757 698 
770 698 757 758 699 
771 699 758 759 700 
772 700 759 760 701 
773 701 760 761 702 
774 702 761 762 703 
775 703 762 763 704 
776 704 763 764 705 
777 705 764 765 706 
778 706 765 766 707 
779 707 766 767 708 
780 708 767 768 709 
781 709 768 769 710 
782 710 769 770 711 
783 711 770 771 712 
784 712 771 173 174 
785 13 14 772 713 
786 713 772 773 714 
787 714 773 774 715 
788 715 774 775 716 
789 716 775 776 717 
790 717 776 777 718 
791 718 777 778 719 
792 719 778 779 720 
793 720 779 780 721 
794 721 780 781 722 
795 722 781 782 723 
796 723 782 783 724 
797 724 783 784 725 
798 725 784 785 726 
799 726 785 786 727 
800 727 786 787 728 
801 728 787 788 729 
802 729 788 789 730 
803 730 789 790 731 
804 731 790 791 732 
805 732 791 792 733 
806 733 792 793 734 
807 734 793 794 735 
808 735 794 795 736 
809 736 795 796 737 
810 737 796 797 738 
811 738 797 798 739 
812 739 798 799 740 
813 740 799 800 741 
814 741 800 801 742 
815 742 801 802 743 
816 743 802 803 744 
817 744 803 804 745 
818 745 804 805 746 
819 746 805 806 747 
820 747 806 807 748 
821 748 807 808 749 
822 749 808 809 750 
823 750 809 810 751 
824 751 810 811 752 
825 752 811 812 753 
826 753 812 813 754 
827 754 813 814 755 
828 755 814 815 756 
829 756 815 816 757 
830 757 816 817 758 
831 758 817 818 759 
832 759 818 819 760 
833 760 819 820 761 
834 761 820 821 762 
835 762 821 822 763 
836 763 822 823 764 
837 764 823 824 765 
838 765 824 825 766 
839 766 825 826 767 
840 767 826 827 768 
841 768 827 828 769 
842 769 828 829 770 
843 770 829 830 771 
844 771 830 172 173 
845 14 15 831 772 
846 772 831 832 773 
847 773 832 833 774 
848 774 833 834 775 
849 775 834 835 776 
850 776 835 836 777 
851 777 836 837 778 
852 778 837 838 779 
853 779 838 839 780 
854 780 839 840 781 
855 781 840 841 782 
856 782 841 842 783 
857 783 842 843 784 
858 784 843 844 785 
859 785 844 845 786 
860 786 845 846 787 
861 787 846 847 788 
862 788 847 848 789 
863 789 848 849 790 
864 790 849 850 791 
865 791 850 851 792 
866 792 851 852 793 
867 793 852 853 794 
868 794 853 854 795 
869 795 854 855 796 
870 796 855 856 797 
871 797 856 857 798 
872 798 857 858 799 
873 799 858 859 800 
874 800 859 860 801 
875 801 860 861 802 
876 802 861 862 803 
877 803 862 863 804 
878 804 863 864 805 
879 805 864 865 806 
880 806 865 866 807 
881 807 866 867 808 
882 808 867 868 809 
883 809 868 869 810 
884 810 869 870 811 
885 811 870 871 812 
886 812 871 872 813 
887 813 872 873 814 
888 814 873 874 815 
889 815 874 875 816 
890 816 875 876 817 
891 817 876 877 818 
892 818 877 878 819 
893 819 878 879 820 
894 820 879 880 821 
895 821 880 881 822 
896 822 881 882 823 
897 823 882 883 824 
898 824 883 884 825 
899 825 884 885 826 
900 826 885 886 827 
901 827 886 887 828 
902 828 887 888 829 
903 829 888 889 830 
904 830 889 171 172 
905 15 16 890 831 
906 831 890 891 832 
907 832 891 892 833 
908 833 892 893 834 
909 834 893 894 835 
910 835 894 895 836 
911 836 895 896 837 
912 837 896 897 838 
913 838 897 898 839 
914 839 898 899 840 
915 840 899 900 841 
916 841 900 901 842 
917 842 901 902 843 
918 843 902 903 844 
919 844 903 904 845 
920 845 904 905 846 
921 846 905 906 847 
922 847 906 907 848 
923 848 907 908 849 
924 849 908 909 850 
925 850 909 910 851 
926 851 910 911 852 
927 852 911 912 853 
928 853 912 913 854 
929 854 913 914 855 
930 855 914 915 856 
931 856 915 916 857 
932 857 916 917 858 
933 858 917 918 859 
934 859 918 919 860 
935 860 919 920 861 
936 861 920 921 862 
937 862 921 922 863 
938 863 922 923 864 
939 864 923 924 865 
940 865 924 925 866 
941 866 925 926 867 
942 867 926 927 868 
943 868 927 928 869 
944 869 928 929 870 
945 870 929 930 871 
946 871 930 931 872 
947 872 931 932 873 
948 873 932 933 874 
949 874 933 934 875 
950 875 934 935 876 
951 876 935 936 877 
952 877 936 937 878 
953 878 937 938 879 
954 879 938 939 880 
955 880 939 940 881 
956 881 940 941 882 
957 882 941 942 883 
958 883 942 943 884 
959 884 943 944 885 
960 885 944 945 886 
961 886 945 946 887 
962 887 946 947 888 
963 888 947 948 889 
964 889 948 170 171 
965 16 17 949 890 
966 890 949 950 891 
967 891 950 951 892 
968 892 951 952 893 
969 893 952 953 894 
970 894 953 954 895 
971 895 954 955 896 
972 896 955 956 897 
973 897 956 957 898 
974 898 957 958 899 
975 899 958 959 900 
976 900 959 960 901 
977 901 960 961 902 
978 902 961 962 903 
979 903 962 963 904 
980 904 963 964 905 
981 905 964 965 906 
982 906 965 966 907 
983 907 966 967 908 
984 908 967 968 909 
985 909 968 969 910 
986 910 969 970 911 
987 911 970 971 912 
988 912 971 972 913 
989 913 972 973 914 
990 914 973 974 915 
991 915 974 975 916 
992 916 975 976 917 
993 917 976 977 918 
994 918 977 978 919 
995 919 978 979 920 
996 920 979 980 921 
997 921 980 981 922 
998 922 981 982 923 
999 923 982 983 924 
1000 924 983 984 925 
1001 925 984 985 926 
1002 926 985 986 927 
1003 927 986 987 928 
1004 928 987 988 929 
1005 929 988 989 930 
1006 930 989 990 931 
1007 931 990 991 932 
1008 932 991 992 933 
1009 933 992 993 934 
1010 934 993 994 935 
1011 935 994 995 936 
1012 936 995 996 937 
1013 937 996 997 938 
1014 938 997 998 939 
1015 939 998 999 940 
1016 940 999 1000 941 
1017 941 1000 1001 942 
1018 942 1001 1002 943 
1019 943 1002 1003 944 
1020 944 1003 1004 945 
1021 945 1004 1005 946 
1022 946 1005 1006 947 
1023 947 1006 1007 948 
1024 948 1007 169 170 
1025 17 18 1008 949 
1026 949 1008 1009 950 
1027 950 1009 1010 951 
1028 951 1010 1011 952 
1029 952 1011 1012 953 
1030 953 1012 1013 954 
1031 954 1013 1014 955 
1032 955 1014 1015 956 
1033 956 1015 1016 957 
1034 957 1016 1017 958 
1035 958 1017 1018 959 
1036 959 1018 1019 960 
1037 960 1019 1020 961 
1038 961 1020 1021 962 
1039 962 1021 1022 963 
1040 963 1022 1023 964 
1041 964 1023 1024 965 
1042 965 1024 1025 966 
1043 966 1025 1026 967 
1044 967 1026 1027 968 
1045 968 1027 1028 969 
1046 969 1028 1029 970 
1047 970 1029 1030 971 
1048 971 1030 1031 972 
1049 972 1031 1032 973 
1050 973 1032 1033 974 
1051 974 1033 1034 975 
1052 975 1034 1035 976 
1053 976 1035 1036 977 
1054 977 1036 1037 978 
1055 978 1037 1038 979 
1056 979 1038 1039 980 
1057 980 1039 1040 981 
1058 981 1040 1041 982 
1059 982 1041 1042 983 
1060 983 1042 1043 984 
1061 984 1043 1044 985 
1062 985 1044 1045 986 
1063 986 1045 1046 987 
1064 987 1046 1047 988 
1065 988 1047 1048 989 
1066 989 1048 1049 990 
1067 990 1049 1050 991 
1068 991 1050 1051 992 
1069 992 1051 1052 993 
1070 993 1052 1053 994 
1071 994 1053 1054 995 
1072 995 1054 1055 996 
1073 996 1055 1056 997 
1074 997 1056 1057 998 
1075 998 1057 1058 999 
1076 999 1058 1059 1000 
1077 1000 1059 1060 1001 
1078 1001 1060 1061 1002 
1079 1002 1061 1062 1003 
1080 1003 1062 1063 1004 
1081 1004 1063 1064 1005 
1082 1005 1064 1065 1006 
1083 1006 1065 1066 1007 
1084 1007 1066 168 169 
1085 18 19 1067 1008 
1086 1008 1067 1068 1009 
1087 1009 1068 1069 1010 
1088 1010 1069 1070 1011 
1089 1011 1070 1071 1012 
1090 1012 1071 1072 1013 
1091 1013 1072 1073 1014 
1092 1014 1073 1074 1015 
1093 1015 1074 1075 1016 
1094 1016 1075 1076 1017 
1095 1017 1076 1077 1018 
1096 1018 1077 1078 1019 
1097 1019 1078 1079 1020 
1098 1020 1079 1080 1021 
1099 1021 1080 1081 1022 
1100 1022 1081 1082 1023 
1101 1023 1082 1083 1024 
1102 1024 1083 1084 1025 
1103 1025 1084 1085 1026 
1104 1026 1085 1086 1027 
1105 1027 1086 1087 1028 
1106 1028 1087 1088 1029 
1107 1029 1088 1089 1030 
1108 1030 1089 1090 1031 
1109 1031 1090 1091 1032 
1110 1032 1091 1092 1033 
1111 1033 1092 1093 1034 
1112 1034 1093 1094 1035 
1113 1035 1094 1095 1036 
1114 1036 1095 1096 1037 
1115 1037 1096 1097 1038 
1116 1038 1097 1098 1039 
1117 1039 1098 1099 1040 
1118 1040 1099 1100 1041 
1119 1041 1100 1101 1042 
1120 1042 1101 1102 1043 
1121 1043 1102 1103 1044 
1122 1044 1103 1104 1045 
1123 1045 1104 1105 1046 
1124 1046 1105 1106 1047 
1125 1047 1106 1107 1048 
1126 1048 1107 1108 1049 
1127 1049 1108 1109 1050 
1128 1050 1109 1110 1051 
1129 1051 1110 1111 1052 
1130 1052 1111 1112 1053 
1131 1053 1112 1113 1054 
1132 1054 1113 1114 1055 
1133 1055 1114 1115 1056 
1134 1056 1115 1116 1057 
1135 1057 1116 1117 1058 
1136 1058 1117 1118 1059 
1137 1059 1118 1119 1060 
1138 1060 1119 1120 1061 
1139 1061 1120 1121 1062 
1140 1062 1121 1122 1063 
1141 1063 1122 1123 1064 
1142 1064 1123 1124 1065 
1143 1065 1124 1125 1066 
1144 1066 1125 167 168 
1145 19 20 1126 1067 
1146 1067 1126 1127 1068 
1147 1068 1127 1128 1069 
1148 1069 1128 1129 1070 
1149 1070 1129 1130 1071 
1150 1071 1130 1131 1072 
1151 1072 1131 1132 1073 
1152 1073 1132 1133 1074 
1153 1074 1133 1134 1075 
1154 1075 1134 1135 1076 
1155 1076 1135 1136 1077 
1156 1077 1136 1137 1078 
1157 1078 1137 1138 1079 
1158 1079 1138 1139 1080 
1159 1080 1139 1140 1081 
1160 1081 1140 1141 1082 
1161 1082 1141 1142 1083 
1162 1083 1142 1143 1084 
1163 1084 1143 1144 1085 
1164 1085 1144 1145 1086 
1165 1086 1145 1146 1087 
1166 1087 1146 1147 1088 
1167 1088 1147 1148 1089 
1168 1089 1148 1149 1090 
1169 1090 1149 1150 1091 
1170 1091 1150 1151 1092 
1171 1092 1151 1152 1093 
1172 1093 1152 1153 1094 
1173 1094 1153 1154 1095 
1174 1095 1154 1155 1096 
1175 1096 1155 1156 1097 
1176 1097 1156 1157 1098 
1177 1098 1157 1158 1099 
1178 1099 1158 1159 1100 
1179 1100 1159 1160 1101 
1180 1101 1160 1161 1102 
1181 1102 1161 1162 1103 
1182 1103 1162 1163 1104 
1183 1104 1163 1164 1105 
1184 1105 1164 1165 1106 
1185 1106 1165 1166 1107 
1186 1107 1166 1167 1108 
1187 1108 1167 1168 1109 
1188 1109 1168 1169 1110 
1189 1110 1169 1170 1111 
1190 1111 1170 1171 1112 
1191 1112 1171 1172 1113 
1192 1113 1172 1173 1114 
1193 1114 1173 1174 1115 
1194 1115 1174 1175 1116 
1195 1116 1175 1176 1117 
1196 1117 1176 1177 1118 
1197 1118 1177 1178 1119 
1198 1119 1178 1179 1120 
1199 1120 1179 1180 1121 
1200 1121 1180 1181 1122 
1201 1122 1181 1182 1123 
1202 1123 1182 1183 1124 
1203 1124 1183 1184 1125 
1204 1125 1184 166 167 
1205 20 21 1185 1126 
1206 1126 1185 1186 1127 
1207 1127 1186 1187 1128 
1208 1128 1187 1188 1129 
1209 1129 1188 1189 1130 
1210 1130 1189 1190 1131 
1211 1131 1190 1191 1132 
1212 1132 1191 1192 1133 
1213 1133 1192 1193 1134 
1214 1134 1193 1194 1135 
1215 1135 1194 1195 1136 
1216 1136 1195 1196 1137 
1217 1137 1196 1197 1138 
1218 1138 1197 1198 1139 
1219 1139 1198 1199 1140 
1220 1140 1199 1200 1141 
1221 1141 1200 1201 1142 
1222 1142 1201 1202 1143 
1223 1143 1202 1203 1144 
1224 1144 1203 1204 1145 
1225 1145 1204 1205 1146 
1226 1146 1205 1206 1147 
1227 1147 1206 1207 1148 
1228 1148 1207 1208 1149 
1229 1149 1208 1209 1150 
1230 1150 1209 1210 1151 
1231 1151 1210 1211 1152 
1232 1152 1211 1212 1153 
1233 1153 1212 1213 1154 
1234 1154 1213 1214 1155 
1235 1155 1214 1215 1156 
1236 1156 1215 1216 1157 
1237 1157 1216 1217 1158 
1238 1158 1217 1218 1159 
1239 1159 1218 1219 1160 
1240 1160 1219 1220 1161 
1241 1161 1220 1221 1162 
1242 1162 1221 1222 1163 
1243 1163 1222 1223 1164 
1244 1164 1223 1224 1165 
1245 1165 1224 1225 1166 
1246 1166 1225 1226 1167 
1247 1167 1226 1227 1168 
1248 1168 1227 1228 1169 
1249 1169 1228 1229 1170 
1250 1170 1229 1230 1171 
1251 1171 1230 1231 1172 
1252 1172 1231 1232 1173 
1253 1173 1232 1233 1174 
1254 1174 1233 1234 1175 
1255 1175 1234 1235 1176 
1256 1176 1235 1236 1177 
1257 1177 1236 1237 1178 
1258 1178 1237 1238 1179 
1259 1179 1238 1239 1180 
1260 1180 1239 1240 1181 
1261 1181 1240 1241 1182 
1262 1182 1241 1242 1183 
1263 1183 1242 1243 1184 
1264 1184 1243 165 166 
1265 21 22 1244 1185 
1266 1185 1244 1245 1186 
1267 1186 1245 1246 1187 
1268 1187 1246 1247 1188 
1269 1188 1247 1248 1189 
1270 1189 1248 1249 1190 
1271 1190 1249 1250 1191 
1272 1191 1250 1251 1192 
1273 1192 1251 1252 1193 
1274 1193 1252 1253 1194 
1275 1194 1253 1254 1195 
1276 1195 1254 1255 1196 
1277 1196 1255 1256 1197 
1278 1197 1256 1257 1198 
1279 1198 1257 1258 1199 
1280 1199 1258 1259 1200 
1281 1200 1259 1260 1201 
1282 1201 1260 1261 1202 
1283 1202 1261 1262 1203 
1284 1203 1262 1263 1204 
1285 1204 1263 1264 1205 
1286 1205 1264 1265 1206 
1287 1206 1265 1266 1207 
1288 1207 1266 1267 1208 
1289 1208 1267 1268 1209 
1290 1209 1268 1269 1210 
1291 1210 1269 1270 1211 
1292 1211 1270 1271 1212 
1293 1212 1271 1272 1213 
1294 1213 1272 1273 1214 
1295 1214 1273 1274 1215 
1296 1215 1274 1275 1216 
1297 1216 1275 1276 1217 
1298 1217 1276 1277 1218 
1299 1218 1277 1278 1219 
1300 1219 1278 1279 1220 
1301 1220 1279 1280 1221 
1302 1221 1280 1281 1222 
1303 1222 1281 1282 1223 
1304 1223 1282 1283 1224 
1305 1224 1283 1284 1225 
1306 1225 1284 1285 1226 
1307 1226 1285 1286 1227 
1308 1227 1286 1287 1228 
1309 1228 1287 1288 1229 
1310 1229 1288 1289 1230 
1311 1230 1289 1290 1231 
1312 1231 1290 1291 1232 
1313 1232 1291 1292 1233 
1314 1233 1292 1293 1234 
1315 1234 1293 1294 1235 
1316 1235 1294 1295 1236 
1317 1236 1295 1296 1237 
1318 1237 1296 1297 1238 
1319 1238 1297 1298 1239 
1320 1239 1298 1299 1240 
1321 1240 1299 1300 1241 
1322 1241 1300 1301 1242 
1323 1242 1301 1302 1243 
1324 1243 1302 164 165 
1325 22 23 1303 1244 
1326 1244 1303 1304 1245 
1327 1245 1304 1305 1246 
1328 1246 1305 1306 1247 
1329 1247 1306 1307 1248 
1330 1248 1307 1308 1249 
1331 1249 1308 1309 1250 
1332 1250 1309 1310 1251 
1333 1251 1310 1311 1252 
1334 1252 1311 1312 1253 
1335 1253 1312 1313 1254 
1336 1254 1313 1314 1255 
1337 1255 1314 1315 1256 
1338 1256 1315 1316 1257 
1339 1257 1316 1317 1258 
1340 1258 1317 1318 1259 
1341 1259 1318 1319 1260 
1342 1260 1319 1320 1261 
1343 1261 1320 1321 1262 
1344 1262 1321 1322 1263 
1345 1263 1322 1323 1264 
1346 1264 1323 1324 1265 
1347 1265 1324 1325 1266 
1348 1266 1325 1326 1267 
1349 1267 1326 1327 1268 
1350 1268 1327 1328 1269 
1351 1269 1328 1329 1270 
1352 1270 1329 1330 1271 
1353 1271 1330 1331 1272 
1354 1272 1331 1332 1273 
1355 1273 1332 1333 1274 
1356 1274 1333 1334 1275 
1357 1275 1334 1335 1276 
1358 1276 1335 1336 1277 
1359 1277 1336 1337 1278 
1360 1278 1337 1338 1279 
1361 1279 1338 1339 1280 
1362 1280 1339 1340 1281 
1363 1281 1340 1341 1282 
1364 1282 1341 1342 1283 
1365 1283 1342 1343 1284 
1366 1284 1343 1344 1285 
1367 1285 1344 1345 1286 
1368 1286 1345 1346 1287 
1369 1287 1346 1347 1288 
1370 1288 1347 1348 1289 
1371 1289 1348 1349 1290 
1372 1290 1349 1350 1291 
1373 1291 1350 1351 1292 
1374 1292 1351 1352 1293 
1375 1293 1352 1353 1294 
1376 1294 1353 1354 1295 
1377 1295 1354 1355 1296 
1378 1296 1355 1356 1297 
1379 1297 1356 1357 1298 
1380 1298 1357 1358 1299 
1381 1299 1358 1359 1300 
1382 1300 1359 1360 1301 
1383 1301 1360 1361 1302 
1384 1302 1361 163 164 
1385 23 24 1362 1303 
1386 1303 1362 1363 1304 
1387 1304 1363 1364 1305 
1388 1305 1364 1365 1306 
1389 1306 1365 1366 1307 
1390 1307 1366 1367 1308 
1391 1308 1367 1368 1309 
1392 1309 1368 1369 1310 
1393 1310 1369 1370 1311 
1394 1311 1370 1371 1312 
1395 1312 1371 1372 1313 
1396 1313 1372 1373 1314 
1397 1314 1373 1374 1315 
1398 1315 1374 1375 1316 
1399 1316 1375 1376 1317 
1400 1317 1376 1377 1318 
1401 1318 1377 1378 1319 
1402 1319 1378 1379 1320 
1403 1320 1379 1380 1321 
1404 1321 1380 1381 1322 
1405 1322 1381 1382 1323 
1406 1323 1382 1383 1324 
1407 1324 1383 1384 1325 
1408 1325 1384 1385 1326 
1409 1326 1385 1386 1327 
1410 1327 1386 1387 1328 
1411 1328 1387 1388 1329 
1412 1329 1388 1389 1330 
1413 1330 1389 1390 1331 
1414 1331 1390 1391 1332 
1415 1332 1391 1392 1333 
1416 1333 1392 1393 1334 
1417 1334 1393 1394 1335 
1418 1335 1394 1395 1336 
1419 1336 1395 1396 1337 
1420 1337 1396 1397 1338 
1421 1338 1397 1398 1339 
1422 1339 1398 1399 1340 
1423 1340 1399 1400 1341 
1424 1341 1400 1401 1342 
1425 1342 1401 1402 1343 
1426 1343 1402 1403 1344 
1427 1344 1403 1404 1345 
1428 1345 1404 1405 1346 
1429 1346 1405 1406 1347 
1430 1347 1406 1407 1348 
1431 1348 1407 1408 1349 
1432 1349 1408 1409 1350 
1433 1350 1409 1410 1351 
1434 1351 1410 1411 1352 
1435 1352 1411 1412 1353 
1436 1353 1412 1413 1354 
1437 1354 1413 1414 1355 
1438 1355 1414 1415 1356 
1439 1356 1415 1416 1357 
1440 1357 1416 1417 1358 
1441 1358 1417 1418 1359 
1442 1359 1418 1419 1360 
1443 1360 1419 1420 1361 
1444 1361 1420 162 163 
1445 24 25 1421 1362 
1446 1362 1421 1422 1363 
1447 1363 1422 1423 1364 
1448 1364 1423 1424 1365 
1449 1365 1424 1425 1366 
1450 1366 1425 1426 1367 
1451 1367 1426 1427 1368 
1452 1368 1427 1428 1369 
1453 1369 1428 1429 1370 
1454 1370 1429 1430 1371 
1455 1371 1430 1431 1372 
1456 1372 1431 1432 1373 
1457 1373 1432 1433 1374 
1458 1374 1433 1434 1375 
1459 1375 1434 1435 1376 
1460 1376 1435 1436 1377 
1461 1377 1436 1437 1378 
1462 1378 1437 1438 1379 
1463 1379 1438 1439 1380 
1464 1380 1439 1440 1381 
1465 1381 1440 1441 1382 
1466 1382 1441 1442 1383 
1467 1383 1442 1443 1384 
1468 1384 1443 1444 1385 
1469 1385 1444 1445 1386 
1470 1386 1445 1446 1387 
1471 1387 1446 1447 1388 
1472 1388 1447 1448 1389 
1473 1389 1448 1449 1390 
1474 1390 1449 1450 1391 
1475 1391 1450 1451 1392 
1476 1392 1451 1452 1393 
1477 1393 1452 1453 1394 
1478 1394 1453 1454 1395 
1479 1395 1454 1455 1396 
1480 1396 1455 1456 1397 
1481 1397 1456 1457 1398 
1482 1398 1457 1458 1399 
1483 1399 1458 1459 1400 
1484 1400 1459 1460 1401 
1485 1401 1460 1461 1402 
1486 1402 1461 1462 1403 
1487 1403 1462 1463 1404 
1488 1404 1463 1464 1405 
1489 1405 1464 1465 1406 
1490 1406 1465 1466 1407 
1491 1407 1466 1467 1408 
1492 1408 1467 1468 1409 
1493 1409 1468 1469 1410 
1494 1410 1469 1470 1411 
1495 1411 1470 1471 1412 
1496 1412 1471 1472 1413 
1497 1413 1472 1473 1414 
1498 1414 1473 1474 1415 
1499 1415 1474 1475 1416 
1500 1416 1475 1476 1417 
1501 1417 1476 1477 1418 
1502 1418 1477 1478 1419 
1503 1419 1478 1479 1420 
1504 1420 1479 161 162 
1505 25 26 1480 1421 
1506 1421 1480 1481 1422 
1507 1422 1481 1482 1423 
1508 1423 1482 1483 1424 
1509 1424 1483 1484 1425 
1510 1425 1484 1485 1426 
1511 1426 1485 1486 1427 
1512 1427 1486 1487 1428 
1513 1428 1487 1488 1429 
1514 1429 1488 1489 1430 
1515 1430 1489 1490 1431 
1516 1431 1490 1491 1432 
1517 1432 1491 1492 1433 
1518 1433 1492 1493 1434 
1519 1434 1493 1494 1435 
1520 1435 1494 1495 1436 
1521 1436 1495 1496 1437 
1522 1437 1496 1497 1438 
1523 1438 1497 1498 1439 
1524 1439 1498 1499 1440 
1525 1440 1499 1500 1441 
1526 1441 1500 1501 1442 
1527 1442 1501 1502 1443 
1528 1443 1502 1503 1444 
1529 1444 1503 1504 1445 
1530 1445 1504 1505 1446 
1531 1446 1505 1506 1447 
1532 1447 1506 1507 1448 
1533 1448 1507 1508 1449 
1534 1449 1508 1509 1450 
1535 1450 1509 1510 1451 
1536 1451 1510 1511 1452 
1537 1452 1511 1512 1453 
1538 1453 1512 1513 1454 
1539 1454 1513 1514 1455 
1540 1455 1514 1515 1456 
1541 1456 1515 1516 1457 
1542 1457 1516 1517 1458 
1543 1458 1517 1518 1459 
1544 1459 1518 1519 1460 
1545 1460 1519 1520 1461 
1546 1461 1520 1521 1462 
1547 1462 1521 1522 1463 
1548 1463 1522 1523 1464 
1549 1464 1523 1524 1465 
1550 1465 1524 1525 1466 
1551 1466 1525 1526 1467 
1552 1467 1526 1527 1468 
1553 1468 1527 1528 1469 
1554 1469 1528 1529 1470 
1555 1470 1529 1530 1471 
1556 1471 1530 1531 1472 
1557 1472 1531 1532 1473 
1558 1473 1532 1533 1474 
1559 1474 1533 1534 1475 
1560 1475 1534 1535 1476 
1561 1476 1535 1536 1477 
1562 1477 1536 1537 1478 
1563 1478 1537 1538 1479 
1564 1479 1538 160 161 
1565 26 27 1539 1480 
1566 1480 1539 1540 1481 
1567 1481 1540 1541 1482 
1568 1482 1541 1542 1483 
1569 1483 1542 1543 1484 
1570 1484 1543 1544 1485 
1571 1485 1544 1545 1486 
1572 1486 1545 1546 1487 
1573 1487 1546 1547 1488 
1574 1488 1547 1548 1489 
1575 1489 1548 1549 1490 
1576 1490 1549 1550 1491 
1577 1491 1550 1551 1492 
1578 1492 1551 1552 1493 
1579 1493 1552 1553 1494 
1580 1494 1553 1554 1495 
1581 1495 1554 1555 1496 
1582 1496 1555 1556 1497 
1583 1497 1556 1557 1498 
1584 1498 1557 1558 1499 
1585 1499 1558 1559 1500 
1586 1500 1559 1560 1501 
1587 1501 1560 1561 1502 
1588 1502 1561 1562 1503 
1589 1503 1562 1563 1504 
1590 1504 1563 1564 1505 
1591 1505 1564 1565 1506 
1592 1506 1565 1566 1507 
1593 1507 1566 1567 1508 
1594 1508 1567 1568 1509 
1595 1509 1568 1569 1510 
1596 1510 1569 1570 1511 
1597 1511 1570 1571 1512 
1598 1512 1571 1572 1513 
1599 1513 1572 1573 1514 
1600 1514 1573 1574 1515 
1601 1515 1574 1575 1516 
1602 1516 1575 1576 1517 
1603 1517 1576 1577 1518 
1604 1518 1577 1578 1519 
1605 1519 1578 1579 1520 
1606 1520 1579 1580 1521 
1607 1521 1580 1581 1522 
1608 1522 1581 1582 1523 
1609 1523 1582 1583 1524 
1610 1524 1583 1584 1525 
1611 1525 1584 1585 1526 
1612 1526 1585 1586 1527 
1613 1527 1586 1587 1528 
1614 1528 1587 1588 1529 
1615 1529 1588 1589 1530 
1616 1530 1589 1590 1531 
1617 1531 1590 1591 1532 
1618 1532 1591 1592 1533 
1619 1533 1592 1593 1534 
1620 1534 1593 1594 1535 
1621 1535 1594 1595 1536 
1622 1536 1595 1596 1537 
1623 1537 1596 1597 1538 
1624 1538 1597 159 160 
1625 27 28 1598 1539 
1626 1539 1598 1599 1540 
1627 1540 1599 1600 1541 
1628 1541 1600 1601 1542 
1629 1542 1601 1602 1543 
1630 1543 1602 1603 1544 
1631 1544 1603 1604 1545 
1632 1545 1604 1605 1546 
1633 1546 1605 1606 1547 
1634 1547 1606 1607 1548 
1635 1548 1607 1608 1549 
1636 1549 1608 1609 1550 
1637 1550 1609 1610 1551 
1638 1551 1610 1611 1552 
1639 1552 1611 1612 1553 
1640 1553 1612 1613 1554 
1641 1554 1613 1614 1555 
1642 1555 1614 1615 1556 
1643 1556 1615 1616 1557 
1644 1557 1616 1617 1558 
1645 1558 1617 1618 1559 
1646 1559 1618 1619 1560 
1647 1560 1619 1620 1561 
1648 1561 1620 1621 1562 
1649 1562 1621 1622 1563 
1650 1563 1622 1623 1564 
1651 1564 1623 1624 1565 
1652 1565 1624 1625 1566 
1653 1566 1625 1626 1567 
1654 1567 1626 1627 1568 
1655 1568 1627 1628 1569 
1656 1569 1628 1629 1570 
1657 1570 1629 1630 1571 
1658 1571 1630 1631 1572 
1659 1572 1631 1632 1573 
1660 1573 1632 1633 1574 
1661 1574 1633 1634 1575 
1662 1575 1634 1635 1576 
1663 1576 1635 1636 1577 
1664 1577 1636 1637 1578 
1665 1578 1637 1638 1579 
1666 1579 1638 1639 1580 
1667 1580 1639 1640 1581 
1668 1581 1640 1641 1582 
1669 1582 1641 1642 1583 
1670 1583 1642 1643 1584 
1671 1584 1643 1644 1585 
1672 1585 1644 1645 1586 
1673 1586 1645 1646 1587 
1674 1587 1646 1647 1588 
1675 1588 1647 1648 1589 
1676 1589 1648 1649 1590 
1677 1590 1649 1650 1591 
1678 1591 1650 1651 1592 
1679 1592 1651 1652 1593 
1680 1593 1652 1653 1594 
1681 1594 1653 1654 1595 
1682 1595 1654 1655 1596 
1683 1596 1655 1656 1597 
1684 1597 1656 158 159 
1685 28 29 1657 1598 
1686 1598 1657 1658 1599 
1687 1599 1658 1659 1600 
1688 1600 1659 1660 1601 
1689 1601 1660 1661 1602 
1690 1602 1661 1662 1603 
1691 1603 1662 1663 1604 
1692 1604 1663 1664 1605 
1693 1605 1664 1665 1606 
1694 1606 1665 1666 1607 
1695 1607 1666 1667 1608 
1696 1608 1667 1668 1609 
1697 1609 1668 1669 1610 
1698 1610 1669 1670 1611 
1699 1611 1670 1671 1612 
1700 1612 1671 1672 1613 
1701 1613 1672 1673 1614 
1702 1614 1673 1674 1615 
1703 1615 1674 1675 1616 
1704 1616 1675 1676 1617 
1705 1617 1676 1677 1618 
1706 1618 1677 1678 1619 
1707 1619 1678 1679 1620 
1708 1620 1679 1680 1621 
1709 1621 1680 1681 1622 
1710 1622 1681 1682 1623 
1711 1623 1682 1683 1624 
1712 1624 1683 1684 1625 
1713 1625 1684 1685 1626 
1714 1626 1685 1686 1627 
1715 1627 1686 1687 1628 
1716 1628 1687 1688 1629 
1717 1629 1688 1689 1630 
1718 1630 1689 1690 1631 
1719 1631 1690 1691 1632 
1720 1632 1691 1692 1633 
1721 1633 1692 1693 1634 
1722 1634 1693 1694 1635 
1723 1635 1694 1695 1636 
1724 1636 1695 1696 1637 
1725 1637 1696 1697 1638 
1726 1638 1697 1698 1639 
1727 1639 1698 1699 1640 
1728 1640 1699 1700 1641 
1729 1641 1700 1701 1642 
1730 1642 1701 1702 1643 
1731 1643 1702 1703 1644 
1732 1644 1703 1704 1645 
1733 1645 1704 1705 1646 
1734 1646 1705 1706 1647 
1735 1647 1706 1707 1648 
1736 1648 1707 1708 1649 
1737 1649 1708 1709 1650 
1738 1650 1709 1710 1651 
1739 1651 1710 1711 1652 
1740 1652 1711 1712 1653 
1741 1653 1712 1713 1654 
1742 1654 1713 1714 1655 
1743 1655 1714 1715 1656 
1744 1656 1715 157 158 
1745 29 30 1716 1657 
1746 1657 1716 1717 1658 
1747 1658 1717 1718 1659 
1748 1659 1718 1719 1660 
1749 1660 1719 1720 1661 
1750 1661 1720 1721 1662 
1751 1662 1721 1722 1663 
1752 1663 1722 1723 1664 
1753 1664 1723 1724 1665 
1754 1665 1724 1725 1666 
1755 1666 1725 1726 1667 
1756 1667 1726 1727 1668 
1757 1668 1727 1728 1669 
1758 1669 1728 1729 1670 
1759 1670 1729 1730 1671 
1760 1671 1730 1731 1672 
1761 1672 1731 1732 1673 
1762 1673 1732 1733 1674 
1763 1674 1733 1734 1675 
1764 1675 1734 1735 1676 
1765 1676 1735 1736 1677 
1766 1677 1736 1737 1678 
1767 1678 1737 1738 1679 
1768 1679 1738 1739 1680 
1769 1680 1739 1740 1681 
1770 1681 1740 1741 1682 
1771 1682 1741 1742 1683 
1772 1683 1742 1743 1684 
1773 1684 1743 1744 1685 
1774 1685 1744 1745 1686 
1775 1686 1745 1746 1687 
1776 1687 1746 1747 1688 
1777 1688 1747 1748 1689 
1778 1689 1748 1749 1690 
1779 1690 1749 1750 1691 
1780 1691 1750 1751 1692 
1781 1692 1751 1752 1693 
1782 1693 1752 1753 1694 
1783 1694 1753 1754 1695 
1784 1695 1754 1755 1696 
1785 1696 1755 1756 1697 
1786 1697 1756 1757 1698 
1787 1698 1757 1758 1699 
1788 1699 1758 1759 1700 
1789 1700 1759 1760 1701 
1790 1701 1760 1761 1702 
1791 1702 1761 1762 1703 
1792 1703 1762 1763 1704 
1793 1704 1763 1764 1705 
1794 1705 1764 1765 1706 
1795 1706 1765 1766 1707 
1796 1707 1766 1767 1708 
1797 1708 1767 1768 1709 
1798 1709 1768 1769 1710 
1799 1710 1769 1770 1711 
1800 1711 1770 1771 1712 
1801 1712 1771 1772 1713 
1802 1713 1772 1773 1714 
1803 1714 1773 1774 1715 
1804 1715 1774 156 157 
1805 30 31 1775 1716 
1806 1716 1775 1776 1717 
1807 1717 1776 1777 1718 
1808 1718 1777 1778 1719 
1809 1719 1778 1779 1720 
1810 1720 1779 1780 1721 
1811 1721 1780 1781 1722 
1812 1722 1781 1782 1723 
1813 1723 1782 1783 1724 
1814 1724 1783 1784 1725 
1815 1725 1784 1785 1726 
1816 1726 1785 1786 1727 
1817 1727 1786 1787 1728 
1818 1728 1787 1788 1729 
1819 1729 1788 1789 1730 
1820 1730 1789 1790 1731 
1821 1731 1790 1791 1732 
1822 1732 1791 1792 1733 
1823 1733 1792 1793 1734 
1824 1734 1793 1794 1735 
1825 1735 1794 1795 1736 
1826 1736 1795 1796 1737 
1827 1737 1796 1797 1738 
1828 1738 1797 1798 1739 
1829 1739 1798 1799 1740 
1830 1740 1799 1800 1741 
1831 1741 1800 1801 1742 
1832 1742 1801 1802 1743 
1833 1743 1802 1803 1744 
1834 1744 1803 1804 1745 
1835 1745 1804 1805 1746 
1836 1746 1805 1806 1747 
1837 1747 1806 1807 1748 
1838 1748 1807 1808 1749 
1839 1749 1808 1809 1750 
1840 1750 1809 1810 1751 
1841 1751 1810 1811 1752 
1842 1752 1811 1812 1753 
1843 1753 1812 1813 1754 
1844 1754 1813 1814 1755 
1845 1755 1814 1815 1756 
1846 1756 1815 1816 1757 
1847 1757 1816 1817 1758 
1848 1758 1817 1818 1759 
1849 1759 1818 1819 1760 
1850 1760 1819 1820 1761 
1851 1761 1820 1821 1762 
1852 1762 1821 1822 1763 
1853 1763 1822 1823 1764 
1854 1764 1823 1824 1765 
1855 1765 1824 1825 1766 
1856 1766 1825 1826 1767 
1857 1767 1826 1827 1768 
1858 1768 1827 1828 1769 
1859 1769 1828 1829 1770 
1860 1770 1829 1830 1771 
1861 1771 1830 1831 1772 
1862 1772 1831 1832 1773 
1863 1773 1832 1833 1774 
1864 1774 1833 155 156 
1865 31 32 1834 1775 
1866 1775 1834 1835 1776 
1867 1776 1835 1836 1777 
1868 1777 1836 1837 1778 
1869 1778 1837 1838 1779 
1870 1779 1838 1839 1780 
1871 1780 1839 1840 1781 
1872 1781 1840 1841 1782 
1873 1782 1841 1842 1783 
1874 1783 1842 1843 1784 
1875 1784 1843 1844 1785 
1876 1785 1844 1845 1786 
1877 1786 1845 1846 1787 
1878 1787 1846 1847 1788 
1879 1788 1847 1848 1789 
1880 1789 1848 1849 1790 
1881 1790 1849 1850 1791 
1882 1791 1850 1851 1792 
1883 1792 1851 1852 1793 
1884 1793 1852 1853 1794 
1885 1794 1853 1854 1795 
1886 1795 1854 1855 1796 
1887 1796 1855 1856 1797 
1888 1797 1856 1857 1798 
1889 1798 1857 1858 1799 
1890 1799 1858 1859 1800 
1891 1800 1859 1860 1801 
1892 1801 1860 1861 1802 
1893 1802 1861 1862 1803 
1894 1803 1862 1863 1804 
1895 1804 1863 1864 1805 
1896 1805 1864 1865 1806 
1897 1806 1865 1866 1807 
1898 1807 1866 1867 1808 
1899 1808 1867 1868 1809 
1900 1809 1868 1869 1810 
1901 1810 1869 1870 1811 
1902 1811 1870 1871 1812 
1903 1812 1871 1872 1813 
1904 1813 1872 1873 1814 
1905 1814 1873 1874 1815 
1906 1815 1874 1875 1816 
1907 1816 1875 1876 1817 
1908 1817 1876 1877 1818 
1909 1818 1877 1878 1819 
1910 1819 1878 1879 1820 
1911 1820 1879 1880 1821 
1912 1821 1880 1881 1822 
1913 1822 1881 1882 1823 
1914 1823 1882 1883 1824 
1915 1824 1883 1884 1825 
1916 1825 1884 1885 1826 
1917 1826 1885 1886 1827 
1918 1827 1886 1887 1828 
1919 1828 1887 1888 1829 
1920 1829 1888 1889 1830 
1921 1830 1889 1890 1831 
1922 1831 1890 1891 1832 
1923 1832 1891 1892 1833 
1924 1833 1892 154 155 
1925 32 33 1893 1834 
1926 1834 1893 1894 1835 
1927 1835 1894 1895 1836 
1928 1836 1895 1896 1837 
1929 1837 1896 1897 1838 
1930 1838 1897 1898 1839 
1931 1839 1898 1899 1840 
1932 1840 1899 1900 1841 
1933 1841 1900 1901 1842 
1934 1842 1901 1902 1843 
1935 1843 1902 1903 1844 
1936 1844 1903 1904 1845 
1937 1845 1904 1905 1846 
1938 1846 1905 1906 1847 
1939 1847 1906 1907 1848 
1940 1848 1907 1908 1849 
1941 1849 1908 1909 1850 
1942 1850 1909 1910 1851 
1943 1851 1910 1911 1852 
1944 1852 1911 1912 1853 
1945 1853 1912 1913 1854 
1946 1854 1913 1914 1855 
1947 1855 1914 1915 1856 
1948 1856 1915 1916 1857 
1949 1857 1916 1917 1858 
1950 1858 1917 1918 1859 
1951 1859 1918 1919 1860 
1952 1860 1919 1920 1861 
1953 1861 1920 1921 1862 
1954 1862 1921 1922 1863 
1955 1863 1922 1923 1864 
1956 1864 1923 1924 1865 
1957 1865 1924 1925 1866 
1958 1866 1925 1926 1867 
1959 1867 1926 1927 1868 
1960 1868 1927 1928 1869 
1961 1869 1928 1929 1870 
1962 1870 1929 1930 1871 
1963 1871 1930 1931 1872 
1964 1872 1931 1932 1873 
1965 1873 1932 1933 1874 
1966 1874 1933 1934 1875 
1967 1875 1934 1935 1876 
1968 1876 1935 1936 1877 
1969 1877 1936 1937 1878 
1970 1878 1937 1938 1879 
1971 1879 1938 1939 1880 
1972 1880 1939 1940 1881 
1973 1881 1940 1941 1882 
1974 1882 1941 1942 1883 
1975 1883 1942 1943 1884 
1976 1884 1943 1944 1885 
1977 1885 1944 1945 1886 
1978 1886 1945 1946 1887 
1979 1887 1946 1947 1888 
1980 1888 1947 1948 1889 
1981 1889 1948 1949 1890 
1982 1890 1949 1950 1891 
1983 1891 1950 1951 1892 
1984 1892 1951 153 154 
1985 33 34 1952 1893 
1986 1893 1952 1953 1894 
1987 1894 1953 1954 1895 
1988 1895 1954 1955 1896 
1989 1896 1955 1956 1897 
1990 1897 1956 1957 1898 
1991 1898 1957 1958 1899 
1992 1899 1958 1959 1900 
1993 1900 1959 1960 1901 
1994 1901 1960 1961 1902 
1995 1902 1961 1962 1903 
1996 1903 1962 1963 1904 
1997 1904 1963 1964 1905 
1998 1905 1964 1965 1906 
1999 1906 1965 1966 1907 
2000 1907 1966 1967 1908 
2001 1908 1967 1968 1909 
2002 1909 1968 1969 1910 
2003 1910 1969 1970 1911 
2004 1911 1970 1971 1912 
2005 1912 1971 1972 1913 
2006 1913 1972 1973 1914 
2007 1914 1973 1974 1915 
2008 1915 1974 1975 1916 
2009 1916 1975 1976 1917 
2010 1917 1976 1977 1918 
2011 1918 1977 1978 1919 
2012 1919 1978 1979 1920 
2013 1920 1979 1980 1921 
2014 1921 1980 1981 1922 
2015 1922 1981 1982 1923 
2016 1923 1982 1983 1924 
2017 1924 1983 1984 1925 
2018 1925 1984 1985 1926 
2019 1926 1985 1986 1927 
2020 1927 1986 1987 1928 
2021 1928 1987 1988 1929 
2022 1929 1988 1989 1930 
2023 1930 1989 1990 1931 
2024 1931 1990 1991 1932 
2025 1932 1991 1992 1933 
2026 1933 1992 1993 1934 
2027 1934 1993 1994 1935 
2028 1935 1994 1995 1936 
2029 1936 1995 1996 1937 
2030 1937 1996 1997 1938 
2031 1938 1997 1998 1939 
2032 1939 1998 1999 1940 
2033 1940 1999 2000 1941 
2034 1941 2000 2001 1942 
2035 1942 2001 2002 1943 
2036 1943 2002 2003 1944 
2037 1944 2003 2004 1945 
2038 1945 2004 2005 1946 
2039 1946 2005 2006 1947 
2040 1947 2006 2007 1948 
2041 1948 2007 2008 1949 
2042 1949 2008 2009 1950 
2043 1950 2009 2010 1951 
2044 1951 2010 152 153 
2045 34 35 2011 1952 
2046 1952 2011 2012 1953 
2047 1953 2012 2013 1954 
2048 1954 2013 2014 1955 
2049 1955 2014 2015 1956 
2050 1956 2015 2016 1957 
2051 1957 2016 2017 1958 
2052 1958 2017 2018 1959 
2053 1959 2018 2019 1960 
2054 1960 2019 2020 1961 
2055 1961 2020 2021 1962 
2056 1962 2021 2022 1963 
2057 1963 2022 2023 1964 
2058 1964 2023 2024 1965 
2059 1965 2024 2025 1966 
2060 1966 2025 2026 1967 
2061 1967 2026 2027 1968 
2062 1968 2027 2028 1969 
2063 1969 2028 2029 1970 
2064 1970 2029 2030 1971 
2065 1971 2030 2031 1972 
2066 1972 2031 2032 1973 
2067 1973 2032 2033 1974 
2068 1974 2033 2034 1975 
2069 1975 2034 2035 1976 
2070 1976 2035 2036 1977 
2071 1977 2036 2037 1978 
2072 1978 2037 2038 1979 
2073 1979 2038 2039 1980 
2074 1980 2039 2040 1981 
2075 1981 2040 2041 1982 
2076 1982 2041 2042 1983 
2077 1983 2042 2043 1984 
2078 1984 2043 2044 1985 
2079 1985 2044 2045 1986 
2080 1986 2045 2046 1987 
2081 1987 2046 2047 1988 
2082 1988 2047 2048 1989 
2083 1989 2048 2049 1990 
2084 1990 2049 2050 1991 
2085 1991 2050 2051 1992 
2086 1992 2051 2052 1993 
2087 1993 2052 2053 1994 
2088 1994 2053 2054 1995 
2089 1995 2054 2055 1996 
2090 1996 2055 2056 1997 
2091 1997 2056 2057 1998 
2092 1998 2057 2058 1999 
2093 1999 2058 2059 2000 
2094 2000 2059 2060 2001 
2095 2001 2060 2061 2002 
2096 2002 2061 2062 2003 
2097 2003 2062 2063 2004 
2098 2004 2063 2064 2005 
2099 2005 2064 2065 2006 
2100 2006 2065 2066 2007 
2101 2007 2066 2067 2008 
2102 2008 2067 2068 2009 
2103 2009 2068 2069 2010 
2104 2010 2069 151 152 
2105 35 36 2070 2011 
2106 2011 2070 2071 2012 
2107 2012 2071 2072 2013 
2108 2013 2072 2073 2014 
2109 2014 2073 2074 2015 
2110 2015 2074 2075 2016 
2111 2016 2075 2076 2017 
2112 2017 2076 2077 2018 
2113 2018 2077 2078 2019 
2114 2019 2078 2079 2020 
2115 2020 2079 2080 2021 
2116 2021 2080 2081 2022 
2117 2022 2081 2082 2023 
2118 2023 2082 2083 2024 
2119 2024 2083 2084 2025 
2120 2025 2084 2085 2026 
2121 2026 2085 2086 2027 
2122 2027 2086 2087 2028 
2123 2028 2087 2088 2029 
2124 2029 2088 2089 2030 
2125 2030 2089 2090 2031 
2126 2031 2090 2091 2032 
2127 2032 2091 2092 2033 
2128 2033 2092 2093 2034 
2129 2034 2093 2094 2035 
2130 2035 2094 2095 2036 
2131 2036 2095 2096 2037 
2132 2037 2096 2097 2038 
2133 2038 2097 2098 2039 
2134 2039 2098 2099 2040 
2135 2040 2099 2100 2041 
2136 2041 2100 2101 2042 
2137 2042 2101 2102 2043 
2138 2043 2102 2103 2044 
2139 2044 2103 2104 2045 
2140 2045 2104 2105 2046 
2141 2046 2105 2106 2047 
2142 2047 2106 2107 2048 
2143 2048 2107 2108 2049 
2144 2049 2108 2109 2050 
2145 2050 2109 2110 2051 
2146 2051 2110 2111 2052 
2147 2052 2111 2112 2053 
2148 2053 2112 2113 2054 
2149 2054 2113 2114 2055 
2150 2055 2114 2115 2056 
2151 2056 2115 2116 2057 
2152 2057 2116 2117 2058 
2153 2058 2117 2118 2059 
2154 2059 2118 2119 2060 
2155 2060 2119 2120 2061 
2156 2061 2120 2121 2062 
2157 2062 2121 2122 2063 
2158 2063 2122 2123 2064 
2159 2064 2123 2124 2065 
2160 2065 2124 2125 2066 
2161 2066 2125 2126 2067 
2162 2067 2126 2127 2068 
2163 2068 2127 2128 2069 
2164 2069 2128 150 151 
2165 36 37 2129 2070 
2166 2070 2129 2130 2071 
2167 2071 2130 2131 2072 
2168 2072 2131 2132 2073 
2169 2073 2132 2133 2074 
2170 2074 2133 2134 2075 
2171 2075 2134 2135 2076 
2172 2076 2135 2136 2077 
2173 2077 2136 2137 2078 
2174 2078 2137 2138 2079 
2175 2079 2138 2139 2080 
2176 2080 2139 2140 2081 
2177 2081 2140 2141 2082 
2178 2082 2141 2142 2083 
2179 2083 2142 2143 2084 
2180 2084 2143 2144 2085 
2181 2085 2144 2145 2086 
2182 2086 2145 2146 2087 
2183 2087 2146 2147 2088 
2184 2088 2147 2148 2089 
2185 2089 2148 2149 2090 
2186 2090 2149 2150 2091 
2187 2091 2150 2151 2092 
2188 2092 2151 2152 2093 
2189 2093 2152 2153 2094 
2190 2094 2153 2154 2095 
2191 2095 2154 2155 2096 
2192 2096 2155 2156 2097 
2193 2097 2156 2157 2098 
2194 2098 2157 2158 2099 
2195 2099 2158 2159 2100 
2196 2100 2159 2160 2101 
2197 2101 2160 2161 2102 
2198 2102 2161 2162 2103 
2199 2103 2162 2163 2104 
2200 2104 2163 2164 2105 
2201 2105 2164 2165 2106 
2202 2106 2165 2166 2107 
2203 2107 2166 2167 2108 
2204 2108 2167 2168 2109 
2205 2109 2168 2169 2110 
2206 2110 2169 2170 2111 
2207 2111 2170 2171 2112 
2208 2112 2171 2172 2113 
2209 2113 2172 2173 2114 
2210 2114 2173 2174 2115 
2211 2115 2174 2175 2116 
2212 2116 2175 2176 2117 
2213 2117 2176 2177 2118 
2214 2118 2177 2178 2119 
2215 2119 2178 2179 2120 
2216 2120 2179 2180 2121 
2217 2121 2180 2181 2122 
2218 2122 2181 2182 2123 
2219 2123 2182 2183 2124 
2220 2124 2183 2184 2125 
2221 2125 2184 2185 2126 
2222 2126 2185 2186 2127 
2223 2127 2186 2187 2128 
2224 2128 2187 149 150 
2225 37 38 2188 2129 
2226 2129 2188 2189 2130 
2227 2130 2189 2190 2131 
2228 2131 2190 2191 2132 
2229 2132 2191 2192 2133 
2230 2133 2192 2193 2134 
2231 2134 2193 2194 2135 
2232 2135 2194 2195 2136 
2233 2136 2195 2196 2137 
2234 2137 2196 2197 2138 
2235 2138 2197 2198 2139 
2236 2139 2198 2199 2140 
2237 2140 2199 2200 2141 
2238 2141 2200 2201 2142 
2239 2142 2201 2202 2143 
2240 2143 2202 2203 2144 
2241 2144 2203 2204 2145 
2242 2145 2204 2205 2146 
2243 2146 2205 2206 2147 
2244 2147 2206 2207 2148 
2245 2148 2207 2208 2149 
2246 2149 2208 2209 2150 
2247 2150 2209 2210 2151 
2248 2151 2210 2211 2152 
2249 2152 2211 2212 2153 
2250 2153 2212 2213 2154 
2251 2154 2213 2214 2155 
2252 2155 2214 2215 2156 
2253 2156 2215 2216 2157 
2254 2157 2216 2217 2158 
2255 2158 2217 2218 2159 
2256 2159 2218 2219 2160 
2257 2160 2219 2220 2161 
2258 2161 2220 2221 2162 
2259 2162 2221 2222 2163 
2260 2163 2222 2223 2164 
2261 2164 2223 2224 2165 
2262 2165 2224 2225 2166 
2263 2166 2225 2226 2167 
2264 2167 2226 2227 2168 
2265 2168 2227 2228 2169 
2266 2169 2228 2229 2170 
2267 2170 2229 2230 2171 
2268 2171 2230 2231 2172 
2269 2172 2231 2232 2173 
2270 2173 2232 2233 2174 
2271 2174 2233 2234 2175 
2272 2175 2234 2235 2176 
2273 2176 2235 2236 2177 
2274 2177 2236 2237 2178 
2275 2178 2237 2238 2179 
2276 2179 2238 2239 2180 
2277 2180 2239 2240 2181 
2278 2181 2240 2241 2182 
2279 2182 2241 2242 2183 
2280 2183 2242 2243 2184 
2281 2184 2243 2244 2185 
2282 2185 2244 2245 2186 
2283 2186 2245 2246 2187 
2284 2187 2246 148 149 
2285 38 39 2247 2188 
2286 2188 2247 2248 2189 
2287 2189 2248 2249 2190 
2288 2190 2249 2250 2191 
2289 2191 2250 2251 2192 
2290 2192 2251 2252 2193 
2291 2193 2252 2253 2194 
2292 2194 2253 2254 2195 
2293 2195 2254 2255 2196 
2294 2196 2255 2256 2197 
2295 2197 2256 2257 2198 
2296 2198 2257 2258 2199 
2297 2199 2258 2259 2200 
2298 2200 2259 2260 2201 
2299 2201 2260 2261 2202 
2300 2202 2261 2262 2203 
2301 2203 2262 2263 2204 
2302 2204 2263 2264 2205 
2303 2205 2264 2265 2206 
2304 2206 2265 2266 2207 
2305 2207 2266 2267 2208 
2306 2208 2267 2268 2209 
2307 2209 2268 2269 2210 
2308 2210 2269 2270 2211 
2309 2211 2270 2271 2212 
2310 2212 2271 2272 2213 
2311 2213 2272 2273 2214 
2312 2214 2273 2274 2215 
2313 2215 2274 2275 2216 
2314 2216 2275 2276 2217 
2315 2217 2276 2277 2218 
2316 2218 2277 2278 2219 
2317 2219 2278 2279 2220 
2318 2220 2279 2280 2221 
2319 2221 2280 2281 2222 
2320 2222 2281 2282 2223 
2321 2223 2282 2283 2224 
2322 2224 2283 2284 2225 
2323 2225 2284 2285 2226 
2324 2226 2285 2286 2227 
2325 2227 2286 2287 2228 
2326 2228 2287 2288 2229 
2327 2229 2288 2289 2230 
2328 2230 2289 2290 2231 
2329 2231 2290 2291 2232 
2330 2232 2291 2292 2233 
2331 2233 2292 2293 2234 
2332 2234 2293 2294 2235 
2333 2235 2294 2295 2236 
2334 2236 2295 2296 2237 
2335 2237 2296 2297 2238 
2336 2238 2297 2298 2239 
2337 2239 2298 2299 2240 
2338 2240 2299 2300 2241 
2339 2241 2300 2301 2242 
2340 2242 2301 2302 2243 
2341 2243 2302 2303 2244 
2342 2244 2303 2304 2245 
2343 2245 2304 2305 2246 
2344 2246 2305 147 148 
2345 39 40 2306 2247 
2346 2247 2306 2307 2248 
2347 2248 2307 2308 2249 
2348 2249 2308 2309 2250 
2349 2250 2309 2310 2251 
2350 2251 2310 2311 2252 
2351 2252 2311 2312 2253 
2352 2253 2312 2313 2254 
2353 2254 2313 2314 2255 
2354 2255 2314 2315 2256 
2355 2256 2315 2316 2257 
2356 2257 2316 2317 2258 
2357 2258 2317 2318 2259 
2358 2259 2318 2319 2260 
2359 2260 2319 2320 2261 
2360 2261 2320 2321 2262 
2361 2262 2321 2322 2263 
2362 2263 2322 2323 2264 
2363 2264 2323 2324 2265 
2364 2265 2324 2325 2266 
2365 2266 2325 2326 2267 
2366 2267 2326 2327 2268 
2367 2268 2327 2328 2269 
2368 2269 2328 2329 2270 
2369 2270 2329 2330 2271 
2370 2271 2330 2331 2272 
2371 2272 2331 2332 2273 
2372 2273 2332 2333 2274 
2373 2274 2333 2334 2275 
2374 2275 2334 2335 2276 
2375 2276 2335 2336 2277 
2376 2277 2336 2337 2278 
2377 2278 2337 2338 2279 
2378 2279 2338 2339 2280 
2379 2280 2339 2340 2281 
2380 2281 2340 2341 2282 
2381 2282 2341 2342 2283 
2382 2283 2342 2343 2284 
2383 2284 2343 2344 2285 
2384 2285 2344 2345 2286 
2385 2286 2345 2346 2287 
2386 2287 2346 2347 2288 
2387 2288 2347 2348 2289 
2388 2289 2348 2349 2290 
2389 2290 2349 2350 2291 
2390 2291 2350 2351 2292 
2391 2292 2351 2352 2293 
2392 2293 2352 2353 2294 
2393 2294 2353 2354 2295 
2394 2295 2354 2355 2296 
2395 2296 2355 2356 2297 
2396 2297 2356 2357 2298 
2397 2298 2357 2358 2299 
2398 2299 2358 2359 2300 
2399 2300 2359 2360 2301 
2400 2301 2360 2361 2302 
2401 2302 2361 2362 2303 
2402 2303 2362 2363 2304 
2403 2304 2363 2364 2305 
2404 2305 2364 146 147 
2405 40 41 2365 2306 
2406 2306 2365 2366 2307 
2407 2307 2366 2367 2308 
2408 2308 2367 2368 2309 
2409 2309 2368 2369 2310 
2410 2310 2369 2370 2311 
2411 2311 2370 2371 2312 
2412 2312 2371 2372 2313 
2413 2313 2372 2373 2314 
2414 2314 2373 2374 2315 
2415 2315 2374 2375 2316 
2416 2316 2375 2376 2317 
2417 2317 2376 2377 2318 
2418 2318 2377 2378 2319 
2419 2319 2378 2379 2320 
2420 2320 2379 2380 2321 
2421 2321 2380 2381 2322 
2422 2322 2381 2382 2323 
2423 2323 2382 2383 2324 
2424 2324 2383 2384 2325 
2425 2325 2384 2385 2326 
2426 2326 2385 2386 2327 
2427 2327 2386 2387 2328 
2428 2328 2387 2388 2329 
2429 2329 2388 2389 2330 
2430 2330 2389 2390 2331 
2431 2331 2390 2391 2332 
2432 2332 2391 2392 2333 
2433 2333 2392 2393 2334 
2434 2334 2393 2394 2335 
2435 2335 2394 2395 2336 
2436 2336 2395 2396 2337 
2437 2337 2396 2397 2338 
2438 2338 2397 2398 2339 
2439 2339 2398 2399 2340 
2440 2340 2399 2400 2341 
2441 2341 2400 2401 2342 
2442 2342 2401 2402 2343 
2443 2343 2402 2403 2344 
2444 2344 2403 2404 2345 
2445 2345 2404 2405 2346 
2446 2346 2405 2406 2347 
2447 2347 2406 2407 2348 
2448 2348 2407 2408 2349 
2449 2349 2408 2409 2350 
2450 2350 2409 2410 2351 
2451 2351 2410 2411 2352 
2452 2352 2411 2412 2353 
2453 2353 2412 2413 2354 
2454 2354 2413 2414 2355 
2455 2355 2414 2415 2356 
2456 2356 2415 2416 2357 
2457 2357 2416 2417 2358 
2458 2358 2417 2418 2359 
2459 2359 2418 2419 2360 
2460 2360 2419 2420 2361 
2461 2361 2420 2421 2362 
2462 2362 2421 2422 2363 
2463 2363 2422 2423 2364 
2464 2364 2423 145 146 
2465 41 42 2424 2365 
2466 2365 2424 2425 2366 
2467 2366 2425 2426 2367 
2468 2367 2426 2427 2368 
2469 2368 2427 2428 2369 
2470 2369 2428 2429 2370 
2471 2370 2429 2430 2371 
2472 2371 2430 2431 2372 
2473 2372 2431 2432 2373 
2474 2373 2432 2433 2374 
2475 2374 2433 2434 2375 
2476 2375 2434 2435 2376 
2477 2376 2435 2436 2377 
2478 2377 2436 2437 2378 
2479 2378 2437 2438 2379 
2480 2379 2438 2439 2380 
2481 2380 2439 2440 2381 
2482 2381 2440 2441 2382 
2483 2382 2441 2442 2383 
2484 2383 2442 2443 2384 
2485 2384 2443 2444 2385 
2486 2385 2444 2445 2386 
2487 2386 2445 2446 2387 
2488 2387 2446 2447 2388 
2489 2388 2447 2448 2389 
2490 2389 2448 2449 2390 
2491 2390 2449 2450 2391 
2492 2391 2450 2451 2392 
2493 2392 2451 2452 2393 
2494 2393 2452 2453 2394 
2495 2394 2453 2454 2395 
2496 2395 2454 2455 2396 
2497 2396 2455 2456 2397 
2498 2397 2456 2457 2398 
2499 2398 2457 2458 2399 
2500 2399 2458 2459 2400 
2501 2400 2459 2460 2401 
2502 2401 2460 2461 2402 
2503 2402 2461 2462 2403 
2504 2403 2462 2463 2404 
2505 2404 2463 2464 2405 
2506 2405 2464 2465 2406 
2507 2406 2465 2466 2407 
2508 2407 2466 2467 2408 
2509 2408 2467 2468 2409 
2510 2409 2468 2469 2410 
2511 2410 2469 2470 2411 
2512 2411 2470 2471 2412 
2513 2412 2471 2472 2413 
2514 2413 2472 2473 2414 
2515 2414 2473 2474 2415 
2516 2415 2474 2475 2416 
2517 2416 2475 2476 2417 
2518 2417 2476 2477 2418 
2519 2418 2477 2478 2419 
2520 2419 2478 2479 2420 
2521 2420 2479 2480 2421 
2522 2421 2480 2481 2422 
2523 2422 2481 2482 2423 
2524 2423 2482 144 145 
2525 42 43 2483 2424 
2526 2424 2483 2484 2425 
2527 2425 2484 2485 2426 
2528 2426 2485 2486 2427 
2529 2427 2486 2487 2428 
2530 2428 2487 2488 2429 
2531 2429 2488 2489 2430 
2532 2430 2489 2490 2431 
2533 2431 2490 2491 2432 
2534 2432 2491 2492 2433 
2535 2433 2492 2493 2434 
2536 2434 2493 2494 2435 
2537 2435 2494 2495 2436 
2538 2436 2495 2496 2437 
2539 2437 2496 2497 2438 
2540 2438 2497 2498 2439 
2541 2439 2498 2499 2440 
2542 2440 2499 2500 2441 
2543 2441 2500 2501 2442 
2544 2442 2501 2502 2443 
2545 2443 2502 2503 2444 
2546 2444 2503 2504 2445 
2547 2445 2504 2505 2446 
2548 2446 2505 2506 2447 
2549 2447 2506 2507 2448 
2550 2448 2507 2508 2449 
2551 2449 2508 2509 2450 
2552 2450 2509 2510 2451 
2553 2451 2510 2511 2452 
2554 2452 2511 2512 2453 
2555 2453 2512 2513 2454 
2556 2454 2513 2514 2455 
2557 2455 2514 2515 2456 
2558 2456 2515 2516 2457 
2559 2457 2516 2517 2458 
2560 2458 2517 2518 2459 
2561 2459 2518 2519 2460 
2562 2460 2519 2520 2461 
2563 2461 2520 2521 2462 
2564 2462 2521 2522 2463 
2565 2463 2522 2523 2464 
2566 2464 2523 2524 2465 
2567 2465 2524 2525 2466 
2568 2466 2525 2526 2467 
2569 2467 2526 2527 2468 
2570 2468 2527 2528 2469 
2571 2469 2528 2529 2470 
2572 2470 2529 2530 2471 
2573 2471 2530 2531 2472 
2574 2472 2531 2532 2473 
2575 2473 2532 2533 2474 
2576 2474 2533 2534 2475 
2577 2475 2534 2535 2476 
2578 2476 2535 2536 2477 
2579 2477 2536 2537 2478 
2580 2478 2537 2538 2479 
2581 2479 2538 2539 2480 
2582 2480 2539 2540 2481 
2583 2481 2540 2541 2482 
2584 2482 2541 143 144 
2585 43 44 2542 2483 
2586 2483 2542 2543 2484 
2587 2484 2543 2544 2485 
2588 2485 2544 2545 2486 
2589 2486 2545 2546 2487 
2590 2487 2546 2547 2488 
2591 2488 2547 2548 2489 
2592 2489 2548 2549 2490 
2593 2490 2549 2550 2491 
2594 2491 2550 2551 2492 
2595 2492 2551 2552 2493 
2596 2493 2552 2553 2494 
2597 2494 2553 2554 2495 
2598 2495 2554 2555 2496 
2599 2496 2555 2556 2497 
2600 2497 2556 2557 2498 
2601 2498 2557 2558 2499 
2602 2499 2558 2559 2500 
2603 2500 2559 2560 2501 
2604 2501 2560 2561 2502 
2605 2502 2561 2562 2503 
2606 2503 2562 2563 2504 
2607 2504 2563 2564 2505 
2608 2505 2564 2565 2506 
2609 2506 2565 2566 2507 
2610 2507 2566 2567 2508 
2611 2508 2567 2568 2509 
2612 2509 2568 2569 2510 
2613 2510 2569 2570 2511 
2614 2511 2570 2571 2512 
2615 2512 2571 2572 2513 
2616 2513 2572 2573 2514 
2617 2514 2573 2574 2515 
2618 2515 2574 2575 2516 
2619 2516 2575 2576 2517 
2620 2517 2576 2577 2518 
2621 2518 2577 2578 2519 
2622 2519 2578 2579 2520 
2623 2520 2579 2580 2521 
2624 2521 2580 2581 2522 
2625 2522 2581 2582 2523 
2626 2523 2582 2583 2524 
2627 2524 2583 2584 2525 
2628 2525 2584 2585 2526 
2629 2526 2585 2586 2527 
2630 2527 2586 2587 2528 
2631 2528 2587 2588 2529 
2632 2529 2588 2589 2530 
2633 2530 2589 2590 2531 
2634 2531 2590 2591 2532 
2635 2532 2591 2592 2533 
2636 2533 2592 2593 2534 
2637 2534 2593 2594 2535 
2638 2535 2594 2595 2536 
2639 2536 2595 2596 2537 
2640 2537 2596 2597 2538 
2641 2538 2597 2598 2539 
2642 2539 2598 2599 2540 
2643 2540 2599 2600 2541 
2644 2541 2600 142 143 
2645 44 45 2601 2542 
2646 2542 2601 2602 2543 
2647 2543 2602 2603 2544 
2648 2544 2603 2604 2545 
2649 2545 2604 2605 2546 
2650 2546 2605 2606 2547 
2651 2547 2606 2607 2548 
2652 2548 2607 2608 2549 
2653 2549 2608 2609 2550 
2654 2550 2609 2610 2551 
2655 2551 2610 2611 2552 
2656 2552 2611 2612 2553 
2657 2553 2612 2613 2554 
2658 2554 2613 2614 2555 
2659 2555 2614 2615 2556 
2660 2556 2615 2616 2557 
2661 2557 2616 2617 2558 
2662 2558 2617 2618 2559 
2663 2559 2618 2619 2560 
2664 2560 2619 2620 2561 
2665 2561 2620 2621 2562 
2666 2562 2621 2622 2563 
2667 2563 2622 2623 2564 
2668 2564 2623 2624 2565 
2669 2565 2624 2625 2566 
2670 2566 2625 2626 2567 
2671 2567 2626 2627 2568 
2672 2568 2627 2628 2569 
2673 2569 2628 2629 2570 
2674 2570 2629 2630 2571 
2675 2571 2630 2631 2572 
2676 2572 2631 2632 2573 
2677 2573 2632 2633 2574 
2678 2574 2633 2634 2575 
2679 2575 2634 2635 2576 
2680 2576 2635 2636 2577 
2681 2577 2636 2637 2578 
2682 2578 2637 2638 2579 
2683 2579 2638 2639 2580 
2684 2580 2639 2640 2581 
2685 2581 2640 2641 2582 
2686 2582 2641 2642 2583 
2687 2583 2642 2643 2584 
2688 2584 2643 2644 2585 
2689 2585 2644 2645 2586 
2690 2586 2645 2646 2587 
2691 2587 2646 2647 2588 
2692 2588 2647 2648 2589 
2693 2589 2648 2649 2590 
2694 2590 2649 2650 2591 
2695 2591 2650 2651 2592 
2696 2592 2651 2652 2593 
2697 2593 2652 2653 2594 
2698 2594 2653 2654 2595 
2699 2595 2654 2655 2596 
2700 2596 2655 2656 2597 
2701 2597 2656 2657 2598 
2702 2598 2657 2658 2599 
2703 2599 2658 2659 2600 
2704 2600 2659 141 142 
2705 45 46 2660 2601 
2706 2601 2660 2661 2602 
2707 2602 2661 2662 2603 
2708 2603 2662 2663 2604 
2709 2604 2663 2664 2605 
2710 2605 2664 2665 2606 
2711 2606 2665 2666 2607 
2712 2607 2666 2667 2608 
2713 2608 2667 2668 2609 
2714 2609 2668 2669 2610 
2715 2610 2669 2670 2611 
2716 2611 2670 2671 2612 
2717 2612 2671 2672 2613 
2718 2613 2672 2673 2614 
2719 2614 2673 2674 2615 
2720 2615 2674 2675 2616 
2721 2616 2675 2676 2617 
2722 2617 2676 2677 2618 
2723 2618 2677 2678 2619 
2724 2619 2678 2679 2620 
2725 2620 2679 2680 2621 
2726 2621 2680 2681 2622 
2727 2622 2681 2682 2623 
2728 2623 2682 2683 2624 
2729 2624 2683 2684 2625 
2730 2625 2684 2685 2626 
2731 2626 2685 2686 2627 
2732 2627 2686 2687 2628 
2733 2628 2687 2688 2629 
2734 2629 2688 2689 2630 
2735 2630 2689 2690 2631 
2736 2631 2690 2691 2632 
2737 2632 2691 2692 2633 
2738 2633 2692 2693 2634 
2739 2634 2693 2694 2635 
2740 2635 2694 2695 2636 
2741 2636 2695 2696 2637 
2742 2637 2696 2697 2638 
2743 2638 2697 2698 2639 
2744 2639 2698 2699 2640 
2745 2640 2699 2700 2641 
2746 2641 2700 2701 2642 
2747 2642 2701 2702 2643 
2748 2643 2702 2703 2644 
2749 2644 2703 2704 2645 
2750 2645 2704 2705 2646 
2751 2646 2705 2706 2647 
2752 2647 2706 2707 2648 
2753 2648 2707 2708 2649 
2754 2649 2708 2709 2650 
2755 2650 2709 2710 2651 
2756 2651 2710 2711 2652 
2757 2652 2711 2712 2653 
2758 2653 2712 2713 2654 
2759 2654 2713 2714 2655 
2760 2655 2714 2715 2656 
2761 2656 2715 2716 2657 
2762 2657 2716 2717 2658 
2763 2658 2717 2718 2659 
2764 2659 2718 140 141 
2765 46 47 2719 2660 
2766 2660 2719 2720 2661 
2767 2661 2720 2721 2662 
2768 2662 2721 2722 2663 
2769 2663 2722 2723 2664 
2770 2664 2723 2724 2665 
2771 2665 2724 2725 2666 
2772 2666 2725 2726 2667 
2773 2667 2726 2727 2668 
2774 2668 2727 2728 2669 
2775 2669 2728 2729 2670 
2776 2670 2729 2730 2671 
2777 2671 2730 2731 2672 
2778 2672 2731 2732 2673 
2779 2673 2732 2733 2674 
2780 2674 2733 2734 2675 
2781 2675 2734 2735 2676 
2782 2676 2735 2736 2677 
2783 2677 2736 2737 2678 
2784 2678 2737 2738 2679 
2785 2679 2738 2739 2680 
2786 2680 2739 2740 2681 
2787 2681 2740 2741 2682 
2788 2682 2741 2742 2683 
2789 2683 2742 2743 2684 
2790 2684 2743 2744 2685 
2791 2685 2744 2745 2686 
2792 2686 2745 2746 2687 
2793 2687 2746 2747 2688 
2794 2688 2747 2748 2689 
2795 2689 2748 2749 2690 
2796 2690 2749 2750 2691 
2797 2691 2750 2751 2692 
2798 2692 2751 2752 2693 
2799 2693 2752 2753 2694 
2800 2694 2753 2754 2695 
2801 2695 2754 2755 2696 
2802 2696 2755 2756 2697 
2803 2697 2756 2757 2698 
2804 2698 2757 2758 2699 
2805 2699 2758 2759 2700 
2806 2700 2759 2760 2701 
2807 2701 2760 2761 2702 
2808 2702 2761 2762 2703 
2809 2703 2762 2763 2704 
2810 2704 2763 2764 2705 
2811 2705 2764 2765 2706 
2812 2706 2765 2766 2707 
2813 2707 2766 2767 2708 
2814 2708 2767 2768 2709 
2815 2709 2768 2769 2710 
2816 2710 2769 2770 2711 
2817 2711 2770 2771 2712 
2818 2712 2771 2772 2713 
2819 2713 2772 2773 2714 
2820 2714 2773 2774 2715 
2821 2715 2774 2775 2716 
2822 2716 2775 2776 2717 
2823 2717 2776 2777 2718 
2824 2718 2777 139 140 
2825 47 48 2778 2719 
2826 2719 2778 2779 2720 
2827 2720 2779 2780 2721 
2828 2721 2780 2781 2722 
2829 2722 2781 2782 2723 
2830 2723 2782 2783 2724 
2831 2724 2783 2784 2725 
2832 2725 2784 2785 2726 
2833 2726 2785 2786 2727 
2834 2727 2786 2787 2728 
2835 2728 2787 2788 2729 
2836 2729 2788 2789 2730 
2837 2730 2789 2790 2731 
2838 2731 2790 2791 2732 
2839 2732 2791 2792 2733 
2840 2733 2792 2793 2734 
2841 2734 2793 2794 2735 
2842 2735 2794 2795 2736 
2843 2736 2795 2796 2737 
2844 2737 2796 2797 2738 
2845 2738 2797 2798 2739 
2846 2739 2798 2799 2740 
2847 2740 2799 2800 2741 
2848 2741 2800 2801 2742 
2849 2742 2801 2802 2743 
2850 2743 2802 2803 2744 
2851 2744 2803 2804 2745 
2852 2745 2804 2805 2746 
2853 2746 2805 2806 2747 
2854 2747 2806 2807 2748 
2855 2748 2807 2808 2749 
2856 2749 2808 2809 2750 
2857 2750 2809 2810 2751 
2858 2751 2810 2811 2752 
2859 2752 2811 2812 2753 
2860 2753 2812 2813 2754 
2861 2754 2813 2814 2755 
2862 2755 2814 2815 2756 
2863 2756 2815 2816 2757 
2864 2757 2816 2817 2758 
2865 2758 2817 2818 2759 
2866 2759 2818 2819 2760 
2867 2760 2819 2820 2761 
2868 2761 2820 2821 2762 
2869 2762 2821 2822 2763 
2870 2763 2822 2823 2764 
2871 2764 2823 2824 2765 
2872 2765 2824 2825 2766 
2873 2766 2825 2826 2767 
2874 2767 2826 2827 2768 
2875 2768 2827 2828 2769 
2876 2769 2828 2829 2770 
2877 2770 2829 2830 2771 
2878 2771 2830 2831 2772 
2879 2772 2831 2832 2773 
2880 2773 2832 2833 2774 
2881 2774 2833 2834 2775 
2882 2775 2834 2835 2776 
2883 2776 2835 2836 2777 
2884 2777 2836 138 139 
2885 48 49 2837 2778 
2886 2778 2837 2838 2779 
2887 2779 2838 2839 2780 
2888 2780 2839 2840 2781 
2889 2781 2840 2841 2782 
2890 2782 2841 2842 2783 
2891 2783 2842 2843 2784 
2892 2784 2843 2844 2785 
2893 2785 2844 2845 2786 
2894 2786 2845 2846 2787 
2895 2787 2846 2847 2788 
2896 2788 2847 2848 2789 
2897 2789 2848 2849 2790 
2898 2790 2849 2850 2791 
2899 2791 2850 2851 2792 
2900 2792 2851 2852 2793 
2901 2793 2852 2853 2794 
2902 2794 2853 2854 2795 
2903 2795 2854 2855 2796 
2904 2796 2855 2856 2797 
2905 2797 2856 2857 2798 
2906 2798 2857 2858 2799 
2907 2799 2858 2859 2800 
2908 2800 2859 2860 2801 
2909 2801 2860 2861 2802 
2910 2802 2861 2862 2803 
2911 2803 2862 2863 2804 
2912 2804 2863 2864 2805 
2913 2805 2864 2865 2806 
2914 2806 2865 2866 2807 
2915 2807 2866 2867 2808 
2916 2808 2867 2868 2809 
2917 2809 2868 2869 2810 
2918 2810 2869 2870 2811 
2919 2811 2870 2871 2812 
2920 2812 2871 2872 2813 
2921 2813 2872 2873 2814 
2922 2814 2873 2874 2815 
2923 2815 2874 2875 2816 
2924 2816 2875 2876 2817 
2925 2817 2876 2877 2818 
2926 2818 2877 2878 2819 
2927 2819 2878 2879 2820 
2928 2820 2879 2880 2821 
2929 2821 2880 2881 2822 
2930 2822 2881 2882 2823 
2931 2823 2882 2883 2824 
2932 2824 2883 2884 2825 
2933 2825 2884 2885 2826 
2934 2826 2885 2886 2827 
2935 2827 2886 2887 2828 
2936 2828 2887 2888 2829 
2937 2829 2888 2889 2830 
2938 2830 2889 2890 2831 
2939 2831 2890 2891 2832 
2940 2832 2891 2892 2833 
2941 2833 2892 2893 2834 
2942 2834 2893 2894 2835 
2943 2835 2894 2895 2836 
2944 2836 2895 137 138 
2945 49 50 2896 2837 
2946 2837 2896 2897 2838 
2947 2838 2897 2898 2839 
2948 2839 2898 2899 2840 
2949 2840 2899 2900 2841 
2950 2841 2900 2901 2842 
2951 2842 2901 2902 2843 
2952 2843 2902 2903 2844 
2953 2844 2903 2904 2845 
2954 2845 2904 2905 2846 
2955 2846 2905 2906 2847 
2956 2847 2906 2907 2848 
2957 2848 2907 2908 2849 
2958 2849 2908 2909 2850 
2959 2850 2909 2910 2851 
2960 2851 2910 2911 2852 
2961 2852 2911 2912 2853 
2962 2853 2912 2913 2854 
2963 2854 2913 2914 2855 
2964 2855 2914 2915 2856 
2965 2856 2915 2916 2857 
2966 2857 2916 2917 2858 
2967 2858 2917 2918 2859 
2968 2859 2918 2919 2860 
2969 2860 2919 2920 2861 
2970 2861 2920 2921 2862 
2971 2862 2921 2922 2863 
2972 2863 2922 2923 2864 
2973 2864 2923 2924 2865 
2974 2865 2924 2925 2866 
2975 2866 2925 2926 2867 
2976 2867 2926 2927 2868 
2977 2868 2927 2928 2869 
2978 2869 2928 2929 2870 
2979 2870 2929 2930 2871 
2980 2871 2930 2931 2872 
2981 2872 2931 2932 2873 
2982 2873 2932 2933 2874 
2983 2874 2933 2934 2875 
2984 2875 2934 2935 2876 
2985 2876 2935 2936 2877 
2986 2877 2936 2937 2878 
2987 2878 2937 2938 2879 
2988 2879 2938 2939 2880 
2989 2880 2939 2940 2881 
2990 2881 2940 2941 2882 
2991 2882 2941 2942 2883 
2992 2883 2942 2943 2884 
2993 2884 2943 2944 2885 
2994 2885 2944 2945 2886 
2995 2886 2945 2946 2887 
2996 2887 2946 2947 2888 
2997 2888 2947 2948 2889 
2998 2889 2948 2949 2890 
2999 2890 2949 2950 2891 
3000 2891 2950 2951 2892 
3001 2892 2951 2952 2893 
3002 2893 2952 2953 2894 
3003 2894 2953 2954 2895 
3004 2895 2954 136 137 
3005 50 51 2955 2896 
3006 2896 2955 2956 2897 
3007 2897 2956 2957 2898 
3008 2898 2957 2958 2899 
3009 2899 2958 2959 2900 
3010 2900 2959 2960 2901 
3011 2901 2960 2961 2902 
3012 2902 2961 2962 2903 
3013 2903 2962 2963 2904 
3014 2904 2963 2964 2905 
3015 2905 2964 2965 2906 
3016 2906 2965 2966 2907 
3017 2907 2966 2967 2908 
3018 2908 2967 2968 2909 
3019 2909 2968 2969 2910 
3020 2910 2969 2970 2911 
3021 2911 2970 2971 2912 
3022 2912 2971 2972 2913 
3023 2913 2972 2973 2914 
3024 2914 2973 2974 2915 
3025 2915 2974 2975 2916 
3026 2916 2975 2976 2917 
3027 2917 2976 2977 2918 
3028 2918 2977 2978 2919 
3029 2919 2978 2979 2920 
3030 2920 2979 2980 2921 
3031 2921 2980 2981 2922 
3032 2922 2981 2982 2923 
3033 2923 2982 2983 2924 
3034 2924 2983 2984 2925 
3035 2925 2984 2985 2926 
3036 2926 2985 2986 2927 
3037 2927 2986 2987 2928 
3038 2928 2987 2988 2929 
3039 2929 2988 2989 2930 
3040 2930 2989 2990 2931 
3041 2931 2990 2991 2932 
3042 2932 2991 2992 2933 
3043 2933 2992 2993 2934 
3044 2934 2993 2994 2935 
3045 2935 2994 2995 2936 
3046 2936 2995 2996 2937 
3047 2937 2996 2997 2938 
3048 2938 2997 2998 2939 
3049 2939 2998 2999 2940 
3050 2940 2999 3000 2941 
3051 2941 3000 3001 2942 
3052 2942 3001 3002 2943 
3053 2943 3002 3003 2944 
3054 2944 3003 3004 2945 
3055 2945 3004 3005 2946 
3056 2946 3005 3006 2947 
3057 2947 3006 3007 2948 
3058 2948 3007 3008 2949 
3059 2949 3008 3009 2950 
3060 2950 3009 3010 2951 
3061 2951 3010 3011 2952 
3062 2952 3011 3012 2953 
3063 2953 3012 3013 2954 
3064 2954 3013 135 136 
3065 51 52 3014 2955 
3066 2955 3014 3015 2956 
3067 2956 3015 3016 2957 
3068 2957 3016 3017 2958 
3069 2958 3017 3018 2959 
3070 2959 3018 3019 2960 
3071 2960 3019 3020 2961 
3072 2961 3020 3021 2962 
3073 2962 3021 3022 2963 
3074 2963 3022 3023 2964 
3075 2964 3023 3024 2965 
3076 2965 3024 3025 2966 
3077 2966 3025 3026 2967 
3078 2967 3026 3027 2968 
3079 2968 3027 3028 2969 
3080 2969 3028 3029 2970 
3081 2970 3029 3030 2971 
3082 2971 3030 3031 2972 
3083 2972 3031 3032 2973 
3084 2973 3032 3033 2974 
3085 2974 3033 3034 2975 
3086 2975 3034 3035 2976 
3087 2976 3035 3036 2977 
3088 2977 3036 3037 2978 
3089 2978 3037 3038 2979 
3090 2979 3038 3039 2980 
3091 2980 3039 3040 2981 
3092 2981 3040 3041 2982 
3093 2982 3041 3042 2983 
3094 2983 3042 3043 2984 
3095 2984 3043 3044 2985 
3096 2985 3044 3045 2986 
3097 2986 3045 3046 2987 
3098 2987 3046 3047 2988 
3099 2988 3047 3048 2989 
3100 2989 3048 3049 2990 
3101 2990 3049 3050 2991 
3102 2991 3050 3051 2992 
3103 2992 3051 3052 2993 
3104 2993 3052 3053 2994 
3105 2994 3053 3054 2995 
3106 2995 3054 3055 2996 
3107 2996 3055 3056 2997 
3108 2997 3056 3057 2998 
3109 2998 3057 3058 2999 
3110 2999 3058 3059 3000 
3111 3000 3059 3060 3001 
3112 3001 3060 3061 3002 
3113 3002 3061 3062 3003 
3114 3003 3062 3063 3004 
3115 3004 3063 3064 3005 
3116 3005 3064 3065 3006 
3117 3006 3065 3066 3007 
3118 3007 3066 3067 3008 
3119 3008 3067 3068 3009 
3120 3009 3068 3069 3010 
3121 3010 3069 3070 3011 
3122 3011 3070 3071 3012 
3123 3012 3071 3072 3013 
3124 3013 3072 134 135 
3125 52 53 3073 3014 
3126 3014 3073 3074 3015 
3127 3015 3074 3075 3016 
3128 3016 3075 3076 3017 
3129 3017 3076 3077 3018 
3130 3018 3077 3078 3019 
3131 3019 3078 3079 3020 
3132 3020 3079 3080 3021 
3133 3021 3080 3081 3022 
3134 3022 3081 3082 3023 
3135 3023 3082 3083 3024 
3136 3024 3083 3084 3025 
3137 3025 3084 3085 3026 
3138 3026 3085 3086 3027 
3139 3027 3086 3087 3028 
3140 3028 3087 3088 3029 
3141 3029 3088 3089 3030 
3142 3030 3089 3090 3031 
3143 3031 3090 3091 3032 
3144 3032 3091 3092 3033 
3145 3033 3092 3093 3034 
3146 3034 3093 3094 3035 
3147 3035 3094 3095 3036 
3148 3036 3095 3096 3037 
3149 3037 3096 3097 3038 
3150 3038 3097 3098 3039 
3151 3039 3098 3099 3040 
3152 3040 3099 3100 3041 
3153 3041 3100 3101 3042 
3154 3042 3101 3102 3043 
3155 3043 3102 3103 3044 
3156 3044 3103 3104 3045 
3157 3045 3104 3105 3046 
3158 3046 3105 3106 3047 
3159 3047 3106 3107 3048 
3160 3048 3107 3108 3049 
3161 3049 3108 3109 3050 
3162 3050 3109 3110 3051 
3163 3051 3110 3111 3052 
3164 3052 3111 3112 3053 
3165 3053 3112 3113 3054 
3166 3054 3113 3114 3055 
3167 3055 3114 3115 3056 
3168 3056 3115 3116 3057 
3169 3057 3116 3117 3058 
3170 3058 3117 3118 3059 
3171 3059 3118 3119 3060 
3172 3060 3119 3120 3061 
3173 3061 3120 3121 3062 
3174 3062 3121 3122 3063 
3175 3063 3122 3123 3064 
3176 3064 3123 3124 3065 
3177 3065 3124 3125 3066 
3178 3066 3125 3126 3067 
3179 3067 3126 3127 3068 
3180 3068 3127 3128 3069 
3181 3069 3128 3129 3070 
3182 3070 3129 3130 3071 
3183 3071 3130 3131 3072 
3184 3072 3131 133 134 
3185 53 54 3132 3073 
3186 3073 3132 3133 3074 
3187 3074 3133 3134 3075 
3188 3075 3134 3135 3076 
3189 3076 3135 3136 3077 
3190 3077 3136 3137 3078 
3191 3078 3137 3138 3079 
3192 3079 3138 3139 3080 
3193 3080 3139 3140 3081 
3194 3081 3140 3141 3082 
3195 3082 3141 3142 3083 
3196 3083 3142 3143 3084 
3197 3084 3143 3144 3085 
3198 3085 3144 3145 3086 
3199 3086 3145 3146 3087 
3200 3087 3146 3147 3088 
3201 3088 3147 3148 3089 
3202 3089 3148 3149 3090 
3203 3090 3149 3150 3091 
3204 3091 3150 3151 3092 
3205 3092 3151 3152 3093 
3206 3093 3152 3153 3094 
3207 3094 3153 3154 3095 
3208 3095 3154 3155 3096 
3209 3096 3155 3156 3097 
3210 3097 3156 3157 3098 
3211 3098 3157 3158 3099 
3212 3099 3158 3159 3100 
3213 3100 3159 3160 3101 
3214 3101 3160 3161 3102 
3215 3102 3161 3162 3103 
3216 3103 3162 3163 3104 
3217 3104 3163 3164 3105 
3218 3105 3164 3165 3106 
3219 3106 3165 3166 3107 
3220 3107 3166 3167 3108 
3221 3108 3167 3168 3109 
3222 3109 3168 3169 3110 
3223 3110 3169 3170 3111 
3224 3111 3170 3171 3112 
3225 3112 3171 3172 3113 
3226 3113 3172 3173 3114 
3227 3114 3173 3174 3115 
3228 3115 3174 3175 3116 
3229 3116 3175 3176 3117 
3230 3117 3176 3177 3118 
3231 3118 3177 3178 3119 
3232 3119 3178 3179 3120 
3233 3120 3179 3180 3121 
3234 3121 3180 3181 3122 
3235 3122 3181 3182 3123 
3236 3123 3182 3183 3124 
3237 3124 3183 3184 3125 
3238 3125 3184 3185 3126 
3239 3126 3185 3186 3127 
3240 3127 3186 3187 3128 
3241 3128 3187 3188 3129 
3242 3129 3188 3189 3130 
3243 3130 3189 3190 3131 
3244 3131 3190 132 133 
3245 54 55 3191 3132 
3246 3132 3191 3192 3133 
3247 3133 3192 3193 3134 
3248 3134 3193 3194 3135 
3249 3135 3194 3195 3136 
3250 3136 3195 3196 3137 
3251 3137 3196 3197 3138 
3252 3138 3197 3198 3139 
3253 3139 3198 3199 3140 
3254 3140 3199 3200 3141 
3255 3141 3200 3201 3142 
3256 3142 3201 3202 3143 
3257 3143 3202 3203 3144 
3258 3144 3203 3204 3145 
3259 3145 3204 3205 3146 
3260 3146 3205 3206 3147 
3261 3147 3206 3207 3148 
3262 3148 3207 3208 3149 
3263 3149 3208 3209 3150 
3264 3150 3209 3210 3151 
3265 3151 3210 3211 3152 
3266 3152 3211 3212 3153 
3267 3153 3212 3213 3154 
3268 3154 3213 3214 3155 
3269 3155 3214 3215 3156 
3270 3156 3215 3216 3157 
3271 3157 3216 3217 3158 
3272 3158 3217 3218 3159 
3273 3159 3218 3219 3160 
3274 3160 3219 3220 3161 
3275 3161 3220 3221 3162 
3276 3162 3221 3222 3163 
3277 3163 3222 3223 3164 
3278 3164 3223 3224 3165 
3279 3165 3224 3225 3166 
3280 3166 3225 3226 3167 
3281 3167 3226 3227 3168 
3282 3168 3227 3228 3169 
3283 3169 3228 3229 3170 
3284 3170 3229 3230 3171 
3285 3171 3230 3231 3172 
3286 3172 3231 3232 3173 
3287 3173 3232 3233 3174 
3288 3174 3233 3234 3175 
3289 3175 3234 3235 3176 
3290 3176 3235 3236 3177 
3291 3177 3236 3237 3178 
3292 3178 3237 3238 3179 
3293 3179 3238 3239 3180 
3294 3180 3239 3240 3181 
3295 3181 3240 3241 3182 
3296 3182 3241 3242 3183 
3297 3183 3242 3243 3184 
3298 3184 3243 3244 3185 
3299 3185 3244 3245 3186 
3300 3186 3245 3246 3187 
3301 3187 3246 3247 3188 
3302 3188 3247 3248 3189 
3303 3189 3248 3249 3190 
3304 3190 3249 131 132 
3305 55 56 3250 3191 
3306 3191 3250 3251 3192 
3307 3192 3251 3252 3193 
3308 3193 3252 3253 3194 
3309 3194 3253 3254 3195 
3310 3195 3254 3255 3196 
3311 3196 3255 3256 3197 
3312 3197 3256 3257 3198 
3313 3198 3257 3258 3199 
3314 3199 3258 3259 3200 
3315 3200 3259 3260 3201 
3316 3201 3260 3261 3202 
3317 3202 3261 3262 3203 
3318 3203 3262 3263 3204 
3319 3204 3263 3264 3205 
3320 3205 3264 3265 3206 
3321 3206 3265 3266 3207 
3322 3207 3266 3267 3208 
3323 3208 3267 3268 3209 
3324 3209 3268 3269 3210 
3325 3210 3269 3270 3211 
3326 3211 3270 3271 3212 
3327 3212 3271 3272 3213 
3328 3213 3272 3273 3214 
3329 3214 3273 3274 3215 
3330 3215 3274 3275 3216 
3331 3216 3275 3276 3217 
3332 3217 3276 3277 3218 
3333 3218 3277 3278 3219 
3334 3219 3278 3279 3220 
3335 3220 3279 3280 3221 
3336 3221 3280 3281 3222 
3337 3222 3281 3282 3223 
3338 3223 3282 3283 3224 
3339 3224 3283 3284 3225 
3340 3225 3284 3285 3226 
3341 3226 3285 3286 3227 
3342 3227 3286 3287 3228 
3343 3228 3287 3288 3229 
3344 3229 3288 3289 3230 
3345 3230 3289 3290 3231 
3346 3231 3290 3291 3232 
3347 3232 3291 3292 3233 
3348 3233 3292 3293 3234 
3349 3234 3293 3294 3235 
3350 3235 3294 3295 3236 
3351 3236 3295 3296 3237 
3352 3237 3296 3297 3238 
3353 3238 3297 3298 3239 
3354 3239 3298 3299 3240 
3355 3240 3299 3300 3241 
3356 3241 3300 3301 3242 
3357 3242 3301 3302 3243 
3358 3243 3302 3303 3244 
3359 3244 3303 3304 3245 
3360 3245 3304 3305 3246 
3361 3246 3305 3306 3247 
3362 3247 3306 3307 3248 
3363 3248 3307 3308 3249 
3364 3249 3308 130 131 
3365 56 57 3309 3250 
3366 3250 3309 3310 3251 
3367 3251 3310 3311 3252 
3368 3252 3311 3312 3253 
3369 3253 3312 3313 3254 
3370 3254 3313 3314 3255 
3371 3255 3314 3315 3256 
3372 3256 3315 3316 3257 
3373 3257 3316 3317 3258 
3374 3258 3317 3318 3259 
3375 3259 3318 3319 3260 
3376 3260 3319 3320 3261 
3377 3261 3320 3321 3262 
3378 3262 3321 3322 3263 
3379 3263 3322 3323 3264 
3380 3264 3323 3324 3265 
3381 3265 3324 3325 3266 
3382 3266 3325 3326 3267 
3383 3267 3326 3327 3268 
3384 3268 3327 3328 3269 
3385 3269 3328 3329 3270 
3386 3270 3329 3330 3271 
3387 3271 3330 3331 3272 
3388 3272 3331 3332 3273 
3389 3273 3332 3333 3274 
3390 3274 3333 3334 3275 
3391 3275 3334 3335 3276 
3392 3276 3335 3336 3277 
3393 3277 3336 3337 3278 
3394 3278 3337 3338 3279 
3395 3279 3338 3339 3280 
3396 3280 3339 3340 3281 
3397 3281 3340 3341 3282 
3398 3282 3341 3342 3283 
3399 3283 3342 3343 3284 
3400 3284 3343 3344 3285 
3401 3285 3344 3345 3286 
3402 3286 3345 3346 3287 
3403 3287 3346 3347 3288 
3404 3288 3347 3348 3289 
3405 3289 3348 3349 3290 
3406 3290 3349 3350 3291 
3407 3291 3350 3351 3292 
3408 3292 3351 3352 3293 
3409 3293 3352 3353 3294 
3410 3294 3353 3354 3295 
3411 3295 3354 3355 3296 
3412 3296 3355 3356 3297 
3413 3297 3356 3357 3298 
3414 3298 3357 3358 3299 
3415 3299 3358 3359 3300 
3416 3300 3359 3360 3301 
3417 3301 3360 3361 3302 
3418 3302 3361 3362 3303 
3419 3303 3362 3363 3304 
3420 3304 3363 3364 3305 
3421 3305 3364 3365 3306 
3422 3306 3365 3366 3307 
3423 3307 3366 3367 3308 
3424 3308 3367 129 130 
3425 57 58 3368 3309 
3426 3309 3368 3369 3310 
3427 3310 3369 3370 3311 
3428 3311 3370 3371 3312 
3429 3312 3371 3372 3313 
3430 3313 3372 3373 3314 
3431 3314 3373 3374 3315 
3432 3315 3374 3375 3316 
3433 3316 3375 3376 3317 
3434 3317 3376 3377 3318 
3435 3318 3377 3378 3319 
3436 3319 3378 3379 3320 
3437 3320 3379 3380 3321 
3438 3321 3380 3381 3322 
3439 3322 3381 3382 3323 
3440 3323 3382 3383 3324 
3441 3324 3383 3384 3325 
3442 3325 3384 3385 3326 
3443 3326 3385 3386 3327 
3444 3327 3386 3387 3328 
3445 3328 3387 3388 3329 
3446 3329 3388 3389 3330 
3447 3330 3389 3390 3331 
3448 3331 3390 3391 3332 
3449 3332 3391 3392 3333 
3450 3333 3392 3393 3334 
3451 3334 3393 3394 3335 
3452 3335 3394 3395 3336 
3453 3336 3395 3396 3337 
3454 3337 3396 3397 3338 
3455 3338 3397 3398 3339 
3456 3339 3398 3399 3340 
3457 3340 3399 3400 3341 
3458 3341 3400 3401 3342 
3459 3342 3401 3402 3343 
3460 3343 3402 3403 3344 
3461 3344 3403 3404 3345 
3462 3345 3404 3405 3346 
3463 3346 3405 3406 3347 
3464 3347 3406 3407 3348 
3465 3348 3407 3408 3349 
3466 3349 3408 3409 3350 
3467 3350 3409 3410 3351 
3468 3351 3410 3411 3352 
3469 3352 3411 3412 3353 
3470 3353 3412 3413 3354 
3471 3354 3413 3414 3355 
3472 3355 3414 3415 3356 
3473 3356 3415 3416 3357 
3474 3357 3416 3417 3358 
3475 3358 3417 3418 3359 
3476 3359 3418 3419 3360 
3477 3360 3419 3420 3361 
3478 3361 3420 3421 3362 
3479 3362 3421 3422 3363 
3480 3363 3422 3423 3364 
3481 3364 3423 3424 3365 
3482 3365 3424 3425 3366 
3483 3366 3425 3426 3367 
3484 3367 3426 128 129 
3485 58 59 3427 3368 
3486 3368 3427 3428 3369 
3487 3369 3428 3429 3370 
3488 3370 3429 3430 3371 
3489 3371 3430 3431 3372 
3490 3372 3431 3432 3373 
3491 3373 3432 3433 3374 
3492 3374 3433 3434 3375 
3493 3375 3434 3435 3376 
3494 3376 3435 3436 3377 
3495 3377 3436 3437 3378 
3496 3378 3437 3438 3379 
3497 3379 3438 3439 3380 
3498 3380 3439 3440 3381 
3499 3381 3440 3441 3382 
3500 3382 3441 3442 3383 
3501 3383 3442 3443 3384 
3502 3384 3443 3444 3385 
3503 3385 3444 3445 3386 
3504 3386 3445 3446 3387 
3505 3387 3446 3447 3388 
3506 3388 3447 3448 3389 
3507 3389 3448 3449 3390 
3508 3390 3449 3450 3391 
3509 3391 3450 3451 3392 
3510 3392 3451 3452 3393 
3511 3393 3452 3453 3394 
3512 3394 3453 3454 3395 
3513 3395 3454 3455 3396 
3514 3396 3455 3456 3397 
3515 3397 3456 3457 3398 
3516 3398 3457 3458 3399 
3517 3399 3458 3459 3400 
3518 3400 3459 3460 3401 
3519 3401 3460 3461 3402 
3520 3402 3461 3462 3403 
3521 3403 3462 3463 3404 
3522 3404 3463 3464 3405 
3523 3405 3464 3465 3406 
3524 3406 3465 3466 3407 
3525 3407 3466 3467 3408 
3526 3408 3467 3468 3409 
3527 3409 3468 3469 3410 
3528 3410 3469 3470 3411 
3529 3411 3470 3471 3412 
3530 3412 3471 3472 3413 
3531 3413 3472 3473 3414 
3532 3414 3473 3474 3415 
3533 3415 3474 3475 3416 
3534 3416 3475 3476 3417 
3535 3417 3476 3477 3418 
3536 3418 3477 3478 3419 
3537 3419 3478 3479 3420 
3538 3420 3479 3480 3421 
3539 3421 3480 3481 3422 
3540 3422 3481 3482 3423 
3541 3423 3482 3483 3424 
3542 3424 3483 3484 3425 
3543 3425 3484 3485 3426 
3544 3426 3485 127 128 
3545 59 60 3486 3427 
3546 3427 3486 3487 3428 
3547 3428 3487 3488 3429 
3548 3429 3488 3489 3430 
3549 3430 3489 3490 3431 
3550 3431 3490 3491 3432 
3551 3432 3491 3492 3433 
3552 3433 3492 3493 3434 
3553 3434 3493 3494 3435 
3554 3435 3494 3495 3436 
3555 3436 3495 3496 3437 
3556 3437 3496 3497 3438 
3557 3438 3497 3498 3439 
3558 3439 3498 3499 3440 
3559 3440 3499 3500 3441 
3560 3441 3500 3501 3442 
3561 3442 3501 3502 3443 
3562 3443 3502 3503 3444 
3563 3444 3503 3504 3445 
3564 3445 3504 3505 3446 
3565 3446 3505 3506 3447 
3566 3447 3506 3507 3448 
3567 3448 3507 3508 3449 
3568 3449 3508 3509 3450 
3569 3450 3509 3510 3451 
3570 3451 3510 3511 3452 
3571 3452 3511 3512 3453 
3572 3453 3512 3513 3454 
3573 3454 3513 3514 3455 
3574 3455 3514 3515 3456 
3575 3456 3515 3516 3457 
3576 3457 3516 3517 3458 
3577 3458 3517 3518 3459 
3578 3459 3518 3519 3460 
3579 3460 3519 3520 3461 
3580 3461 3520 3521 3462 
3581 3462 3521 3522 3463 
3582 3463 3522 3523 3464 
3583 3464 3523 3524 3465 
3584 3465 3524 3525 3466 
3585 3466 3525 3526 3467 
3586 3467 3526 3527 3468 
3587 3468 3527 3528 3469 
3588 3469 3528 3529 3470 
3589 3470 3529 3530 3471 
3590 3471 3530 3531 3472 
3591 3472 3531 3532 3473 
3592 3473 3532 3533 3474 
3593 3474 3533 3534 3475 
3594 3475 3534 3535 3476 
3595 3476 3535 3536 3477 
3596 3477 3536 3537 3478 
3597 3478 3537 3538 3479 
3598 3479 3538 3539 3480 
3599 3480 3539 3540 3481 
3600 3481 3540 3541 3482 
3601 3482 3541 3542 3483 
3602 3483 3542 3543 3484 
3603 3484 3543 3544 3485 
3604 3485 3544 126 127 
3605 60 61 3545 3486 
3606 3486 3545 3546 3487 
3607 3487 3546 3547 3488 
3608 3488 3547 3548 3489 
3609 3489 3548 3549 3490 
3610 3490 3549 3550 3491 
3611 3491 3550 3551 3492 
3612 3492 3551 3552 3493 
3613 3493 3552 3553 3494 
3614 3494 3553 3554 3495 
3615 3495 3554 3555 3496 
3616 3496 3555 3556 3497 
3617 3497 3556 3557 3498 
3618 3498 3557 3558 3499 
3619 3499 3558 3559 3500 
3620 3500 3559 3560 3501 
3621 3501 3560 3561 3502 
3622 3502 3561 3562 3503 
3623 3503 3562 3563 3504 
3624 3504 3563 3564 3505 
3625 3505 3564 3565 3506 
3626 3506 3565 3566 3507 
3627 3507 3566 3567 3508 
3628 3508 3567 3568 3509 
3629 3509 3568 3569 3510 
3630 3510 3569 3570 3511 
3631 3511 3570 3571 3512 
3632 3512 3571 3572 3513 
3633 3513 3572 3573 3514 
3634 3514 3573 3574 3515 
3635 3515 3574 3575 3516 
3636 3516 3575 3576 3517 
3637 3517 3576 3577 3518 
3638 3518 3577 3578 3519 
3639 3519 3578 3579 3520 
3640 3520 3579 3580 3521 
3641 3521 3580 3581 3522 
3642 3522 3581 3582 3523 
3643 3523 3582 3583 3524 
3644 3524 3583 3584 3525 
3645 3525 3584 3585 3526 
3646 3526 3585 3586 3527 
3647 3527 3586 3587 3528 
3648 3528 3587 3588 3529 
3649 3529 3588 3589 3530 
3650 3530 3589 3590 3531 
3651 3531 3590 3591 3532 
3652 3532 3591 3592 3533 
3653 3533 3592 3593 3534 
3654 3534 3593 3594 3535 
3655 3535 3594 3595 3536 
3656 3536 3595 3596 3537 
3657 3537 3596 3597 3538 
3658 3538 3597 3598 3539 
3659 3539 3598 3599 3540 
3660 3540 3599 3600 3541 
3661 3541 3600 3601 3542 
3662 3542 3601 3602 3543 
3663 3543 3602 3603 3544 
3664 3544 3603 125 126 
3665 61 62 3604 3545 
3666 3545 3604 3605 3546 
3667 3546 3605 3606 3547 
3668 3547 3606 3607 3548 
3669 3548 3607 3608 3549 
3670 3549 3608 3609 3550 
3671 3550 3609 3610 3551 
3672 3551 3610 3611 3552 
3673 3552 3611 3612 3553 
3674 3553 3612 3613 3554 
3675 3554 3613 3614 3555 
3676 3555 3614 3615 3556 
3677 3556 3615 3616 3557 
3678 3557 3616 3617 3558 
3679 3558 3617 3618 3559 
3680 3559 3618 3619 3560 
3681 3560 3619 3620 3561 
3682 3561 3620 3621 3562 
3683 3562 3621 3622 3563 
3684 3563 3622 3623 3564 
3685 3564 3623 3624 3565 
3686 3565 3624 3625 3566 
3687 3566 3625 3626 3567 
3688 3567 3626 3627 3568 
3689 3568 3627 3628 3569 
3690 3569 3628 3629 3570 
3691 3570 3629 3630 3571 
3692 3571 3630 3631 3572 
3693 3572 3631 3632 3573 
3694 3573 3632 3633 3574 
3695 3574 3633 3634 3575 
3696 3575 3634 3635 3576 
3697 3576 3635 3636 3577 
3698 3577 3636 3637 3578 
3699 3578 3637 3638 3579 
3700 3579 3638 3639 3580 
3701 3580 3639 3640 3581 
3702 3581 3640 3641 3582 
3703 3582 3641 3642 3583 
3704 3583 3642 3643 3584 
3705 3584 3643 3644 3585 
3706 3585 3644 3645 3586 
3707 3586 3645 3646 3587 
3708 3587 3646 3647 3588 
3709 3588 3647 3648 3589 
3710 3589 3648 3649 3590 
3711 3590 3649 3650 3591 
3712 3591 3650 3651 3592 
3713 3592 3651 3652 3593 
3714 3593 3652 3653 3594 
3715 3594 3653 3654 3595 
3716 3595 3654 3655 3596 
3717 3596 3655 3656 3597 
3718 3597 3656 3657 3598 
3719 3598 3657 3658 3599 
3720 3599 3658 3659 3600 
3721 3600 3659 3660 3601 
3722 3601 3660 3661 3602 
3723 3602 3661 3662 3603 
3724 3603 3662 124 125 
3725 62 63 3663 3604 
3726 3604 3663 3664 3605 
3727 3605 3664 3665 3606 
3728 3606 3665 3666 3607 
3729 3607 3666 3667 3608 
3730 3608 3667 3668 3609 
3731 3609 3668 3669 3610 
3732 3610 3669 3670 3611 
3733 3611 3670 3671 3612 
3734 3612 3671 3672 3613 
3735 3613 3672 3673 3614 
3736 3614 3673 3674 3615 
3737 3615 3674 3675 3616 
3738 3616 3675 3676 3617 
3739 3617 3676 3677 3618 
3740 3618 3677 3678 3619 
3741 3619 3678 3679 3620 
3742 3620 3679 3680 3621 
3743 3621 3680 3681 3622 
3744 3622 3681 3682 3623 
3745 3623 3682 3683 3624 
3746 3624 3683 3684 3625 
3747 3625 3684 3685 3626 
3748 3626 3685 3686 3627 
3749 3627 3686 3687 3628 
3750 3628 3687 3688 3629 
3751 3629 3688 3689 3630 
3752 3630 3689 3690 3631 
3753 3631 3690 3691 3632 
3754 3632 3691 3692 3633 
3755 3633 3692 3693 3634 
3756 3634 3693 3694 3635 
3757 3635 3694 3695 3636 
3758 3636 3695 3696 3637 
3759 3637 3696 3697 3638 
3760 3638 3697 3698 3639 
3761 3639 3698 3699 3640 
3762 3640 3699 3700 3641 
3763 3641 3700 3701 3642 
3764 3642 3701 3702 3643 
3765 3643 3702 3703 3644 
3766 3644 3703 3704 3645 
3767 3645 3704 3705 3646 
3768 3646 3705 3706 3647 
3769 3647 3706 3707 3648 
3770 3648 3707 3708 3649 
3771 3649 3708 3709 3650 
3772 3650 3709 3710 3651 
3773 3651 3710 3711 3652 
3774 3652 3711 3712 3653 
3775 3653 3712 3713 3654 
3776 3654 3713 3714 3655 
3777 3655 3714 3715 3656 
3778 3656 3715 3716 3657 
3779 3657 3716 3717 3658 
3780 3658 3717 3718 3659 
3781 3659 3718 3719 3660 
3782 3660 3719 3720 3661 
3783 3661 3720 3721 3662 
3784 3662 3721 123 124 
3785 63 2 64 3663 
3786 3663 64 65 3664 
3787 3664 65 66 3665 
3788 3665 66 67 3666 
3789 3666 67 68 3667 
3790 3667 68 69 3668 
3791 3668 69 70 3669 
3792 3669 70 71 3670 
3793 3670 71 72 3671 
3794 3671 72 73 3672 
3795 3672 73 74 3673 
3796 3673 74 75 3674 
3797 3674 75 76 3675 
3798 3675 76 77 3676 
3799 3676 77 78 3677 
3800 3677 78 79 3678 
3801 3678 79 80 3679 
3802 3679 80 81 3680 
3803 3680 81 82 3681 
3804 3681 82 83 3682 
3805 3682 83 84 3683 
3806 3683 84 85 3684 
3807 3684 85 86 3685 
3808 3685 86 87 3686 
3809 3686 87 88 3687 
3810 3687 88 89 3688 
3811 3688 89 90 3689 
3812 3689 90 91 3690 
3813 3690 91 92 3691 
3814 3691 92 93 3692 
3815 3692 93 94 3693 
3816 3693 94 95 3694 
3817 3694 95 96 3695 
3818 3695 96 97 3696 
3819 3696 97 98 3697 
3820 3697 98 99 3698 
3821 3698 99 100 3699 
3822 3699 100 101 3700 
3823 3700 101 102 3701 
3824 3701 102 103 3702 
3825 3702 103 104 3703 
3826 3703 104 105 3704 
3827 3704 105 106 3705 
3828 3705 106 107 3706 
3829 3706 107 108 3707 
3830 3707 108 109 3708 
3831 3708 109 110 3709 
3832 3709 110 111 3710 
3833 3710 111 112 3711 
3834 3711 112 113 3712 
3835 3712 113 114 3713 
3836 3713 114 115 3714 
3837 3714 115 116 3715 
3838 3715 116 117 3716 
3839 3716 117 118 3717 
3840 3717 118 119 3718 
3841 3718 119 120 3719 
3842 3719 120 121 3720 
3843 3720 121 122 3721 
3844 3721 122 3 123 
$EndElements
