$MeshFormat
4.1 0 8
$EndMeshFormat
$Entities
4 4 1 0
1 0 -0.0949999988 0 0 
2 0.100000001 -0.0949999988 0 0 
3 0.100000001 0.00499999989 0 0 
4 0 0.00499999989 0 0 
1 0 -0.0949999988 0 0.100000001 -0.0949999988 0 0 2 1 -2 
2 0.100000001 -0.0949999988 0 0.100000001 0.004999999889999995 0 0 2 2 -3 
3 0 0.00499999989 0 0.100000001 0.00499999989 0 0 2 3 -4 
4 0 -0.0949999988 0 0 0.004999999890000002 0 0 2 4 -1 
1 0 -0.0949999988 0 0.100000001 0.004999999890000002 0 0 4 1 2 3 4 
$EndEntities
$Nodes
9 5041 1 5041
0 1 0 1
1
0 -0.0949999988 0
0 2 0 1
2
0.100000001 -0.0949999988 0
0 3 0 1
3
0.100000001 0.00499999989 0
0 4 0 1
4
0 0.00499999989 0
1 1 0 69
5
6
7
8
9
10
11
12
13
14
15
16
17
18
19
20
21
22
23
24
25
26
27
28
29
30
31
32
33
34
35
36
37
38
39
40
41
42
43
44
45
46
47
48
49
50
51
52
53
54
55
56
57
58
59
60
61
62
63
64
65
66
67
68
69
70
71
72
73
0.001428571442854444 -0.0949999988 0
0.002857142885708853 -0.0949999988 0
0.004285714328562954 -0.0949999988 0
0.00571428577141711 -0.0949999988 0
0.007142857214271678 -0.0949999988 0
0.008571428657126599 -0.0949999988 0
0.01000000009998107 -0.0949999988 0
0.01142857154283609 -0.0949999988 0
0.01285714298569003 -0.0949999988 0
0.01428571442854326 -0.0949999988 0
0.01571428587139614 -0.0949999988 0
0.01714285731424937 -0.0949999988 0
0.01857142875710192 -0.0949999988 0
0.02000000019995474 -0.0949999988 0
0.0214285716428077 -0.0949999988 0
0.02285714308566093 -0.0949999988 0
0.02428571452851348 -0.0949999988 0
0.0257142859713667 -0.0949999988 0
0.02714285741421925 -0.0949999988 0
0.02857142885707248 -0.0949999988 0
0.03000000029992544 -0.0949999988 0
0.03142857174277758 -0.0949999988 0
0.03285714318563145 -0.0949999988 0
0.03428571462848343 -0.0949999988 0
0.03571428607133677 -0.0949999988 0
0.0371428575141895 -0.0949999988 0
0.03857142895704346 -0.0949999988 0
0.04000000039989572 -0.0949999988 0
0.0414285718427488 -0.0949999988 0
0.04285714328560195 -0.0949999988 0
0.04428571472845413 -0.0949999988 0
0.04571428617130747 -0.0949999988 0
0.04714285761415992 -0.0949999988 0
0.04857142905701281 -0.0949999988 0
0.05000000049986751 -0.0949999988 0
0.05142857194272693 -0.0949999988 0
0.05285714338558859 -0.0949999988 0
0.05428571482844913 -0.0949999988 0
0.0557142862713106 -0.0949999988 0
0.05714285771417021 -0.0949999988 0
0.0585714291570321 -0.0949999988 0
0.06000000059989265 -0.0949999988 0
0.0614285720427537 -0.0949999988 0
0.06285714348561248 -0.0949999988 0
0.06428571492847196 -0.0949999988 0
0.06571428637133633 -0.0949999988 0
0.06714285781419815 -0.0949999988 0
0.06857142925705485 -0.0949999988 0
0.07000000069991862 -0.0949999988 0
0.07142857214278182 -0.0949999988 0
0.07285714358563854 -0.0949999988 0
0.0742857150285009 -0.0949999988 0
0.07571428647136526 -0.0949999988 0
0.07714285791422762 -0.0949999988 0
0.07857142935708435 -0.0949999988 0
0.08000000079994754 -0.0949999988 0
0.0814285722428113 -0.0949999988 0
0.08285714368566802 -0.0949999988 0
0.08428571512852984 -0.0949999988 0
0.0857142865713942 -0.0949999988 0
0.08714285801425292 -0.0949999988 0
0.08857142945710841 -0.0949999988 0
0.09000000089997107 -0.0949999988 0
0.09142857234283536 -0.0949999988 0
0.09285714378569247 -0.0949999988 0
0.09428571522855335 -0.0949999988 0
0.09571428667141772 -0.0949999988 0
0.09714285811427753 -0.0949999988 0
0.09857142955713563 -0.0949999988 0
1 2 0 69
74
75
76
77
78
79
80
81
82
83
84
85
86
87
88
89
90
91
92
93
94
95
96
97
98
99
100
101
102
103
104
105
106
107
108
109
110
111
112
113
114
115
116
117
118
119
120
121
122
123
124
125
126
127
128
129
130
131
132
133
134
135
136
137
138
139
140
141
142
0.100000001 -0.09357142739014405 0
0.100000001 -0.09214285598028718 0
0.100000001 -0.09071428457043347 0
0.100000001 -0.08928571316057977 0
0.100000001 -0.08785714175072569 0
0.100000001 -0.08642857034086703 0
0.100000001 -0.08499999893101325 0
0.100000001 -0.08357142752115955 0
0.100000001 -0.08214285611130584 0
0.100000001 -0.08071428470145292 0
0.100000001 -0.07928571329160386 0
0.100000001 -0.07785714188175016 0
0.100000001 -0.07642857047189645 0
0.100000001 -0.07499999906204276 0
0.100000001 -0.07357142765218905 0
0.100000001 -0.07214285624233535 0
0.100000001 -0.07071428483248164 0
0.100000001 -0.06928571342262795 0
0.100000001 -0.06785714201277425 0
0.100000001 -0.06642857060292055 0
0.100000001 -0.06499999919306686 0
0.100000001 -0.06357142778321648 0
0.100000001 -0.06214285637336488 0
0.100000001 -0.06071428496351118 0
0.100000001 -0.05928571355365748 0
0.100000001 -0.05785714214380379 0
0.100000001 -0.05642857073395009 0
0.100000001 -0.0549999993240964 0
0.100000001 -0.0535714279142427 0
0.100000001 -0.052142856504389 0
0.100000001 -0.0507142850945353 0
0.100000001 -0.0492857136846823 0
0.100000001 -0.04785714227483108 0
0.100000001 -0.04642857086497986 0
0.100000001 -0.04499999945512728 0
0.100000001 -0.04357142804526751 0
0.100000001 -0.04214285663540637 0
0.100000001 -0.04071428522554525 0
0.100000001 -0.03928571381568412 0
0.100000001 -0.03785714240582299 0
0.100000001 -0.03642857099596187 0
0.100000001 -0.03499999958610073 0
0.100000001 -0.03357142817624181 0
0.100000001 -0.03214285676638058 0
0.100000001 -0.03071428535652122 0
0.100000001 -0.0292857139466642 0
0.100000001 -0.02785714253680059 0
0.100000001 -0.0264285711269418 0
0.100000001 -0.02499999971707881 0
0.100000001 -0.02357142830721908 0
0.100000001 -0.02214285689735702 0
0.100000001 -0.02071428548749636 0
0.100000001 -0.01928571407763523 0
0.100000001 -0.01785714266777363 0
0.100000001 -0.01642857125791343 0
0.100000001 -0.01499999984805091 0
0.100000001 -0.01357142843819165 0
0.100000001 -0.01214285702832819 0
0.100000001 -0.01071428561846954 0
0.100000001 -0.009285714208606258 0
0.100000001 -0.007857142798748301 0
0.100000001 -0.006428571388889887 0
0.100000001 -0.004999999979026809 0
0.100000001 -0.003571428569168089 0
0.100000001 -0.002142857159304484 0
0.100000001 -0.0007142857494454452 0
0.100000001 0.0007142856604173131 0
0.100000001 0.002142857070277268 0
0.100000001 0.003571428480139111 0
1 3 0 69
143
144
145
146
147
148
149
150
151
152
153
154
155
156
157
158
159
160
161
162
163
164
165
166
167
168
169
170
171
172
173
174
175
176
177
178
179
180
181
182
183
184
185
186
187
188
189
190
191
192
193
194
195
196
197
198
199
200
201
202
203
204
205
206
207
208
209
210
211
0.09857142955714812 0.00499999989 0
0.09714285811429353 0.00499999989 0
0.09571428667143896 0.00499999989 0
0.09428571522858437 0.00499999989 0
0.09285714378572978 0.00499999989 0
0.09142857234287519 0.00499999989 0
0.09000000090002276 0.00499999989 0
0.08857142945717142 0.00499999989 0
0.08714285801431683 0.00499999989 0
0.08571428657146224 0.00499999989 0
0.08428571512861067 0.00499999989 0
0.08285714368575849 0.00499999989 0
0.0814285722429039 0.00499999989 0
0.08000000080005365 0.00499999989 0
0.07857142935720014 0.00499999989 0
0.07714285791434555 0.00499999989 0
0.0757142864714912 0.00499999989 0
0.07428571502864156 0.00499999989 0
0.07285714358578721 0.00499999989 0
0.07142857214293262 0.00499999989 0
0.07000000070007911 0.00499999989 0
0.06857142925722887 0.00499999989 0
0.06714285781437426 0.00499999989 0
0.06571428637152207 0.00499999989 0
0.0642857149286678 0.00499999989 0
0.06285714348581592 0.00499999989 0
0.06142857204296183 0.00499999989 0
0.06000000060010945 0.00499999989 0
0.05857142915725626 0.00499999989 0
0.05714285771440298 0.00499999989 0
0.05571428627155068 0.00499999989 0
0.05428571482869721 0.00499999989 0
0.05285714338584463 0.00499999989 0
0.05142857194299164 0.00499999989 0
0.0500000005001368 0.00499999989 0
0.04857142905727726 0.00499999989 0
0.04714285761441548 0.00499999989 0
0.04571428617155481 0.00499999989 0
0.04428571472869322 0.00499999989 0
0.04285714328583348 0.00499999989 0
0.04142857184297146 0.00499999989 0
0.04000000040011081 0.00499999989 0
0.03857142895724964 0.00499999989 0
0.03714285751439071 0.00499999989 0
0.03571428607153113 0.00499999989 0
0.03428571462866663 0.00499999989 0
0.0328571431858047 0.00499999989 0
0.03142857174294786 0.00499999989 0
0.03000000030008398 0.00499999989 0
0.02857142885722064 0.00499999989 0
0.02714285741436381 0.00499999989 0
0.02571428597150134 0.00499999989 0
0.02428571452863683 0.00499999989 0
0.02285714308577434 0.00499999989 0
0.02142857164291752 0.00499999989 0
0.02000000020005417 0.00499999989 0
0.01857142875719031 0.00499999989 0
0.01714285731433347 0.00499999989 0
0.01571428587147153 0.00499999989 0
0.01428571442860703 0.00499999989 0
0.01285714298574818 0.00499999989 0
0.01142857154289259 0.00499999989 0
0.01000000010002981 0.00499999989 0
0.008571428657165384 0.00499999989 0
0.007142857214308157 0.00499999989 0
0.005714285771447142 0.00499999989 0
0.004285714328582657 0.00499999989 0
0.002857142885722724 0.00499999989 0
0.001428571442864499 0.00499999989 0
1 4 0 69
212
213
214
215
216
217
218
219
220
221
222
223
224
225
226
227
228
229
230
231
232
233
234
235
236
237
238
239
240
241
242
243
244
245
246
247
248
249
250
251
252
253
254
255
256
257
258
259
260
261
262
263
264
265
266
267
268
269
270
271
272
273
274
275
276
277
278
279
280
0 0.003571428480145848 0
0 0.002142857070291583 0
0 0.0007142856604378349 0
0 -0.0007142857494158768 0
0 -0.002142857159270302 0
0 -0.003571428569125241 0
0 -0.004999999978980182 0
0 -0.006428571388834911 0
0 -0.007857142798688738 0
0 -0.009285714208542246 0
0 -0.01071428561839396 0
0 -0.01214285702824582 0
0 -0.01357142843809948 0
0 -0.01499999984795319 0
0 -0.01642857125780689 0
0 -0.01785714266766059 0
0 -0.01928571407751429 0
0 -0.02071428548736799 0
0 -0.02214285689722168 0
0 -0.02357142830707539 0
0 -0.02499999971692908 0
0 -0.02642857112678195 0
0 -0.02785714253663512 0
0 -0.02928571394648882 0
0 -0.03071428535634252 0
0 -0.03214285676619621 0
0 -0.0335714281760499 0
0 -0.0349999995859036 0
0 -0.0364285709957573 0
0 -0.037857142405611 0
0 -0.0392857138154647 0
0 -0.0407142852253177 0
0 -0.04214285663516892 0
0 -0.04357142804502014 0
0 -0.04499999945487272 0
0 -0.04642857086473249 0
0 -0.04785714227459362 0
0 -0.04928571368445474 0
0 -0.05071428509431588 0
0 -0.05214285650417701 0
0 -0.05357142791403813 0
0 -0.05499999932389926 0
0 -0.05642857073375818 0
0 -0.05785714214361942 0
0 -0.05928571355347877 0
0 -0.0607142849633358 0
0 -0.06214285637319941 0
0 -0.0635714277830582 0
0 -0.0649999991929212 0
0 -0.06642857060278093 0
0 -0.06785714201264298 0
0 -0.06928571342250364 0
0 -0.07071428483236478 0
0 -0.07214285624222637 0
0 -0.07357142765208657 0
0 -0.0749999990619491 0
0 -0.07642857047180836 0
0 -0.07785714188167181 0
0 -0.07928571329153046 0
0 -0.08071428470139375 0
0 -0.0821428561112517 0
0 -0.08357142752111012 0
0 -0.08499999893097319 0
0 -0.08642857034083191 0
0 -0.08785714175069552 0
0 -0.08928571316055456 0
0 -0.09071428457041732 0
0 -0.09214285598027727 0
0 -0.09357142739013911 0
2 1 0 4761
281
282
283
284
285
286
287
288
289
290
291
292
293
294
295
296
297
298
299
300
301
302
303
304
305
306
307
308
309
310
311
312
313
314
315
316
317
318
319
320
321
322
323
324
325
326
327
328
329
330
331
332
333
334
335
336
337
338
339
340
341
342
343
344
345
346
347
348
349
350
351
352
353
354
355
356
357
358
359
360
361
362
363
364
365
366
367
368
369
370
371
372
373
374
375
376
377
378
379
380
381
382
383
384
385
386
387
388
389
390
391
392
393
394
395
396
397
398
399
400
401
402
403
404
405
406
407
408
409
410
411
412
413
414
415
416
417
418
419
420
421
422
423
424
425
426
427
428
429
430
431
432
433
434
435
436
437
438
439
440
441
442
443
444
445
446
447
448
449
450
451
452
453
454
455
456
457
458
459
460
461
462
463
464
465
466
467
468
469
470
471
472
473
474
475
476
477
478
479
480
481
482
483
484
485
486
487
488
489
490
491
492
493
494
495
496
497
498
499
500
501
502
503
504
505
506
507
508
509
510
511
512
513
514
515
516
517
518
519
520
521
522
523
524
525
526
527
528
529
530
531
532
533
534
535
536
537
538
539
540
541
542
543
544
545
546
547
548
549
550
551
552
553
554
555
556
557
558
559
560
561
562
563
564
565
566
567
568
569
570
571
572
573
574
575
576
577
578
579
580
581
582
583
584
585
586
587
588
589
590
591
592
593
594
595
596
597
598
599
600
601
602
603
604
605
606
607
608
609
610
611
612
613
614
615
616
617
618
619
620
621
622
623
624
625
626
627
628
629
630
631
632
633
634
635
636
637
638
639
640
641
642
643
644
645
646
647
648
649
650
651
652
653
654
655
656
657
658
659
660
661
662
663
664
665
666
667
668
669
670
671
672
673
674
675
676
677
678
679
680
681
682
683
684
685
686
687
688
689
690
691
692
693
694
695
696
697
698
699
700
701
702
703
704
705
706
707
708
709
710
711
712
713
714
715
716
717
718
719
720
721
722
723
724
725
726
727
728
729
730
731
732
733
734
735
736
737
738
739
740
741
742
743
744
745
746
747
748
749
750
751
752
753
754
755
756
757
758
759
760
761
762
763
764
765
766
767
768
769
770
771
772
773
774
775
776
777
778
779
780
781
782
783
784
785
786
787
788
789
790
791
792
793
794
795
796
797
798
799
800
801
802
803
804
805
806
807
808
809
810
811
812
813
814
815
816
817
818
819
820
821
822
823
824
825
826
827
828
829
830
831
832
833
834
835
836
837
838
839
840
841
842
843
844
845
846
847
848
849
850
851
852
853
854
855
856
857
858
859
860
861
862
863
864
865
866
867
868
869
870
871
872
873
874
875
876
877
878
879
880
881
882
883
884
885
886
887
888
889
890
891
892
893
894
895
896
897
898
899
900
901
902
903
904
905
906
907
908
909
910
911
912
913
914
915
916
917
918
919
920
921
922
923
924
925
926
927
928
929
930
931
932
933
934
935
936
937
938
939
940
941
942
943
944
945
946
947
948
949
950
951
952
953
954
955
956
957
958
959
960
961
962
963
964
965
966
967
968
969
970
971
972
973
974
975
976
977
978
979
980
981
982
983
984
985
986
987
988
989
990
991
992
993
994
995
996
997
998
999
1000
1001
1002
1003
1004
1005
1006
1007
1008
1009
1010
1011
1012
1013
1014
1015
1016
1017
1018
1019
1020
1021
1022
1023
1024
1025
1026
1027
1028
1029
1030
1031
1032
1033
1034
1035
1036
1037
1038
1039
1040
1041
1042
1043
1044
1045
1046
1047
1048
1049
1050
1051
1052
1053
1054
1055
1056
1057
1058
1059
1060
1061
1062
1063
1064
1065
1066
1067
1068
1069
1070
1071
1072
1073
1074
1075
1076
1077
1078
1079
1080
1081
1082
1083
1084
1085
1086
1087
1088
1089
1090
1091
1092
1093
1094
1095
1096
1097
1098
1099
1100
1101
1102
1103
1104
1105
1106
1107
1108
1109
1110
1111
1112
1113
1114
1115
1116
1117
1118
1119
1120
1121
1122
1123
1124
1125
1126
1127
1128
1129
1130
1131
1132
1133
1134
1135
1136
1137
1138
1139
1140
1141
1142
1143
1144
1145
1146
1147
1148
1149
1150
1151
1152
1153
1154
1155
1156
1157
1158
1159
1160
1161
1162
1163
1164
1165
1166
1167
1168
1169
1170
1171
1172
1173
1174
1175
1176
1177
1178
1179
1180
1181
1182
1183
1184
1185
1186
1187
1188
1189
1190
1191
1192
1193
1194
1195
1196
1197
1198
1199
1200
1201
1202
1203
1204
1205
1206
1207
1208
1209
1210
1211
1212
1213
1214
1215
1216
1217
1218
1219
1220
1221
1222
1223
1224
1225
1226
1227
1228
1229
1230
1231
1232
1233
1234
1235
1236
1237
1238
1239
1240
1241
1242
1243
1244
1245
1246
1247
1248
1249
1250
1251
1252
1253
1254
1255
1256
1257
1258
1259
1260
1261
1262
1263
1264
1265
1266
1267
1268
1269
1270
1271
1272
1273
1274
1275
1276
1277
1278
1279
1280
1281
1282
1283
1284
1285
1286
1287
1288
1289
1290
1291
1292
1293
1294
1295
1296
1297
1298
1299
1300
1301
1302
1303
1304
1305
1306
1307
1308
1309
1310
1311
1312
1313
1314
1315
1316
1317
1318
1319
1320
1321
1322
1323
1324
1325
1326
1327
1328
1329
1330
1331
1332
1333
1334
1335
1336
1337
1338
1339
1340
1341
1342
1343
1344
1345
1346
1347
1348
1349
1350
1351
1352
1353
1354
1355
1356
1357
1358
1359
1360
1361
1362
1363
1364
1365
1366
1367
1368
1369
1370
1371
1372
1373
1374
1375
1376
1377
1378
1379
1380
1381
1382
1383
1384
1385
1386
1387
1388
1389
1390
1391
1392
1393
1394
1395
1396
1397
1398
1399
1400
1401
1402
1403
1404
1405
1406
1407
1408
1409
1410
1411
1412
1413
1414
1415
1416
1417
1418
1419
1420
1421
1422
1423
1424
1425
1426
1427
1428
1429
1430
1431
1432
1433
1434
1435
1436
1437
1438
1439
1440
1441
1442
1443
1444
1445
1446
1447
1448
1449
1450
1451
1452
1453
1454
1455
1456
1457
1458
1459
1460
1461
1462
1463
1464
1465
1466
1467
1468
1469
1470
1471
1472
1473
1474
1475
1476
1477
1478
1479
1480
1481
1482
1483
1484
1485
1486
1487
1488
1489
1490
1491
1492
1493
1494
1495
1496
1497
1498
1499
1500
1501
1502
1503
1504
1505
1506
1507
1508
1509
1510
1511
1512
1513
1514
1515
1516
1517
1518
1519
1520
1521
1522
1523
1524
1525
1526
1527
1528
1529
1530
1531
1532
1533
1534
1535
1536
1537
1538
1539
1540
1541
1542
1543
1544
1545
1546
1547
1548
1549
1550
1551
1552
1553
1554
1555
1556
1557
1558
1559
1560
1561
1562
1563
1564
1565
1566
1567
1568
1569
1570
1571
1572
1573
1574
1575
1576
1577
1578
1579
1580
1581
1582
1583
1584
1585
1586
1587
1588
1589
1590
1591
1592
1593
1594
1595
1596
1597
1598
1599
1600
1601
1602
1603
1604
1605
1606
1607
1608
1609
1610
1611
1612
1613
1614
1615
1616
1617
1618
1619
1620
1621
1622
1623
1624
1625
1626
1627
1628
1629
1630
1631
1632
1633
1634
1635
1636
1637
1638
1639
1640
1641
1642
1643
1644
1645
1646
1647
1648
1649
1650
1651
1652
1653
1654
1655
1656
1657
1658
1659
1660
1661
1662
1663
1664
1665
1666
1667
1668
1669
1670
1671
1672
1673
1674
1675
1676
1677
1678
1679
1680
1681
1682
1683
1684
1685
1686
1687
1688
1689
1690
1691
1692
1693
1694
1695
1696
1697
1698
1699
1700
1701
1702
1703
1704
1705
1706
1707
1708
1709
1710
1711
1712
1713
1714
1715
1716
1717
1718
1719
1720
1721
1722
1723
1724
1725
1726
1727
1728
1729
1730
1731
1732
1733
1734
1735
1736
1737
1738
1739
1740
1741
1742
1743
1744
1745
1746
1747
1748
1749
1750
1751
1752
1753
1754
1755
1756
1757
1758
1759
1760
1761
1762
1763
1764
1765
1766
1767
1768
1769
1770
1771
1772
1773
1774
1775
1776
1777
1778
1779
1780
1781
1782
1783
1784
1785
1786
1787
1788
1789
1790
1791
1792
1793
1794
1795
1796
1797
1798
1799
1800
1801
1802
1803
1804
1805
1806
1807
1808
1809
1810
1811
1812
1813
1814
1815
1816
1817
1818
1819
1820
1821
1822
1823
1824
1825
1826
1827
1828
1829
1830
1831
1832
1833
1834
1835
1836
1837
1838
1839
1840
1841
1842
1843
1844
1845
1846
1847
1848
1849
1850
1851
1852
1853
1854
1855
1856
1857
1858
1859
1860
1861
1862
1863
1864
1865
1866
1867
1868
1869
1870
1871
1872
1873
1874
1875
1876
1877
1878
1879
1880
1881
1882
1883
1884
1885
1886
1887
1888
1889
1890
1891
1892
1893
1894
1895
1896
1897
1898
1899
1900
1901
1902
1903
1904
1905
1906
1907
1908
1909
1910
1911
1912
1913
1914
1915
1916
1917
1918
1919
1920
1921
1922
1923
1924
1925
1926
1927
1928
1929
1930
1931
1932
1933
1934
1935
1936
1937
1938
1939
1940
1941
1942
1943
1944
1945
1946
1947
1948
1949
1950
1951
1952
1953
1954
1955
1956
1957
1958
1959
1960
1961
1962
1963
1964
1965
1966
1967
1968
1969
1970
1971
1972
1973
1974
1975
1976
1977
1978
1979
1980
1981
1982
1983
1984
1985
1986
1987
1988
1989
1990
1991
1992
1993
1994
1995
1996
1997
1998
1999
2000
2001
2002
2003
2004
2005
2006
2007
2008
2009
2010
2011
2012
2013
2014
2015
2016
2017
2018
2019
2020
2021
2022
2023
2024
2025
2026
2027
2028
2029
2030
2031
2032
2033
2034
2035
2036
2037
2038
2039
2040
2041
2042
2043
2044
2045
2046
2047
2048
2049
2050
2051
2052
2053
2054
2055
2056
2057
2058
2059
2060
2061
2062
2063
2064
2065
2066
2067
2068
2069
2070
2071
2072
2073
2074
2075
2076
2077
2078
2079
2080
2081
2082
2083
2084
2085
2086
2087
2088
2089
2090
2091
2092
2093
2094
2095
2096
2097
2098
2099
2100
2101
2102
2103
2104
2105
2106
2107
2108
2109
2110
2111
2112
2113
2114
2115
2116
2117
2118
2119
2120
2121
2122
2123
2124
2125
2126
2127
2128
2129
2130
2131
2132
2133
2134
2135
2136
2137
2138
2139
2140
2141
2142
2143
2144
2145
2146
2147
2148
2149
2150
2151
2152
2153
2154
2155
2156
2157
2158
2159
2160
2161
2162
2163
2164
2165
2166
2167
2168
2169
2170
2171
2172
2173
2174
2175
2176
2177
2178
2179
2180
2181
2182
2183
2184
2185
2186
2187
2188
2189
2190
2191
2192
2193
2194
2195
2196
2197
2198
2199
2200
2201
2202
2203
2204
2205
2206
2207
2208
2209
2210
2211
2212
2213
2214
2215
2216
2217
2218
2219
2220
2221
2222
2223
2224
2225
2226
2227
2228
2229
2230
2231
2232
2233
2234
2235
2236
2237
2238
2239
2240
2241
2242
2243
2244
2245
2246
2247
2248
2249
2250
2251
2252
2253
2254
2255
2256
2257
2258
2259
2260
2261
2262
2263
2264
2265
2266
2267
2268
2269
2270
2271
2272
2273
2274
2275
2276
2277
2278
2279
2280
2281
2282
2283
2284
2285
2286
2287
2288
2289
2290
2291
2292
2293
2294
2295
2296
2297
2298
2299
2300
2301
2302
2303
2304
2305
2306
2307
2308
2309
2310
2311
2312
2313
2314
2315
2316
2317
2318
2319
2320
2321
2322
2323
2324
2325
2326
2327
2328
2329
2330
2331
2332
2333
2334
2335
2336
2337
2338
2339
2340
2341
2342
2343
2344
2345
2346
2347
2348
2349
2350
2351
2352
2353
2354
2355
2356
2357
2358
2359
2360
2361
2362
2363
2364
2365
2366
2367
2368
2369
2370
2371
2372
2373
2374
2375
2376
2377
2378
2379
2380
2381
2382
2383
2384
2385
2386
2387
2388
2389
2390
2391
2392
2393
2394
2395
2396
2397
2398
2399
2400
2401
2402
2403
2404
2405
2406
2407
2408
2409
2410
2411
2412
2413
2414
2415
2416
2417
2418
2419
2420
2421
2422
2423
2424
2425
2426
2427
2428
2429
2430
2431
2432
2433
2434
2435
2436
2437
2438
2439
2440
2441
2442
2443
2444
2445
2446
2447
2448
2449
2450
2451
2452
2453
2454
2455
2456
2457
2458
2459
2460
2461
2462
2463
2464
2465
2466
2467
2468
2469
2470
2471
2472
2473
2474
2475
2476
2477
2478
2479
2480
2481
2482
2483
2484
2485
2486
2487
2488
2489
2490
2491
2492
2493
2494
2495
2496
2497
2498
2499
2500
2501
2502
2503
2504
2505
2506
2507
2508
2509
2510
2511
2512
2513
2514
2515
2516
2517
2518
2519
2520
2521
2522
2523
2524
2525
2526
2527
2528
2529
2530
2531
2532
2533
2534
2535
2536
2537
2538
2539
2540
2541
2542
2543
2544
2545
2546
2547
2548
2549
2550
2551
2552
2553
2554
2555
2556
2557
2558
2559
2560
2561
2562
2563
2564
2565
2566
2567
2568
2569
2570
2571
2572
2573
2574
2575
2576
2577
2578
2579
2580
2581
2582
2583
2584
2585
2586
2587
2588
2589
2590
2591
2592
2593
2594
2595
2596
2597
2598
2599
2600
2601
2602
2603
2604
2605
2606
2607
2608
2609
2610
2611
2612
2613
2614
2615
2616
2617
2618
2619
2620
2621
2622
2623
2624
2625
2626
2627
2628
2629
2630
2631
2632
2633
2634
2635
2636
2637
2638
2639
2640
2641
2642
2643
2644
2645
2646
2647
2648
2649
2650
2651
2652
2653
2654
2655
2656
2657
2658
2659
2660
2661
2662
2663
2664
2665
2666
2667
2668
2669
2670
2671
2672
2673
2674
2675
2676
2677
2678
2679
2680
2681
2682
2683
2684
2685
2686
2687
2688
2689
2690
2691
2692
2693
2694
2695
2696
2697
2698
2699
2700
2701
2702
2703
2704
2705
2706
2707
2708
2709
2710
2711
2712
2713
2714
2715
2716
2717
2718
2719
2720
2721
2722
2723
2724
2725
2726
2727
2728
2729
2730
2731
2732
2733
2734
2735
2736
2737
2738
2739
2740
2741
2742
2743
2744
2745
2746
2747
2748
2749
2750
2751
2752
2753
2754
2755
2756
2757
2758
2759
2760
2761
2762
2763
2764
2765
2766
2767
2768
2769
2770
2771
2772
2773
2774
2775
2776
2777
2778
2779
2780
2781
2782
2783
2784
2785
2786
2787
2788
2789
2790
2791
2792
2793
2794
2795
2796
2797
2798
2799
2800
2801
2802
2803
2804
2805
2806
2807
2808
2809
2810
2811
2812
2813
2814
2815
2816
2817
2818
2819
2820
2821
2822
2823
2824
2825
2826
2827
2828
2829
2830
2831
2832
2833
2834
2835
2836
2837
2838
2839
2840
2841
2842
2843
2844
2845
2846
2847
2848
2849
2850
2851
2852
2853
2854
2855
2856
2857
2858
2859
2860
2861
2862
2863
2864
2865
2866
2867
2868
2869
2870
2871
2872
2873
2874
2875
2876
2877
2878
2879
2880
2881
2882
2883
2884
2885
2886
2887
2888
2889
2890
2891
2892
2893
2894
2895
2896
2897
2898
2899
2900
2901
2902
2903
2904
2905
2906
2907
2908
2909
2910
2911
2912
2913
2914
2915
2916
2917
2918
2919
2920
2921
2922
2923
2924
2925
2926
2927
2928
2929
2930
2931
2932
2933
2934
2935
2936
2937
2938
2939
2940
2941
2942
2943
2944
2945
2946
2947
2948
2949
2950
2951
2952
2953
2954
2955
2956
2957
2958
2959
2960
2961
2962
2963
2964
2965
2966
2967
2968
2969
2970
2971
2972
2973
2974
2975
2976
2977
2978
2979
2980
2981
2982
2983
2984
2985
2986
2987
2988
2989
2990
2991
2992
2993
2994
2995
2996
2997
2998
2999
3000
3001
3002
3003
3004
3005
3006
3007
3008
3009
3010
3011
3012
3013
3014
3015
3016
3017
3018
3019
3020
3021
3022
3023
3024
3025
3026
3027
3028
3029
3030
3031
3032
3033
3034
3035
3036
3037
3038
3039
3040
3041
3042
3043
3044
3045
3046
3047
3048
3049
3050
3051
3052
3053
3054
3055
3056
3057
3058
3059
3060
3061
3062
3063
3064
3065
3066
3067
3068
3069
3070
3071
3072
3073
3074
3075
3076
3077
3078
3079
3080
3081
3082
3083
3084
3085
3086
3087
3088
3089
3090
3091
3092
3093
3094
3095
3096
3097
3098
3099
3100
3101
3102
3103
3104
3105
3106
3107
3108
3109
3110
3111
3112
3113
3114
3115
3116
3117
3118
3119
3120
3121
3122
3123
3124
3125
3126
3127
3128
3129
3130
3131
3132
3133
3134
3135
3136
3137
3138
3139
3140
3141
3142
3143
3144
3145
3146
3147
3148
3149
3150
3151
3152
3153
3154
3155
3156
3157
3158
3159
3160
3161
3162
3163
3164
3165
3166
3167
3168
3169
3170
3171
3172
3173
3174
3175
3176
3177
3178
3179
3180
3181
3182
3183
3184
3185
3186
3187
3188
3189
3190
3191
3192
3193
3194
3195
3196
3197
3198
3199
3200
3201
3202
3203
3204
3205
3206
3207
3208
3209
3210
3211
3212
3213
3214
3215
3216
3217
3218
3219
3220
3221
3222
3223
3224
3225
3226
3227
3228
3229
3230
3231
3232
3233
3234
3235
3236
3237
3238
3239
3240
3241
3242
3243
3244
3245
3246
3247
3248
3249
3250
3251
3252
3253
3254
3255
3256
3257
3258
3259
3260
3261
3262
3263
3264
3265
3266
3267
3268
3269
3270
3271
3272
3273
3274
3275
3276
3277
3278
3279
3280
3281
3282
3283
3284
3285
3286
3287
3288
3289
3290
3291
3292
3293
3294
3295
3296
3297
3298
3299
3300
3301
3302
3303
3304
3305
3306
3307
3308
3309
3310
3311
3312
3313
3314
3315
3316
3317
3318
3319
3320
3321
3322
3323
3324
3325
3326
3327
3328
3329
3330
3331
3332
3333
3334
3335
3336
3337
3338
3339
3340
3341
3342
3343
3344
3345
3346
3347
3348
3349
3350
3351
3352
3353
3354
3355
3356
3357
3358
3359
3360
3361
3362
3363
3364
3365
3366
3367
3368
3369
3370
3371
3372
3373
3374
3375
3376
3377
3378
3379
3380
3381
3382
3383
3384
3385
3386
3387
3388
3389
3390
3391
3392
3393
3394
3395
3396
3397
3398
3399
3400
3401
3402
3403
3404
3405
3406
3407
3408
3409
3410
3411
3412
3413
3414
3415
3416
3417
3418
3419
3420
3421
3422
3423
3424
3425
3426
3427
3428
3429
3430
3431
3432
3433
3434
3435
3436
3437
3438
3439
3440
3441
3442
3443
3444
3445
3446
3447
3448
3449
3450
3451
3452
3453
3454
3455
3456
3457
3458
3459
3460
3461
3462
3463
3464
3465
3466
3467
3468
3469
3470
3471
3472
3473
3474
3475
3476
3477
3478
3479
3480
3481
3482
3483
3484
3485
3486
3487
3488
3489
3490
3491
3492
3493
3494
3495
3496
3497
3498
3499
3500
3501
3502
3503
3504
3505
3506
3507
3508
3509
3510
3511
3512
3513
3514
3515
3516
3517
3518
3519
3520
3521
3522
3523
3524
3525
3526
3527
3528
3529
3530
3531
3532
3533
3534
3535
3536
3537
3538
3539
3540
3541
3542
3543
3544
3545
3546
3547
3548
3549
3550
3551
3552
3553
3554
3555
3556
3557
3558
3559
3560
3561
3562
3563
3564
3565
3566
3567
3568
3569
3570
3571
3572
3573
3574
3575
3576
3577
3578
3579
3580
3581
3582
3583
3584
3585
3586
3587
3588
3589
3590
3591
3592
3593
3594
3595
3596
3597
3598
3599
3600
3601
3602
3603
3604
3605
3606
3607
3608
3609
3610
3611
3612
3613
3614
3615
3616
3617
3618
3619
3620
3621
3622
3623
3624
3625
3626
3627
3628
3629
3630
3631
3632
3633
3634
3635
3636
3637
3638
3639
3640
3641
3642
3643
3644
3645
3646
3647
3648
3649
3650
3651
3652
3653
3654
3655
3656
3657
3658
3659
3660
3661
3662
3663
3664
3665
3666
3667
3668
3669
3670
3671
3672
3673
3674
3675
3676
3677
3678
3679
3680
3681
3682
3683
3684
3685
3686
3687
3688
3689
3690
3691
3692
3693
3694
3695
3696
3697
3698
3699
3700
3701
3702
3703
3704
3705
3706
3707
3708
3709
3710
3711
3712
3713
3714
3715
3716
3717
3718
3719
3720
3721
3722
3723
3724
3725
3726
3727
3728
3729
3730
3731
3732
3733
3734
3735
3736
3737
3738
3739
3740
3741
3742
3743
3744
3745
3746
3747
3748
3749
3750
3751
3752
3753
3754
3755
3756
3757
3758
3759
3760
3761
3762
3763
3764
3765
3766
3767
3768
3769
3770
3771
3772
3773
3774
3775
3776
3777
3778
3779
3780
3781
3782
3783
3784
3785
3786
3787
3788
3789
3790
3791
3792
3793
3794
3795
3796
3797
3798
3799
3800
3801
3802
3803
3804
3805
3806
3807
3808
3809
3810
3811
3812
3813
3814
3815
3816
3817
3818
3819
3820
3821
3822
3823
3824
3825
3826
3827
3828
3829
3830
3831
3832
3833
3834
3835
3836
3837
3838
3839
3840
3841
3842
3843
3844
3845
3846
3847
3848
3849
3850
3851
3852
3853
3854
3855
3856
3857
3858
3859
3860
3861
3862
3863
3864
3865
3866
3867
3868
3869
3870
3871
3872
3873
3874
3875
3876
3877
3878
3879
3880
3881
3882
3883
3884
3885
3886
3887
3888
3889
3890
3891
3892
3893
3894
3895
3896
3897
3898
3899
3900
3901
3902
3903
3904
3905
3906
3907
3908
3909
3910
3911
3912
3913
3914
3915
3916
3917
3918
3919
3920
3921
3922
3923
3924
3925
3926
3927
3928
3929
3930
3931
3932
3933
3934
3935
3936
3937
3938
3939
3940
3941
3942
3943
3944
3945
3946
3947
3948
3949
3950
3951
3952
3953
3954
3955
3956
3957
3958
3959
3960
3961
3962
3963
3964
3965
3966
3967
3968
3969
3970
3971
3972
3973
3974
3975
3976
3977
3978
3979
3980
3981
3982
3983
3984
3985
3986
3987
3988
3989
3990
3991
3992
3993
3994
3995
3996
3997
3998
3999
4000
4001
4002
4003
4004
4005
4006
4007
4008
4009
4010
4011
4012
4013
4014
4015
4016
4017
4018
4019
4020
4021
4022
4023
4024
4025
4026
4027
4028
4029
4030
4031
4032
4033
4034
4035
4036
4037
4038
4039
4040
4041
4042
4043
4044
4045
4046
4047
4048
4049
4050
4051
4052
4053
4054
4055
4056
4057
4058
4059
4060
4061
4062
4063
4064
4065
4066
4067
4068
4069
4070
4071
4072
4073
4074
4075
4076
4077
4078
4079
4080
4081
4082
4083
4084
4085
4086
4087
4088
4089
4090
4091
4092
4093
4094
4095
4096
4097
4098
4099
4100
4101
4102
4103
4104
4105
4106
4107
4108
4109
4110
4111
4112
4113
4114
4115
4116
4117
4118
4119
4120
4121
4122
4123
4124
4125
4126
4127
4128
4129
4130
4131
4132
4133
4134
4135
4136
4137
4138
4139
4140
4141
4142
4143
4144
4145
4146
4147
4148
4149
4150
4151
4152
4153
4154
4155
4156
4157
4158
4159
4160
4161
4162
4163
4164
4165
4166
4167
4168
4169
4170
4171
4172
4173
4174
4175
4176
4177
4178
4179
4180
4181
4182
4183
4184
4185
4186
4187
4188
4189
4190
4191
4192
4193
4194
4195
4196
4197
4198
4199
4200
4201
4202
4203
4204
4205
4206
4207
4208
4209
4210
4211
4212
4213
4214
4215
4216
4217
4218
4219
4220
4221
4222
4223
4224
4225
4226
4227
4228
4229
4230
4231
4232
4233
4234
4235
4236
4237
4238
4239
4240
4241
4242
4243
4244
4245
4246
4247
4248
4249
4250
4251
4252
4253
4254
4255
4256
4257
4258
4259
4260
4261
4262
4263
4264
4265
4266
4267
4268
4269
4270
4271
4272
4273
4274
4275
4276
4277
4278
4279
4280
4281
4282
4283
4284
4285
4286
4287
4288
4289
4290
4291
4292
4293
4294
4295
4296
4297
4298
4299
4300
4301
4302
4303
4304
4305
4306
4307
4308
4309
4310
4311
4312
4313
4314
4315
4316
4317
4318
4319
4320
4321
4322
4323
4324
4325
4326
4327
4328
4329
4330
4331
4332
4333
4334
4335
4336
4337
4338
4339
4340
4341
4342
4343
4344
4345
4346
4347
4348
4349
4350
4351
4352
4353
4354
4355
4356
4357
4358
4359
4360
4361
4362
4363
4364
4365
4366
4367
4368
4369
4370
4371
4372
4373
4374
4375
4376
4377
4378
4379
4380
4381
4382
4383
4384
4385
4386
4387
4388
4389
4390
4391
4392
4393
4394
4395
4396
4397
4398
4399
4400
4401
4402
4403
4404
4405
4406
4407
4408
4409
4410
4411
4412
4413
4414
4415
4416
4417
4418
4419
4420
4421
4422
4423
4424
4425
4426
4427
4428
4429
4430
4431
4432
4433
4434
4435
4436
4437
4438
4439
4440
4441
4442
4443
4444
4445
4446
4447
4448
4449
4450
4451
4452
4453
4454
4455
4456
4457
4458
4459
4460
4461
4462
4463
4464
4465
4466
4467
4468
4469
4470
4471
4472
4473
4474
4475
4476
4477
4478
4479
4480
4481
4482
4483
4484
4485
4486
4487
4488
4489
4490
4491
4492
4493
4494
4495
4496
4497
4498
4499
4500
4501
4502
4503
4504
4505
4506
4507
4508
4509
4510
4511
4512
4513
4514
4515
4516
4517
4518
4519
4520
4521
4522
4523
4524
4525
4526
4527
4528
4529
4530
4531
4532
4533
4534
4535
4536
4537
4538
4539
4540
4541
4542
4543
4544
4545
4546
4547
4548
4549
4550
4551
4552
4553
4554
4555
4556
4557
4558
4559
4560
4561
4562
4563
4564
4565
4566
4567
4568
4569
4570
4571
4572
4573
4574
4575
4576
4577
4578
4579
4580
4581
4582
4583
4584
4585
4586
4587
4588
4589
4590
4591
4592
4593
4594
4595
4596
4597
4598
4599
4600
4601
4602
4603
4604
4605
4606
4607
4608
4609
4610
4611
4612
4613
4614
4615
4616
4617
4618
4619
4620
4621
4622
4623
4624
4625
4626
4627
4628
4629
4630
4631
4632
4633
4634
4635
4636
4637
4638
4639
4640
4641
4642
4643
4644
4645
4646
4647
4648
4649
4650
4651
4652
4653
4654
4655
4656
4657
4658
4659
4660
4661
4662
4663
4664
4665
4666
4667
4668
4669
4670
4671
4672
4673
4674
4675
4676
4677
4678
4679
4680
4681
4682
4683
4684
4685
4686
4687
4688
4689
4690
4691
4692
4693
4694
4695
4696
4697
4698
4699
4700
4701
4702
4703
4704
4705
4706
4707
4708
4709
4710
4711
4712
4713
4714
4715
4716
4717
4718
4719
4720
4721
4722
4723
4724
4725
4726
4727
4728
4729
4730
4731
4732
4733
4734
4735
4736
4737
4738
4739
4740
4741
4742
4743
4744
4745
4746
4747
4748
4749
4750
4751
4752
4753
4754
4755
4756
4757
4758
4759
4760
4761
4762
4763
4764
4765
4766
4767
4768
4769
4770
4771
4772
4773
4774
4775
4776
4777
4778
4779
4780
4781
4782
4783
4784
4785
4786
4787
4788
4789
4790
4791
4792
4793
4794
4795
4796
4797
4798
4799
4800
4801
4802
4803
4804
4805
4806
4807
4808
4809
4810
4811
4812
4813
4814
4815
4816
4817
4818
4819
4820
4821
4822
4823
4824
4825
4826
4827
4828
4829
4830
4831
4832
4833
4834
4835
4836
4837
4838
4839
4840
4841
4842
4843
4844
4845
4846
4847
4848
4849
4850
4851
4852
4853
4854
4855
4856
4857
4858
4859
4860
4861
4862
4863
4864
4865
4866
4867
4868
4869
4870
4871
4872
4873
4874
4875
4876
4877
4878
4879
4880
4881
4882
4883
4884
4885
4886
4887
4888
4889
4890
4891
4892
4893
4894
4895
4896
4897
4898
4899
4900
4901
4902
4903
4904
4905
4906
4907
4908
4909
4910
4911
4912
4913
4914
4915
4916
4917
4918
4919
4920
4921
4922
4923
4924
4925
4926
4927
4928
4929
4930
4931
4932
4933
4934
4935
4936
4937
4938
4939
4940
4941
4942
4943
4944
4945
4946
4947
4948
4949
4950
4951
4952
4953
4954
4955
4956
4957
4958
4959
4960
4961
4962
4963
4964
4965
4966
4967
4968
4969
4970
4971
4972
4973
4974
4975
4976
4977
4978
4979
4980
4981
4982
4983
4984
4985
4986
4987
4988
4989
4990
4991
4992
4993
4994
4995
4996
4997
4998
4999
5000
5001
5002
5003
5004
5005
5006
5007
5008
5009
5010
5011
5012
5013
5014
5015
5016
5017
5018
5019
5020
5021
5022
5023
5024
5025
5026
5027
5028
5029
5030
5031
5032
5033
5034
5035
5036
5037
5038
5039
5040
5041
0.001428571442854588 -0.09357142739013916 0
0.001428571442854732 -0.09214285598027742 0
0.001428571442854875 -0.09071428457041755 0
0.001428571442855019 -0.08928571316055492 0
0.001428571442855162 -0.08785714175069594 0
0.001428571442855306 -0.0864285703408324 0
0.00142857144285545 -0.08499999893097376 0
0.001428571442855593 -0.0835714275211108 0
0.001428571442855737 -0.08214285611125249 0
0.00142857144285588 -0.08071428470139462 0
0.001428571442856024 -0.07928571329153154 0
0.001428571442856168 -0.07785714188167292 0
0.001428571442856311 -0.07642857047180962 0
0.001428571442856455 -0.07499999906195041 0
0.001428571442856599 -0.07357142765208805 0
0.001428571442856742 -0.07214285624222794 0
0.001428571442856886 -0.07071428483236646 0
0.001428571442857029 -0.06928571342250542 0
0.001428571442857173 -0.06785714201264482 0
0.001428571442857317 -0.06642857060278294 0
0.00142857144285746 -0.06499999919292328 0
0.001428571442857604 -0.06357142778306051 0
0.001428571442857747 -0.06214285637320179 0
0.001428571442857891 -0.06071428496333831 0
0.001428571442858035 -0.05928571355348132 0
0.001428571442858179 -0.05785714214362205 0
0.001428571442858323 -0.05642857073376092 0
0.001428571442858466 -0.05499999932390207 0
0.00142857144285861 -0.05357142791404106 0
0.001428571442858754 -0.05214285650418003 0
0.001428571442858897 -0.05071428509431902 0
0.001428571442859041 -0.049285713684458 0
0.001428571442859184 -0.047857142274597 0
0.001428571442859328 -0.04642857086473603 0
0.001428571442859471 -0.04499999945487634 0
0.001428571442859615 -0.04357142804502367 0
0.001428571442859759 -0.0421428566351723 0
0.001428571442859902 -0.04071428522532095 0
0.001428571442860046 -0.03928571381546783 0
0.001428571442860189 -0.03785714240561403 0
0.001428571442860333 -0.03642857099576022 0
0.001428571442860477 -0.03499999958590641 0
0.00142857144286062 -0.03357142817605264 0
0.001428571442860764 -0.03214285676619884 0
0.001428571442860908 -0.03071428535634507 0
0.001428571442861051 -0.02928571394649133 0
0.001428571442861195 -0.02785714253663749 0
0.001428571442861338 -0.02642857112678423 0
0.001428571442861482 -0.02499999971693122 0
0.001428571442861626 -0.02357142830707743 0
0.001428571442861769 -0.02214285689722362 0
0.001428571442861913 -0.02071428548736982 0
0.001428571442862057 -0.01928571407751602 0
0.0014285714428622 -0.01785714266766222 0
0.001428571442862344 -0.0164285712578084 0
0.001428571442862488 -0.01499999984795458 0
0.001428571442862632 -0.0135714284381008 0
0.001428571442862775 -0.01214285702824699 0
0.001428571442862918 -0.01071428561839504 0
0.001428571442863062 -0.009285714208543161 0
0.001428571442863206 -0.007857142798689593 0
0.00142857144286335 -0.006428571388835692 0
0.001428571442863493 -0.00499999997898085 0
0.001428571442863637 -0.003571428569125854 0
0.00142857144286378 -0.002142857159270789 0
0.001428571442863924 -0.0007142857494162992 0
0.001428571442864067 0.0007142856604375417 0
0.001428571442864211 0.002142857070291378 0
0.001428571442864355 0.003571428480145752 0
0.002857142885709051 -0.09357142739013925 0
0.00285714288570925 -0.09214285598027755 0
0.002857142885709449 -0.09071428457041779 0
0.002857142885709645 -0.08928571316055529 0
0.002857142885709844 -0.08785714175069639 0
0.002857142885710043 -0.08642857034083294 0
0.00285714288571024 -0.08499999893097433 0
0.002857142885710439 -0.0835714275211115 0
0.002857142885710638 -0.08214285611125327 0
0.002857142885710835 -0.08071428470139547 0
0.002857142885711033 -0.07928571329153257 0
0.002857142885711232 -0.07785714188167403 0
0.00285714288571143 -0.07642857047181087 0
0.002857142885711627 -0.07499999906195179 0
0.002857142885711826 -0.07357142765208952 0
0.002857142885712024 -0.07214285624222949 0
0.002857142885712222 -0.07071428483236812 0
0.002857142885712421 -0.06928571342250721 0
0.002857142885712619 -0.06785714201264673 0
0.002857142885712816 -0.06642857060278494 0
0.002857142885713014 -0.06499999919292539 0
0.002857142885713213 -0.06357142778306273 0
0.002857142885713411 -0.06214285637320412 0
0.002857142885713609 -0.06071428496334081 0
0.002857142885713807 -0.05928571355348389 0
0.002857142885714006 -0.05785714214362468 0
0.002857142885714204 -0.05642857073376365 0
0.002857142885714402 -0.05499999932390489 0
0.0028571428857146 -0.05357142791404398 0
0.002857142885714798 -0.05214285650418306 0
0.002857142885714996 -0.05071428509432215 0
0.002857142885715195 -0.04928571368446125 0
0.002857142885715393 -0.04785714227460041 0
0.002857142885715591 -0.04642857086473955 0
0.002857142885715789 -0.04499999945487998 0
0.002857142885715988 -0.04357142804502721 0
0.002857142885716185 -0.04214285663517569 0
0.002857142885716383 -0.04071428522532421 0
0.002857142885716582 -0.03928571381547096 0
0.002857142885716779 -0.03785714240561706 0
0.002857142885716978 -0.03642857099576315 0
0.002857142885717176 -0.03499999958590924 0
0.002857142885717374 -0.03357142817605539 0
0.002857142885717572 -0.03214285676620149 0
0.002857142885717771 -0.03071428535634763 0
0.002857142885717969 -0.02928571394649383 0
0.002857142885718167 -0.02785714253663985 0
0.002857142885718365 -0.02642857112678652 0
0.002857142885718564 -0.02499999971693335 0
0.002857142885718761 -0.0235714283070795 0
0.002857142885718959 -0.02214285689722555 0
0.002857142885719157 -0.02071428548737166 0
0.002857142885719356 -0.01928571407751775 0
0.002857142885719554 -0.01785714266766382 0
0.002857142885719752 -0.01642857125780993 0
0.00285714288571995 -0.01499999984795598 0
0.002857142885720148 -0.01357142843810211 0
0.002857142885720347 -0.01214285702824817 0
0.002857142885720545 -0.01071428561839612 0
0.002857142885720742 -0.00928571420854408 0
0.002857142885720941 -0.007857142798690436 0
0.002857142885721139 -0.006428571388836479 0
0.002857142885721337 -0.004999999978981513 0
0.002857142885721535 -0.003571428569126465 0
0.002857142885721734 -0.002142857159271278 0
0.002857142885721932 -0.0007142857494167225 0
0.00285714288572213 0.0007142856604372486 0
0.002857142885722328 0.002142857070291174 0
0.002857142885722526 0.003571428480145655 0
0.004285714328563233 -0.09357142739013934 0
0.004285714328563516 -0.0921428559802777 0
0.004285714328563798 -0.09071428457041801 0
0.004285714328564079 -0.08928571316055564 0
0.004285714328564361 -0.08785714175069681 0
0.004285714328564644 -0.08642857034083341 0
0.004285714328564924 -0.08499999893097493 0
0.004285714328565207 -0.08357142752111221 0
0.004285714328565485 -0.08214285611125406 0
0.004285714328565768 -0.08071428470139631 0
0.00428571432856605 -0.07928571329153361 0
0.00428571432856633 -0.07785714188167518 0
0.004285714328566613 -0.07642857047181215 0
0.004285714328566895 -0.07499999906195308 0
0.004285714328567176 -0.073571427652091 0
0.004285714328567457 -0.07214285624223105 0
0.004285714328567738 -0.0707142848323698 0
0.00428571432856802 -0.06928571342250897 0
0.004285714328568301 -0.06785714201264861 0
0.004285714328568583 -0.06642857060278692 0
0.004285714328568865 -0.06499999919292744 0
0.004285714328569145 -0.06357142778306497 0
0.004285714328569426 -0.0621428563732065 0
0.004285714328569707 -0.06071428496334331 0
0.00428571432856999 -0.05928571355348643 0
0.004285714328570271 -0.05785714214362733 0
0.004285714328570554 -0.05642857073376639 0
0.004285714328570834 -0.0549999993239077 0
0.004285714328571117 -0.05357142791404691 0
0.004285714328571397 -0.0521428565041861 0
0.00428571432857168 -0.05071428509432528 0
0.004285714328571961 -0.04928571368446451 0
0.004285714328572242 -0.0478571422746038 0
0.004285714328572523 -0.04642857086474308 0
0.004285714328572804 -0.04499999945488362 0
0.004285714328573087 -0.04357142804503074 0
0.004285714328573368 -0.04214285663517909 0
0.00428571432857365 -0.04071428522532745 0
0.004285714328573931 -0.03928571381547409 0
0.004285714328574212 -0.03785714240562008 0
0.004285714328574493 -0.03642857099576606 0
0.004285714328574775 -0.03499999958591204 0
0.004285714328575056 -0.03357142817605813 0
0.004285714328575338 -0.03214285676620413 0
0.004285714328575619 -0.03071428535635018 0
0.0042857143285759 -0.02928571394649633 0
0.004285714328576183 -0.02785714253664221 0
0.004285714328576464 -0.0264285711267888 0
0.004285714328576746 -0.0249999997169355 0
0.004285714328577027 -0.02357142830708155 0
0.004285714328577307 -0.02214285689722748 0
0.00428571432857759 -0.02071428548737348 0
0.004285714328577871 -0.01928571407751948 0
0.004285714328578152 -0.01785714266766543 0
0.004285714328578436 -0.01642857125781145 0
0.004285714328578716 -0.01499999984795738 0
0.004285714328578997 -0.01357142843810343 0
0.004285714328579279 -0.01214285702824935 0
0.004285714328579561 -0.0107142856183972 0
0.004285714328579842 -0.009285714208544989 0
0.004285714328580124 -0.007857142798691291 0
0.004285714328580404 -0.006428571388837266 0
0.004285714328580687 -0.00499999997898218 0
0.004285714328580967 -0.003571428569127077 0
0.004285714328581249 -0.002142857159271767 0
0.00428571432858153 -0.0007142857494171441 0
0.004285714328581813 0.000714285660436955 0
0.004285714328582094 0.00214285707029097 0
0.004285714328582374 0.003571428480145558 0
0.005714285771417541 -0.09357142739013938 0
0.005714285771417969 -0.09214285598027785 0
0.005714285771418399 -0.09071428457041822 0
0.005714285771418826 -0.08928571316055603 0
0.005714285771419256 -0.08785714175069723 0
0.005714285771419684 -0.0864285703408339 0
0.005714285771420113 -0.08499999893097548 0
0.005714285771420543 -0.08357142752111291 0
0.005714285771420972 -0.08214285611125483 0
0.0057142857714214 -0.08071428470139712 0
0.005714285771421829 -0.07928571329153469 0
0.005714285771422257 -0.07785714188167628 0
0.005714285771422687 -0.0764285704718134 0
0.005714285771423118 -0.07499999906195443 0
0.005714285771423546 -0.07357142765209243 0
0.005714285771423975 -0.0721428562422326 0
0.005714285771424403 -0.07071428483237144 0
0.005714285771424833 -0.06928571342251075 0
0.005714285771425262 -0.0678571420126505 0
0.005714285771425692 -0.06642857060278889 0
0.00571428577142612 -0.06499999919292954 0
0.005714285771426549 -0.06357142778306726 0
0.005714285771426977 -0.06214285637320884 0
0.005714285771427406 -0.06071428496334583 0
0.005714285771427836 -0.05928571355348898 0
0.005714285771428266 -0.05785714214362996 0
0.005714285771428695 -0.05642857073376913 0
0.005714285771429123 -0.05499999932391052 0
0.00571428577142955 -0.05357142791404983 0
0.00571428577142998 -0.05214285650418912 0
0.00571428577143041 -0.05071428509432842 0
0.005714285771430839 -0.04928571368446775 0
0.005714285771431269 -0.04785714227460719 0
0.005714285771431698 -0.04642857086474662 0
0.005714285771432126 -0.04499999945488725 0
0.005714285771432554 -0.04357142804503429 0
0.005714285771432985 -0.04214285663518249 0
0.005714285771433413 -0.04071428522533071 0
0.005714285771433842 -0.03928571381547722 0
0.005714285771434272 -0.03785714240562313 0
0.0057142857714347 -0.03642857099576899 0
0.005714285771435129 -0.03499999958591486 0
0.005714285771435557 -0.03357142817606087 0
0.005714285771435986 -0.03214285676620673 0
0.005714285771436416 -0.03071428535635272 0
0.005714285771436846 -0.02928571394649885 0
0.005714285771437273 -0.02785714253664458 0
0.005714285771437703 -0.02642857112679108 0
0.005714285771438133 -0.02499999971693764 0
0.00571428577143856 -0.0235714283070836 0
0.00571428577143899 -0.02214285689722943 0
0.005714285771439419 -0.02071428548737532 0
0.005714285771439847 -0.01928571407752121 0
0.005714285771440277 -0.01785714266766706 0
0.005714285771440708 -0.01642857125781297 0
0.005714285771441136 -0.01499999984795877 0
0.005714285771441565 -0.01357142843810475 0
0.005714285771441993 -0.01214285702825053 0
0.005714285771442422 -0.01071428561839828 0
0.005714285771442853 -0.009285714208545903 0
0.00571428577144328 -0.007857142798692145 0
0.005714285771443709 -0.006428571388838048 0
0.005714285771444138 -0.004999999978982848 0
0.005714285771444567 -0.00357142856912769 0
0.005714285771444997 -0.002142857159272255 0
0.005714285771445426 -0.0007142857494175673 0
0.005714285771445855 0.0007142856604366614 0
0.005714285771446283 0.002142857070290765 0
0.005714285771446713 0.003571428480145462 0
0.007142857214272201 -0.09357142739013947 0
0.007142857214272721 -0.09214285598027798 0
0.007142857214273242 -0.09071428457041848 0
0.007142857214273764 -0.08928571316055636 0
0.007142857214274283 -0.08785714175069768 0
0.007142857214274804 -0.08642857034083443 0
0.007142857214275327 -0.0849999989309761 0
0.007142857214275847 -0.08357142752111363 0
0.007142857214276367 -0.08214285611125557 0
0.007142857214276889 -0.08071428470139798 0
0.007142857214277412 -0.07928571329153572 0
0.007142857214277932 -0.0778571418816774 0
0.007142857214278454 -0.07642857047181466 0
0.007142857214278975 -0.07499999906195579 0
0.007142857214279495 -0.07357142765209389 0
0.007142857214280016 -0.07214285624223415 0
0.007142857214280537 -0.07071428483237312 0
0.007142857214281058 -0.06928571342251254 0
0.00714285721428158 -0.06785714201265236 0
0.007142857214282101 -0.06642857060279091 0
0.007142857214282624 -0.0649999991929316 0
0.007142857214283142 -0.06357142778306954 0
0.007142857214283664 -0.06214285637321122 0
0.007142857214284186 -0.06071428496334833 0
0.007142857214284709 -0.05928571355349153 0
0.007142857214285227 -0.05785714214363256 0
0.007142857214285748 -0.05642857073377189 0
0.00714285721428627 -0.05499999932391333 0
0.00714285721428679 -0.05357142791405275 0
0.007142857214287312 -0.05214285650419215 0
0.007142857214287835 -0.05071428509433153 0
0.007142857214288353 -0.049285713684471 0
0.007142857214288876 -0.04785714227461057 0
0.007142857214289395 -0.04642857086475016 0
0.00714285721428992 -0.04499999945489089 0
0.00714285721429044 -0.04357142804503782 0
0.00714285721429096 -0.04214285663518588 0
0.007142857214291482 -0.04071428522533396 0
0.007142857214292002 -0.03928571381548036 0
0.007142857214292525 -0.03785714240562615 0
0.007142857214293045 -0.03642857099577192 0
0.007142857214293565 -0.03499999958591768 0
0.007142857214294086 -0.03357142817606361 0
0.007142857214294607 -0.03214285676620937 0
0.007142857214295129 -0.03071428535635529 0
0.007142857214295651 -0.02928571394650135 0
0.007142857214296171 -0.02785714253664694 0
0.007142857214296693 -0.02642857112679337 0
0.007142857214297214 -0.02499999971693977 0
0.007142857214297737 -0.02357142830708565 0
0.007142857214298257 -0.02214285689723135 0
0.007142857214298776 -0.02071428548737716 0
0.007142857214299297 -0.01928571407752293 0
0.007142857214299817 -0.01785714266766867 0
0.007142857214300342 -0.01642857125781449 0
0.007142857214300862 -0.01499999984796017 0
0.007142857214301383 -0.01357142843810606 0
0.007142857214301902 -0.0121428570282517 0
0.007142857214302424 -0.01071428561839936 0
0.007142857214302946 -0.009285714208546819 0
0.007142857214303467 -0.007857142798692993 0
0.007142857214303988 -0.006428571388838838 0
0.007142857214304509 -0.004999999978983513 0
0.007142857214305031 -0.003571428569128302 0
0.007142857214305552 -0.002142857159272742 0
0.007142857214306072 -0.0007142857494179889 0
0.007142857214306593 0.0007142856604363686 0
0.007142857214307114 0.00214285707029056 0
0.007142857214307637 0.003571428480145367 0
0.008571428657127152 -0.09357142739013954 0
0.008571428657127709 -0.09214285598027812 0
0.008571428657128259 -0.09071428457041872 0
0.008571428657128814 -0.08928571316055675 0
0.008571428657129367 -0.08785714175069811 0
0.008571428657129926 -0.08642857034083491 0
0.008571428657130476 -0.08499999893097664 0
0.008571428657131031 -0.08357142752111435 0
0.008571428657131588 -0.08214285611125638 0
0.008571428657132139 -0.08071428470139885 0
0.008571428657132694 -0.07928571329153677 0
0.008571428657133248 -0.07785714188167851 0
0.008571428657133803 -0.07642857047181593 0
0.008571428657134356 -0.07499999906195709 0
0.008571428657134911 -0.07357142765209537 0
0.008571428657135461 -0.07214285624223571 0
0.008571428657136018 -0.07071428483237477 0
0.008571428657136573 -0.0692857134225143 0
0.008571428657137128 -0.06785714201265422 0
0.008571428657137682 -0.06642857060279291 0
0.008571428657138235 -0.06499999919293371 0
0.008571428657138789 -0.06357142778307179 0
0.008571428657139344 -0.0621428563732136 0
0.008571428657139895 -0.06071428496335083 0
0.008571428657140452 -0.05928571355349409 0
0.008571428657141006 -0.05785714214363521 0
0.008571428657141561 -0.05642857073377464 0
0.008571428657142112 -0.05499999932391616 0
0.008571428657142667 -0.05357142791405566 0
0.008571428657143224 -0.05214285650419517 0
0.008571428657143774 -0.05071428509433469 0
0.008571428657144329 -0.04928571368447425 0
0.008571428657144886 -0.04785714227461396 0
0.008571428657145438 -0.04642857086475369 0
0.008571428657145993 -0.04499999945489453 0
0.008571428657146546 -0.04357142804504134 0
0.008571428657147098 -0.04214285663518925 0
0.008571428657147658 -0.0407142852253372 0
0.00857142865714821 -0.03928571381548351 0
0.008571428657148763 -0.03785714240562917 0
0.008571428657149315 -0.03642857099577482 0
0.008571428657149872 -0.03499999958592051 0
0.008571428657150423 -0.03357142817606636 0
0.00857142865715098 -0.03214285676621201 0
0.008571428657151534 -0.03071428535635784 0
0.008571428657152087 -0.02928571394650385 0
0.008571428657152639 -0.02785714253664931 0
0.008571428657153194 -0.02642857112679565 0
0.008571428657153749 -0.02499999971694192 0
0.0085714286571543 -0.02357142830708771 0
0.008571428657154856 -0.02214285689723328 0
0.008571428657155412 -0.02071428548737899 0
0.008571428657155968 -0.01928571407752466 0
0.008571428657156517 -0.01785714266767028 0
0.008571428657157073 -0.01642857125781601 0
0.008571428657157629 -0.01499999984796157 0
0.008571428657158179 -0.01357142843810738 0
0.008571428657158736 -0.01214285702825288 0
0.00857142865715929 -0.01071428561840044 0
0.008571428657159841 -0.009285714208547739 0
0.008571428657160398 -0.007857142798693846 0
0.008571428657160951 -0.006428571388839623 0
0.008571428657161506 -0.004999999978984177 0
0.008571428657162058 -0.003571428569128914 0
0.008571428657162613 -0.002142857159273232 0
0.008571428657163165 -0.0007142857494184113 0
0.00857142865716372 0.0007142856604360759 0
0.008571428657164277 0.002142857070290355 0
0.00857142865716483 0.00357142848014527 0
0.01000000009998176 -0.0935714273901396 0
0.01000000009998246 -0.09214285598027826 0
0.01000000009998316 -0.09071428457041894 0
0.01000000009998385 -0.08928571316055707 0
0.01000000009998455 -0.08785714175069857 0
0.01000000009998524 -0.08642857034083543 0
0.01000000009998594 -0.08499999893097721 0
0.01000000009998664 -0.08357142752111503 0
0.01000000009998733 -0.08214285611125716 0
0.01000000009998803 -0.08071428470139967 0
0.01000000009998873 -0.0792857132915378 0
0.01000000009998942 -0.07785714188167962 0
0.01000000009999012 -0.07642857047181717 0
0.01000000009999082 -0.07499999906195844 0
0.01000000009999151 -0.07357142765209684 0
0.01000000009999221 -0.07214285624223726 0
0.01000000009999291 -0.07071428483237643 0
0.0100000000999936 -0.06928571342251609 0
0.0100000000999943 -0.06785714201265611 0
0.01000000009999499 -0.0664285706027949 0
0.01000000009999569 -0.06499999919293577 0
0.01000000009999639 -0.06357142778307404 0
0.01000000009999708 -0.06214285637321592 0
0.01000000009999778 -0.06071428496335332 0
0.01000000009999848 -0.05928571355349663 0
0.01000000009999917 -0.05785714214363785 0
0.01000000009999987 -0.05642857073377736 0
0.01000000010000057 -0.05499999932391897 0
0.01000000010000126 -0.05357142791405859 0
0.01000000010000196 -0.05214285650419821 0
0.01000000010000265 -0.05071428509433782 0
0.01000000010000335 -0.04928571368447751 0
0.01000000010000405 -0.04785714227461738 0
0.01000000010000474 -0.04642857086475723 0
0.01000000010000544 -0.04499999945489817 0
0.01000000010000614 -0.04357142804504489 0
0.01000000010000683 -0.04214285663519267 0
0.01000000010000753 -0.04071428522534044 0
0.01000000010000823 -0.03928571381548664 0
0.01000000010000892 -0.0378571424056322 0
0.01000000010000962 -0.03642857099577775 0
0.01000000010001031 -0.03499999958592331 0
0.01000000010001101 -0.0335714281760691 0
0.01000000010001171 -0.03214285676621464 0
0.0100000001000124 -0.03071428535636039 0
0.0100000001000131 -0.02928571394650635 0
0.0100000001000138 -0.02785714253665167 0
0.01000000010001449 -0.02642857112679794 0
0.01000000010001519 -0.02499999971694405 0
0.01000000010001589 -0.02357142830708976 0
0.01000000010001659 -0.02214285689723522 0
0.01000000010001728 -0.02071428548738082 0
0.01000000010001798 -0.01928571407752639 0
0.01000000010001867 -0.0178571426676719 0
0.01000000010001937 -0.01642857125781753 0
0.01000000010002006 -0.01499999984796296 0
0.01000000010002076 -0.0135714284381087 0
0.01000000010002146 -0.01214285702825406 0
0.01000000010002215 -0.01071428561840152 0
0.01000000010002285 -0.009285714208548649 0
0.01000000010002355 -0.007857142798694695 0
0.01000000010002424 -0.006428571388840405 0
0.01000000010002494 -0.004999999978984844 0
0.01000000010002564 -0.003571428569129522 0
0.01000000010002633 -0.002142857159273721 0
0.01000000010002703 -0.0007142857494188337 0
0.01000000010002772 0.0007142856604357823 0
0.01000000010002842 0.002142857070290151 0
0.01000000010002912 0.003571428480145174 0
0.0114285715428369 -0.09357142739013966 0
0.0114285715428377 -0.09214285598027842 0
0.01142857154283851 -0.09071428457041916 0
0.01142857154283932 -0.08928571316055747 0
0.01142857154284012 -0.08785714175069895 0
0.01142857154284093 -0.08642857034083591 0
0.01142857154284174 -0.08499999893097776 0
0.01142857154284255 -0.08357142752111574 0
0.01142857154284336 -0.08214285611125789 0
0.01142857154284416 -0.08071428470140052 0
0.01142857154284497 -0.07928571329153887 0
0.01142857154284577 -0.07785714188168077 0
0.01142857154284658 -0.07642857047181842 0
0.01142857154284739 -0.0749999990619598 0
0.0114285715428482 -0.07357142765209831 0
0.01142857154284901 -0.07214285624223883 0
0.01142857154284981 -0.0707142848323781 0
0.01142857154285062 -0.06928571342251787 0
0.01142857154285143 -0.06785714201265799 0
0.01142857154285223 -0.06642857060279689 0
0.01142857154285304 -0.06499999919293788 0
0.01142857154285385 -0.0635714277830763 0
0.01142857154285466 -0.06214285637321833 0
0.01142857154285546 -0.06071428496335585 0
0.01142857154285627 -0.05928571355349919 0
0.01142857154285707 -0.05785714214364047 0
0.01142857154285788 -0.05642857073378011 0
0.01142857154285869 -0.05499999932392179 0
0.0114285715428595 -0.0535714279140615 0
0.0114285715428603 -0.05214285650420124 0
0.01142857154286111 -0.05071428509434095 0
0.01142857154286192 -0.04928571368448074 0
0.01142857154286273 -0.04785714227462076 0
0.01142857154286353 -0.04642857086476076 0
0.01142857154286434 -0.0449999994549018 0
0.01142857154286515 -0.04357142804504843 0
0.01142857154286596 -0.04214285663519605 0
0.01142857154286676 -0.0407142852253437 0
0.01142857154286757 -0.03928571381548976 0
0.01142857154286837 -0.03785714240563523 0
0.01142857154286918 -0.03642857099578067 0
0.01142857154286999 -0.03499999958592613 0
0.0114285715428708 -0.03357142817607183 0
0.0114285715428716 -0.03214285676621728 0
0.01142857154287241 -0.03071428535636295 0
0.01142857154287322 -0.02928571394650886 0
0.01142857154287403 -0.02785714253665403 0
0.01142857154287483 -0.02642857112680021 0
0.01142857154287564 -0.0249999997169462 0
0.01142857154287645 -0.02357142830709181 0
0.01142857154287726 -0.02214285689723716 0
0.01142857154287806 -0.02071428548738266 0
0.01142857154287887 -0.01928571407752812 0
0.01142857154287968 -0.01785714266767351 0
0.01142857154288048 -0.01642857125781906 0
0.01142857154288129 -0.01499999984796436 0
0.0114285715428821 -0.01357142843811001 0
0.0114285715428829 -0.01214285702825523 0
0.01142857154288371 -0.0107142856184026 0
0.01142857154288452 -0.009285714208549564 0
0.01142857154288533 -0.007857142798695543 0
0.01142857154288613 -0.006428571388841192 0
0.01142857154288694 -0.004999999978985512 0
0.01142857154288775 -0.003571428569130139 0
0.01142857154288855 -0.002142857159274208 0
0.01142857154288936 -0.000714285749419257 0
0.01142857154289017 0.0007142856604354887 0
0.01142857154289097 0.002142857070289947 0
0.01142857154289179 0.003571428480145077 0
0.01285714298569086 -0.09357142739013974 0
0.01285714298569169 -0.09214285598027856 0
0.01285714298569252 -0.09071428457041938 0
0.01285714298569335 -0.08928571316055781 0
0.01285714298569418 -0.08785714175069939 0
0.01285714298569501 -0.08642857034083645 0
0.01285714298569584 -0.08499999893097837 0
0.01285714298569668 -0.08357142752111645 0
0.0128571429856975 -0.08214285611125868 0
0.01285714298569833 -0.08071428470140136 0
0.01285714298569917 -0.07928571329153992 0
0.0128571429857 -0.0778571418816819 0
0.01285714298570083 -0.0764285704718197 0
0.01285714298570166 -0.07499999906196114 0
0.01285714298570249 -0.07357142765209974 0
0.01285714298570332 -0.07214285624224037 0
0.01285714298570415 -0.07071428483237979 0
0.01285714298570498 -0.06928571342251964 0
0.01285714298570581 -0.06785714201265985 0
0.01285714298570664 -0.06642857060279889 0
0.01285714298570748 -0.06499999919293993 0
0.01285714298570831 -0.06357142778307857 0
0.01285714298570914 -0.06214285637322069 0
0.01285714298570996 -0.06071428496335834 0
0.0128571429857108 -0.05928571355350174 0
0.01285714298571163 -0.05785714214364311 0
0.01285714298571246 -0.05642857073378285 0
0.01285714298571329 -0.0549999993239246 0
0.01285714298571412 -0.05357142791406443 0
0.01285714298571495 -0.05214285650420428 0
0.01285714298571578 -0.05071428509434409 0
0.01285714298571661 -0.04928571368448402 0
0.01285714298571744 -0.04785714227462415 0
0.01285714298571827 -0.0464285708647643 0
0.0128571429857191 -0.04499999945490545 0
0.01285714298571993 -0.04357142804505194 0
0.01285714298572077 -0.04214285663519943 0
0.0128571429857216 -0.04071428522534696 0
0.01285714298572243 -0.03928571381549289 0
0.01285714298572326 -0.03785714240563826 0
0.01285714298572409 -0.0364285709957836 0
0.01285714298572492 -0.03499999958592894 0
0.01285714298572575 -0.03357142817607457 0
0.01285714298572658 -0.03214285676621992 0
0.01285714298572741 -0.03071428535636549 0
0.01285714298572824 -0.02928571394651136 0
0.01285714298572907 -0.0278571425366564 0
0.01285714298572991 -0.02642857112680251 0
0.01285714298573074 -0.02499999971694833 0
0.01285714298573157 -0.02357142830709386 0
0.0128571429857324 -0.02214285689723909 0
0.01285714298573323 -0.02071428548738449 0
0.01285714298573406 -0.01928571407752984 0
0.01285714298573489 -0.01785714266767513 0
0.01285714298573572 -0.01642857125782059 0
0.01285714298573655 -0.01499999984796575 0
0.01285714298573738 -0.01357142843811133 0
0.01285714298573821 -0.01214285702825641 0
0.01285714298573904 -0.01071428561840368 0
0.01285714298573987 -0.009285714208550478 0
0.0128571429857407 -0.007857142798696398 0
0.01285714298574154 -0.006428571388841977 0
0.01285714298574236 -0.004999999978986177 0
0.01285714298574319 -0.003571428569130747 0
0.01285714298574403 -0.002142857159274696 0
0.01285714298574486 -0.0007142857494196785 0
0.01285714298574568 0.0007142856604351959 0
0.01285714298574652 0.002142857070289742 0
0.01285714298574735 0.003571428480144982 0
0.01428571442854417 -0.09357142739013984 0
0.01428571442854508 -0.0921428559802787 0
0.01428571442854599 -0.09071428457041961 0
0.0142857144285469 -0.08928571316055818 0
0.01428571442854781 -0.08785714175069985 0
0.01428571442854873 -0.08642857034083692 0
0.01428571442854963 -0.08499999893097894 0
0.01428571442855054 -0.08357142752111714 0
0.01428571442855145 -0.08214285611125945 0
0.01428571442855237 -0.08071428470140223 0
0.01428571442855328 -0.07928571329154098 0
0.01428571442855419 -0.07785714188168301 0
0.0142857144285551 -0.07642857047182096 0
0.01428571442855601 -0.07499999906196246 0
0.01428571442855692 -0.07357142765210122 0
0.01428571442855783 -0.07214285624224194 0
0.01428571442855874 -0.07071428483238147 0
0.01428571442855965 -0.06928571342252139 0
0.01428571442856057 -0.06785714201266171 0
0.01428571442856148 -0.06642857060280088 0
0.01428571442856239 -0.064999999192942 0
0.0142857144285633 -0.06357142778308081 0
0.01428571442856421 -0.06214285637322304 0
0.01428571442856512 -0.06071428496336085 0
0.01428571442856603 -0.05928571355350431 0
0.01428571442856694 -0.05785714214364576 0
0.01428571442856785 -0.0564285707337856 0
0.01428571442856876 -0.05499999932392741 0
0.01428571442856968 -0.05357142791406735 0
0.01428571442857059 -0.0521428565042073 0
0.0142857144285715 -0.05071428509434722 0
0.01428571442857241 -0.04928571368448726 0
0.01428571442857332 -0.04785714227462754 0
0.01428571442857423 -0.04642857086476784 0
0.01428571442857514 -0.04499999945490909 0
0.01428571442857605 -0.04357142804505549 0
0.01428571442857697 -0.04214285663520283 0
0.01428571442857788 -0.04071428522535019 0
0.01428571442857879 -0.03928571381549603 0
0.01428571442857969 -0.03785714240564128 0
0.01428571442858061 -0.03642857099578652 0
0.01428571442858152 -0.03499999958593174 0
0.01428571442858243 -0.03357142817607732 0
0.01428571442858334 -0.03214285676622256 0
0.01428571442858425 -0.03071428535636804 0
0.01428571442858516 -0.02928571394651387 0
0.01428571442858607 -0.02785714253665877 0
0.01428571442858698 -0.02642857112680478 0
0.0142857144285879 -0.02499999971695047 0
0.01428571442858881 -0.02357142830709592 0
0.01428571442858972 -0.02214285689724102 0
0.01428571442859063 -0.02071428548738632 0
0.01428571442859154 -0.01928571407753158 0
0.01428571442859245 -0.01785714266767675 0
0.01428571442859337 -0.0164285712578221 0
0.01428571442859427 -0.01499999984796715 0
0.01428571442859519 -0.01357142843811264 0
0.0142857144285961 -0.01214285702825759 0
0.01428571442859701 -0.01071428561840475 0
0.01428571442859792 -0.009285714208551395 0
0.01428571442859883 -0.007857142798697245 0
0.01428571442859974 -0.006428571388842761 0
0.01428571442860065 -0.004999999978986843 0
0.01428571442860156 -0.003571428569131362 0
0.01428571442860248 -0.002142857159275185 0
0.01428571442860339 -0.0007142857494201009 0
0.01428571442860429 0.0007142856604349032 0
0.01428571442860521 0.002142857070289538 0
0.01428571442860612 0.003571428480144884 0
0.01571428587139722 -0.09357142739013988 0
0.0157142858713983 -0.09214285598027883 0
0.01571428587139937 -0.09071428457041987 0
0.01571428587140045 -0.08928571316055854 0
0.01571428587140153 -0.08785714175070025 0
0.01571428587140261 -0.08642857034083742 0
0.01571428587140368 -0.0849999989309795 0
0.01571428587140476 -0.08357142752111787 0
0.01571428587140583 -0.08214285611126022 0
0.01571428587140691 -0.08071428470140307 0
0.01571428587140799 -0.07928571329154203 0
0.01571428587140907 -0.07785714188168411 0
0.01571428587141014 -0.07642857047182222 0
0.01571428587141122 -0.07499999906196381 0
0.01571428587141229 -0.0735714276521027 0
0.01571428587141338 -0.07214285624224348 0
0.01571428587141445 -0.07071428483238314 0
0.01571428587141553 -0.0692857134225232 0
0.0157142858714166 -0.0678571420126636 0
0.01571428587141769 -0.06642857060280291 0
0.01571428587141876 -0.06499999919294409 0
0.01571428587141984 -0.06357142778308307 0
0.01571428587142091 -0.0621428563732254 0
0.01571428587142199 -0.06071428496336335 0
0.01571428587142306 -0.05928571355350686 0
0.01571428587142415 -0.0578571421436484 0
0.01571428587142522 -0.05642857073378834 0
0.0157142858714263 -0.05499999932393023 0
0.01571428587142737 -0.05357142791407028 0
0.01571428587142846 -0.05214285650421033 0
0.01571428587142953 -0.05071428509435036 0
0.01571428587143061 -0.04928571368449051 0
0.01571428587143168 -0.04785714227463094 0
0.01571428587143276 -0.04642857086477136 0
0.01571428587143383 -0.04499999945491273 0
0.01571428587143492 -0.04357142804505902 0
0.01571428587143599 -0.04214285663520621 0
0.01571428587143707 -0.04071428522535346 0
0.01571428587143814 -0.03928571381549917 0
0.01571428587143922 -0.03785714240564431 0
0.0157142858714403 -0.03642857099578943 0
0.01571428587144138 -0.03499999958593458 0
0.01571428587144245 -0.03357142817608007 0
0.01571428587144353 -0.0321428567662252 0
0.0157142858714446 -0.03071428535637059 0
0.01571428587144568 -0.02928571394651638 0
0.01571428587144676 -0.02785714253666113 0
0.01571428587144784 -0.02642857112680707 0
0.01571428587144891 -0.0249999997169526 0
0.01571428587144999 -0.02357142830709797 0
0.01571428587145107 -0.02214285689724296 0
0.01571428587145214 -0.02071428548738816 0
0.01571428587145322 -0.0192857140775333 0
0.0157142858714543 -0.01785714266767835 0
0.01571428587145538 -0.01642857125782363 0
0.01571428587145645 -0.01499999984796854 0
0.01571428587145753 -0.01357142843811396 0
0.0157142858714586 -0.01214285702825877 0
0.01571428587145968 -0.01071428561840584 0
0.01571428587146076 -0.009285714208552308 0
0.01571428587146183 -0.007857142798698098 0
0.01571428587146291 -0.006428571388843549 0
0.01571428587146399 -0.004999999978987508 0
0.01571428587146506 -0.003571428569131973 0
0.01571428587146615 -0.002142857159275673 0
0.01571428587146722 -0.0007142857494205224 0
0.0157142858714683 0.00071428566043461 0
0.01571428587146937 0.002142857070289334 0
0.01571428587147046 0.003571428480144789 0
0.01714285731425057 -0.09357142739013995 0
0.01714285731425177 -0.09214285598027898 0
0.01714285731425298 -0.09071428457042012 0
0.01714285731425418 -0.0892857131605589 0
0.01714285731425538 -0.08785714175070067 0
0.01714285731425658 -0.08642857034083795 0
0.01714285731425778 -0.08499999893098009 0
0.01714285731425898 -0.08357142752111857 0
0.01714285731426018 -0.08214285611126099 0
0.01714285731426139 -0.0807142847014039 0
0.01714285731426259 -0.07928571329154308 0
0.01714285731426379 -0.07785714188168522 0
0.01714285731426499 -0.07642857047182347 0
0.01714285731426619 -0.07499999906196515 0
0.01714285731426739 -0.07357142765210414 0
0.01714285731426859 -0.07214285624224503 0
0.0171428573142698 -0.07071428483238479 0
0.017142857314271 -0.06928571342252499 0
0.0171428573142722 -0.06785714201266549 0
0.0171428573142734 -0.06642857060280487 0
0.0171428573142746 -0.06499999919294618 0
0.01714285731427581 -0.06357142778308536 0
0.017142857314277 -0.06214285637322776 0
0.01714285731427821 -0.06071428496336588 0
0.01714285731427941 -0.05928571355350942 0
0.01714285731428061 -0.05785714214365102 0
0.01714285731428181 -0.05642857073379106 0
0.01714285731428301 -0.05499999932393304 0
0.01714285731428421 -0.0535714279140732 0
0.01714285731428542 -0.05214285650421337 0
0.01714285731428661 -0.05071428509435349 0
0.01714285731428782 -0.04928571368449376 0
0.01714285731428902 -0.04785714227463433 0
0.01714285731429022 -0.04642857086477489 0
0.01714285731429142 -0.04499999945491637 0
0.01714285731429262 -0.04357142804506254 0
0.01714285731429382 -0.04214285663520963 0
0.01714285731429503 -0.04071428522535672 0
0.01714285731429623 -0.0392857138155023 0
0.01714285731429743 -0.03785714240564734 0
0.01714285731429863 -0.03642857099579237 0
0.01714285731429983 -0.03499999958593738 0
0.01714285731430104 -0.03357142817608279 0
0.01714285731430223 -0.03214285676622783 0
0.01714285731430344 -0.03071428535637315 0
0.01714285731430464 -0.02928571394651888 0
0.01714285731430584 -0.02785714253666349 0
0.01714285731430704 -0.02642857112680935 0
0.01714285731430824 -0.02499999971695475 0
0.01714285731430944 -0.02357142830710002 0
0.01714285731431065 -0.02214285689724488 0
0.01714285731431185 -0.02071428548739 0
0.01714285731431305 -0.01928571407753503 0
0.01714285731431425 -0.01785714266767998 0
0.01714285731431545 -0.01642857125782515 0
0.01714285731431665 -0.01499999984796994 0
0.01714285731431786 -0.01357142843811528 0
0.01714285731431906 -0.01214285702825994 0
0.01714285731432026 -0.01071428561840692 0
0.01714285731432146 -0.009285714208553222 0
0.01714285731432266 -0.007857142798698948 0
0.01714285731432386 -0.006428571388844333 0
0.01714285731432506 -0.004999999978988175 0
0.01714285731432626 -0.003571428569132586 0
0.01714285731432746 -0.002142857159276161 0
0.01714285731432866 -0.0007142857494209466 0
0.01714285731432987 0.000714285660434316 0
0.01714285731433107 0.002142857070289128 0
0.01714285731433227 0.003571428480144692 0
0.01857142875710318 -0.09357142739014002 0
0.01857142875710445 -0.09214285598027912 0
0.01857142875710571 -0.09071428457042033 0
0.01857142875710697 -0.08928571316055924 0
0.01857142875710823 -0.08785714175070111 0
0.01857142875710949 -0.08642857034083842 0
0.01857142875711076 -0.08499999893098065 0
0.01857142875711203 -0.0835714275211193 0
0.01857142875711329 -0.08214285611126176 0
0.01857142875711455 -0.08071428470140472 0
0.0185714287571158 -0.07928571329154412 0
0.01857142875711706 -0.07785714188168633 0
0.01857142875711833 -0.07642857047182473 0
0.0185714287571196 -0.07499999906196649 0
0.01857142875712086 -0.07357142765210561 0
0.01857142875712212 -0.07214285624224662 0
0.01857142875712339 -0.0707142848323865 0
0.01857142875712464 -0.06928571342252675 0
0.01857142875712591 -0.06785714201266738 0
0.01857142875712717 -0.06642857060280691 0
0.01857142875712844 -0.06499999919294826 0
0.01857142875712969 -0.06357142778308761 0
0.01857142875713096 -0.06214285637323013 0
0.01857142875713222 -0.06071428496336836 0
0.01857142875713348 -0.05928571355351197 0
0.01857142875713474 -0.05785714214365366 0
0.01857142875713601 -0.05642857073379381 0
0.01857142875713727 -0.05499999932393586 0
0.01857142875713853 -0.05357142791407613 0
0.0185714287571398 -0.05214285650421638 0
0.01857142875714106 -0.05071428509435662 0
0.01857142875714232 -0.049285713684497 0
0.01857142875714358 -0.04785714227463772 0
0.01857142875714485 -0.04642857086477842 0
0.01857142875714611 -0.04499999945492 0
0.01857142875714737 -0.04357142804506608 0
0.01857142875714864 -0.04214285663521302 0
0.0185714287571499 -0.04071428522535996 0
0.01857142875715116 -0.03928571381550544 0
0.01857142875715243 -0.03785714240565038 0
0.01857142875715369 -0.03642857099579529 0
0.01857142875715495 -0.03499999958594021 0
0.01857142875715622 -0.03357142817608555 0
0.01857142875715748 -0.03214285676623044 0
0.01857142875715874 -0.0307142853563757 0
0.01857142875716 -0.02928571394652139 0
0.01857142875716127 -0.02785714253666586 0
0.01857142875716253 -0.02642857112681163 0
0.01857142875716379 -0.0249999997169569 0
0.01857142875716506 -0.02357142830710207 0
0.01857142875716632 -0.02214285689724682 0
0.01857142875716758 -0.02071428548739183 0
0.01857142875716884 -0.01928571407753675 0
0.01857142875717011 -0.01785714266768159 0
0.01857142875717137 -0.01642857125782666 0
0.01857142875717263 -0.01499999984797134 0
0.0185714287571739 -0.0135714284381166 0
0.01857142875717516 -0.01214285702826111 0
0.01857142875717642 -0.01071428561840799 0
0.01857142875717768 -0.009285714208554134 0
0.01857142875717895 -0.007857142798699798 0
0.01857142875718021 -0.006428571388845117 0
0.01857142875718147 -0.004999999978988842 0
0.01857142875718273 -0.003571428569133198 0
0.018571428757184 -0.002142857159276649 0
0.01857142875718526 -0.0007142857494213685 0
0.01857142875718652 0.0007142856604340237 0
0.01857142875718779 0.002142857070288925 0
0.01857142875718905 0.003571428480144597 0
0.02000000019995616 -0.0935714273901401 0
0.02000000019995758 -0.09214285598027924 0
0.020000000199959 -0.09071428457042055 0
0.02000000019996042 -0.08928571316055964 0
0.02000000019996184 -0.08785714175070157 0
0.02000000019996326 -0.08642857034083894 0
0.02000000019996469 -0.08499999893098122 0
0.0200000001999661 -0.08357142752111997 0
0.02000000019996752 -0.08214285611126253 0
0.02000000019996895 -0.0807142847014056 0
0.02000000019997036 -0.07928571329154513 0
0.02000000019997179 -0.07785714188168746 0
0.02000000019997321 -0.07642857047182597 0
0.02000000019997462 -0.07499999906196782 0
0.02000000019997604 -0.07357142765210707 0
0.02000000019997747 -0.07214285624224817 0
0.02000000019997889 -0.07071428483238815 0
0.02000000019998031 -0.06928571342252852 0
0.02000000019998173 -0.06785714201266924 0
0.02000000019998315 -0.06642857060280885 0
0.02000000019998457 -0.06499999919295033 0
0.02000000019998599 -0.06357142778308983 0
0.02000000019998741 -0.06214285637323248 0
0.02000000019998883 -0.06071428496337086 0
0.02000000019999026 -0.05928571355351452 0
0.02000000019999167 -0.05785714214365629 0
0.02000000019999309 -0.05642857073379656 0
0.02000000019999451 -0.05499999932393868 0
0.02000000019999594 -0.05357142791407906 0
0.02000000019999736 -0.05214285650421941 0
0.02000000019999878 -0.05071428509435975 0
0.02000000020000019 -0.04928571368450026 0
0.02000000020000162 -0.0478571422746411 0
0.02000000020000304 -0.04642857086478196 0
0.02000000020000445 -0.04499999945492363 0
0.02000000020000588 -0.04357142804506962 0
0.02000000020000729 -0.0421428566352164 0
0.02000000020000872 -0.04071428522536321 0
0.02000000020001014 -0.03928571381550858 0
0.02000000020001156 -0.03785714240565341 0
0.02000000020001298 -0.03642857099579819 0
0.0200000002000144 -0.03499999958594301 0
0.02000000020001582 -0.03357142817608828 0
0.02000000020001724 -0.0321428567662331 0
0.02000000020001866 -0.03071428535637825 0
0.02000000020002008 -0.0292857139465239 0
0.0200000002000215 -0.02785714253666821 0
0.02000000020002292 -0.02642857112681392 0
0.02000000020002434 -0.02499999971695903 0
0.02000000020002576 -0.02357142830710412 0
0.02000000020002718 -0.02214285689724875 0
0.02000000020002861 -0.02071428548739366 0
0.02000000020003002 -0.01928571407753848 0
0.02000000020003144 -0.0178571426676832 0
0.02000000020003287 -0.01642857125782819 0
0.02000000020003428 -0.01499999984797273 0
0.02000000020003571 -0.01357142843811791 0
0.02000000020003713 -0.0121428570282623 0
0.02000000020003855 -0.01071428561840907 0
0.02000000020003997 -0.009285714208555049 0
0.02000000020004139 -0.007857142798700652 0
0.02000000020004281 -0.006428571388845906 0
0.02000000020004423 -0.004999999978989507 0
0.02000000020004565 -0.003571428569133809 0
0.02000000020004707 -0.002142857159277139 0
0.02000000020004849 -0.000714285749421791 0
0.02000000020004991 0.0007142856604337301 0
0.02000000020005133 0.002142857070288719 0
0.02000000020005275 0.003571428480144499 0
0.02142857164280927 -0.09357142739014015 0
0.02142857164281084 -0.09214285598027935 0
0.02142857164281241 -0.09071428457042079 0
0.02142857164281398 -0.08928571316055998 0
0.02142857164281554 -0.087857141750702 0
0.02142857164281712 -0.08642857034083945 0
0.02142857164281868 -0.08499999893098178 0
0.02142857164282025 -0.08357142752112068 0
0.02142857164282182 -0.08214285611126332 0
0.0214285716428234 -0.08071428470140644 0
0.02142857164282495 -0.07928571329154618 0
0.02142857164282652 -0.0778571418816886 0
0.0214285716428281 -0.07642857047182726 0
0.02142857164282967 -0.07499999906196915 0
0.02142857164283123 -0.07357142765210853 0
0.0214285716428328 -0.07214285624224973 0
0.02142857164283438 -0.07071428483238984 0
0.02142857164283594 -0.06928571342253027 0
0.02142857164283751 -0.06785714201267111 0
0.02142857164283908 -0.06642857060281085 0
0.02142857164284064 -0.06499999919295242 0
0.02142857164284222 -0.06357142778309213 0
0.02142857164284379 -0.06214285637323486 0
0.02142857164284535 -0.06071428496337338 0
0.02142857164284692 -0.05928571355351708 0
0.02142857164284849 -0.05785714214365893 0
0.02142857164285006 -0.05642857073379931 0
0.02142857164285163 -0.0549999993239415 0
0.02142857164285319 -0.05357142791408197 0
0.02142857164285476 -0.05214285650422243 0
0.02142857164285633 -0.0507142850943629 0
0.02142857164285791 -0.0492857136845035 0
0.02142857164285947 -0.04785714227464449 0
0.02142857164286104 -0.0464285708647855 0
0.02142857164286261 -0.04499999945492725 0
0.02142857164286418 -0.04357142804507315 0
0.02142857164286575 -0.04214285663521979 0
0.02142857164286732 -0.04071428522536646 0
0.02142857164286888 -0.03928571381551171 0
0.02142857164287045 -0.03785714240565644 0
0.02142857164287202 -0.03642857099580114 0
0.0214285716428736 -0.03499999958594584 0
0.02142857164287516 -0.03357142817609102 0
0.02142857164287673 -0.03214285676623571 0
0.0214285716428783 -0.03071428535638081 0
0.02142857164287987 -0.0292857139465264 0
0.02142857164288144 -0.02785714253667058 0
0.02142857164288301 -0.0264285711268162 0
0.02142857164288457 -0.02499999971696117 0
0.02142857164288614 -0.02357142830710618 0
0.02142857164288771 -0.02214285689725069 0
0.02142857164288928 -0.02071428548739549 0
0.02142857164289085 -0.01928571407754021 0
0.02142857164289241 -0.01785714266768482 0
0.02142857164289398 -0.01642857125782971 0
0.02142857164289555 -0.01499999984797413 0
0.02142857164289712 -0.01357142843811923 0
0.0214285716428987 -0.01214285702826347 0
0.02142857164290026 -0.01071428561841015 0
0.02142857164290184 -0.009285714208555965 0
0.0214285716429034 -0.007857142798701503 0
0.02142857164290497 -0.006428571388846688 0
0.02142857164290654 -0.004999999978990173 0
0.02142857164290811 -0.003571428569134421 0
0.02142857164290968 -0.002142857159277627 0
0.02142857164291125 -0.0007142857494222129 0
0.02142857164291281 0.0007142856604334378 0
0.02142857164291439 0.002142857070288514 0
0.02142857164291595 0.003571428480144404 0
0.02285714308566255 -0.09357142739014022 0
0.02285714308566417 -0.09214285598027952 0
0.02285714308566579 -0.09071428457042101 0
0.02285714308566741 -0.08928571316056032 0
0.02285714308566903 -0.08785714175070239 0
0.02285714308567065 -0.08642857034083996 0
0.02285714308567227 -0.08499999893098238 0
0.02285714308567388 -0.08357142752112139 0
0.02285714308567551 -0.08214285611126411 0
0.02285714308567713 -0.08071428470140729 0
0.02285714308567875 -0.07928571329154725 0
0.02285714308568038 -0.07785714188168973 0
0.02285714308568199 -0.07642857047182851 0
0.02285714308568362 -0.07499999906197048 0
0.02285714308568523 -0.07357142765211003 0
0.02285714308568686 -0.07214285624225129 0
0.02285714308568847 -0.07071428483239149 0
0.0228571430856901 -0.06928571342253205 0
0.02285714308569171 -0.067857142012673 0
0.02285714308569333 -0.06642857060281282 0
0.02285714308569496 -0.0649999991929545 0
0.02285714308569657 -0.06357142778309441 0
0.02285714308569819 -0.06214285637323723 0
0.02285714308569981 -0.06071428496337589 0
0.02285714308570144 -0.05928571355351963 0
0.02285714308570305 -0.05785714214366154 0
0.02285714308570467 -0.05642857073380203 0
0.02285714308570629 -0.05499999932394432 0
0.02285714308570791 -0.05357142791408489 0
0.02285714308570953 -0.05214285650422545 0
0.02285714308571115 -0.05071428509436603 0
0.02285714308571277 -0.04928571368450677 0
0.02285714308571439 -0.04785714227464788 0
0.02285714308571601 -0.04642857086478904 0
0.02285714308571763 -0.04499999945493091 0
0.02285714308571925 -0.04357142804507667 0
0.02285714308572087 -0.04214285663522318 0
0.02285714308572249 -0.0407142852253697 0
0.02285714308572412 -0.03928571381551485 0
0.02285714308572574 -0.03785714240565946 0
0.02285714308572735 -0.03642857099580405 0
0.02285714308572898 -0.03499999958594865 0
0.0228571430857306 -0.03357142817609376 0
0.02285714308573222 -0.03214285676623835 0
0.02285714308573384 -0.03071428535638336 0
0.02285714308573546 -0.02928571394652892 0
0.02285714308573708 -0.02785714253667295 0
0.0228571430857387 -0.02642857112681849 0
0.02285714308574032 -0.02499999971696331 0
0.02285714308574194 -0.02357142830710823 0
0.02285714308574355 -0.02214285689725262 0
0.02285714308574518 -0.02071428548739732 0
0.0228571430857468 -0.01928571407754194 0
0.02285714308574842 -0.01785714266768643 0
0.02285714308575004 -0.01642857125783123 0
0.02285714308575166 -0.01499999984797552 0
0.02285714308575328 -0.01357142843812055 0
0.0228571430857549 -0.01214285702826465 0
0.02285714308575652 -0.01071428561841124 0
0.02285714308575814 -0.009285714208556879 0
0.02285714308575976 -0.007857142798702352 0
0.02285714308576138 -0.006428571388847476 0
0.022857143085763 -0.004999999978990839 0
0.02285714308576462 -0.003571428569135032 0
0.02285714308576624 -0.002142857159278115 0
0.02285714308576786 -0.0007142857494226358 0
0.02285714308576948 0.0007142856604331442 0
0.0228571430857711 0.002142857070288311 0
0.02285714308577273 0.003571428480144308 0
0.02428571452851525 -0.09357142739014034 0
0.02428571452851701 -0.09214285598027967 0
0.02428571452851876 -0.09071428457042124 0
0.02428571452852053 -0.08928571316056068 0
0.02428571452852229 -0.08785714175070286 0
0.02428571452852405 -0.08642857034084046 0
0.02428571452852581 -0.08499999893098294 0
0.02428571452852758 -0.08357142752112212 0
0.02428571452852934 -0.08214285611126487 0
0.0242857145285311 -0.08071428470140811 0
0.02428571452853287 -0.07928571329154831 0
0.02428571452853463 -0.07785714188169084 0
0.02428571452853638 -0.07642857047182974 0
0.02428571452853815 -0.07499999906197183 0
0.02428571452853991 -0.07357142765211147 0
0.02428571452854168 -0.07214285624225283 0
0.02428571452854344 -0.07071428483239317 0
0.0242857145285452 -0.06928571342253384 0
0.02428571452854696 -0.06785714201267487 0
0.02428571452854873 -0.06642857060281487 0
0.02428571452855048 -0.06499999919295657 0
0.02428571452855225 -0.06357142778309663 0
0.02428571452855401 -0.06214285637323959 0
0.02428571452855577 -0.06071428496337838 0
0.02428571452855753 -0.05928571355352218 0
0.02428571452855929 -0.05785714214366418 0
0.02428571452856106 -0.05642857073380478 0
0.02428571452856282 -0.05499999932394713 0
0.02428571452856457 -0.05357142791408781 0
0.02428571452856634 -0.0521428565042285 0
0.02428571452856811 -0.05071428509436917 0
0.02428571452856987 -0.04928571368451003 0
0.02428571452857163 -0.0478571422746513 0
0.02428571452857339 -0.04642857086479256 0
0.02428571452857515 -0.04499999945493456 0
0.02428571452857692 -0.04357142804508022 0
0.02428571452857867 -0.04214285663522659 0
0.02428571452858044 -0.04071428522537295 0
0.0242857145285822 -0.03928571381551798 0
0.02428571452858396 -0.03785714240566249 0
0.02428571452858572 -0.03642857099580697 0
0.02428571452858749 -0.03499999958595146 0
0.02428571452858926 -0.03357142817609651 0
0.02428571452859101 -0.03214285676624098 0
0.02428571452859277 -0.03071428535638591 0
0.02428571452859454 -0.0292857139465314 0
0.0242857145285963 -0.02785714253667531 0
0.02428571452859806 -0.02642857112682077 0
0.02428571452859982 -0.02499999971696544 0
0.02428571452860159 -0.02357142830711029 0
0.02428571452860335 -0.02214285689725456 0
0.02428571452860511 -0.02071428548739916 0
0.02428571452860687 -0.01928571407754366 0
0.02428571452860864 -0.01785714266768805 0
0.0242857145286104 -0.01642857125783275 0
0.02428571452861216 -0.01499999984797692 0
0.02428571452861392 -0.01357142843812186 0
0.02428571452861569 -0.01214285702826582 0
0.02428571452861745 -0.01071428561841231 0
0.02428571452861921 -0.009285714208557793 0
0.02428571452862097 -0.007857142798703207 0
0.02428571452862274 -0.006428571388848261 0
0.02428571452862449 -0.004999999978991506 0
0.02428571452862625 -0.003571428569135646 0
0.02428571452862802 -0.002142857159278603 0
0.02428571452862978 -0.0007142857494230582 0
0.02428571452863154 0.000714285660432851 0
0.02428571452863331 0.002142857070288106 0
0.02428571452863507 0.003571428480144211 0
0.02571428597136863 -0.09357142739014039 0
0.02571428597137055 -0.09214285598027981 0
0.02571428597137247 -0.09071428457042151 0
0.0257142859713744 -0.08928571316056109 0
0.02571428597137632 -0.08785714175070328 0
0.02571428597137824 -0.08642857034084094 0
0.02571428597138017 -0.08499999893098352 0
0.02571428597138209 -0.0835714275211228 0
0.02571428597138401 -0.08214285611126566 0
0.02571428597138594 -0.08071428470140894 0
0.02571428597138787 -0.07928571329154935 0
0.02571428597138979 -0.07785714188169193 0
0.02571428597139171 -0.07642857047183102 0
0.02571428597139363 -0.07499999906197317 0
0.02571428597139555 -0.07357142765211294 0
0.02571428597139748 -0.0721428562422544 0
0.02571428597139941 -0.07071428483239481 0
0.02571428597140132 -0.06928571342253563 0
0.02571428597140325 -0.06785714201267673 0
0.02571428597140517 -0.06642857060281683 0
0.0257142859714071 -0.06499999919295867 0
0.02571428597140902 -0.0635714277830989 0
0.02571428597141094 -0.06214285637324193 0
0.02571428597141286 -0.06071428496338089 0
0.02571428597141479 -0.05928571355352474 0
0.02571428597141671 -0.05785714214366681 0
0.02571428597141864 -0.05642857073380751 0
0.02571428597142056 -0.05499999932394994 0
0.02571428597142248 -0.05357142791409075 0
0.0257142859714244 -0.05214285650423153 0
0.02571428597142632 -0.05071428509437231 0
0.02571428597142826 -0.04928571368451327 0
0.02571428597143018 -0.04785714227465468 0
0.0257142859714321 -0.04642857086479608 0
0.02571428597143402 -0.04499999945493818 0
0.02571428597143595 -0.04357142804508375 0
0.02571428597143786 -0.04214285663522997 0
0.02571428597143979 -0.04071428522537621 0
0.02571428597144172 -0.0392857138155211 0
0.02571428597144364 -0.03785714240566551 0
0.02571428597144557 -0.0364285709958099 0
0.02571428597144749 -0.03499999958595428 0
0.02571428597144941 -0.03357142817609925 0
0.02571428597145133 -0.03214285676624363 0
0.02571428597145326 -0.03071428535638846 0
0.02571428597145518 -0.02928571394653392 0
0.0257142859714571 -0.02785714253667766 0
0.02571428597145903 -0.02642857112682306 0
0.02571428597146095 -0.02499999971696758 0
0.02571428597146287 -0.02357142830711233 0
0.0257142859714648 -0.02214285689725649 0
0.02571428597146672 -0.020714285487401 0
0.02571428597146865 -0.0192857140775454 0
0.02571428597147057 -0.01785714266768966 0
0.02571428597147249 -0.01642857125783429 0
0.02571428597147442 -0.01499999984797832 0
0.02571428597147633 -0.01357142843812318 0
0.02571428597147826 -0.012142857028267 0
0.02571428597148018 -0.01071428561841339 0
0.02571428597148211 -0.009285714208558705 0
0.02571428597148404 -0.007857142798704054 0
0.02571428597148595 -0.006428571388849044 0
0.02571428597148788 -0.004999999978992174 0
0.0257142859714898 -0.003571428569136259 0
0.02571428597149173 -0.002142857159279091 0
0.02571428597149365 -0.0007142857494234801 0
0.02571428597149557 0.0007142856604325574 0
0.0257142859714975 0.002142857070287902 0
0.02571428597149941 0.003571428480144116 0
0.02714285741422131 -0.09357142739014045 0
0.02714285741422339 -0.09214285598027999 0
0.02714285741422544 -0.0907142845704217 0
0.02714285741422751 -0.08928571316056141 0
0.02714285741422958 -0.08785714175070372 0
0.02714285741423164 -0.08642857034084145 0
0.02714285741423371 -0.08499999893098409 0
0.02714285741423577 -0.0835714275211235 0
0.02714285741423784 -0.08214285611126644 0
0.0271428574142399 -0.08071428470140984 0
0.02714285741424197 -0.0792857132915504 0
0.02714285741424403 -0.07785714188169306 0
0.0271428574142461 -0.07642857047183228 0
0.02714285741424816 -0.07499999906197451 0
0.02714285741425023 -0.07357142765211441 0
0.02714285741425229 -0.07214285624225594 0
0.02714285741425436 -0.0707142848323965 0
0.02714285741425642 -0.06928571342253736 0
0.02714285741425848 -0.06785714201267862 0
0.02714285741426055 -0.06642857060281881 0
0.02714285741426262 -0.06499999919296075 0
0.02714285741426468 -0.06357142778310118 0
0.02714285741426675 -0.0621428563732443 0
0.02714285741426882 -0.06071428496338342 0
0.02714285741427088 -0.05928571355352728 0
0.02714285741427294 -0.05785714214366944 0
0.02714285741427501 -0.05642857073381027 0
0.02714285741427708 -0.05499999932395276 0
0.02714285741427914 -0.05357142791409366 0
0.0271428574142812 -0.05214285650423456 0
0.02714285741428327 -0.05071428509437544 0
0.02714285741428533 -0.04928571368451652 0
0.0271428574142874 -0.04785714227465807 0
0.02714285741428946 -0.04642857086479964 0
0.02714285741429152 -0.04499999945494183 0
0.02714285741429359 -0.04357142804508728 0
0.02714285741429566 -0.04214285663523337 0
0.02714285741429773 -0.04071428522537946 0
0.0271428574142998 -0.03928571381552424 0
0.02714285741430186 -0.03785714240566854 0
0.02714285741430393 -0.03642857099581283 0
0.02714285741430598 -0.03499999958595711 0
0.02714285741430805 -0.03357142817610199 0
0.02714285741431012 -0.03214285676624627 0
0.02714285741431219 -0.03071428535639102 0
0.02714285741431424 -0.02928571394653643 0
0.02714285741431632 -0.02785714253668004 0
0.02714285741431838 -0.02642857112682534 0
0.02714285741432045 -0.02499999971696973 0
0.02714285741432251 -0.02357142830711439 0
0.02714285741432457 -0.02214285689725842 0
0.02714285741432664 -0.02071428548740284 0
0.0271428574143287 -0.01928571407754712 0
0.02714285741433077 -0.01785714266769127 0
0.02714285741433284 -0.0164285712578358 0
0.0271428574143349 -0.01499999984797971 0
0.02714285741433696 -0.0135714284381245 0
0.02714285741433904 -0.01214285702826818 0
0.0271428574143411 -0.01071428561841447 0
0.02714285741434316 -0.009285714208559621 0
0.02714285741434522 -0.007857142798704907 0
0.02714285741434729 -0.006428571388849831 0
0.02714285741434936 -0.004999999978992838 0
0.02714285741435142 -0.003571428569136871 0
0.02714285741435349 -0.002142857159279581 0
0.02714285741435556 -0.0007142857494239021 0
0.02714285741435762 0.0007142856604322643 0
0.02714285741435968 0.002142857070287698 0
0.02714285741436175 0.003571428480144019 0
0.02857142885707459 -0.09357142739014052 0
0.02857142885707671 -0.09214285598028012 0
0.02857142885707883 -0.09071428457042194 0
0.02857142885708094 -0.0892857131605618 0
0.02857142885708306 -0.08785714175070414 0
0.02857142885708518 -0.08642857034084195 0
0.0285714288570873 -0.08499999893098464 0
0.02857142885708942 -0.08357142752112423 0
0.02857142885709153 -0.08214285611126722 0
0.02857142885709364 -0.08071428470141066 0
0.02857142885709576 -0.07928571329155147 0
0.02857142885709788 -0.07785714188169418 0
0.02857142885709999 -0.07642857047183352 0
0.02857142885710211 -0.07499999906197585 0
0.02857142885710422 -0.07357142765211586 0
0.02857142885710635 -0.07214285624225752 0
0.02857142885710846 -0.07071428483239815 0
0.02857142885711058 -0.06928571342253916 0
0.02857142885711269 -0.06785714201268049 0
0.02857142885711481 -0.06642857060282081 0
0.02857142885711692 -0.06499999919296283 0
0.02857142885711905 -0.06357142778310346 0
0.02857142885712116 -0.06214285637324669 0
0.02857142885712328 -0.06071428496338591 0
0.02857142885712539 -0.05928571355352984 0
0.02857142885712751 -0.05785714214367209 0
0.02857142885712963 -0.056428570733813 0
0.02857142885713174 -0.05499999932395558 0
0.02857142885713385 -0.05357142791409658 0
0.02857142885713598 -0.05214285650423757 0
0.02857142885713809 -0.05071428509437857 0
0.02857142885714021 -0.04928571368451978 0
0.02857142885714233 -0.04785714227466145 0
0.02857142885714444 -0.04642857086480317 0
0.02857142885714655 -0.04499999945494544 0
0.02857142885714867 -0.04357142804509083 0
0.02857142885715079 -0.04214285663523674 0
0.02857142885715291 -0.04071428522538272 0
0.02857142885715503 -0.03928571381552737 0
0.02857142885715714 -0.03785714240567158 0
0.02857142885715926 -0.03642857099581574 0
0.02857142885716137 -0.03499999958595992 0
0.02857142885716349 -0.03357142817610474 0
0.02857142885716561 -0.0321428567662489 0
0.02857142885716773 -0.03071428535639358 0
0.02857142885716984 -0.02928571394653893 0
0.02857142885717196 -0.0278571425366824 0
0.02857142885717407 -0.02642857112682762 0
0.02857142885717619 -0.02499999971697187 0
0.0285714288571783 -0.02357142830711644 0
0.02857142885718043 -0.02214285689726036 0
0.02857142885718254 -0.02071428548740466 0
0.02857142885718465 -0.01928571407754884 0
0.02857142885718677 -0.01785714266769289 0
0.02857142885718889 -0.01642857125783732 0
0.02857142885719101 -0.01499999984798111 0
0.02857142885719312 -0.01357142843812581 0
0.02857142885719523 -0.01214285702826936 0
0.02857142885719736 -0.01071428561841555 0
0.02857142885719947 -0.009285714208560539 0
0.02857142885720159 -0.007857142798705755 0
0.02857142885720371 -0.006428571388850616 0
0.02857142885720582 -0.004999999978993504 0
0.02857142885720794 -0.003571428569137483 0
0.02857142885721006 -0.002142857159280068 0
0.02857142885721217 -0.0007142857494243254 0
0.02857142885721429 0.0007142856604319707 0
0.0285714288572164 0.002142857070287493 0
0.02857142885721852 0.003571428480143924 0
0.0300000002999277 -0.09357142739014061 0
0.03000000029992997 -0.09214285598028026 0
0.03000000029993223 -0.09071428457042216 0
0.03000000029993449 -0.08928571316056212 0
0.03000000029993677 -0.08785714175070457 0
0.03000000029993903 -0.08642857034084245 0
0.0300000002999413 -0.08499999893098523 0
0.03000000029994355 -0.08357142752112494 0
0.03000000029994583 -0.08214285611126798 0
0.03000000029994808 -0.0807142847014115 0
0.03000000029995035 -0.07928571329155251 0
0.03000000029995261 -0.07785714188169532 0
0.03000000029995488 -0.07642857047183479 0
0.03000000029995714 -0.0749999990619772 0
0.03000000029995941 -0.07357142765211731 0
0.03000000029996168 -0.07214285624225908 0
0.03000000029996393 -0.0707142848323998 0
0.03000000029996621 -0.06928571342254093 0
0.03000000029996848 -0.06785714201268236 0
0.03000000029997074 -0.06642857060282281 0
0.030000000299973 -0.06499999919296491 0
0.03000000029997526 -0.06357142778310571 0
0.03000000029997753 -0.06214285637324905 0
0.0300000002999798 -0.0607142849633884 0
0.03000000029998206 -0.0592857135535324 0
0.03000000029998432 -0.05785714214367473 0
0.03000000029998659 -0.05642857073381576 0
0.03000000029998885 -0.05499999932395839 0
0.03000000029999111 -0.05357142791409952 0
0.03000000029999339 -0.05214285650424061 0
0.03000000029999565 -0.05071428509438172 0
0.03000000029999791 -0.04928571368452301 0
0.03000000030000018 -0.04785714227466487 0
0.03000000030000245 -0.04642857086480669 0
0.03000000030000471 -0.04499999945494909 0
0.03000000030000697 -0.04357142804509435 0
0.03000000030000924 -0.04214285663524016 0
0.03000000030001151 -0.04071428522538597 0
0.03000000030001377 -0.03928571381553051 0
0.03000000030001603 -0.03785714240567461 0
0.0300000003000183 -0.03642857099581866 0
0.03000000030002056 -0.03499999958596273 0
0.03000000030002284 -0.03357142817610747 0
0.03000000030002509 -0.03214285676625153 0
0.03000000030002736 -0.03071428535639613 0
0.03000000030002963 -0.02928571394654143 0
0.03000000030003189 -0.02785714253668476 0
0.03000000030003416 -0.02642857112682991 0
0.03000000030003642 -0.02499999971697401 0
0.03000000030003868 -0.0235714283071185 0
0.03000000030004095 -0.02214285689726229 0
0.0300000003000432 -0.02071428548740649 0
0.03000000030004549 -0.01928571407755057 0
0.03000000030004774 -0.0178571426676945 0
0.03000000030005001 -0.01642857125783885 0
0.03000000030005227 -0.01499999984798251 0
0.03000000030005453 -0.01357142843812713 0
0.0300000003000568 -0.01214285702827053 0
0.03000000030005907 -0.01071428561841664 0
0.03000000030006133 -0.009285714208561452 0
0.0300000003000636 -0.007857142798706605 0
0.03000000030006586 -0.006428571388851402 0
0.03000000030006813 -0.00499999997899417 0
0.03000000030007039 -0.003571428569138093 0
0.03000000030007265 -0.002142857159280556 0
0.03000000030007493 -0.0007142857494247474 0
0.03000000030007719 0.0007142856604316771 0
0.03000000030007946 0.002142857070287288 0
0.03000000030008172 0.003571428480143826 0
0.03142857174278001 -0.09357142739014065 0
0.03142857174278244 -0.09214285598028037 0
0.03142857174278488 -0.09071428457042238 0
0.03142857174278731 -0.0892857131605625 0
0.03142857174278974 -0.087857141750705 0
0.03142857174279217 -0.08642857034084295 0
0.0314285717427946 -0.08499999893098581 0
0.03142857174279703 -0.0835714275211256 0
0.03142857174279946 -0.08214285611126872 0
0.03142857174280189 -0.08071428470141236 0
0.03142857174280433 -0.07928571329155355 0
0.03142857174280676 -0.07785714188169643 0
0.0314285717428092 -0.07642857047183606 0
0.03142857174281162 -0.07499999906197853 0
0.03142857174281405 -0.0735714276521188 0
0.03142857174281649 -0.07214285624226065 0
0.03142857174281893 -0.07071428483240151 0
0.03142857174282135 -0.06928571342254271 0
0.0314285717428238 -0.06785714201268425 0
0.03142857174282624 -0.06642857060282481 0
0.03142857174282866 -0.06499999919296699 0
0.03142857174283109 -0.06357142778310795 0
0.03142857174283353 -0.06214285637325141 0
0.03142857174283595 -0.06071428496339093 0
0.0314285717428384 -0.05928571355353494 0
0.03142857174284083 -0.05785714214367737 0
0.03142857174284326 -0.0564285707338185 0
0.0314285717428457 -0.0549999993239612 0
0.03142857174284811 -0.05357142791410242 0
0.03142857174285055 -0.05214285650424363 0
0.031428571742853 -0.05071428509438485 0
0.03142857174285542 -0.04928571368452626 0
0.03142857174285785 -0.04785714227466825 0
0.03142857174286028 -0.04642857086481022 0
0.0314285717428627 -0.04499999945495273 0
0.03142857174286515 -0.04357142804509787 0
0.03142857174286758 -0.04214285663524355 0
0.03142857174287001 -0.04071428522538921 0
0.03142857174287245 -0.03928571381553364 0
0.03142857174287488 -0.03785714240567764 0
0.03142857174287731 -0.0364285709958216 0
0.03142857174287975 -0.03499999958596556 0
0.03142857174288217 -0.0335714281761102 0
0.03142857174288461 -0.03214285676625417 0
0.03142857174288704 -0.03071428535639868 0
0.03142857174288948 -0.02928571394654394 0
0.03142857174289191 -0.02785714253668713 0
0.03142857174289433 -0.02642857112683219 0
0.03142857174289676 -0.02499999971697614 0
0.0314285717428992 -0.02357142830712055 0
0.03142857174290163 -0.02214285689726422 0
0.03142857174290407 -0.02071428548740833 0
0.0314285717429065 -0.0192857140775523 0
0.03142857174290893 -0.01785714266769612 0
0.03142857174291136 -0.01642857125784036 0
0.03142857174291381 -0.0149999998479839 0
0.03142857174291624 -0.01357142843812844 0
0.03142857174291867 -0.01214285702827171 0
0.0314285717429211 -0.01071428561841771 0
0.03142857174292354 -0.009285714208562362 0
0.03142857174292597 -0.007857142798707459 0
0.03142857174292839 -0.006428571388852188 0
0.03142857174293082 -0.004999999978994836 0
0.03142857174293327 -0.003571428569138708 0
0.03142857174293569 -0.002142857159281045 0
0.03142857174293812 -0.0007142857494251698 0
0.03142857174294057 0.0007142856604313848 0
0.03142857174294299 0.002142857070287084 0
0.03142857174294542 0.003571428480143731 0
0.03285714318563392 -0.09357142739014071 0
0.03285714318563639 -0.09214285598028053 0
0.03285714318563888 -0.09071428457042262 0
0.03285714318564135 -0.08928571316056284 0
0.03285714318564383 -0.08785714175070544 0
0.03285714318564629 -0.08642857034084345 0
0.03285714318564877 -0.08499999893098638 0
0.03285714318565124 -0.08357142752112634 0
0.03285714318565371 -0.08214285611126951 0
0.0328571431856562 -0.08071428470141319 0
0.03285714318565867 -0.07928571329155461 0
0.03285714318566114 -0.07785714188169757 0
0.03285714318566362 -0.07642857047183729 0
0.03285714318566609 -0.07499999906197986 0
0.03285714318566858 -0.07357142765212024 0
0.03285714318567105 -0.07214285624226219 0
0.03285714318567352 -0.07071428483240316 0
0.03285714318567599 -0.06928571342254448 0
0.03285714318567847 -0.06785714201268611 0
0.03285714318568094 -0.06642857060282684 0
0.03285714318568343 -0.06499999919296907 0
0.0328571431856859 -0.06357142778311023 0
0.03285714318568838 -0.06214285637325377 0
0.03285714318569085 -0.06071428496339343 0
0.03285714318569332 -0.0592857135535375 0
0.03285714318569579 -0.05785714214367999 0
0.03285714318569827 -0.05642857073382124 0
0.03285714318570074 -0.05499999932396404 0
0.03285714318570322 -0.05357142791410536 0
0.0328571431857057 -0.05214285650424666 0
0.03285714318570817 -0.05071428509438797 0
0.03285714318571065 -0.04928571368452951 0
0.03285714318571312 -0.04785714227467163 0
0.03285714318571559 -0.04642857086481376 0
0.03285714318571808 -0.04499999945495637 0
0.03285714318572053 -0.04357142804510142 0
0.03285714318572302 -0.04214285663524693 0
0.0328571431857255 -0.04071428522539246 0
0.03285714318572797 -0.03928571381553678 0
0.03285714318573044 -0.03785714240568066 0
0.03285714318573293 -0.03642857099582451 0
0.0328571431857354 -0.03499999958596837 0
0.03285714318573788 -0.03357142817611295 0
0.03285714318574035 -0.03214285676625681 0
0.03285714318574282 -0.03071428535640124 0
0.03285714318574529 -0.02928571394654644 0
0.03285714318574776 -0.02785714253668949 0
0.03285714318575025 -0.02642857112683447 0
0.03285714318575272 -0.02499999971697828 0
0.03285714318575519 -0.0235714283071226 0
0.03285714318575767 -0.02214285689726616 0
0.03285714318576014 -0.02071428548741016 0
0.03285714318576263 -0.01928571407755403 0
0.0328571431857651 -0.01785714266769774 0
0.03285714318576758 -0.01642857125784189 0
0.03285714318577005 -0.0149999998479853 0
0.03285714318577252 -0.01357142843812976 0
0.03285714318577498 -0.01214285702827288 0
0.03285714318577748 -0.01071428561841879 0
0.03285714318577995 -0.00928571420856328 0
0.03285714318578243 -0.007857142798708311 0
0.0328571431857849 -0.006428571388852971 0
0.03285714318578737 -0.004999999978995502 0
0.03285714318578984 -0.003571428569139318 0
0.03285714318579232 -0.002142857159281534 0
0.03285714318579479 -0.0007142857494255922 0
0.03285714318579728 0.0007142856604310916 0
0.03285714318579975 0.002142857070286879 0
0.03285714318580222 0.003571428480143633 0
0.03428571462848606 -0.09357142739014083 0
0.03428571462848867 -0.09214285598028066 0
0.03428571462849129 -0.09071428457042287 0
0.03428571462849389 -0.08928571316056323 0
0.03428571462849652 -0.08785714175070586 0
0.03428571462849912 -0.08642857034084393 0
0.03428571462850175 -0.08499999893098696 0
0.03428571462850435 -0.08357142752112705 0
0.03428571462850698 -0.08214285611127028 0
0.03428571462850961 -0.08071428470141405 0
0.03428571462851222 -0.07928571329155565 0
0.03428571462851483 -0.07785714188169865 0
0.03428571462851746 -0.07642857047183857 0
0.03428571462852007 -0.0749999990619812 0
0.03428571462852267 -0.07357142765212174 0
0.0342857146285253 -0.07214285624226374 0
0.03428571462852793 -0.07071428483240483 0
0.03428571462853054 -0.06928571342254627 0
0.03428571462853315 -0.067857142012688 0
0.03428571462853577 -0.06642857060282882 0
0.03428571462853839 -0.06499999919297116 0
0.03428571462854101 -0.06357142778311246 0
0.03428571462854361 -0.06214285637325611 0
0.03428571462854624 -0.06071428496339593 0
0.03428571462854885 -0.05928571355354006 0
0.03428571462855148 -0.05785714214368262 0
0.03428571462855409 -0.05642857073382397 0
0.0342857146285567 -0.05499999932396685 0
0.03428571462855932 -0.05357142791410827 0
0.03428571462856194 -0.05214285650424969 0
0.03428571462856456 -0.05071428509439112 0
0.03428571462856718 -0.04928571368453277 0
0.03428571462856979 -0.04785714227467502 0
0.03428571462857241 -0.04642857086481729 0
0.03428571462857502 -0.04499999945496001 0
0.03428571462857764 -0.04357142804510495 0
0.03428571462858025 -0.04214285663525032 0
0.03428571462858288 -0.0407142852253957 0
0.0342857146285855 -0.03928571381553991 0
0.03428571462858812 -0.03785714240568368 0
0.03428571462859073 -0.03642857099582744 0
0.03428571462859335 -0.03499999958597119 0
0.03428571462859596 -0.0335714281761157 0
0.03428571462859859 -0.03214285676625944 0
0.03428571462860119 -0.03071428535640379 0
0.0342857146286038 -0.02928571394654894 0
0.03428571462860643 -0.02785714253669186 0
0.03428571462860906 -0.02642857112683675 0
0.03428571462861166 -0.02499999971698041 0
0.03428571462861429 -0.02357142830712465 0
0.0342857146286169 -0.02214285689726809 0
0.03428571462861952 -0.020714285487412 0
0.03428571462862214 -0.01928571407755576 0
0.03428571462862475 -0.01785714266769935 0
0.03428571462862737 -0.01642857125784341 0
0.03428571462862998 -0.01499999984798669 0
0.03428571462863261 -0.01357142843813108 0
0.03428571462863522 -0.01214285702827407 0
0.03428571462863783 -0.01071428561841987 0
0.03428571462864046 -0.009285714208564196 0
0.03428571462864308 -0.007857142798709159 0
0.03428571462864569 -0.006428571388853757 0
0.03428571462864831 -0.004999999978996169 0
0.03428571462865092 -0.003571428569139932 0
0.03428571462865354 -0.002142857159282022 0
0.03428571462865616 -0.000714285749426015 0
0.03428571462865877 0.0007142856604307984 0
0.03428571462866138 0.002142857070286675 0
0.03428571462866401 0.003571428480143538 0
0.03571428607133956 -0.09357142739014089 0
0.03571428607134233 -0.09214285598028081 0
0.03571428607134509 -0.09071428457042308 0
0.03571428607134788 -0.08928571316056358 0
0.03571428607135065 -0.08785714175070632 0
0.03571428607135343 -0.08642857034084445 0
0.0357142860713562 -0.08499999893098753 0
0.03571428607135899 -0.08357142752112774 0
0.03571428607136176 -0.08214285611127103 0
0.03571428607136454 -0.08071428470141488 0
0.03571428607136732 -0.07928571329155669 0
0.03571428607137009 -0.07785714188169976 0
0.03571428607137286 -0.07642857047183983 0
0.03571428607137563 -0.07499999906198254 0
0.03571428607137841 -0.07357142765212318 0
0.03571428607138119 -0.0721428562422653 0
0.03571428607138397 -0.07071428483240653 0
0.03571428607138675 -0.06928571342254804 0
0.03571428607138952 -0.06785714201268986 0
0.03571428607139229 -0.06642857060283082 0
0.03571428607139507 -0.06499999919297324 0
0.03571428607139786 -0.06357142778311473 0
0.03571428607140062 -0.06214285637325851 0
0.03571428607140341 -0.06071428496339842 0
0.03571428607140618 -0.0592857135535426 0
0.03571428607140896 -0.05785714214368527 0
0.03571428607141174 -0.05642857073382673 0
0.03571428607141451 -0.05499999932396967 0
0.03571428607141729 -0.05357142791411121 0
0.03571428607142007 -0.05214285650425271 0
0.03571428607142284 -0.05071428509439423 0
0.03571428607142561 -0.04928571368453603 0
0.03571428607142839 -0.04785714227467842 0
0.03571428607143116 -0.04642857086482084 0
0.03571428607143394 -0.04499999945496364 0
0.03571428607143672 -0.04357142804510847 0
0.03571428607143949 -0.04214285663525372 0
0.03571428607144227 -0.04071428522539896 0
0.03571428607144504 -0.03928571381554304 0
0.03571428607144782 -0.03785714240568672 0
0.03571428607145059 -0.03642857099583036 0
0.03571428607145339 -0.03499999958597401 0
0.03571428607145616 -0.03357142817611845 0
0.03571428607145893 -0.03214285676626205 0
0.03571428607146171 -0.03071428535640635 0
0.03571428607146448 -0.02928571394655145 0
0.03571428607146726 -0.02785714253669422 0
0.03571428607147004 -0.02642857112683904 0
0.03571428607147281 -0.02499999971698256 0
0.03571428607147559 -0.0235714283071267 0
0.03571428607147836 -0.02214285689727002 0
0.03571428607148115 -0.02071428548741384 0
0.03571428607148393 -0.01928571407755749 0
0.0357142860714867 -0.01785714266770097 0
0.03571428607148948 -0.01642857125784493 0
0.03571428607149226 -0.01499999984798809 0
0.03571428607149503 -0.01357142843813239 0
0.03571428607149781 -0.01214285702827524 0
0.03571428607150058 -0.01071428561842095 0
0.03571428607150336 -0.009285714208565112 0
0.03571428607150614 -0.007857142798710014 0
0.03571428607150891 -0.006428571388854542 0
0.03571428607151169 -0.004999999978996834 0
0.03571428607151447 -0.003571428569140542 0
0.03571428607151723 -0.002142857159282509 0
0.03571428607152001 -0.000714285749426437 0
0.03571428607152279 0.0007142856604305053 0
0.03571428607152556 0.002142857070286471 0
0.03571428607152834 0.003571428480143441 0
0.03714285751419238 -0.09357142739014093 0
0.03714285751419527 -0.09214285598028096 0
0.03714285751419814 -0.09071428457042334 0
0.037142857514201 -0.08928571316056393 0
0.03714285751420388 -0.08785714175070672 0
0.03714285751420675 -0.08642857034084495 0
0.03714285751420962 -0.0849999989309881 0
0.03714285751421251 -0.08357142752112844 0
0.03714285751421537 -0.0821428561112718 0
0.03714285751421825 -0.08071428470141573 0
0.03714285751422113 -0.07928571329155772 0
0.037142857514224 -0.0778571418817009 0
0.03714285751422688 -0.07642857047184107 0
0.03714285751422974 -0.07499999906198387 0
0.03714285751423262 -0.07357142765212465 0
0.0371428575142355 -0.07214285624226685 0
0.03714285751423837 -0.07071428483240819 0
0.03714285751424124 -0.06928571342254983 0
0.03714285751424412 -0.06785714201269175 0
0.03714285751424699 -0.06642857060283282 0
0.03714285751424987 -0.06499999919297532 0
0.03714285751425275 -0.063571427783117 0
0.03714285751425562 -0.06214285637326086 0
0.03714285751425849 -0.06071428496340094 0
0.03714285751426136 -0.05928571355354516 0
0.03714285751426424 -0.05785714214368789 0
0.03714285751426711 -0.05642857073382946 0
0.03714285751426998 -0.05499999932397247 0
0.03714285751427285 -0.05357142791411412 0
0.03714285751427573 -0.05214285650425575 0
0.03714285751427861 -0.05071428509439736 0
0.03714285751428148 -0.04928571368453927 0
0.03714285751428435 -0.04785714227468182 0
0.03714285751428723 -0.04642857086482436 0
0.0371428575142901 -0.04499999945496727 0
0.03714285751429298 -0.04357142804511203 0
0.03714285751429585 -0.04214285663525712 0
0.03714285751429874 -0.04071428522540221 0
0.03714285751430161 -0.03928571381554618 0
0.03714285751430448 -0.03785714240568974 0
0.03714285751430735 -0.03642857099583328 0
0.03714285751431023 -0.03499999958597682 0
0.0371428575143131 -0.03357142817612119 0
0.03714285751431597 -0.03214285676626469 0
0.03714285751431885 -0.0307142853564089 0
0.03714285751432172 -0.02928571394655395 0
0.03714285751432461 -0.02785714253669658 0
0.03714285751432748 -0.02642857112684133 0
0.03714285751433035 -0.02499999971698469 0
0.03714285751433322 -0.02357142830712876 0
0.03714285751433609 -0.02214285689727195 0
0.03714285751433897 -0.02071428548741567 0
0.03714285751434186 -0.01928571407755922 0
0.03714285751434473 -0.01785714266770258 0
0.03714285751434759 -0.01642857125784646 0
0.03714285751435047 -0.01499999984798948 0
0.03714285751435335 -0.01357142843813371 0
0.03714285751435622 -0.01214285702827641 0
0.03714285751435909 -0.01071428561842203 0
0.03714285751436196 -0.009285714208566023 0
0.03714285751436484 -0.007857142798710864 0
0.03714285751436771 -0.00642857138885533 0
0.0371428575143706 -0.004999999978997499 0
0.03714285751437345 -0.003571428569141154 0
0.03714285751437634 -0.002142857159282998 0
0.03714285751437922 -0.0007142857494268598 0
0.03714285751438209 0.0007142856604302112 0
0.03714285751438496 0.002142857070286266 0
0.03714285751438783 0.003571428480143346 0
0.03857142895704641 -0.093571427390141 0
0.03857142895704936 -0.09214285598028109 0
0.0385714289570523 -0.09071428457042356 0
0.03857142895705525 -0.0892857131605643 0
0.03857142895705819 -0.08785714175070716 0
0.03857142895706114 -0.08642857034084545 0
0.03857142895706409 -0.08499999893098864 0
0.03857142895706703 -0.08357142752112917 0
0.03857142895706998 -0.08214285611127257 0
0.0385714289570729 -0.08071428470141657 0
0.03857142895707585 -0.07928571329155878 0
0.03857142895707881 -0.07785714188170205 0
0.03857142895708175 -0.07642857047184234 0
0.03857142895708471 -0.07499999906198521 0
0.03857142895708763 -0.07357142765212611 0
0.03857142895709059 -0.0721428562422684 0
0.03857142895709353 -0.07071428483240988 0
0.03857142895709649 -0.06928571342255158 0
0.03857142895709942 -0.06785714201269362 0
0.03857142895710237 -0.0664285706028348 0
0.03857142895710532 -0.0649999991929774 0
0.03857142895710827 -0.06357142778311928 0
0.03857142895711121 -0.06214285637326324 0
0.03857142895711414 -0.06071428496340345 0
0.0385714289571171 -0.05928571355354772 0
0.03857142895712005 -0.05785714214369053 0
0.038571428957123 -0.0564285707338322 0
0.03857142895712593 -0.05499999932397528 0
0.03857142895712888 -0.05357142791411704 0
0.03857142895713182 -0.05214285650425877 0
0.03857142895713478 -0.05071428509440051 0
0.03857142895713771 -0.04928571368454253 0
0.03857142895714066 -0.04785714227468522 0
0.03857142895714361 -0.0464285708648279 0
0.03857142895714656 -0.04499999945497091 0
0.0385714289571495 -0.04357142804511555 0
0.03857142895715245 -0.0421428566352605 0
0.03857142895715539 -0.04071428522540549 0
0.03857142895715833 -0.03928571381554932 0
0.03857142895716129 -0.03785714240569276 0
0.03857142895716421 -0.0364285709958362 0
0.03857142895716717 -0.03499999958597962 0
0.03857142895717011 -0.03357142817612392 0
0.03857142895717307 -0.03214285676626732 0
0.03857142895717601 -0.03071428535641144 0
0.03857142895717895 -0.02928571394655647 0
0.03857142895718189 -0.02785714253669894 0
0.03857142895718483 -0.0264285711268436 0
0.03857142895718778 -0.02499999971698683 0
0.03857142895719072 -0.02357142830713081 0
0.03857142895719368 -0.02214285689727389 0
0.03857142895719662 -0.0207142854874175 0
0.03857142895719957 -0.01928571407756094 0
0.03857142895720252 -0.01785714266770419 0
0.03857142895720546 -0.01642857125784798 0
0.0385714289572084 -0.01499999984799088 0
0.03857142895721134 -0.01357142843813503 0
0.0385714289572143 -0.01214285702827759 0
0.03857142895721724 -0.01071428561842311 0
0.0385714289572202 -0.009285714208566937 0
0.03857142895722314 -0.007857142798711714 0
0.03857142895722608 -0.006428571388856116 0
0.03857142895722902 -0.004999999978998167 0
0.03857142895723197 -0.003571428569141768 0
0.03857142895723491 -0.002142857159283486 0
0.03857142895723785 -0.0007142857494272814 0
0.03857142895724079 0.0007142856604299189 0
0.03857142895724374 0.002142857070286061 0
0.0385714289572467 0.003571428480143249 0
0.04000000039989878 -0.09357142739014111 0
0.04000000039990186 -0.09214285598028124 0
0.04000000039990494 -0.09071428457042378 0
0.04000000039990801 -0.08928571316056462 0
0.04000000039991108 -0.08785714175070758 0
0.04000000039991414 -0.08642857034084594 0
0.04000000039991723 -0.08499999893098925 0
0.04000000039992031 -0.08357142752112988 0
0.04000000039992339 -0.08214285611127338 0
0.04000000039992644 -0.08071428470141744 0
0.04000000039992952 -0.07928571329155983 0
0.04000000039993259 -0.07785714188170316 0
0.04000000039993567 -0.07642857047184359 0
0.04000000039993874 -0.07499999906198657 0
0.04000000039994182 -0.07357142765212756 0
0.04000000039994489 -0.07214285624226996 0
0.04000000039994796 -0.07071428483241153 0
0.04000000039995103 -0.06928571342255338 0
0.04000000039995411 -0.06785714201269549 0
0.04000000039995717 -0.06642857060283679 0
0.04000000039996025 -0.06499999919297948 0
0.04000000039996333 -0.0635714277831215 0
0.04000000039996638 -0.06214285637326559 0
0.04000000039996948 -0.06071428496340595 0
0.04000000039997254 -0.05928571355355026 0
0.04000000039997561 -0.05785714214369316 0
0.04000000039997868 -0.05642857073383494 0
0.04000000039998176 -0.05499999932397811 0
0.04000000039998483 -0.05357142791411997 0
0.04000000039998791 -0.05214285650426181 0
0.04000000039999097 -0.05071428509440364 0
0.04000000039999405 -0.04928571368454578 0
0.04000000039999712 -0.04785714227468859 0
0.04000000040000019 -0.04642857086483142 0
0.04000000040000327 -0.04499999945497455 0
0.04000000040000633 -0.04357142804511908 0
0.0400000004000094 -0.04214285663526389 0
0.04000000040001248 -0.04071428522540873 0
0.04000000040001557 -0.03928571381555245 0
0.04000000040001863 -0.0378571424056958 0
0.0400000004000217 -0.03642857099583913 0
0.04000000040002478 -0.03499999958598246 0
0.04000000040002785 -0.03357142817612667 0
0.04000000040003091 -0.03214285676626996 0
0.04000000040003399 -0.03071428535641399 0
0.04000000040003706 -0.02928571394655896 0
0.04000000040004013 -0.02785714253670131 0
0.04000000040004321 -0.0264285711268459 0
0.04000000040004627 -0.02499999971698897 0
0.04000000040004936 -0.02357142830713287 0
0.04000000040005242 -0.02214285689727582 0
0.0400000004000555 -0.02071428548741933 0
0.04000000040005858 -0.01928571407756267 0
0.04000000040006164 -0.01785714266770581 0
0.04000000040006473 -0.01642857125784949 0
0.0400000004000678 -0.01499999984799228 0
0.04000000040007087 -0.01357142843813635 0
0.04000000040007394 -0.01214285702827877 0
0.04000000040007702 -0.01071428561842419 0
0.04000000040008008 -0.009285714208567851 0
0.04000000040008315 -0.007857142798712562 0
0.04000000040008624 -0.006428571388856899 0
0.0400000004000893 -0.004999999978998833 0
0.04000000040009236 -0.003571428569142378 0
0.04000000040009544 -0.002142857159283975 0
0.04000000040009852 -0.0007142857494277055 0
0.04000000040010159 0.0007142856604296253 0
0.04000000040010466 0.002142857070285857 0
0.04000000040010775 0.003571428480143153 0
0.04142857184275198 -0.09357142739014115 0
0.04142857184275518 -0.09214285598028137 0
0.04142857184275834 -0.09071428457042401 0
0.04142857184276152 -0.08928571316056502 0
0.0414285718427647 -0.08785714175070801 0
0.04142857184276789 -0.08642857034084644 0
0.04142857184277106 -0.08499999893098981 0
0.04142857184277426 -0.08357142752113056 0
0.04142857184277744 -0.08214285611127416 0
0.04142857184278061 -0.0807142847014183 0
0.04142857184278379 -0.07928571329156091 0
0.04142857184278697 -0.07785714188170427 0
0.04142857184279017 -0.07642857047184486 0
0.04142857184279333 -0.0749999990619879 0
0.04142857184279652 -0.07357142765212904 0
0.0414285718427997 -0.07214285624227153 0
0.04142857184280287 -0.07071428483241321 0
0.04142857184280605 -0.06928571342255516 0
0.04142857184280923 -0.06785714201269735 0
0.04142857184281241 -0.06642857060283879 0
0.04142857184281561 -0.06499999919298155 0
0.04142857184281879 -0.06357142778312377 0
0.04142857184282196 -0.06214285637326795 0
0.04142857184282513 -0.06071428496340844 0
0.04142857184282833 -0.05928571355355283 0
0.0414285718428315 -0.05785714214369579 0
0.04142857184283467 -0.05642857073383768 0
0.04142857184283787 -0.05499999932398093 0
0.04142857184284104 -0.05357142791412289 0
0.04142857184284422 -0.05214285650426483 0
0.04142857184284741 -0.05071428509440678 0
0.04142857184285059 -0.04928571368454903 0
0.04142857184285378 -0.04785714227469199 0
0.04142857184285694 -0.04642857086483497 0
0.04142857184286014 -0.04499999945497819 0
0.04142857184286332 -0.04357142804512262 0
0.04142857184286649 -0.04214285663526727 0
0.04142857184286967 -0.04071428522541198 0
0.04142857184287285 -0.0392857138155556 0
0.04142857184287604 -0.03785714240569881 0
0.04142857184287922 -0.03642857099584204 0
0.0414285718428824 -0.03499999958598526 0
0.04142857184288559 -0.03357142817612942 0
0.04142857184288875 -0.0321428567662726 0
0.04142857184289194 -0.03071428535641655 0
0.04142857184289512 -0.02928571394656148 0
0.0414285718428983 -0.02785714253670368 0
0.04142857184290148 -0.02642857112684818 0
0.04142857184290467 -0.02499999971699111 0
0.04142857184290785 -0.02357142830713491 0
0.04142857184291102 -0.02214285689727776 0
0.04142857184291421 -0.02071428548742117 0
0.0414285718429174 -0.0192857140775644 0
0.04142857184292056 -0.01785714266770743 0
0.04142857184292374 -0.01642857125785102 0
0.04142857184292693 -0.01499999984799367 0
0.04142857184293011 -0.01357142843813766 0
0.0414285718429333 -0.01214285702827994 0
0.04142857184293648 -0.01071428561842527 0
0.04142857184293965 -0.009285714208568767 0
0.04142857184294284 -0.007857142798713412 0
0.04142857184294601 -0.006428571388857682 0
0.0414285718429492 -0.004999999978999501 0
0.04142857184295237 -0.003571428569142992 0
0.04142857184295556 -0.002142857159284462 0
0.04142857184295874 -0.000714285749428127 0
0.04142857184296191 0.000714285660429333 0
0.0414285718429651 0.002142857070285652 0
0.04142857184296828 0.003571428480143056 0
0.04285714328560526 -0.09357142739014122 0
0.04285714328560856 -0.09214285598028155 0
0.04285714328561186 -0.09071428457042423 0
0.04285714328561517 -0.08928571316056536 0
0.04285714328561849 -0.08785714175070845 0
0.04285714328562181 -0.08642857034084694 0
0.04285714328562509 -0.08499999893099038 0
0.0428571432856284 -0.08357142752113128 0
0.04285714328563171 -0.08214285611127493 0
0.04285714328563503 -0.08071428470141911 0
0.04285714328563833 -0.07928571329156196 0
0.04285714328564164 -0.07785714188170538 0
0.04285714328564495 -0.07642857047184613 0
0.04285714328564825 -0.07499999906198922 0
0.04285714328565156 -0.07357142765213052 0
0.04285714328565486 -0.07214285624227307 0
0.04285714328565816 -0.07071428483241488 0
0.04285714328566149 -0.06928571342255689 0
0.0428571432856648 -0.06785714201269924 0
0.0428571432856681 -0.06642857060284074 0
0.0428571432856714 -0.06499999919298362 0
0.04285714328567472 -0.06357142778312605 0
0.04285714328567802 -0.06214285637327031 0
0.04285714328568134 -0.06071428496341096 0
0.04285714328568464 -0.05928571355355536 0
0.04285714328568795 -0.05785714214369843 0
0.04285714328569126 -0.05642857073384042 0
0.04285714328569455 -0.05499999932398374 0
0.04285714328569787 -0.0535714279141258 0
0.04285714328570117 -0.05214285650426786 0
0.04285714328570449 -0.05071428509440992 0
0.04285714328570779 -0.04928571368455227 0
0.04285714328571109 -0.04785714227469539 0
0.04285714328571441 -0.04642857086483851 0
0.04285714328571771 -0.04499999945498183 0
0.04285714328572103 -0.04357142804512616 0
0.04285714328572433 -0.04214285663527068 0
0.04285714328572764 -0.04071428522541523 0
0.04285714328573095 -0.03928571381555872 0
0.04285714328573426 -0.03785714240570186 0
0.04285714328573756 -0.03642857099584498 0
0.04285714328574086 -0.03499999958598808 0
0.04285714328574418 -0.03357142817613215 0
0.04285714328574748 -0.03214285676627524 0
0.04285714328575078 -0.0307142853564191 0
0.04285714328575409 -0.02928571394656398 0
0.0428571432857574 -0.02785714253670604 0
0.04285714328576072 -0.02642857112685046 0
0.04285714328576402 -0.02499999971699326 0
0.04285714328576733 -0.02357142830713697 0
0.04285714328577063 -0.02214285689727968 0
0.04285714328577393 -0.02071428548742299 0
0.04285714328577725 -0.01928571407756613 0
0.04285714328578057 -0.01785714266770904 0
0.04285714328578387 -0.01642857125785255 0
0.04285714328578717 -0.01499999984799507 0
0.04285714328579049 -0.01357142843813898 0
0.04285714328579378 -0.01214285702828112 0
0.04285714328579711 -0.01071428561842635 0
0.04285714328580041 -0.009285714208569679 0
0.04285714328580371 -0.007857142798714268 0
0.04285714328580702 -0.006428571388858466 0
0.04285714328581032 -0.004999999979000167 0
0.04285714328581364 -0.003571428569143604 0
0.04285714328581695 -0.002142857159284951 0
0.04285714328582025 -0.0007142857494285494 0
0.04285714328582356 0.0007142856604290394 0
0.04285714328582687 0.002142857070285448 0
0.04285714328583017 0.00357142848014296 0
0.04428571472845756 -0.09357142739014128 0
0.04428571472846096 -0.09214285598028164 0
0.04428571472846438 -0.09071428457042448 0
0.0442857147284678 -0.08928571316056576 0
0.04428571472847121 -0.08785714175070888 0
0.04428571472847462 -0.08642857034084746 0
0.04428571472847804 -0.08499999893099096 0
0.04428571472848146 -0.083571427521132 0
0.04428571472848487 -0.08214285611127571 0
0.04428571472848829 -0.08071428470141996 0
0.04428571472849172 -0.07928571329156299 0
0.04428571472849512 -0.07785714188170649 0
0.04428571472849854 -0.07642857047184737 0
0.04428571472850195 -0.07499999906199056 0
0.04428571472850537 -0.07357142765213197 0
0.04428571472850878 -0.07214285624227462 0
0.0442857147285122 -0.07071428483241654 0
0.04428571472851561 -0.06928571342255867 0
0.04428571472851903 -0.06785714201270113 0
0.04428571472852246 -0.06642857060284278 0
0.04428571472852585 -0.06499999919298573 0
0.04428571472852927 -0.06357142778312833 0
0.0442857147285327 -0.06214285637327268 0
0.04428571472853611 -0.06071428496341347 0
0.04428571472853953 -0.05928571355355792 0
0.04428571472854294 -0.05785714214370107 0
0.04428571472854635 -0.05642857073384316 0
0.04428571472854977 -0.05499999932398656 0
0.04428571472855318 -0.05357142791412873 0
0.0442857147285566 -0.0521428565042709 0
0.04428571472856002 -0.05071428509441306 0
0.04428571472856344 -0.04928571368455553 0
0.04428571472856684 -0.04785714227469879 0
0.04428571472857028 -0.04642857086484203 0
0.04428571472857368 -0.04499999945498546 0
0.04428571472857709 -0.04357142804512969 0
0.04428571472858051 -0.04214285663527408 0
0.04428571472858393 -0.04071428522541846 0
0.04428571472858735 -0.03928571381556187 0
0.04428571472859076 -0.0378571424057049 0
0.04428571472859417 -0.03642857099584788 0
0.04428571472859759 -0.0349999995859909 0
0.044285714728601 -0.03357142817613488 0
0.04428571472860442 -0.03214285676627788 0
0.04428571472860784 -0.03071428535642165 0
0.04428571472861124 -0.0292857139465665 0
0.04428571472861467 -0.02785714253670841 0
0.04428571472861807 -0.02642857112685274 0
0.0442857147286215 -0.02499999971699539 0
0.04428571472862491 -0.02357142830713902 0
0.04428571472862833 -0.02214285689728162 0
0.04428571472863175 -0.02071428548742484 0
0.04428571472863516 -0.01928571407756785 0
0.04428571472863858 -0.01785714266771065 0
0.044285714728642 -0.01642857125785406 0
0.0442857147286454 -0.01499999984799646 0
0.04428571472864883 -0.01357142843814029 0
0.04428571472865225 -0.0121428570282823 0
0.04428571472865565 -0.01071428561842743 0
0.04428571472865907 -0.009285714208570594 0
0.04428571472866248 -0.007857142798715116 0
0.0442857147286659 -0.006428571388859256 0
0.04428571472866931 -0.004999999979000833 0
0.04428571472867273 -0.003571428569144215 0
0.04428571472867614 -0.00214285715928544 0
0.04428571472867955 -0.000714285749428971 0
0.04428571472868297 0.0007142856604287471 0
0.04428571472868639 0.002142857070285243 0
0.04428571472868979 0.003571428480142864 0
0.045714286171311 -0.09357142739014138 0
0.04571428617131455 -0.09214285598028181 0
0.04571428617131809 -0.09071428457042473 0
0.04571428617132161 -0.08928571316056609 0
0.04571428617132514 -0.08785714175070933 0
0.04571428617132868 -0.08642857034084797 0
0.04571428617133221 -0.08499999893099154 0
0.04571428617133573 -0.08357142752113272 0
0.04571428617133928 -0.08214285611127647 0
0.04571428617134281 -0.08071428470142081 0
0.04571428617134634 -0.07928571329156403 0
0.04571428617134989 -0.07785714188170763 0
0.04571428617135341 -0.07642857047184862 0
0.04571428617135693 -0.07499999906199192 0
0.04571428617136047 -0.07357142765213344 0
0.04571428617136401 -0.07214285624227618 0
0.04571428617136754 -0.07071428483241819 0
0.04571428617137108 -0.06928571342256043 0
0.04571428617137462 -0.06785714201270299 0
0.04571428617137814 -0.06642857060284475 0
0.04571428617138167 -0.06499999919298778 0
0.0457142861713852 -0.06357142778313056 0
0.04571428617138873 -0.06214285637327506 0
0.04571428617139228 -0.06071428496341597 0
0.04571428617139581 -0.05928571355356049 0
0.04571428617139935 -0.0578571421437037 0
0.04571428617140287 -0.05642857073384591 0
0.04571428617140641 -0.05499999932398938 0
0.04571428617140995 -0.05357142791413166 0
0.04571428617141347 -0.05214285650427392 0
0.04571428617141701 -0.05071428509441618 0
0.04571428617142055 -0.04928571368455876 0
0.04571428617142408 -0.04785714227470216 0
0.04571428617142761 -0.04642857086484557 0
0.04571428617143114 -0.04499999945498909 0
0.04571428617143468 -0.04357142804513323 0
0.0457142861714382 -0.04214285663527747 0
0.04571428617144173 -0.04071428522542172 0
0.04571428617144528 -0.039285713815565 0
0.04571428617144882 -0.03785714240570792 0
0.04571428617145235 -0.03642857099585082 0
0.04571428617145588 -0.03499999958599372 0
0.04571428617145941 -0.03357142817613763 0
0.04571428617146293 -0.03214285676628051 0
0.04571428617146647 -0.0307142853564242 0
0.04571428617147001 -0.02928571394656899 0
0.04571428617147354 -0.02785714253671076 0
0.04571428617147708 -0.02642857112685503 0
0.04571428617148061 -0.02499999971699753 0
0.04571428617148414 -0.02357142830714108 0
0.04571428617148768 -0.02214285689728356 0
0.04571428617149122 -0.02071428548742667 0
0.04571428617149474 -0.01928571407756959 0
0.04571428617149828 -0.01785714266771227 0
0.04571428617150182 -0.01642857125785559 0
0.04571428617150534 -0.01499999984799786 0
0.04571428617150887 -0.01357142843814161 0
0.04571428617151241 -0.01214285702828348 0
0.04571428617151595 -0.01071428561842851 0
0.04571428617151947 -0.009285714208571509 0
0.04571428617152301 -0.007857142798715968 0
0.04571428617152656 -0.006428571388860043 0
0.04571428617153007 -0.004999999979001499 0
0.04571428617153361 -0.003571428569144828 0
0.04571428617153715 -0.002142857159285928 0
0.04571428617154068 -0.0007142857494293934 0
0.0457142861715442 0.0007142856604284531 0
0.04571428617154774 0.002142857070285038 0
0.04571428617155128 0.003571428480142769 0
0.04714285761416358 -0.09357142739014143 0
0.04714285761416721 -0.09214285598028191 0
0.04714285761417088 -0.09071428457042495 0
0.04714285761417451 -0.08928571316056647 0
0.04714285761417818 -0.08785714175070974 0
0.04714285761418182 -0.08642857034084848 0
0.04714285761418548 -0.0849999989309921 0
0.04714285761418913 -0.08357142752113339 0
0.04714285761419279 -0.08214285611127727 0
0.04714285761419643 -0.08071428470142168 0
0.04714285761420009 -0.07928571329156506 0
0.04714285761420374 -0.07785714188170877 0
0.04714285761420739 -0.07642857047184989 0
0.04714285761421103 -0.07499999906199324 0
0.04714285761421469 -0.07357142765213488 0
0.04714285761421834 -0.07214285624227773 0
0.04714285761422198 -0.07071428483241987 0
0.04714285761422564 -0.06928571342256222 0
0.04714285761422929 -0.06785714201270485 0
0.04714285761423294 -0.06642857060284674 0
0.04714285761423659 -0.06499999919298988 0
0.04714285761424024 -0.06357142778313281 0
0.04714285761424389 -0.06214285637327739 0
0.04714285761424754 -0.06071428496341847 0
0.0471428576142512 -0.05928571355356303 0
0.04714285761425484 -0.05785714214370635 0
0.0471428576142585 -0.05642857073384865 0
0.04714285761426215 -0.05499999932399218 0
0.04714285761426579 -0.05357142791413457 0
0.04714285761426944 -0.05214285650427694 0
0.0471428576142731 -0.05071428509441932 0
0.04714285761427675 -0.04928571368456203 0
0.0471428576142804 -0.04785714227470555 0
0.04714285761428405 -0.0464285708648491 0
0.0471428576142877 -0.04499999945499273 0
0.04714285761429135 -0.04357142804513676 0
0.047142857614295 -0.04214285663528085 0
0.04714285761429865 -0.04071428522542497 0
0.0471428576143023 -0.03928571381556814 0
0.04714285761430596 -0.03785714240571095 0
0.0471428576143096 -0.03642857099585374 0
0.04714285761431326 -0.03499999958599653 0
0.0471428576143169 -0.03357142817614037 0
0.04714285761432055 -0.03214285676628312 0
0.04714285761432421 -0.03071428535642676 0
0.04714285761432786 -0.0292857139465715 0
0.04714285761433151 -0.02785714253671312 0
0.04714285761433517 -0.02642857112685731 0
0.04714285761433881 -0.02499999971699967 0
0.04714285761434246 -0.02357142830714313 0
0.04714285761434612 -0.02214285689728549 0
0.04714285761434976 -0.02071428548742851 0
0.04714285761435341 -0.01928571407757131 0
0.04714285761435708 -0.01785714266771389 0
0.04714285761436071 -0.01642857125785711 0
0.04714285761436438 -0.01499999984799925 0
0.04714285761436803 -0.01357142843814293 0
0.04714285761437167 -0.01214285702828465 0
0.04714285761437531 -0.01071428561842959 0
0.04714285761437897 -0.009285714208572425 0
0.04714285761438262 -0.007857142798716819 0
0.04714285761438627 -0.006428571388860826 0
0.04714285761438992 -0.004999999979002164 0
0.04714285761439357 -0.00357142856914544 0
0.04714285761439722 -0.002142857159286415 0
0.04714285761440087 -0.0007142857494298162 0
0.04714285761440454 0.0007142856604281599 0
0.04714285761440817 0.002142857070284834 0
0.04714285761441184 0.003571428480142671 0
0.04857142905701659 -0.09357142739014149 0
0.04857142905702037 -0.09214285598028209 0
0.04857142905702413 -0.09071428457042517 0
0.04857142905702791 -0.0892857131605668 0
0.0485714290570317 -0.08785714175071016 0
0.04857142905703549 -0.08642857034084898 0
0.04857142905703925 -0.08499999893099265 0
0.04857142905704304 -0.08357142752113413 0
0.04857142905704681 -0.08214285611127803 0
0.04857142905705059 -0.0807142847014225 0
0.04857142905705436 -0.07928571329156611 0
0.04857142905705815 -0.07785714188170988 0
0.04857142905706192 -0.07642857047185114 0
0.04857142905706571 -0.07499999906199459 0
0.04857142905706949 -0.07357142765213634 0
0.04857142905707325 -0.07214285624227927 0
0.04857142905707704 -0.07071428483242152 0
0.04857142905708081 -0.069285713422564 0
0.04857142905708459 -0.06785714201270673 0
0.04857142905708835 -0.06642857060284874 0
0.04857142905709214 -0.06499999919299194 0
0.0485714290570959 -0.06357142778313508 0
0.0485714290570997 -0.06214285637327978 0
0.04857142905710347 -0.06071428496342098 0
0.04857142905710726 -0.05928571355356558 0
0.04857142905711102 -0.05785714214370895 0
0.04857142905711483 -0.05642857073385139 0
0.0485714290571186 -0.05499999932399501 0
0.04857142905712238 -0.05357142791413749 0
0.04857142905712615 -0.05214285650427997 0
0.04857142905712993 -0.05071428509442245 0
0.04857142905713369 -0.04928571368456528 0
0.04857142905713747 -0.04785714227470894 0
0.04857142905714126 -0.04642857086485262 0
0.04857142905714504 -0.04499999945499636 0
0.04857142905714881 -0.04357142804514028 0
0.0485714290571526 -0.04214285663528423 0
0.04857142905715638 -0.04071428522542821 0
0.04857142905716015 -0.03928571381557126 0
0.04857142905716393 -0.03785714240571397 0
0.0485714290571677 -0.03642857099585665 0
0.04857142905717148 -0.03499999958599935 0
0.04857142905717525 -0.03357142817614311 0
0.04857142905717904 -0.03214285676628575 0
0.04857142905718281 -0.03071428535642931 0
0.0485714290571866 -0.029285713946574 0
0.04857142905719036 -0.0278571425367155 0
0.04857142905719415 -0.02642857112685959 0
0.04857142905719793 -0.0249999997170018 0
0.0485714290572017 -0.02357142830714518 0
0.04857142905720548 -0.02214285689728742 0
0.04857142905720925 -0.02071428548743034 0
0.04857142905721303 -0.01928571407757304 0
0.04857142905721681 -0.0178571426677155 0
0.0485714290572206 -0.01642857125785863 0
0.04857142905722438 -0.01499999984800065 0
0.04857142905722815 -0.01357142843814425 0
0.04857142905723193 -0.01214285702828583 0
0.0485714290572357 -0.01071428561843067 0
0.04857142905723948 -0.009285714208573341 0
0.04857142905724325 -0.007857142798717669 0
0.04857142905724704 -0.006428571388861611 0
0.04857142905725082 -0.00499999997900283 0
0.04857142905725459 -0.003571428569146053 0
0.04857142905725838 -0.002142857159286904 0
0.04857142905726215 -0.0007142857494302382 0
0.04857142905726593 0.0007142856604278667 0
0.0485714290572697 0.00214285707028463 0
0.04857142905727348 0.003571428480142576 0
0.05000000049987136 -0.09357142739014157 0
0.0500000004998752 -0.09214285598028221 0
0.05000000049987906 -0.09071428457042539 0
0.0500000004998829 -0.0892857131605672 0
0.05000000049988675 -0.08785714175071062 0
0.0500000004998906 -0.08642857034084947 0
0.05000000049989443 -0.08499999893099326 0
0.05000000049989828 -0.08357142752113482 0
0.05000000049990214 -0.08214285611127881 0
0.05000000049990598 -0.08071428470142333 0
0.05000000049990985 -0.07928571329156717 0
0.05000000049991367 -0.07785714188171097 0
0.05000000049991753 -0.07642857047185241 0
0.05000000049992137 -0.07499999906199591 0
0.05000000049992522 -0.07357142765213784 0
0.05000000049992907 -0.07214285624228087 0
0.05000000049993292 -0.0707142848324232 0
0.05000000049993676 -0.06928571342256577 0
0.05000000049994061 -0.06785714201270862 0
0.05000000049994445 -0.06642857060285075 0
0.0500000004999483 -0.06499999919299405 0
0.05000000049995215 -0.06357142778313736 0
0.050000000499956 -0.06214285637328213 0
0.05000000049995984 -0.06071428496342349 0
0.05000000049996368 -0.05928571355356813 0
0.05000000049996754 -0.05785714214371159 0
0.05000000049997139 -0.05642857073385414 0
0.05000000049997523 -0.05499999932399782 0
0.05000000049997907 -0.05357142791414043 0
0.05000000049998292 -0.05214285650428301 0
0.05000000049998677 -0.0507142850944256 0
0.05000000049999061 -0.04928571368456853 0
0.05000000049999447 -0.04785714227471236 0
0.05000000049999832 -0.04642857086485618 0
0.05000000050000215 -0.04499999945499999 0
0.05000000050000601 -0.04357142804514382 0
0.05000000050000986 -0.04214285663528765 0
0.0500000005000137 -0.04071428522543148 0
0.05000000050001755 -0.03928571381557439 0
0.05000000050002139 -0.03785714240571699 0
0.05000000050002525 -0.03642857099585958 0
0.05000000050002909 -0.03499999958600216 0
0.05000000050003293 -0.03357142817614586 0
0.05000000050003678 -0.03214285676628839 0
0.05000000050004062 -0.03071428535643186 0
0.05000000050004448 -0.02928571394657651 0
0.05000000050004832 -0.02785714253671786 0
0.05000000050005217 -0.02642857112686188 0
0.05000000050005603 -0.02499999971700394 0
0.05000000050005986 -0.02357142830714723 0
0.05000000050006372 -0.02214285689728936 0
0.05000000050006757 -0.02071428548743217 0
0.0500000005000714 -0.01928571407757476 0
0.05000000050007525 -0.01785714266771711 0
0.05000000050007909 -0.01642857125786015 0
0.05000000050008295 -0.01499999984800205 0
0.0500000005000868 -0.01357142843814556 0
0.05000000050009064 -0.012142857028287 0
0.0500000005000945 -0.01071428561843175 0
0.05000000050009833 -0.009285714208574252 0
0.05000000050010218 -0.007857142798718519 0
0.05000000050010602 -0.006428571388862395 0
0.05000000050010987 -0.004999999979003496 0
0.05000000050011374 -0.003571428569146664 0
0.05000000050011756 -0.002142857159287394 0
0.05000000050012142 -0.000714285749430661 0
0.05000000050012526 0.000714285660427574 0
0.05000000050012911 0.002142857070284426 0
0.05000000050013297 0.003571428480142478 0
0.05142857194273073 -0.09357142739014165 0
0.0514285719427345 -0.09214285598028236 0
0.05142857194273828 -0.09071428457042564 0
0.05142857194274206 -0.08928571316056753 0
0.05142857194274584 -0.08785714175071106 0
0.05142857194274963 -0.08642857034084997 0
0.0514285719427534 -0.08499999893099382 0
0.05142857194275718 -0.0835714275211355 0
0.05142857194276097 -0.08214285611127957 0
0.05142857194276475 -0.08071428470142419 0
0.05142857194276852 -0.07928571329156822 0
0.05142857194277231 -0.07785714188171208 0
0.05142857194277609 -0.07642857047185367 0
0.05142857194277987 -0.07499999906199725 0
0.05142857194278365 -0.07357142765213927 0
0.05142857194278744 -0.07214285624228242 0
0.05142857194279122 -0.07071428483242488 0
0.05142857194279501 -0.06928571342256754 0
0.05142857194279878 -0.06785714201271048 0
0.05142857194280257 -0.06642857060285275 0
0.05142857194280634 -0.06499999919299611 0
0.05142857194281011 -0.06357142778313959 0
0.0514285719428139 -0.06214285637328449 0
0.05142857194281769 -0.06071428496342599 0
0.05142857194282147 -0.05928571355357068 0
0.05142857194282525 -0.05785714214371423 0
0.05142857194282903 -0.05642857073385688 0
0.0514285719428328 -0.05499999932400065 0
0.05142857194283659 -0.05357142791414334 0
0.05142857194284039 -0.05214285650428603 0
0.05142857194284416 -0.05071428509442873 0
0.05142857194284794 -0.04928571368457178 0
0.05142857194285172 -0.04785714227471574 0
0.05142857194285549 -0.04642857086485969 0
0.0514285719428593 -0.04499999945500364 0
0.05142857194286306 -0.04357142804514736 0
0.05142857194286685 -0.04214285663529103 0
0.05142857194287062 -0.04071428522543474 0
0.05142857194287441 -0.03928571381557752 0
0.0514285719428782 -0.03785714240572003 0
0.05142857194288197 -0.03642857099586251 0
0.05142857194288575 -0.03499999958600498 0
0.05142857194288954 -0.0335714281761486 0
0.05142857194289333 -0.03214285676629103 0
0.0514285719428971 -0.03071428535643442 0
0.05142857194290087 -0.02928571394657902 0
0.05142857194290465 -0.02785714253672022 0
0.05142857194290846 -0.02642857112686416 0
0.05142857194291223 -0.02499999971700609 0
0.051428571942916 -0.02357142830714928 0
0.05142857194291979 -0.02214285689729129 0
0.05142857194292356 -0.020714285487434 0
0.05142857194292736 -0.0192857140775765 0
0.05142857194293113 -0.01785714266771873 0
0.05142857194293492 -0.01642857125786168 0
0.0514285719429387 -0.01499999984800344 0
0.05142857194294248 -0.01357142843814688 0
0.05142857194294626 -0.01214285702828818 0
0.05142857194295005 -0.01071428561843283 0
0.05142857194295382 -0.009285714208575165 0
0.05142857194295761 -0.007857142798719369 0
0.05142857194296138 -0.006428571388863182 0
0.05142857194296517 -0.004999999979004162 0
0.05142857194296896 -0.003571428569147276 0
0.05142857194297274 -0.002142857159287881 0
0.05142857194297651 -0.0007142857494310834 0
0.05142857194298028 0.0007142856604272804 0
0.05142857194298409 0.002142857070284221 0
0.05142857194298787 0.003571428480142384 0
0.05285714338559226 -0.09357142739014172 0
0.05285714338559589 -0.09214285598028252 0
0.05285714338559958 -0.09071428457042587 0
0.05285714338560321 -0.08928571316056792 0
0.05285714338560688 -0.08785714175071146 0
0.05285714338561054 -0.08642857034085047 0
0.05285714338561419 -0.08499999893099437 0
0.05285714338561787 -0.08357142752113621 0
0.05285714338562152 -0.08214285611128033 0
0.05285714338562517 -0.08071428470142505 0
0.05285714338562883 -0.07928571329156929 0
0.05285714338563248 -0.07785714188171321 0
0.05285714338563614 -0.07642857047185493 0
0.05285714338563981 -0.07499999906199857 0
0.05285714338564346 -0.07357142765214075 0
0.05285714338564711 -0.07214285624228396 0
0.05285714338565076 -0.07071428483242655 0
0.05285714338565442 -0.06928571342256933 0
0.05285714338565808 -0.06785714201271238 0
0.05285714338566173 -0.06642857060285474 0
0.0528571433856654 -0.06499999919299822 0
0.05285714338566906 -0.06357142778314187 0
0.05285714338567271 -0.06214285637328688 0
0.05285714338567638 -0.06071428496342848 0
0.05285714338568004 -0.05928571355357324 0
0.0528571433856837 -0.05785714214371685 0
0.05285714338568735 -0.05642857073385962 0
0.052857143385691 -0.05499999932400345 0
0.05285714338569467 -0.05357142791414626 0
0.05285714338569833 -0.05214285650428906 0
0.05285714338570197 -0.05071428509443186 0
0.05285714338570564 -0.04928571368457502 0
0.05285714338570929 -0.04785714227471913 0
0.05285714338571296 -0.04642857086486323 0
0.05285714338571662 -0.04499999945500727 0
0.05285714338572027 -0.04357142804515089 0
0.05285714338572392 -0.04214285663529441 0
0.05285714338572758 -0.04071428522543798 0
0.05285714338573125 -0.03928571381558065 0
0.05285714338573488 -0.03785714240572305 0
0.05285714338573856 -0.03642857099586543 0
0.05285714338574221 -0.03499999958600779 0
0.05285714338574588 -0.03357142817615134 0
0.05285714338574954 -0.03214285676629366 0
0.0528571433857532 -0.03071428535643697 0
0.05285714338575684 -0.02928571394658152 0
0.0528571433857605 -0.02785714253672259 0
0.05285714338576416 -0.02642857112686644 0
0.05285714338576782 -0.02499999971700823 0
0.05285714338577147 -0.02357142830715134 0
0.05285714338577513 -0.02214285689729322 0
0.05285714338577879 -0.02071428548743584 0
0.05285714338578245 -0.01928571407757822 0
0.05285714338578609 -0.01785714266772035 0
0.05285714338578977 -0.0164285712578632 0
0.05285714338579342 -0.01499999984800484 0
0.05285714338579708 -0.01357142843814819 0
0.05285714338580075 -0.01214285702828936 0
0.05285714338580438 -0.01071428561843391 0
0.05285714338580805 -0.009285714208576082 0
0.05285714338581171 -0.007857142798720219 0
0.05285714338581537 -0.00642857138886397 0
0.05285714338581902 -0.00499999997900483 0
0.05285714338582267 -0.003571428569147888 0
0.05285714338582634 -0.002142857159288369 0
0.05285714338583 -0.0007142857494315058 0
0.05285714338583365 0.0007142856604269872 0
0.05285714338583732 0.002142857070284017 0
0.05285714338584097 0.003571428480142286 0
0.05428571482845267 -0.09357142739014178 0
0.05428571482845621 -0.09214285598028263 0
0.05428571482845975 -0.09071428457042612 0
0.0542857148284633 -0.08928571316056824 0
0.05428571482846685 -0.08785714175071188 0
0.05428571482847039 -0.08642857034085098 0
0.05428571482847395 -0.08499999893099497 0
0.05428571482847749 -0.08357142752113694 0
0.05428571482848103 -0.08214285611128111 0
0.05428571482848457 -0.08071428470142587 0
0.05428571482848812 -0.07928571329157034 0
0.05428571482849166 -0.07785714188171435 0
0.0542857148284952 -0.07642857047185618 0
0.05428571482849875 -0.07499999906199993 0
0.05428571482850228 -0.07357142765214222 0
0.05428571482850585 -0.07214285624228553 0
0.05428571482850937 -0.07071428483242823 0
0.05428571482851292 -0.0692857134225711 0
0.05428571482851646 -0.06785714201271423 0
0.05428571482852 -0.06642857060285673 0
0.05428571482852355 -0.06499999919300026 0
0.05428571482852711 -0.06357142778314415 0
0.05428571482853065 -0.06214285637328921 0
0.05428571482853418 -0.06071428496343102 0
0.05428571482853774 -0.05928571355357579 0
0.05428571482854128 -0.0578571421437195 0
0.05428571482854481 -0.05642857073386237 0
0.05428571482854837 -0.05499999932400627 0
0.05428571482855191 -0.05357142791414918 0
0.05428571482855545 -0.0521428565042921 0
0.054285714828559 -0.05071428509443501 0
0.05428571482856255 -0.04928571368457826 0
0.05428571482856609 -0.04785714227472251 0
0.05428571482856963 -0.04642857086486678 0
0.05428571482857318 -0.04499999945501091 0
0.05428571482857672 -0.04357142804515443 0
0.05428571482858026 -0.0421428566352978 0
0.0542857148285838 -0.04071428522544123 0
0.05428571482858735 -0.03928571381558379 0
0.05428571482859089 -0.03785714240572607 0
0.05428571482859445 -0.03642857099586835 0
0.05428571482859797 -0.03499999958601061 0
0.05428571482860152 -0.03357142817615408 0
0.05428571482860507 -0.0321428567662963 0
0.05428571482860861 -0.03071428535643953 0
0.05428571482861215 -0.02928571394658402 0
0.05428571482861569 -0.02785714253672494 0
0.05428571482861924 -0.02642857112686873 0
0.05428571482862278 -0.02499999971701037 0
0.05428571482862633 -0.02357142830715339 0
0.05428571482862987 -0.02214285689729516 0
0.05428571482863343 -0.02071428548743768 0
0.05428571482863696 -0.01928571407757996 0
0.0542857148286405 -0.01785714266772196 0
0.05428571482864404 -0.01642857125786472 0
0.05428571482864759 -0.01499999984800623 0
0.05428571482865113 -0.01357142843814951 0
0.05428571482865466 -0.01214285702829054 0
0.05428571482865823 -0.01071428561843499 0
0.05428571482866178 -0.009285714208576996 0
0.0542857148286653 -0.007857142798721073 0
0.05428571482866885 -0.006428571388864752 0
0.05428571482867241 -0.004999999979005494 0
0.05428571482867595 -0.003571428569148502 0
0.05428571482867948 -0.002142857159288857 0
0.05428571482868304 -0.0007142857494319282 0
0.05428571482868658 0.0007142856604266945 0
0.05428571482869012 0.002142857070283812 0
0.05428571482869367 0.003571428480142191 0
0.05571428627131402 -0.09357142739014186 0
0.05571428627131747 -0.09214285598028284 0
0.05571428627132089 -0.09071428457042634 0
0.05571428627132432 -0.08928571316056863 0
0.05571428627132775 -0.08785714175071233 0
0.05571428627133118 -0.08642857034085147 0
0.05571428627133461 -0.08499999893099554 0
0.05571428627133803 -0.08357142752113765 0
0.05571428627134149 -0.08214285611128186 0
0.0557142862713449 -0.08071428470142672 0
0.05571428627134833 -0.07928571329157139 0
0.05571428627135175 -0.0778571418817155 0
0.05571428627135518 -0.07642857047185744 0
0.05571428627135861 -0.07499999906200128 0
0.05571428627136205 -0.07357142765214365 0
0.05571428627136548 -0.07214285624228708 0
0.05571428627136891 -0.07071428483242992 0
0.05571428627137233 -0.06928571342257286 0
0.05571428627137578 -0.06785714201271612 0
0.0557142862713792 -0.06642857060285874 0
0.05571428627138262 -0.06499999919300238 0
0.05571428627138605 -0.06357142778314642 0
0.05571428627138948 -0.06214285637329159 0
0.05571428627139291 -0.06071428496343351 0
0.05571428627139634 -0.05928571355357835 0
0.05571428627139977 -0.05785714214372214 0
0.05571428627140319 -0.0564285707338651 0
0.05571428627140663 -0.05499999932400908 0
0.05571428627141007 -0.05357142791415211 0
0.05571428627141348 -0.05214285650429512 0
0.05571428627141693 -0.05071428509443812 0
0.05571428627142035 -0.04928571368458152 0
0.05571428627142378 -0.04785714227472593 0
0.0557142862714272 -0.0464285708648703 0
0.05571428627143064 -0.04499999945501455 0
0.05571428627143406 -0.04357142804515796 0
0.05571428627143749 -0.04214285663530121 0
0.05571428627144093 -0.04071428522544448 0
0.05571428627144434 -0.03928571381558693 0
0.05571428627144778 -0.03785714240572911 0
0.05571428627145123 -0.03642857099587127 0
0.05571428627145464 -0.03499999958601344 0
0.05571428627145808 -0.03357142817615682 0
0.05571428627146149 -0.03214285676629894 0
0.05571428627146494 -0.03071428535644208 0
0.05571428627146835 -0.02928571394658653 0
0.0557142862714718 -0.0278571425367273 0
0.05571428627147522 -0.02642857112687101 0
0.05571428627147865 -0.0249999997170125 0
0.05571428627148207 -0.02357142830715545 0
0.05571428627148552 -0.02214285689729709 0
0.05571428627148895 -0.02071428548743951 0
0.05571428627149236 -0.01928571407758167 0
0.05571428627149581 -0.01785714266772357 0
0.05571428627149923 -0.01642857125786625 0
0.05571428627150266 -0.01499999984800763 0
0.05571428627150609 -0.01357142843815083 0
0.05571428627150951 -0.01214285702829171 0
0.05571428627151296 -0.01071428561843607 0
0.05571428627151637 -0.009285714208577909 0
0.05571428627151982 -0.007857142798721925 0
0.05571428627152324 -0.006428571388865538 0
0.05571428627152667 -0.004999999979006161 0
0.05571428627153011 -0.003571428569149113 0
0.05571428627153353 -0.002142857159289347 0
0.05571428627153696 -0.0007142857494323502 0
0.05571428627154038 0.0007142856604264009 0
0.05571428627154382 0.002142857070283607 0
0.05571428627154723 0.003571428480142093 0
0.05714285771417355 -0.09357142739014195 0
0.05714285771417685 -0.09214285598028292 0
0.0571428577141802 -0.09071428457042655 0
0.05714285771418352 -0.08928571316056896 0
0.05714285771418685 -0.08785714175071277 0
0.05714285771419017 -0.08642857034085201 0
0.05714285771419348 -0.08499999893099608 0
0.05714285771419681 -0.08357142752113833 0
0.05714285771420014 -0.08214285611128264 0
0.05714285771420348 -0.08071428470142757 0
0.0571428577142068 -0.07928571329157244 0
0.05714285771421011 -0.07785714188171659 0
0.05714285771421344 -0.07642857047185869 0
0.05714285771421676 -0.0749999990620026 0
0.0571428577142201 -0.07357142765214517 0
0.05714285771422343 -0.07214285624228864 0
0.05714285771422675 -0.07071428483243158 0
0.05714285771423007 -0.06928571342257465 0
0.05714285771423338 -0.067857142012718 0
0.05714285771423673 -0.06642857060286074 0
0.05714285771424005 -0.06499999919300443 0
0.05714285771424337 -0.06357142778314864 0
0.05714285771424669 -0.06214285637329396 0
0.05714285771425002 -0.06071428496343601 0
0.05714285771425334 -0.05928571355358089 0
0.05714285771425667 -0.05785714214372478 0
0.05714285771426001 -0.05642857073386783 0
0.05714285771426332 -0.0549999993240119 0
0.05714285771426665 -0.05357142791415503 0
0.05714285771426997 -0.05214285650429815 0
0.05714285771427328 -0.05071428509444126 0
0.05714285771427662 -0.04928571368458476 0
0.05714285771427994 -0.04785714227472932 0
0.05714285771428328 -0.04642857086487383 0
0.05714285771428661 -0.04499999945501817 0
0.05714285771428992 -0.0435714280451615 0
0.05714285771429325 -0.04214285663530461 0
0.05714285771429659 -0.04071428522544772 0
0.0571428577142999 -0.03928571381559006 0
0.05714285771430323 -0.03785714240573215 0
0.05714285771430656 -0.0364285709958742 0
0.05714285771430989 -0.03499999958601625 0
0.05714285771431321 -0.03357142817615955 0
0.05714285771431653 -0.03214285676630158 0
0.05714285771431986 -0.03071428535644463 0
0.05714285771432317 -0.02928571394658903 0
0.05714285771432649 -0.02785714253672968 0
0.05714285771432984 -0.02642857112687329 0
0.05714285771433315 -0.02499999971701464 0
0.05714285771433648 -0.02357142830715749 0
0.05714285771433981 -0.02214285689729902 0
0.05714285771434314 -0.02071428548744134 0
0.05714285771434646 -0.01928571407758341 0
0.05714285771434977 -0.01785714266772519 0
0.0571428577143531 -0.01642857125786776 0
0.05714285771435644 -0.01499999984800903 0
0.05714285771435977 -0.01357142843815215 0
0.05714285771436308 -0.01214285702829289 0
0.0571428577143664 -0.01071428561843715 0
0.05714285771436973 -0.009285714208578827 0
0.05714285771437306 -0.007857142798722775 0
0.05714285771437638 -0.00642857138886632 0
0.05714285771437969 -0.004999999979006827 0
0.05714285771438303 -0.003571428569149725 0
0.05714285771438636 -0.002142857159289834 0
0.05714285771438969 -0.0007142857494327726 0
0.057142857714393 0.0007142856604261077 0
0.05714285771439633 0.002142857070283402 0
0.05714285771439965 0.003571428480141998 0
0.05857142915703531 -0.09357142739014199 0
0.05857142915703851 -0.09214285598028311 0
0.0585714291570417 -0.09071428457042677 0
0.05857142915704491 -0.08928571316056934 0
0.05857142915704812 -0.08785714175071319 0
0.05857142915705132 -0.08642857034085248 0
0.05857142915705453 -0.08499999893099666 0
0.05857142915705772 -0.08357142752113907 0
0.05857142915706092 -0.0821428561112834 0
0.05857142915706411 -0.08071428470142843 0
0.05857142915706733 -0.07928571329157348 0
0.05857142915707053 -0.0778571418817177 0
0.05857142915707373 -0.07642857047185994 0
0.05857142915707693 -0.07499999906200397 0
0.05857142915708013 -0.07357142765214661 0
0.05857142915708333 -0.07214285624229019 0
0.05857142915708655 -0.07071428483243324 0
0.05857142915708974 -0.06928571342257644 0
0.05857142915709294 -0.06785714201271986 0
0.05857142915709615 -0.06642857060286272 0
0.05857142915709934 -0.06499999919300652 0
0.05857142915710256 -0.06357142778315092 0
0.05857142915710575 -0.06214285637329631 0
0.05857142915710895 -0.06071428496343851 0
0.05857142915711216 -0.05928571355358345 0
0.05857142915711536 -0.05785714214372741 0
0.05857142915711856 -0.05642857073387059 0
0.05857142915712177 -0.05499999932401471 0
0.05857142915712496 -0.05357142791415796 0
0.05857142915712818 -0.05214285650430117 0
0.05857142915713137 -0.05071428509444438 0
0.05857142915713457 -0.04928571368458801 0
0.05857142915713778 -0.04785714227473269 0
0.05857142915714098 -0.04642857086487739 0
0.05857142915714418 -0.04499999945502182 0
0.05857142915714739 -0.04357142804516503 0
0.05857142915715059 -0.042142856635308 0
0.0585714291571538 -0.04071428522545097 0
0.05857142915715699 -0.0392857138155932 0
0.0585714291571602 -0.03785714240573518 0
0.0585714291571634 -0.03642857099587712 0
0.05857142915716659 -0.03499999958601907 0
0.0585714291571698 -0.0335714281761623 0
0.05857142915717301 -0.03214285676630421 0
0.0585714291571762 -0.03071428535644719 0
0.05857142915717942 -0.02928571394659154 0
0.05857142915718261 -0.02785714253673204 0
0.05857142915718581 -0.02642857112687558 0
0.05857142915718901 -0.02499999971701677 0
0.05857142915719221 -0.02357142830715955 0
0.05857142915719543 -0.02214285689730095 0
0.05857142915719862 -0.02071428548744317 0
0.05857142915720181 -0.01928571407758513 0
0.05857142915720502 -0.0178571426677268 0
0.05857142915720823 -0.01642857125786928 0
0.05857142915721143 -0.01499999984801043 0
0.05857142915721464 -0.01357142843815346 0
0.05857142915721783 -0.01214285702829407 0
0.05857142915722102 -0.01071428561843823 0
0.05857142915722425 -0.009285714208579739 0
0.05857142915722743 -0.007857142798723626 0
0.05857142915723065 -0.006428571388867108 0
0.05857142915723385 -0.004999999979007493 0
0.05857142915723704 -0.003571428569150338 0
0.05857142915724026 -0.002142857159290322 0
0.05857142915724344 -0.0007142857494331955 0
0.05857142915724664 0.0007142856604258146 0
0.05857142915724986 0.002142857070283198 0
0.05857142915725305 0.003571428480141901 0
0.06000000059989574 -0.09357142739014207 0
0.06000000059989884 -0.0921428559802832 0
0.06000000059990195 -0.09071428457042702 0
0.06000000059990505 -0.08928571316056967 0
0.06000000059990814 -0.08785714175071364 0
0.06000000059991123 -0.08642857034085301 0
0.06000000059991434 -0.08499999893099726 0
0.06000000059991743 -0.08357142752113977 0
0.06000000059992053 -0.08214285611128419 0
0.06000000059992363 -0.08071428470142927 0
0.06000000059992672 -0.07928571329157449 0
0.0600000005999298 -0.07785714188171881 0
0.06000000059993292 -0.07642857047186122 0
0.06000000059993603 -0.07499999906200529 0
0.06000000059993911 -0.07357142765214805 0
0.0600000005999422 -0.07214285624229178 0
0.06000000059994531 -0.07071428483243489 0
0.06000000059994841 -0.06928571342257821 0
0.06000000059995149 -0.06785714201272172 0
0.0600000005999546 -0.06642857060286469 0
0.06000000059995769 -0.0649999991930086 0
0.0600000005999608 -0.06357142778315319 0
0.06000000059996388 -0.06214285637329868 0
0.060000000599967 -0.06071428496344104 0
0.06000000059997009 -0.059285713553586 0
0.06000000059997319 -0.05785714214373005 0
0.06000000059997626 -0.05642857073387333 0
0.06000000059997936 -0.05499999932401754 0
0.06000000059998247 -0.05357142791416088 0
0.06000000059998557 -0.0521428565043042 0
0.06000000059998865 -0.05071428509444752 0
0.06000000059999176 -0.04928571368459129 0
0.06000000059999484 -0.04785714227473609 0
0.06000000059999796 -0.04642857086488091 0
0.06000000060000106 -0.04499999945502545 0
0.06000000060000415 -0.04357142804516857 0
0.06000000060000725 -0.04214285663531137 0
0.06000000060001034 -0.04071428522545422 0
0.06000000060001344 -0.03928571381559633 0
0.06000000060001655 -0.0378571424057382 0
0.06000000060001962 -0.03642857099588004 0
0.06000000060002273 -0.03499999958602187 0
0.06000000060002583 -0.03357142817616505 0
0.06000000060002892 -0.03214285676630685 0
0.06000000060003204 -0.03071428535644974 0
0.06000000060003511 -0.02928571394659404 0
0.06000000060003821 -0.0278571425367344 0
0.06000000060004132 -0.02642857112687786 0
0.06000000060004441 -0.02499999971701891 0
0.0600000006000475 -0.0235714283071616 0
0.0600000006000506 -0.02214285689730289 0
0.06000000060005371 -0.020714285487445 0
0.06000000060005679 -0.01928571407758685 0
0.0600000006000599 -0.01785714266772842 0
0.060000000600063 -0.01642857125787081 0
0.06000000060006608 -0.01499999984801182 0
0.06000000060006917 -0.01357142843815478 0
0.06000000060007228 -0.01214285702829525 0
0.06000000060007539 -0.01071428561843931 0
0.06000000060007848 -0.009285714208580653 0
0.06000000060008157 -0.007857142798724476 0
0.06000000060008467 -0.006428571388867894 0
0.06000000060008777 -0.004999999979008159 0
0.06000000060009086 -0.003571428569150949 0
0.06000000060009397 -0.002142857159290811 0
0.06000000060009707 -0.0007142857494336176 0
0.06000000060010017 0.0007142856604255214 0
0.06000000060010325 0.002142857070282994 0
0.06000000060010636 0.003571428480141806 0
0.06142857204275667 -0.09357142739014215 0
0.06142857204275965 -0.09214285598028338 0
0.06142857204276261 -0.09071428457042724 0
0.0614285720427656 -0.08928571316057006 0
0.06142857204276857 -0.08785714175071405 0
0.06142857204277154 -0.08642857034085351 0
0.06142857204277451 -0.08499999893099781 0
0.0614285720427775 -0.0835714275211405 0
0.06142857204278047 -0.08214285611128498 0
0.06142857204278343 -0.08071428470143011 0
0.0614285720427864 -0.07928571329157555 0
0.06142857204278936 -0.07785714188171992 0
0.06142857204279234 -0.07642857047186248 0
0.06142857204279532 -0.07499999906200662 0
0.06142857204279829 -0.07357142765214955 0
0.06142857204280128 -0.07214285624229333 0
0.06142857204280425 -0.07071428483243657 0
0.06142857204280722 -0.06928571342257998 0
0.06142857204281019 -0.06785714201272361 0
0.06142857204281317 -0.06642857060286671 0
0.06142857204281614 -0.06499999919301069 0
0.06142857204281911 -0.06357142778315544 0
0.06142857204282208 -0.06214285637330103 0
0.06142857204282507 -0.06071428496344353 0
0.06142857204282803 -0.05928571355358855 0
0.061428572042831 -0.05785714214373268 0
0.06142857204283397 -0.05642857073387607 0
0.06142857204283694 -0.05499999932402035 0
0.06142857204283993 -0.05357142791416379 0
0.0614285720428429 -0.05214285650430724 0
0.06142857204284587 -0.05071428509445065 0
0.06142857204284885 -0.04928571368459454 0
0.06142857204285181 -0.04785714227473947 0
0.06142857204285479 -0.04642857086488444 0
0.06142857204285776 -0.0449999994550291 0
0.06142857204286074 -0.04357142804517209 0
0.06142857204286372 -0.04214285663531477 0
0.06142857204286668 -0.04071428522545747 0
0.06142857204286965 -0.03928571381559947 0
0.06142857204287262 -0.03785714240574124 0
0.06142857204287559 -0.03642857099588297 0
0.06142857204287859 -0.0349999995860247 0
0.06142857204288155 -0.03357142817616778 0
0.06142857204288453 -0.03214285676630946 0
0.0614285720428875 -0.0307142853564523 0
0.06142857204289048 -0.02928571394659655 0
0.06142857204289344 -0.02785714253673677 0
0.06142857204289642 -0.02642857112688015 0
0.06142857204289939 -0.02499999971702105 0
0.06142857204290238 -0.02357142830716365 0
0.06142857204290535 -0.02214285689730482 0
0.06142857204290832 -0.02071428548744684 0
0.06142857204291129 -0.01928571407758858 0
0.06142857204291426 -0.01785714266773003 0
0.06142857204291723 -0.01642857125787233 0
0.0614285720429202 -0.01499999984801322 0
0.06142857204292318 -0.01357142843815609 0
0.06142857204292614 -0.01214285702829642 0
0.06142857204292914 -0.01071428561844039 0
0.0614285720429321 -0.009285714208581571 0
0.06142857204293507 -0.007857142798725326 0
0.06142857204293804 -0.00642857138886868 0
0.06142857204294102 -0.004999999979008824 0
0.061428572042944 -0.003571428569151562 0
0.06142857204294695 -0.002142857159291301 0
0.06142857204294995 -0.0007142857494340403 0
0.06142857204295293 0.0007142856604252284 0
0.06142857204295589 0.002142857070282789 0
0.06142857204295886 0.003571428480141708 0
0.0628571434856154 -0.09357142739014221 0
0.06285714348561829 -0.09214285598028348 0
0.06285714348562121 -0.0907142845704275 0
0.06285714348562411 -0.08928571316057041 0
0.062857143485627 -0.08785714175071449 0
0.06285714348562992 -0.08642857034085399 0
0.06285714348563283 -0.08499999893099838 0
0.0628571434856357 -0.08357142752114115 0
0.06285714348563863 -0.08214285611128574 0
0.06285714348564155 -0.08071428470143092 0
0.06285714348564446 -0.0792857132915766 0
0.06285714348564735 -0.07785714188172108 0
0.06285714348565026 -0.07642857047186372 0
0.06285714348565317 -0.07499999906200797 0
0.06285714348565606 -0.07357142765215099 0
0.06285714348565898 -0.07214285624229487 0
0.06285714348566189 -0.07071428483243823 0
0.0628571434856648 -0.06928571342258176 0
0.06285714348566769 -0.0678571420127255 0
0.06285714348567061 -0.06642857060286869 0
0.06285714348567352 -0.06499999919301276 0
0.06285714348567643 -0.06357142778315769 0
0.06285714348567932 -0.06214285637330343 0
0.06285714348568223 -0.06071428496344602 0
0.06285714348568514 -0.05928571355359111 0
0.06285714348568804 -0.05785714214373531 0
0.06285714348569094 -0.05642857073387882 0
0.06285714348569386 -0.05499999932402317 0
0.06285714348569675 -0.05357142791416673 0
0.06285714348569967 -0.05214285650431026 0
0.06285714348570258 -0.0507142850944538 0
0.06285714348570548 -0.04928571368459778 0
0.06285714348570838 -0.04785714227474289 0
0.06285714348571129 -0.04642857086488798 0
0.06285714348571421 -0.04499999945503272 0
0.06285714348571712 -0.04357142804517562 0
0.06285714348572001 -0.04214285663531816 0
0.06285714348572292 -0.04071428522546072 0
0.06285714348572584 -0.03928571381560261 0
0.06285714348572873 -0.03785714240574425 0
0.06285714348573164 -0.03642857099588588 0
0.06285714348573455 -0.03499999958602751 0
0.06285714348573744 -0.03357142817617052 0
0.06285714348574035 -0.03214285676631209 0
0.06285714348574326 -0.03071428535645485 0
0.06285714348574616 -0.02928571394659906 0
0.06285714348574907 -0.02785714253673913 0
0.06285714348575198 -0.02642857112688243 0
0.06285714348575487 -0.0249999997170232 0
0.06285714348575779 -0.02357142830716571 0
0.0628571434857607 -0.02214285689730676 0
0.06285714348576359 -0.02071428548744868 0
0.0628571434857665 -0.01928571407759031 0
0.06285714348576942 -0.01785714266773165 0
0.0628571434857723 -0.01642857125787385 0
0.06285714348577524 -0.01499999984801461 0
0.06285714348577813 -0.01357142843815741 0
0.06285714348578104 -0.0121428570282976 0
0.06285714348578396 -0.01071428561844147 0
0.06285714348578687 -0.009285714208582482 0
0.06285714348578975 -0.007857142798726182 0
0.06285714348579267 -0.006428571388869465 0
0.06285714348579556 -0.004999999979009491 0
0.0628571434857985 -0.003571428569152173 0
0.06285714348580139 -0.002142857159291788 0
0.0628571434858043 -0.0007142857494344625 0
0.06285714348580719 0.0007142856604249351 0
0.0628571434858101 0.002142857070282585 0
0.06285714348581299 0.003571428480141613 0
0.06428571492847475 -0.09357142739014228 0
0.06428571492847757 -0.09214285598028364 0
0.06428571492848034 -0.09071428457042773 0
0.06428571492848315 -0.0892857131605708 0
0.06428571492848595 -0.08785714175071495 0
0.06428571492848877 -0.08642857034085449 0
0.06428571492849154 -0.08499999893099898 0
0.06428571492849434 -0.08357142752114188 0
0.06428571492849713 -0.08214285611128652 0
0.06428571492849994 -0.08071428470143177 0
0.06428571492850274 -0.07928571329157766 0
0.06428571492850554 -0.0778571418817222 0
0.06428571492850835 -0.07642857047186499 0
0.06428571492851112 -0.07499999906200928 0
0.06428571492851394 -0.07357142765215247 0
0.06428571492851673 -0.07214285624229644 0
0.06428571492851953 -0.07071428483243991 0
0.06428571492852234 -0.06928571342258355 0
0.06428571492852513 -0.06785714201272738 0
0.06428571492852792 -0.0664285706028707 0
0.06428571492853072 -0.06499999919301484 0
0.06428571492853352 -0.06357142778315997 0
0.06428571492853632 -0.06214285637330576 0
0.06428571492853911 -0.06071428496344854 0
0.0642857149285419 -0.05928571355359367 0
0.06428571492854471 -0.05785714214373792 0
0.06428571492854751 -0.05642857073388154 0
0.06428571492855029 -0.05499999932402598 0
0.06428571492855309 -0.05357142791416963 0
0.06428571492855589 -0.05214285650431329 0
0.0642857149285587 -0.05071428509445693 0
0.0642857149285615 -0.04928571368460103 0
0.06428571492856427 -0.04785714227474627 0
0.06428571492856711 -0.0464285708648915 0
0.06428571492856988 -0.04499999945503635 0
0.06428571492857268 -0.04357142804517917 0
0.06428571492857546 -0.04214285663532156 0
0.06428571492857826 -0.04071428522546398 0
0.06428571492858107 -0.03928571381560574 0
0.06428571492858387 -0.03785714240574729 0
0.06428571492858667 -0.0364285709958888 0
0.06428571492858945 -0.03499999958603032 0
0.06428571492859228 -0.03357142817617326 0
0.06428571492859506 -0.03214285676631473 0
0.06428571492859786 -0.0307142853564574 0
0.06428571492860068 -0.02928571394660156 0
0.06428571492860344 -0.0278571425367415 0
0.06428571492860624 -0.02642857112688471 0
0.06428571492860904 -0.02499999971702534 0
0.06428571492861185 -0.02357142830716775 0
0.06428571492861467 -0.0221428568973087 0
0.06428571492861743 -0.02071428548745052 0
0.06428571492862023 -0.01928571407759204 0
0.06428571492862303 -0.01785714266773327 0
0.06428571492862584 -0.01642857125787537 0
0.06428571492862864 -0.01499999984801601 0
0.06428571492863142 -0.01357142843815873 0
0.06428571492863425 -0.01214285702829877 0
0.06428571492863702 -0.01071428561844255 0
0.06428571492863984 -0.009285714208583398 0
0.06428571492864264 -0.007857142798727026 0
0.06428571492864542 -0.00642857138887025 0
0.06428571492864824 -0.004999999979010157 0
0.06428571492865102 -0.003571428569152785 0
0.06428571492865383 -0.002142857159292275 0
0.06428571492865662 -0.0007142857494348849 0
0.06428571492865943 0.0007142856604246423 0
0.06428571492866221 0.002142857070282381 0
0.064285714928665 0.003571428480141517 0
0.06571428637133898 -0.09357142739014235 0
0.06571428637134165 -0.09214285598028377 0
0.0657142863713443 -0.09071428457042793 0
0.06571428637134692 -0.08928571316057113 0
0.06571428637134959 -0.08785714175071535 0
0.06571428637135225 -0.08642857034085501 0
0.06571428637135489 -0.08499999893099952 0
0.06571428637135758 -0.08357142752114259 0
0.06571428637136022 -0.0821428561112873 0
0.06571428637136285 -0.08071428470143266 0
0.0657142863713655 -0.07928571329157871 0
0.06571428637136818 -0.07785714188172331 0
0.06571428637137082 -0.0764285704718663 0
0.06571428637137348 -0.07499999906201062 0
0.06571428637137612 -0.07357142765215394 0
0.06571428637137879 -0.07214285624229799 0
0.06571428637138144 -0.07071428483244155 0
0.06571428637138409 -0.06928571342258531 0
0.06571428637138675 -0.06785714201272924 0
0.06571428637138939 -0.06642857060287269 0
0.06571428637139205 -0.06499999919301692 0
0.06571428637139472 -0.06357142778316224 0
0.06571428637139735 -0.06214285637330814 0
0.06571428637140002 -0.06071428496345105 0
0.06571428637140264 -0.05928571355359621 0
0.06571428637140532 -0.05785714214374058 0
0.06571428637140798 -0.05642857073388428 0
0.06571428637141062 -0.0549999993240288 0
0.06571428637141329 -0.05357142791417256 0
0.06571428637141592 -0.05214285650431632 0
0.06571428637141859 -0.05071428509446007 0
0.06571428637142125 -0.04928571368460428 0
0.06571428637142392 -0.04785714227474966 0
0.06571428637142654 -0.04642857086489503 0
0.06571428637142922 -0.04499999945503999 0
0.06571428637143185 -0.04357142804518269 0
0.06571428637143452 -0.04214285663532495 0
0.06571428637143718 -0.04071428522546724 0
0.06571428637143982 -0.03928571381560889 0
0.06571428637144248 -0.0378571424057503 0
0.06571428637144512 -0.03642857099589174 0
0.06571428637144779 -0.03499999958603314 0
0.06571428637145042 -0.03357142817617602 0
0.06571428637145309 -0.03214285676631737 0
0.06571428637145571 -0.03071428535645996 0
0.06571428637145839 -0.02928571394660406 0
0.06571428637146105 -0.02785714253674387 0
0.06571428637146372 -0.026428571126887 0
0.06571428637146635 -0.02499999971702748 0
0.06571428637146899 -0.02357142830716981 0
0.06571428637147166 -0.02214285689731062 0
0.06571428637147432 -0.02071428548745235 0
0.06571428637147696 -0.01928571407759377 0
0.06571428637147961 -0.01785714266773488 0
0.06571428637148224 -0.01642857125787689 0
0.06571428637148492 -0.0149999998480174 0
0.06571428637148759 -0.01357142843816005 0
0.06571428637149021 -0.01214285702829995 0
0.0657142863714929 -0.01071428561844363 0
0.06571428637149553 -0.009285714208584312 0
0.06571428637149819 -0.007857142798727882 0
0.06571428637150085 -0.006428571388871032 0
0.06571428637150349 -0.004999999979010823 0
0.06571428637150614 -0.003571428569153399 0
0.06571428637150879 -0.002142857159292764 0
0.06571428637151146 -0.0007142857494353075 0
0.06571428637151412 0.0007142856604243483 0
0.06571428637151679 0.002142857070282177 0
0.06571428637151944 0.003571428480141421 0
0.06714285781420067 -0.09357142739014244 0
0.06714285781420318 -0.09214285598028392 0
0.0671428578142057 -0.09071428457042817 0
0.06714285781420823 -0.0892857131605715 0
0.06714285781421073 -0.08785714175071577 0
0.06714285781421325 -0.08642857034085551 0
0.06714285781421575 -0.0849999989310001 0
0.06714285781421828 -0.0835714275211433 0
0.0671428578142208 -0.08214285611128806 0
0.06714285781422333 -0.08071428470143351 0
0.06714285781422583 -0.07928571329157977 0
0.06714285781422834 -0.07785714188172441 0
0.06714285781423088 -0.07642857047186749 0
0.06714285781423338 -0.07499999906201198 0
0.06714285781423587 -0.07357142765215538 0
0.06714285781423843 -0.07214285624229955 0
0.06714285781424092 -0.07071428483244321 0
0.06714285781424345 -0.06928571342258709 0
0.06714285781424595 -0.0678571420127311 0
0.06714285781424847 -0.06642857060287469 0
0.06714285781425097 -0.06499999919301899 0
0.0671428578142535 -0.06357142778316445 0
0.06714285781425602 -0.0621428563733105 0
0.06714285781425852 -0.06071428496345355 0
0.06714285781426105 -0.05928571355359877 0
0.06714285781426357 -0.05785714214374321 0
0.06714285781426607 -0.05642857073388704 0
0.0671428578142686 -0.05499999932403162 0
0.0671428578142711 -0.05357142791417548 0
0.06714285781427365 -0.05214285650431935 0
0.06714285781427615 -0.0507142850944632 0
0.06714285781427867 -0.04928571368460752 0
0.06714285781428117 -0.04785714227475305 0
0.0671428578142837 -0.04642857086489858 0
0.06714285781428622 -0.04499999945504363 0
0.06714285781428872 -0.04357142804518623 0
0.06714285781429122 -0.04214285663532834 0
0.06714285781429377 -0.04071428522547048 0
0.06714285781429627 -0.03928571381561202 0
0.0671428578142988 -0.03785714240575334 0
0.06714285781430132 -0.03642857099589465 0
0.06714285781430382 -0.03499999958603596 0
0.06714285781430634 -0.03357142817617877 0
0.06714285781430884 -0.03214285676632 0
0.06714285781431137 -0.03071428535646251 0
0.06714285781431387 -0.02928571394660658 0
0.06714285781431639 -0.02785714253674622 0
0.06714285781431892 -0.02642857112688928 0
0.06714285781432142 -0.02499999971702961 0
0.06714285781432394 -0.02357142830717186 0
0.06714285781432647 -0.02214285689731256 0
0.06714285781432897 -0.02071428548745418 0
0.06714285781433149 -0.01928571407759549 0
0.06714285781433402 -0.0178571426677365 0
0.06714285781433652 -0.01642857125787842 0
0.06714285781433905 -0.0149999998480188 0
0.06714285781434157 -0.01357142843816136 0
0.06714285781434406 -0.01214285702830113 0
0.06714285781434658 -0.01071428561844471 0
0.06714285781434912 -0.009285714208585226 0
0.06714285781435161 -0.00785714279872873 0
0.06714285781435414 -0.006428571388871819 0
0.06714285781435662 -0.00499999997901149 0
0.06714285781435916 -0.003571428569154008 0
0.06714285781436169 -0.002142857159293254 0
0.06714285781436422 -0.0007142857494357299 0
0.06714285781436671 0.0007142856604240556 0
0.06714285781436924 0.002142857070281971 0
0.06714285781437176 0.003571428480141323 0
0.06857142925705731 -0.0935714273901425 0
0.06857142925705985 -0.0921428559802841 0
0.06857142925706231 -0.09071428457042839 0
0.06857142925706478 -0.08928571316057186 0
0.06857142925706729 -0.08785714175071621 0
0.06857142925706976 -0.08642857034085599 0
0.06857142925707226 -0.0849999989310007 0
0.06857142925707473 -0.08357142752114399 0
0.06857142925707722 -0.08214285611128885 0
0.06857142925707968 -0.08071428470143431 0
0.06857142925708219 -0.07928571329158084 0
0.06857142925708468 -0.07785714188172552 0
0.06857142925708715 -0.07642857047186877 0
0.06857142925708966 -0.07499999906201332 0
0.06857142925709214 -0.07357142765215686 0
0.06857142925709461 -0.0721428562423011 0
0.06857142925709711 -0.07071428483244489 0
0.06857142925709959 -0.06928571342258887 0
0.06857142925710208 -0.06785714201273299 0
0.06857142925710456 -0.06642857060287669 0
0.06857142925710706 -0.06499999919302109 0
0.06857142925710955 -0.06357142778316674 0
0.06857142925711202 -0.06214285637331286 0
0.06857142925711451 -0.06071428496345604 0
0.06857142925711698 -0.05928571355360133 0
0.0685714292571195 -0.05785714214374585 0
0.06857142925712198 -0.05642857073388978 0
0.06857142925712446 -0.05499999932403444 0
0.06857142925712696 -0.0535714279141784 0
0.06857142925712943 -0.05214285650432238 0
0.06857142925713189 -0.05071428509446634 0
0.06857142925713439 -0.04928571368461077 0
0.06857142925713688 -0.04785714227475644 0
0.06857142925713935 -0.04642857086490211 0
0.06857142925714185 -0.04499999945504727 0
0.06857142925714432 -0.04357142804518978 0
0.06857142925714682 -0.04214285663533174 0
0.06857142925714932 -0.04071428522547373 0
0.06857142925715179 -0.03928571381561516 0
0.06857142925715426 -0.03785714240575638 0
0.06857142925715676 -0.03642857099589757 0
0.06857142925715926 -0.03499999958603878 0
0.06857142925716177 -0.03357142817618149 0
0.06857142925716424 -0.03214285676632264 0
0.06857142925716672 -0.03071428535646506 0
0.06857142925716919 -0.02928571394660908 0
0.06857142925717169 -0.02785714253674858 0
0.06857142925717417 -0.02642857112689156 0
0.06857142925717664 -0.02499999971703176 0
0.06857142925717913 -0.02357142830717392 0
0.06857142925718163 -0.02214285689731449 0
0.06857142925718414 -0.02071428548745601 0
0.06857142925718659 -0.01928571407759722 0
0.06857142925718906 -0.01785714266773811 0
0.06857142925719156 -0.01642857125787994 0
0.06857142925719406 -0.0149999998480202 0
0.06857142925719653 -0.01357142843816268 0
0.06857142925719903 -0.0121428570283023 0
0.06857142925720151 -0.01071428561844579 0
0.06857142925720401 -0.009285714208586142 0
0.06857142925720651 -0.007857142798729582 0
0.06857142925720897 -0.006428571388872607 0
0.06857142925721146 -0.004999999979012155 0
0.06857142925721393 -0.003571428569154623 0
0.06857142925721645 -0.002142857159293741 0
0.06857142925721892 -0.0007142857494361529 0
0.0685714292572214 0.0007142856604237622 0
0.06857142925722387 0.002142857070281767 0
0.06857142925722637 0.003571428480141228 0
0.07000000069992091 -0.09357142739014256 0
0.07000000069992318 -0.0921428559802842 0
0.07000000069992547 -0.09071428457042864 0
0.07000000069992776 -0.08928571316057224 0
0.07000000069993009 -0.08785714175071666 0
0.07000000069993234 -0.08642857034085649 0
0.07000000069993467 -0.08499999893100124 0
0.07000000069993696 -0.0835714275211447 0
0.07000000069993924 -0.08214285611128964 0
0.07000000069994156 -0.0807142847014352 0
0.07000000069994383 -0.07928571329158188 0
0.07000000069994612 -0.07785714188172663 0
0.0700000006999484 -0.07642857047187002 0
0.0700000006999507 -0.07499999906201464 0
0.07000000069995298 -0.07357142765215831 0
0.07000000069995529 -0.07214285624230266 0
0.0700000006999576 -0.07071428483244659 0
0.07000000069995989 -0.06928571342259064 0
0.07000000069996218 -0.06785714201273488 0
0.07000000069996445 -0.06642857060287867 0
0.07000000069996676 -0.06499999919302317 0
0.07000000069996905 -0.06357142778316902 0
0.07000000069997132 -0.06214285637331525 0
0.07000000069997363 -0.06071428496345857 0
0.07000000069997593 -0.05928571355360388 0
0.07000000069997825 -0.05785714214374847 0
0.07000000069998051 -0.0564285707338925 0
0.07000000069998281 -0.05499999932403724 0
0.0700000006999851 -0.05357142791418133 0
0.07000000069998741 -0.0521428565043254 0
0.07000000069998971 -0.05071428509446947 0
0.07000000069999197 -0.04928571368461404 0
0.07000000069999426 -0.04785714227475985 0
0.07000000069999657 -0.04642857086490564 0
0.07000000069999887 -0.0449999994550509 0
0.07000000070000115 -0.0435714280451933 0
0.07000000070000345 -0.04214285663533514 0
0.07000000070000575 -0.04071428522547697 0
0.07000000070000803 -0.03928571381561829 0
0.07000000070001033 -0.0378571424057594 0
0.07000000070001264 -0.03642857099590049 0
0.07000000070001491 -0.03499999958604159 0
0.07000000070001722 -0.03357142817618423 0
0.07000000070001952 -0.03214285676632528 0
0.07000000070002178 -0.03071428535646761 0
0.07000000070002406 -0.02928571394661158 0
0.07000000070002636 -0.02785714253675095 0
0.07000000070002868 -0.02642857112689384 0
0.07000000070003096 -0.02499999971703389 0
0.07000000070003323 -0.02357142830717597 0
0.07000000070003556 -0.02214285689731642 0
0.07000000070003784 -0.02071428548745785 0
0.07000000070004014 -0.01928571407759895 0
0.07000000070004242 -0.01785714266773972 0
0.07000000070004472 -0.01642857125788147 0
0.070000000700047 -0.01499999984802159 0
0.07000000070004929 -0.01357142843816399 0
0.07000000070005159 -0.01214285702830348 0
0.07000000070005387 -0.01071428561844687 0
0.07000000070005619 -0.009285714208587056 0
0.07000000070005849 -0.007857142798730433 0
0.07000000070006077 -0.006428571388873393 0
0.07000000070006306 -0.004999999979012822 0
0.07000000070006536 -0.003571428569155233 0
0.07000000070006764 -0.002142857159294229 0
0.07000000070006993 -0.0007142857494365745 0
0.07000000070007223 0.0007142856604234694 0
0.07000000070007453 0.002142857070281562 0
0.07000000070007681 0.003571428480141131 0
0.07142857214278399 -0.09357142739014265 0
0.07142857214278613 -0.09214285598028435 0
0.07142857214278828 -0.09071428457042889 0
0.07142857214279043 -0.08928571316057257 0
0.07142857214279262 -0.08785714175071707 0
0.07142857214279477 -0.08642857034085701 0
0.0714285721427969 -0.08499999893100178 0
0.07142857214279906 -0.08357142752114545 0
0.07142857214280118 -0.08214285611129038 0
0.07142857214280339 -0.08071428470143603 0
0.07142857214280551 -0.0792857132915829 0
0.07142857214280766 -0.07785714188172778 0
0.07142857214280983 -0.07642857047187131 0
0.07142857214281197 -0.074999999062016 0
0.07142857214281413 -0.07357142765215978 0
0.0714285721428163 -0.07214285624230421 0
0.07142857214281846 -0.07071428483244827 0
0.0714285721428206 -0.0692857134225924 0
0.07142857214282274 -0.06785714201273674 0
0.0714285721428249 -0.06642857060288065 0
0.07142857214282707 -0.06499999919302525 0
0.07142857214282922 -0.06357142778317128 0
0.07142857214283137 -0.06214285637331761 0
0.07142857214283353 -0.06071428496346107 0
0.07142857214283567 -0.05928571355360643 0
0.07142857214283783 -0.05785714214375112 0
0.07142857214283997 -0.05642857073389525 0
0.07142857214284214 -0.05499999932404006 0
0.0714285721428443 -0.05357142791418425 0
0.07142857214284647 -0.05214285650432843 0
0.0714285721428486 -0.05071428509447262 0
0.07142857214285075 -0.04928571368461727 0
0.07142857214285291 -0.04785714227476323 0
0.07142857214285503 -0.0464285708649092 0
0.07142857214285721 -0.04499999945505453 0
0.07142857214285937 -0.04357142804519683 0
0.07142857214286152 -0.04214285663533852 0
0.0714285721428637 -0.04071428522548023 0
0.07142857214286584 -0.03928571381562142 0
0.071428572142868 -0.03785714240576244 0
0.07142857214287014 -0.03642857099590342 0
0.07142857214287231 -0.03499999958604441 0
0.07142857214287444 -0.03357142817618698 0
0.07142857214287661 -0.03214285676632792 0
0.07142857214287877 -0.03071428535647017 0
0.07142857214288091 -0.02928571394661409 0
0.07142857214288308 -0.02785714253675331 0
0.07142857214288524 -0.02642857112689613 0
0.07142857214288738 -0.02499999971703603 0
0.07142857214288952 -0.02357142830717802 0
0.07142857214289168 -0.02214285689731835 0
0.07142857214289385 -0.02071428548745968 0
0.07142857214289601 -0.01928571407760067 0
0.07142857214289815 -0.01785714266774134 0
0.07142857214290031 -0.01642857125788298 0
0.07142857214290245 -0.01499999984802299 0
0.07142857214290461 -0.01357142843816531 0
0.07142857214290677 -0.01214285702830466 0
0.07142857214290894 -0.01071428561844795 0
0.07142857214291105 -0.009285714208587969 0
0.07142857214291325 -0.007857142798731283 0
0.07142857214291538 -0.006428571388874177 0
0.07142857214291755 -0.00499999997901349 0
0.07142857214291971 -0.003571428569155847 0
0.07142857214292184 -0.002142857159294718 0
0.07142857214292397 -0.0007142857494369973 0
0.07142857214292614 0.0007142856604231763 0
0.07142857214292832 0.002142857070281358 0
0.07142857214293048 0.003571428480141036 0
0.07285714358564067 -0.09357142739014272 0
0.07285714358564278 -0.09214285598028447 0
0.07285714358564491 -0.09071428457042911 0
0.07285714358564703 -0.08928571316057296 0
0.07285714358564913 -0.08785714175071749 0
0.07285714358565128 -0.08642857034085749 0
0.07285714358565343 -0.08499999893100242 0
0.07285714358565554 -0.08357142752114609 0
0.07285714358565766 -0.08214285611129116 0
0.07285714358565976 -0.08071428470143686 0
0.07285714358566191 -0.07928571329158395 0
0.07285714358566402 -0.07785714188172889 0
0.07285714358566615 -0.07642857047187256 0
0.07285714358566825 -0.07499999906201735 0
0.0728571435856704 -0.07357142765216126 0
0.07285714358567251 -0.07214285624230576 0
0.07285714358567466 -0.07071428483244993 0
0.07285714358567676 -0.06928571342259419 0
0.07285714358567888 -0.0678571420127386 0
0.07285714358568099 -0.06642857060288267 0
0.07285714358568314 -0.06499999919302733 0
0.07285714358568526 -0.06357142778317351 0
0.07285714358568737 -0.06214285637331995 0
0.0728571435856895 -0.06071428496346356 0
0.07285714358569163 -0.05928571355360899 0
0.07285714358569377 -0.05785714214375374 0
0.07285714358569587 -0.05642857073389801 0
0.07285714358569802 -0.05499999932404287 0
0.07285714358570013 -0.05357142791418718 0
0.07285714358570226 -0.05214285650433145 0
0.07285714358570436 -0.05071428509447574 0
0.07285714358570647 -0.04928571368462054 0
0.07285714358570861 -0.04785714227476662 0
0.07285714358571074 -0.04642857086491271 0
0.07285714358571287 -0.04499999945505818 0
0.07285714358571499 -0.04357142804520038 0
0.0728571435857171 -0.04214285663534191 0
0.07285714358571925 -0.04071428522548349 0
0.07285714358572136 -0.03928571381562455 0
0.0728571435857235 -0.03785714240576546 0
0.07285714358572563 -0.03642857099590634 0
0.07285714358572773 -0.03499999958604723 0
0.07285714358572987 -0.03357142817618972 0
0.07285714358573199 -0.03214285676633055 0
0.07285714358573413 -0.03071428535647272 0
0.07285714358573624 -0.02928571394661659 0
0.07285714358573836 -0.02785714253675568 0
0.07285714358574047 -0.02642857112689842 0
0.07285714358574262 -0.02499999971703817 0
0.07285714358574473 -0.02357142830718008 0
0.07285714358574687 -0.02214285689732029 0
0.07285714358574896 -0.02071428548746151 0
0.07285714358575111 -0.01928571407760241 0
0.07285714358575322 -0.01785714266774295 0
0.07285714358575536 -0.01642857125788451 0
0.07285714358575747 -0.01499999984802438 0
0.07285714358575961 -0.01357142843816663 0
0.07285714358576172 -0.01214285702830584 0
0.07285714358576385 -0.01071428561844903 0
0.07285714358576596 -0.009285714208588884 0
0.0728571435857681 -0.007857142798732134 0
0.07285714358577022 -0.006428571388874963 0
0.07285714358577235 -0.004999999979014154 0
0.07285714358577448 -0.003571428569156457 0
0.07285714358577659 -0.002142857159295208 0
0.07285714358577869 -0.0007142857494374197 0
0.07285714358578085 0.0007142856604228833 0
0.07285714358578298 0.002142857070281154 0
0.07285714358578509 0.003571428480140938 0
0.07428571502850291 -0.09357142739014278 0
0.07428571502850494 -0.09214285598028465 0
0.07428571502850694 -0.09071428457042933 0
0.07428571502850893 -0.08928571316057331 0
0.07428571502851095 -0.08785714175071792 0
0.07428571502851296 -0.08642857034085799 0
0.07428571502851496 -0.08499999893100298 0
0.074285715028517 -0.08357142752114682 0
0.07428571502851898 -0.08214285611129193 0
0.07428571502852099 -0.08071428470143771 0
0.07428571502852301 -0.07928571329158499 0
0.074285715028525 -0.07785714188173003 0
0.07428571502852702 -0.07642857047187379 0
0.07428571502852903 -0.07499999906201868 0
0.07428571502853105 -0.07357142765216272 0
0.07428571502853305 -0.07214285624230732 0
0.07428571502853508 -0.07071428483245162 0
0.07428571502853706 -0.06928571342259597 0
0.07428571502853908 -0.06785714201274048 0
0.07428571502854107 -0.06642857060288465 0
0.0742857150285431 -0.06499999919302941 0
0.0742857150285451 -0.06357142778317577 0
0.07428571502854713 -0.06214285637332232 0
0.07428571502854912 -0.06071428496346608 0
0.07428571502855112 -0.05928571355361154 0
0.07428571502855315 -0.05785714214375638 0
0.07428571502855513 -0.05642857073390074 0
0.07428571502855717 -0.05499999932404569 0
0.07428571502855917 -0.0535714279141901 0
0.07428571502856117 -0.05214285650433448 0
0.0742857150285632 -0.05071428509447889 0
0.07428571502856522 -0.0492857136846238 0
0.07428571502856722 -0.04785714227477 0
0.07428571502856922 -0.04642857086491625 0
0.07428571502857122 -0.04499999945506181 0
0.07428571502857322 -0.0435714280452039 0
0.07428571502857524 -0.0421428566353453 0
0.07428571502857725 -0.04071428522548673 0
0.07428571502857927 -0.03928571381562769 0
0.07428571502858126 -0.03785714240576848 0
0.07428571502858329 -0.03642857099590926 0
0.07428571502858529 -0.03499999958605005 0
0.07428571502858732 -0.03357142817619246 0
0.07428571502858931 -0.03214285676633319 0
0.07428571502859131 -0.03071428535647527 0
0.07428571502859334 -0.02928571394661911 0
0.07428571502859536 -0.02785714253675805 0
0.07428571502859736 -0.0264285711269007 0
0.07428571502859935 -0.0249999997170403 0
0.07428571502860136 -0.02357142830718213 0
0.0742857150286034 -0.02214285689732222 0
0.07428571502860538 -0.02071428548746335 0
0.0742857150286074 -0.01928571407760413 0
0.07428571502860941 -0.01785714266774457 0
0.07428571502861141 -0.01642857125788602 0
0.07428571502861343 -0.01499999984802578 0
0.07428571502861543 -0.01357142843816795 0
0.07428571502861746 -0.01214285702830701 0
0.07428571502861946 -0.01071428561845011 0
0.07428571502862145 -0.009285714208589799 0
0.07428571502862345 -0.007857142798732984 0
0.07428571502862552 -0.006428571388875749 0
0.07428571502862751 -0.00499999997901482 0
0.0742857150286295 -0.003571428569157072 0
0.0742857150286315 -0.002142857159295695 0
0.07428571502863353 -0.0007142857494378421 0
0.07428571502863551 0.0007142856604225895 0
0.07428571502863755 0.00214285707028095 0
0.07428571502863954 0.003571428480140842 0
0.07571428647136703 -0.09357142739014282 0
0.07571428647136887 -0.09214285598028475 0
0.07571428647137063 -0.09071428457042956 0
0.07571428647137243 -0.08928571316057368 0
0.07571428647137421 -0.08785714175071838 0
0.07571428647137605 -0.0864285703408585 0
0.07571428647137783 -0.08499999893100352 0
0.07571428647137965 -0.08357142752114755 0
0.07571428647138147 -0.0821428561112927 0
0.07571428647138326 -0.08071428470143856 0
0.07571428647138505 -0.07928571329158605 0
0.07571428647138685 -0.07785714188173112 0
0.07571428647138861 -0.07642857047187505 0
0.07571428647139042 -0.07499999906202 0
0.07571428647139224 -0.07357142765216415 0
0.07571428647139404 -0.07214285624230887 0
0.07571428647139584 -0.07071428483245328 0
0.07571428647139765 -0.06928571342259775 0
0.07571428647139945 -0.06785714201274237 0
0.07571428647140123 -0.06642857060288665 0
0.07571428647140305 -0.0649999991930315 0
0.07571428647140482 -0.06357142778317805 0
0.07571428647140664 -0.06214285637332469 0
0.07571428647140845 -0.06071428496346858 0
0.07571428647141025 -0.05928571355361408 0
0.07571428647141203 -0.057857142143759 0
0.07571428647141382 -0.05642857073390349 0
0.07571428647141563 -0.05499999932404851 0
0.07571428647141742 -0.05357142791419302 0
0.07571428647141924 -0.05214285650433751 0
0.07571428647142101 -0.05071428509448202 0
0.07571428647142281 -0.04928571368462704 0
0.07571428647142461 -0.04785714227477342 0
0.07571428647142642 -0.04642857086491978 0
0.07571428647142822 -0.04499999945506544 0
0.07571428647143004 -0.04357142804520743 0
0.07571428647143182 -0.04214285663534871 0
0.07571428647143363 -0.04071428522548999 0
0.07571428647143542 -0.03928571381563081 0
0.07571428647143721 -0.03785714240577151 0
0.07571428647143903 -0.03642857099591219 0
0.07571428647144084 -0.03499999958605286 0
0.07571428647144261 -0.03357142817619519 0
0.07571428647144442 -0.0321428567663358 0
0.07571428647144622 -0.03071428535647783 0
0.07571428647144803 -0.02928571394662161 0
0.07571428647144983 -0.02785714253676041 0
0.07571428647145163 -0.02642857112690298 0
0.07571428647145341 -0.02499999971704245 0
0.0757142864714552 -0.02357142830718418 0
0.075714286471457 -0.02214285689732415 0
0.07571428647145882 -0.02071428548746519 0
0.07571428647146063 -0.01928571407760586 0
0.07571428647146239 -0.01785714266774619 0
0.07571428647146419 -0.01642857125788755 0
0.07571428647146601 -0.01499999984802718 0
0.07571428647146781 -0.01357142843816926 0
0.07571428647146962 -0.01214285702830819 0
0.07571428647147138 -0.01071428561845119 0
0.07571428647147319 -0.009285714208590713 0
0.075714286471475 -0.007857142798733834 0
0.07571428647147678 -0.006428571388876531 0
0.07571428647147861 -0.004999999979015486 0
0.07571428647148037 -0.003571428569157683 0
0.07571428647148222 -0.002142857159296183 0
0.075714286471484 -0.0007142857494382654 0
0.07571428647148579 0.0007142856604222968 0
0.0757142864714876 0.002142857070280745 0
0.07571428647148938 0.003571428480140747 0
0.0771428579142293 -0.09357142739014294 0
0.07714285791423098 -0.0921428559802849 0
0.07714285791423267 -0.09071428457042978 0
0.07714285791423434 -0.08928571316057402 0
0.07714285791423603 -0.08785714175071879 0
0.07714285791423775 -0.08642857034085899 0
0.07714285791423942 -0.08499999893100414 0
0.07714285791424111 -0.08357142752114825 0
0.0771428579142428 -0.08214285611129346 0
0.07714285791424447 -0.08071428470143939 0
0.07714285791424617 -0.07928571329158711 0
0.07714285791424783 -0.07785714188173225 0
0.07714285791424952 -0.07642857047187632 0
0.07714285791425121 -0.07499999906202133 0
0.0771428579142529 -0.07357142765216564 0
0.07714285791425457 -0.07214285624231043 0
0.07714285791425626 -0.07071428483245494 0
0.07714285791425793 -0.06928571342259952 0
0.07714285791425962 -0.06785714201274426 0
0.07714285791426131 -0.06642857060288866 0
0.07714285791426301 -0.06499999919303358 0
0.07714285791426466 -0.06357142778318031 0
0.07714285791426637 -0.06214285637332704 0
0.07714285791426806 -0.06071428496347109 0
0.07714285791426975 -0.05928571355361664 0
0.07714285791427145 -0.05785714214376163 0
0.07714285791427311 -0.05642857073390622 0
0.0771428579142748 -0.05499999932405133 0
0.07714285791427647 -0.05357142791419595 0
0.07714285791427816 -0.05214285650434054 0
0.07714285791427986 -0.05071428509448515 0
0.07714285791428155 -0.04928571368463029 0
0.07714285791428321 -0.04785714227477681 0
0.07714285791428491 -0.04642857086492332 0
0.07714285791428657 -0.04499999945506909 0
0.07714285791428827 -0.04357142804521098 0
0.07714285791428996 -0.0421428566353521 0
0.07714285791429165 -0.04071428522549324 0
0.07714285791429332 -0.03928571381563395 0
0.07714285791429501 -0.03785714240577454 0
0.0771428579142967 -0.03642857099591511 0
0.07714285791429837 -0.03499999958605568 0
0.07714285791430006 -0.03357142817619794 0
0.07714285791430175 -0.03214285676633843 0
0.07714285791430342 -0.03071428535648038 0
0.07714285791430514 -0.02928571394662411 0
0.07714285791430681 -0.02785714253676277 0
0.07714285791430847 -0.02642857112690527 0
0.07714285791431019 -0.02499999971704459 0
0.07714285791431186 -0.02357142830718623 0
0.07714285791431352 -0.02214285689732609 0
0.07714285791431526 -0.02071428548746702 0
0.07714285791431691 -0.01928571407760759 0
0.07714285791431862 -0.0178571426677478 0
0.0771428579143203 -0.01642857125788907 0
0.07714285791432197 -0.01499999984802857 0
0.07714285791432363 -0.01357142843817058 0
0.07714285791432535 -0.01214285702830937 0
0.07714285791432701 -0.01071428561845227 0
0.07714285791432871 -0.009285714208591629 0
0.0771428579143304 -0.007857142798734687 0
0.07714285791433206 -0.006428571388877318 0
0.07714285791433376 -0.004999999979016151 0
0.07714285791433545 -0.003571428569158295 0
0.07714285791433712 -0.002142857159296671 0
0.07714285791433884 -0.0007142857494386867 0
0.0771428579143405 0.0007142856604220036 0
0.07714285791434217 0.00214285707028054 0
0.07714285791434387 0.003571428480140651 0
0.07857142935708598 -0.09357142739014299 0
0.07857142935708765 -0.09214285598028506 0
0.0785714293570893 -0.09071428457043003 0
0.07857142935709095 -0.0892857131605744 0
0.07857142935709262 -0.08785714175071924 0
0.07857142935709426 -0.08642857034085949 0
0.07857142935709592 -0.0849999989310047 0
0.07857142935709759 -0.08357142752114893 0
0.07857142935709922 -0.08214285611129422 0
0.07857142935710087 -0.08071428470144025 0
0.07857142935710255 -0.07928571329158815 0
0.07857142935710419 -0.07785714188173336 0
0.07857142935710584 -0.07642857047187761 0
0.07857142935710749 -0.07499999906202268 0
0.07857142935710916 -0.07357142765216709 0
0.07857142935711081 -0.07214285624231198 0
0.07857142935711245 -0.07071428483245661 0
0.07857142935711411 -0.06928571342260131 0
0.07857142935711579 -0.06785714201274612 0
0.07857142935711742 -0.06642857060289065 0
0.07857142935711905 -0.06499999919303566 0
0.07857142935712072 -0.06357142778318256 0
0.0785714293571224 -0.0621428563733294 0
0.07857142935712402 -0.06071428496347359 0
0.0785714293571257 -0.05928571355361918 0
0.07857142935712733 -0.05785714214376427 0
0.07857142935712899 -0.05642857073390897 0
0.07857142935713066 -0.05499999932405415 0
0.07857142935713229 -0.05357142791419886 0
0.07857142935713397 -0.05214285650434357 0
0.0785714293571356 -0.05071428509448826 0
0.07857142935713726 -0.04928571368463354 0
0.07857142935713894 -0.04785714227478019 0
0.07857142935714057 -0.04642857086492684 0
0.07857142935714223 -0.04499999945507273 0
0.0785714293571439 -0.0435714280452145 0
0.07857142935714555 -0.04214285663535548 0
0.0785714293571472 -0.04071428522549649 0
0.07857142935714886 -0.03928571381563709 0
0.0785714293571505 -0.03785714240577756 0
0.07857142935715217 -0.03642857099591803 0
0.07857142935715382 -0.03499999958605848 0
0.07857142935715548 -0.03357142817620069 0
0.07857142935715711 -0.03214285676634107 0
0.07857142935715879 -0.03071428535648294 0
0.07857142935716041 -0.02928571394662662 0
0.07857142935716209 -0.02785714253676514 0
0.07857142935716376 -0.02642857112690754 0
0.07857142935716541 -0.02499999971704673 0
0.07857142935716704 -0.02357142830718828 0
0.07857142935716871 -0.02214285689732802 0
0.07857142935717035 -0.02071428548746885 0
0.07857142935717201 -0.01928571407760932 0
0.07857142935717369 -0.01785714266774942 0
0.07857142935717532 -0.0164285712578906 0
0.07857142935717697 -0.01499999984802997 0
0.07857142935717863 -0.01357142843817189 0
0.0785714293571803 -0.01214285702831054 0
0.07857142935718195 -0.01071428561845335 0
0.0785714293571836 -0.009285714208592541 0
0.07857142935718524 -0.007857142798735539 0
0.07857142935718689 -0.006428571388878104 0
0.07857142935718857 -0.004999999979016819 0
0.07857142935719022 -0.003571428569158905 0
0.07857142935719187 -0.00214285715929716 0
0.07857142935719351 -0.0007142857494391087 0
0.07857142935719516 0.00071428566042171 0
0.07857142935719684 0.002142857070280336 0
0.07857142935719849 0.003571428480140554 0
0.08000000079994907 -0.09357142739014304 0
0.08000000079995057 -0.0921428559802852 0
0.08000000079995208 -0.09071428457043025 0
0.08000000079995361 -0.08928571316057475 0
0.08000000079995512 -0.08785714175071965 0
0.08000000079995662 -0.08642857034086002 0
0.08000000079995814 -0.08499999893100524 0
0.08000000079995964 -0.08357142752114964 0
0.0800000007999612 -0.08214285611129502 0
0.08000000079996272 -0.0807142847014411 0
0.08000000079996422 -0.07928571329158919 0
0.08000000079996575 -0.0778571418817345 0
0.08000000079996725 -0.07642857047187882 0
0.08000000079996879 -0.07499999906202401 0
0.08000000079997026 -0.07357142765216854 0
0.0800000007999718 -0.07214285624231352 0
0.0800000007999733 -0.07071428483245827 0
0.08000000079997482 -0.06928571342260308 0
0.08000000079997636 -0.06785714201274798 0
0.08000000079997785 -0.06642857060289266 0
0.08000000079997935 -0.06499999919303774 0
0.0800000007999809 -0.06357142778318484 0
0.0800000007999824 -0.06214285637333179 0
0.08000000079998393 -0.06071428496347609 0
0.08000000079998543 -0.05928571355362175 0
0.08000000079998695 -0.0578571421437669 0
0.08000000079998848 -0.0564285707339117 0
0.08000000079999001 -0.05499999932405696 0
0.08000000079999151 -0.0535714279142018 0
0.080000000799993 -0.05214285650434659 0
0.08000000079999453 -0.05071428509449141 0
0.08000000079999606 -0.04928571368463677 0
0.08000000079999756 -0.04785714227478358 0
0.08000000079999905 -0.04642857086493037 0
0.08000000080000058 -0.04499999945507636 0
0.08000000080000211 -0.04357142804521803 0
0.08000000080000361 -0.04214285663535887 0
0.08000000080000516 -0.04071428522549974 0
0.08000000080000666 -0.03928571381564022 0
0.08000000080000819 -0.03785714240578059 0
0.08000000080000971 -0.03642857099592095 0
0.08000000080001121 -0.03499999958606131 0
0.08000000080001271 -0.03357142817620343 0
0.08000000080001424 -0.03214285676634371 0
0.08000000080001576 -0.03071428535648549 0
0.08000000080001726 -0.02928571394662912 0
0.08000000080001879 -0.0278571425367675 0
0.08000000080002033 -0.02642857112690984 0
0.08000000080002181 -0.02499999971704886 0
0.08000000080002334 -0.02357142830719033 0
0.08000000080002484 -0.02214285689732996 0
0.08000000080002638 -0.02071428548747068 0
0.08000000080002789 -0.01928571407761105 0
0.08000000080002939 -0.01785714266775103 0
0.08000000080003092 -0.01642857125789211 0
0.08000000080003242 -0.01499999984803136 0
0.08000000080003394 -0.01357142843817321 0
0.08000000080003547 -0.01214285702831172 0
0.08000000080003697 -0.01071428561845443 0
0.0800000008000385 -0.009285714208593457 0
0.08000000080003999 -0.007857142798736387 0
0.08000000080004152 -0.006428571388878888 0
0.08000000080004302 -0.004999999979017484 0
0.08000000080004457 -0.00357142856915952 0
0.08000000080004607 -0.002142857159297648 0
0.08000000080004759 -0.0007142857494395315 0
0.0800000008000491 0.000714285660421417 0
0.08000000080005062 0.002142857070280131 0
0.08000000080005212 0.003571428480140458 0
0.08142857224281266 -0.09357142739014314 0
0.08142857224281395 -0.09214285598028535 0
0.08142857224281526 -0.0907142845704305 0
0.0814285722428166 -0.08928571316057513 0
0.08142857224281791 -0.0878571417507201 0
0.08142857224281927 -0.08642857034086049 0
0.08142857224282056 -0.08499999893100582 0
0.08142857224282188 -0.08357142752115036 0
0.0814285722428232 -0.08214285611129581 0
0.08142857224282453 -0.08071428470144192 0
0.08142857224282585 -0.07928571329159026 0
0.08142857224282717 -0.07785714188173565 0
0.0814285722428285 -0.07642857047188009 0
0.0814285722428298 -0.07499999906202535 0
0.08142857224283113 -0.07357142765217003 0
0.08142857224283244 -0.07214285624231512 0
0.08142857224283377 -0.07071428483245995 0
0.08142857224283513 -0.06928571342260485 0
0.08142857224283644 -0.06785714201274987 0
0.08142857224283778 -0.06642857060289464 0
0.0814285722428391 -0.06499999919303982 0
0.08142857224284039 -0.0635714277831871 0
0.08142857224284175 -0.06214285637333415 0
0.08142857224284304 -0.06071428496347861 0
0.08142857224284437 -0.0592857135536243 0
0.08142857224284566 -0.05785714214376955 0
0.08142857224284704 -0.05642857073391445 0
0.08142857224284834 -0.05499999932405977 0
0.08142857224284965 -0.0535714279142047 0
0.08142857224285098 -0.05214285650434963 0
0.08142857224285231 -0.05071428509449454 0
0.08142857224285364 -0.04928571368464003 0
0.08142857224285495 -0.04785714227478698 0
0.08142857224285628 -0.04642857086493392 0
0.08142857224285759 -0.04499999945507999 0
0.08142857224285892 -0.04357142804522156 0
0.08142857224286025 -0.04214285663536226 0
0.08142857224286158 -0.04071428522550298 0
0.08142857224286289 -0.03928571381564336 0
0.08142857224286423 -0.03785714240578362 0
0.08142857224286554 -0.03642857099592388 0
0.08142857224286687 -0.03499999958606412 0
0.08142857224286819 -0.03357142817620617 0
0.08142857224286948 -0.03214285676634634 0
0.08142857224287083 -0.03071428535648804 0
0.08142857224287216 -0.02928571394663163 0
0.08142857224287348 -0.02785714253676986 0
0.08142857224287479 -0.02642857112691211 0
0.08142857224287614 -0.024999999717051 0
0.08142857224287747 -0.02357142830719239 0
0.08142857224287876 -0.02214285689733189 0
0.08142857224288007 -0.02071428548747252 0
0.0814285722428814 -0.01928571407761278 0
0.08142857224288273 -0.01785714266775264 0
0.08142857224288406 -0.01642857125789364 0
0.0814285722428854 -0.01499999984803276 0
0.0814285722428867 -0.01357142843817452 0
0.08142857224288801 -0.0121428570283129 0
0.08142857224288932 -0.0107142856184555 0
0.08142857224289067 -0.009285714208594375 0
0.081428572242892 -0.007857142798737242 0
0.08142857224289334 -0.006428571388879672 0
0.08142857224289464 -0.004999999979018151 0
0.08142857224289594 -0.003571428569160131 0
0.08142857224289728 -0.002142857159298136 0
0.08142857224289861 -0.0007142857494399534 0
0.08142857224289994 0.0007142856604211242 0
0.08142857224290125 0.002142857070279927 0
0.08142857224290258 0.003571428480140362 0
0.08285714368566929 -0.09357142739014321 0
0.08285714368567061 -0.09214285598028547 0
0.0828571436856719 -0.09071428457043072 0
0.08285714368567322 -0.08928571316057547 0
0.0828571436856745 -0.08785714175072054 0
0.08285714368567576 -0.08642857034086099 0
0.08285714368567706 -0.08499999893100639 0
0.08285714368567836 -0.08357142752115108 0
0.08285714368567965 -0.08214285611129657 0
0.08285714368568095 -0.08071428470144278 0
0.08285714368568223 -0.07928571329159129 0
0.08285714368568353 -0.07785714188173673 0
0.08285714368568485 -0.07642857047188138 0
0.08285714368568611 -0.07499999906202667 0
0.08285714368568739 -0.07357142765217148 0
0.08285714368568867 -0.07214285624231667 0
0.08285714368569 -0.07071428483246162 0
0.08285714368569129 -0.06928571342260663 0
0.08285714368569258 -0.06785714201275175 0
0.0828571436856939 -0.06642857060289663 0
0.08285714368569516 -0.06499999919304189 0
0.08285714368569644 -0.06357142778318935 0
0.08285714368569774 -0.0621428563733365 0
0.08285714368569905 -0.06071428496348111 0
0.08285714368570032 -0.05928571355362684 0
0.08285714368570163 -0.05785714214377218 0
0.08285714368570291 -0.05642857073391718 0
0.08285714368570421 -0.05499999932406259 0
0.08285714368570551 -0.05357142791420763 0
0.08285714368570682 -0.05214285650435266 0
0.0828571436857081 -0.05071428509449767 0
0.08285714368570937 -0.0492857136846433 0
0.08285714368571068 -0.04785714227479038 0
0.08285714368571195 -0.04642857086493745 0
0.08285714368571326 -0.04499999945508364 0
0.08285714368571453 -0.0435714280452251 0
0.08285714368571584 -0.04214285663536567 0
0.08285714368571714 -0.04071428522550623 0
0.08285714368571842 -0.03928571381564649 0
0.0828571436857197 -0.03785714240578667 0
0.082857143685721 -0.03642857099592679 0
0.08285714368572228 -0.03499999958606695 0
0.08285714368572358 -0.0335714281762089 0
0.08285714368572489 -0.03214285676634898 0
0.08285714368572619 -0.0307142853564906 0
0.08285714368572747 -0.02928571394663413 0
0.08285714368572875 -0.02785714253677223 0
0.08285714368573005 -0.0264285711269144 0
0.08285714368573137 -0.02499999971705314 0
0.08285714368573263 -0.02357142830719444 0
0.08285714368573394 -0.02214285689733383 0
0.08285714368573524 -0.02071428548747435 0
0.08285714368573653 -0.01928571407761449 0
0.08285714368573779 -0.01785714266775426 0
0.0828571436857391 -0.01642857125789516 0
0.0828571436857404 -0.01499999984803416 0
0.08285714368574168 -0.01357142843817585 0
0.08285714368574296 -0.01214285702831407 0
0.08285714368574429 -0.01071428561845659 0
0.08285714368574557 -0.009285714208595286 0
0.08285714368574686 -0.007857142798738092 0
0.08285714368574815 -0.006428571388880461 0
0.08285714368574945 -0.004999999979018817 0
0.08285714368575074 -0.003571428569160744 0
0.08285714368575202 -0.002142857159298625 0
0.08285714368575331 -0.0007142857494403773 0
0.08285714368575461 0.0007142856604208309 0
0.0828571436857559 0.002142857070279722 0
0.08285714368575717 0.003571428480140265 0
0.08428571512853103 -0.09357142739014326 0
0.08428571512853217 -0.09214285598028564 0
0.08428571512853329 -0.09071428457043093 0
0.08428571512853444 -0.08928571316057585 0
0.08428571512853565 -0.08785714175072093 0
0.08428571512853678 -0.08642857034086153 0
0.08428571512853791 -0.08499999893100697 0
0.08428571512853907 -0.08357142752115176 0
0.08428571512854023 -0.08214285611129735 0
0.0842857151285414 -0.08071428470144365 0
0.08428571512854255 -0.07928571329159234 0
0.08428571512854373 -0.07785714188173785 0
0.08428571512854485 -0.07642857047188263 0
0.08428571512854599 -0.07499999906202806 0
0.08428571512854716 -0.07357142765217298 0
0.08428571512854832 -0.07214285624231823 0
0.08428571512854949 -0.07071428483246328 0
0.08428571512855064 -0.06928571342260839 0
0.08428571512855179 -0.06785714201275364 0
0.08428571512855293 -0.06642857060289863 0
0.0842857151285541 -0.06499999919304399 0
0.08428571512855525 -0.06357142778319159 0
0.08428571512855638 -0.06214285637333886 0
0.08428571512855756 -0.06071428496348362 0
0.08428571512855873 -0.0592857135536294 0
0.0842857151285599 -0.05785714214377481 0
0.08428571512856105 -0.05642857073391993 0
0.0842857151285622 -0.05499999932406541 0
0.08428571512856334 -0.05357142791421057 0
0.08428571512856448 -0.05214285650435568 0
0.08428571512856564 -0.05071428509450081 0
0.08428571512856679 -0.04928571368464655 0
0.08428571512856796 -0.04785714227479376 0
0.08428571512856908 -0.04642857086494098 0
0.08428571512857025 -0.04499999945508727 0
0.08428571512857141 -0.04357142804522863 0
0.08428571512857258 -0.04214285663536905 0
0.08428571512857375 -0.0407142852255095 0
0.08428571512857488 -0.03928571381564963 0
0.08428571512857605 -0.0378571424057897 0
0.08428571512857722 -0.03642857099592971 0
0.08428571512857835 -0.03499999958606975 0
0.08428571512857951 -0.03357142817621165 0
0.08428571512858066 -0.03214285676635162 0
0.08428571512858182 -0.03071428535649315 0
0.08428571512858296 -0.02928571394663665 0
0.08428571512858411 -0.02785714253677459 0
0.08428571512858526 -0.02642857112691668 0
0.08428571512858643 -0.02499999971705527 0
0.08428571512858757 -0.02357142830719649 0
0.08428571512858872 -0.02214285689733575 0
0.0842857151285899 -0.02071428548747619 0
0.08428571512859105 -0.01928571407761623 0
0.08428571512859222 -0.01785714266775587 0
0.08428571512859336 -0.01642857125789668 0
0.08428571512859449 -0.01499999984803555 0
0.08428571512859566 -0.01357142843817716 0
0.08428571512859682 -0.01214285702831525 0
0.084285715128598 -0.01071428561845766 0
0.08428571512859914 -0.009285714208596202 0
0.08428571512860028 -0.007857142798738941 0
0.08428571512860143 -0.006428571388881247 0
0.0842857151286026 -0.004999999979019483 0
0.08428571512860376 -0.003571428569161358 0
0.08428571512860492 -0.002142857159299113 0
0.08428571512860604 -0.0007142857494407987 0
0.08428571512860721 0.0007142856604205378 0
0.08428571512860837 0.002142857070279517 0
0.08428571512860951 0.003571428480140169 0
0.08571428657139514 -0.09357142739014332 0
0.08571428657139615 -0.09214285598028576 0
0.08571428657139708 -0.09071428457043117 0
0.0857142865713981 -0.08928571316057618 0
0.08571428657139904 -0.08785714175072137 0
0.08571428657140001 -0.08642857034086199 0
0.08571428657140101 -0.08499999893100753 0
0.08571428657140198 -0.08357142752115249 0
0.08571428657140295 -0.08214285611129814 0
0.08571428657140391 -0.08071428470144448 0
0.0857142865714049 -0.07928571329159337 0
0.08571428657140587 -0.07785714188173898 0
0.08571428657140684 -0.07642857047188388 0
0.08571428657140777 -0.07499999906202938 0
0.08571428657140878 -0.07357142765217442 0
0.08571428657140975 -0.07214285624231978 0
0.08571428657141071 -0.07071428483246495 0
0.08571428657141168 -0.06928571342261018 0
0.08571428657141265 -0.0678571420127555 0
0.08571428657141364 -0.06642857060290064 0
0.08571428657141461 -0.06499999919304607 0
0.08571428657141555 -0.06357142778319388 0
0.08571428657141655 -0.06214285637334122 0
0.0857142865714175 -0.06071428496348612 0
0.0857142865714185 -0.05928571355363196 0
0.08571428657141947 -0.05785714214377745 0
0.08571428657142043 -0.05642857073392268 0
0.0857142865714214 -0.05499999932406822 0
0.08571428657142238 -0.05357142791421349 0
0.08571428657142335 -0.05214285650435871 0
0.08571428657142433 -0.05071428509450395 0
0.08571428657142532 -0.0492857136846498 0
0.08571428657142627 -0.04785714227479715 0
0.08571428657142724 -0.04642857086494451 0
0.08571428657142821 -0.0449999994550909 0
0.08571428657142918 -0.04357142804523217 0
0.08571428657143015 -0.04214285663537244 0
0.08571428657143113 -0.04071428522551275 0
0.0857142865714321 -0.03928571381565277 0
0.08571428657143307 -0.03785714240579271 0
0.08571428657143404 -0.03642857099593266 0
0.08571428657143504 -0.03499999958607257 0
0.08571428657143598 -0.0335714281762144 0
0.08571428657143698 -0.03214285676635426 0
0.08571428657143795 -0.0307142853564957 0
0.08571428657143892 -0.02928571394663914 0
0.0857142865714399 -0.02785714253677696 0
0.08571428657144087 -0.02642857112691897 0
0.0857142865714418 -0.02499999971705741 0
0.08571428657144281 -0.02357142830719855 0
0.08571428657144374 -0.02214285689733769 0
0.08571428657144474 -0.02071428548747802 0
0.08571428657144568 -0.01928571407761795 0
0.0857142865714467 -0.01785714266775748 0
0.08571428657144767 -0.01642857125789821 0
0.08571428657144864 -0.01499999984803695 0
0.08571428657144958 -0.01357142843817848 0
0.08571428657145058 -0.01214285702831643 0
0.08571428657145154 -0.01071428561845875 0
0.08571428657145251 -0.009285714208597114 0
0.08571428657145348 -0.007857142798739796 0
0.08571428657145447 -0.006428571388882032 0
0.08571428657145543 -0.004999999979020148 0
0.08571428657145641 -0.003571428569161967 0
0.08571428657145738 -0.002142857159299601 0
0.08571428657145834 -0.0007142857494412222 0
0.08571428657145931 0.0007142856604202441 0
0.08571428657146028 0.002142857070279313 0
0.08571428657146127 0.003571428480140072 0
0.08714285801425385 -0.0935714273901434 0
0.08714285801425475 -0.09214285598028592 0
0.08714285801425566 -0.09071428457043139 0
0.08714285801425657 -0.08928571316057653 0
0.0871428580142575 -0.08785714175072183 0
0.08714285801425842 -0.08642857034086253 0
0.08714285801425933 -0.08499999893100812 0
0.08714285801426021 -0.08357142752115318 0
0.08714285801426112 -0.08214285611129891 0
0.08714285801426208 -0.0807142847014453 0
0.08714285801426297 -0.07928571329159441 0
0.08714285801426387 -0.07785714188174007 0
0.08714285801426483 -0.07642857047188513 0
0.08714285801426569 -0.07499999906203073 0
0.08714285801426662 -0.07357142765217589 0
0.08714285801426755 -0.07214285624232135 0
0.08714285801426842 -0.07071428483246661 0
0.08714285801426938 -0.06928571342261197 0
0.08714285801427027 -0.06785714201275736 0
0.08714285801427121 -0.06642857060290262 0
0.08714285801427211 -0.06499999919304815 0
0.08714285801427302 -0.06357142778319616 0
0.08714285801427392 -0.06214285637334361 0
0.08714285801427485 -0.06071428496348864 0
0.08714285801427576 -0.05928571355363451 0
0.08714285801427668 -0.05785714214378009 0
0.08714285801427757 -0.05642857073392541 0
0.08714285801427848 -0.05499999932407103 0
0.0871428580142794 -0.0535714279142164 0
0.08714285801428032 -0.05214285650436175 0
0.08714285801428126 -0.05071428509450709 0
0.08714285801428213 -0.04928571368465304 0
0.08714285801428306 -0.04785714227480056 0
0.08714285801428398 -0.04642857086494805 0
0.08714285801428487 -0.04499999945509454 0
0.08714285801428581 -0.04357142804523571 0
0.08714285801428673 -0.04214285663537583 0
0.08714285801428762 -0.040714285225516 0
0.08714285801428852 -0.0392857138156559 0
0.08714285801428945 -0.03785714240579575 0
0.08714285801429036 -0.03642857099593556 0
0.08714285801429128 -0.03499999958607539 0
0.08714285801429218 -0.03357142817621713 0
0.08714285801429311 -0.03214285676635689 0
0.08714285801429403 -0.03071428535649824 0
0.08714285801429494 -0.02928571394664164 0
0.08714285801429582 -0.02785714253677932 0
0.08714285801429676 -0.02642857112692125 0
0.08714285801429769 -0.02499999971705956 0
0.08714285801429858 -0.0235714283072006 0
0.08714285801429948 -0.02214285689733963 0
0.08714285801430041 -0.02071428548747985 0
0.0871428580143013 -0.01928571407761969 0
0.08714285801430223 -0.01785714266775911 0
0.08714285801430312 -0.01642857125789973 0
0.08714285801430408 -0.01499999984803834 0
0.08714285801430496 -0.01357142843817979 0
0.08714285801430589 -0.01214285702831761 0
0.0871428580143068 -0.01071428561845982 0
0.0871428580143077 -0.00928571420859803 0
0.08714285801430863 -0.007857142798740644 0
0.08714285801430954 -0.006428571388882817 0
0.08714285801431045 -0.004999999979020816 0
0.08714285801431138 -0.00357142856916258 0
0.08714285801431228 -0.002142857159300089 0
0.08714285801431318 -0.0007142857494416442 0
0.08714285801431411 0.0007142856604199516 0
0.08714285801431501 0.00214285707027911 0
0.08714285801431593 0.003571428480139977 0
0.08857142945710932 -0.09357142739014349 0
0.0885714294571102 -0.09214285598028604 0
0.08857142945711113 -0.09071428457043162 0
0.08857142945711202 -0.08928571316057689 0
0.08857142945711291 -0.08785714175072223 0
0.0885714294571138 -0.08642857034086301 0
0.08857142945711471 -0.08499999893100867 0
0.08857142945711562 -0.08357142752115387 0
0.08857142945711652 -0.08214285611129968 0
0.08857142945711741 -0.08071428470144619 0
0.08857142945711829 -0.07928571329159548 0
0.08857142945711921 -0.07785714188174121 0
0.0885714294571201 -0.07642857047188639 0
0.08857142945712101 -0.07499999906203204 0
0.08857142945712193 -0.07357142765217736 0
0.08857142945712282 -0.07214285624232289 0
0.08857142945712371 -0.07071428483246829 0
0.0885714294571246 -0.06928571342261373 0
0.08857142945712554 -0.06785714201275925 0
0.08857142945712643 -0.06642857060290459 0
0.08857142945712732 -0.06499999919305023 0
0.0885714294571282 -0.06357142778319841 0
0.08857142945712909 -0.06214285637334595 0
0.08857142945713001 -0.06071428496349113 0
0.0885714294571309 -0.05928571355363706 0
0.08857142945713181 -0.05785714214378272 0
0.08857142945713273 -0.05642857073392816 0
0.08857142945713362 -0.05499999932407385 0
0.08857142945713453 -0.05357142791421932 0
0.08857142945713542 -0.05214285650436478 0
0.08857142945713631 -0.05071428509451022 0
0.0885714294571372 -0.04928571368465629 0
0.08857142945713811 -0.04785714227480394 0
0.08857142945713903 -0.04642857086495156 0
0.08857142945713992 -0.04499999945509818 0
0.08857142945714083 -0.04357142804523924 0
0.08857142945714172 -0.04214285663537923 0
0.08857142945714261 -0.04071428522551925 0
0.08857142945714352 -0.03928571381565904 0
0.08857142945714441 -0.03785714240579875 0
0.0885714294571453 -0.03642857099593848 0
0.08857142945714622 -0.0349999995860782 0
0.08857142945714713 -0.03357142817621987 0
0.08857142945714802 -0.0321428567663595 0
0.08857142945714891 -0.0307142853565008 0
0.08857142945714983 -0.02928571394664415 0
0.08857142945715071 -0.02785714253678168 0
0.08857142945715163 -0.02642857112692353 0
0.08857142945715252 -0.0249999997170617 0
0.08857142945715341 -0.02357142830720266 0
0.08857142945715432 -0.02214285689734155 0
0.08857142945715521 -0.02071428548748169 0
0.08857142945715613 -0.01928571407762141 0
0.08857142945715701 -0.01785714266776072 0
0.0885714294571579 -0.01642857125790124 0
0.08857142945715882 -0.01499999984803974 0
0.08857142945715973 -0.01357142843818111 0
0.08857142945716061 -0.01214285702831878 0
0.08857142945716151 -0.0107142856184609 0
0.08857142945716241 -0.009285714208598946 0
0.08857142945716334 -0.007857142798741494 0
0.08857142945716423 -0.006428571388883599 0
0.08857142945716512 -0.004999999979021483 0
0.08857142945716601 -0.003571428569163192 0
0.08857142945716689 -0.002142857159300577 0
0.08857142945716781 -0.0007142857494420655 0
0.08857142945716873 0.000714285660419658 0
0.08857142945716963 0.002142857070278905 0
0.0885714294571705 0.003571428480139879 0
0.09000000089997182 -0.09357142739014356 0
0.09000000089997254 -0.0921428559802862 0
0.09000000089997329 -0.09071428457043185 0
0.09000000089997404 -0.08928571316057726 0
0.09000000089997476 -0.08785714175072269 0
0.09000000089997551 -0.08642857034086351 0
0.09000000089997623 -0.08499999893100924 0
0.09000000089997698 -0.0835714275211546 0
0.09000000089997773 -0.08214285611130046 0
0.09000000089997845 -0.08071428470144704 0
0.09000000089997917 -0.07928571329159653 0
0.09000000089997993 -0.07785714188174231 0
0.09000000089998067 -0.07642857047188764 0
0.09000000089998139 -0.07499999906203339 0
0.09000000089998214 -0.07357142765217881 0
0.09000000089998289 -0.07214285624232444 0
0.09000000089998364 -0.07071428483246996 0
0.09000000089998436 -0.0692857134226155 0
0.09000000089998508 -0.06785714201276113 0
0.09000000089998583 -0.06642857060290659 0
0.09000000089998658 -0.06499999919305229 0
0.09000000089998729 -0.06357142778320066 0
0.09000000089998805 -0.06214285637334833 0
0.09000000089998879 -0.06071428496349363 0
0.09000000089998952 -0.05928571355363961 0
0.09000000089999027 -0.05785714214378534 0
0.09000000089999102 -0.0564285707339309 0
0.09000000089999174 -0.05499999932407667 0
0.09000000089999247 -0.05357142791422224 0
0.09000000089999324 -0.05214285650436781 0
0.09000000089999396 -0.05071428509451335 0
0.09000000089999469 -0.04928571368465954 0
0.09000000089999544 -0.04785714227480733 0
0.09000000089999619 -0.04642857086495513 0
0.09000000089999691 -0.04499999945510182 0
0.09000000089999768 -0.04357142804524278 0
0.09000000089999841 -0.04214285663538262 0
0.09000000089999913 -0.0407142852255225 0
0.09000000089999985 -0.03928571381566218 0
0.09000000090000063 -0.03785714240580179 0
0.09000000090000135 -0.03642857099594142 0
0.0900000009000021 -0.03499999958608101 0
0.09000000090000282 -0.03357142817622261 0
0.09000000090000357 -0.03214285676636214 0
0.09000000090000429 -0.03071428535650336 0
0.09000000090000503 -0.02928571394664666 0
0.09000000090000579 -0.02785714253678404 0
0.09000000090000651 -0.02642857112692583 0
0.09000000090000723 -0.02499999971706384 0
0.09000000090000798 -0.02357142830720471 0
0.09000000090000873 -0.02214285689734349 0
0.09000000090000947 -0.02071428548748352 0
0.09000000090001023 -0.01928571407762314 0
0.09000000090001094 -0.01785714266776233 0
0.09000000090001167 -0.01642857125790277 0
0.09000000090001242 -0.01499999984804114 0
0.09000000090001317 -0.01357142843818243 0
0.09000000090001388 -0.01214285702831996 0
0.09000000090001463 -0.01071428561846198 0
0.09000000090001538 -0.009285714208599858 0
0.0900000009000161 -0.007857142798742344 0
0.09000000090001686 -0.006428571388884388 0
0.09000000090001761 -0.004999999979022146 0
0.09000000090001833 -0.003571428569163804 0
0.09000000090001906 -0.002142857159301067 0
0.09000000090001981 -0.0007142857494424893 0
0.09000000090002055 0.0007142856604193651 0
0.09000000090002128 0.0021428570702787 0
0.090000000900022 0.003571428480139784 0
0.09142857234283591 -0.09357142739014361 0
0.09142857234283649 -0.09214285598028635 0
0.09142857234283708 -0.09071428457043211 0
0.09142857234283765 -0.08928571316057761 0
0.09142857234283822 -0.08785714175072309 0
0.09142857234283878 -0.08642857034086403 0
0.09142857234283935 -0.08499999893100985 0
0.09142857234283992 -0.0835714275211553 0
0.09142857234284049 -0.08214285611130123 0
0.09142857234284106 -0.08071428470144787 0
0.09142857234284164 -0.07928571329159759 0
0.09142857234284216 -0.07785714188174345 0
0.09142857234284274 -0.07642857047188889 0
0.09142857234284335 -0.07499999906203472 0
0.09142857234284389 -0.07357142765218028 0
0.09142857234284446 -0.07214285624232603 0
0.09142857234284503 -0.07071428483247165 0
0.0914285723428456 -0.06928571342261729 0
0.09142857234284615 -0.06785714201276299 0
0.09142857234284674 -0.06642857060290859 0
0.09142857234284729 -0.06499999919305438 0
0.0914285723428479 -0.06357142778320293 0
0.09142857234284843 -0.06214285637335069 0
0.09142857234284901 -0.06071428496349616 0
0.0914285723428496 -0.05928571355364217 0
0.09142857234285015 -0.05785714214378798 0
0.09142857234285073 -0.05642857073393365 0
0.09142857234285126 -0.05499999932407951 0
0.09142857234285184 -0.05357142791422515 0
0.09142857234285243 -0.05214285650437082 0
0.09142857234285298 -0.0507142850945165 0
0.09142857234285356 -0.04928571368466279 0
0.09142857234285415 -0.04785714227481072 0
0.0914285723428547 -0.04642857086495866 0
0.09142857234285529 -0.04499999945510544 0
0.09142857234285584 -0.04357142804524632 0
0.09142857234285642 -0.04214285663538601 0
0.09142857234285698 -0.04071428522552574 0
0.09142857234285756 -0.03928571381566532 0
0.09142857234285812 -0.03785714240580482 0
0.0914285723428587 -0.03642857099594433 0
0.09142857234285925 -0.03499999958608383 0
0.09142857234285981 -0.03357142817622537 0
0.09142857234286039 -0.03214285676636478 0
0.09142857234286095 -0.0307142853565059 0
0.09142857234286153 -0.02928571394664916 0
0.09142857234286209 -0.02785714253678642 0
0.09142857234286267 -0.02642857112692809 0
0.09142857234286325 -0.02499999971706597 0
0.09142857234286381 -0.02357142830720677 0
0.09142857234286436 -0.02214285689734542 0
0.09142857234286497 -0.02071428548748535 0
0.09142857234286553 -0.01928571407762486 0
0.09142857234286608 -0.01785714266776395 0
0.09142857234286664 -0.0164285712579043 0
0.09142857234286722 -0.01499999984804253 0
0.0914285723428678 -0.01357142843818374 0
0.09142857234286836 -0.01214285702832114 0
0.09142857234286891 -0.01071428561846306 0
0.0914285723428695 -0.009285714208600776 0
0.09142857234287008 -0.007857142798743194 0
0.09142857234287063 -0.006428571388885172 0
0.09142857234287119 -0.004999999979022812 0
0.09142857234287177 -0.003571428569164417 0
0.09142857234287234 -0.002142857159301555 0
0.09142857234287292 -0.0007142857494429108 0
0.09142857234287347 0.0007142856604190719 0
0.09142857234287405 0.002142857070278495 0
0.09142857234287464 0.003571428480139687 0
0.09285714378569299 -0.09357142739014369 0
0.09285714378569354 -0.09214285598028647 0
0.09285714378569408 -0.09071428457043232 0
0.0928571437856946 -0.089285713160578 0
0.09285714378569512 -0.08785714175072352 0
0.09285714378569566 -0.08642857034086451 0
0.09285714378569621 -0.0849999989310104 0
0.09285714378569673 -0.08357142752115601 0
0.09285714378569729 -0.08214285611130198 0
0.09285714378569779 -0.0807142847014487 0
0.09285714378569833 -0.07928571329159866 0
0.09285714378569887 -0.07785714188174457 0
0.0928571437856994 -0.07642857047189018 0
0.09285714378569992 -0.07499999906203604 0
0.09285714378570048 -0.07357142765218175 0
0.09285714378570102 -0.07214285624232758 0
0.09285714378570151 -0.07071428483247329 0
0.09285714378570206 -0.06928571342261906 0
0.09285714378570262 -0.06785714201276485 0
0.09285714378570312 -0.06642857060291059 0
0.09285714378570367 -0.06499999919305645 0
0.09285714378570421 -0.06357142778320518 0
0.09285714378570473 -0.06214285637335305 0
0.09285714378570528 -0.06071428496349866 0
0.09285714378570581 -0.05928571355364472 0
0.09285714378570634 -0.0578571421437906 0
0.09285714378570686 -0.05642857073393638 0
0.09285714378570739 -0.0549999993240823 0
0.09285714378570796 -0.05357142791422809 0
0.09285714378570845 -0.05214285650437385 0
0.092857143785709 -0.05071428509451963 0
0.09285714378570953 -0.04928571368466604 0
0.09285714378571006 -0.04785714227481411 0
0.09285714378571058 -0.04642857086496219 0
0.09285714378571114 -0.04499999945510907 0
0.09285714378571167 -0.04357142804524984 0
0.09285714378571219 -0.04214285663538941 0
0.09285714378571272 -0.04071428522552899 0
0.09285714378571325 -0.03928571381566844 0
0.09285714378571377 -0.03785714240580786 0
0.09285714378571433 -0.03642857099594725 0
0.09285714378571484 -0.03499999958608665 0
0.09285714378571538 -0.03357142817622811 0
0.09285714378571591 -0.03214285676636741 0
0.09285714378571647 -0.03071428535650846 0
0.09285714378571699 -0.02928571394665168 0
0.09285714378571752 -0.02785714253678877 0
0.09285714378571805 -0.02642857112693039 0
0.09285714378571858 -0.02499999971706811 0
0.09285714378571913 -0.02357142830720881 0
0.09285714378571966 -0.02214285689734736 0
0.09285714378572019 -0.02071428548748719 0
0.09285714378572071 -0.0192857140776266 0
0.09285714378572124 -0.01785714266776556 0
0.09285714378572177 -0.01642857125790582 0
0.09285714378572232 -0.01499999984804393 0
0.09285714378572285 -0.01357142843818506 0
0.09285714378572338 -0.01214285702832231 0
0.09285714378572395 -0.01071428561846414 0
0.09285714378572443 -0.009285714208601685 0
0.092857143785725 -0.007857142798744048 0
0.09285714378572552 -0.00642857138888596 0
0.09285714378572606 -0.004999999979023478 0
0.0928571437857266 -0.003571428569165025 0
0.0928571437857271 -0.002142857159302041 0
0.09285714378572767 -0.000714285749443333 0
0.09285714378572819 0.000714285660418779 0
0.09285714378572871 0.002142857070278291 0
0.09285714378572925 0.003571428480139592 0
0.09428571522855382 -0.09357142739014376 0
0.09428571522855424 -0.09214285598028663 0
0.09428571522855467 -0.09071428457043254 0
0.09428571522855511 -0.08928571316057833 0
0.09428571522855557 -0.08785714175072398 0
0.09428571522855603 -0.086428570340865 0
0.09428571522855644 -0.08499999893101096 0
0.0942857152285569 -0.0835714275211567 0
0.09428571522855733 -0.0821428561113028 0
0.09428571522855779 -0.08071428470144955 0
0.09428571522855825 -0.0792857132915997 0
0.09428571522855866 -0.07785714188174567 0
0.09428571522855908 -0.07642857047189143 0
0.09428571522855957 -0.0749999990620374 0
0.09428571522856 -0.07357142765218318 0
0.09428571522856044 -0.07214285624232913 0
0.09428571522856091 -0.07071428483247497 0
0.09428571522856131 -0.06928571342262084 0
0.09428571522856177 -0.06785714201276673 0
0.09428571522856226 -0.06642857060291257 0
0.09428571522856265 -0.06499999919305856 0
0.09428571522856306 -0.06357142778320742 0
0.09428571522856352 -0.06214285637335543 0
0.09428571522856399 -0.06071428496350115 0
0.09428571522856444 -0.05928571355364728 0
0.09428571522856485 -0.05785714214379324 0
0.09428571522856533 -0.0564285707339391 0
0.09428571522856574 -0.05499999932408513 0
0.09428571522856621 -0.05357142791423102 0
0.09428571522856663 -0.0521428565043769 0
0.09428571522856707 -0.05071428509452277 0
0.09428571522856752 -0.0492857136846693 0
0.09428571522856796 -0.04785714227481751 0
0.09428571522856841 -0.04642857086496573 0
0.09428571522856885 -0.04499999945511273 0
0.09428571522856929 -0.04357142804525338 0
0.09428571522856974 -0.04214285663539279 0
0.09428571522857018 -0.04071428522553225 0
0.09428571522857063 -0.03928571381567157 0
0.09428571522857107 -0.03785714240581089 0
0.09428571522857151 -0.03642857099595017 0
0.09428571522857196 -0.03499999958608947 0
0.0942857152285724 -0.03357142817623084 0
0.09428571522857285 -0.03214285676637005 0
0.09428571522857329 -0.03071428535651101 0
0.09428571522857371 -0.02928571394665418 0
0.09428571522857418 -0.02785714253679114 0
0.09428571522857462 -0.02642857112693266 0
0.09428571522857508 -0.02499999971707025 0
0.09428571522857553 -0.02357142830721087 0
0.09428571522857596 -0.02214285689734929 0
0.0942857152285764 -0.02071428548748902 0
0.09428571522857686 -0.01928571407762831 0
0.0942857152285773 -0.01785714266776718 0
0.09428571522857775 -0.01642857125790734 0
0.09428571522857818 -0.01499999984804532 0
0.09428571522857862 -0.01357142843818638 0
0.09428571522857906 -0.01214285702832349 0
0.09428571522857948 -0.01071428561846522 0
0.09428571522857997 -0.009285714208602603 0
0.0942857152285804 -0.007857142798744898 0
0.09428571522858085 -0.006428571388886743 0
0.09428571522858128 -0.004999999979024148 0
0.09428571522858174 -0.003571428569165641 0
0.09428571522858215 -0.002142857159302531 0
0.09428571522858259 -0.0007142857494437565 0
0.09428571522858303 0.0007142856604184851 0
0.09428571522858348 0.002142857070278086 0
0.09428571522858394 0.003571428480139495 0
0.09571428667141801 -0.09357142739014382 0
0.09571428667141832 -0.09214285598028675 0
0.09571428667141862 -0.09071428457043278 0
0.09571428667141894 -0.08928571316057871 0
0.09571428667141925 -0.08785714175072441 0
0.09571428667141954 -0.08642857034086551 0
0.09571428667141986 -0.08499999893101158 0
0.09571428667142017 -0.08357142752115743 0
0.09571428667142046 -0.08214285611130355 0
0.09571428667142076 -0.08071428470145037 0
0.09571428667142107 -0.07928571329160072 0
0.09571428667142137 -0.07785714188174678 0
0.09571428667142165 -0.07642857047189271 0
0.09571428667142198 -0.07499999906203873 0
0.09571428667142226 -0.07357142765218466 0
0.09571428667142259 -0.07214285624233069 0
0.09571428667142287 -0.07071428483247666 0
0.0957142866714232 -0.0692857134226226 0
0.0957142866714235 -0.06785714201276863 0
0.09571428667142381 -0.06642857060291459 0
0.09571428667142406 -0.0649999991930606 0
0.09571428667142437 -0.06357142778320969 0
0.0957142866714247 -0.06214285637335776 0
0.09571428667142501 -0.06071428496350366 0
0.09571428667142531 -0.05928571355364983 0
0.09571428667142562 -0.05785714214379589 0
0.09571428667142592 -0.05642857073394186 0
0.09571428667142623 -0.05499999932408794 0
0.09571428667142654 -0.05357142791423394 0
0.09571428667142684 -0.05214285650437991 0
0.09571428667142712 -0.05071428509452588 0
0.09571428667142745 -0.04928571368467255 0
0.09571428667142773 -0.0478571422748209 0
0.09571428667142803 -0.04642857086496926 0
0.09571428667142834 -0.04499999945511637 0
0.09571428667142864 -0.04357142804525692 0
0.09571428667142896 -0.04214285663539619 0
0.09571428667142928 -0.04071428522553549 0
0.09571428667142953 -0.03928571381567469 0
0.09571428667142987 -0.0378571424058139 0
0.09571428667143014 -0.03642857099595311 0
0.09571428667143045 -0.03499999958609228 0
0.09571428667143075 -0.03357142817623359 0
0.09571428667143106 -0.03214285676637268 0
0.09571428667143139 -0.03071428535651357 0
0.09571428667143167 -0.02928571394665668 0
0.095714286671432 -0.02785714253679351 0
0.09571428667143228 -0.02642857112693495 0
0.0957142866714326 -0.0249999997170724 0
0.09571428667143289 -0.02357142830721291 0
0.0957142866714332 -0.02214285689735123 0
0.0957142866714335 -0.02071428548749086 0
0.09571428667143378 -0.01928571407763005 0
0.09571428667143411 -0.0178571426677688 0
0.09571428667143439 -0.01642857125790886 0
0.09571428667143474 -0.01499999984804672 0
0.09571428667143499 -0.01357142843818769 0
0.09571428667143533 -0.01214285702832466 0
0.09571428667143561 -0.0107142856184663 0
0.09571428667143593 -0.009285714208603517 0
0.09571428667143622 -0.007857142798745748 0
0.09571428667143653 -0.006428571388887526 0
0.09571428667143683 -0.004999999979024811 0
0.09571428667143714 -0.003571428569166252 0
0.09571428667143744 -0.002142857159303021 0
0.09571428667143775 -0.0007142857494441786 0
0.09571428667143805 0.000714285660418192 0
0.09571428667143837 0.002142857070277882 0
0.09571428667143866 0.003571428480139399 0
0.09714285811427777 -0.0935714273901439 0
0.09714285811427799 -0.09214285598028692 0
0.0971428581142782 -0.090714284570433 0
0.09714285811427845 -0.08928571316057905 0
0.09714285811427868 -0.08785714175072482 0
0.09714285811427889 -0.08642857034086604 0
0.09714285811427913 -0.08499999893101212 0
0.09714285811427936 -0.08357142752115812 0
0.09714285811427958 -0.08214285611130431 0
0.09714285811427981 -0.08071428470145124 0
0.09714285811428007 -0.07928571329160179 0
0.09714285811428032 -0.07785714188174793 0
0.09714285811428053 -0.07642857047189394 0
0.09714285811428075 -0.07499999906204008 0
0.09714285811428099 -0.07357142765218613 0
0.09714285811428119 -0.07214285624233224 0
0.09714285811428143 -0.07071428483247831 0
0.09714285811428165 -0.06928571342262441 0
0.09714285811428186 -0.06785714201277052 0
0.09714285811428211 -0.06642857060291657 0
0.0971428581142823 -0.06499999919306269 0
0.09714285811428255 -0.06357142778321197 0
0.0971428581142828 -0.06214285637336016 0
0.09714285811428303 -0.06071428496350618 0
0.09714285811428325 -0.05928571355365237 0
0.09714285811428347 -0.05785714214379853 0
0.09714285811428372 -0.05642857073394461 0
0.09714285811428391 -0.05499999932409075 0
0.09714285811428415 -0.05357142791423684 0
0.09714285811428439 -0.05214285650438295 0
0.09714285811428462 -0.05071428509452903 0
0.09714285811428486 -0.04928571368467581 0
0.09714285811428508 -0.04785714227482429 0
0.0971428581142853 -0.04642857086497278 0
0.09714285811428552 -0.04499999945512 0
0.09714285811428575 -0.04357142804526044 0
0.09714285811428597 -0.04214285663539958 0
0.09714285811428623 -0.04071428522553875 0
0.09714285811428645 -0.03928571381567784 0
0.09714285811428668 -0.03785714240581695 0
0.09714285811428691 -0.03642857099595602 0
0.09714285811428713 -0.03499999958609509 0
0.09714285811428736 -0.03357142817623632 0
0.09714285811428761 -0.03214285676637532 0
0.09714285811428783 -0.03071428535651612 0
0.09714285811428802 -0.02928571394665919 0
0.09714285811428824 -0.02785714253679587 0
0.09714285811428852 -0.02642857112693724 0
0.09714285811428872 -0.02499999971707453 0
0.09714285811428897 -0.02357142830721497 0
0.0971428581142892 -0.02214285689735316 0
0.09714285811428941 -0.02071428548749269 0
0.09714285811428963 -0.01928571407763177 0
0.09714285811428985 -0.01785714266777041 0
0.09714285811429008 -0.01642857125791038 0
0.09714285811429033 -0.01499999984804811 0
0.09714285811429058 -0.01357142843818901 0
0.09714285811429081 -0.01214285702832584 0
0.09714285811429102 -0.01071428561846739 0
0.09714285811429126 -0.009285714208604431 0
0.09714285811429146 -0.007857142798746603 0
0.0971428581142917 -0.006428571388888314 0
0.09714285811429194 -0.004999999979025477 0
0.09714285811429216 -0.003571428569166864 0
0.09714285811429238 -0.002142857159303507 0
0.09714285811429263 -0.0007142857494446004 0
0.09714285811429287 0.0007142856604179003 0
0.09714285811429307 0.002142857070277677 0
0.09714285811429331 0.003571428480139302 0
0.09857142955713583 -0.09357142739014399 0
0.09857142955713596 -0.09214285598028703 0
0.09857142955713617 -0.09071428457043328 0
0.09857142955713634 -0.08928571316057943 0
0.09857142955713652 -0.08785714175072526 0
0.09857142955713669 -0.08642857034086655 0
0.09857142955713689 -0.08499999893101269 0
0.09857142955713707 -0.08357142752115881 0
0.09857142955713727 -0.08214285611130509 0
0.09857142955713744 -0.08071428470145209 0
0.0985714295571376 -0.07928571329160283 0
0.09857142955713775 -0.07785714188174903 0
0.09857142955713794 -0.07642857047189519 0
0.09857142955713816 -0.07499999906204143 0
0.0985714295571383 -0.0735714276521876 0
0.09857142955713849 -0.0721428562423338 0
0.09857142955713868 -0.07071428483247996 0
0.09857142955713885 -0.06928571342262616 0
0.09857142955713902 -0.06785714201277238 0
0.09857142955713921 -0.06642857060291858 0
0.09857142955713936 -0.06499999919306476 0
0.09857142955713956 -0.06357142778321423 0
0.09857142955713974 -0.06214285637336252 0
0.09857142955713991 -0.06071428496350868 0
0.0985714295571401 -0.05928571355365495 0
0.09857142955714027 -0.05785714214380115 0
0.09857142955714046 -0.05642857073394736 0
0.09857142955714063 -0.05499999932409357 0
0.09857142955714082 -0.05357142791423979 0
0.09857142955714099 -0.05214285650438596 0
0.09857142955714115 -0.05071428509453216 0
0.09857142955714131 -0.04928571368467905 0
0.09857142955714154 -0.04785714227482769 0
0.09857142955714168 -0.04642857086497632 0
0.09857142955714188 -0.04499999945512363 0
0.09857142955714204 -0.04357142804526397 0
0.09857142955714224 -0.04214285663540297 0
0.0985714295571424 -0.04071428522554199 0
0.0985714295571426 -0.03928571381568097 0
0.09857142955714276 -0.03785714240581997 0
0.09857142955714293 -0.03642857099595894 0
0.09857142955714308 -0.03499999958609792 0
0.09857142955714332 -0.03357142817623907 0
0.09857142955714349 -0.03214285676637797 0
0.09857142955714365 -0.03071428535651867 0
0.09857142955714385 -0.02928571394666169 0
0.09857142955714401 -0.02785714253679823 0
0.09857142955714421 -0.02642857112693952 0
0.09857142955714436 -0.02499999971707666 0
0.09857142955714454 -0.02357142830721702 0
0.09857142955714471 -0.02214285689735509 0
0.09857142955714493 -0.02071428548749452 0
0.0985714295571451 -0.01928571407763351 0
0.09857142955714526 -0.01785714266777203 0
0.09857142955714542 -0.0164285712579119 0
0.09857142955714561 -0.01499999984804951 0
0.09857142955714582 -0.01357142843819033 0
0.09857142955714597 -0.01214285702832701 0
0.09857142955714615 -0.01071428561846846 0
0.09857142955714635 -0.009285714208605342 0
0.09857142955714654 -0.007857142798747448 0
0.09857142955714671 -0.0064285713888891 0
0.09857142955714687 -0.004999999979026143 0
0.09857142955714704 -0.003571428569167475 0
0.09857142955714723 -0.002142857159303996 0
0.0985714295571474 -0.0007142857494450228 0
0.09857142955714759 0.0007142856604176056 0
0.09857142955714776 0.002142857070277472 0
0.09857142955714793 0.003571428480139206 0
$EndNodes
$Elements
9 5184 1 5184
0 1 15 1
1 1 
0 2 15 1
2 2 
0 3 15 1
3 3 
0 4 15 1
4 4 
1 1 1 70
5 1 5 
6 5 6 
7 6 7 
8 7 8 
9 8 9 
10 9 10 
11 10 11 
12 11 12 
13 12 13 
14 13 14 
15 14 15 
16 15 16 
17 16 17 
18 17 18 
19 18 19 
20 19 20 
21 20 21 
22 21 22 
23 22 23 
24 23 24 
25 24 25 
26 25 26 
27 26 27 
28 27 28 
29 28 29 
30 29 30 
31 30 31 
32 31 32 
33 32 33 
34 33 34 
35 34 35 
36 35 36 
37 36 37 
38 37 38 
39 38 39 
40 39 40 
41 40 41 
42 41 42 
43 42 43 
44 43 44 
45 44 45 
46 45 46 
47 46 47 
48 47 48 
49 48 49 
50 49 50 
51 50 51 
52 51 52 
53 52 53 
54 53 54 
55 54 55 
56 55 56 
57 56 57 
58 57 58 
59 58 59 
60 59 60 
61 60 61 
62 61 62 
63 62 63 
64 63 64 
65 64 65 
66 65 66 
67 66 67 
68 67 68 
69 68 69 
70 69 70 
71 70 71 
72 71 72 
73 72 73 
74 73 2 
1 2 1 70
75 2 74 
76 74 75 
77 75 76 
78 76 77 
79 77 78 
80 78 79 
81 79 80 
82 80 81 
83 81 82 
84 82 83 
85 83 84 
86 84 85 
87 85 86 
88 86 87 
89 87 88 
90 88 89 
91 89 90 
92 90 91 
93 91 92 
94 92 93 
95 93 94 
96 94 95 
97 95 96 
98 96 97 
99 97 98 
100 98 99 
101 99 100 
102 100 101 
103 101 102 
104 102 103 
105 103 104 
106 104 105 
107 105 106 
108 106 107 
109 107 108 
110 108 109 
111 109 110 
112 110 111 
113 111 112 
114 112 113 
115 113 114 
116 114 115 
117 115 116 
118 116 117 
119 117 118 
120 118 119 
121 119 120 
122 120 121 
123 121 122 
124 122 123 
125 123 124 
126 124 125 
127 125 126 
128 126 127 
129 127 128 
130 128 129 
131 129 130 
132 130 131 
133 131 132 
134 132 133 
135 133 134 
136 134 135 
137 135 136 
138 136 137 
139 137 138 
140 138 139 
141 139 140 
142 140 141 
143 141 142 
144 142 3 
1 3 1 70
145 3 143 
146 143 144 
147 144 145 
148 145 146 
149 146 147 
150 147 148 
151 148 149 
152 149 150 
153 150 151 
154 151 152 
155 152 153 
156 153 154 
157 154 155 
158 155 156 
159 156 157 
160 157 158 
161 158 159 
162 159 160 
163 160 161 
164 161 162 
165 162 163 
166 163 164 
167 164 165 
168 165 166 
169 166 167 
170 167 168 
171 168 169 
172 169 170 
173 170 171 
174 171 172 
175 172 173 
176 173 174 
177 174 175 
178 175 176 
179 176 177 
180 177 178 
181 178 179 
182 179 180 
183 180 181 
184 181 182 
185 182 183 
186 183 184 
187 184 185 
188 185 186 
189 186 187 
190 187 188 
191 188 189 
192 189 190 
193 190 191 
194 191 192 
195 192 193 
196 193 194 
197 194 195 
198 195 196 
199 196 197 
200 197 198 
201 198 199 
202 199 200 
203 200 201 
204 201 202 
205 202 203 
206 203 204 
207 204 205 
208 205 206 
209 206 207 
210 207 208 
211 208 209 
212 209 210 
213 210 211 
214 211 4 
1 4 1 70
215 4 212 
216 212 213 
217 213 214 
218 214 215 
219 215 216 
220 216 217 
221 217 218 
222 218 219 
223 219 220 
224 220 221 
225 221 222 
226 222 223 
227 223 224 
228 224 225 
229 225 226 
230 226 227 
231 227 228 
232 228 229 
233 229 230 
234 230 231 
235 231 232 
236 232 233 
237 233 234 
238 234 235 
239 235 236 
240 236 237 
241 237 238 
242 238 239 
243 239 240 
244 240 241 
245 241 242 
246 242 243 
247 243 244 
248 244 245 
249 245 246 
250 246 247 
251 247 248 
252 248 249 
253 249 250 
254 250 251 
255 251 252 
256 252 253 
257 253 254 
258 254 255 
259 255 256 
260 256 257 
261 257 258 
262 258 259 
263 259 260 
264 260 261 
265 261 262 
266 262 263 
267 263 264 
268 264 265 
269 265 266 
270 266 267 
271 267 268 
272 268 269 
273 269 270 
274 270 271 
275 271 272 
276 272 273 
277 273 274 
278 274 275 
279 275 276 
280 276 277 
281 277 278 
282 278 279 
283 279 280 
284 280 1 
2 1 3 4900
285 1 5 281 280 
286 280 281 282 279 
287 279 282 283 278 
288 278 283 284 277 
289 277 284 285 276 
290 276 285 286 275 
291 275 286 287 274 
292 274 287 288 273 
293 273 288 289 272 
294 272 289 290 271 
295 271 290 291 270 
296 270 291 292 269 
297 269 292 293 268 
298 268 293 294 267 
299 267 294 295 266 
300 266 295 296 265 
301 265 296 297 264 
302 264 297 298 263 
303 263 298 299 262 
304 262 299 300 261 
305 261 300 301 260 
306 260 301 302 259 
307 259 302 303 258 
308 258 303 304 257 
309 257 304 305 256 
310 256 305 306 255 
311 255 306 307 254 
312 254 307 308 253 
313 253 308 309 252 
314 252 309 310 251 
315 251 310 311 250 
316 250 311 312 249 
317 249 312 313 248 
318 248 313 314 247 
319 247 314 315 246 
320 246 315 316 245 
321 245 316 317 244 
322 244 317 318 243 
323 243 318 319 242 
324 242 319 320 241 
325 241 320 321 240 
326 240 321 322 239 
327 239 322 323 238 
328 238 323 324 237 
329 237 324 325 236 
330 236 325 326 235 
331 235 326 327 234 
332 234 327 328 233 
333 233 328 329 232 
334 232 329 330 231 
335 231 330 331 230 
336 230 331 332 229 
337 229 332 333 228 
338 228 333 334 227 
339 227 334 335 226 
340 226 335 336 225 
341 225 336 337 224 
342 224 337 338 223 
343 223 338 339 222 
344 222 339 340 221 
345 221 340 341 220 
346 220 341 342 219 
347 219 342 343 218 
348 218 343 344 217 
349 217 344 345 216 
350 216 345 346 215 
351 215 346 347 214 
352 214 347 348 213 
353 213 348 349 212 
354 212 349 211 4 
355 5 6 350 281 
356 281 350 351 282 
357 282 351 352 283 
358 283 352 353 284 
359 284 353 354 285 
360 285 354 355 286 
361 286 355 356 287 
362 287 356 357 288 
363 288 357 358 289 
364 289 358 359 290 
365 290 359 360 291 
366 291 360 361 292 
367 292 361 362 293 
368 293 362 363 294 
369 294 363 364 295 
370 295 364 365 296 
371 296 365 366 297 
372 297 366 367 298 
373 298 367 368 299 
374 299 368 369 300 
375 300 369 370 301 
376 301 370 371 302 
377 302 371 372 303 
378 303 372 373 304 
379 304 373 374 305 
380 305 374 375 306 
381 306 375 376 307 
382 307 376 377 308 
383 308 377 378 309 
384 309 378 379 310 
385 310 379 380 311 
386 311 380 381 312 
387 312 381 382 313 
388 313 382 383 314 
389 314 383 384 315 
390 315 384 385 316 
391 316 385 386 317 
392 317 386 387 318 
393 318 387 388 319 
394 319 388 389 320 
395 320 389 390 321 
396 321 390 391 322 
397 322 391 392 323 
398 323 392 393 324 
399 324 393 394 325 
400 325 394 395 326 
401 326 395 396 327 
402 327 396 397 328 
403 328 397 398 329 
404 329 398 399 330 
405 330 399 400 331 
406 331 400 401 332 
407 332 401 402 333 
408 333 402 403 334 
409 334 403 404 335 
410 335 404 405 336 
411 336 405 406 337 
412 337 406 407 338 
413 338 407 408 339 
414 339 408 409 340 
415 340 409 410 341 
416 341 410 411 342 
417 342 411 412 343 
418 343 412 413 344 
419 344 413 414 345 
420 345 414 415 346 
421 346 415 416 347 
422 347 416 417 348 
423 348 417 418 349 
424 349 418 210 211 
425 6 7 419 350 
426 350 419 420 351 
427 351 420 421 352 
428 352 421 422 353 
429 353 422 423 354 
430 354 423 424 355 
431 355 424 425 356 
432 356 425 426 357 
433 357 426 427 358 
434 358 427 428 359 
435 359 428 429 360 
436 360 429 430 361 
437 361 430 431 362 
438 362 431 432 363 
439 363 432 433 364 
440 364 433 434 365 
441 365 434 435 366 
442 366 435 436 367 
443 367 436 437 368 
444 368 437 438 369 
445 369 438 439 370 
446 370 439 440 371 
447 371 440 441 372 
448 372 441 442 373 
449 373 442 443 374 
450 374 443 444 375 
451 375 444 445 376 
452 376 445 446 377 
453 377 446 447 378 
454 378 447 448 379 
455 379 448 449 380 
456 380 449 450 381 
457 381 450 451 382 
458 382 451 452 383 
459 383 452 453 384 
460 384 453 454 385 
461 385 454 455 386 
462 386 455 456 387 
463 387 456 457 388 
464 388 457 458 389 
465 389 458 459 390 
466 390 459 460 391 
467 391 460 461 392 
468 392 461 462 393 
469 393 462 463 394 
470 394 463 464 395 
471 395 464 465 396 
472 396 465 466 397 
473 397 466 467 398 
474 398 467 468 399 
475 399 468 469 400 
476 400 469 470 401 
477 401 470 471 402 
478 402 471 472 403 
479 403 472 473 404 
480 404 473 474 405 
481 405 474 475 406 
482 406 475 476 407 
483 407 476 477 408 
484 408 477 478 409 
485 409 478 479 410 
486 410 479 480 411 
487 411 480 481 412 
488 412 481 482 413 
489 413 482 483 414 
490 414 483 484 415 
491 415 484 485 416 
492 416 485 486 417 
493 417 486 487 418 
494 418 487 209 210 
495 7 8 488 419 
496 419 488 489 420 
497 420 489 490 421 
498 421 490 491 422 
499 422 491 492 423 
500 423 492 493 424 
501 424 493 494 425 
502 425 494 495 426 
503 426 495 496 427 
504 427 496 497 428 
505 428 497 498 429 
506 429 498 499 430 
507 430 499 500 431 
508 431 500 501 432 
509 432 501 502 433 
510 433 502 503 434 
511 434 503 504 435 
512 435 504 505 436 
513 436 505 506 437 
514 437 506 507 438 
515 438 507 508 439 
516 439 508 509 440 
517 440 509 510 441 
518 441 510 511 442 
519 442 511 512 443 
520 443 512 513 444 
521 444 513 514 445 
522 445 514 515 446 
523 446 515 516 447 
524 447 516 517 448 
525 448 517 518 449 
526 449 518 519 450 
527 450 519 520 451 
528 451 520 521 452 
529 452 521 522 453 
530 453 522 523 454 
531 454 523 524 455 
532 455 524 525 456 
533 456 525 526 457 
534 457 526 527 458 
535 458 527 528 459 
536 459 528 529 460 
537 460 529 530 461 
538 461 530 531 462 
539 462 531 532 463 
540 463 532 533 464 
541 464 533 534 465 
542 465 534 535 466 
543 466 535 536 467 
544 467 536 537 468 
545 468 537 538 469 
546 469 538 539 470 
547 470 539 540 471 
548 471 540 541 472 
549 472 541 542 473 
550 473 542 543 474 
551 474 543 544 475 
552 475 544 545 476 
553 476 545 546 477 
554 477 546 547 478 
555 478 547 548 479 
556 479 548 549 480 
557 480 549 550 481 
558 481 550 551 482 
559 482 551 552 483 
560 483 552 553 484 
561 484 553 554 485 
562 485 554 555 486 
563 486 555 556 487 
564 487 556 208 209 
565 8 9 557 488 
566 488 557 558 489 
567 489 558 559 490 
568 490 559 560 491 
569 491 560 561 492 
570 492 561 562 493 
571 493 562 563 494 
572 494 563 564 495 
573 495 564 565 496 
574 496 565 566 497 
575 497 566 567 498 
576 498 567 568 499 
577 499 568 569 500 
578 500 569 570 501 
579 501 570 571 502 
580 502 571 572 503 
581 503 572 573 504 
582 504 573 574 505 
583 505 574 575 506 
584 506 575 576 507 
585 507 576 577 508 
586 508 577 578 509 
587 509 578 579 510 
588 510 579 580 511 
589 511 580 581 512 
590 512 581 582 513 
591 513 582 583 514 
592 514 583 584 515 
593 515 584 585 516 
594 516 585 586 517 
595 517 586 587 518 
596 518 587 588 519 
597 519 588 589 520 
598 520 589 590 521 
599 521 590 591 522 
600 522 591 592 523 
601 523 592 593 524 
602 524 593 594 525 
603 525 594 595 526 
604 526 595 596 527 
605 527 596 597 528 
606 528 597 598 529 
607 529 598 599 530 
608 530 599 600 531 
609 531 600 601 532 
610 532 601 602 533 
611 533 602 603 534 
612 534 603 604 535 
613 535 604 605 536 
614 536 605 606 537 
615 537 606 607 538 
616 538 607 608 539 
617 539 608 609 540 
618 540 609 610 541 
619 541 610 611 542 
620 542 611 612 543 
621 543 612 613 544 
622 544 613 614 545 
623 545 614 615 546 
624 546 615 616 547 
625 547 616 617 548 
626 548 617 618 549 
627 549 618 619 550 
628 550 619 620 551 
629 551 620 621 552 
630 552 621 622 553 
631 553 622 623 554 
632 554 623 624 555 
633 555 624 625 556 
634 556 625 207 208 
635 9 10 626 557 
636 557 626 627 558 
637 558 627 628 559 
638 559 628 629 560 
639 560 629 630 561 
640 561 630 631 562 
641 562 631 632 563 
642 563 632 633 564 
643 564 633 634 565 
644 565 634 635 566 
645 566 635 636 567 
646 567 636 637 568 
647 568 637 638 569 
648 569 638 639 570 
649 570 639 640 571 
650 571 640 641 572 
651 572 641 642 573 
652 573 642 643 574 
653 574 643 644 575 
654 575 644 645 576 
655 576 645 646 577 
656 577 646 647 578 
657 578 647 648 579 
658 579 648 649 580 
659 580 649 650 581 
660 581 650 651 582 
661 582 651 652 583 
662 583 652 653 584 
663 584 653 654 585 
664 585 654 655 586 
665 586 655 656 587 
666 587 656 657 588 
667 588 657 658 589 
668 589 658 659 590 
669 590 659 660 591 
670 591 660 661 592 
671 592 661 662 593 
672 593 662 663 594 
673 594 663 664 595 
674 595 664 665 596 
675 596 665 666 597 
676 597 666 667 598 
677 598 667 668 599 
678 599 668 669 600 
679 600 669 670 601 
680 601 670 671 602 
681 602 671 672 603 
682 603 672 673 604 
683 604 673 674 605 
684 605 674 675 606 
685 606 675 676 607 
686 607 676 677 608 
687 608 677 678 609 
688 609 678 679 610 
689 610 679 680 611 
690 611 680 681 612 
691 612 681 682 613 
692 613 682 683 614 
693 614 683 684 615 
694 615 684 685 616 
695 616 685 686 617 
696 617 686 687 618 
697 618 687 688 619 
698 619 688 689 620 
699 620 689 690 621 
700 621 690 691 622 
701 622 691 692 623 
702 623 692 693 624 
703 624 693 694 625 
704 625 694 206 207 
705 10 11 695 626 
706 626 695 696 627 
707 627 696 697 628 
708 628 697 698 629 
709 629 698 699 630 
710 630 699 700 631 
711 631 700 701 632 
712 632 701 702 633 
713 633 702 703 634 
714 634 703 704 635 
715 635 704 705 636 
716 636 705 706 637 
717 637 706 707 638 
718 638 707 708 639 
719 639 708 709 640 
720 640 709 710 641 
721 641 710 711 642 
722 642 711 712 643 
723 643 712 713 644 
724 644 713 714 645 
725 645 714 715 646 
726 646 715 716 647 
727 647 716 717 648 
728 648 717 718 649 
729 649 718 719 650 
730 650 719 720 651 
731 651 720 721 652 
732 652 721 722 653 
733 653 722 723 654 
734 654 723 724 655 
735 655 724 725 656 
736 656 725 726 657 
737 657 726 727 658 
738 658 727 728 659 
739 659 728 729 660 
740 660 729 730 661 
741 661 730 731 662 
742 662 731 732 663 
743 663 732 733 664 
744 664 733 734 665 
745 665 734 735 666 
746 666 735 736 667 
747 667 736 737 668 
748 668 737 738 669 
749 669 738 739 670 
750 670 739 740 671 
751 671 740 741 672 
752 672 741 742 673 
753 673 742 743 674 
754 674 743 744 675 
755 675 744 745 676 
756 676 745 746 677 
757 677 746 747 678 
758 678 747 748 679 
759 679 748 749 680 
760 680 749 750 681 
761 681 750 751 682 
762 682 751 752 683 
763 683 752 753 684 
764 684 753 754 685 
765 685 754 755 686 
766 686 755 756 687 
767 687 756 757 688 
768 688 757 758 689 
769 689 758 759 690 
770 690 759 760 691 
771 691 760 761 692 
772 692 761 762 693 
773 693 762 763 694 
774 694 763 205 206 
775 11 12 764 695 
776 695 764 765 696 
777 696 765 766 697 
778 697 766 767 698 
779 698 767 768 699 
780 699 768 769 700 
781 700 769 770 701 
782 701 770 771 702 
783 702 771 772 703 
784 703 772 773 704 
785 704 773 774 705 
786 705 774 775 706 
787 706 775 776 707 
788 707 776 777 708 
789 708 777 778 709 
790 709 778 779 710 
791 710 779 780 711 
792 711 780 781 712 
793 712 781 782 713 
794 713 782 783 714 
795 714 783 784 715 
796 715 784 785 716 
797 716 785 786 717 
798 717 786 787 718 
799 718 787 788 719 
800 719 788 789 720 
801 720 789 790 721 
802 721 790 791 722 
803 722 791 792 723 
804 723 792 793 724 
805 724 793 794 725 
806 725 794 795 726 
807 726 795 796 727 
808 727 796 797 728 
809 728 797 798 729 
810 729 798 799 730 
811 730 799 800 731 
812 731 800 801 732 
813 732 801 802 733 
814 733 802 803 734 
815 734 803 804 735 
816 735 804 805 736 
817 736 805 806 737 
818 737 806 807 738 
819 738 807 808 739 
820 739 808 809 740 
821 740 809 810 741 
822 741 810 811 742 
823 742 811 812 743 
824 743 812 813 744 
825 744 813 814 745 
826 745 814 815 746 
827 746 815 816 747 
828 747 816 817 748 
829 748 817 818 749 
830 749 818 819 750 
831 750 819 820 751 
832 751 820 821 752 
833 752 821 822 753 
834 753 822 823 754 
835 754 823 824 755 
836 755 824 825 756 
837 756 825 826 757 
838 757 826 827 758 
839 758 827 828 759 
840 759 828 829 760 
841 760 829 830 761 
842 761 830 831 762 
843 762 831 832 763 
844 763 832 204 205 
845 12 13 833 764 
846 764 833 834 765 
847 765 834 835 766 
848 766 835 836 767 
849 767 836 837 768 
850 768 837 838 769 
851 769 838 839 770 
852 770 839 840 771 
853 771 840 841 772 
854 772 841 842 773 
855 773 842 843 774 
856 774 843 844 775 
857 775 844 845 776 
858 776 845 846 777 
859 777 846 847 778 
860 778 847 848 779 
861 779 848 849 780 
862 780 849 850 781 
863 781 850 851 782 
864 782 851 852 783 
865 783 852 853 784 
866 784 853 854 785 
867 785 854 855 786 
868 786 855 856 787 
869 787 856 857 788 
870 788 857 858 789 
871 789 858 859 790 
872 790 859 860 791 
873 791 860 861 792 
874 792 861 862 793 
875 793 862 863 794 
876 794 863 864 795 
877 795 864 865 796 
878 796 865 866 797 
879 797 866 867 798 
880 798 867 868 799 
881 799 868 869 800 
882 800 869 870 801 
883 801 870 871 802 
884 802 871 872 803 
885 803 872 873 804 
886 804 873 874 805 
887 805 874 875 806 
888 806 875 876 807 
889 807 876 877 808 
890 808 877 878 809 
891 809 878 879 810 
892 810 879 880 811 
893 811 880 881 812 
894 812 881 882 813 
895 813 882 883 814 
896 814 883 884 815 
897 815 884 885 816 
898 816 885 886 817 
899 817 886 887 818 
900 818 887 888 819 
901 819 888 889 820 
902 820 889 890 821 
903 821 890 891 822 
904 822 891 892 823 
905 823 892 893 824 
906 824 893 894 825 
907 825 894 895 826 
908 826 895 896 827 
909 827 896 897 828 
910 828 897 898 829 
911 829 898 899 830 
912 830 899 900 831 
913 831 900 901 832 
914 832 901 203 204 
915 13 14 902 833 
916 833 902 903 834 
917 834 903 904 835 
918 835 904 905 836 
919 836 905 906 837 
920 837 906 907 838 
921 838 907 908 839 
922 839 908 909 840 
923 840 909 910 841 
924 841 910 911 842 
925 842 911 912 843 
926 843 912 913 844 
927 844 913 914 845 
928 845 914 915 846 
929 846 915 916 847 
930 847 916 917 848 
931 848 917 918 849 
932 849 918 919 850 
933 850 919 920 851 
934 851 920 921 852 
935 852 921 922 853 
936 853 922 923 854 
937 854 923 924 855 
938 855 924 925 856 
939 856 925 926 857 
940 857 926 927 858 
941 858 927 928 859 
942 859 928 929 860 
943 860 929 930 861 
944 861 930 931 862 
945 862 931 932 863 
946 863 932 933 864 
947 864 933 934 865 
948 865 934 935 866 
949 866 935 936 867 
950 867 936 937 868 
951 868 937 938 869 
952 869 938 939 870 
953 870 939 940 871 
954 871 940 941 872 
955 872 941 942 873 
956 873 942 943 874 
957 874 943 944 875 
958 875 944 945 876 
959 876 945 946 877 
960 877 946 947 878 
961 878 947 948 879 
962 879 948 949 880 
963 880 949 950 881 
964 881 950 951 882 
965 882 951 952 883 
966 883 952 953 884 
967 884 953 954 885 
968 885 954 955 886 
969 886 955 956 887 
970 887 956 957 888 
971 888 957 958 889 
972 889 958 959 890 
973 890 959 960 891 
974 891 960 961 892 
975 892 961 962 893 
976 893 962 963 894 
977 894 963 964 895 
978 895 964 965 896 
979 896 965 966 897 
980 897 966 967 898 
981 898 967 968 899 
982 899 968 969 900 
983 900 969 970 901 
984 901 970 202 203 
985 14 15 971 902 
986 902 971 972 903 
987 903 972 973 904 
988 904 973 974 905 
989 905 974 975 906 
990 906 975 976 907 
991 907 976 977 908 
992 908 977 978 909 
993 909 978 979 910 
994 910 979 980 911 
995 911 980 981 912 
996 912 981 982 913 
997 913 982 983 914 
998 914 983 984 915 
999 915 984 985 916 
1000 916 985 986 917 
1001 917 986 987 918 
1002 918 987 988 919 
1003 919 988 989 920 
1004 920 989 990 921 
1005 921 990 991 922 
1006 922 991 992 923 
1007 923 992 993 924 
1008 924 993 994 925 
1009 925 994 995 926 
1010 926 995 996 927 
1011 927 996 997 928 
1012 928 997 998 929 
1013 929 998 999 930 
1014 930 999 1000 931 
1015 931 1000 1001 932 
1016 932 1001 1002 933 
1017 933 1002 1003 934 
1018 934 1003 1004 935 
1019 935 1004 1005 936 
1020 936 1005 1006 937 
1021 937 1006 1007 938 
1022 938 1007 1008 939 
1023 939 1008 1009 940 
1024 940 1009 1010 941 
1025 941 1010 1011 942 
1026 942 1011 1012 943 
1027 943 1012 1013 944 
1028 944 1013 1014 945 
1029 945 1014 1015 946 
1030 946 1015 1016 947 
1031 947 1016 1017 948 
1032 948 1017 1018 949 
1033 949 1018 1019 950 
1034 950 1019 1020 951 
1035 951 1020 1021 952 
1036 952 1021 1022 953 
1037 953 1022 1023 954 
1038 954 1023 1024 955 
1039 955 1024 1025 956 
1040 956 1025 1026 957 
1041 957 1026 1027 958 
1042 958 1027 1028 959 
1043 959 1028 1029 960 
1044 960 1029 1030 961 
1045 961 1030 1031 962 
1046 962 1031 1032 963 
1047 963 1032 1033 964 
1048 964 1033 1034 965 
1049 965 1034 1035 966 
1050 966 1035 1036 967 
1051 967 1036 1037 968 
1052 968 1037 1038 969 
1053 969 1038 1039 970 
1054 970 1039 201 202 
1055 15 16 1040 971 
1056 971 1040 1041 972 
1057 972 1041 1042 973 
1058 973 1042 1043 974 
1059 974 1043 1044 975 
1060 975 1044 1045 976 
1061 976 1045 1046 977 
1062 977 1046 1047 978 
1063 978 1047 1048 979 
1064 979 1048 1049 980 
1065 980 1049 1050 981 
1066 981 1050 1051 982 
1067 982 1051 1052 983 
1068 983 1052 1053 984 
1069 984 1053 1054 985 
1070 985 1054 1055 986 
1071 986 1055 1056 987 
1072 987 1056 1057 988 
1073 988 1057 1058 989 
1074 989 1058 1059 990 
1075 990 1059 1060 991 
1076 991 1060 1061 992 
1077 992 1061 1062 993 
1078 993 1062 1063 994 
1079 994 1063 1064 995 
1080 995 1064 1065 996 
1081 996 1065 1066 997 
1082 997 1066 1067 998 
1083 998 1067 1068 999 
1084 999 1068 1069 1000 
1085 1000 1069 1070 1001 
1086 1001 1070 1071 1002 
1087 1002 1071 1072 1003 
1088 1003 1072 1073 1004 
1089 1004 1073 1074 1005 
1090 1005 1074 1075 1006 
1091 1006 1075 1076 1007 
1092 1007 1076 1077 1008 
1093 1008 1077 1078 1009 
1094 1009 1078 1079 1010 
1095 1010 1079 1080 1011 
1096 1011 1080 1081 1012 
1097 1012 1081 1082 1013 
1098 1013 1082 1083 1014 
1099 1014 1083 1084 1015 
1100 1015 1084 1085 1016 
1101 1016 1085 1086 1017 
1102 1017 1086 1087 1018 
1103 1018 1087 1088 1019 
1104 1019 1088 1089 1020 
1105 1020 1089 1090 1021 
1106 1021 1090 1091 1022 
1107 1022 1091 1092 1023 
1108 1023 1092 1093 1024 
1109 1024 1093 1094 1025 
1110 1025 1094 1095 1026 
1111 1026 1095 1096 1027 
1112 1027 1096 1097 1028 
1113 1028 1097 1098 1029 
1114 1029 1098 1099 1030 
1115 1030 1099 1100 1031 
1116 1031 1100 1101 1032 
1117 1032 1101 1102 1033 
1118 1033 1102 1103 1034 
1119 1034 1103 1104 1035 
1120 1035 1104 1105 1036 
1121 1036 1105 1106 1037 
1122 1037 1106 1107 1038 
1123 1038 1107 1108 1039 
1124 1039 1108 200 201 
1125 16 17 1109 1040 
1126 1040 1109 1110 1041 
1127 1041 1110 1111 1042 
1128 1042 1111 1112 1043 
1129 1043 1112 1113 1044 
1130 1044 1113 1114 1045 
1131 1045 1114 1115 1046 
1132 1046 1115 1116 1047 
1133 1047 1116 1117 1048 
1134 1048 1117 1118 1049 
1135 1049 1118 1119 1050 
1136 1050 1119 1120 1051 
1137 1051 1120 1121 1052 
1138 1052 1121 1122 1053 
1139 1053 1122 1123 1054 
1140 1054 1123 1124 1055 
1141 1055 1124 1125 1056 
1142 1056 1125 1126 1057 
1143 1057 1126 1127 1058 
1144 1058 1127 1128 1059 
1145 1059 1128 1129 1060 
1146 1060 1129 1130 1061 
1147 1061 1130 1131 1062 
1148 1062 1131 1132 1063 
1149 1063 1132 1133 1064 
1150 1064 1133 1134 1065 
1151 1065 1134 1135 1066 
1152 1066 1135 1136 1067 
1153 1067 1136 1137 1068 
1154 1068 1137 1138 1069 
1155 1069 1138 1139 1070 
1156 1070 1139 1140 1071 
1157 1071 1140 1141 1072 
1158 1072 1141 1142 1073 
1159 1073 1142 1143 1074 
1160 1074 1143 1144 1075 
1161 1075 1144 1145 1076 
1162 1076 1145 1146 1077 
1163 1077 1146 1147 1078 
1164 1078 1147 1148 1079 
1165 1079 1148 1149 1080 
1166 1080 1149 1150 1081 
1167 1081 1150 1151 1082 
1168 1082 1151 1152 1083 
1169 1083 1152 1153 1084 
1170 1084 1153 1154 1085 
1171 1085 1154 1155 1086 
1172 1086 1155 1156 1087 
1173 1087 1156 1157 1088 
1174 1088 1157 1158 1089 
1175 1089 1158 1159 1090 
1176 1090 1159 1160 1091 
1177 1091 1160 1161 1092 
1178 1092 1161 1162 1093 
1179 1093 1162 1163 1094 
1180 1094 1163 1164 1095 
1181 1095 1164 1165 1096 
1182 1096 1165 1166 1097 
1183 1097 1166 1167 1098 
1184 1098 1167 1168 1099 
1185 1099 1168 1169 1100 
1186 1100 1169 1170 1101 
1187 1101 1170 1171 1102 
1188 1102 1171 1172 1103 
1189 1103 1172 1173 1104 
1190 1104 1173 1174 1105 
1191 1105 1174 1175 1106 
1192 1106 1175 1176 1107 
1193 1107 1176 1177 1108 
1194 1108 1177 199 200 
1195 17 18 1178 1109 
1196 1109 1178 1179 1110 
1197 1110 1179 1180 1111 
1198 1111 1180 1181 1112 
1199 1112 1181 1182 1113 
1200 1113 1182 1183 1114 
1201 1114 1183 1184 1115 
1202 1115 1184 1185 1116 
1203 1116 1185 1186 1117 
1204 1117 1186 1187 1118 
1205 1118 1187 1188 1119 
1206 1119 1188 1189 1120 
1207 1120 1189 1190 1121 
1208 1121 1190 1191 1122 
1209 1122 1191 1192 1123 
1210 1123 1192 1193 1124 
1211 1124 1193 1194 1125 
1212 1125 1194 1195 1126 
1213 1126 1195 1196 1127 
1214 1127 1196 1197 1128 
1215 1128 1197 1198 1129 
1216 1129 1198 1199 1130 
1217 1130 1199 1200 1131 
1218 1131 1200 1201 1132 
1219 1132 1201 1202 1133 
1220 1133 1202 1203 1134 
1221 1134 1203 1204 1135 
1222 1135 1204 1205 1136 
1223 1136 1205 1206 1137 
1224 1137 1206 1207 1138 
1225 1138 1207 1208 1139 
1226 1139 1208 1209 1140 
1227 1140 1209 1210 1141 
1228 1141 1210 1211 1142 
1229 1142 1211 1212 1143 
1230 1143 1212 1213 1144 
1231 1144 1213 1214 1145 
1232 1145 1214 1215 1146 
1233 1146 1215 1216 1147 
1234 1147 1216 1217 1148 
1235 1148 1217 1218 1149 
1236 1149 1218 1219 1150 
1237 1150 1219 1220 1151 
1238 1151 1220 1221 1152 
1239 1152 1221 1222 1153 
1240 1153 1222 1223 1154 
1241 1154 1223 1224 1155 
1242 1155 1224 1225 1156 
1243 1156 1225 1226 1157 
1244 1157 1226 1227 1158 
1245 1158 1227 1228 1159 
1246 1159 1228 1229 1160 
1247 1160 1229 1230 1161 
1248 1161 1230 1231 1162 
1249 1162 1231 1232 1163 
1250 1163 1232 1233 1164 
1251 1164 1233 1234 1165 
1252 1165 1234 1235 1166 
1253 1166 1235 1236 1167 
1254 1167 1236 1237 1168 
1255 1168 1237 1238 1169 
1256 1169 1238 1239 1170 
1257 1170 1239 1240 1171 
1258 1171 1240 1241 1172 
1259 1172 1241 1242 1173 
1260 1173 1242 1243 1174 
1261 1174 1243 1244 1175 
1262 1175 1244 1245 1176 
1263 1176 1245 1246 1177 
1264 1177 1246 198 199 
1265 18 19 1247 1178 
1266 1178 1247 1248 1179 
1267 1179 1248 1249 1180 
1268 1180 1249 1250 1181 
1269 1181 1250 1251 1182 
1270 1182 1251 1252 1183 
1271 1183 1252 1253 1184 
1272 1184 1253 1254 1185 
1273 1185 1254 1255 1186 
1274 1186 1255 1256 1187 
1275 1187 1256 1257 1188 
1276 1188 1257 1258 1189 
1277 1189 1258 1259 1190 
1278 1190 1259 1260 1191 
1279 1191 1260 1261 1192 
1280 1192 1261 1262 1193 
1281 1193 1262 1263 1194 
1282 1194 1263 1264 1195 
1283 1195 1264 1265 1196 
1284 1196 1265 1266 1197 
1285 1197 1266 1267 1198 
1286 1198 1267 1268 1199 
1287 1199 1268 1269 1200 
1288 1200 1269 1270 1201 
1289 1201 1270 1271 1202 
1290 1202 1271 1272 1203 
1291 1203 1272 1273 1204 
1292 1204 1273 1274 1205 
1293 1205 1274 1275 1206 
1294 1206 1275 1276 1207 
1295 1207 1276 1277 1208 
1296 1208 1277 1278 1209 
1297 1209 1278 1279 1210 
1298 1210 1279 1280 1211 
1299 1211 1280 1281 1212 
1300 1212 1281 1282 1213 
1301 1213 1282 1283 1214 
1302 1214 1283 1284 1215 
1303 1215 1284 1285 1216 
1304 1216 1285 1286 1217 
1305 1217 1286 1287 1218 
1306 1218 1287 1288 1219 
1307 1219 1288 1289 1220 
1308 1220 1289 1290 1221 
1309 1221 1290 1291 1222 
1310 1222 1291 1292 1223 
1311 1223 1292 1293 1224 
1312 1224 1293 1294 1225 
1313 1225 1294 1295 1226 
1314 1226 1295 1296 1227 
1315 1227 1296 1297 1228 
1316 1228 1297 1298 1229 
1317 1229 1298 1299 1230 
1318 1230 1299 1300 1231 
1319 1231 1300 1301 1232 
1320 1232 1301 1302 1233 
1321 1233 1302 1303 1234 
1322 1234 1303 1304 1235 
1323 1235 1304 1305 1236 
1324 1236 1305 1306 1237 
1325 1237 1306 1307 1238 
1326 1238 1307 1308 1239 
1327 1239 1308 1309 1240 
1328 1240 1309 1310 1241 
1329 1241 1310 1311 1242 
1330 1242 1311 1312 1243 
1331 1243 1312 1313 1244 
1332 1244 1313 1314 1245 
1333 1245 1314 1315 1246 
1334 1246 1315 197 198 
1335 19 20 1316 1247 
1336 1247 1316 1317 1248 
1337 1248 1317 1318 1249 
1338 1249 1318 1319 1250 
1339 1250 1319 1320 1251 
1340 1251 1320 1321 1252 
1341 1252 1321 1322 1253 
1342 1253 1322 1323 1254 
1343 1254 1323 1324 1255 
1344 1255 1324 1325 1256 
1345 1256 1325 1326 1257 
1346 1257 1326 1327 1258 
1347 1258 1327 1328 1259 
1348 1259 1328 1329 1260 
1349 1260 1329 1330 1261 
1350 1261 1330 1331 1262 
1351 1262 1331 1332 1263 
1352 1263 1332 1333 1264 
1353 1264 1333 1334 1265 
1354 1265 1334 1335 1266 
1355 1266 1335 1336 1267 
1356 1267 1336 1337 1268 
1357 1268 1337 1338 1269 
1358 1269 1338 1339 1270 
1359 1270 1339 1340 1271 
1360 1271 1340 1341 1272 
1361 1272 1341 1342 1273 
1362 1273 1342 1343 1274 
1363 1274 1343 1344 1275 
1364 1275 1344 1345 1276 
1365 1276 1345 1346 1277 
1366 1277 1346 1347 1278 
1367 1278 1347 1348 1279 
1368 1279 1348 1349 1280 
1369 1280 1349 1350 1281 
1370 1281 1350 1351 1282 
1371 1282 1351 1352 1283 
1372 1283 1352 1353 1284 
1373 1284 1353 1354 1285 
1374 1285 1354 1355 1286 
1375 1286 1355 1356 1287 
1376 1287 1356 1357 1288 
1377 1288 1357 1358 1289 
1378 1289 1358 1359 1290 
1379 1290 1359 1360 1291 
1380 1291 1360 1361 1292 
1381 1292 1361 1362 1293 
1382 1293 1362 1363 1294 
1383 1294 1363 1364 1295 
1384 1295 1364 1365 1296 
1385 1296 1365 1366 1297 
1386 1297 1366 1367 1298 
1387 1298 1367 1368 1299 
1388 1299 1368 1369 1300 
1389 1300 1369 1370 1301 
1390 1301 1370 1371 1302 
1391 1302 1371 1372 1303 
1392 1303 1372 1373 1304 
1393 1304 1373 1374 1305 
1394 1305 1374 1375 1306 
1395 1306 1375 1376 1307 
1396 1307 1376 1377 1308 
1397 1308 1377 1378 1309 
1398 1309 1378 1379 1310 
1399 1310 1379 1380 1311 
1400 1311 1380 1381 1312 
1401 1312 1381 1382 1313 
1402 1313 1382 1383 1314 
1403 1314 1383 1384 1315 
1404 1315 1384 196 197 
1405 20 21 1385 1316 
1406 1316 1385 1386 1317 
1407 1317 1386 1387 1318 
1408 1318 1387 1388 1319 
1409 1319 1388 1389 1320 
1410 1320 1389 1390 1321 
1411 1321 1390 1391 1322 
1412 1322 1391 1392 1323 
1413 1323 1392 1393 1324 
1414 1324 1393 1394 1325 
1415 1325 1394 1395 1326 
1416 1326 1395 1396 1327 
1417 1327 1396 1397 1328 
1418 1328 1397 1398 1329 
1419 1329 1398 1399 1330 
1420 1330 1399 1400 1331 
1421 1331 1400 1401 1332 
1422 1332 1401 1402 1333 
1423 1333 1402 1403 1334 
1424 1334 1403 1404 1335 
1425 1335 1404 1405 1336 
1426 1336 1405 1406 1337 
1427 1337 1406 1407 1338 
1428 1338 1407 1408 1339 
1429 1339 1408 1409 1340 
1430 1340 1409 1410 1341 
1431 1341 1410 1411 1342 
1432 1342 1411 1412 1343 
1433 1343 1412 1413 1344 
1434 1344 1413 1414 1345 
1435 1345 1414 1415 1346 
1436 1346 1415 1416 1347 
1437 1347 1416 1417 1348 
1438 1348 1417 1418 1349 
1439 1349 1418 1419 1350 
1440 1350 1419 1420 1351 
1441 1351 1420 1421 1352 
1442 1352 1421 1422 1353 
1443 1353 1422 1423 1354 
1444 1354 1423 1424 1355 
1445 1355 1424 1425 1356 
1446 1356 1425 1426 1357 
1447 1357 1426 1427 1358 
1448 1358 1427 1428 1359 
1449 1359 1428 1429 1360 
1450 1360 1429 1430 1361 
1451 1361 1430 1431 1362 
1452 1362 1431 1432 1363 
1453 1363 1432 1433 1364 
1454 1364 1433 1434 1365 
1455 1365 1434 1435 1366 
1456 1366 1435 1436 1367 
1457 1367 1436 1437 1368 
1458 1368 1437 1438 1369 
1459 1369 1438 1439 1370 
1460 1370 1439 1440 1371 
1461 1371 1440 1441 1372 
1462 1372 1441 1442 1373 
1463 1373 1442 1443 1374 
1464 1374 1443 1444 1375 
1465 1375 1444 1445 1376 
1466 1376 1445 1446 1377 
1467 1377 1446 1447 1378 
1468 1378 1447 1448 1379 
1469 1379 1448 1449 1380 
1470 1380 1449 1450 1381 
1471 1381 1450 1451 1382 
1472 1382 1451 1452 1383 
1473 1383 1452 1453 1384 
1474 1384 1453 195 196 
1475 21 22 1454 1385 
1476 1385 1454 1455 1386 
1477 1386 1455 1456 1387 
1478 1387 1456 1457 1388 
1479 1388 1457 1458 1389 
1480 1389 1458 1459 1390 
1481 1390 1459 1460 1391 
1482 1391 1460 1461 1392 
1483 1392 1461 1462 1393 
1484 1393 1462 1463 1394 
1485 1394 1463 1464 1395 
1486 1395 1464 1465 1396 
1487 1396 1465 1466 1397 
1488 1397 1466 1467 1398 
1489 1398 1467 1468 1399 
1490 1399 1468 1469 1400 
1491 1400 1469 1470 1401 
1492 1401 1470 1471 1402 
1493 1402 1471 1472 1403 
1494 1403 1472 1473 1404 
1495 1404 1473 1474 1405 
1496 1405 1474 1475 1406 
1497 1406 1475 1476 1407 
1498 1407 1476 1477 1408 
1499 1408 1477 1478 1409 
1500 1409 1478 1479 1410 
1501 1410 1479 1480 1411 
1502 1411 1480 1481 1412 
1503 1412 1481 1482 1413 
1504 1413 1482 1483 1414 
1505 1414 1483 1484 1415 
1506 1415 1484 1485 1416 
1507 1416 1485 1486 1417 
1508 1417 1486 1487 1418 
1509 1418 1487 1488 1419 
1510 1419 1488 1489 1420 
1511 1420 1489 1490 1421 
1512 1421 1490 1491 1422 
1513 1422 1491 1492 1423 
1514 1423 1492 1493 1424 
1515 1424 1493 1494 1425 
1516 1425 1494 1495 1426 
1517 1426 1495 1496 1427 
1518 1427 1496 1497 1428 
1519 1428 1497 1498 1429 
1520 1429 1498 1499 1430 
1521 1430 1499 1500 1431 
1522 1431 1500 1501 1432 
1523 1432 1501 1502 1433 
1524 1433 1502 1503 1434 
1525 1434 1503 1504 1435 
1526 1435 1504 1505 1436 
1527 1436 1505 1506 1437 
1528 1437 1506 1507 1438 
1529 1438 1507 1508 1439 
1530 1439 1508 1509 1440 
1531 1440 1509 1510 1441 
1532 1441 1510 1511 1442 
1533 1442 1511 1512 1443 
1534 1443 1512 1513 1444 
1535 1444 1513 1514 1445 
1536 1445 1514 1515 1446 
1537 1446 1515 1516 1447 
1538 1447 1516 1517 1448 
1539 1448 1517 1518 1449 
1540 1449 1518 1519 1450 
1541 1450 1519 1520 1451 
1542 1451 1520 1521 1452 
1543 1452 1521 1522 1453 
1544 1453 1522 194 195 
1545 22 23 1523 1454 
1546 1454 1523 1524 1455 
1547 1455 1524 1525 1456 
1548 1456 1525 1526 1457 
1549 1457 1526 1527 1458 
1550 1458 1527 1528 1459 
1551 1459 1528 1529 1460 
1552 1460 1529 1530 1461 
1553 1461 1530 1531 1462 
1554 1462 1531 1532 1463 
1555 1463 1532 1533 1464 
1556 1464 1533 1534 1465 
1557 1465 1534 1535 1466 
1558 1466 1535 1536 1467 
1559 1467 1536 1537 1468 
1560 1468 1537 1538 1469 
1561 1469 1538 1539 1470 
1562 1470 1539 1540 1471 
1563 1471 1540 1541 1472 
1564 1472 1541 1542 1473 
1565 1473 1542 1543 1474 
1566 1474 1543 1544 1475 
1567 1475 1544 1545 1476 
1568 1476 1545 1546 1477 
1569 1477 1546 1547 1478 
1570 1478 1547 1548 1479 
1571 1479 1548 1549 1480 
1572 1480 1549 1550 1481 
1573 1481 1550 1551 1482 
1574 1482 1551 1552 1483 
1575 1483 1552 1553 1484 
1576 1484 1553 1554 1485 
1577 1485 1554 1555 1486 
1578 1486 1555 1556 1487 
1579 1487 1556 1557 1488 
1580 1488 1557 1558 1489 
1581 1489 1558 1559 1490 
1582 1490 1559 1560 1491 
1583 1491 1560 1561 1492 
1584 1492 1561 1562 1493 
1585 1493 1562 1563 1494 
1586 1494 1563 1564 1495 
1587 1495 1564 1565 1496 
1588 1496 1565 1566 1497 
1589 1497 1566 1567 1498 
1590 1498 1567 1568 1499 
1591 1499 1568 1569 1500 
1592 1500 1569 1570 1501 
1593 1501 1570 1571 1502 
1594 1502 1571 1572 1503 
1595 1503 1572 1573 1504 
1596 1504 1573 1574 1505 
1597 1505 1574 1575 1506 
1598 1506 1575 1576 1507 
1599 1507 1576 1577 1508 
1600 1508 1577 1578 1509 
1601 1509 1578 1579 1510 
1602 1510 1579 1580 1511 
1603 1511 1580 1581 1512 
1604 1512 1581 1582 1513 
1605 1513 1582 1583 1514 
1606 1514 1583 1584 1515 
1607 1515 1584 1585 1516 
1608 1516 1585 1586 1517 
1609 1517 1586 1587 1518 
1610 1518 1587 1588 1519 
1611 1519 1588 1589 1520 
1612 1520 1589 1590 1521 
1613 1521 1590 1591 1522 
1614 1522 1591 193 194 
1615 23 24 1592 1523 
1616 1523 1592 1593 1524 
1617 1524 1593 1594 1525 
1618 1525 1594 1595 1526 
1619 1526 1595 1596 1527 
1620 1527 1596 1597 1528 
1621 1528 1597 1598 1529 
1622 1529 1598 1599 1530 
1623 1530 1599 1600 1531 
1624 1531 1600 1601 1532 
1625 1532 1601 1602 1533 
1626 1533 1602 1603 1534 
1627 1534 1603 1604 1535 
1628 1535 1604 1605 1536 
1629 1536 1605 1606 1537 
1630 1537 1606 1607 1538 
1631 1538 1607 1608 1539 
1632 1539 1608 1609 1540 
1633 1540 1609 1610 1541 
1634 1541 1610 1611 1542 
1635 1542 1611 1612 1543 
1636 1543 1612 1613 1544 
1637 1544 1613 1614 1545 
1638 1545 1614 1615 1546 
1639 1546 1615 1616 1547 
1640 1547 1616 1617 1548 
1641 1548 1617 1618 1549 
1642 1549 1618 1619 1550 
1643 1550 1619 1620 1551 
1644 1551 1620 1621 1552 
1645 1552 1621 1622 1553 
1646 1553 1622 1623 1554 
1647 1554 1623 1624 1555 
1648 1555 1624 1625 1556 
1649 1556 1625 1626 1557 
1650 1557 1626 1627 1558 
1651 1558 1627 1628 1559 
1652 1559 1628 1629 1560 
1653 1560 1629 1630 1561 
1654 1561 1630 1631 1562 
1655 1562 1631 1632 1563 
1656 1563 1632 1633 1564 
1657 1564 1633 1634 1565 
1658 1565 1634 1635 1566 
1659 1566 1635 1636 1567 
1660 1567 1636 1637 1568 
1661 1568 1637 1638 1569 
1662 1569 1638 1639 1570 
1663 1570 1639 1640 1571 
1664 1571 1640 1641 1572 
1665 1572 1641 1642 1573 
1666 1573 1642 1643 1574 
1667 1574 1643 1644 1575 
1668 1575 1644 1645 1576 
1669 1576 1645 1646 1577 
1670 1577 1646 1647 1578 
1671 1578 1647 1648 1579 
1672 1579 1648 1649 1580 
1673 1580 1649 1650 1581 
1674 1581 1650 1651 1582 
1675 1582 1651 1652 1583 
1676 1583 1652 1653 1584 
1677 1584 1653 1654 1585 
1678 1585 1654 1655 1586 
1679 1586 1655 1656 1587 
1680 1587 1656 1657 1588 
1681 1588 1657 1658 1589 
1682 1589 1658 1659 1590 
1683 1590 1659 1660 1591 
1684 1591 1660 192 193 
1685 24 25 1661 1592 
1686 1592 1661 1662 1593 
1687 1593 1662 1663 1594 
1688 1594 1663 1664 1595 
1689 1595 1664 1665 1596 
1690 1596 1665 1666 1597 
1691 1597 1666 1667 1598 
1692 1598 1667 1668 1599 
1693 1599 1668 1669 1600 
1694 1600 1669 1670 1601 
1695 1601 1670 1671 1602 
1696 1602 1671 1672 1603 
1697 1603 1672 1673 1604 
1698 1604 1673 1674 1605 
1699 1605 1674 1675 1606 
1700 1606 1675 1676 1607 
1701 1607 1676 1677 1608 
1702 1608 1677 1678 1609 
1703 1609 1678 1679 1610 
1704 1610 1679 1680 1611 
1705 1611 1680 1681 1612 
1706 1612 1681 1682 1613 
1707 1613 1682 1683 1614 
1708 1614 1683 1684 1615 
1709 1615 1684 1685 1616 
1710 1616 1685 1686 1617 
1711 1617 1686 1687 1618 
1712 1618 1687 1688 1619 
1713 1619 1688 1689 1620 
1714 1620 1689 1690 1621 
1715 1621 1690 1691 1622 
1716 1622 1691 1692 1623 
1717 1623 1692 1693 1624 
1718 1624 1693 1694 1625 
1719 1625 1694 1695 1626 
1720 1626 1695 1696 1627 
1721 1627 1696 1697 1628 
1722 1628 1697 1698 1629 
1723 1629 1698 1699 1630 
1724 1630 1699 1700 1631 
1725 1631 1700 1701 1632 
1726 1632 1701 1702 1633 
1727 1633 1702 1703 1634 
1728 1634 1703 1704 1635 
1729 1635 1704 1705 1636 
1730 1636 1705 1706 1637 
1731 1637 1706 1707 1638 
1732 1638 1707 1708 1639 
1733 1639 1708 1709 1640 
1734 1640 1709 1710 1641 
1735 1641 1710 1711 1642 
1736 1642 1711 1712 1643 
1737 1643 1712 1713 1644 
1738 1644 1713 1714 1645 
1739 1645 1714 1715 1646 
1740 1646 1715 1716 1647 
1741 1647 1716 1717 1648 
1742 1648 1717 1718 1649 
1743 1649 1718 1719 1650 
1744 1650 1719 1720 1651 
1745 1651 1720 1721 1652 
1746 1652 1721 1722 1653 
1747 1653 1722 1723 1654 
1748 1654 1723 1724 1655 
1749 1655 1724 1725 1656 
1750 1656 1725 1726 1657 
1751 1657 1726 1727 1658 
1752 1658 1727 1728 1659 
1753 1659 1728 1729 1660 
1754 1660 1729 191 192 
1755 25 26 1730 1661 
1756 1661 1730 1731 1662 
1757 1662 1731 1732 1663 
1758 1663 1732 1733 1664 
1759 1664 1733 1734 1665 
1760 1665 1734 1735 1666 
1761 1666 1735 1736 1667 
1762 1667 1736 1737 1668 
1763 1668 1737 1738 1669 
1764 1669 1738 1739 1670 
1765 1670 1739 1740 1671 
1766 1671 1740 1741 1672 
1767 1672 1741 1742 1673 
1768 1673 1742 1743 1674 
1769 1674 1743 1744 1675 
1770 1675 1744 1745 1676 
1771 1676 1745 1746 1677 
1772 1677 1746 1747 1678 
1773 1678 1747 1748 1679 
1774 1679 1748 1749 1680 
1775 1680 1749 1750 1681 
1776 1681 1750 1751 1682 
1777 1682 1751 1752 1683 
1778 1683 1752 1753 1684 
1779 1684 1753 1754 1685 
1780 1685 1754 1755 1686 
1781 1686 1755 1756 1687 
1782 1687 1756 1757 1688 
1783 1688 1757 1758 1689 
1784 1689 1758 1759 1690 
1785 1690 1759 1760 1691 
1786 1691 1760 1761 1692 
1787 1692 1761 1762 1693 
1788 1693 1762 1763 1694 
1789 1694 1763 1764 1695 
1790 1695 1764 1765 1696 
1791 1696 1765 1766 1697 
1792 1697 1766 1767 1698 
1793 1698 1767 1768 1699 
1794 1699 1768 1769 1700 
1795 1700 1769 1770 1701 
1796 1701 1770 1771 1702 
1797 1702 1771 1772 1703 
1798 1703 1772 1773 1704 
1799 1704 1773 1774 1705 
1800 1705 1774 1775 1706 
1801 1706 1775 1776 1707 
1802 1707 1776 1777 1708 
1803 1708 1777 1778 1709 
1804 1709 1778 1779 1710 
1805 1710 1779 1780 1711 
1806 1711 1780 1781 1712 
1807 1712 1781 1782 1713 
1808 1713 1782 1783 1714 
1809 1714 1783 1784 1715 
1810 1715 1784 1785 1716 
1811 1716 1785 1786 1717 
1812 1717 1786 1787 1718 
1813 1718 1787 1788 1719 
1814 1719 1788 1789 1720 
1815 1720 1789 1790 1721 
1816 1721 1790 1791 1722 
1817 1722 1791 1792 1723 
1818 1723 1792 1793 1724 
1819 1724 1793 1794 1725 
1820 1725 1794 1795 1726 
1821 1726 1795 1796 1727 
1822 1727 1796 1797 1728 
1823 1728 1797 1798 1729 
1824 1729 1798 190 191 
1825 26 27 1799 1730 
1826 1730 1799 1800 1731 
1827 1731 1800 1801 1732 
1828 1732 1801 1802 1733 
1829 1733 1802 1803 1734 
1830 1734 1803 1804 1735 
1831 1735 1804 1805 1736 
1832 1736 1805 1806 1737 
1833 1737 1806 1807 1738 
1834 1738 1807 1808 1739 
1835 1739 1808 1809 1740 
1836 1740 1809 1810 1741 
1837 1741 1810 1811 1742 
1838 1742 1811 1812 1743 
1839 1743 1812 1813 1744 
1840 1744 1813 1814 1745 
1841 1745 1814 1815 1746 
1842 1746 1815 1816 1747 
1843 1747 1816 1817 1748 
1844 1748 1817 1818 1749 
1845 1749 1818 1819 1750 
1846 1750 1819 1820 1751 
1847 1751 1820 1821 1752 
1848 1752 1821 1822 1753 
1849 1753 1822 1823 1754 
1850 1754 1823 1824 1755 
1851 1755 1824 1825 1756 
1852 1756 1825 1826 1757 
1853 1757 1826 1827 1758 
1854 1758 1827 1828 1759 
1855 1759 1828 1829 1760 
1856 1760 1829 1830 1761 
1857 1761 1830 1831 1762 
1858 1762 1831 1832 1763 
1859 1763 1832 1833 1764 
1860 1764 1833 1834 1765 
1861 1765 1834 1835 1766 
1862 1766 1835 1836 1767 
1863 1767 1836 1837 1768 
1864 1768 1837 1838 1769 
1865 1769 1838 1839 1770 
1866 1770 1839 1840 1771 
1867 1771 1840 1841 1772 
1868 1772 1841 1842 1773 
1869 1773 1842 1843 1774 
1870 1774 1843 1844 1775 
1871 1775 1844 1845 1776 
1872 1776 1845 1846 1777 
1873 1777 1846 1847 1778 
1874 1778 1847 1848 1779 
1875 1779 1848 1849 1780 
1876 1780 1849 1850 1781 
1877 1781 1850 1851 1782 
1878 1782 1851 1852 1783 
1879 1783 1852 1853 1784 
1880 1784 1853 1854 1785 
1881 1785 1854 1855 1786 
1882 1786 1855 1856 1787 
1883 1787 1856 1857 1788 
1884 1788 1857 1858 1789 
1885 1789 1858 1859 1790 
1886 1790 1859 1860 1791 
1887 1791 1860 1861 1792 
1888 1792 1861 1862 1793 
1889 1793 1862 1863 1794 
1890 1794 1863 1864 1795 
1891 1795 1864 1865 1796 
1892 1796 1865 1866 1797 
1893 1797 1866 1867 1798 
1894 1798 1867 189 190 
1895 27 28 1868 1799 
1896 1799 1868 1869 1800 
1897 1800 1869 1870 1801 
1898 1801 1870 1871 1802 
1899 1802 1871 1872 1803 
1900 1803 1872 1873 1804 
1901 1804 1873 1874 1805 
1902 1805 1874 1875 1806 
1903 1806 1875 1876 1807 
1904 1807 1876 1877 1808 
1905 1808 1877 1878 1809 
1906 1809 1878 1879 1810 
1907 1810 1879 1880 1811 
1908 1811 1880 1881 1812 
1909 1812 1881 1882 1813 
1910 1813 1882 1883 1814 
1911 1814 1883 1884 1815 
1912 1815 1884 1885 1816 
1913 1816 1885 1886 1817 
1914 1817 1886 1887 1818 
1915 1818 1887 1888 1819 
1916 1819 1888 1889 1820 
1917 1820 1889 1890 1821 
1918 1821 1890 1891 1822 
1919 1822 1891 1892 1823 
1920 1823 1892 1893 1824 
1921 1824 1893 1894 1825 
1922 1825 1894 1895 1826 
1923 1826 1895 1896 1827 
1924 1827 1896 1897 1828 
1925 1828 1897 1898 1829 
1926 1829 1898 1899 1830 
1927 1830 1899 1900 1831 
1928 1831 1900 1901 1832 
1929 1832 1901 1902 1833 
1930 1833 1902 1903 1834 
1931 1834 1903 1904 1835 
1932 1835 1904 1905 1836 
1933 1836 1905 1906 1837 
1934 1837 1906 1907 1838 
1935 1838 1907 1908 1839 
1936 1839 1908 1909 1840 
1937 1840 1909 1910 1841 
1938 1841 1910 1911 1842 
1939 1842 1911 1912 1843 
1940 1843 1912 1913 1844 
1941 1844 1913 1914 1845 
1942 1845 1914 1915 1846 
1943 1846 1915 1916 1847 
1944 1847 1916 1917 1848 
1945 1848 1917 1918 1849 
1946 1849 1918 1919 1850 
1947 1850 1919 1920 1851 
1948 1851 1920 1921 1852 
1949 1852 1921 1922 1853 
1950 1853 1922 1923 1854 
1951 1854 1923 1924 1855 
1952 1855 1924 1925 1856 
1953 1856 1925 1926 1857 
1954 1857 1926 1927 1858 
1955 1858 1927 1928 1859 
1956 1859 1928 1929 1860 
1957 1860 1929 1930 1861 
1958 1861 1930 1931 1862 
1959 1862 1931 1932 1863 
1960 1863 1932 1933 1864 
1961 1864 1933 1934 1865 
1962 1865 1934 1935 1866 
1963 1866 1935 1936 1867 
1964 1867 1936 188 189 
1965 28 29 1937 1868 
1966 1868 1937 1938 1869 
1967 1869 1938 1939 1870 
1968 1870 1939 1940 1871 
1969 1871 1940 1941 1872 
1970 1872 1941 1942 1873 
1971 1873 1942 1943 1874 
1972 1874 1943 1944 1875 
1973 1875 1944 1945 1876 
1974 1876 1945 1946 1877 
1975 1877 1946 1947 1878 
1976 1878 1947 1948 1879 
1977 1879 1948 1949 1880 
1978 1880 1949 1950 1881 
1979 1881 1950 1951 1882 
1980 1882 1951 1952 1883 
1981 1883 1952 1953 1884 
1982 1884 1953 1954 1885 
1983 1885 1954 1955 1886 
1984 1886 1955 1956 1887 
1985 1887 1956 1957 1888 
1986 1888 1957 1958 1889 
1987 1889 1958 1959 1890 
1988 1890 1959 1960 1891 
1989 1891 1960 1961 1892 
1990 1892 1961 1962 1893 
1991 1893 1962 1963 1894 
1992 1894 1963 1964 1895 
1993 1895 1964 1965 1896 
1994 1896 1965 1966 1897 
1995 1897 1966 1967 1898 
1996 1898 1967 1968 1899 
1997 1899 1968 1969 1900 
1998 1900 1969 1970 1901 
1999 1901 1970 1971 1902 
2000 1902 1971 1972 1903 
2001 1903 1972 1973 1904 
2002 1904 1973 1974 1905 
2003 1905 1974 1975 1906 
2004 1906 1975 1976 1907 
2005 1907 1976 1977 1908 
2006 1908 1977 1978 1909 
2007 1909 1978 1979 1910 
2008 1910 1979 1980 1911 
2009 1911 1980 1981 1912 
2010 1912 1981 1982 1913 
2011 1913 1982 1983 1914 
2012 1914 1983 1984 1915 
2013 1915 1984 1985 1916 
2014 1916 1985 1986 1917 
2015 1917 1986 1987 1918 
2016 1918 1987 1988 1919 
2017 1919 1988 1989 1920 
2018 1920 1989 1990 1921 
2019 1921 1990 1991 1922 
2020 1922 1991 1992 1923 
2021 1923 1992 1993 1924 
2022 1924 1993 1994 1925 
2023 1925 1994 1995 1926 
2024 1926 1995 1996 1927 
2025 1927 1996 1997 1928 
2026 1928 1997 1998 1929 
2027 1929 1998 1999 1930 
2028 1930 1999 2000 1931 
2029 1931 2000 2001 1932 
2030 1932 2001 2002 1933 
2031 1933 2002 2003 1934 
2032 1934 2003 2004 1935 
2033 1935 2004 2005 1936 
2034 1936 2005 187 188 
2035 29 30 2006 1937 
2036 1937 2006 2007 1938 
2037 1938 2007 2008 1939 
2038 1939 2008 2009 1940 
2039 1940 2009 2010 1941 
2040 1941 2010 2011 1942 
2041 1942 2011 2012 1943 
2042 1943 2012 2013 1944 
2043 1944 2013 2014 1945 
2044 1945 2014 2015 1946 
2045 1946 2015 2016 1947 
2046 1947 2016 2017 1948 
2047 1948 2017 2018 1949 
2048 1949 2018 2019 1950 
2049 1950 2019 2020 1951 
2050 1951 2020 2021 1952 
2051 1952 2021 2022 1953 
2052 1953 2022 2023 1954 
2053 1954 2023 2024 1955 
2054 1955 2024 2025 1956 
2055 1956 2025 2026 1957 
2056 1957 2026 2027 1958 
2057 1958 2027 2028 1959 
2058 1959 2028 2029 1960 
2059 1960 2029 2030 1961 
2060 1961 2030 2031 1962 
2061 1962 2031 2032 1963 
2062 1963 2032 2033 1964 
2063 1964 2033 2034 1965 
2064 1965 2034 2035 1966 
2065 1966 2035 2036 1967 
2066 1967 2036 2037 1968 
2067 1968 2037 2038 1969 
2068 1969 2038 2039 1970 
2069 1970 2039 2040 1971 
2070 1971 2040 2041 1972 
2071 1972 2041 2042 1973 
2072 1973 2042 2043 1974 
2073 1974 2043 2044 1975 
2074 1975 2044 2045 1976 
2075 1976 2045 2046 1977 
2076 1977 2046 2047 1978 
2077 1978 2047 2048 1979 
2078 1979 2048 2049 1980 
2079 1980 2049 2050 1981 
2080 1981 2050 2051 1982 
2081 1982 2051 2052 1983 
2082 1983 2052 2053 1984 
2083 1984 2053 2054 1985 
2084 1985 2054 2055 1986 
2085 1986 2055 2056 1987 
2086 1987 2056 2057 1988 
2087 1988 2057 2058 1989 
2088 1989 2058 2059 1990 
2089 1990 2059 2060 1991 
2090 1991 2060 2061 1992 
2091 1992 2061 2062 1993 
2092 1993 2062 2063 1994 
2093 1994 2063 2064 1995 
2094 1995 2064 2065 1996 
2095 1996 2065 2066 1997 
2096 1997 2066 2067 1998 
2097 1998 2067 2068 1999 
2098 1999 2068 2069 2000 
2099 2000 2069 2070 2001 
2100 2001 2070 2071 2002 
2101 2002 2071 2072 2003 
2102 2003 2072 2073 2004 
2103 2004 2073 2074 2005 
2104 2005 2074 186 187 
2105 30 31 2075 2006 
2106 2006 2075 2076 2007 
2107 2007 2076 2077 2008 
2108 2008 2077 2078 2009 
2109 2009 2078 2079 2010 
2110 2010 2079 2080 2011 
2111 2011 2080 2081 2012 
2112 2012 2081 2082 2013 
2113 2013 2082 2083 2014 
2114 2014 2083 2084 2015 
2115 2015 2084 2085 2016 
2116 2016 2085 2086 2017 
2117 2017 2086 2087 2018 
2118 2018 2087 2088 2019 
2119 2019 2088 2089 2020 
2120 2020 2089 2090 2021 
2121 2021 2090 2091 2022 
2122 2022 2091 2092 2023 
2123 2023 2092 2093 2024 
2124 2024 2093 2094 2025 
2125 2025 2094 2095 2026 
2126 2026 2095 2096 2027 
2127 2027 2096 2097 2028 
2128 2028 2097 2098 2029 
2129 2029 2098 2099 2030 
2130 2030 2099 2100 2031 
2131 2031 2100 2101 2032 
2132 2032 2101 2102 2033 
2133 2033 2102 2103 2034 
2134 2034 2103 2104 2035 
2135 2035 2104 2105 2036 
2136 2036 2105 2106 2037 
2137 2037 2106 2107 2038 
2138 2038 2107 2108 2039 
2139 2039 2108 2109 2040 
2140 2040 2109 2110 2041 
2141 2041 2110 2111 2042 
2142 2042 2111 2112 2043 
2143 2043 2112 2113 2044 
2144 2044 2113 2114 2045 
2145 2045 2114 2115 2046 
2146 2046 2115 2116 2047 
2147 2047 2116 2117 2048 
2148 2048 2117 2118 2049 
2149 2049 2118 2119 2050 
2150 2050 2119 2120 2051 
2151 2051 2120 2121 2052 
2152 2052 2121 2122 2053 
2153 2053 2122 2123 2054 
2154 2054 2123 2124 2055 
2155 2055 2124 2125 2056 
2156 2056 2125 2126 2057 
2157 2057 2126 2127 2058 
2158 2058 2127 2128 2059 
2159 2059 2128 2129 2060 
2160 2060 2129 2130 2061 
2161 2061 2130 2131 2062 
2162 2062 2131 2132 2063 
2163 2063 2132 2133 2064 
2164 2064 2133 2134 2065 
2165 2065 2134 2135 2066 
2166 2066 2135 2136 2067 
2167 2067 2136 2137 2068 
2168 2068 2137 2138 2069 
2169 2069 2138 2139 2070 
2170 2070 2139 2140 2071 
2171 2071 2140 2141 2072 
2172 2072 2141 2142 2073 
2173 2073 2142 2143 2074 
2174 2074 2143 185 186 
2175 31 32 2144 2075 
2176 2075 2144 2145 2076 
2177 2076 2145 2146 2077 
2178 2077 2146 2147 2078 
2179 2078 2147 2148 2079 
2180 2079 2148 2149 2080 
2181 2080 2149 2150 2081 
2182 2081 2150 2151 2082 
2183 2082 2151 2152 2083 
2184 2083 2152 2153 2084 
2185 2084 2153 2154 2085 
2186 2085 2154 2155 2086 
2187 2086 2155 2156 2087 
2188 2087 2156 2157 2088 
2189 2088 2157 2158 2089 
2190 2089 2158 2159 2090 
2191 2090 2159 2160 2091 
2192 2091 2160 2161 2092 
2193 2092 2161 2162 2093 
2194 2093 2162 2163 2094 
2195 2094 2163 2164 2095 
2196 2095 2164 2165 2096 
2197 2096 2165 2166 2097 
2198 2097 2166 2167 2098 
2199 2098 2167 2168 2099 
2200 2099 2168 2169 2100 
2201 2100 2169 2170 2101 
2202 2101 2170 2171 2102 
2203 2102 2171 2172 2103 
2204 2103 2172 2173 2104 
2205 2104 2173 2174 2105 
2206 2105 2174 2175 2106 
2207 2106 2175 2176 2107 
2208 2107 2176 2177 2108 
2209 2108 2177 2178 2109 
2210 2109 2178 2179 2110 
2211 2110 2179 2180 2111 
2212 2111 2180 2181 2112 
2213 2112 2181 2182 2113 
2214 2113 2182 2183 2114 
2215 2114 2183 2184 2115 
2216 2115 2184 2185 2116 
2217 2116 2185 2186 2117 
2218 2117 2186 2187 2118 
2219 2118 2187 2188 2119 
2220 2119 2188 2189 2120 
2221 2120 2189 2190 2121 
2222 2121 2190 2191 2122 
2223 2122 2191 2192 2123 
2224 2123 2192 2193 2124 
2225 2124 2193 2194 2125 
2226 2125 2194 2195 2126 
2227 2126 2195 2196 2127 
2228 2127 2196 2197 2128 
2229 2128 2197 2198 2129 
2230 2129 2198 2199 2130 
2231 2130 2199 2200 2131 
2232 2131 2200 2201 2132 
2233 2132 2201 2202 2133 
2234 2133 2202 2203 2134 
2235 2134 2203 2204 2135 
2236 2135 2204 2205 2136 
2237 2136 2205 2206 2137 
2238 2137 2206 2207 2138 
2239 2138 2207 2208 2139 
2240 2139 2208 2209 2140 
2241 2140 2209 2210 2141 
2242 2141 2210 2211 2142 
2243 2142 2211 2212 2143 
2244 2143 2212 184 185 
2245 32 33 2213 2144 
2246 2144 2213 2214 2145 
2247 2145 2214 2215 2146 
2248 2146 2215 2216 2147 
2249 2147 2216 2217 2148 
2250 2148 2217 2218 2149 
2251 2149 2218 2219 2150 
2252 2150 2219 2220 2151 
2253 2151 2220 2221 2152 
2254 2152 2221 2222 2153 
2255 2153 2222 2223 2154 
2256 2154 2223 2224 2155 
2257 2155 2224 2225 2156 
2258 2156 2225 2226 2157 
2259 2157 2226 2227 2158 
2260 2158 2227 2228 2159 
2261 2159 2228 2229 2160 
2262 2160 2229 2230 2161 
2263 2161 2230 2231 2162 
2264 2162 2231 2232 2163 
2265 2163 2232 2233 2164 
2266 2164 2233 2234 2165 
2267 2165 2234 2235 2166 
2268 2166 2235 2236 2167 
2269 2167 2236 2237 2168 
2270 2168 2237 2238 2169 
2271 2169 2238 2239 2170 
2272 2170 2239 2240 2171 
2273 2171 2240 2241 2172 
2274 2172 2241 2242 2173 
2275 2173 2242 2243 2174 
2276 2174 2243 2244 2175 
2277 2175 2244 2245 2176 
2278 2176 2245 2246 2177 
2279 2177 2246 2247 2178 
2280 2178 2247 2248 2179 
2281 2179 2248 2249 2180 
2282 2180 2249 2250 2181 
2283 2181 2250 2251 2182 
2284 2182 2251 2252 2183 
2285 2183 2252 2253 2184 
2286 2184 2253 2254 2185 
2287 2185 2254 2255 2186 
2288 2186 2255 2256 2187 
2289 2187 2256 2257 2188 
2290 2188 2257 2258 2189 
2291 2189 2258 2259 2190 
2292 2190 2259 2260 2191 
2293 2191 2260 2261 2192 
2294 2192 2261 2262 2193 
2295 2193 2262 2263 2194 
2296 2194 2263 2264 2195 
2297 2195 2264 2265 2196 
2298 2196 2265 2266 2197 
2299 2197 2266 2267 2198 
2300 2198 2267 2268 2199 
2301 2199 2268 2269 2200 
2302 2200 2269 2270 2201 
2303 2201 2270 2271 2202 
2304 2202 2271 2272 2203 
2305 2203 2272 2273 2204 
2306 2204 2273 2274 2205 
2307 2205 2274 2275 2206 
2308 2206 2275 2276 2207 
2309 2207 2276 2277 2208 
2310 2208 2277 2278 2209 
2311 2209 2278 2279 2210 
2312 2210 2279 2280 2211 
2313 2211 2280 2281 2212 
2314 2212 2281 183 184 
2315 33 34 2282 2213 
2316 2213 2282 2283 2214 
2317 2214 2283 2284 2215 
2318 2215 2284 2285 2216 
2319 2216 2285 2286 2217 
2320 2217 2286 2287 2218 
2321 2218 2287 2288 2219 
2322 2219 2288 2289 2220 
2323 2220 2289 2290 2221 
2324 2221 2290 2291 2222 
2325 2222 2291 2292 2223 
2326 2223 2292 2293 2224 
2327 2224 2293 2294 2225 
2328 2225 2294 2295 2226 
2329 2226 2295 2296 2227 
2330 2227 2296 2297 2228 
2331 2228 2297 2298 2229 
2332 2229 2298 2299 2230 
2333 2230 2299 2300 2231 
2334 2231 2300 2301 2232 
2335 2232 2301 2302 2233 
2336 2233 2302 2303 2234 
2337 2234 2303 2304 2235 
2338 2235 2304 2305 2236 
2339 2236 2305 2306 2237 
2340 2237 2306 2307 2238 
2341 2238 2307 2308 2239 
2342 2239 2308 2309 2240 
2343 2240 2309 2310 2241 
2344 2241 2310 2311 2242 
2345 2242 2311 2312 2243 
2346 2243 2312 2313 2244 
2347 2244 2313 2314 2245 
2348 2245 2314 2315 2246 
2349 2246 2315 2316 2247 
2350 2247 2316 2317 2248 
2351 2248 2317 2318 2249 
2352 2249 2318 2319 2250 
2353 2250 2319 2320 2251 
2354 2251 2320 2321 2252 
2355 2252 2321 2322 2253 
2356 2253 2322 2323 2254 
2357 2254 2323 2324 2255 
2358 2255 2324 2325 2256 
2359 2256 2325 2326 2257 
2360 2257 2326 2327 2258 
2361 2258 2327 2328 2259 
2362 2259 2328 2329 2260 
2363 2260 2329 2330 2261 
2364 2261 2330 2331 2262 
2365 2262 2331 2332 2263 
2366 2263 2332 2333 2264 
2367 2264 2333 2334 2265 
2368 2265 2334 2335 2266 
2369 2266 2335 2336 2267 
2370 2267 2336 2337 2268 
2371 2268 2337 2338 2269 
2372 2269 2338 2339 2270 
2373 2270 2339 2340 2271 
2374 2271 2340 2341 2272 
2375 2272 2341 2342 2273 
2376 2273 2342 2343 2274 
2377 2274 2343 2344 2275 
2378 2275 2344 2345 2276 
2379 2276 2345 2346 2277 
2380 2277 2346 2347 2278 
2381 2278 2347 2348 2279 
2382 2279 2348 2349 2280 
2383 2280 2349 2350 2281 
2384 2281 2350 182 183 
2385 34 35 2351 2282 
2386 2282 2351 2352 2283 
2387 2283 2352 2353 2284 
2388 2284 2353 2354 2285 
2389 2285 2354 2355 2286 
2390 2286 2355 2356 2287 
2391 2287 2356 2357 2288 
2392 2288 2357 2358 2289 
2393 2289 2358 2359 2290 
2394 2290 2359 2360 2291 
2395 2291 2360 2361 2292 
2396 2292 2361 2362 2293 
2397 2293 2362 2363 2294 
2398 2294 2363 2364 2295 
2399 2295 2364 2365 2296 
2400 2296 2365 2366 2297 
2401 2297 2366 2367 2298 
2402 2298 2367 2368 2299 
2403 2299 2368 2369 2300 
2404 2300 2369 2370 2301 
2405 2301 2370 2371 2302 
2406 2302 2371 2372 2303 
2407 2303 2372 2373 2304 
2408 2304 2373 2374 2305 
2409 2305 2374 2375 2306 
2410 2306 2375 2376 2307 
2411 2307 2376 2377 2308 
2412 2308 2377 2378 2309 
2413 2309 2378 2379 2310 
2414 2310 2379 2380 2311 
2415 2311 2380 2381 2312 
2416 2312 2381 2382 2313 
2417 2313 2382 2383 2314 
2418 2314 2383 2384 2315 
2419 2315 2384 2385 2316 
2420 2316 2385 2386 2317 
2421 2317 2386 2387 2318 
2422 2318 2387 2388 2319 
2423 2319 2388 2389 2320 
2424 2320 2389 2390 2321 
2425 2321 2390 2391 2322 
2426 2322 2391 2392 2323 
2427 2323 2392 2393 2324 
2428 2324 2393 2394 2325 
2429 2325 2394 2395 2326 
2430 2326 2395 2396 2327 
2431 2327 2396 2397 2328 
2432 2328 2397 2398 2329 
2433 2329 2398 2399 2330 
2434 2330 2399 2400 2331 
2435 2331 2400 2401 2332 
2436 2332 2401 2402 2333 
2437 2333 2402 2403 2334 
2438 2334 2403 2404 2335 
2439 2335 2404 2405 2336 
2440 2336 2405 2406 2337 
2441 2337 2406 2407 2338 
2442 2338 2407 2408 2339 
2443 2339 2408 2409 2340 
2444 2340 2409 2410 2341 
2445 2341 2410 2411 2342 
2446 2342 2411 2412 2343 
2447 2343 2412 2413 2344 
2448 2344 2413 2414 2345 
2449 2345 2414 2415 2346 
2450 2346 2415 2416 2347 
2451 2347 2416 2417 2348 
2452 2348 2417 2418 2349 
2453 2349 2418 2419 2350 
2454 2350 2419 181 182 
2455 35 36 2420 2351 
2456 2351 2420 2421 2352 
2457 2352 2421 2422 2353 
2458 2353 2422 2423 2354 
2459 2354 2423 2424 2355 
2460 2355 2424 2425 2356 
2461 2356 2425 2426 2357 
2462 2357 2426 2427 2358 
2463 2358 2427 2428 2359 
2464 2359 2428 2429 2360 
2465 2360 2429 2430 2361 
2466 2361 2430 2431 2362 
2467 2362 2431 2432 2363 
2468 2363 2432 2433 2364 
2469 2364 2433 2434 2365 
2470 2365 2434 2435 2366 
2471 2366 2435 2436 2367 
2472 2367 2436 2437 2368 
2473 2368 2437 2438 2369 
2474 2369 2438 2439 2370 
2475 2370 2439 2440 2371 
2476 2371 2440 2441 2372 
2477 2372 2441 2442 2373 
2478 2373 2442 2443 2374 
2479 2374 2443 2444 2375 
2480 2375 2444 2445 2376 
2481 2376 2445 2446 2377 
2482 2377 2446 2447 2378 
2483 2378 2447 2448 2379 
2484 2379 2448 2449 2380 
2485 2380 2449 2450 2381 
2486 2381 2450 2451 2382 
2487 2382 2451 2452 2383 
2488 2383 2452 2453 2384 
2489 2384 2453 2454 2385 
2490 2385 2454 2455 2386 
2491 2386 2455 2456 2387 
2492 2387 2456 2457 2388 
2493 2388 2457 2458 2389 
2494 2389 2458 2459 2390 
2495 2390 2459 2460 2391 
2496 2391 2460 2461 2392 
2497 2392 2461 2462 2393 
2498 2393 2462 2463 2394 
2499 2394 2463 2464 2395 
2500 2395 2464 2465 2396 
2501 2396 2465 2466 2397 
2502 2397 2466 2467 2398 
2503 2398 2467 2468 2399 
2504 2399 2468 2469 2400 
2505 2400 2469 2470 2401 
2506 2401 2470 2471 2402 
2507 2402 2471 2472 2403 
2508 2403 2472 2473 2404 
2509 2404 2473 2474 2405 
2510 2405 2474 2475 2406 
2511 2406 2475 2476 2407 
2512 2407 2476 2477 2408 
2513 2408 2477 2478 2409 
2514 2409 2478 2479 2410 
2515 2410 2479 2480 2411 
2516 2411 2480 2481 2412 
2517 2412 2481 2482 2413 
2518 2413 2482 2483 2414 
2519 2414 2483 2484 2415 
2520 2415 2484 2485 2416 
2521 2416 2485 2486 2417 
2522 2417 2486 2487 2418 
2523 2418 2487 2488 2419 
2524 2419 2488 180 181 
2525 36 37 2489 2420 
2526 2420 2489 2490 2421 
2527 2421 2490 2491 2422 
2528 2422 2491 2492 2423 
2529 2423 2492 2493 2424 
2530 2424 2493 2494 2425 
2531 2425 2494 2495 2426 
2532 2426 2495 2496 2427 
2533 2427 2496 2497 2428 
2534 2428 2497 2498 2429 
2535 2429 2498 2499 2430 
2536 2430 2499 2500 2431 
2537 2431 2500 2501 2432 
2538 2432 2501 2502 2433 
2539 2433 2502 2503 2434 
2540 2434 2503 2504 2435 
2541 2435 2504 2505 2436 
2542 2436 2505 2506 2437 
2543 2437 2506 2507 2438 
2544 2438 2507 2508 2439 
2545 2439 2508 2509 2440 
2546 2440 2509 2510 2441 
2547 2441 2510 2511 2442 
2548 2442 2511 2512 2443 
2549 2443 2512 2513 2444 
2550 2444 2513 2514 2445 
2551 2445 2514 2515 2446 
2552 2446 2515 2516 2447 
2553 2447 2516 2517 2448 
2554 2448 2517 2518 2449 
2555 2449 2518 2519 2450 
2556 2450 2519 2520 2451 
2557 2451 2520 2521 2452 
2558 2452 2521 2522 2453 
2559 2453 2522 2523 2454 
2560 2454 2523 2524 2455 
2561 2455 2524 2525 2456 
2562 2456 2525 2526 2457 
2563 2457 2526 2527 2458 
2564 2458 2527 2528 2459 
2565 2459 2528 2529 2460 
2566 2460 2529 2530 2461 
2567 2461 2530 2531 2462 
2568 2462 2531 2532 2463 
2569 2463 2532 2533 2464 
2570 2464 2533 2534 2465 
2571 2465 2534 2535 2466 
2572 2466 2535 2536 2467 
2573 2467 2536 2537 2468 
2574 2468 2537 2538 2469 
2575 2469 2538 2539 2470 
2576 2470 2539 2540 2471 
2577 2471 2540 2541 2472 
2578 2472 2541 2542 2473 
2579 2473 2542 2543 2474 
2580 2474 2543 2544 2475 
2581 2475 2544 2545 2476 
2582 2476 2545 2546 2477 
2583 2477 2546 2547 2478 
2584 2478 2547 2548 2479 
2585 2479 2548 2549 2480 
2586 2480 2549 2550 2481 
2587 2481 2550 2551 2482 
2588 2482 2551 2552 2483 
2589 2483 2552 2553 2484 
2590 2484 2553 2554 2485 
2591 2485 2554 2555 2486 
2592 2486 2555 2556 2487 
2593 2487 2556 2557 2488 
2594 2488 2557 179 180 
2595 37 38 2558 2489 
2596 2489 2558 2559 2490 
2597 2490 2559 2560 2491 
2598 2491 2560 2561 2492 
2599 2492 2561 2562 2493 
2600 2493 2562 2563 2494 
2601 2494 2563 2564 2495 
2602 2495 2564 2565 2496 
2603 2496 2565 2566 2497 
2604 2497 2566 2567 2498 
2605 2498 2567 2568 2499 
2606 2499 2568 2569 2500 
2607 2500 2569 2570 2501 
2608 2501 2570 2571 2502 
2609 2502 2571 2572 2503 
2610 2503 2572 2573 2504 
2611 2504 2573 2574 2505 
2612 2505 2574 2575 2506 
2613 2506 2575 2576 2507 
2614 2507 2576 2577 2508 
2615 2508 2577 2578 2509 
2616 2509 2578 2579 2510 
2617 2510 2579 2580 2511 
2618 2511 2580 2581 2512 
2619 2512 2581 2582 2513 
2620 2513 2582 2583 2514 
2621 2514 2583 2584 2515 
2622 2515 2584 2585 2516 
2623 2516 2585 2586 2517 
2624 2517 2586 2587 2518 
2625 2518 2587 2588 2519 
2626 2519 2588 2589 2520 
2627 2520 2589 2590 2521 
2628 2521 2590 2591 2522 
2629 2522 2591 2592 2523 
2630 2523 2592 2593 2524 
2631 2524 2593 2594 2525 
2632 2525 2594 2595 2526 
2633 2526 2595 2596 2527 
2634 2527 2596 2597 2528 
2635 2528 2597 2598 2529 
2636 2529 2598 2599 2530 
2637 2530 2599 2600 2531 
2638 2531 2600 2601 2532 
2639 2532 2601 2602 2533 
2640 2533 2602 2603 2534 
2641 2534 2603 2604 2535 
2642 2535 2604 2605 2536 
2643 2536 2605 2606 2537 
2644 2537 2606 2607 2538 
2645 2538 2607 2608 2539 
2646 2539 2608 2609 2540 
2647 2540 2609 2610 2541 
2648 2541 2610 2611 2542 
2649 2542 2611 2612 2543 
2650 2543 2612 2613 2544 
2651 2544 2613 2614 2545 
2652 2545 2614 2615 2546 
2653 2546 2615 2616 2547 
2654 2547 2616 2617 2548 
2655 2548 2617 2618 2549 
2656 2549 2618 2619 2550 
2657 2550 2619 2620 2551 
2658 2551 2620 2621 2552 
2659 2552 2621 2622 2553 
2660 2553 2622 2623 2554 
2661 2554 2623 2624 2555 
2662 2555 2624 2625 2556 
2663 2556 2625 2626 2557 
2664 2557 2626 178 179 
2665 38 39 2627 2558 
2666 2558 2627 2628 2559 
2667 2559 2628 2629 2560 
2668 2560 2629 2630 2561 
2669 2561 2630 2631 2562 
2670 2562 2631 2632 2563 
2671 2563 2632 2633 2564 
2672 2564 2633 2634 2565 
2673 2565 2634 2635 2566 
2674 2566 2635 2636 2567 
2675 2567 2636 2637 2568 
2676 2568 2637 2638 2569 
2677 2569 2638 2639 2570 
2678 2570 2639 2640 2571 
2679 2571 2640 2641 2572 
2680 2572 2641 2642 2573 
2681 2573 2642 2643 2574 
2682 2574 2643 2644 2575 
2683 2575 2644 2645 2576 
2684 2576 2645 2646 2577 
2685 2577 2646 2647 2578 
2686 2578 2647 2648 2579 
2687 2579 2648 2649 2580 
2688 2580 2649 2650 2581 
2689 2581 2650 2651 2582 
2690 2582 2651 2652 2583 
2691 2583 2652 2653 2584 
2692 2584 2653 2654 2585 
2693 2585 2654 2655 2586 
2694 2586 2655 2656 2587 
2695 2587 2656 2657 2588 
2696 2588 2657 2658 2589 
2697 2589 2658 2659 2590 
2698 2590 2659 2660 2591 
2699 2591 2660 2661 2592 
2700 2592 2661 2662 2593 
2701 2593 2662 2663 2594 
2702 2594 2663 2664 2595 
2703 2595 2664 2665 2596 
2704 2596 2665 2666 2597 
2705 2597 2666 2667 2598 
2706 2598 2667 2668 2599 
2707 2599 2668 2669 2600 
2708 2600 2669 2670 2601 
2709 2601 2670 2671 2602 
2710 2602 2671 2672 2603 
2711 2603 2672 2673 2604 
2712 2604 2673 2674 2605 
2713 2605 2674 2675 2606 
2714 2606 2675 2676 2607 
2715 2607 2676 2677 2608 
2716 2608 2677 2678 2609 
2717 2609 2678 2679 2610 
2718 2610 2679 2680 2611 
2719 2611 2680 2681 2612 
2720 2612 2681 2682 2613 
2721 2613 2682 2683 2614 
2722 2614 2683 2684 2615 
2723 2615 2684 2685 2616 
2724 2616 2685 2686 2617 
2725 2617 2686 2687 2618 
2726 2618 2687 2688 2619 
2727 2619 2688 2689 2620 
2728 2620 2689 2690 2621 
2729 2621 2690 2691 2622 
2730 2622 2691 2692 2623 
2731 2623 2692 2693 2624 
2732 2624 2693 2694 2625 
2733 2625 2694 2695 2626 
2734 2626 2695 177 178 
2735 39 40 2696 2627 
2736 2627 2696 2697 2628 
2737 2628 2697 2698 2629 
2738 2629 2698 2699 2630 
2739 2630 2699 2700 2631 
2740 2631 2700 2701 2632 
2741 2632 2701 2702 2633 
2742 2633 2702 2703 2634 
2743 2634 2703 2704 2635 
2744 2635 2704 2705 2636 
2745 2636 2705 2706 2637 
2746 2637 2706 2707 2638 
2747 2638 2707 2708 2639 
2748 2639 2708 2709 2640 
2749 2640 2709 2710 2641 
2750 2641 2710 2711 2642 
2751 2642 2711 2712 2643 
2752 2643 2712 2713 2644 
2753 2644 2713 2714 2645 
2754 2645 2714 2715 2646 
2755 2646 2715 2716 2647 
2756 2647 2716 2717 2648 
2757 2648 2717 2718 2649 
2758 2649 2718 2719 2650 
2759 2650 2719 2720 2651 
2760 2651 2720 2721 2652 
2761 2652 2721 2722 2653 
2762 2653 2722 2723 2654 
2763 2654 2723 2724 2655 
2764 2655 2724 2725 2656 
2765 2656 2725 2726 2657 
2766 2657 2726 2727 2658 
2767 2658 2727 2728 2659 
2768 2659 2728 2729 2660 
2769 2660 2729 2730 2661 
2770 2661 2730 2731 2662 
2771 2662 2731 2732 2663 
2772 2663 2732 2733 2664 
2773 2664 2733 2734 2665 
2774 2665 2734 2735 2666 
2775 2666 2735 2736 2667 
2776 2667 2736 2737 2668 
2777 2668 2737 2738 2669 
2778 2669 2738 2739 2670 
2779 2670 2739 2740 2671 
2780 2671 2740 2741 2672 
2781 2672 2741 2742 2673 
2782 2673 2742 2743 2674 
2783 2674 2743 2744 2675 
2784 2675 2744 2745 2676 
2785 2676 2745 2746 2677 
2786 2677 2746 2747 2678 
2787 2678 2747 2748 2679 
2788 2679 2748 2749 2680 
2789 2680 2749 2750 2681 
2790 2681 2750 2751 2682 
2791 2682 2751 2752 2683 
2792 2683 2752 2753 2684 
2793 2684 2753 2754 2685 
2794 2685 2754 2755 2686 
2795 2686 2755 2756 2687 
2796 2687 2756 2757 2688 
2797 2688 2757 2758 2689 
2798 2689 2758 2759 2690 
2799 2690 2759 2760 2691 
2800 2691 2760 2761 2692 
2801 2692 2761 2762 2693 
2802 2693 2762 2763 2694 
2803 2694 2763 2764 2695 
2804 2695 2764 176 177 
2805 40 41 2765 2696 
2806 2696 2765 2766 2697 
2807 2697 2766 2767 2698 
2808 2698 2767 2768 2699 
2809 2699 2768 2769 2700 
2810 2700 2769 2770 2701 
2811 2701 2770 2771 2702 
2812 2702 2771 2772 2703 
2813 2703 2772 2773 2704 
2814 2704 2773 2774 2705 
2815 2705 2774 2775 2706 
2816 2706 2775 2776 2707 
2817 2707 2776 2777 2708 
2818 2708 2777 2778 2709 
2819 2709 2778 2779 2710 
2820 2710 2779 2780 2711 
2821 2711 2780 2781 2712 
2822 2712 2781 2782 2713 
2823 2713 2782 2783 2714 
2824 2714 2783 2784 2715 
2825 2715 2784 2785 2716 
2826 2716 2785 2786 2717 
2827 2717 2786 2787 2718 
2828 2718 2787 2788 2719 
2829 2719 2788 2789 2720 
2830 2720 2789 2790 2721 
2831 2721 2790 2791 2722 
2832 2722 2791 2792 2723 
2833 2723 2792 2793 2724 
2834 2724 2793 2794 2725 
2835 2725 2794 2795 2726 
2836 2726 2795 2796 2727 
2837 2727 2796 2797 2728 
2838 2728 2797 2798 2729 
2839 2729 2798 2799 2730 
2840 2730 2799 2800 2731 
2841 2731 2800 2801 2732 
2842 2732 2801 2802 2733 
2843 2733 2802 2803 2734 
2844 2734 2803 2804 2735 
2845 2735 2804 2805 2736 
2846 2736 2805 2806 2737 
2847 2737 2806 2807 2738 
2848 2738 2807 2808 2739 
2849 2739 2808 2809 2740 
2850 2740 2809 2810 2741 
2851 2741 2810 2811 2742 
2852 2742 2811 2812 2743 
2853 2743 2812 2813 2744 
2854 2744 2813 2814 2745 
2855 2745 2814 2815 2746 
2856 2746 2815 2816 2747 
2857 2747 2816 2817 2748 
2858 2748 2817 2818 2749 
2859 2749 2818 2819 2750 
2860 2750 2819 2820 2751 
2861 2751 2820 2821 2752 
2862 2752 2821 2822 2753 
2863 2753 2822 2823 2754 
2864 2754 2823 2824 2755 
2865 2755 2824 2825 2756 
2866 2756 2825 2826 2757 
2867 2757 2826 2827 2758 
2868 2758 2827 2828 2759 
2869 2759 2828 2829 2760 
2870 2760 2829 2830 2761 
2871 2761 2830 2831 2762 
2872 2762 2831 2832 2763 
2873 2763 2832 2833 2764 
2874 2764 2833 175 176 
2875 41 42 2834 2765 
2876 2765 2834 2835 2766 
2877 2766 2835 2836 2767 
2878 2767 2836 2837 2768 
2879 2768 2837 2838 2769 
2880 2769 2838 2839 2770 
2881 2770 2839 2840 2771 
2882 2771 2840 2841 2772 
2883 2772 2841 2842 2773 
2884 2773 2842 2843 2774 
2885 2774 2843 2844 2775 
2886 2775 2844 2845 2776 
2887 2776 2845 2846 2777 
2888 2777 2846 2847 2778 
2889 2778 2847 2848 2779 
2890 2779 2848 2849 2780 
2891 2780 2849 2850 2781 
2892 2781 2850 2851 2782 
2893 2782 2851 2852 2783 
2894 2783 2852 2853 2784 
2895 2784 2853 2854 2785 
2896 2785 2854 2855 2786 
2897 2786 2855 2856 2787 
2898 2787 2856 2857 2788 
2899 2788 2857 2858 2789 
2900 2789 2858 2859 2790 
2901 2790 2859 2860 2791 
2902 2791 2860 2861 2792 
2903 2792 2861 2862 2793 
2904 2793 2862 2863 2794 
2905 2794 2863 2864 2795 
2906 2795 2864 2865 2796 
2907 2796 2865 2866 2797 
2908 2797 2866 2867 2798 
2909 2798 2867 2868 2799 
2910 2799 2868 2869 2800 
2911 2800 2869 2870 2801 
2912 2801 2870 2871 2802 
2913 2802 2871 2872 2803 
2914 2803 2872 2873 2804 
2915 2804 2873 2874 2805 
2916 2805 2874 2875 2806 
2917 2806 2875 2876 2807 
2918 2807 2876 2877 2808 
2919 2808 2877 2878 2809 
2920 2809 2878 2879 2810 
2921 2810 2879 2880 2811 
2922 2811 2880 2881 2812 
2923 2812 2881 2882 2813 
2924 2813 2882 2883 2814 
2925 2814 2883 2884 2815 
2926 2815 2884 2885 2816 
2927 2816 2885 2886 2817 
2928 2817 2886 2887 2818 
2929 2818 2887 2888 2819 
2930 2819 2888 2889 2820 
2931 2820 2889 2890 2821 
2932 2821 2890 2891 2822 
2933 2822 2891 2892 2823 
2934 2823 2892 2893 2824 
2935 2824 2893 2894 2825 
2936 2825 2894 2895 2826 
2937 2826 2895 2896 2827 
2938 2827 2896 2897 2828 
2939 2828 2897 2898 2829 
2940 2829 2898 2899 2830 
2941 2830 2899 2900 2831 
2942 2831 2900 2901 2832 
2943 2832 2901 2902 2833 
2944 2833 2902 174 175 
2945 42 43 2903 2834 
2946 2834 2903 2904 2835 
2947 2835 2904 2905 2836 
2948 2836 2905 2906 2837 
2949 2837 2906 2907 2838 
2950 2838 2907 2908 2839 
2951 2839 2908 2909 2840 
2952 2840 2909 2910 2841 
2953 2841 2910 2911 2842 
2954 2842 2911 2912 2843 
2955 2843 2912 2913 2844 
2956 2844 2913 2914 2845 
2957 2845 2914 2915 2846 
2958 2846 2915 2916 2847 
2959 2847 2916 2917 2848 
2960 2848 2917 2918 2849 
2961 2849 2918 2919 2850 
2962 2850 2919 2920 2851 
2963 2851 2920 2921 2852 
2964 2852 2921 2922 2853 
2965 2853 2922 2923 2854 
2966 2854 2923 2924 2855 
2967 2855 2924 2925 2856 
2968 2856 2925 2926 2857 
2969 2857 2926 2927 2858 
2970 2858 2927 2928 2859 
2971 2859 2928 2929 2860 
2972 2860 2929 2930 2861 
2973 2861 2930 2931 2862 
2974 2862 2931 2932 2863 
2975 2863 2932 2933 2864 
2976 2864 2933 2934 2865 
2977 2865 2934 2935 2866 
2978 2866 2935 2936 2867 
2979 2867 2936 2937 2868 
2980 2868 2937 2938 2869 
2981 2869 2938 2939 2870 
2982 2870 2939 2940 2871 
2983 2871 2940 2941 2872 
2984 2872 2941 2942 2873 
2985 2873 2942 2943 2874 
2986 2874 2943 2944 2875 
2987 2875 2944 2945 2876 
2988 2876 2945 2946 2877 
2989 2877 2946 2947 2878 
2990 2878 2947 2948 2879 
2991 2879 2948 2949 2880 
2992 2880 2949 2950 2881 
2993 2881 2950 2951 2882 
2994 2882 2951 2952 2883 
2995 2883 2952 2953 2884 
2996 2884 2953 2954 2885 
2997 2885 2954 2955 2886 
2998 2886 2955 2956 2887 
2999 2887 2956 2957 2888 
3000 2888 2957 2958 2889 
3001 2889 2958 2959 2890 
3002 2890 2959 2960 2891 
3003 2891 2960 2961 2892 
3004 2892 2961 2962 2893 
3005 2893 2962 2963 2894 
3006 2894 2963 2964 2895 
3007 2895 2964 2965 2896 
3008 2896 2965 2966 2897 
3009 2897 2966 2967 2898 
3010 2898 2967 2968 2899 
3011 2899 2968 2969 2900 
3012 2900 2969 2970 2901 
3013 2901 2970 2971 2902 
3014 2902 2971 173 174 
3015 43 44 2972 2903 
3016 2903 2972 2973 2904 
3017 2904 2973 2974 2905 
3018 2905 2974 2975 2906 
3019 2906 2975 2976 2907 
3020 2907 2976 2977 2908 
3021 2908 2977 2978 2909 
3022 2909 2978 2979 2910 
3023 2910 2979 2980 2911 
3024 2911 2980 2981 2912 
3025 2912 2981 2982 2913 
3026 2913 2982 2983 2914 
3027 2914 2983 2984 2915 
3028 2915 2984 2985 2916 
3029 2916 2985 2986 2917 
3030 2917 2986 2987 2918 
3031 2918 2987 2988 2919 
3032 2919 2988 2989 2920 
3033 2920 2989 2990 2921 
3034 2921 2990 2991 2922 
3035 2922 2991 2992 2923 
3036 2923 2992 2993 2924 
3037 2924 2993 2994 2925 
3038 2925 2994 2995 2926 
3039 2926 2995 2996 2927 
3040 2927 2996 2997 2928 
3041 2928 2997 2998 2929 
3042 2929 2998 2999 2930 
3043 2930 2999 3000 2931 
3044 2931 3000 3001 2932 
3045 2932 3001 3002 2933 
3046 2933 3002 3003 2934 
3047 2934 3003 3004 2935 
3048 2935 3004 3005 2936 
3049 2936 3005 3006 2937 
3050 2937 3006 3007 2938 
3051 2938 3007 3008 2939 
3052 2939 3008 3009 2940 
3053 2940 3009 3010 2941 
3054 2941 3010 3011 2942 
3055 2942 3011 3012 2943 
3056 2943 3012 3013 2944 
3057 2944 3013 3014 2945 
3058 2945 3014 3015 2946 
3059 2946 3015 3016 2947 
3060 2947 3016 3017 2948 
3061 2948 3017 3018 2949 
3062 2949 3018 3019 2950 
3063 2950 3019 3020 2951 
3064 2951 3020 3021 2952 
3065 2952 3021 3022 2953 
3066 2953 3022 3023 2954 
3067 2954 3023 3024 2955 
3068 2955 3024 3025 2956 
3069 2956 3025 3026 2957 
3070 2957 3026 3027 2958 
3071 2958 3027 3028 2959 
3072 2959 3028 3029 2960 
3073 2960 3029 3030 2961 
3074 2961 3030 3031 2962 
3075 2962 3031 3032 2963 
3076 2963 3032 3033 2964 
3077 2964 3033 3034 2965 
3078 2965 3034 3035 2966 
3079 2966 3035 3036 2967 
3080 2967 3036 3037 2968 
3081 2968 3037 3038 2969 
3082 2969 3038 3039 2970 
3083 2970 3039 3040 2971 
3084 2971 3040 172 173 
3085 44 45 3041 2972 
3086 2972 3041 3042 2973 
3087 2973 3042 3043 2974 
3088 2974 3043 3044 2975 
3089 2975 3044 3045 2976 
3090 2976 3045 3046 2977 
3091 2977 3046 3047 2978 
3092 2978 3047 3048 2979 
3093 2979 3048 3049 2980 
3094 2980 3049 3050 2981 
3095 2981 3050 3051 2982 
3096 2982 3051 3052 2983 
3097 2983 3052 3053 2984 
3098 2984 3053 3054 2985 
3099 2985 3054 3055 2986 
3100 2986 3055 3056 2987 
3101 2987 3056 3057 2988 
3102 2988 3057 3058 2989 
3103 2989 3058 3059 2990 
3104 2990 3059 3060 2991 
3105 2991 3060 3061 2992 
3106 2992 3061 3062 2993 
3107 2993 3062 3063 2994 
3108 2994 3063 3064 2995 
3109 2995 3064 3065 2996 
3110 2996 3065 3066 2997 
3111 2997 3066 3067 2998 
3112 2998 3067 3068 2999 
3113 2999 3068 3069 3000 
3114 3000 3069 3070 3001 
3115 3001 3070 3071 3002 
3116 3002 3071 3072 3003 
3117 3003 3072 3073 3004 
3118 3004 3073 3074 3005 
3119 3005 3074 3075 3006 
3120 3006 3075 3076 3007 
3121 3007 3076 3077 3008 
3122 3008 3077 3078 3009 
3123 3009 3078 3079 3010 
3124 3010 3079 3080 3011 
3125 3011 3080 3081 3012 
3126 3012 3081 3082 3013 
3127 3013 3082 3083 3014 
3128 3014 3083 3084 3015 
3129 3015 3084 3085 3016 
3130 3016 3085 3086 3017 
3131 3017 3086 3087 3018 
3132 3018 3087 3088 3019 
3133 3019 3088 3089 3020 
3134 3020 3089 3090 3021 
3135 3021 3090 3091 3022 
3136 3022 3091 3092 3023 
3137 3023 3092 3093 3024 
3138 3024 3093 3094 3025 
3139 3025 3094 3095 3026 
3140 3026 3095 3096 3027 
3141 3027 3096 3097 3028 
3142 3028 3097 3098 3029 
3143 3029 3098 3099 3030 
3144 3030 3099 3100 3031 
3145 3031 3100 3101 3032 
3146 3032 3101 3102 3033 
3147 3033 3102 3103 3034 
3148 3034 3103 3104 3035 
3149 3035 3104 3105 3036 
3150 3036 3105 3106 3037 
3151 3037 3106 3107 3038 
3152 3038 3107 3108 3039 
3153 3039 3108 3109 3040 
3154 3040 3109 171 172 
3155 45 46 3110 3041 
3156 3041 3110 3111 3042 
3157 3042 3111 3112 3043 
3158 3043 3112 3113 3044 
3159 3044 3113 3114 3045 
3160 3045 3114 3115 3046 
3161 3046 3115 3116 3047 
3162 3047 3116 3117 3048 
3163 3048 3117 3118 3049 
3164 3049 3118 3119 3050 
3165 3050 3119 3120 3051 
3166 3051 3120 3121 3052 
3167 3052 3121 3122 3053 
3168 3053 3122 3123 3054 
3169 3054 3123 3124 3055 
3170 3055 3124 3125 3056 
3171 3056 3125 3126 3057 
3172 3057 3126 3127 3058 
3173 3058 3127 3128 3059 
3174 3059 3128 3129 3060 
3175 3060 3129 3130 3061 
3176 3061 3130 3131 3062 
3177 3062 3131 3132 3063 
3178 3063 3132 3133 3064 
3179 3064 3133 3134 3065 
3180 3065 3134 3135 3066 
3181 3066 3135 3136 3067 
3182 3067 3136 3137 3068 
3183 3068 3137 3138 3069 
3184 3069 3138 3139 3070 
3185 3070 3139 3140 3071 
3186 3071 3140 3141 3072 
3187 3072 3141 3142 3073 
3188 3073 3142 3143 3074 
3189 3074 3143 3144 3075 
3190 3075 3144 3145 3076 
3191 3076 3145 3146 3077 
3192 3077 3146 3147 3078 
3193 3078 3147 3148 3079 
3194 3079 3148 3149 3080 
3195 3080 3149 3150 3081 
3196 3081 3150 3151 3082 
3197 3082 3151 3152 3083 
3198 3083 3152 3153 3084 
3199 3084 3153 3154 3085 
3200 3085 3154 3155 3086 
3201 3086 3155 3156 3087 
3202 3087 3156 3157 3088 
3203 3088 3157 3158 3089 
3204 3089 3158 3159 3090 
3205 3090 3159 3160 3091 
3206 3091 3160 3161 3092 
3207 3092 3161 3162 3093 
3208 3093 3162 3163 3094 
3209 3094 3163 3164 3095 
3210 3095 3164 3165 3096 
3211 3096 3165 3166 3097 
3212 3097 3166 3167 3098 
3213 3098 3167 3168 3099 
3214 3099 3168 3169 3100 
3215 3100 3169 3170 3101 
3216 3101 3170 3171 3102 
3217 3102 3171 3172 3103 
3218 3103 3172 3173 3104 
3219 3104 3173 3174 3105 
3220 3105 3174 3175 3106 
3221 3106 3175 3176 3107 
3222 3107 3176 3177 3108 
3223 3108 3177 3178 3109 
3224 3109 3178 170 171 
3225 46 47 3179 3110 
3226 3110 3179 3180 3111 
3227 3111 3180 3181 3112 
3228 3112 3181 3182 3113 
3229 3113 3182 3183 3114 
3230 3114 3183 3184 3115 
3231 3115 3184 3185 3116 
3232 3116 3185 3186 3117 
3233 3117 3186 3187 3118 
3234 3118 3187 3188 3119 
3235 3119 3188 3189 3120 
3236 3120 3189 3190 3121 
3237 3121 3190 3191 3122 
3238 3122 3191 3192 3123 
3239 3123 3192 3193 3124 
3240 3124 3193 3194 3125 
3241 3125 3194 3195 3126 
3242 3126 3195 3196 3127 
3243 3127 3196 3197 3128 
3244 3128 3197 3198 3129 
3245 3129 3198 3199 3130 
3246 3130 3199 3200 3131 
3247 3131 3200 3201 3132 
3248 3132 3201 3202 3133 
3249 3133 3202 3203 3134 
3250 3134 3203 3204 3135 
3251 3135 3204 3205 3136 
3252 3136 3205 3206 3137 
3253 3137 3206 3207 3138 
3254 3138 3207 3208 3139 
3255 3139 3208 3209 3140 
3256 3140 3209 3210 3141 
3257 3141 3210 3211 3142 
3258 3142 3211 3212 3143 
3259 3143 3212 3213 3144 
3260 3144 3213 3214 3145 
3261 3145 3214 3215 3146 
3262 3146 3215 3216 3147 
3263 3147 3216 3217 3148 
3264 3148 3217 3218 3149 
3265 3149 3218 3219 3150 
3266 3150 3219 3220 3151 
3267 3151 3220 3221 3152 
3268 3152 3221 3222 3153 
3269 3153 3222 3223 3154 
3270 3154 3223 3224 3155 
3271 3155 3224 3225 3156 
3272 3156 3225 3226 3157 
3273 3157 3226 3227 3158 
3274 3158 3227 3228 3159 
3275 3159 3228 3229 3160 
3276 3160 3229 3230 3161 
3277 3161 3230 3231 3162 
3278 3162 3231 3232 3163 
3279 3163 3232 3233 3164 
3280 3164 3233 3234 3165 
3281 3165 3234 3235 3166 
3282 3166 3235 3236 3167 
3283 3167 3236 3237 3168 
3284 3168 3237 3238 3169 
3285 3169 3238 3239 3170 
3286 3170 3239 3240 3171 
3287 3171 3240 3241 3172 
3288 3172 3241 3242 3173 
3289 3173 3242 3243 3174 
3290 3174 3243 3244 3175 
3291 3175 3244 3245 3176 
3292 3176 3245 3246 3177 
3293 3177 3246 3247 3178 
3294 3178 3247 169 170 
3295 47 48 3248 3179 
3296 3179 3248 3249 3180 
3297 3180 3249 3250 3181 
3298 3181 3250 3251 3182 
3299 3182 3251 3252 3183 
3300 3183 3252 3253 3184 
3301 3184 3253 3254 3185 
3302 3185 3254 3255 3186 
3303 3186 3255 3256 3187 
3304 3187 3256 3257 3188 
3305 3188 3257 3258 3189 
3306 3189 3258 3259 3190 
3307 3190 3259 3260 3191 
3308 3191 3260 3261 3192 
3309 3192 3261 3262 3193 
3310 3193 3262 3263 3194 
3311 3194 3263 3264 3195 
3312 3195 3264 3265 3196 
3313 3196 3265 3266 3197 
3314 3197 3266 3267 3198 
3315 3198 3267 3268 3199 
3316 3199 3268 3269 3200 
3317 3200 3269 3270 3201 
3318 3201 3270 3271 3202 
3319 3202 3271 3272 3203 
3320 3203 3272 3273 3204 
3321 3204 3273 3274 3205 
3322 3205 3274 3275 3206 
3323 3206 3275 3276 3207 
3324 3207 3276 3277 3208 
3325 3208 3277 3278 3209 
3326 3209 3278 3279 3210 
3327 3210 3279 3280 3211 
3328 3211 3280 3281 3212 
3329 3212 3281 3282 3213 
3330 3213 3282 3283 3214 
3331 3214 3283 3284 3215 
3332 3215 3284 3285 3216 
3333 3216 3285 3286 3217 
3334 3217 3286 3287 3218 
3335 3218 3287 3288 3219 
3336 3219 3288 3289 3220 
3337 3220 3289 3290 3221 
3338 3221 3290 3291 3222 
3339 3222 3291 3292 3223 
3340 3223 3292 3293 3224 
3341 3224 3293 3294 3225 
3342 3225 3294 3295 3226 
3343 3226 3295 3296 3227 
3344 3227 3296 3297 3228 
3345 3228 3297 3298 3229 
3346 3229 3298 3299 3230 
3347 3230 3299 3300 3231 
3348 3231 3300 3301 3232 
3349 3232 3301 3302 3233 
3350 3233 3302 3303 3234 
3351 3234 3303 3304 3235 
3352 3235 3304 3305 3236 
3353 3236 3305 3306 3237 
3354 3237 3306 3307 3238 
3355 3238 3307 3308 3239 
3356 3239 3308 3309 3240 
3357 3240 3309 3310 3241 
3358 3241 3310 3311 3242 
3359 3242 3311 3312 3243 
3360 3243 3312 3313 3244 
3361 3244 3313 3314 3245 
3362 3245 3314 3315 3246 
3363 3246 3315 3316 3247 
3364 3247 3316 168 169 
3365 48 49 3317 3248 
3366 3248 3317 3318 3249 
3367 3249 3318 3319 3250 
3368 3250 3319 3320 3251 
3369 3251 3320 3321 3252 
3370 3252 3321 3322 3253 
3371 3253 3322 3323 3254 
3372 3254 3323 3324 3255 
3373 3255 3324 3325 3256 
3374 3256 3325 3326 3257 
3375 3257 3326 3327 3258 
3376 3258 3327 3328 3259 
3377 3259 3328 3329 3260 
3378 3260 3329 3330 3261 
3379 3261 3330 3331 3262 
3380 3262 3331 3332 3263 
3381 3263 3332 3333 3264 
3382 3264 3333 3334 3265 
3383 3265 3334 3335 3266 
3384 3266 3335 3336 3267 
3385 3267 3336 3337 3268 
3386 3268 3337 3338 3269 
3387 3269 3338 3339 3270 
3388 3270 3339 3340 3271 
3389 3271 3340 3341 3272 
3390 3272 3341 3342 3273 
3391 3273 3342 3343 3274 
3392 3274 3343 3344 3275 
3393 3275 3344 3345 3276 
3394 3276 3345 3346 3277 
3395 3277 3346 3347 3278 
3396 3278 3347 3348 3279 
3397 3279 3348 3349 3280 
3398 3280 3349 3350 3281 
3399 3281 3350 3351 3282 
3400 3282 3351 3352 3283 
3401 3283 3352 3353 3284 
3402 3284 3353 3354 3285 
3403 3285 3354 3355 3286 
3404 3286 3355 3356 3287 
3405 3287 3356 3357 3288 
3406 3288 3357 3358 3289 
3407 3289 3358 3359 3290 
3408 3290 3359 3360 3291 
3409 3291 3360 3361 3292 
3410 3292 3361 3362 3293 
3411 3293 3362 3363 3294 
3412 3294 3363 3364 3295 
3413 3295 3364 3365 3296 
3414 3296 3365 3366 3297 
3415 3297 3366 3367 3298 
3416 3298 3367 3368 3299 
3417 3299 3368 3369 3300 
3418 3300 3369 3370 3301 
3419 3301 3370 3371 3302 
3420 3302 3371 3372 3303 
3421 3303 3372 3373 3304 
3422 3304 3373 3374 3305 
3423 3305 3374 3375 3306 
3424 3306 3375 3376 3307 
3425 3307 3376 3377 3308 
3426 3308 3377 3378 3309 
3427 3309 3378 3379 3310 
3428 3310 3379 3380 3311 
3429 3311 3380 3381 3312 
3430 3312 3381 3382 3313 
3431 3313 3382 3383 3314 
3432 3314 3383 3384 3315 
3433 3315 3384 3385 3316 
3434 3316 3385 167 168 
3435 49 50 3386 3317 
3436 3317 3386 3387 3318 
3437 3318 3387 3388 3319 
3438 3319 3388 3389 3320 
3439 3320 3389 3390 3321 
3440 3321 3390 3391 3322 
3441 3322 3391 3392 3323 
3442 3323 3392 3393 3324 
3443 3324 3393 3394 3325 
3444 3325 3394 3395 3326 
3445 3326 3395 3396 3327 
3446 3327 3396 3397 3328 
3447 3328 3397 3398 3329 
3448 3329 3398 3399 3330 
3449 3330 3399 3400 3331 
3450 3331 3400 3401 3332 
3451 3332 3401 3402 3333 
3452 3333 3402 3403 3334 
3453 3334 3403 3404 3335 
3454 3335 3404 3405 3336 
3455 3336 3405 3406 3337 
3456 3337 3406 3407 3338 
3457 3338 3407 3408 3339 
3458 3339 3408 3409 3340 
3459 3340 3409 3410 3341 
3460 3341 3410 3411 3342 
3461 3342 3411 3412 3343 
3462 3343 3412 3413 3344 
3463 3344 3413 3414 3345 
3464 3345 3414 3415 3346 
3465 3346 3415 3416 3347 
3466 3347 3416 3417 3348 
3467 3348 3417 3418 3349 
3468 3349 3418 3419 3350 
3469 3350 3419 3420 3351 
3470 3351 3420 3421 3352 
3471 3352 3421 3422 3353 
3472 3353 3422 3423 3354 
3473 3354 3423 3424 3355 
3474 3355 3424 3425 3356 
3475 3356 3425 3426 3357 
3476 3357 3426 3427 3358 
3477 3358 3427 3428 3359 
3478 3359 3428 3429 3360 
3479 3360 3429 3430 3361 
3480 3361 3430 3431 3362 
3481 3362 3431 3432 3363 
3482 3363 3432 3433 3364 
3483 3364 3433 3434 3365 
3484 3365 3434 3435 3366 
3485 3366 3435 3436 3367 
3486 3367 3436 3437 3368 
3487 3368 3437 3438 3369 
3488 3369 3438 3439 3370 
3489 3370 3439 3440 3371 
3490 3371 3440 3441 3372 
3491 3372 3441 3442 3373 
3492 3373 3442 3443 3374 
3493 3374 3443 3444 3375 
3494 3375 3444 3445 3376 
3495 3376 3445 3446 3377 
3496 3377 3446 3447 3378 
3497 3378 3447 3448 3379 
3498 3379 3448 3449 3380 
3499 3380 3449 3450 3381 
3500 3381 3450 3451 3382 
3501 3382 3451 3452 3383 
3502 3383 3452 3453 3384 
3503 3384 3453 3454 3385 
3504 3385 3454 166 167 
3505 50 51 3455 3386 
3506 3386 3455 3456 3387 
3507 3387 3456 3457 3388 
3508 3388 3457 3458 3389 
3509 3389 3458 3459 3390 
3510 3390 3459 3460 3391 
3511 3391 3460 3461 3392 
3512 3392 3461 3462 3393 
3513 3393 3462 3463 3394 
3514 3394 3463 3464 3395 
3515 3395 3464 3465 3396 
3516 3396 3465 3466 3397 
3517 3397 3466 3467 3398 
3518 3398 3467 3468 3399 
3519 3399 3468 3469 3400 
3520 3400 3469 3470 3401 
3521 3401 3470 3471 3402 
3522 3402 3471 3472 3403 
3523 3403 3472 3473 3404 
3524 3404 3473 3474 3405 
3525 3405 3474 3475 3406 
3526 3406 3475 3476 3407 
3527 3407 3476 3477 3408 
3528 3408 3477 3478 3409 
3529 3409 3478 3479 3410 
3530 3410 3479 3480 3411 
3531 3411 3480 3481 3412 
3532 3412 3481 3482 3413 
3533 3413 3482 3483 3414 
3534 3414 3483 3484 3415 
3535 3415 3484 3485 3416 
3536 3416 3485 3486 3417 
3537 3417 3486 3487 3418 
3538 3418 3487 3488 3419 
3539 3419 3488 3489 3420 
3540 3420 3489 3490 3421 
3541 3421 3490 3491 3422 
3542 3422 3491 3492 3423 
3543 3423 3492 3493 3424 
3544 3424 3493 3494 3425 
3545 3425 3494 3495 3426 
3546 3426 3495 3496 3427 
3547 3427 3496 3497 3428 
3548 3428 3497 3498 3429 
3549 3429 3498 3499 3430 
3550 3430 3499 3500 3431 
3551 3431 3500 3501 3432 
3552 3432 3501 3502 3433 
3553 3433 3502 3503 3434 
3554 3434 3503 3504 3435 
3555 3435 3504 3505 3436 
3556 3436 3505 3506 3437 
3557 3437 3506 3507 3438 
3558 3438 3507 3508 3439 
3559 3439 3508 3509 3440 
3560 3440 3509 3510 3441 
3561 3441 3510 3511 3442 
3562 3442 3511 3512 3443 
3563 3443 3512 3513 3444 
3564 3444 3513 3514 3445 
3565 3445 3514 3515 3446 
3566 3446 3515 3516 3447 
3567 3447 3516 3517 3448 
3568 3448 3517 3518 3449 
3569 3449 3518 3519 3450 
3570 3450 3519 3520 3451 
3571 3451 3520 3521 3452 
3572 3452 3521 3522 3453 
3573 3453 3522 3523 3454 
3574 3454 3523 165 166 
3575 51 52 3524 3455 
3576 3455 3524 3525 3456 
3577 3456 3525 3526 3457 
3578 3457 3526 3527 3458 
3579 3458 3527 3528 3459 
3580 3459 3528 3529 3460 
3581 3460 3529 3530 3461 
3582 3461 3530 3531 3462 
3583 3462 3531 3532 3463 
3584 3463 3532 3533 3464 
3585 3464 3533 3534 3465 
3586 3465 3534 3535 3466 
3587 3466 3535 3536 3467 
3588 3467 3536 3537 3468 
3589 3468 3537 3538 3469 
3590 3469 3538 3539 3470 
3591 3470 3539 3540 3471 
3592 3471 3540 3541 3472 
3593 3472 3541 3542 3473 
3594 3473 3542 3543 3474 
3595 3474 3543 3544 3475 
3596 3475 3544 3545 3476 
3597 3476 3545 3546 3477 
3598 3477 3546 3547 3478 
3599 3478 3547 3548 3479 
3600 3479 3548 3549 3480 
3601 3480 3549 3550 3481 
3602 3481 3550 3551 3482 
3603 3482 3551 3552 3483 
3604 3483 3552 3553 3484 
3605 3484 3553 3554 3485 
3606 3485 3554 3555 3486 
3607 3486 3555 3556 3487 
3608 3487 3556 3557 3488 
3609 3488 3557 3558 3489 
3610 3489 3558 3559 3490 
3611 3490 3559 3560 3491 
3612 3491 3560 3561 3492 
3613 3492 3561 3562 3493 
3614 3493 3562 3563 3494 
3615 3494 3563 3564 3495 
3616 3495 3564 3565 3496 
3617 3496 3565 3566 3497 
3618 3497 3566 3567 3498 
3619 3498 3567 3568 3499 
3620 3499 3568 3569 3500 
3621 3500 3569 3570 3501 
3622 3501 3570 3571 3502 
3623 3502 3571 3572 3503 
3624 3503 3572 3573 3504 
3625 3504 3573 3574 3505 
3626 3505 3574 3575 3506 
3627 3506 3575 3576 3507 
3628 3507 3576 3577 3508 
3629 3508 3577 3578 3509 
3630 3509 3578 3579 3510 
3631 3510 3579 3580 3511 
3632 3511 3580 3581 3512 
3633 3512 3581 3582 3513 
3634 3513 3582 3583 3514 
3635 3514 3583 3584 3515 
3636 3515 3584 3585 3516 
3637 3516 3585 3586 3517 
3638 3517 3586 3587 3518 
3639 3518 3587 3588 3519 
3640 3519 3588 3589 3520 
3641 3520 3589 3590 3521 
3642 3521 3590 3591 3522 
3643 3522 3591 3592 3523 
3644 3523 3592 164 165 
3645 52 53 3593 3524 
3646 3524 3593 3594 3525 
3647 3525 3594 3595 3526 
3648 3526 3595 3596 3527 
3649 3527 3596 3597 3528 
3650 3528 3597 3598 3529 
3651 3529 3598 3599 3530 
3652 3530 3599 3600 3531 
3653 3531 3600 3601 3532 
3654 3532 3601 3602 3533 
3655 3533 3602 3603 3534 
3656 3534 3603 3604 3535 
3657 3535 3604 3605 3536 
3658 3536 3605 3606 3537 
3659 3537 3606 3607 3538 
3660 3538 3607 3608 3539 
3661 3539 3608 3609 3540 
3662 3540 3609 3610 3541 
3663 3541 3610 3611 3542 
3664 3542 3611 3612 3543 
3665 3543 3612 3613 3544 
3666 3544 3613 3614 3545 
3667 3545 3614 3615 3546 
3668 3546 3615 3616 3547 
3669 3547 3616 3617 3548 
3670 3548 3617 3618 3549 
3671 3549 3618 3619 3550 
3672 3550 3619 3620 3551 
3673 3551 3620 3621 3552 
3674 3552 3621 3622 3553 
3675 3553 3622 3623 3554 
3676 3554 3623 3624 3555 
3677 3555 3624 3625 3556 
3678 3556 3625 3626 3557 
3679 3557 3626 3627 3558 
3680 3558 3627 3628 3559 
3681 3559 3628 3629 3560 
3682 3560 3629 3630 3561 
3683 3561 3630 3631 3562 
3684 3562 3631 3632 3563 
3685 3563 3632 3633 3564 
3686 3564 3633 3634 3565 
3687 3565 3634 3635 3566 
3688 3566 3635 3636 3567 
3689 3567 3636 3637 3568 
3690 3568 3637 3638 3569 
3691 3569 3638 3639 3570 
3692 3570 3639 3640 3571 
3693 3571 3640 3641 3572 
3694 3572 3641 3642 3573 
3695 3573 3642 3643 3574 
3696 3574 3643 3644 3575 
3697 3575 3644 3645 3576 
3698 3576 3645 3646 3577 
3699 3577 3646 3647 3578 
3700 3578 3647 3648 3579 
3701 3579 3648 3649 3580 
3702 3580 3649 3650 3581 
3703 3581 3650 3651 3582 
3704 3582 3651 3652 3583 
3705 3583 3652 3653 3584 
3706 3584 3653 3654 3585 
3707 3585 3654 3655 3586 
3708 3586 3655 3656 3587 
3709 3587 3656 3657 3588 
3710 3588 3657 3658 3589 
3711 3589 3658 3659 3590 
3712 3590 3659 3660 3591 
3713 3591 3660 3661 3592 
3714 3592 3661 163 164 
3715 53 54 3662 3593 
3716 3593 3662 3663 3594 
3717 3594 3663 3664 3595 
3718 3595 3664 3665 3596 
3719 3596 3665 3666 3597 
3720 3597 3666 3667 3598 
3721 3598 3667 3668 3599 
3722 3599 3668 3669 3600 
3723 3600 3669 3670 3601 
3724 3601 3670 3671 3602 
3725 3602 3671 3672 3603 
3726 3603 3672 3673 3604 
3727 3604 3673 3674 3605 
3728 3605 3674 3675 3606 
3729 3606 3675 3676 3607 
3730 3607 3676 3677 3608 
3731 3608 3677 3678 3609 
3732 3609 3678 3679 3610 
3733 3610 3679 3680 3611 
3734 3611 3680 3681 3612 
3735 3612 3681 3682 3613 
3736 3613 3682 3683 3614 
3737 3614 3683 3684 3615 
3738 3615 3684 3685 3616 
3739 3616 3685 3686 3617 
3740 3617 3686 3687 3618 
3741 3618 3687 3688 3619 
3742 3619 3688 3689 3620 
3743 3620 3689 3690 3621 
3744 3621 3690 3691 3622 
3745 3622 3691 3692 3623 
3746 3623 3692 3693 3624 
3747 3624 3693 3694 3625 
3748 3625 3694 3695 3626 
3749 3626 3695 3696 3627 
3750 3627 3696 3697 3628 
3751 3628 3697 3698 3629 
3752 3629 3698 3699 3630 
3753 3630 3699 3700 3631 
3754 3631 3700 3701 3632 
3755 3632 3701 3702 3633 
3756 3633 3702 3703 3634 
3757 3634 3703 3704 3635 
3758 3635 3704 3705 3636 
3759 3636 3705 3706 3637 
3760 3637 3706 3707 3638 
3761 3638 3707 3708 3639 
3762 3639 3708 3709 3640 
3763 3640 3709 3710 3641 
3764 3641 3710 3711 3642 
3765 3642 3711 3712 3643 
3766 3643 3712 3713 3644 
3767 3644 3713 3714 3645 
3768 3645 3714 3715 3646 
3769 3646 3715 3716 3647 
3770 3647 3716 3717 3648 
3771 3648 3717 3718 3649 
3772 3649 3718 3719 3650 
3773 3650 3719 3720 3651 
3774 3651 3720 3721 3652 
3775 3652 3721 3722 3653 
3776 3653 3722 3723 3654 
3777 3654 3723 3724 3655 
3778 3655 3724 3725 3656 
3779 3656 3725 3726 3657 
3780 3657 3726 3727 3658 
3781 3658 3727 3728 3659 
3782 3659 3728 3729 3660 
3783 3660 3729 3730 3661 
3784 3661 3730 162 163 
3785 54 55 3731 3662 
3786 3662 3731 3732 3663 
3787 3663 3732 3733 3664 
3788 3664 3733 3734 3665 
3789 3665 3734 3735 3666 
3790 3666 3735 3736 3667 
3791 3667 3736 3737 3668 
3792 3668 3737 3738 3669 
3793 3669 3738 3739 3670 
3794 3670 3739 3740 3671 
3795 3671 3740 3741 3672 
3796 3672 3741 3742 3673 
3797 3673 3742 3743 3674 
3798 3674 3743 3744 3675 
3799 3675 3744 3745 3676 
3800 3676 3745 3746 3677 
3801 3677 3746 3747 3678 
3802 3678 3747 3748 3679 
3803 3679 3748 3749 3680 
3804 3680 3749 3750 3681 
3805 3681 3750 3751 3682 
3806 3682 3751 3752 3683 
3807 3683 3752 3753 3684 
3808 3684 3753 3754 3685 
3809 3685 3754 3755 3686 
3810 3686 3755 3756 3687 
3811 3687 3756 3757 3688 
3812 3688 3757 3758 3689 
3813 3689 3758 3759 3690 
3814 3690 3759 3760 3691 
3815 3691 3760 3761 3692 
3816 3692 3761 3762 3693 
3817 3693 3762 3763 3694 
3818 3694 3763 3764 3695 
3819 3695 3764 3765 3696 
3820 3696 3765 3766 3697 
3821 3697 3766 3767 3698 
3822 3698 3767 3768 3699 
3823 3699 3768 3769 3700 
3824 3700 3769 3770 3701 
3825 3701 3770 3771 3702 
3826 3702 3771 3772 3703 
3827 3703 3772 3773 3704 
3828 3704 3773 3774 3705 
3829 3705 3774 3775 3706 
3830 3706 3775 3776 3707 
3831 3707 3776 3777 3708 
3832 3708 3777 3778 3709 
3833 3709 3778 3779 3710 
3834 3710 3779 3780 3711 
3835 3711 3780 3781 3712 
3836 3712 3781 3782 3713 
3837 3713 3782 3783 3714 
3838 3714 3783 3784 3715 
3839 3715 3784 3785 3716 
3840 3716 3785 3786 3717 
3841 3717 3786 3787 3718 
3842 3718 3787 3788 3719 
3843 3719 3788 3789 3720 
3844 3720 3789 3790 3721 
3845 3721 3790 3791 3722 
3846 3722 3791 3792 3723 
3847 3723 3792 3793 3724 
3848 3724 3793 3794 3725 
3849 3725 3794 3795 3726 
3850 3726 3795 3796 3727 
3851 3727 3796 3797 3728 
3852 3728 3797 3798 3729 
3853 3729 3798 3799 3730 
3854 3730 3799 161 162 
3855 55 56 3800 3731 
3856 3731 3800 3801 3732 
3857 3732 3801 3802 3733 
3858 3733 3802 3803 3734 
3859 3734 3803 3804 3735 
3860 3735 3804 3805 3736 
3861 3736 3805 3806 3737 
3862 3737 3806 3807 3738 
3863 3738 3807 3808 3739 
3864 3739 3808 3809 3740 
3865 3740 3809 3810 3741 
3866 3741 3810 3811 3742 
3867 3742 3811 3812 3743 
3868 3743 3812 3813 3744 
3869 3744 3813 3814 3745 
3870 3745 3814 3815 3746 
3871 3746 3815 3816 3747 
3872 3747 3816 3817 3748 
3873 3748 3817 3818 3749 
3874 3749 3818 3819 3750 
3875 3750 3819 3820 3751 
3876 3751 3820 3821 3752 
3877 3752 3821 3822 3753 
3878 3753 3822 3823 3754 
3879 3754 3823 3824 3755 
3880 3755 3824 3825 3756 
3881 3756 3825 3826 3757 
3882 3757 3826 3827 3758 
3883 3758 3827 3828 3759 
3884 3759 3828 3829 3760 
3885 3760 3829 3830 3761 
3886 3761 3830 3831 3762 
3887 3762 3831 3832 3763 
3888 3763 3832 3833 3764 
3889 3764 3833 3834 3765 
3890 3765 3834 3835 3766 
3891 3766 3835 3836 3767 
3892 3767 3836 3837 3768 
3893 3768 3837 3838 3769 
3894 3769 3838 3839 3770 
3895 3770 3839 3840 3771 
3896 3771 3840 3841 3772 
3897 3772 3841 3842 3773 
3898 3773 3842 3843 3774 
3899 3774 3843 3844 3775 
3900 3775 3844 3845 3776 
3901 3776 3845 3846 3777 
3902 3777 3846 3847 3778 
3903 3778 3847 3848 3779 
3904 3779 3848 3849 3780 
3905 3780 3849 3850 3781 
3906 3781 3850 3851 3782 
3907 3782 3851 3852 3783 
3908 3783 3852 3853 3784 
3909 3784 3853 3854 3785 
3910 3785 3854 3855 3786 
3911 3786 3855 3856 3787 
3912 3787 3856 3857 3788 
3913 3788 3857 3858 3789 
3914 3789 3858 3859 3790 
3915 3790 3859 3860 3791 
3916 3791 3860 3861 3792 
3917 3792 3861 3862 3793 
3918 3793 3862 3863 3794 
3919 3794 3863 3864 3795 
3920 3795 3864 3865 3796 
3921 3796 3865 3866 3797 
3922 3797 3866 3867 3798 
3923 3798 3867 3868 3799 
3924 3799 3868 160 161 
3925 56 57 3869 3800 
3926 3800 3869 3870 3801 
3927 3801 3870 3871 3802 
3928 3802 3871 3872 3803 
3929 3803 3872 3873 3804 
3930 3804 3873 3874 3805 
3931 3805 3874 3875 3806 
3932 3806 3875 3876 3807 
3933 3807 3876 3877 3808 
3934 3808 3877 3878 3809 
3935 3809 3878 3879 3810 
3936 3810 3879 3880 3811 
3937 3811 3880 3881 3812 
3938 3812 3881 3882 3813 
3939 3813 3882 3883 3814 
3940 3814 3883 3884 3815 
3941 3815 3884 3885 3816 
3942 3816 3885 3886 3817 
3943 3817 3886 3887 3818 
3944 3818 3887 3888 3819 
3945 3819 3888 3889 3820 
3946 3820 3889 3890 3821 
3947 3821 3890 3891 3822 
3948 3822 3891 3892 3823 
3949 3823 3892 3893 3824 
3950 3824 3893 3894 3825 
3951 3825 3894 3895 3826 
3952 3826 3895 3896 3827 
3953 3827 3896 3897 3828 
3954 3828 3897 3898 3829 
3955 3829 3898 3899 3830 
3956 3830 3899 3900 3831 
3957 3831 3900 3901 3832 
3958 3832 3901 3902 3833 
3959 3833 3902 3903 3834 
3960 3834 3903 3904 3835 
3961 3835 3904 3905 3836 
3962 3836 3905 3906 3837 
3963 3837 3906 3907 3838 
3964 3838 3907 3908 3839 
3965 3839 3908 3909 3840 
3966 3840 3909 3910 3841 
3967 3841 3910 3911 3842 
3968 3842 3911 3912 3843 
3969 3843 3912 3913 3844 
3970 3844 3913 3914 3845 
3971 3845 3914 3915 3846 
3972 3846 3915 3916 3847 
3973 3847 3916 3917 3848 
3974 3848 3917 3918 3849 
3975 3849 3918 3919 3850 
3976 3850 3919 3920 3851 
3977 3851 3920 3921 3852 
3978 3852 3921 3922 3853 
3979 3853 3922 3923 3854 
3980 3854 3923 3924 3855 
3981 3855 3924 3925 3856 
3982 3856 3925 3926 3857 
3983 3857 3926 3927 3858 
3984 3858 3927 3928 3859 
3985 3859 3928 3929 3860 
3986 3860 3929 3930 3861 
3987 3861 3930 3931 3862 
3988 3862 3931 3932 3863 
3989 3863 3932 3933 3864 
3990 3864 3933 3934 3865 
3991 3865 3934 3935 3866 
3992 3866 3935 3936 3867 
3993 3867 3936 3937 3868 
3994 3868 3937 159 160 
3995 57 58 3938 3869 
3996 3869 3938 3939 3870 
3997 3870 3939 3940 3871 
3998 3871 3940 3941 3872 
3999 3872 3941 3942 3873 
4000 3873 3942 3943 3874 
4001 3874 3943 3944 3875 
4002 3875 3944 3945 3876 
4003 3876 3945 3946 3877 
4004 3877 3946 3947 3878 
4005 3878 3947 3948 3879 
4006 3879 3948 3949 3880 
4007 3880 3949 3950 3881 
4008 3881 3950 3951 3882 
4009 3882 3951 3952 3883 
4010 3883 3952 3953 3884 
4011 3884 3953 3954 3885 
4012 3885 3954 3955 3886 
4013 3886 3955 3956 3887 
4014 3887 3956 3957 3888 
4015 3888 3957 3958 3889 
4016 3889 3958 3959 3890 
4017 3890 3959 3960 3891 
4018 3891 3960 3961 3892 
4019 3892 3961 3962 3893 
4020 3893 3962 3963 3894 
4021 3894 3963 3964 3895 
4022 3895 3964 3965 3896 
4023 3896 3965 3966 3897 
4024 3897 3966 3967 3898 
4025 3898 3967 3968 3899 
4026 3899 3968 3969 3900 
4027 3900 3969 3970 3901 
4028 3901 3970 3971 3902 
4029 3902 3971 3972 3903 
4030 3903 3972 3973 3904 
4031 3904 3973 3974 3905 
4032 3905 3974 3975 3906 
4033 3906 3975 3976 3907 
4034 3907 3976 3977 3908 
4035 3908 3977 3978 3909 
4036 3909 3978 3979 3910 
4037 3910 3979 3980 3911 
4038 3911 3980 3981 3912 
4039 3912 3981 3982 3913 
4040 3913 3982 3983 3914 
4041 3914 3983 3984 3915 
4042 3915 3984 3985 3916 
4043 3916 3985 3986 3917 
4044 3917 3986 3987 3918 
4045 3918 3987 3988 3919 
4046 3919 3988 3989 3920 
4047 3920 3989 3990 3921 
4048 3921 3990 3991 3922 
4049 3922 3991 3992 3923 
4050 3923 3992 3993 3924 
4051 3924 3993 3994 3925 
4052 3925 3994 3995 3926 
4053 3926 3995 3996 3927 
4054 3927 3996 3997 3928 
4055 3928 3997 3998 3929 
4056 3929 3998 3999 3930 
4057 3930 3999 4000 3931 
4058 3931 4000 4001 3932 
4059 3932 4001 4002 3933 
4060 3933 4002 4003 3934 
4061 3934 4003 4004 3935 
4062 3935 4004 4005 3936 
4063 3936 4005 4006 3937 
4064 3937 4006 158 159 
4065 58 59 4007 3938 
4066 3938 4007 4008 3939 
4067 3939 4008 4009 3940 
4068 3940 4009 4010 3941 
4069 3941 4010 4011 3942 
4070 3942 4011 4012 3943 
4071 3943 4012 4013 3944 
4072 3944 4013 4014 3945 
4073 3945 4014 4015 3946 
4074 3946 4015 4016 3947 
4075 3947 4016 4017 3948 
4076 3948 4017 4018 3949 
4077 3949 4018 4019 3950 
4078 3950 4019 4020 3951 
4079 3951 4020 4021 3952 
4080 3952 4021 4022 3953 
4081 3953 4022 4023 3954 
4082 3954 4023 4024 3955 
4083 3955 4024 4025 3956 
4084 3956 4025 4026 3957 
4085 3957 4026 4027 3958 
4086 3958 4027 4028 3959 
4087 3959 4028 4029 3960 
4088 3960 4029 4030 3961 
4089 3961 4030 4031 3962 
4090 3962 4031 4032 3963 
4091 3963 4032 4033 3964 
4092 3964 4033 4034 3965 
4093 3965 4034 4035 3966 
4094 3966 4035 4036 3967 
4095 3967 4036 4037 3968 
4096 3968 4037 4038 3969 
4097 3969 4038 4039 3970 
4098 3970 4039 4040 3971 
4099 3971 4040 4041 3972 
4100 3972 4041 4042 3973 
4101 3973 4042 4043 3974 
4102 3974 4043 4044 3975 
4103 3975 4044 4045 3976 
4104 3976 4045 4046 3977 
4105 3977 4046 4047 3978 
4106 3978 4047 4048 3979 
4107 3979 4048 4049 3980 
4108 3980 4049 4050 3981 
4109 3981 4050 4051 3982 
4110 3982 4051 4052 3983 
4111 3983 4052 4053 3984 
4112 3984 4053 4054 3985 
4113 3985 4054 4055 3986 
4114 3986 4055 4056 3987 
4115 3987 4056 4057 3988 
4116 3988 4057 4058 3989 
4117 3989 4058 4059 3990 
4118 3990 4059 4060 3991 
4119 3991 4060 4061 3992 
4120 3992 4061 4062 3993 
4121 3993 4062 4063 3994 
4122 3994 4063 4064 3995 
4123 3995 4064 4065 3996 
4124 3996 4065 4066 3997 
4125 3997 4066 4067 3998 
4126 3998 4067 4068 3999 
4127 3999 4068 4069 4000 
4128 4000 4069 4070 4001 
4129 4001 4070 4071 4002 
4130 4002 4071 4072 4003 
4131 4003 4072 4073 4004 
4132 4004 4073 4074 4005 
4133 4005 4074 4075 4006 
4134 4006 4075 157 158 
4135 59 60 4076 4007 
4136 4007 4076 4077 4008 
4137 4008 4077 4078 4009 
4138 4009 4078 4079 4010 
4139 4010 4079 4080 4011 
4140 4011 4080 4081 4012 
4141 4012 4081 4082 4013 
4142 4013 4082 4083 4014 
4143 4014 4083 4084 4015 
4144 4015 4084 4085 4016 
4145 4016 4085 4086 4017 
4146 4017 4086 4087 4018 
4147 4018 4087 4088 4019 
4148 4019 4088 4089 4020 
4149 4020 4089 4090 4021 
4150 4021 4090 4091 4022 
4151 4022 4091 4092 4023 
4152 4023 4092 4093 4024 
4153 4024 4093 4094 4025 
4154 4025 4094 4095 4026 
4155 4026 4095 4096 4027 
4156 4027 4096 4097 4028 
4157 4028 4097 4098 4029 
4158 4029 4098 4099 4030 
4159 4030 4099 4100 4031 
4160 4031 4100 4101 4032 
4161 4032 4101 4102 4033 
4162 4033 4102 4103 4034 
4163 4034 4103 4104 4035 
4164 4035 4104 4105 4036 
4165 4036 4105 4106 4037 
4166 4037 4106 4107 4038 
4167 4038 4107 4108 4039 
4168 4039 4108 4109 4040 
4169 4040 4109 4110 4041 
4170 4041 4110 4111 4042 
4171 4042 4111 4112 4043 
4172 4043 4112 4113 4044 
4173 4044 4113 4114 4045 
4174 4045 4114 4115 4046 
4175 4046 4115 4116 4047 
4176 4047 4116 4117 4048 
4177 4048 4117 4118 4049 
4178 4049 4118 4119 4050 
4179 4050 4119 4120 4051 
4180 4051 4120 4121 4052 
4181 4052 4121 4122 4053 
4182 4053 4122 4123 4054 
4183 4054 4123 4124 4055 
4184 4055 4124 4125 4056 
4185 4056 4125 4126 4057 
4186 4057 4126 4127 4058 
4187 4058 4127 4128 4059 
4188 4059 4128 4129 4060 
4189 4060 4129 4130 4061 
4190 4061 4130 4131 4062 
4191 4062 4131 4132 4063 
4192 4063 4132 4133 4064 
4193 4064 4133 4134 4065 
4194 4065 4134 4135 4066 
4195 4066 4135 4136 4067 
4196 4067 4136 4137 4068 
4197 4068 4137 4138 4069 
4198 4069 4138 4139 4070 
4199 4070 4139 4140 4071 
4200 4071 4140 4141 4072 
4201 4072 4141 4142 4073 
4202 4073 4142 4143 4074 
4203 4074 4143 4144 4075 
4204 4075 4144 156 157 
4205 60 61 4145 4076 
4206 4076 4145 4146 4077 
4207 4077 4146 4147 4078 
4208 4078 4147 4148 4079 
4209 4079 4148 4149 4080 
4210 4080 4149 4150 4081 
4211 4081 4150 4151 4082 
4212 4082 4151 4152 4083 
4213 4083 4152 4153 4084 
4214 4084 4153 4154 4085 
4215 4085 4154 4155 4086 
4216 4086 4155 4156 4087 
4217 4087 4156 4157 4088 
4218 4088 4157 4158 4089 
4219 4089 4158 4159 4090 
4220 4090 4159 4160 4091 
4221 4091 4160 4161 4092 
4222 4092 4161 4162 4093 
4223 4093 4162 4163 4094 
4224 4094 4163 4164 4095 
4225 4095 4164 4165 4096 
4226 4096 4165 4166 4097 
4227 4097 4166 4167 4098 
4228 4098 4167 4168 4099 
4229 4099 4168 4169 4100 
4230 4100 4169 4170 4101 
4231 4101 4170 4171 4102 
4232 4102 4171 4172 4103 
4233 4103 4172 4173 4104 
4234 4104 4173 4174 4105 
4235 4105 4174 4175 4106 
4236 4106 4175 4176 4107 
4237 4107 4176 4177 4108 
4238 4108 4177 4178 4109 
4239 4109 4178 4179 4110 
4240 4110 4179 4180 4111 
4241 4111 4180 4181 4112 
4242 4112 4181 4182 4113 
4243 4113 4182 4183 4114 
4244 4114 4183 4184 4115 
4245 4115 4184 4185 4116 
4246 4116 4185 4186 4117 
4247 4117 4186 4187 4118 
4248 4118 4187 4188 4119 
4249 4119 4188 4189 4120 
4250 4120 4189 4190 4121 
4251 4121 4190 4191 4122 
4252 4122 4191 4192 4123 
4253 4123 4192 4193 4124 
4254 4124 4193 4194 4125 
4255 4125 4194 4195 4126 
4256 4126 4195 4196 4127 
4257 4127 4196 4197 4128 
4258 4128 4197 4198 4129 
4259 4129 4198 4199 4130 
4260 4130 4199 4200 4131 
4261 4131 4200 4201 4132 
4262 4132 4201 4202 4133 
4263 4133 4202 4203 4134 
4264 4134 4203 4204 4135 
4265 4135 4204 4205 4136 
4266 4136 4205 4206 4137 
4267 4137 4206 4207 4138 
4268 4138 4207 4208 4139 
4269 4139 4208 4209 4140 
4270 4140 4209 4210 4141 
4271 4141 4210 4211 4142 
4272 4142 4211 4212 4143 
4273 4143 4212 4213 4144 
4274 4144 4213 155 156 
4275 61 62 4214 4145 
4276 4145 4214 4215 4146 
4277 4146 4215 4216 4147 
4278 4147 4216 4217 4148 
4279 4148 4217 4218 4149 
4280 4149 4218 4219 4150 
4281 4150 4219 4220 4151 
4282 4151 4220 4221 4152 
4283 4152 4221 4222 4153 
4284 4153 4222 4223 4154 
4285 4154 4223 4224 4155 
4286 4155 4224 4225 4156 
4287 4156 4225 4226 4157 
4288 4157 4226 4227 4158 
4289 4158 4227 4228 4159 
4290 4159 4228 4229 4160 
4291 4160 4229 4230 4161 
4292 4161 4230 4231 4162 
4293 4162 4231 4232 4163 
4294 4163 4232 4233 4164 
4295 4164 4233 4234 4165 
4296 4165 4234 4235 4166 
4297 4166 4235 4236 4167 
4298 4167 4236 4237 4168 
4299 4168 4237 4238 4169 
4300 4169 4238 4239 4170 
4301 4170 4239 4240 4171 
4302 4171 4240 4241 4172 
4303 4172 4241 4242 4173 
4304 4173 4242 4243 4174 
4305 4174 4243 4244 4175 
4306 4175 4244 4245 4176 
4307 4176 4245 4246 4177 
4308 4177 4246 4247 4178 
4309 4178 4247 4248 4179 
4310 4179 4248 4249 4180 
4311 4180 4249 4250 4181 
4312 4181 4250 4251 4182 
4313 4182 4251 4252 4183 
4314 4183 4252 4253 4184 
4315 4184 4253 4254 4185 
4316 4185 4254 4255 4186 
4317 4186 4255 4256 4187 
4318 4187 4256 4257 4188 
4319 4188 4257 4258 4189 
4320 4189 4258 4259 4190 
4321 4190 4259 4260 4191 
4322 4191 4260 4261 4192 
4323 4192 4261 4262 4193 
4324 4193 4262 4263 4194 
4325 4194 4263 4264 4195 
4326 4195 4264 4265 4196 
4327 4196 4265 4266 4197 
4328 4197 4266 4267 4198 
4329 4198 4267 4268 4199 
4330 4199 4268 4269 4200 
4331 4200 4269 4270 4201 
4332 4201 4270 4271 4202 
4333 4202 4271 4272 4203 
4334 4203 4272 4273 4204 
4335 4204 4273 4274 4205 
4336 4205 4274 4275 4206 
4337 4206 4275 4276 4207 
4338 4207 4276 4277 4208 
4339 4208 4277 4278 4209 
4340 4209 4278 4279 4210 
4341 4210 4279 4280 4211 
4342 4211 4280 4281 4212 
4343 4212 4281 4282 4213 
4344 4213 4282 154 155 
4345 62 63 4283 4214 
4346 4214 4283 4284 4215 
4347 4215 4284 4285 4216 
4348 4216 4285 4286 4217 
4349 4217 4286 4287 4218 
4350 4218 4287 4288 4219 
4351 4219 4288 4289 4220 
4352 4220 4289 4290 4221 
4353 4221 4290 4291 4222 
4354 4222 4291 4292 4223 
4355 4223 4292 4293 4224 
4356 4224 4293 4294 4225 
4357 4225 4294 4295 4226 
4358 4226 4295 4296 4227 
4359 4227 4296 4297 4228 
4360 4228 4297 4298 4229 
4361 4229 4298 4299 4230 
4362 4230 4299 4300 4231 
4363 4231 4300 4301 4232 
4364 4232 4301 4302 4233 
4365 4233 4302 4303 4234 
4366 4234 4303 4304 4235 
4367 4235 4304 4305 4236 
4368 4236 4305 4306 4237 
4369 4237 4306 4307 4238 
4370 4238 4307 4308 4239 
4371 4239 4308 4309 4240 
4372 4240 4309 4310 4241 
4373 4241 4310 4311 4242 
4374 4242 4311 4312 4243 
4375 4243 4312 4313 4244 
4376 4244 4313 4314 4245 
4377 4245 4314 4315 4246 
4378 4246 4315 4316 4247 
4379 4247 4316 4317 4248 
4380 4248 4317 4318 4249 
4381 4249 4318 4319 4250 
4382 4250 4319 4320 4251 
4383 4251 4320 4321 4252 
4384 4252 4321 4322 4253 
4385 4253 4322 4323 4254 
4386 4254 4323 4324 4255 
4387 4255 4324 4325 4256 
4388 4256 4325 4326 4257 
4389 4257 4326 4327 4258 
4390 4258 4327 4328 4259 
4391 4259 4328 4329 4260 
4392 4260 4329 4330 4261 
4393 4261 4330 4331 4262 
4394 4262 4331 4332 4263 
4395 4263 4332 4333 4264 
4396 4264 4333 4334 4265 
4397 4265 4334 4335 4266 
4398 4266 4335 4336 4267 
4399 4267 4336 4337 4268 
4400 4268 4337 4338 4269 
4401 4269 4338 4339 4270 
4402 4270 4339 4340 4271 
4403 4271 4340 4341 4272 
4404 4272 4341 4342 4273 
4405 4273 4342 4343 4274 
4406 4274 4343 4344 4275 
4407 4275 4344 4345 4276 
4408 4276 4345 4346 4277 
4409 4277 4346 4347 4278 
4410 4278 4347 4348 4279 
4411 4279 4348 4349 4280 
4412 4280 4349 4350 4281 
4413 4281 4350 4351 4282 
4414 4282 4351 153 154 
4415 63 64 4352 4283 
4416 4283 4352 4353 4284 
4417 4284 4353 4354 4285 
4418 4285 4354 4355 4286 
4419 4286 4355 4356 4287 
4420 4287 4356 4357 4288 
4421 4288 4357 4358 4289 
4422 4289 4358 4359 4290 
4423 4290 4359 4360 4291 
4424 4291 4360 4361 4292 
4425 4292 4361 4362 4293 
4426 4293 4362 4363 4294 
4427 4294 4363 4364 4295 
4428 4295 4364 4365 4296 
4429 4296 4365 4366 4297 
4430 4297 4366 4367 4298 
4431 4298 4367 4368 4299 
4432 4299 4368 4369 4300 
4433 4300 4369 4370 4301 
4434 4301 4370 4371 4302 
4435 4302 4371 4372 4303 
4436 4303 4372 4373 4304 
4437 4304 4373 4374 4305 
4438 4305 4374 4375 4306 
4439 4306 4375 4376 4307 
4440 4307 4376 4377 4308 
4441 4308 4377 4378 4309 
4442 4309 4378 4379 4310 
4443 4310 4379 4380 4311 
4444 4311 4380 4381 4312 
4445 4312 4381 4382 4313 
4446 4313 4382 4383 4314 
4447 4314 4383 4384 4315 
4448 4315 4384 4385 4316 
4449 4316 4385 4386 4317 
4450 4317 4386 4387 4318 
4451 4318 4387 4388 4319 
4452 4319 4388 4389 4320 
4453 4320 4389 4390 4321 
4454 4321 4390 4391 4322 
4455 4322 4391 4392 4323 
4456 4323 4392 4393 4324 
4457 4324 4393 4394 4325 
4458 4325 4394 4395 4326 
4459 4326 4395 4396 4327 
4460 4327 4396 4397 4328 
4461 4328 4397 4398 4329 
4462 4329 4398 4399 4330 
4463 4330 4399 4400 4331 
4464 4331 4400 4401 4332 
4465 4332 4401 4402 4333 
4466 4333 4402 4403 4334 
4467 4334 4403 4404 4335 
4468 4335 4404 4405 4336 
4469 4336 4405 4406 4337 
4470 4337 4406 4407 4338 
4471 4338 4407 4408 4339 
4472 4339 4408 4409 4340 
4473 4340 4409 4410 4341 
4474 4341 4410 4411 4342 
4475 4342 4411 4412 4343 
4476 4343 4412 4413 4344 
4477 4344 4413 4414 4345 
4478 4345 4414 4415 4346 
4479 4346 4415 4416 4347 
4480 4347 4416 4417 4348 
4481 4348 4417 4418 4349 
4482 4349 4418 4419 4350 
4483 4350 4419 4420 4351 
4484 4351 4420 152 153 
4485 64 65 4421 4352 
4486 4352 4421 4422 4353 
4487 4353 4422 4423 4354 
4488 4354 4423 4424 4355 
4489 4355 4424 4425 4356 
4490 4356 4425 4426 4357 
4491 4357 4426 4427 4358 
4492 4358 4427 4428 4359 
4493 4359 4428 4429 4360 
4494 4360 4429 4430 4361 
4495 4361 4430 4431 4362 
4496 4362 4431 4432 4363 
4497 4363 4432 4433 4364 
4498 4364 4433 4434 4365 
4499 4365 4434 4435 4366 
4500 4366 4435 4436 4367 
4501 4367 4436 4437 4368 
4502 4368 4437 4438 4369 
4503 4369 4438 4439 4370 
4504 4370 4439 4440 4371 
4505 4371 4440 4441 4372 
4506 4372 4441 4442 4373 
4507 4373 4442 4443 4374 
4508 4374 4443 4444 4375 
4509 4375 4444 4445 4376 
4510 4376 4445 4446 4377 
4511 4377 4446 4447 4378 
4512 4378 4447 4448 4379 
4513 4379 4448 4449 4380 
4514 4380 4449 4450 4381 
4515 4381 4450 4451 4382 
4516 4382 4451 4452 4383 
4517 4383 4452 4453 4384 
4518 4384 4453 4454 4385 
4519 4385 4454 4455 4386 
4520 4386 4455 4456 4387 
4521 4387 4456 4457 4388 
4522 4388 4457 4458 4389 
4523 4389 4458 4459 4390 
4524 4390 4459 4460 4391 
4525 4391 4460 4461 4392 
4526 4392 4461 4462 4393 
4527 4393 4462 4463 4394 
4528 4394 4463 4464 4395 
4529 4395 4464 4465 4396 
4530 4396 4465 4466 4397 
4531 4397 4466 4467 4398 
4532 4398 4467 4468 4399 
4533 4399 4468 4469 4400 
4534 4400 4469 4470 4401 
4535 4401 4470 4471 4402 
4536 4402 4471 4472 4403 
4537 4403 4472 4473 4404 
4538 4404 4473 4474 4405 
4539 4405 4474 4475 4406 
4540 4406 4475 4476 4407 
4541 4407 4476 4477 4408 
4542 4408 4477 4478 4409 
4543 4409 4478 4479 4410 
4544 4410 4479 4480 4411 
4545 4411 4480 4481 4412 
4546 4412 4481 4482 4413 
4547 4413 4482 4483 4414 
4548 4414 4483 4484 4415 
4549 4415 4484 4485 4416 
4550 4416 4485 4486 4417 
4551 4417 4486 4487 4418 
4552 4418 4487 4488 4419 
4553 4419 4488 4489 4420 
4554 4420 4489 151 152 
4555 65 66 4490 4421 
4556 4421 4490 4491 4422 
4557 4422 4491 4492 4423 
4558 4423 4492 4493 4424 
4559 4424 4493 4494 4425 
4560 4425 4494 4495 4426 
4561 4426 4495 4496 4427 
4562 4427 4496 4497 4428 
4563 4428 4497 4498 4429 
4564 4429 4498 4499 4430 
4565 4430 4499 4500 4431 
4566 4431 4500 4501 4432 
4567 4432 4501 4502 4433 
4568 4433 4502 4503 4434 
4569 4434 4503 4504 4435 
4570 4435 4504 4505 4436 
4571 4436 4505 4506 4437 
4572 4437 4506 4507 4438 
4573 4438 4507 4508 4439 
4574 4439 4508 4509 4440 
4575 4440 4509 4510 4441 
4576 4441 4510 4511 4442 
4577 4442 4511 4512 4443 
4578 4443 4512 4513 4444 
4579 4444 4513 4514 4445 
4580 4445 4514 4515 4446 
4581 4446 4515 4516 4447 
4582 4447 4516 4517 4448 
4583 4448 4517 4518 4449 
4584 4449 4518 4519 4450 
4585 4450 4519 4520 4451 
4586 4451 4520 4521 4452 
4587 4452 4521 4522 4453 
4588 4453 4522 4523 4454 
4589 4454 4523 4524 4455 
4590 4455 4524 4525 4456 
4591 4456 4525 4526 4457 
4592 4457 4526 4527 4458 
4593 4458 4527 4528 4459 
4594 4459 4528 4529 4460 
4595 4460 4529 4530 4461 
4596 4461 4530 4531 4462 
4597 4462 4531 4532 4463 
4598 4463 4532 4533 4464 
4599 4464 4533 4534 4465 
4600 4465 4534 4535 4466 
4601 4466 4535 4536 4467 
4602 4467 4536 4537 4468 
4603 4468 4537 4538 4469 
4604 4469 4538 4539 4470 
4605 4470 4539 4540 4471 
4606 4471 4540 4541 4472 
4607 4472 4541 4542 4473 
4608 4473 4542 4543 4474 
4609 4474 4543 4544 4475 
4610 4475 4544 4545 4476 
4611 4476 4545 4546 4477 
4612 4477 4546 4547 4478 
4613 4478 4547 4548 4479 
4614 4479 4548 4549 4480 
4615 4480 4549 4550 4481 
4616 4481 4550 4551 4482 
4617 4482 4551 4552 4483 
4618 4483 4552 4553 4484 
4619 4484 4553 4554 4485 
4620 4485 4554 4555 4486 
4621 4486 4555 4556 4487 
4622 4487 4556 4557 4488 
4623 4488 4557 4558 4489 
4624 4489 4558 150 151 
4625 66 67 4559 4490 
4626 4490 4559 4560 4491 
4627 4491 4560 4561 4492 
4628 4492 4561 4562 4493 
4629 4493 4562 4563 4494 
4630 4494 4563 4564 4495 
4631 4495 4564 4565 4496 
4632 4496 4565 4566 4497 
4633 4497 4566 4567 4498 
4634 4498 4567 4568 4499 
4635 4499 4568 4569 4500 
4636 4500 4569 4570 4501 
4637 4501 4570 4571 4502 
4638 4502 4571 4572 4503 
4639 4503 4572 4573 4504 
4640 4504 4573 4574 4505 
4641 4505 4574 4575 4506 
4642 4506 4575 4576 4507 
4643 4507 4576 4577 4508 
4644 4508 4577 4578 4509 
4645 4509 4578 4579 4510 
4646 4510 4579 4580 4511 
4647 4511 4580 4581 4512 
4648 4512 4581 4582 4513 
4649 4513 4582 4583 4514 
4650 4514 4583 4584 4515 
4651 4515 4584 4585 4516 
4652 4516 4585 4586 4517 
4653 4517 4586 4587 4518 
4654 4518 4587 4588 4519 
4655 4519 4588 4589 4520 
4656 4520 4589 4590 4521 
4657 4521 4590 4591 4522 
4658 4522 4591 4592 4523 
4659 4523 4592 4593 4524 
4660 4524 4593 4594 4525 
4661 4525 4594 4595 4526 
4662 4526 4595 4596 4527 
4663 4527 4596 4597 4528 
4664 4528 4597 4598 4529 
4665 4529 4598 4599 4530 
4666 4530 4599 4600 4531 
4667 4531 4600 4601 4532 
4668 4532 4601 4602 4533 
4669 4533 4602 4603 4534 
4670 4534 4603 4604 4535 
4671 4535 4604 4605 4536 
4672 4536 4605 4606 4537 
4673 4537 4606 4607 4538 
4674 4538 4607 4608 4539 
4675 4539 4608 4609 4540 
4676 4540 4609 4610 4541 
4677 4541 4610 4611 4542 
4678 4542 4611 4612 4543 
4679 4543 4612 4613 4544 
4680 4544 4613 4614 4545 
4681 4545 4614 4615 4546 
4682 4546 4615 4616 4547 
4683 4547 4616 4617 4548 
4684 4548 4617 4618 4549 
4685 4549 4618 4619 4550 
4686 4550 4619 4620 4551 
4687 4551 4620 4621 4552 
4688 4552 4621 4622 4553 
4689 4553 4622 4623 4554 
4690 4554 4623 4624 4555 
4691 4555 4624 4625 4556 
4692 4556 4625 4626 4557 
4693 4557 4626 4627 4558 
4694 4558 4627 149 150 
4695 67 68 4628 4559 
4696 4559 4628 4629 4560 
4697 4560 4629 4630 4561 
4698 4561 4630 4631 4562 
4699 4562 4631 4632 4563 
4700 4563 4632 4633 4564 
4701 4564 4633 4634 4565 
4702 4565 4634 4635 4566 
4703 4566 4635 4636 4567 
4704 4567 4636 4637 4568 
4705 4568 4637 4638 4569 
4706 4569 4638 4639 4570 
4707 4570 4639 4640 4571 
4708 4571 4640 4641 4572 
4709 4572 4641 4642 4573 
4710 4573 4642 4643 4574 
4711 4574 4643 4644 4575 
4712 4575 4644 4645 4576 
4713 4576 4645 4646 4577 
4714 4577 4646 4647 4578 
4715 4578 4647 4648 4579 
4716 4579 4648 4649 4580 
4717 4580 4649 4650 4581 
4718 4581 4650 4651 4582 
4719 4582 4651 4652 4583 
4720 4583 4652 4653 4584 
4721 4584 4653 4654 4585 
4722 4585 4654 4655 4586 
4723 4586 4655 4656 4587 
4724 4587 4656 4657 4588 
4725 4588 4657 4658 4589 
4726 4589 4658 4659 4590 
4727 4590 4659 4660 4591 
4728 4591 4660 4661 4592 
4729 4592 4661 4662 4593 
4730 4593 4662 4663 4594 
4731 4594 4663 4664 4595 
4732 4595 4664 4665 4596 
4733 4596 4665 4666 4597 
4734 4597 4666 4667 4598 
4735 4598 4667 4668 4599 
4736 4599 4668 4669 4600 
4737 4600 4669 4670 4601 
4738 4601 4670 4671 4602 
4739 4602 4671 4672 4603 
4740 4603 4672 4673 4604 
4741 4604 4673 4674 4605 
4742 4605 4674 4675 4606 
4743 4606 4675 4676 4607 
4744 4607 4676 4677 4608 
4745 4608 4677 4678 4609 
4746 4609 4678 4679 4610 
4747 4610 4679 4680 4611 
4748 4611 4680 4681 4612 
4749 4612 4681 4682 4613 
4750 4613 4682 4683 4614 
4751 4614 4683 4684 4615 
4752 4615 4684 4685 4616 
4753 4616 4685 4686 4617 
4754 4617 4686 4687 4618 
4755 4618 4687 4688 4619 
4756 4619 4688 4689 4620 
4757 4620 4689 4690 4621 
4758 4621 4690 4691 4622 
4759 4622 4691 4692 4623 
4760 4623 4692 4693 4624 
4761 4624 4693 4694 4625 
4762 4625 4694 4695 4626 
4763 4626 4695 4696 4627 
4764 4627 4696 148 149 
4765 68 69 4697 4628 
4766 4628 4697 4698 4629 
4767 4629 4698 4699 4630 
4768 4630 4699 4700 4631 
4769 4631 4700 4701 4632 
4770 4632 4701 4702 4633 
4771 4633 4702 4703 4634 
4772 4634 4703 4704 4635 
4773 4635 4704 4705 4636 
4774 4636 4705 4706 4637 
4775 4637 4706 4707 4638 
4776 4638 4707 4708 4639 
4777 4639 4708 4709 4640 
4778 4640 4709 4710 4641 
4779 4641 4710 4711 4642 
4780 4642 4711 4712 4643 
4781 4643 4712 4713 4644 
4782 4644 4713 4714 4645 
4783 4645 4714 4715 4646 
4784 4646 4715 4716 4647 
4785 4647 4716 4717 4648 
4786 4648 4717 4718 4649 
4787 4649 4718 4719 4650 
4788 4650 4719 4720 4651 
4789 4651 4720 4721 4652 
4790 4652 4721 4722 4653 
4791 4653 4722 4723 4654 
4792 4654 4723 4724 4655 
4793 4655 4724 4725 4656 
4794 4656 4725 4726 4657 
4795 4657 4726 4727 4658 
4796 4658 4727 4728 4659 
4797 4659 4728 4729 4660 
4798 4660 4729 4730 4661 
4799 4661 4730 4731 4662 
4800 4662 4731 4732 4663 
4801 4663 4732 4733 4664 
4802 4664 4733 4734 4665 
4803 4665 4734 4735 4666 
4804 4666 4735 4736 4667 
4805 4667 4736 4737 4668 
4806 4668 4737 4738 4669 
4807 4669 4738 4739 4670 
4808 4670 4739 4740 4671 
4809 4671 4740 4741 4672 
4810 4672 4741 4742 4673 
4811 4673 4742 4743 4674 
4812 4674 4743 4744 4675 
4813 4675 4744 4745 4676 
4814 4676 4745 4746 4677 
4815 4677 4746 4747 4678 
4816 4678 4747 4748 4679 
4817 4679 4748 4749 4680 
4818 4680 4749 4750 4681 
4819 4681 4750 4751 4682 
4820 4682 4751 4752 4683 
4821 4683 4752 4753 4684 
4822 4684 4753 4754 4685 
4823 4685 4754 4755 4686 
4824 4686 4755 4756 4687 
4825 4687 4756 4757 4688 
4826 4688 4757 4758 4689 
4827 4689 4758 4759 4690 
4828 4690 4759 4760 4691 
4829 4691 4760 4761 4692 
4830 4692 4761 4762 4693 
4831 4693 4762 4763 4694 
4832 4694 4763 4764 4695 
4833 4695 4764 4765 4696 
4834 4696 4765 147 148 
4835 69 70 4766 4697 
4836 4697 4766 4767 4698 
4837 4698 4767 4768 4699 
4838 4699 4768 4769 4700 
4839 4700 4769 4770 4701 
4840 4701 4770 4771 4702 
4841 4702 4771 4772 4703 
4842 4703 4772 4773 4704 
4843 4704 4773 4774 4705 
4844 4705 4774 4775 4706 
4845 4706 4775 4776 4707 
4846 4707 4776 4777 4708 
4847 4708 4777 4778 4709 
4848 4709 4778 4779 4710 
4849 4710 4779 4780 4711 
4850 4711 4780 4781 4712 
4851 4712 4781 4782 4713 
4852 4713 4782 4783 4714 
4853 4714 4783 4784 4715 
4854 4715 4784 4785 4716 
4855 4716 4785 4786 4717 
4856 4717 4786 4787 4718 
4857 4718 4787 4788 4719 
4858 4719 4788 4789 4720 
4859 4720 4789 4790 4721 
4860 4721 4790 4791 4722 
4861 4722 4791 4792 4723 
4862 4723 4792 4793 4724 
4863 4724 4793 4794 4725 
4864 4725 4794 4795 4726 
4865 4726 4795 4796 4727 
4866 4727 4796 4797 4728 
4867 4728 4797 4798 4729 
4868 4729 4798 4799 4730 
4869 4730 4799 4800 4731 
4870 4731 4800 4801 4732 
4871 4732 4801 4802 4733 
4872 4733 4802 4803 4734 
4873 4734 4803 4804 4735 
4874 4735 4804 4805 4736 
4875 4736 4805 4806 4737 
4876 4737 4806 4807 4738 
4877 4738 4807 4808 4739 
4878 4739 4808 4809 4740 
4879 4740 4809 4810 4741 
4880 4741 4810 4811 4742 
4881 4742 4811 4812 4743 
4882 4743 4812 4813 4744 
4883 4744 4813 4814 4745 
4884 4745 4814 4815 4746 
4885 4746 4815 4816 4747 
4886 4747 4816 4817 4748 
4887 4748 4817 4818 4749 
4888 4749 4818 4819 4750 
4889 4750 4819 4820 4751 
4890 4751 4820 4821 4752 
4891 4752 4821 4822 4753 
4892 4753 4822 4823 4754 
4893 4754 4823 4824 4755 
4894 4755 4824 4825 4756 
4895 4756 4825 4826 4757 
4896 4757 4826 4827 4758 
4897 4758 4827 4828 4759 
4898 4759 4828 4829 4760 
4899 4760 4829 4830 4761 
4900 4761 4830 4831 4762 
4901 4762 4831 4832 4763 
4902 4763 4832 4833 4764 
4903 4764 4833 4834 4765 
4904 4765 4834 146 147 
4905 70 71 4835 4766 
4906 4766 4835 4836 4767 
4907 4767 4836 4837 4768 
4908 4768 4837 4838 4769 
4909 4769 4838 4839 4770 
4910 4770 4839 4840 4771 
4911 4771 4840 4841 4772 
4912 4772 4841 4842 4773 
4913 4773 4842 4843 4774 
4914 4774 4843 4844 4775 
4915 4775 4844 4845 4776 
4916 4776 4845 4846 4777 
4917 4777 4846 4847 4778 
4918 4778 4847 4848 4779 
4919 4779 4848 4849 4780 
4920 4780 4849 4850 4781 
4921 4781 4850 4851 4782 
4922 4782 4851 4852 4783 
4923 4783 4852 4853 4784 
4924 4784 4853 4854 4785 
4925 4785 4854 4855 4786 
4926 4786 4855 4856 4787 
4927 4787 4856 4857 4788 
4928 4788 4857 4858 4789 
4929 4789 4858 4859 4790 
4930 4790 4859 4860 4791 
4931 4791 4860 4861 4792 
4932 4792 4861 4862 4793 
4933 4793 4862 4863 4794 
4934 4794 4863 4864 4795 
4935 4795 4864 4865 4796 
4936 4796 4865 4866 4797 
4937 4797 4866 4867 4798 
4938 4798 4867 4868 4799 
4939 4799 4868 4869 4800 
4940 4800 4869 4870 4801 
4941 4801 4870 4871 4802 
4942 4802 4871 4872 4803 
4943 4803 4872 4873 4804 
4944 4804 4873 4874 4805 
4945 4805 4874 4875 4806 
4946 4806 4875 4876 4807 
4947 4807 4876 4877 4808 
4948 4808 4877 4878 4809 
4949 4809 4878 4879 4810 
4950 4810 4879 4880 4811 
4951 4811 4880 4881 4812 
4952 4812 4881 4882 4813 
4953 4813 4882 4883 4814 
4954 4814 4883 4884 4815 
4955 4815 4884 4885 4816 
4956 4816 4885 4886 4817 
4957 4817 4886 4887 4818 
4958 4818 4887 4888 4819 
4959 4819 4888 4889 4820 
4960 4820 4889 4890 4821 
4961 4821 4890 4891 4822 
4962 4822 4891 4892 4823 
4963 4823 4892 4893 4824 
4964 4824 4893 4894 4825 
4965 4825 4894 4895 4826 
4966 4826 4895 4896 4827 
4967 4827 4896 4897 4828 
4968 4828 4897 4898 4829 
4969 4829 4898 4899 4830 
4970 4830 4899 4900 4831 
4971 4831 4900 4901 4832 
4972 4832 4901 4902 4833 
4973 4833 4902 4903 4834 
4974 4834 4903 145 146 
4975 71 72 4904 4835 
4976 4835 4904 4905 4836 
4977 4836 4905 4906 4837 
4978 4837 4906 4907 4838 
4979 4838 4907 4908 4839 
4980 4839 4908 4909 4840 
4981 4840 4909 4910 4841 
4982 4841 4910 4911 4842 
4983 4842 4911 4912 4843 
4984 4843 4912 4913 4844 
4985 4844 4913 4914 4845 
4986 4845 4914 4915 4846 
4987 4846 4915 4916 4847 
4988 4847 4916 4917 4848 
4989 4848 4917 4918 4849 
4990 4849 4918 4919 4850 
4991 4850 4919 4920 4851 
4992 4851 4920 4921 4852 
4993 4852 4921 4922 4853 
4994 4853 4922 4923 4854 
4995 4854 4923 4924 4855 
4996 4855 4924 4925 4856 
4997 4856 4925 4926 4857 
4998 4857 4926 4927 4858 
4999 4858 4927 4928 4859 
5000 4859 4928 4929 4860 
5001 4860 4929 4930 4861 
5002 4861 4930 4931 4862 
5003 4862 4931 4932 4863 
5004 4863 4932 4933 4864 
5005 4864 4933 4934 4865 
5006 4865 4934 4935 4866 
5007 4866 4935 4936 4867 
5008 4867 4936 4937 4868 
5009 4868 4937 4938 4869 
5010 4869 4938 4939 4870 
5011 4870 4939 4940 4871 
5012 4871 4940 4941 4872 
5013 4872 4941 4942 4873 
5014 4873 4942 4943 4874 
5015 4874 4943 4944 4875 
5016 4875 4944 4945 4876 
5017 4876 4945 4946 4877 
5018 4877 4946 4947 4878 
5019 4878 4947 4948 4879 
5020 4879 4948 4949 4880 
5021 4880 4949 4950 4881 
5022 4881 4950 4951 4882 
5023 4882 4951 4952 4883 
5024 4883 4952 4953 4884 
5025 4884 4953 4954 4885 
5026 4885 4954 4955 4886 
5027 4886 4955 4956 4887 
5028 4887 4956 4957 4888 
5029 4888 4957 4958 4889 
5030 4889 4958 4959 4890 
5031 4890 4959 4960 4891 
5032 4891 4960 4961 4892 
5033 4892 4961 4962 4893 
5034 4893 4962 4963 4894 
5035 4894 4963 4964 4895 
5036 4895 4964 4965 4896 
5037 4896 4965 4966 4897 
5038 4897 4966 4967 4898 
5039 4898 4967 4968 4899 
5040 4899 4968 4969 4900 
5041 4900 4969 4970 4901 
5042 4901 4970 4971 4902 
5043 4902 4971 4972 4903 
5044 4903 4972 144 145 
5045 72 73 4973 4904 
5046 4904 4973 4974 4905 
5047 4905 4974 4975 4906 
5048 4906 4975 4976 4907 
5049 4907 4976 4977 4908 
5050 4908 4977 4978 4909 
5051 4909 4978 4979 4910 
5052 4910 4979 4980 4911 
5053 4911 4980 4981 4912 
5054 4912 4981 4982 4913 
5055 4913 4982 4983 4914 
5056 4914 4983 4984 4915 
5057 4915 4984 4985 4916 
5058 4916 4985 4986 4917 
5059 4917 4986 4987 4918 
5060 4918 4987 4988 4919 
5061 4919 4988 4989 4920 
5062 4920 4989 4990 4921 
5063 4921 4990 4991 4922 
5064 4922 4991 4992 4923 
5065 4923 4992 4993 4924 
5066 4924 4993 4994 4925 
5067 4925 4994 4995 4926 
5068 4926 4995 4996 4927 
5069 4927 4996 4997 4928 
5070 4928 4997 4998 4929 
5071 4929 4998 4999 4930 
5072 4930 4999 5000 4931 
5073 4931 5000 5001 4932 
5074 4932 5001 5002 4933 
5075 4933 5002 5003 4934 
5076 4934 5003 5004 4935 
5077 4935 5004 5005 4936 
5078 4936 5005 5006 4937 
5079 4937 5006 5007 4938 
5080 4938 5007 5008 4939 
5081 4939 5008 5009 4940 
5082 4940 5009 5010 4941 
5083 4941 5010 5011 4942 
5084 4942 5011 5012 4943 
5085 4943 5012 5013 4944 
5086 4944 5013 5014 4945 
5087 4945 5014 5015 4946 
5088 4946 5015 5016 4947 
5089 4947 5016 5017 4948 
5090 4948 5017 5018 4949 
5091 4949 5018 5019 4950 
5092 4950 5019 5020 4951 
5093 4951 5020 5021 4952 
5094 4952 5021 5022 4953 
5095 4953 5022 5023 4954 
5096 4954 5023 5024 4955 
5097 4955 5024 5025 4956 
5098 4956 5025 5026 4957 
5099 4957 5026 5027 4958 
5100 4958 5027 5028 4959 
5101 4959 5028 5029 4960 
5102 4960 5029 5030 4961 
5103 4961 5030 5031 4962 
5104 4962 5031 5032 4963 
5105 4963 5032 5033 4964 
5106 4964 5033 5034 4965 
5107 4965 5034 5035 4966 
5108 4966 5035 5036 4967 
5109 4967 5036 5037 4968 
5110 4968 5037 5038 4969 
5111 4969 5038 5039 4970 
5112 4970 5039 5040 4971 
5113 4971 5040 5041 4972 
5114 4972 5041 143 144 
5115 73 2 74 4973 
5116 4973 74 75 4974 
5117 4974 75 76 4975 
5118 4975 76 77 4976 
5119 4976 77 78 4977 
5120 4977 78 79 4978 
5121 4978 79 80 4979 
5122 4979 80 81 4980 
5123 4980 81 82 4981 
5124 4981 82 83 4982 
5125 4982 83 84 4983 
5126 4983 84 85 4984 
5127 4984 85 86 4985 
5128 4985 86 87 4986 
5129 4986 87 88 4987 
5130 4987 88 89 4988 
5131 4988 89 90 4989 
5132 4989 90 91 4990 
5133 4990 91 92 4991 
5134 4991 92 93 4992 
5135 4992 93 94 4993 
5136 4993 94 95 4994 
5137 4994 95 96 4995 
5138 4995 96 97 4996 
5139 4996 97 98 4997 
5140 4997 98 99 4998 
5141 4998 99 100 4999 
5142 4999 100 101 5000 
5143 5000 101 102 5001 
5144 5001 102 103 5002 
5145 5002 103 104 5003 
5146 5003 104 105 5004 
5147 5004 105 106 5005 
5148 5005 106 107 5006 
5149 5006 107 108 5007 
5150 5007 108 109 5008 
5151 5008 109 110 5009 
5152 5009 110 111 5010 
5153 5010 111 112 5011 
5154 5011 112 113 5012 
5155 5012 113 114 5013 
5156 5013 114 115 5014 
5157 5014 115 116 5015 
5158 5015 116 117 5016 
5159 5016 117 118 5017 
5160 5017 118 119 5018 
5161 5018 119 120 5019 
5162 5019 120 121 5020 
5163 5020 121 122 5021 
5164 5021 122 123 5022 
5165 5022 123 124 5023 
5166 5023 124 125 5024 
5167 5024 125 126 5025 
5168 5025 126 127 5026 
5169 5026 127 128 5027 
5170 5027 128 129 5028 
5171 5028 129 130 5029 
5172 5029 130 131 5030 
5173 5030 131 132 5031 
5174 5031 132 133 5032 
5175 5032 133 134 5033 
5176 5033 134 135 5034 
5177 5034 135 136 5035 
5178 5035 136 137 5036 
5179 5036 137 138 5037 
5180 5037 138 139 5038 
5181 5038 139 140 5039 
5182 5039 140 141 5040 
5183 5040 141 142 5041 
5184 5041 142 3 143 
$EndElements
