$MeshFormat
4.1 0 8
$EndMeshFormat
$Entities
4 4 1 0
1 0 -0.0949999988 0 0 
2 0.100000001 -0.0949999988 0 0 
3 0.100000001 0.00499999989 0 0 
4 0 0.00499999989 0 0 
1 0 -0.0949999988 0 0.100000001 -0.0949999988 0 0 2 1 -2 
2 0.100000001 -0.0949999988 0 0.100000001 0.004999999889999995 0 0 2 2 -3 
3 0 0.00499999989 0 0.100000001 0.00499999989 0 0 2 3 -4 
4 0 -0.0949999988 0 0 0.004999999890000002 0 0 2 4 -1 
1 0 -0.0949999988 0 0.100000001 0.004999999890000002 0 0 4 1 2 3 4 
$EndEntities
$Nodes
9 6561 1 6561
0 1 0 1
1
0 -0.0949999988 0
0 2 0 1
2
0.100000001 -0.0949999988 0
0 3 0 1
3
0.100000001 0.00499999989 0
0 4 0 1
4
0 0.00499999989 0
1 1 0 79
5
6
7
8
9
10
11
12
13
14
15
16
17
18
19
20
21
22
23
24
25
26
27
28
29
30
31
32
33
34
35
36
37
38
39
40
41
42
43
44
45
46
47
48
49
50
51
52
53
54
55
56
57
58
59
60
61
62
63
64
65
66
67
68
69
70
71
72
73
74
75
76
77
78
79
80
81
82
83
0.001250000012497636 -0.0949999988 0
0.002500000024995276 -0.0949999988 0
0.003750000037492662 -0.0949999988 0
0.005000000049990032 -0.0949999988 0
0.006250000062487418 -0.0949999988 0
0.007500000074985448 -0.0949999988 0
0.00875000008748341 -0.0949999988 0
0.01000000009998107 -0.0949999988 0
0.0112500001124792 -0.0949999988 0
0.01250000012497672 -0.0949999988 0
0.01375000013747329 -0.0949999988 0
0.0150000001499698 -0.0949999988 0
0.0162500001624661 -0.0949999988 0
0.01750000017496241 -0.0949999988 0
0.01875000018745858 -0.0949999988 0
0.02000000019995474 -0.0949999988 0
0.02125000021245104 -0.0949999988 0
0.02250000022494762 -0.0949999988 0
0.02375000023744392 -0.0949999988 0
0.02500000024994009 -0.0949999988 0
0.02625000026243625 -0.0949999988 0
0.02750000027493256 -0.0949999988 0
0.02875000028742913 -0.0949999988 0
0.03000000029992543 -0.0949999988 0
0.03125000031242092 -0.0949999988 0
0.03250000032491791 -0.0949999988 0
0.03375000033741393 -0.0949999988 0
0.03500000034991051 -0.0949999988 0
0.03625000036240627 -0.0949999988 0
0.03750000037490312 -0.0949999988 0
0.03875000038739996 -0.0949999988 0
0.04000000039989572 -0.0949999988 0
0.0412500004123923 -0.0949999988 0
0.04250000042488832 -0.0949999988 0
0.04375000043738463 -0.0949999988 0
0.04500000044988094 -0.0949999988 0
0.04625000046237696 -0.0949999988 0
0.04750000047487354 -0.0949999988 0
0.0487500004873693 -0.0949999988 0
0.05000000049986751 -0.0949999988 0
0.05125000051236949 -0.0949999988 0
0.05250000052487312 -0.0949999988 0
0.0537500005373762 -0.0949999988 0
0.05500000054988008 -0.0949999988 0
0.05625000056238288 -0.0949999988 0
0.05750000057488568 -0.0949999988 0
0.05875000058738957 -0.0949999988 0
0.06000000059989264 -0.0949999988 0
0.06125000061239627 -0.0949999988 0
0.06250000062489826 -0.0949999988 0
0.06375000063739888 -0.0949999988 0
0.06500000064990413 -0.0949999988 0
0.06625000066241046 -0.0949999988 0
0.06750000067491191 -0.0949999988 0
0.06875000068741229 -0.0949999988 0
0.0700000006999186 -0.0949999988 0
0.07125000071242439 -0.0949999988 0
0.07250000072492421 -0.0949999988 0
0.07375000073742674 -0.0949999988 0
0.07500000074993309 -0.0949999988 0
0.0762500007624394 -0.0949999988 0
0.07750000077494194 -0.0949999988 0
0.07875000078744177 -0.0949999988 0
0.08000000079994754 -0.0949999988 0
0.08125000081245387 -0.0949999988 0
0.08250000082495423 -0.0949999988 0
0.08375000083745569 -0.0949999988 0
0.08500000084996201 -0.0949999988 0
0.08625000086246726 -0.0949999988 0
0.08750000087496654 -0.0949999988 0
0.08875000088746582 -0.0949999988 0
0.09000000089997107 -0.0949999988 0
0.09125000091247738 -0.0949999988 0
0.09250000092497884 -0.0949999988 0
0.09375000093747921 -0.0949999988 0
0.09500000094998554 -0.0949999988 0
0.09625000096249131 -0.0949999988 0
0.09750000097499113 -0.0949999988 0
0.09875000098749367 -0.0949999988 0
1 2 0 79
84
85
86
87
88
89
90
91
92
93
94
95
96
97
98
99
100
101
102
103
104
105
106
107
108
109
110
111
112
113
114
115
116
117
118
119
120
121
122
123
124
125
126
127
128
129
130
131
132
133
134
135
136
137
138
139
140
141
142
143
144
145
146
147
148
149
150
151
152
153
154
155
156
157
158
159
160
161
162
0.100000001 -0.09374999881637638 0
0.100000001 -0.0924999988327506 0
0.100000001 -0.09124999884912861 0
0.100000001 -0.08999999886550662 0
0.100000001 -0.08874999888188463 0
0.100000001 -0.08749999889826102 0
0.100000001 -0.08624999891463524 0
0.100000001 -0.08499999893101325 0
0.100000001 -0.08374999894739125 0
0.100000001 -0.08249999896376926 0
0.100000001 -0.08124999898014727 0
0.100000001 -0.07999999899652854 0
0.100000001 -0.07874999901290872 0
0.100000001 -0.07749999902928674 0
0.100000001 -0.07624999904566473 0
0.100000001 -0.07499999906204276 0
0.100000001 -0.07374999907842077 0
0.100000001 -0.07249999909479878 0
0.100000001 -0.07124999911117678 0
0.100000001 -0.06999999912755479 0
0.100000001 -0.06874999914393282 0
0.100000001 -0.06749999916031083 0
0.100000001 -0.06624999917668883 0
0.100000001 -0.06499999919306686 0
0.100000001 -0.06374999920944759 0
0.100000001 -0.0624999992258283 0
0.100000001 -0.06124999924220632 0
0.100000001 -0.05999999925858433 0
0.100000001 -0.05874999927496235 0
0.100000001 -0.05749999929134036 0
0.100000001 -0.05624999930771838 0
0.100000001 -0.0549999993240964 0
0.100000001 -0.05374999934047441 0
0.100000001 -0.05249999935685243 0
0.100000001 -0.05124999937323044 0
0.100000001 -0.04999999938960845 0
0.100000001 -0.0487499994059881 0
0.100000001 -0.04749999942236827 0
0.100000001 -0.04624999943874846 0
0.100000001 -0.04499999945512728 0
0.100000001 -0.04374999947150014 0
0.100000001 -0.04249999948787167 0
0.100000001 -0.04124999950424318 0
0.100000001 -0.03999999952061469 0
0.100000001 -0.0387499995369862 0
0.100000001 -0.03749999955335771 0
0.100000001 -0.03624999956972923 0
0.100000001 -0.03499999958610075 0
0.100000001 -0.03374999960247415 0
0.100000001 -0.03249999961884648 0
0.100000001 -0.03124999963521745 0
0.100000001 -0.02999999965159383 0
0.100000001 -0.02874999966796535 0
0.100000001 -0.02749999968433578 0
0.100000001 -0.02624999970070947 0
0.100000001 -0.02499999971707881 0
0.100000001 -0.0237499997334514 0
0.100000001 -0.02249999974982292 0
0.100000001 -0.02124999976619335 0
0.100000001 -0.01999999978256703 0
0.100000001 -0.01874999979893638 0
0.100000001 -0.01749999981530898 0
0.100000001 -0.01624999983168049 0
0.100000001 -0.01499999984805091 0
0.100000001 -0.0137499998644246 0
0.100000001 -0.01249999988079394 0
0.100000001 -0.01124999989716653 0
0.100000001 -0.00999999991353806 0
0.100000001 -0.008749999929908478 0
0.100000001 -0.007499999946284877 0
0.100000001 -0.006249999962656932 0
0.100000001 -0.004999999979026809 0
0.100000001 -0.003749999995400502 0
0.100000001 -0.002500000011770392 0
0.100000001 -0.001250000028142448 0
0.100000001 -4.451450319464811e-11 0
0.100000001 0.00124999993911562 0
0.100000001 0.002499999922741927 0
0.100000001 0.003749999906372051 0
1 3 0 79
163
164
165
166
167
168
169
170
171
172
173
174
175
176
177
178
179
180
181
182
183
184
185
186
187
188
189
190
191
192
193
194
195
196
197
198
199
200
201
202
203
204
205
206
207
208
209
210
211
212
213
214
215
216
217
218
219
220
221
222
223
224
225
226
227
228
229
230
231
232
233
234
235
236
237
238
239
240
241
0.09875000098750494 0.00499999989 0
0.09750000097500719 0.00499999989 0
0.09625000096250942 0.00499999989 0
0.09500000095001165 0.00499999989 0
0.09375000093751389 0.00499999989 0
0.09250000092501612 0.00499999989 0
0.09125000091251836 0.00499999989 0
0.09000000090002276 0.00499999989 0
0.08875000088752824 0.00499999989 0
0.08750000087503049 0.00499999989 0
0.08625000086253272 0.00499999989 0
0.08500000085003549 0.00499999989 0
0.08375000083754207 0.00499999989 0
0.08250000082504484 0.00499999989 0
0.08125000081254707 0.00499999989 0
0.08000000080005365 0.00499999989 0
0.07875000078755696 0.00499999989 0
0.0775000007750592 0.00499999989 0
0.07625000076256144 0.00499999989 0
0.07500000075006638 0.00499999989 0
0.07375000073757132 0.00499999989 0
0.07250000072507355 0.00499999989 0
0.0712500007125758 0.00499999989 0
0.07000000070007911 0.00499999989 0
0.06875000068758569 0.00499999989 0
0.06750000067508791 0.00499999989 0
0.06625000066259068 0.00499999989 0
0.06500000065009509 0.00499999989 0
0.06375000063759841 0.00499999989 0
0.06250000062510228 0.00499999989 0
0.06125000061260532 0.00499999989 0
0.06000000060010945 0.00499999989 0
0.05875000058761277 0.00499999989 0
0.05750000057511663 0.00499999989 0
0.05625000056262022 0.00499999989 0
0.0550000005501238 0.00499999989 0
0.05375000053762766 0.00499999989 0
0.05250000052513099 0.00499999989 0
0.05125000051263511 0.00499999989 0
0.0500000005001368 0.00499999989 0
0.0487500004876347 0.00499999989 0
0.04750000047513097 0.00499999989 0
0.0462500004626278 0.00499999989 0
0.0450000004501238 0.00499999989 0
0.04375000043762088 0.00499999989 0
0.04250000042511798 0.00499999989 0
0.04125000041261397 0.00499999989 0
0.04000000040011079 0.00499999989 0
0.03875000038760708 0.00499999989 0
0.03750000037510498 0.00499999989 0
0.03625000036260423 0.00499999989 0
0.03500000035009887 0.00499999989 0
0.03375000033759244 0.00499999989 0
0.03250000032509089 0.00499999989 0
0.03125000031259041 0.00499999989 0
0.03000000030008398 0.00499999989 0
0.02875000028757808 0.00499999989 0
0.02750000027507815 0.00499999989 0
0.02625000026257551 0.00499999989 0
0.02500000025006908 0.00499999989 0
0.02375000023756264 0.00499999989 0
0.02250000022505999 0.00499999989 0
0.02125000021256007 0.00499999989 0
0.02000000020005417 0.00499999989 0
0.01875000018754774 0.00499999989 0
0.01750000017504728 0.00499999989 0
0.01625000016254571 0.00499999989 0
0.01500000015003927 0.00499999989 0
0.01375000013753393 0.00499999989 0
0.01250000012503454 0.00499999989 0
0.01125000011253514 0.00499999989 0
0.0100000001000298 0.00499999989 0
0.008750000087523357 0.00499999989 0
0.007500000075021801 0.00499999989 0
0.006250000062521327 0.00499999989 0
0.005000000050014899 0.00499999989 0
0.003750000037508999 0.00499999989 0
0.002500000025009066 0.00499999989 0
0.001250000012506428 0.00499999989 0
1 4 0 79
242
243
244
245
246
247
248
249
250
251
252
253
254
255
256
257
258
259
260
261
262
263
264
265
266
267
268
269
270
271
272
273
274
275
276
277
278
279
280
281
282
283
284
285
286
287
288
289
290
291
292
293
294
295
296
297
298
299
300
301
302
303
304
305
306
307
308
309
310
311
312
313
314
315
316
317
318
319
320
0 0.003749999906377638 0
0 0.002499999922755124 0
0 0.001249999939132933 0
0 -4.448897326925216e-11 0
0 -0.001250000028111132 0
0 -0.002500000011734034 0
0 -0.003749999995357109 0
0 -0.004999999978980182 0
0 -0.006249999962603119 0
0 -0.007499999946225311 0
0 -0.008749999929847301 0
0 -0.009999999913468342 0
0 -0.01124999989708816 0
0 -0.0124999998807092 0
0 -0.0137499998643312 0
0 -0.01499999984795319 0
0 -0.01624999983157517 0
0 -0.01749999981519717 0
0 -0.01874999979881915 0
0 -0.01999999978244114 0
0 -0.02124999976606312 0
0 -0.02249999974968511 0
0 -0.0237499997333071 0
0 -0.02499999971692908 0
0 -0.02624999970055039 0
0 -0.0274999996841717 0
0 -0.02874999966779368 0
0 -0.02999999965141567 0
0 -0.03124999963503765 0
0 -0.03249999961865963 0
0 -0.03374999960228162 0
0 -0.0349999995859036 0
0 -0.03624999956952559 0
0 -0.03749999955314757 0
0 -0.03874999953676956 0
0 -0.03999999952039154 0
0 -0.0412499995040119 0
0 -0.04249999948763172 0
0 -0.04374999947125154 0
0 -0.04499999945487272 0
0 -0.04624999943849985 0
0 -0.04749999942212833 0
0 -0.04874999940575682 0
0 -0.04999999938938531 0
0 -0.0512499993730138 0
0 -0.05249999935664229 0
0 -0.05374999934027077 0
0 -0.05499999932389925 0
0 -0.05624999930752585 0
0 -0.05749999929115351 0
0 -0.05874999927478255 0
0 -0.05999999925840616 0
0 -0.06124999924203465 0
0 -0.06249999922566422 0
0 -0.06374999920929053 0
0 -0.0649999991929212 0
0 -0.0662499991765486 0
0 -0.06749999916017708 0
0 -0.06874999914380665 0
0 -0.06999999912743297 0
0 -0.07124999911106362 0
0 -0.07249999909469103 0
0 -0.07374999907831951 0
0 -0.0749999990619491 0
0 -0.0762499990455754 0
0 -0.07749999902920607 0
0 -0.07874999901283347 0
0 -0.07999999899646194 0
0 -0.08124999898009153 0
0 -0.08249999896371513 0
0 -0.08374999894734307 0
0 -0.08499999893097319 0
0 -0.0862499989145995 0
0 -0.08749999889822961 0
0 -0.08874999888185756 0
0 -0.0899999988654855 0
0 -0.09124999884911562 0
0 -0.09249999883274193 0
0 -0.09374999881637205 0
2 1 0 6241
321
322
323
324
325
326
327
328
329
330
331
332
333
334
335
336
337
338
339
340
341
342
343
344
345
346
347
348
349
350
351
352
353
354
355
356
357
358
359
360
361
362
363
364
365
366
367
368
369
370
371
372
373
374
375
376
377
378
379
380
381
382
383
384
385
386
387
388
389
390
391
392
393
394
395
396
397
398
399
400
401
402
403
404
405
406
407
408
409
410
411
412
413
414
415
416
417
418
419
420
421
422
423
424
425
426
427
428
429
430
431
432
433
434
435
436
437
438
439
440
441
442
443
444
445
446
447
448
449
450
451
452
453
454
455
456
457
458
459
460
461
462
463
464
465
466
467
468
469
470
471
472
473
474
475
476
477
478
479
480
481
482
483
484
485
486
487
488
489
490
491
492
493
494
495
496
497
498
499
500
501
502
503
504
505
506
507
508
509
510
511
512
513
514
515
516
517
518
519
520
521
522
523
524
525
526
527
528
529
530
531
532
533
534
535
536
537
538
539
540
541
542
543
544
545
546
547
548
549
550
551
552
553
554
555
556
557
558
559
560
561
562
563
564
565
566
567
568
569
570
571
572
573
574
575
576
577
578
579
580
581
582
583
584
585
586
587
588
589
590
591
592
593
594
595
596
597
598
599
600
601
602
603
604
605
606
607
608
609
610
611
612
613
614
615
616
617
618
619
620
621
622
623
624
625
626
627
628
629
630
631
632
633
634
635
636
637
638
639
640
641
642
643
644
645
646
647
648
649
650
651
652
653
654
655
656
657
658
659
660
661
662
663
664
665
666
667
668
669
670
671
672
673
674
675
676
677
678
679
680
681
682
683
684
685
686
687
688
689
690
691
692
693
694
695
696
697
698
699
700
701
702
703
704
705
706
707
708
709
710
711
712
713
714
715
716
717
718
719
720
721
722
723
724
725
726
727
728
729
730
731
732
733
734
735
736
737
738
739
740
741
742
743
744
745
746
747
748
749
750
751
752
753
754
755
756
757
758
759
760
761
762
763
764
765
766
767
768
769
770
771
772
773
774
775
776
777
778
779
780
781
782
783
784
785
786
787
788
789
790
791
792
793
794
795
796
797
798
799
800
801
802
803
804
805
806
807
808
809
810
811
812
813
814
815
816
817
818
819
820
821
822
823
824
825
826
827
828
829
830
831
832
833
834
835
836
837
838
839
840
841
842
843
844
845
846
847
848
849
850
851
852
853
854
855
856
857
858
859
860
861
862
863
864
865
866
867
868
869
870
871
872
873
874
875
876
877
878
879
880
881
882
883
884
885
886
887
888
889
890
891
892
893
894
895
896
897
898
899
900
901
902
903
904
905
906
907
908
909
910
911
912
913
914
915
916
917
918
919
920
921
922
923
924
925
926
927
928
929
930
931
932
933
934
935
936
937
938
939
940
941
942
943
944
945
946
947
948
949
950
951
952
953
954
955
956
957
958
959
960
961
962
963
964
965
966
967
968
969
970
971
972
973
974
975
976
977
978
979
980
981
982
983
984
985
986
987
988
989
990
991
992
993
994
995
996
997
998
999
1000
1001
1002
1003
1004
1005
1006
1007
1008
1009
1010
1011
1012
1013
1014
1015
1016
1017
1018
1019
1020
1021
1022
1023
1024
1025
1026
1027
1028
1029
1030
1031
1032
1033
1034
1035
1036
1037
1038
1039
1040
1041
1042
1043
1044
1045
1046
1047
1048
1049
1050
1051
1052
1053
1054
1055
1056
1057
1058
1059
1060
1061
1062
1063
1064
1065
1066
1067
1068
1069
1070
1071
1072
1073
1074
1075
1076
1077
1078
1079
1080
1081
1082
1083
1084
1085
1086
1087
1088
1089
1090
1091
1092
1093
1094
1095
1096
1097
1098
1099
1100
1101
1102
1103
1104
1105
1106
1107
1108
1109
1110
1111
1112
1113
1114
1115
1116
1117
1118
1119
1120
1121
1122
1123
1124
1125
1126
1127
1128
1129
1130
1131
1132
1133
1134
1135
1136
1137
1138
1139
1140
1141
1142
1143
1144
1145
1146
1147
1148
1149
1150
1151
1152
1153
1154
1155
1156
1157
1158
1159
1160
1161
1162
1163
1164
1165
1166
1167
1168
1169
1170
1171
1172
1173
1174
1175
1176
1177
1178
1179
1180
1181
1182
1183
1184
1185
1186
1187
1188
1189
1190
1191
1192
1193
1194
1195
1196
1197
1198
1199
1200
1201
1202
1203
1204
1205
1206
1207
1208
1209
1210
1211
1212
1213
1214
1215
1216
1217
1218
1219
1220
1221
1222
1223
1224
1225
1226
1227
1228
1229
1230
1231
1232
1233
1234
1235
1236
1237
1238
1239
1240
1241
1242
1243
1244
1245
1246
1247
1248
1249
1250
1251
1252
1253
1254
1255
1256
1257
1258
1259
1260
1261
1262
1263
1264
1265
1266
1267
1268
1269
1270
1271
1272
1273
1274
1275
1276
1277
1278
1279
1280
1281
1282
1283
1284
1285
1286
1287
1288
1289
1290
1291
1292
1293
1294
1295
1296
1297
1298
1299
1300
1301
1302
1303
1304
1305
1306
1307
1308
1309
1310
1311
1312
1313
1314
1315
1316
1317
1318
1319
1320
1321
1322
1323
1324
1325
1326
1327
1328
1329
1330
1331
1332
1333
1334
1335
1336
1337
1338
1339
1340
1341
1342
1343
1344
1345
1346
1347
1348
1349
1350
1351
1352
1353
1354
1355
1356
1357
1358
1359
1360
1361
1362
1363
1364
1365
1366
1367
1368
1369
1370
1371
1372
1373
1374
1375
1376
1377
1378
1379
1380
1381
1382
1383
1384
1385
1386
1387
1388
1389
1390
1391
1392
1393
1394
1395
1396
1397
1398
1399
1400
1401
1402
1403
1404
1405
1406
1407
1408
1409
1410
1411
1412
1413
1414
1415
1416
1417
1418
1419
1420
1421
1422
1423
1424
1425
1426
1427
1428
1429
1430
1431
1432
1433
1434
1435
1436
1437
1438
1439
1440
1441
1442
1443
1444
1445
1446
1447
1448
1449
1450
1451
1452
1453
1454
1455
1456
1457
1458
1459
1460
1461
1462
1463
1464
1465
1466
1467
1468
1469
1470
1471
1472
1473
1474
1475
1476
1477
1478
1479
1480
1481
1482
1483
1484
1485
1486
1487
1488
1489
1490
1491
1492
1493
1494
1495
1496
1497
1498
1499
1500
1501
1502
1503
1504
1505
1506
1507
1508
1509
1510
1511
1512
1513
1514
1515
1516
1517
1518
1519
1520
1521
1522
1523
1524
1525
1526
1527
1528
1529
1530
1531
1532
1533
1534
1535
1536
1537
1538
1539
1540
1541
1542
1543
1544
1545
1546
1547
1548
1549
1550
1551
1552
1553
1554
1555
1556
1557
1558
1559
1560
1561
1562
1563
1564
1565
1566
1567
1568
1569
1570
1571
1572
1573
1574
1575
1576
1577
1578
1579
1580
1581
1582
1583
1584
1585
1586
1587
1588
1589
1590
1591
1592
1593
1594
1595
1596
1597
1598
1599
1600
1601
1602
1603
1604
1605
1606
1607
1608
1609
1610
1611
1612
1613
1614
1615
1616
1617
1618
1619
1620
1621
1622
1623
1624
1625
1626
1627
1628
1629
1630
1631
1632
1633
1634
1635
1636
1637
1638
1639
1640
1641
1642
1643
1644
1645
1646
1647
1648
1649
1650
1651
1652
1653
1654
1655
1656
1657
1658
1659
1660
1661
1662
1663
1664
1665
1666
1667
1668
1669
1670
1671
1672
1673
1674
1675
1676
1677
1678
1679
1680
1681
1682
1683
1684
1685
1686
1687
1688
1689
1690
1691
1692
1693
1694
1695
1696
1697
1698
1699
1700
1701
1702
1703
1704
1705
1706
1707
1708
1709
1710
1711
1712
1713
1714
1715
1716
1717
1718
1719
1720
1721
1722
1723
1724
1725
1726
1727
1728
1729
1730
1731
1732
1733
1734
1735
1736
1737
1738
1739
1740
1741
1742
1743
1744
1745
1746
1747
1748
1749
1750
1751
1752
1753
1754
1755
1756
1757
1758
1759
1760
1761
1762
1763
1764
1765
1766
1767
1768
1769
1770
1771
1772
1773
1774
1775
1776
1777
1778
1779
1780
1781
1782
1783
1784
1785
1786
1787
1788
1789
1790
1791
1792
1793
1794
1795
1796
1797
1798
1799
1800
1801
1802
1803
1804
1805
1806
1807
1808
1809
1810
1811
1812
1813
1814
1815
1816
1817
1818
1819
1820
1821
1822
1823
1824
1825
1826
1827
1828
1829
1830
1831
1832
1833
1834
1835
1836
1837
1838
1839
1840
1841
1842
1843
1844
1845
1846
1847
1848
1849
1850
1851
1852
1853
1854
1855
1856
1857
1858
1859
1860
1861
1862
1863
1864
1865
1866
1867
1868
1869
1870
1871
1872
1873
1874
1875
1876
1877
1878
1879
1880
1881
1882
1883
1884
1885
1886
1887
1888
1889
1890
1891
1892
1893
1894
1895
1896
1897
1898
1899
1900
1901
1902
1903
1904
1905
1906
1907
1908
1909
1910
1911
1912
1913
1914
1915
1916
1917
1918
1919
1920
1921
1922
1923
1924
1925
1926
1927
1928
1929
1930
1931
1932
1933
1934
1935
1936
1937
1938
1939
1940
1941
1942
1943
1944
1945
1946
1947
1948
1949
1950
1951
1952
1953
1954
1955
1956
1957
1958
1959
1960
1961
1962
1963
1964
1965
1966
1967
1968
1969
1970
1971
1972
1973
1974
1975
1976
1977
1978
1979
1980
1981
1982
1983
1984
1985
1986
1987
1988
1989
1990
1991
1992
1993
1994
1995
1996
1997
1998
1999
2000
2001
2002
2003
2004
2005
2006
2007
2008
2009
2010
2011
2012
2013
2014
2015
2016
2017
2018
2019
2020
2021
2022
2023
2024
2025
2026
2027
2028
2029
2030
2031
2032
2033
2034
2035
2036
2037
2038
2039
2040
2041
2042
2043
2044
2045
2046
2047
2048
2049
2050
2051
2052
2053
2054
2055
2056
2057
2058
2059
2060
2061
2062
2063
2064
2065
2066
2067
2068
2069
2070
2071
2072
2073
2074
2075
2076
2077
2078
2079
2080
2081
2082
2083
2084
2085
2086
2087
2088
2089
2090
2091
2092
2093
2094
2095
2096
2097
2098
2099
2100
2101
2102
2103
2104
2105
2106
2107
2108
2109
2110
2111
2112
2113
2114
2115
2116
2117
2118
2119
2120
2121
2122
2123
2124
2125
2126
2127
2128
2129
2130
2131
2132
2133
2134
2135
2136
2137
2138
2139
2140
2141
2142
2143
2144
2145
2146
2147
2148
2149
2150
2151
2152
2153
2154
2155
2156
2157
2158
2159
2160
2161
2162
2163
2164
2165
2166
2167
2168
2169
2170
2171
2172
2173
2174
2175
2176
2177
2178
2179
2180
2181
2182
2183
2184
2185
2186
2187
2188
2189
2190
2191
2192
2193
2194
2195
2196
2197
2198
2199
2200
2201
2202
2203
2204
2205
2206
2207
2208
2209
2210
2211
2212
2213
2214
2215
2216
2217
2218
2219
2220
2221
2222
2223
2224
2225
2226
2227
2228
2229
2230
2231
2232
2233
2234
2235
2236
2237
2238
2239
2240
2241
2242
2243
2244
2245
2246
2247
2248
2249
2250
2251
2252
2253
2254
2255
2256
2257
2258
2259
2260
2261
2262
2263
2264
2265
2266
2267
2268
2269
2270
2271
2272
2273
2274
2275
2276
2277
2278
2279
2280
2281
2282
2283
2284
2285
2286
2287
2288
2289
2290
2291
2292
2293
2294
2295
2296
2297
2298
2299
2300
2301
2302
2303
2304
2305
2306
2307
2308
2309
2310
2311
2312
2313
2314
2315
2316
2317
2318
2319
2320
2321
2322
2323
2324
2325
2326
2327
2328
2329
2330
2331
2332
2333
2334
2335
2336
2337
2338
2339
2340
2341
2342
2343
2344
2345
2346
2347
2348
2349
2350
2351
2352
2353
2354
2355
2356
2357
2358
2359
2360
2361
2362
2363
2364
2365
2366
2367
2368
2369
2370
2371
2372
2373
2374
2375
2376
2377
2378
2379
2380
2381
2382
2383
2384
2385
2386
2387
2388
2389
2390
2391
2392
2393
2394
2395
2396
2397
2398
2399
2400
2401
2402
2403
2404
2405
2406
2407
2408
2409
2410
2411
2412
2413
2414
2415
2416
2417
2418
2419
2420
2421
2422
2423
2424
2425
2426
2427
2428
2429
2430
2431
2432
2433
2434
2435
2436
2437
2438
2439
2440
2441
2442
2443
2444
2445
2446
2447
2448
2449
2450
2451
2452
2453
2454
2455
2456
2457
2458
2459
2460
2461
2462
2463
2464
2465
2466
2467
2468
2469
2470
2471
2472
2473
2474
2475
2476
2477
2478
2479
2480
2481
2482
2483
2484
2485
2486
2487
2488
2489
2490
2491
2492
2493
2494
2495
2496
2497
2498
2499
2500
2501
2502
2503
2504
2505
2506
2507
2508
2509
2510
2511
2512
2513
2514
2515
2516
2517
2518
2519
2520
2521
2522
2523
2524
2525
2526
2527
2528
2529
2530
2531
2532
2533
2534
2535
2536
2537
2538
2539
2540
2541
2542
2543
2544
2545
2546
2547
2548
2549
2550
2551
2552
2553
2554
2555
2556
2557
2558
2559
2560
2561
2562
2563
2564
2565
2566
2567
2568
2569
2570
2571
2572
2573
2574
2575
2576
2577
2578
2579
2580
2581
2582
2583
2584
2585
2586
2587
2588
2589
2590
2591
2592
2593
2594
2595
2596
2597
2598
2599
2600
2601
2602
2603
2604
2605
2606
2607
2608
2609
2610
2611
2612
2613
2614
2615
2616
2617
2618
2619
2620
2621
2622
2623
2624
2625
2626
2627
2628
2629
2630
2631
2632
2633
2634
2635
2636
2637
2638
2639
2640
2641
2642
2643
2644
2645
2646
2647
2648
2649
2650
2651
2652
2653
2654
2655
2656
2657
2658
2659
2660
2661
2662
2663
2664
2665
2666
2667
2668
2669
2670
2671
2672
2673
2674
2675
2676
2677
2678
2679
2680
2681
2682
2683
2684
2685
2686
2687
2688
2689
2690
2691
2692
2693
2694
2695
2696
2697
2698
2699
2700
2701
2702
2703
2704
2705
2706
2707
2708
2709
2710
2711
2712
2713
2714
2715
2716
2717
2718
2719
2720
2721
2722
2723
2724
2725
2726
2727
2728
2729
2730
2731
2732
2733
2734
2735
2736
2737
2738
2739
2740
2741
2742
2743
2744
2745
2746
2747
2748
2749
2750
2751
2752
2753
2754
2755
2756
2757
2758
2759
2760
2761
2762
2763
2764
2765
2766
2767
2768
2769
2770
2771
2772
2773
2774
2775
2776
2777
2778
2779
2780
2781
2782
2783
2784
2785
2786
2787
2788
2789
2790
2791
2792
2793
2794
2795
2796
2797
2798
2799
2800
2801
2802
2803
2804
2805
2806
2807
2808
2809
2810
2811
2812
2813
2814
2815
2816
2817
2818
2819
2820
2821
2822
2823
2824
2825
2826
2827
2828
2829
2830
2831
2832
2833
2834
2835
2836
2837
2838
2839
2840
2841
2842
2843
2844
2845
2846
2847
2848
2849
2850
2851
2852
2853
2854
2855
2856
2857
2858
2859
2860
2861
2862
2863
2864
2865
2866
2867
2868
2869
2870
2871
2872
2873
2874
2875
2876
2877
2878
2879
2880
2881
2882
2883
2884
2885
2886
2887
2888
2889
2890
2891
2892
2893
2894
2895
2896
2897
2898
2899
2900
2901
2902
2903
2904
2905
2906
2907
2908
2909
2910
2911
2912
2913
2914
2915
2916
2917
2918
2919
2920
2921
2922
2923
2924
2925
2926
2927
2928
2929
2930
2931
2932
2933
2934
2935
2936
2937
2938
2939
2940
2941
2942
2943
2944
2945
2946
2947
2948
2949
2950
2951
2952
2953
2954
2955
2956
2957
2958
2959
2960
2961
2962
2963
2964
2965
2966
2967
2968
2969
2970
2971
2972
2973
2974
2975
2976
2977
2978
2979
2980
2981
2982
2983
2984
2985
2986
2987
2988
2989
2990
2991
2992
2993
2994
2995
2996
2997
2998
2999
3000
3001
3002
3003
3004
3005
3006
3007
3008
3009
3010
3011
3012
3013
3014
3015
3016
3017
3018
3019
3020
3021
3022
3023
3024
3025
3026
3027
3028
3029
3030
3031
3032
3033
3034
3035
3036
3037
3038
3039
3040
3041
3042
3043
3044
3045
3046
3047
3048
3049
3050
3051
3052
3053
3054
3055
3056
3057
3058
3059
3060
3061
3062
3063
3064
3065
3066
3067
3068
3069
3070
3071
3072
3073
3074
3075
3076
3077
3078
3079
3080
3081
3082
3083
3084
3085
3086
3087
3088
3089
3090
3091
3092
3093
3094
3095
3096
3097
3098
3099
3100
3101
3102
3103
3104
3105
3106
3107
3108
3109
3110
3111
3112
3113
3114
3115
3116
3117
3118
3119
3120
3121
3122
3123
3124
3125
3126
3127
3128
3129
3130
3131
3132
3133
3134
3135
3136
3137
3138
3139
3140
3141
3142
3143
3144
3145
3146
3147
3148
3149
3150
3151
3152
3153
3154
3155
3156
3157
3158
3159
3160
3161
3162
3163
3164
3165
3166
3167
3168
3169
3170
3171
3172
3173
3174
3175
3176
3177
3178
3179
3180
3181
3182
3183
3184
3185
3186
3187
3188
3189
3190
3191
3192
3193
3194
3195
3196
3197
3198
3199
3200
3201
3202
3203
3204
3205
3206
3207
3208
3209
3210
3211
3212
3213
3214
3215
3216
3217
3218
3219
3220
3221
3222
3223
3224
3225
3226
3227
3228
3229
3230
3231
3232
3233
3234
3235
3236
3237
3238
3239
3240
3241
3242
3243
3244
3245
3246
3247
3248
3249
3250
3251
3252
3253
3254
3255
3256
3257
3258
3259
3260
3261
3262
3263
3264
3265
3266
3267
3268
3269
3270
3271
3272
3273
3274
3275
3276
3277
3278
3279
3280
3281
3282
3283
3284
3285
3286
3287
3288
3289
3290
3291
3292
3293
3294
3295
3296
3297
3298
3299
3300
3301
3302
3303
3304
3305
3306
3307
3308
3309
3310
3311
3312
3313
3314
3315
3316
3317
3318
3319
3320
3321
3322
3323
3324
3325
3326
3327
3328
3329
3330
3331
3332
3333
3334
3335
3336
3337
3338
3339
3340
3341
3342
3343
3344
3345
3346
3347
3348
3349
3350
3351
3352
3353
3354
3355
3356
3357
3358
3359
3360
3361
3362
3363
3364
3365
3366
3367
3368
3369
3370
3371
3372
3373
3374
3375
3376
3377
3378
3379
3380
3381
3382
3383
3384
3385
3386
3387
3388
3389
3390
3391
3392
3393
3394
3395
3396
3397
3398
3399
3400
3401
3402
3403
3404
3405
3406
3407
3408
3409
3410
3411
3412
3413
3414
3415
3416
3417
3418
3419
3420
3421
3422
3423
3424
3425
3426
3427
3428
3429
3430
3431
3432
3433
3434
3435
3436
3437
3438
3439
3440
3441
3442
3443
3444
3445
3446
3447
3448
3449
3450
3451
3452
3453
3454
3455
3456
3457
3458
3459
3460
3461
3462
3463
3464
3465
3466
3467
3468
3469
3470
3471
3472
3473
3474
3475
3476
3477
3478
3479
3480
3481
3482
3483
3484
3485
3486
3487
3488
3489
3490
3491
3492
3493
3494
3495
3496
3497
3498
3499
3500
3501
3502
3503
3504
3505
3506
3507
3508
3509
3510
3511
3512
3513
3514
3515
3516
3517
3518
3519
3520
3521
3522
3523
3524
3525
3526
3527
3528
3529
3530
3531
3532
3533
3534
3535
3536
3537
3538
3539
3540
3541
3542
3543
3544
3545
3546
3547
3548
3549
3550
3551
3552
3553
3554
3555
3556
3557
3558
3559
3560
3561
3562
3563
3564
3565
3566
3567
3568
3569
3570
3571
3572
3573
3574
3575
3576
3577
3578
3579
3580
3581
3582
3583
3584
3585
3586
3587
3588
3589
3590
3591
3592
3593
3594
3595
3596
3597
3598
3599
3600
3601
3602
3603
3604
3605
3606
3607
3608
3609
3610
3611
3612
3613
3614
3615
3616
3617
3618
3619
3620
3621
3622
3623
3624
3625
3626
3627
3628
3629
3630
3631
3632
3633
3634
3635
3636
3637
3638
3639
3640
3641
3642
3643
3644
3645
3646
3647
3648
3649
3650
3651
3652
3653
3654
3655
3656
3657
3658
3659
3660
3661
3662
3663
3664
3665
3666
3667
3668
3669
3670
3671
3672
3673
3674
3675
3676
3677
3678
3679
3680
3681
3682
3683
3684
3685
3686
3687
3688
3689
3690
3691
3692
3693
3694
3695
3696
3697
3698
3699
3700
3701
3702
3703
3704
3705
3706
3707
3708
3709
3710
3711
3712
3713
3714
3715
3716
3717
3718
3719
3720
3721
3722
3723
3724
3725
3726
3727
3728
3729
3730
3731
3732
3733
3734
3735
3736
3737
3738
3739
3740
3741
3742
3743
3744
3745
3746
3747
3748
3749
3750
3751
3752
3753
3754
3755
3756
3757
3758
3759
3760
3761
3762
3763
3764
3765
3766
3767
3768
3769
3770
3771
3772
3773
3774
3775
3776
3777
3778
3779
3780
3781
3782
3783
3784
3785
3786
3787
3788
3789
3790
3791
3792
3793
3794
3795
3796
3797
3798
3799
3800
3801
3802
3803
3804
3805
3806
3807
3808
3809
3810
3811
3812
3813
3814
3815
3816
3817
3818
3819
3820
3821
3822
3823
3824
3825
3826
3827
3828
3829
3830
3831
3832
3833
3834
3835
3836
3837
3838
3839
3840
3841
3842
3843
3844
3845
3846
3847
3848
3849
3850
3851
3852
3853
3854
3855
3856
3857
3858
3859
3860
3861
3862
3863
3864
3865
3866
3867
3868
3869
3870
3871
3872
3873
3874
3875
3876
3877
3878
3879
3880
3881
3882
3883
3884
3885
3886
3887
3888
3889
3890
3891
3892
3893
3894
3895
3896
3897
3898
3899
3900
3901
3902
3903
3904
3905
3906
3907
3908
3909
3910
3911
3912
3913
3914
3915
3916
3917
3918
3919
3920
3921
3922
3923
3924
3925
3926
3927
3928
3929
3930
3931
3932
3933
3934
3935
3936
3937
3938
3939
3940
3941
3942
3943
3944
3945
3946
3947
3948
3949
3950
3951
3952
3953
3954
3955
3956
3957
3958
3959
3960
3961
3962
3963
3964
3965
3966
3967
3968
3969
3970
3971
3972
3973
3974
3975
3976
3977
3978
3979
3980
3981
3982
3983
3984
3985
3986
3987
3988
3989
3990
3991
3992
3993
3994
3995
3996
3997
3998
3999
4000
4001
4002
4003
4004
4005
4006
4007
4008
4009
4010
4011
4012
4013
4014
4015
4016
4017
4018
4019
4020
4021
4022
4023
4024
4025
4026
4027
4028
4029
4030
4031
4032
4033
4034
4035
4036
4037
4038
4039
4040
4041
4042
4043
4044
4045
4046
4047
4048
4049
4050
4051
4052
4053
4054
4055
4056
4057
4058
4059
4060
4061
4062
4063
4064
4065
4066
4067
4068
4069
4070
4071
4072
4073
4074
4075
4076
4077
4078
4079
4080
4081
4082
4083
4084
4085
4086
4087
4088
4089
4090
4091
4092
4093
4094
4095
4096
4097
4098
4099
4100
4101
4102
4103
4104
4105
4106
4107
4108
4109
4110
4111
4112
4113
4114
4115
4116
4117
4118
4119
4120
4121
4122
4123
4124
4125
4126
4127
4128
4129
4130
4131
4132
4133
4134
4135
4136
4137
4138
4139
4140
4141
4142
4143
4144
4145
4146
4147
4148
4149
4150
4151
4152
4153
4154
4155
4156
4157
4158
4159
4160
4161
4162
4163
4164
4165
4166
4167
4168
4169
4170
4171
4172
4173
4174
4175
4176
4177
4178
4179
4180
4181
4182
4183
4184
4185
4186
4187
4188
4189
4190
4191
4192
4193
4194
4195
4196
4197
4198
4199
4200
4201
4202
4203
4204
4205
4206
4207
4208
4209
4210
4211
4212
4213
4214
4215
4216
4217
4218
4219
4220
4221
4222
4223
4224
4225
4226
4227
4228
4229
4230
4231
4232
4233
4234
4235
4236
4237
4238
4239
4240
4241
4242
4243
4244
4245
4246
4247
4248
4249
4250
4251
4252
4253
4254
4255
4256
4257
4258
4259
4260
4261
4262
4263
4264
4265
4266
4267
4268
4269
4270
4271
4272
4273
4274
4275
4276
4277
4278
4279
4280
4281
4282
4283
4284
4285
4286
4287
4288
4289
4290
4291
4292
4293
4294
4295
4296
4297
4298
4299
4300
4301
4302
4303
4304
4305
4306
4307
4308
4309
4310
4311
4312
4313
4314
4315
4316
4317
4318
4319
4320
4321
4322
4323
4324
4325
4326
4327
4328
4329
4330
4331
4332
4333
4334
4335
4336
4337
4338
4339
4340
4341
4342
4343
4344
4345
4346
4347
4348
4349
4350
4351
4352
4353
4354
4355
4356
4357
4358
4359
4360
4361
4362
4363
4364
4365
4366
4367
4368
4369
4370
4371
4372
4373
4374
4375
4376
4377
4378
4379
4380
4381
4382
4383
4384
4385
4386
4387
4388
4389
4390
4391
4392
4393
4394
4395
4396
4397
4398
4399
4400
4401
4402
4403
4404
4405
4406
4407
4408
4409
4410
4411
4412
4413
4414
4415
4416
4417
4418
4419
4420
4421
4422
4423
4424
4425
4426
4427
4428
4429
4430
4431
4432
4433
4434
4435
4436
4437
4438
4439
4440
4441
4442
4443
4444
4445
4446
4447
4448
4449
4450
4451
4452
4453
4454
4455
4456
4457
4458
4459
4460
4461
4462
4463
4464
4465
4466
4467
4468
4469
4470
4471
4472
4473
4474
4475
4476
4477
4478
4479
4480
4481
4482
4483
4484
4485
4486
4487
4488
4489
4490
4491
4492
4493
4494
4495
4496
4497
4498
4499
4500
4501
4502
4503
4504
4505
4506
4507
4508
4509
4510
4511
4512
4513
4514
4515
4516
4517
4518
4519
4520
4521
4522
4523
4524
4525
4526
4527
4528
4529
4530
4531
4532
4533
4534
4535
4536
4537
4538
4539
4540
4541
4542
4543
4544
4545
4546
4547
4548
4549
4550
4551
4552
4553
4554
4555
4556
4557
4558
4559
4560
4561
4562
4563
4564
4565
4566
4567
4568
4569
4570
4571
4572
4573
4574
4575
4576
4577
4578
4579
4580
4581
4582
4583
4584
4585
4586
4587
4588
4589
4590
4591
4592
4593
4594
4595
4596
4597
4598
4599
4600
4601
4602
4603
4604
4605
4606
4607
4608
4609
4610
4611
4612
4613
4614
4615
4616
4617
4618
4619
4620
4621
4622
4623
4624
4625
4626
4627
4628
4629
4630
4631
4632
4633
4634
4635
4636
4637
4638
4639
4640
4641
4642
4643
4644
4645
4646
4647
4648
4649
4650
4651
4652
4653
4654
4655
4656
4657
4658
4659
4660
4661
4662
4663
4664
4665
4666
4667
4668
4669
4670
4671
4672
4673
4674
4675
4676
4677
4678
4679
4680
4681
4682
4683
4684
4685
4686
4687
4688
4689
4690
4691
4692
4693
4694
4695
4696
4697
4698
4699
4700
4701
4702
4703
4704
4705
4706
4707
4708
4709
4710
4711
4712
4713
4714
4715
4716
4717
4718
4719
4720
4721
4722
4723
4724
4725
4726
4727
4728
4729
4730
4731
4732
4733
4734
4735
4736
4737
4738
4739
4740
4741
4742
4743
4744
4745
4746
4747
4748
4749
4750
4751
4752
4753
4754
4755
4756
4757
4758
4759
4760
4761
4762
4763
4764
4765
4766
4767
4768
4769
4770
4771
4772
4773
4774
4775
4776
4777
4778
4779
4780
4781
4782
4783
4784
4785
4786
4787
4788
4789
4790
4791
4792
4793
4794
4795
4796
4797
4798
4799
4800
4801
4802
4803
4804
4805
4806
4807
4808
4809
4810
4811
4812
4813
4814
4815
4816
4817
4818
4819
4820
4821
4822
4823
4824
4825
4826
4827
4828
4829
4830
4831
4832
4833
4834
4835
4836
4837
4838
4839
4840
4841
4842
4843
4844
4845
4846
4847
4848
4849
4850
4851
4852
4853
4854
4855
4856
4857
4858
4859
4860
4861
4862
4863
4864
4865
4866
4867
4868
4869
4870
4871
4872
4873
4874
4875
4876
4877
4878
4879
4880
4881
4882
4883
4884
4885
4886
4887
4888
4889
4890
4891
4892
4893
4894
4895
4896
4897
4898
4899
4900
4901
4902
4903
4904
4905
4906
4907
4908
4909
4910
4911
4912
4913
4914
4915
4916
4917
4918
4919
4920
4921
4922
4923
4924
4925
4926
4927
4928
4929
4930
4931
4932
4933
4934
4935
4936
4937
4938
4939
4940
4941
4942
4943
4944
4945
4946
4947
4948
4949
4950
4951
4952
4953
4954
4955
4956
4957
4958
4959
4960
4961
4962
4963
4964
4965
4966
4967
4968
4969
4970
4971
4972
4973
4974
4975
4976
4977
4978
4979
4980
4981
4982
4983
4984
4985
4986
4987
4988
4989
4990
4991
4992
4993
4994
4995
4996
4997
4998
4999
5000
5001
5002
5003
5004
5005
5006
5007
5008
5009
5010
5011
5012
5013
5014
5015
5016
5017
5018
5019
5020
5021
5022
5023
5024
5025
5026
5027
5028
5029
5030
5031
5032
5033
5034
5035
5036
5037
5038
5039
5040
5041
5042
5043
5044
5045
5046
5047
5048
5049
5050
5051
5052
5053
5054
5055
5056
5057
5058
5059
5060
5061
5062
5063
5064
5065
5066
5067
5068
5069
5070
5071
5072
5073
5074
5075
5076
5077
5078
5079
5080
5081
5082
5083
5084
5085
5086
5087
5088
5089
5090
5091
5092
5093
5094
5095
5096
5097
5098
5099
5100
5101
5102
5103
5104
5105
5106
5107
5108
5109
5110
5111
5112
5113
5114
5115
5116
5117
5118
5119
5120
5121
5122
5123
5124
5125
5126
5127
5128
5129
5130
5131
5132
5133
5134
5135
5136
5137
5138
5139
5140
5141
5142
5143
5144
5145
5146
5147
5148
5149
5150
5151
5152
5153
5154
5155
5156
5157
5158
5159
5160
5161
5162
5163
5164
5165
5166
5167
5168
5169
5170
5171
5172
5173
5174
5175
5176
5177
5178
5179
5180
5181
5182
5183
5184
5185
5186
5187
5188
5189
5190
5191
5192
5193
5194
5195
5196
5197
5198
5199
5200
5201
5202
5203
5204
5205
5206
5207
5208
5209
5210
5211
5212
5213
5214
5215
5216
5217
5218
5219
5220
5221
5222
5223
5224
5225
5226
5227
5228
5229
5230
5231
5232
5233
5234
5235
5236
5237
5238
5239
5240
5241
5242
5243
5244
5245
5246
5247
5248
5249
5250
5251
5252
5253
5254
5255
5256
5257
5258
5259
5260
5261
5262
5263
5264
5265
5266
5267
5268
5269
5270
5271
5272
5273
5274
5275
5276
5277
5278
5279
5280
5281
5282
5283
5284
5285
5286
5287
5288
5289
5290
5291
5292
5293
5294
5295
5296
5297
5298
5299
5300
5301
5302
5303
5304
5305
5306
5307
5308
5309
5310
5311
5312
5313
5314
5315
5316
5317
5318
5319
5320
5321
5322
5323
5324
5325
5326
5327
5328
5329
5330
5331
5332
5333
5334
5335
5336
5337
5338
5339
5340
5341
5342
5343
5344
5345
5346
5347
5348
5349
5350
5351
5352
5353
5354
5355
5356
5357
5358
5359
5360
5361
5362
5363
5364
5365
5366
5367
5368
5369
5370
5371
5372
5373
5374
5375
5376
5377
5378
5379
5380
5381
5382
5383
5384
5385
5386
5387
5388
5389
5390
5391
5392
5393
5394
5395
5396
5397
5398
5399
5400
5401
5402
5403
5404
5405
5406
5407
5408
5409
5410
5411
5412
5413
5414
5415
5416
5417
5418
5419
5420
5421
5422
5423
5424
5425
5426
5427
5428
5429
5430
5431
5432
5433
5434
5435
5436
5437
5438
5439
5440
5441
5442
5443
5444
5445
5446
5447
5448
5449
5450
5451
5452
5453
5454
5455
5456
5457
5458
5459
5460
5461
5462
5463
5464
5465
5466
5467
5468
5469
5470
5471
5472
5473
5474
5475
5476
5477
5478
5479
5480
5481
5482
5483
5484
5485
5486
5487
5488
5489
5490
5491
5492
5493
5494
5495
5496
5497
5498
5499
5500
5501
5502
5503
5504
5505
5506
5507
5508
5509
5510
5511
5512
5513
5514
5515
5516
5517
5518
5519
5520
5521
5522
5523
5524
5525
5526
5527
5528
5529
5530
5531
5532
5533
5534
5535
5536
5537
5538
5539
5540
5541
5542
5543
5544
5545
5546
5547
5548
5549
5550
5551
5552
5553
5554
5555
5556
5557
5558
5559
5560
5561
5562
5563
5564
5565
5566
5567
5568
5569
5570
5571
5572
5573
5574
5575
5576
5577
5578
5579
5580
5581
5582
5583
5584
5585
5586
5587
5588
5589
5590
5591
5592
5593
5594
5595
5596
5597
5598
5599
5600
5601
5602
5603
5604
5605
5606
5607
5608
5609
5610
5611
5612
5613
5614
5615
5616
5617
5618
5619
5620
5621
5622
5623
5624
5625
5626
5627
5628
5629
5630
5631
5632
5633
5634
5635
5636
5637
5638
5639
5640
5641
5642
5643
5644
5645
5646
5647
5648
5649
5650
5651
5652
5653
5654
5655
5656
5657
5658
5659
5660
5661
5662
5663
5664
5665
5666
5667
5668
5669
5670
5671
5672
5673
5674
5675
5676
5677
5678
5679
5680
5681
5682
5683
5684
5685
5686
5687
5688
5689
5690
5691
5692
5693
5694
5695
5696
5697
5698
5699
5700
5701
5702
5703
5704
5705
5706
5707
5708
5709
5710
5711
5712
5713
5714
5715
5716
5717
5718
5719
5720
5721
5722
5723
5724
5725
5726
5727
5728
5729
5730
5731
5732
5733
5734
5735
5736
5737
5738
5739
5740
5741
5742
5743
5744
5745
5746
5747
5748
5749
5750
5751
5752
5753
5754
5755
5756
5757
5758
5759
5760
5761
5762
5763
5764
5765
5766
5767
5768
5769
5770
5771
5772
5773
5774
5775
5776
5777
5778
5779
5780
5781
5782
5783
5784
5785
5786
5787
5788
5789
5790
5791
5792
5793
5794
5795
5796
5797
5798
5799
5800
5801
5802
5803
5804
5805
5806
5807
5808
5809
5810
5811
5812
5813
5814
5815
5816
5817
5818
5819
5820
5821
5822
5823
5824
5825
5826
5827
5828
5829
5830
5831
5832
5833
5834
5835
5836
5837
5838
5839
5840
5841
5842
5843
5844
5845
5846
5847
5848
5849
5850
5851
5852
5853
5854
5855
5856
5857
5858
5859
5860
5861
5862
5863
5864
5865
5866
5867
5868
5869
5870
5871
5872
5873
5874
5875
5876
5877
5878
5879
5880
5881
5882
5883
5884
5885
5886
5887
5888
5889
5890
5891
5892
5893
5894
5895
5896
5897
5898
5899
5900
5901
5902
5903
5904
5905
5906
5907
5908
5909
5910
5911
5912
5913
5914
5915
5916
5917
5918
5919
5920
5921
5922
5923
5924
5925
5926
5927
5928
5929
5930
5931
5932
5933
5934
5935
5936
5937
5938
5939
5940
5941
5942
5943
5944
5945
5946
5947
5948
5949
5950
5951
5952
5953
5954
5955
5956
5957
5958
5959
5960
5961
5962
5963
5964
5965
5966
5967
5968
5969
5970
5971
5972
5973
5974
5975
5976
5977
5978
5979
5980
5981
5982
5983
5984
5985
5986
5987
5988
5989
5990
5991
5992
5993
5994
5995
5996
5997
5998
5999
6000
6001
6002
6003
6004
6005
6006
6007
6008
6009
6010
6011
6012
6013
6014
6015
6016
6017
6018
6019
6020
6021
6022
6023
6024
6025
6026
6027
6028
6029
6030
6031
6032
6033
6034
6035
6036
6037
6038
6039
6040
6041
6042
6043
6044
6045
6046
6047
6048
6049
6050
6051
6052
6053
6054
6055
6056
6057
6058
6059
6060
6061
6062
6063
6064
6065
6066
6067
6068
6069
6070
6071
6072
6073
6074
6075
6076
6077
6078
6079
6080
6081
6082
6083
6084
6085
6086
6087
6088
6089
6090
6091
6092
6093
6094
6095
6096
6097
6098
6099
6100
6101
6102
6103
6104
6105
6106
6107
6108
6109
6110
6111
6112
6113
6114
6115
6116
6117
6118
6119
6120
6121
6122
6123
6124
6125
6126
6127
6128
6129
6130
6131
6132
6133
6134
6135
6136
6137
6138
6139
6140
6141
6142
6143
6144
6145
6146
6147
6148
6149
6150
6151
6152
6153
6154
6155
6156
6157
6158
6159
6160
6161
6162
6163
6164
6165
6166
6167
6168
6169
6170
6171
6172
6173
6174
6175
6176
6177
6178
6179
6180
6181
6182
6183
6184
6185
6186
6187
6188
6189
6190
6191
6192
6193
6194
6195
6196
6197
6198
6199
6200
6201
6202
6203
6204
6205
6206
6207
6208
6209
6210
6211
6212
6213
6214
6215
6216
6217
6218
6219
6220
6221
6222
6223
6224
6225
6226
6227
6228
6229
6230
6231
6232
6233
6234
6235
6236
6237
6238
6239
6240
6241
6242
6243
6244
6245
6246
6247
6248
6249
6250
6251
6252
6253
6254
6255
6256
6257
6258
6259
6260
6261
6262
6263
6264
6265
6266
6267
6268
6269
6270
6271
6272
6273
6274
6275
6276
6277
6278
6279
6280
6281
6282
6283
6284
6285
6286
6287
6288
6289
6290
6291
6292
6293
6294
6295
6296
6297
6298
6299
6300
6301
6302
6303
6304
6305
6306
6307
6308
6309
6310
6311
6312
6313
6314
6315
6316
6317
6318
6319
6320
6321
6322
6323
6324
6325
6326
6327
6328
6329
6330
6331
6332
6333
6334
6335
6336
6337
6338
6339
6340
6341
6342
6343
6344
6345
6346
6347
6348
6349
6350
6351
6352
6353
6354
6355
6356
6357
6358
6359
6360
6361
6362
6363
6364
6365
6366
6367
6368
6369
6370
6371
6372
6373
6374
6375
6376
6377
6378
6379
6380
6381
6382
6383
6384
6385
6386
6387
6388
6389
6390
6391
6392
6393
6394
6395
6396
6397
6398
6399
6400
6401
6402
6403
6404
6405
6406
6407
6408
6409
6410
6411
6412
6413
6414
6415
6416
6417
6418
6419
6420
6421
6422
6423
6424
6425
6426
6427
6428
6429
6430
6431
6432
6433
6434
6435
6436
6437
6438
6439
6440
6441
6442
6443
6444
6445
6446
6447
6448
6449
6450
6451
6452
6453
6454
6455
6456
6457
6458
6459
6460
6461
6462
6463
6464
6465
6466
6467
6468
6469
6470
6471
6472
6473
6474
6475
6476
6477
6478
6479
6480
6481
6482
6483
6484
6485
6486
6487
6488
6489
6490
6491
6492
6493
6494
6495
6496
6497
6498
6499
6500
6501
6502
6503
6504
6505
6506
6507
6508
6509
6510
6511
6512
6513
6514
6515
6516
6517
6518
6519
6520
6521
6522
6523
6524
6525
6526
6527
6528
6529
6530
6531
6532
6533
6534
6535
6536
6537
6538
6539
6540
6541
6542
6543
6544
6545
6546
6547
6548
6549
6550
6551
6552
6553
6554
6555
6556
6557
6558
6559
6560
6561
0.001250000012497746 -0.09374999881637214 0
0.001250000012497856 -0.09249999883274203 0
0.001250000012497966 -0.09124999884911578 0
0.001250000012498075 -0.08999999886548574 0
0.001250000012498186 -0.0887499988818579 0
0.001250000012498296 -0.08749999889823003 0
0.001250000012498405 -0.08624999891459996 0
0.001250000012498515 -0.08499999893097371 0
0.001250000012498625 -0.08374999894734368 0
0.001250000012498735 -0.08249999896371578 0
0.001250000012498845 -0.08124999898009223 0
0.001250000012498955 -0.07999999899646279 0
0.001250000012499065 -0.07874999901283439 0
0.001250000012499174 -0.07749999902920707 0
0.001250000012499284 -0.0762499990455765 0
0.001250000012499395 -0.07499999906195025 0
0.001250000012499504 -0.07374999907832079 0
0.001250000012499614 -0.07249999909469237 0
0.001250000012499724 -0.07124999911106503 0
0.001250000012499834 -0.06999999912743449 0
0.001250000012499944 -0.06874999914380824 0
0.001250000012500054 -0.06749999916017876 0
0.001250000012500163 -0.06624999917655036 0
0.001250000012500274 -0.06499999919292307 0
0.001250000012500383 -0.06374999920929249 0
0.001250000012500493 -0.06249999922566628 0
0.001250000012500603 -0.06124999924203679 0
0.001250000012500713 -0.05999999925840838 0
0.001250000012500823 -0.0587499992747848 0
0.001250000012500933 -0.05749999929115585 0
0.001250000012501043 -0.05624999930752825 0
0.001250000012501153 -0.0549999993239017 0
0.001250000012501263 -0.05374999934027332 0
0.001250000012501372 -0.05249999935664491 0
0.001250000012501482 -0.05124999937301652 0
0.001250000012501592 -0.04999999938938809 0
0.001250000012501702 -0.0487499994057597 0
0.001250000012501812 -0.04749999942213134 0
0.001250000012501922 -0.04624999943850297 0
0.001250000012502032 -0.04499999945487591 0
0.001250000012502141 -0.04374999947125466 0
0.001250000012502252 -0.04249999948763472 0
0.001250000012502361 -0.04124999950401479 0
0.001250000012502471 -0.03999999952039433 0
0.001250000012502581 -0.03874999953677228 0
0.001250000012502691 -0.03749999955315019 0
0.001250000012502801 -0.03624999956952812 0
0.001250000012502911 -0.03499999958590606 0
0.001250000012503021 -0.03374999960228402 0
0.001250000012503131 -0.03249999961866197 0
0.00125000001250324 -0.0312499996350399 0
0.001250000012503351 -0.02999999965141789 0
0.00125000001250346 -0.02874999966779583 0
0.00125000001250357 -0.02749999968417376 0
0.00125000001250368 -0.02624999970055237 0
0.00125000001250379 -0.02499999971693094 0
0.0012500000125039 -0.02374999973330889 0
0.00125000001250401 -0.02249999974968684 0
0.00125000001250412 -0.02124999976606475 0
0.00125000001250423 -0.01999999978244271 0
0.00125000001250434 -0.01874999979882062 0
0.00125000001250445 -0.01749999981519856 0
0.00125000001250456 -0.01624999983157649 0
0.001250000012504669 -0.01499999984795441 0
0.001250000012504779 -0.01374999986433236 0
0.00125000001250489 -0.01249999988071026 0
0.001250000012504999 -0.01124999989708915 0
0.001250000012505109 -0.009999999913469212 0
0.001250000012505219 -0.008749999929848068 0
0.001250000012505329 -0.007499999946226055 0
0.001250000012505439 -0.00624999996260379 0
0.001250000012505548 -0.004999999978980766 0
0.001250000012505659 -0.003749999995357652 0
0.001250000012505768 -0.002500000011734489 0
0.001250000012505878 -0.001250000028111524 0
0.001250000012505988 -4.448929159101001e-11 0
0.001250000012506098 0.001249999939132716 0
0.001250000012506208 0.002499999922754959 0
0.001250000012506318 0.003749999906377568 0
0.002500000024995449 -0.09374999881637219 0
0.002500000024995621 -0.09249999883274214 0
0.002500000024995794 -0.09124999884911593 0
0.002500000024995966 -0.08999999886548601 0
0.002500000024996138 -0.08874999888185824 0
0.002500000024996311 -0.08749999889823042 0
0.002500000024996483 -0.08624999891460042 0
0.002500000024996655 -0.08499999893097421 0
0.002500000024996828 -0.08374999894734429 0
0.002500000024997 -0.08249999896371649 0
0.002500000024997172 -0.08124999898009294 0
0.002500000024997345 -0.07999999899646364 0
0.002500000024997518 -0.07874999901283533 0
0.002500000024997689 -0.07749999902920808 0
0.002500000024997862 -0.07624999904557761 0
0.002500000024998035 -0.07499999906195143 0
0.002500000024998207 -0.07374999907832207 0
0.002500000024998379 -0.07249999909469372 0
0.002500000024998552 -0.07124999911106647 0
0.002500000024998724 -0.06999999912743604 0
0.002500000024998897 -0.0687499991438098 0
0.002500000024999068 -0.06749999916018044 0
0.002500000024999241 -0.06624999917655211 0
0.002500000024999414 -0.06499999919292486 0
0.002500000024999586 -0.06374999920929447 0
0.002500000024999759 -0.06249999922566833 0
0.002500000024999931 -0.06124999924203894 0
0.002500000025000103 -0.0599999992584106 0
0.002500000025000275 -0.05874999927478706 0
0.002500000025000447 -0.05749999929115818 0
0.00250000002500062 -0.05624999930753067 0
0.002500000025000792 -0.05499999932390418 0
0.002500000025000965 -0.05374999934027588 0
0.002500000025001137 -0.05249999935664754 0
0.002500000025001309 -0.0512499993730192 0
0.002500000025001482 -0.0499999993893909 0
0.002500000025001655 -0.04874999940576261 0
0.002500000025001827 -0.04749999942213432 0
0.002500000025001999 -0.04624999943850608 0
0.002500000025002172 -0.04499999945487909 0
0.002500000025002344 -0.04374999947125777 0
0.002500000025002516 -0.04249999948763772 0
0.002500000025002688 -0.04124999950401767 0
0.002500000025002861 -0.03999999952039713 0
0.002500000025003034 -0.03874999953677499 0
0.002500000025003205 -0.03749999955315283 0
0.002500000025003379 -0.03624999956953067 0
0.002500000025003551 -0.03499999958590852 0
0.002500000025003723 -0.03374999960228644 0
0.002500000025003896 -0.0324999996186643 0
0.002500000025004067 -0.03124999963504214 0
0.00250000002500424 -0.02999999965142012 0
0.002500000025004413 -0.02874999966779797 0
0.002500000025004585 -0.0274999996841758 0
0.002500000025004757 -0.02624999970055437 0
0.00250000002500493 -0.02499999971693282 0
0.002500000025005102 -0.0237499997333107 0
0.002500000025005274 -0.02249999974968856 0
0.002500000025005447 -0.02124999976606638 0
0.002500000025005619 -0.01999999978244429 0
0.002500000025005792 -0.01874999979882209 0
0.002500000025005963 -0.01749999981519995 0
0.002500000025006136 -0.01624999983157781 0
0.002500000025006309 -0.01499999984795563 0
0.00250000002500648 -0.01374999986433353 0
0.002500000025006653 -0.01249999988071133 0
0.002500000025006826 -0.01124999989709012 0
0.002500000025006998 -0.009999999913470089 0
0.00250000002500717 -0.008749999929848831 0
0.002500000025007343 -0.0074999999462268 0
0.002500000025007516 -0.006249999962604462 0
0.002500000025007688 -0.004999999978981348 0
0.00250000002500786 -0.003749999995358193 0
0.002500000025008033 -0.002500000011734942 0
0.002500000025008205 -0.001250000028111914 0
0.002500000025008376 -4.448961164749132e-11 0
0.002500000025008549 0.0012499999391325 0
0.002500000025008722 0.002499999922754794 0
0.002500000025008893 0.003749999906377499 0
0.003750000037492867 -0.09374999881637219 0
0.003750000037493071 -0.09249999883274226 0
0.003750000037493274 -0.0912499988491161 0
0.003750000037493479 -0.08999999886548629 0
0.003750000037493683 -0.0887499988818586 0
0.003750000037493887 -0.08749999889823079 0
0.003750000037494091 -0.08624999891460088 0
0.003750000037494296 -0.08499999893097471 0
0.0037500000374945 -0.08374999894734492 0
0.003750000037494703 -0.08249999896371715 0
0.003750000037494909 -0.08124999898009364 0
0.003750000037495113 -0.07999999899646443 0
0.003750000037495316 -0.07874999901283629 0
0.003750000037495521 -0.07749999902920909 0
0.003750000037495725 -0.07624999904557872 0
0.003750000037495929 -0.07499999906195262 0
0.003750000037496134 -0.07374999907832328 0
0.003750000037496337 -0.07249999909469508 0
0.003750000037496542 -0.07124999911106786 0
0.003750000037496746 -0.06999999912743754 0
0.003750000037496951 -0.06874999914381137 0
0.003750000037497155 -0.06749999916018212 0
0.003750000037497358 -0.06624999917655387 0
0.003750000037497564 -0.06499999919292666 0
0.003750000037497768 -0.06374999920929644 0
0.003750000037497973 -0.06249999922567039 0
0.003750000037498176 -0.06124999924204111 0
0.003750000037498381 -0.05999999925841284 0
0.003750000037498584 -0.0587499992747893 0
0.003750000037498789 -0.05749999929116052 0
0.003750000037498992 -0.05624999930753306 0
0.003750000037499197 -0.05499999932390663 0
0.003750000037499402 -0.05374999934027839 0
0.003750000037499606 -0.05249999935665018 0
0.00375000003749981 -0.05124999937302192 0
0.003750000037500013 -0.04999999938939367 0
0.003750000037500219 -0.04874999940576551 0
0.003750000037500422 -0.04749999942213733 0
0.003750000037500627 -0.04624999943850917 0
0.003750000037500831 -0.04499999945488227 0
0.003750000037501034 -0.04374999947126086 0
0.003750000037501239 -0.04249999948764071 0
0.003750000037501444 -0.04124999950402056 0
0.003750000037501647 -0.03999999952039991 0
0.003750000037501851 -0.0387499995367777 0
0.003750000037502056 -0.03749999955315547 0
0.003750000037502261 -0.03624999956953321 0
0.003750000037502464 -0.034999999585911 0
0.003750000037502668 -0.03374999960228883 0
0.003750000037502873 -0.03249999961866663 0
0.003750000037503076 -0.03124999963504439 0
0.003750000037503281 -0.02999999965142235 0
0.003750000037503485 -0.02874999966780012 0
0.003750000037503691 -0.02749999968417785 0
0.003750000037503893 -0.02624999970055636 0
0.003750000037504098 -0.02499999971693469 0
0.003750000037504302 -0.0237499997333125 0
0.003750000037504507 -0.02249999974969028 0
0.00375000003750471 -0.021249999766068 0
0.003750000037504915 -0.01999999978244587 0
0.00375000003750512 -0.01874999979882354 0
0.003750000037505323 -0.01749999981520135 0
0.003750000037505528 -0.01624999983157912 0
0.003750000037505732 -0.01499999984795686 0
0.003750000037505937 -0.0137499998643347 0
0.00375000003750614 -0.01249999988071238 0
0.003750000037506344 -0.0112499998970911 0
0.003750000037506549 -0.009999999913470958 0
0.003750000037506752 -0.008749999929849595 0
0.003750000037506957 -0.007499999946227544 0
0.003750000037507162 -0.006249999962605139 0
0.003750000037507366 -0.00499999997898193 0
0.003750000037507569 -0.003749999995358734 0
0.003750000037507774 -0.002500000011735396 0
0.003750000037507978 -0.001250000028112306 0
0.003750000037508182 -4.44899308366109e-11 0
0.003750000037508386 0.001249999939132283 0
0.003750000037508591 0.002499999922754628 0
0.003750000037508795 0.003749999906377429 0
0.005000000049990344 -0.09374999881637226 0
0.005000000049990653 -0.09249999883274237 0
0.005000000049990965 -0.09124999884911628 0
0.005000000049991275 -0.08999999886548657 0
0.005000000049991587 -0.08874999888185893 0
0.005000000049991897 -0.08749999889823121 0
0.005000000049992208 -0.08624999891460131 0
0.00500000004999252 -0.08499999893097521 0
0.005000000049992831 -0.08374999894734546 0
0.005000000049993141 -0.08249999896371785 0
0.005000000049993452 -0.08124999898009432 0
0.005000000049993764 -0.07999999899646529 0
0.005000000049994073 -0.07874999901283723 0
0.005000000049994385 -0.07749999902921009 0
0.005000000049994694 -0.07624999904557986 0
0.005000000049995007 -0.07499999906195379 0
0.005000000049995316 -0.07374999907832455 0
0.005000000049995628 -0.07249999909469644 0
0.005000000049995939 -0.0712499991110693 0
0.005000000049996249 -0.06999999912743907 0
0.005000000049996558 -0.06874999914381295 0
0.005000000049996871 -0.06749999916018376 0
0.005000000049997183 -0.06624999917655562 0
0.005000000049997492 -0.06499999919292848 0
0.005000000049997803 -0.06374999920929839 0
0.005000000049998116 -0.06249999922567241 0
0.005000000049998426 -0.06124999924204323 0
0.005000000049998736 -0.05999999925841508 0
0.005000000049999047 -0.05874999927479154 0
0.005000000049999357 -0.05749999929116286 0
0.005000000049999669 -0.05624999930753548 0
0.00500000004999998 -0.05499999932390909 0
0.00500000005000029 -0.05374999934028095 0
0.005000000050000602 -0.05249999935665279 0
0.005000000050000911 -0.05124999937302462 0
0.005000000050001223 -0.04999999938939648 0
0.005000000050001533 -0.04874999940576839 0
0.005000000050001846 -0.04749999942214032 0
0.005000000050002156 -0.0462499994385123 0
0.005000000050002467 -0.04499999945488545 0
0.005000000050002777 -0.04374999947126398 0
0.005000000050003089 -0.04249999948764371 0
0.0050000000500034 -0.04124999950402345 0
0.005000000050003709 -0.03999999952040271 0
0.005000000050004021 -0.03874999953678038 0
0.005000000050004331 -0.03749999955315808 0
0.005000000050004642 -0.03624999956953576 0
0.005000000050004953 -0.03499999958591346 0
0.005000000050005264 -0.03374999960229124 0
0.005000000050005575 -0.03249999961866897 0
0.005000000050005885 -0.03124999963504664 0
0.005000000050006195 -0.02999999965142458 0
0.005000000050006509 -0.02874999966780226 0
0.005000000050006819 -0.02749999968417991 0
0.00500000005000713 -0.02624999970055834 0
0.005000000050007439 -0.02499999971693656 0
0.005000000050007751 -0.02374999973331431 0
0.00500000005000806 -0.022499999749692 0
0.005000000050008371 -0.02124999976606963 0
0.005000000050008684 -0.01999999978244744 0
0.005000000050008994 -0.01874999979882502 0
0.005000000050009304 -0.01749999981520276 0
0.005000000050009617 -0.01624999983158044 0
0.005000000050009926 -0.01499999984795807 0
0.005000000050010238 -0.01374999986433587 0
0.005000000050010546 -0.01249999988071344 0
0.005000000050010858 -0.01124999989709208 0
0.005000000050011172 -0.009999999913471832 0
0.005000000050011479 -0.008749999929850361 0
0.005000000050011792 -0.00749999994622829 0
0.0050000000500121 -0.006249999962605809 0
0.005000000050012414 -0.004999999978982512 0
0.005000000050012726 -0.003749999995359277 0
0.005000000050013035 -0.002500000011735851 0
0.005000000050013346 -0.001250000028112698 0
0.005000000050013656 -4.449025002573048e-11 0
0.005000000050013968 0.001249999939132067 0
0.005000000050014279 0.002499999922754464 0
0.005000000050014588 0.003749999906377358 0
0.006250000062487843 -0.09374999881637235 0
0.006250000062488268 -0.09249999883274247 0
0.006250000062488691 -0.09124999884911643 0
0.006250000062489114 -0.08999999886548683 0
0.006250000062489537 -0.08874999888185926 0
0.006250000062489961 -0.08749999889823157 0
0.006250000062490386 -0.08624999891460176 0
0.006250000062490808 -0.08499999893097571 0
0.006250000062491234 -0.08374999894734607 0
0.006250000062491655 -0.0824999989637185 0
0.00625000006249208 -0.08124999898009502 0
0.006250000062492505 -0.07999999899646611 0
0.006250000062492926 -0.07874999901283818 0
0.006250000062493353 -0.07749999902921108 0
0.006250000062493776 -0.076249999045581 0
0.006250000062494199 -0.07499999906195494 0
0.006250000062494624 -0.07374999907832583 0
0.006250000062495046 -0.07249999909469776 0
0.006250000062495469 -0.0712499991110707 0
0.006250000062495894 -0.06999999912744059 0
0.00625000006249632 -0.06874999914381455 0
0.006250000062496743 -0.06749999916018544 0
0.006250000062497167 -0.06624999917655737 0
0.006250000062497591 -0.06499999919293034 0
0.006250000062498014 -0.06374999920930037 0
0.006250000062498436 -0.06249999922567447 0
0.006250000062498861 -0.06124999924204538 0
0.006250000062499286 -0.05999999925841731 0
0.00625000006249971 -0.05874999927479378 0
0.006250000062500132 -0.05749999929116521 0
0.006250000062500559 -0.05624999930753789 0
0.006250000062500981 -0.05499999932391157 0
0.006250000062501404 -0.05374999934028351 0
0.00625000006250183 -0.05249999935665543 0
0.006250000062502252 -0.05124999937302735 0
0.006250000062502675 -0.04999999938939925 0
0.006250000062503101 -0.04874999940577129 0
0.006250000062503524 -0.04749999942214332 0
0.006250000062503949 -0.04624999943851539 0
0.006250000062504372 -0.04499999945488863 0
0.006250000062504795 -0.04374999947126709 0
0.006250000062505218 -0.04249999948764671 0
0.006250000062505643 -0.04124999950402637 0
0.006250000062506068 -0.03999999952040548 0
0.006250000062506492 -0.0387499995367831 0
0.006250000062506915 -0.0374999995531607 0
0.006250000062507338 -0.03624999956953831 0
0.006250000062507762 -0.03499999958591591 0
0.006250000062508188 -0.03374999960229366 0
0.006250000062508611 -0.03249999961867131 0
0.006250000062509036 -0.03124999963504889 0
0.006250000062509458 -0.0299999996514268 0
0.006250000062509885 -0.02874999966780441 0
0.006250000062510305 -0.02749999968418196 0
0.00625000006251073 -0.02624999970056032 0
0.006250000062511155 -0.02499999971693844 0
0.006250000062511578 -0.02374999973331612 0
0.006250000062512003 -0.02249999974969372 0
0.006250000062512427 -0.02124999976607126 0
0.006250000062512849 -0.01999999978244901 0
0.006250000062513273 -0.01874999979882647 0
0.006250000062513698 -0.01749999981520415 0
0.006250000062514123 -0.01624999983158175 0
0.006250000062514545 -0.0149999998479593 0
0.006250000062514968 -0.01374999986433703 0
0.006250000062515391 -0.0124999998807145 0
0.006250000062515816 -0.01124999989709306 0
0.006250000062516242 -0.009999999913472699 0
0.006250000062516665 -0.008749999929851125 0
0.006250000062517088 -0.007499999946229033 0
0.006250000062517511 -0.006249999962606482 0
0.006250000062517936 -0.004999999978983096 0
0.00625000006251836 -0.003749999995359819 0
0.006250000062518785 -0.002500000011736307 0
0.006250000062519208 -0.001250000028113088 0
0.00625000006251963 -4.449056834748832e-11 0
0.006250000062520055 0.001249999939131851 0
0.00625000006252048 0.002499999922754299 0
0.006250000062520903 0.003749999906377289 0
0.007500000074985903 -0.09374999881637239 0
0.007500000074986357 -0.09249999883274258 0
0.007500000074986812 -0.09124999884911658 0
0.007500000074987264 -0.08999999886548705 0
0.007500000074987721 -0.08874999888185958 0
0.007500000074988175 -0.08749999889823196 0
0.00750000007498863 -0.08624999891460219 0
0.007500000074989083 -0.08499999893097622 0
0.007500000074989537 -0.08374999894734668 0
0.007500000074989991 -0.08249999896371916 0
0.007500000074990446 -0.08124999898009574 0
0.007500000074990902 -0.07999999899646693 0
0.007500000074991354 -0.07874999901283912 0
0.007500000074991809 -0.07749999902921209 0
0.007500000074992264 -0.07624999904558211 0
0.007500000074992718 -0.0749999990619561 0
0.007500000074993175 -0.07374999907832712 0
0.007500000074993627 -0.07249999909469911 0
0.007500000074994083 -0.07124999911107215 0
0.007500000074994536 -0.06999999912744208 0
0.007500000074994991 -0.06874999914381612 0
0.007500000074995445 -0.06749999916018712 0
0.0075000000749959 -0.06624999917655915 0
0.007500000074996354 -0.06499999919293213 0
0.007500000074996809 -0.06374999920930231 0
0.007500000074997263 -0.06249999922567652 0
0.007500000074997718 -0.06124999924204753 0
0.007500000074998172 -0.05999999925841951 0
0.007500000074998627 -0.05874999927479604 0
0.00750000007499908 -0.05749999929116753 0
0.007500000074999534 -0.05624999930754029 0
0.007500000074999989 -0.05499999932391403 0
0.007500000075000445 -0.05374999934028604 0
0.007500000075000898 -0.05249999935665805 0
0.007500000075001353 -0.05124999937303006 0
0.007500000075001807 -0.04999999938940205 0
0.007500000075002259 -0.04874999940577417 0
0.007500000075002717 -0.04749999942214633 0
0.007500000075003172 -0.0462499994385185 0
0.007500000075003623 -0.04499999945489182 0
0.007500000075004079 -0.0437499994712702 0
0.007500000075004532 -0.04249999948764971 0
0.00750000007500499 -0.04124999950402925 0
0.007500000075005444 -0.03999999952040829 0
0.007500000075005895 -0.03874999953678582 0
0.00750000007500635 -0.03749999955316333 0
0.007500000075006804 -0.03624999956954087 0
0.007500000075007261 -0.03499999958591838 0
0.007500000075007713 -0.03374999960229605 0
0.007500000075008168 -0.03249999961867366 0
0.007500000075008622 -0.03124999963505114 0
0.007500000075009077 -0.02999999965142904 0
0.007500000075009531 -0.02874999966780656 0
0.007500000075009986 -0.027499999684184 0
0.00750000007501044 -0.02624999970056232 0
0.007500000075010895 -0.0249999997169403 0
0.007500000075011349 -0.02374999973331791 0
0.007500000075011804 -0.02249999974969544 0
0.007500000075012258 -0.02124999976607288 0
0.007500000075012712 -0.01999999978245058 0
0.007500000075013167 -0.01874999979882794 0
0.007500000075013622 -0.01749999981520554 0
0.007500000075014076 -0.01624999983158307 0
0.007500000075014531 -0.01499999984796052 0
0.007500000075014984 -0.01374999986433821 0
0.00750000007501544 -0.01249999988071556 0
0.007500000075015894 -0.01124999989709404 0
0.007500000075016347 -0.00999999991347357 0
0.007500000075016803 -0.008749999929851891 0
0.007500000075017256 -0.007499999946229779 0
0.007500000075017712 -0.006249999962607155 0
0.007500000075018166 -0.004999999978983679 0
0.007500000075018621 -0.003749999995360361 0
0.007500000075019076 -0.002500000011736762 0
0.007500000075019529 -0.00125000002811348 0
0.007500000075019986 -4.449088840396964e-11 0
0.007500000075020438 0.001249999939131634 0
0.007500000075020892 0.002499999922754135 0
0.007500000075021346 0.003749999906377219 0
0.008750000087483908 -0.09374999881637242 0
0.008750000087484408 -0.09249999883274268 0
0.008750000087484907 -0.09124999884911676 0
0.00875000008748541 -0.08999999886548735 0
0.008750000087485903 -0.08874999888185992 0
0.008750000087486408 -0.08749999889823235 0
0.008750000087486907 -0.08624999891460265 0
0.008750000087487405 -0.08499999893097671 0
0.008750000087487905 -0.08374999894734729 0
0.008750000087488405 -0.08249999896371984 0
0.008750000087488904 -0.08124999898009642 0
0.008750000087489404 -0.07999999899646777 0
0.0087500000874899 -0.07874999901284004 0
0.008750000087490401 -0.07749999902921309 0
0.008750000087490897 -0.07624999904558322 0
0.008750000087491397 -0.07499999906195728 0
0.008750000087491897 -0.07374999907832837 0
0.008750000087492396 -0.07249999909470044 0
0.008750000087492897 -0.07124999911107352 0
0.008750000087493395 -0.06999999912744365 0
0.008750000087493895 -0.0687499991438177 0
0.008750000087494395 -0.06749999916018876 0
0.008750000087494894 -0.06624999917656087 0
0.008750000087495395 -0.06499999919293395 0
0.008750000087495893 -0.06374999920930427 0
0.008750000087496395 -0.06249999922567858 0
0.008750000087496891 -0.06124999924204967 0
0.008750000087497392 -0.05999999925842175 0
0.00875000008749789 -0.05874999927479828 0
0.008750000087498388 -0.05749999929116987 0
0.008750000087498889 -0.05624999930754269 0
0.008750000087499391 -0.05499999932391648 0
0.008750000087499888 -0.05374999934028858 0
0.008750000087500386 -0.05249999935666066 0
0.008750000087500886 -0.05124999937303275 0
0.008750000087501382 -0.04999999938940482 0
0.008750000087501882 -0.04874999940577707 0
0.008750000087502385 -0.04749999942214932 0
0.008750000087502884 -0.04624999943852161 0
0.008750000087503382 -0.044999999454895 0
0.00875000008750388 -0.04374999947127329 0
0.008750000087504381 -0.04249999948765271 0
0.008750000087504879 -0.04124999950403214 0
0.008750000087505379 -0.03999999952041106 0
0.00875000008750588 -0.03874999953678852 0
0.00875000008750638 -0.03749999955316596 0
0.008750000087506878 -0.0362499995695434 0
0.008750000087507379 -0.03499999958592085 0
0.008750000087507879 -0.03374999960229846 0
0.008750000087508378 -0.03249999961867599 0
0.008750000087508878 -0.03124999963505339 0
0.008750000087509377 -0.02999999965143125 0
0.008750000087509877 -0.02874999966780871 0
0.008750000087510373 -0.02749999968418605 0
0.008750000087510876 -0.02624999970056431 0
0.008750000087511371 -0.02499999971694217 0
0.008750000087511872 -0.02374999973331973 0
0.008750000087512371 -0.02249999974969717 0
0.008750000087512871 -0.02124999976607451 0
0.008750000087513369 -0.01999999978245216 0
0.008750000087513869 -0.01874999979882942 0
0.008750000087514368 -0.01749999981520694 0
0.008750000087514866 -0.01624999983158439 0
0.008750000087515366 -0.01499999984796174 0
0.008750000087515863 -0.01374999986433937 0
0.008750000087516368 -0.01249999988071662 0
0.008750000087516864 -0.01124999989709502 0
0.008750000087517364 -0.009999999913474439 0
0.008750000087517864 -0.008749999929852658 0
0.008750000087518363 -0.00749999994623052 0
0.008750000087518863 -0.006249999962607826 0
0.008750000087519362 -0.004999999978984264 0
0.00875000008751986 -0.003749999995360905 0
0.00875000008752036 -0.002500000011737216 0
0.008750000087520861 -0.001250000028113872 0
0.008750000087521361 -4.449120585836575e-11 0
0.00875000008752186 0.001249999939131419 0
0.00875000008752236 0.00249999992275397 0
0.00875000008752286 0.00374999990637715 0
0.01000000009998168 -0.09374999881637247 0
0.01000000009998229 -0.09249999883274279 0
0.0100000000999829 -0.09124999884911693 0
0.01000000009998351 -0.08999999886548762 0
0.01000000009998411 -0.08874999888186026 0
0.01000000009998472 -0.08749999889823276 0
0.01000000009998533 -0.08624999891460308 0
0.01000000009998594 -0.08499999893097721 0
0.01000000009998655 -0.0837499989473479 0
0.01000000009998716 -0.08249999896372054 0
0.01000000009998777 -0.08124999898009709 0
0.01000000009998838 -0.07999999899646862 0
0.01000000009998898 -0.07874999901284098 0
0.0100000000999896 -0.07749999902921412 0
0.01000000009999021 -0.07624999904558434 0
0.01000000009999081 -0.07499999906195844 0
0.01000000009999142 -0.07374999907832963 0
0.01000000009999203 -0.0724999990947018 0
0.01000000009999264 -0.07124999911107495 0
0.01000000009999325 -0.06999999912744516 0
0.01000000009999386 -0.06874999914381927 0
0.01000000009999447 -0.06749999916019046 0
0.01000000009999508 -0.06624999917656264 0
0.01000000009999569 -0.06499999919293577 0
0.0100000000999963 -0.06374999920930625 0
0.01000000009999691 -0.06249999922568063 0
0.01000000009999752 -0.06124999924205181 0
0.01000000009999812 -0.05999999925842397 0
0.01000000009999873 -0.05874999927480053 0
0.01000000009999934 -0.05749999929117221 0
0.01000000009999995 -0.0562499993075451 0
0.01000000010000056 -0.05499999932391897 0
0.01000000010000117 -0.05374999934029114 0
0.01000000010000178 -0.05249999935666331 0
0.01000000010000239 -0.05124999937303544 0
0.010000000100003 -0.04999999938940763 0
0.0100000001000036 -0.04874999940577995 0
0.01000000010000422 -0.04749999942215233 0
0.01000000010000482 -0.04624999943852472 0
0.01000000010000543 -0.04499999945489817 0
0.01000000010000604 -0.0437499994712764 0
0.01000000010000665 -0.0424999994876557 0
0.01000000010000726 -0.04124999950403502 0
0.01000000010000787 -0.03999999952041386 0
0.01000000010000848 -0.03874999953679124 0
0.01000000010000909 -0.03749999955316859 0
0.0100000001000097 -0.03624999956954595 0
0.01000000010001031 -0.03499999958592331 0
0.01000000010001091 -0.03374999960230086 0
0.01000000010001153 -0.03249999961867832 0
0.01000000010001213 -0.03124999963505563 0
0.01000000010001274 -0.02999999965143349 0
0.01000000010001335 -0.02874999966781085 0
0.01000000010001396 -0.02749999968418811 0
0.01000000010001457 -0.02624999970056629 0
0.01000000010001518 -0.02499999971694404 0
0.01000000010001579 -0.02374999973332153 0
0.0100000001000164 -0.02249999974969888 0
0.01000000010001701 -0.02124999976607614 0
0.01000000010001761 -0.01999999978245373 0
0.01000000010001822 -0.01874999979883088 0
0.01000000010001883 -0.01749999981520834 0
0.01000000010001944 -0.0162499998315857 0
0.01000000010002005 -0.01499999984796296 0
0.01000000010002066 -0.01374999986434054 0
0.01000000010002127 -0.01249999988071768 0
0.01000000010002188 -0.011249999897096 0
0.01000000010002249 -0.009999999913475315 0
0.0100000001000231 -0.008749999929853418 0
0.01000000010002371 -0.007499999946231266 0
0.01000000010002432 -0.006249999962608504 0
0.01000000010002493 -0.004999999978984844 0
0.01000000010002553 -0.003749999995361447 0
0.01000000010002614 -0.00250000001173767 0
0.01000000010002675 -0.001250000028114263 0
0.01000000010002736 -4.449152591484706e-11 0
0.01000000010002797 0.001249999939131201 0
0.01000000010002858 0.002499999922753806 0
0.01000000010002919 0.003749999906377079 0
0.0112500001124799 -0.09374999881637253 0
0.0112500001124806 -0.0924999988327429 0
0.0112500001124813 -0.09124999884911711 0
0.011250000112482 -0.08999999886548787 0
0.0112500001124827 -0.0887499988818606 0
0.0112500001124834 -0.08749999889823314 0
0.0112500001124841 -0.08624999891460354 0
0.0112500001124848 -0.08499999893097772 0
0.0112500001124855 -0.08374999894734848 0
0.0112500001124862 -0.08249999896372122 0
0.01125000011248689 -0.0812499989800978 0
0.0112500001124876 -0.07999999899646941 0
0.01125000011248829 -0.07874999901284192 0
0.01125000011248899 -0.07749999902921513 0
0.01125000011248969 -0.07624999904558544 0
0.01125000011249039 -0.0749999990619596 0
0.01125000011249109 -0.07374999907833089 0
0.01125000011249179 -0.07249999909470317 0
0.01125000011249249 -0.07124999911107636 0
0.01125000011249319 -0.06999999912744667 0
0.01125000011249389 -0.06874999914382086 0
0.01125000011249458 -0.06749999916019213 0
0.01125000011249529 -0.06624999917656439 0
0.01125000011249598 -0.06499999919293761 0
0.01125000011249668 -0.06374999920930821 0
0.01125000011249738 -0.06249999922568269 0
0.01125000011249808 -0.06124999924205395 0
0.01125000011249878 -0.0599999992584262 0
0.01125000011249949 -0.05874999927480277 0
0.01125000011250018 -0.05749999929117453 0
0.01125000011250088 -0.05624999930754752 0
0.01125000011250158 -0.05499999932392143 0
0.01125000011250228 -0.05374999934029367 0
0.01125000011250298 -0.05249999935666592 0
0.01125000011250367 -0.05124999937303817 0
0.01125000011250437 -0.0499999993894104 0
0.01125000011250508 -0.04874999940578285 0
0.01125000011250578 -0.04749999942215532 0
0.01125000011250647 -0.04624999943852783 0
0.01125000011250717 -0.04499999945490136 0
0.01125000011250787 -0.04374999947127951 0
0.01125000011250857 -0.04249999948765871 0
0.01125000011250927 -0.04124999950403792 0
0.01125000011250997 -0.03999999952041663 0
0.01125000011251067 -0.03874999953679393 0
0.01125000011251137 -0.0374999995531712 0
0.01125000011251207 -0.0362499995695485 0
0.01125000011251277 -0.03499999958592578 0
0.01125000011251347 -0.03374999960230329 0
0.01125000011251417 -0.03249999961868065 0
0.01125000011251487 -0.03124999963505788 0
0.01125000011251557 -0.02999999965143571 0
0.01125000011251626 -0.02874999966781299 0
0.01125000011251696 -0.02749999968419016 0
0.01125000011251766 -0.02624999970056829 0
0.01125000011251836 -0.02499999971694592 0
0.01125000011251906 -0.02374999973332333 0
0.01125000011251976 -0.02249999974970061 0
0.01125000011252046 -0.02124999976607777 0
0.01125000011252116 -0.0199999997824553 0
0.01125000011252186 -0.01874999979883235 0
0.01125000011252256 -0.01749999981520974 0
0.01125000011252326 -0.01624999983158702 0
0.01125000011252396 -0.01499999984796419 0
0.01125000011252466 -0.0137499998643417 0
0.01125000011252535 -0.01249999988071874 0
0.01125000011252605 -0.01124999989709698 0
0.01125000011252675 -0.009999999913476188 0
0.01125000011252746 -0.008749999929854181 0
0.01125000011252815 -0.007499999946232016 0
0.01125000011252885 -0.006249999962609172 0
0.01125000011252955 -0.004999999978985428 0
0.01125000011253025 -0.003749999995361989 0
0.01125000011253095 -0.002500000011738124 0
0.01125000011253165 -0.001250000028114656 0
0.01125000011253235 -4.449184510396664e-11 0
0.01125000011253305 0.001249999939130986 0
0.01125000011253375 0.00249999992275364 0
0.01125000011253445 0.003749999906377009 0
0.01250000012497744 -0.09374999881637261 0
0.01250000012497817 -0.09249999883274301 0
0.01250000012497889 -0.09124999884911725 0
0.01250000012497961 -0.08999999886548814 0
0.01250000012498034 -0.08874999888186094 0
0.01250000012498106 -0.08749999889823355 0
0.01250000012498178 -0.08624999891460398 0
0.0125000001249825 -0.0849999989309782 0
0.01250000012498323 -0.08374999894734909 0
0.01250000012498395 -0.0824999989637219 0
0.01250000012498467 -0.08124999898009852 0
0.0125000001249854 -0.07999999899647027 0
0.01250000012498611 -0.07874999901284287 0
0.01250000012498684 -0.07749999902921614 0
0.01250000012498756 -0.07624999904558655 0
0.01250000012498828 -0.0749999990619608 0
0.012500000124989 -0.07374999907833217 0
0.01250000012498973 -0.07249999909470449 0
0.01250000012499045 -0.07124999911107777 0
0.01250000012499117 -0.06999999912744818 0
0.0125000001249919 -0.06874999914382242 0
0.01250000012499262 -0.06749999916019382 0
0.01250000012499334 -0.06624999917656613 0
0.01250000012499406 -0.06499999919293943 0
0.01250000012499479 -0.06374999920931018 0
0.01250000012499551 -0.06249999922568474 0
0.01250000012499624 -0.0612499992420561 0
0.01250000012499695 -0.05999999925842844 0
0.01250000012499767 -0.05874999927480502 0
0.0125000001249984 -0.05749999929117689 0
0.01250000012499912 -0.0562499993075499 0
0.01250000012499985 -0.0549999993239239 0
0.01250000012500057 -0.05374999934029622 0
0.01250000012500129 -0.05249999935666855 0
0.01250000012500201 -0.05124999937304088 0
0.01250000012500274 -0.04999999938941321 0
0.01250000012500346 -0.04874999940578573 0
0.01250000012500418 -0.04749999942215831 0
0.01250000012500491 -0.04624999943853091 0
0.01250000012500563 -0.04499999945490454 0
0.01250000012500635 -0.04374999947128263 0
0.01250000012500707 -0.0424999994876617 0
0.0125000001250078 -0.0412499995040408 0
0.01250000012500852 -0.03999999952041944 0
0.01250000012500924 -0.03874999953679664 0
0.01250000012500996 -0.03749999955317384 0
0.01250000012501069 -0.03624999956955106 0
0.01250000012501141 -0.03499999958592823 0
0.01250000012501213 -0.03374999960230567 0
0.01250000012501285 -0.03249999961868298 0
0.01250000012501357 -0.03124999963506013 0
0.0125000001250143 -0.02999999965143793 0
0.01250000012501502 -0.02874999966781514 0
0.01250000012501575 -0.02749999968419221 0
0.01250000012501647 -0.02624999970057027 0
0.01250000012501719 -0.02499999971694779 0
0.01250000012501791 -0.02374999973332513 0
0.01250000012501864 -0.02249999974970234 0
0.01250000012501936 -0.0212499997660794 0
0.01250000012502008 -0.01999999978245688 0
0.01250000012502081 -0.0187499997988338 0
0.01250000012502153 -0.01749999981521114 0
0.01250000012502225 -0.01624999983158834 0
0.01250000012502297 -0.0149999998479654 0
0.01250000012502369 -0.01374999986434287 0
0.01250000012502442 -0.0124999998807198 0
0.01250000012502514 -0.01124999989709796 0
0.01250000012502587 -0.009999999913477053 0
0.01250000012502659 -0.008749999929854948 0
0.01250000012502731 -0.007499999946232756 0
0.01250000012502803 -0.006249999962609843 0
0.01250000012502876 -0.004999999978986012 0
0.01250000012502948 -0.003749999995362532 0
0.0125000001250302 -0.002500000011738578 0
0.01250000012503092 -0.001250000028115046 0
0.01250000012503164 -4.449216429308622e-11 0
0.01250000012503237 0.001249999939130769 0
0.01250000012503309 0.002499999922753475 0
0.01250000012503381 0.003749999906376939 0
0.01375000013747405 -0.09374999881637265 0
0.01375000013747481 -0.09249999883274312 0
0.01375000013747557 -0.09124999884911743 0
0.01375000013747633 -0.08999999886548841 0
0.01375000013747708 -0.08874999888186129 0
0.01375000013747784 -0.08749999889823397 0
0.0137500001374786 -0.08624999891460441 0
0.01375000013747936 -0.08499999893097872 0
0.01375000013748012 -0.08374999894734972 0
0.01375000013748088 -0.08249999896372257 0
0.01375000013748163 -0.08124999898009919 0
0.01375000013748238 -0.0799999989964711 0
0.01375000013748315 -0.07874999901284381 0
0.01375000013748391 -0.07749999902921714 0
0.01375000013748466 -0.07624999904558767 0
0.01375000013748542 -0.07499999906196196 0
0.01375000013748618 -0.07374999907833345 0
0.01375000013748694 -0.07249999909470581 0
0.01375000013748769 -0.07124999911107918 0
0.01375000013748845 -0.06999999912744972 0
0.01375000013748921 -0.068749999143824 0
0.01375000013748997 -0.0674999991601955 0
0.01375000013749073 -0.06624999917656789 0
0.01375000013749149 -0.06499999919294124 0
0.01375000013749225 -0.06374999920931215 0
0.013750000137493 -0.06249999922568679 0
0.01375000013749376 -0.06124999924205825 0
0.01375000013749451 -0.05999999925843066 0
0.01375000013749528 -0.05874999927480727 0
0.01375000013749603 -0.05749999929117921 0
0.01375000013749679 -0.0562499993075523 0
0.01375000013749755 -0.05499999932392634 0
0.01375000013749831 -0.05374999934029877 0
0.01375000013749907 -0.05249999935667118 0
0.01375000013749982 -0.05124999937304358 0
0.01375000013750058 -0.04999999938941599 0
0.01375000013750134 -0.04874999940578862 0
0.01375000013750209 -0.0474999994221613 0
0.01375000013750285 -0.04624999943853403 0
0.01375000013750361 -0.04499999945490771 0
0.01375000013750437 -0.04374999947128572 0
0.01375000013750513 -0.04249999948766472 0
0.01375000013750588 -0.04124999950404371 0
0.01375000013750664 -0.03999999952042222 0
0.0137500001375074 -0.03874999953679936 0
0.01375000013750816 -0.03749999955317647 0
0.01375000013750892 -0.03624999956955358 0
0.01375000013750968 -0.03499999958593071 0
0.01375000013751043 -0.03374999960230809 0
0.01375000013751119 -0.03249999961868533 0
0.01375000013751195 -0.03124999963506238 0
0.01375000013751271 -0.02999999965144016 0
0.01375000013751346 -0.02874999966781729 0
0.01375000013751422 -0.02749999968419426 0
0.01375000013751498 -0.02624999970057226 0
0.01375000013751574 -0.02499999971694967 0
0.0137500001375165 -0.02374999973332694 0
0.01375000013751726 -0.02249999974970406 0
0.01375000013751801 -0.02124999976608103 0
0.01375000013751877 -0.01999999978245845 0
0.01375000013751953 -0.01874999979883528 0
0.01375000013752029 -0.01749999981521254 0
0.01375000013752104 -0.01624999983158965 0
0.0137500001375218 -0.01499999984796663 0
0.01375000013752256 -0.01374999986434404 0
0.01375000013752332 -0.01249999988072086 0
0.01375000013752408 -0.01124999989709894 0
0.01375000013752483 -0.009999999913477928 0
0.01375000013752559 -0.008749999929855715 0
0.01375000013752635 -0.007499999946233502 0
0.01375000013752711 -0.006249999962610518 0
0.01375000013752786 -0.004999999978986595 0
0.01375000013752862 -0.003749999995363074 0
0.01375000013752938 -0.002500000011739034 0
0.01375000013753014 -0.001250000028115437 0
0.0137500001375309 -4.44924834822058e-11 0
0.01375000013753165 0.001249999939130553 0
0.01375000013753241 0.00249999992275331 0
0.01375000013753317 0.00374999990637687 0
0.01500000014997067 -0.09374999881637269 0
0.01500000014997153 -0.09249999883274321 0
0.01500000014997241 -0.09124999884911759 0
0.01500000014997327 -0.08999999886548868 0
0.01500000014997414 -0.08874999888186162 0
0.01500000014997501 -0.08749999889823433 0
0.01500000014997588 -0.08624999891460486 0
0.01500000014997675 -0.08499999893097922 0
0.01500000014997761 -0.0837499989473503 0
0.01500000014997848 -0.08249999896372322 0
0.01500000014997935 -0.08124999898009991 0
0.01500000014998022 -0.07999999899647192 0
0.01500000014998109 -0.07874999901284473 0
0.01500000014998196 -0.07749999902921816 0
0.01500000014998282 -0.0762499990455888 0
0.01500000014998369 -0.07499999906196313 0
0.01500000014998456 -0.07374999907833471 0
0.01500000014998544 -0.07249999909470721 0
0.0150000001499863 -0.0712499991110806 0
0.01500000014998717 -0.06999999912745125 0
0.01500000014998804 -0.0687499991438256 0
0.01500000014998891 -0.06749999916019715 0
0.01500000014998977 -0.06624999917656964 0
0.01500000014999064 -0.06499999919294304 0
0.01500000014999151 -0.0637499992093141 0
0.01500000014999238 -0.06249999922568882 0
0.01500000014999325 -0.0612499992420604 0
0.01500000014999412 -0.0599999992584329 0
0.01500000014999498 -0.05874999927480953 0
0.01500000014999585 -0.05749999929118155 0
0.01500000014999672 -0.05624999930755474 0
0.01500000014999759 -0.0549999993239288 0
0.01500000014999846 -0.05374999934030131 0
0.01500000014999932 -0.0524999993566738 0
0.01500000015000019 -0.0512499993730463 0
0.01500000015000106 -0.04999999938941876 0
0.01500000015000193 -0.04874999940579151 0
0.0150000001500028 -0.0474999994221643 0
0.01500000015000367 -0.04624999943853714 0
0.01500000015000454 -0.04499999945491091 0
0.0150000001500054 -0.04374999947128883 0
0.01500000015000627 -0.04249999948766771 0
0.01500000015000714 -0.0412499995040466 0
0.01500000015000801 -0.03999999952042501 0
0.01500000015000888 -0.03874999953680207 0
0.01500000015000975 -0.03749999955317909 0
0.01500000015001062 -0.03624999956955613 0
0.01500000015001148 -0.03499999958593317 0
0.01500000015001235 -0.0337499996023105 0
0.01500000015001322 -0.03249999961868767 0
0.01500000015001409 -0.03124999963506463 0
0.01500000015001496 -0.02999999965144239 0
0.01500000015001583 -0.02874999966781944 0
0.01500000015001669 -0.02749999968419631 0
0.01500000015001756 -0.02624999970057424 0
0.01500000015001843 -0.02499999971695153 0
0.0150000001500193 -0.02374999973332874 0
0.01500000015002017 -0.02249999974970579 0
0.01500000015002103 -0.02124999976608265 0
0.01500000015002191 -0.01999999978246003 0
0.01500000015002277 -0.01874999979883674 0
0.01500000015002364 -0.01749999981521394 0
0.01500000015002451 -0.01624999983159097 0
0.01500000015002538 -0.01499999984796785 0
0.01500000015002624 -0.01374999986434521 0
0.01500000015002712 -0.01249999988072192 0
0.01500000015002799 -0.01124999989709992 0
0.01500000015002885 -0.009999999913478804 0
0.01500000015002972 -0.008749999929856478 0
0.01500000015003059 -0.007499999946234247 0
0.01500000015003146 -0.006249999962611191 0
0.01500000015003233 -0.004999999978987177 0
0.01500000015003319 -0.003749999995363616 0
0.01500000015003406 -0.002500000011739489 0
0.01500000015003493 -0.00125000002811583 0
0.0150000001500358 -4.449280267132538e-11 0
0.01500000015003666 0.001249999939130336 0
0.01500000015003754 0.002499999922753144 0
0.0150000001500384 0.0037499999063768 0
0.0162500001624671 -0.09374999881637275 0
0.0162500001624681 -0.09249999883274332 0
0.01625000016246909 -0.09124999884911773 0
0.01625000016247008 -0.08999999886548894 0
0.01625000016247108 -0.08874999888186197 0
0.01625000016247207 -0.08749999889823472 0
0.01625000016247307 -0.08624999891460532 0
0.01625000016247406 -0.08499999893097972 0
0.01625000016247505 -0.08374999894735091 0
0.01625000016247605 -0.08249999896372394 0
0.01625000016247705 -0.08124999898010062 0
0.01625000016247805 -0.07999999899647274 0
0.01625000016247904 -0.07874999901284567 0
0.01625000016248004 -0.07749999902921915 0
0.01625000016248103 -0.07624999904558986 0
0.01625000016248202 -0.07499999906196429 0
0.01625000016248302 -0.07374999907833597 0
0.01625000016248401 -0.07249999909470854 0
0.01625000016248501 -0.07124999911108201 0
0.016250000162486 -0.06999999912745275 0
0.016250000162487 -0.06874999914382715 0
0.016250000162488 -0.06749999916019883 0
0.016250000162489 -0.06624999917657141 0
0.01625000016248999 -0.06499999919294487 0
0.01625000016249098 -0.06374999920931607 0
0.01625000016249198 -0.06249999922569088 0
0.01625000016249297 -0.06124999924206256 0
0.01625000016249397 -0.05999999925843511 0
0.01625000016249496 -0.05874999927481177 0
0.01625000016249595 -0.05749999929118389 0
0.01625000016249695 -0.05624999930755713 0
0.01625000016249794 -0.05499999932393127 0
0.01625000016249895 -0.05374999934030386 0
0.01625000016249994 -0.05249999935667644 0
0.01625000016250093 -0.05124999937304899 0
0.01625000016250193 -0.04999999938942157 0
0.01625000016250292 -0.04874999940579441 0
0.01625000016250392 -0.0474999994221673 0
0.01625000016250491 -0.04624999943854025 0
0.01625000016250591 -0.04499999945491408 0
0.0162500001625069 -0.04374999947129193 0
0.0162500001625079 -0.04249999948767071 0
0.0162500001625089 -0.04124999950404949 0
0.01625000016250989 -0.0399999995204278 0
0.01625000016251088 -0.03874999953680477 0
0.01625000016251188 -0.03749999955318173 0
0.01625000016251287 -0.03624999956955869 0
0.01625000016251387 -0.03499999958593564 0
0.01625000016251486 -0.03374999960231289 0
0.01625000016251586 -0.03249999961869 0
0.01625000016251685 -0.03124999963506687 0
0.01625000016251785 -0.02999999965144462 0
0.01625000016251884 -0.02874999966782159 0
0.01625000016251985 -0.02749999968419836 0
0.01625000016252083 -0.02624999970057624 0
0.01625000016252183 -0.02499999971695341 0
0.01625000016252283 -0.02374999973333055 0
0.01625000016252382 -0.0224999997497075 0
0.01625000016252482 -0.02124999976608428 0
0.01625000016252581 -0.0199999997824616 0
0.01625000016252681 -0.0187499997988382 0
0.0162500001625278 -0.01749999981521533 0
0.01625000016252879 -0.01624999983159228 0
0.01625000016252979 -0.01499999984796907 0
0.01625000016253078 -0.01374999986434637 0
0.01625000016253178 -0.01249999988072297 0
0.01625000016253278 -0.01124999989710089 0
0.01625000016253377 -0.009999999913479671 0
0.01625000016253476 -0.008749999929857241 0
0.01625000016253576 -0.00749999994623499 0
0.01625000016253675 -0.006249999962611863 0
0.01625000016253775 -0.00499999997898776 0
0.01625000016253875 -0.00374999999536416 0
0.01625000016253975 -0.002500000011739943 0
0.01625000016254073 -0.001250000028116221 0
0.01625000016254173 -4.449312186044496e-11 0
0.01625000016254273 0.00124999993913012 0
0.01625000016254373 0.002499999922752979 0
0.01625000016254471 0.003749999906376729 0
0.01750000017496347 -0.0937499988163728 0
0.01750000017496453 -0.09249999883274344 0
0.0175000001749656 -0.09124999884911791 0
0.01750000017496665 -0.08999999886548918 0
0.01750000017496772 -0.0887499988818623 0
0.01750000017496877 -0.08749999889823513 0
0.01750000017496983 -0.08624999891460573 0
0.0175000001749709 -0.08499999893098023 0
0.01750000017497196 -0.08374999894735152 0
0.01750000017497302 -0.08249999896372458 0
0.01750000017497408 -0.0812499989801013 0
0.01750000017497513 -0.07999999899647359 0
0.0175000001749762 -0.07874999901284664 0
0.01750000017497726 -0.07749999902922018 0
0.01750000017497833 -0.07624999904559102 0
0.01750000017497939 -0.07499999906196549 0
0.01750000017498044 -0.07374999907833721 0
0.0175000001749815 -0.07249999909470987 0
0.01750000017498257 -0.07124999911108343 0
0.01750000017498363 -0.0699999991274543 0
0.01750000017498469 -0.06874999914382873 0
0.01750000017498575 -0.06749999916020047 0
0.01750000017498681 -0.06624999917657313 0
0.01750000017498787 -0.06499999919294669 0
0.01750000017498893 -0.06374999920931802 0
0.01750000017498999 -0.06249999922569292 0
0.01750000017499106 -0.06124999924206468 0
0.01750000017499212 -0.05999999925843733 0
0.01750000017499317 -0.05874999927481402 0
0.01750000017499424 -0.05749999929118621 0
0.01750000017499529 -0.05624999930755954 0
0.01750000017499636 -0.05499999932393374 0
0.01750000017499742 -0.05374999934030641 0
0.01750000017499848 -0.05249999935667907 0
0.01750000017499954 -0.05124999937305171 0
0.01750000017500061 -0.04999999938942436 0
0.01750000017500166 -0.04874999940579729 0
0.01750000017500272 -0.04749999942217029 0
0.01750000017500378 -0.04624999943854335 0
0.01750000017500485 -0.04499999945491726 0
0.01750000017500591 -0.04374999947129504 0
0.01750000017500696 -0.04249999948767371 0
0.01750000017500803 -0.04124999950405237 0
0.01750000017500909 -0.0399999995204306 0
0.01750000017501015 -0.03874999953680748 0
0.01750000017501121 -0.03749999955318435 0
0.01750000017501228 -0.03624999956956122 0
0.01750000017501333 -0.03499999958593809 0
0.01750000017501439 -0.0337499996023153 0
0.01750000017501546 -0.03249999961869234 0
0.01750000017501652 -0.03124999963506912 0
0.01750000017501758 -0.02999999965144683 0
0.01750000017501863 -0.02874999966782373 0
0.0175000001750197 -0.02749999968420042 0
0.01750000017502076 -0.02624999970057823 0
0.01750000017502183 -0.02499999971695528 0
0.01750000017502288 -0.02374999973333235 0
0.01750000017502394 -0.02249999974970922 0
0.017500000175025 -0.02124999976608591 0
0.01750000017502606 -0.01999999978246317 0
0.01750000017502713 -0.01874999979883967 0
0.01750000017502818 -0.01749999981521673 0
0.01750000017502925 -0.0162499998315936 0
0.0175000001750303 -0.01499999984797029 0
0.01750000017503138 -0.01374999986434754 0
0.01750000017503243 -0.01249999988072403 0
0.0175000001750335 -0.01124999989710188 0
0.01750000017503455 -0.009999999913480545 0
0.01750000017503561 -0.008749999929858008 0
0.01750000017503667 -0.007499999946235734 0
0.01750000017503774 -0.006249999962612537 0
0.0175000001750388 -0.004999999978988342 0
0.01750000017503986 -0.003749999995364701 0
0.01750000017504092 -0.002500000011740396 0
0.01750000017504198 -0.001250000028116612 0
0.01750000017504304 -4.449344104956454e-11 0
0.0175000001750441 0.001249999939129903 0
0.01750000017504516 0.002499999922752814 0
0.01750000017504622 0.00374999990637666 0
0.01875000018745969 -0.09374999881637286 0
0.0187500001874608 -0.09249999883274351 0
0.01875000018746192 -0.09124999884911807 0
0.01875000018746303 -0.08999999886548946 0
0.01875000018746415 -0.08874999888186262 0
0.01875000018746526 -0.08749999889823552 0
0.01875000018746638 -0.08624999891460619 0
0.0187500001874675 -0.08499999893098069 0
0.01875000018746861 -0.08374999894735212 0
0.01875000018746972 -0.08249999896372529 0
0.01875000018747084 -0.081249998980102 0
0.01875000018747195 -0.07999999899647441 0
0.01875000018747307 -0.07874999901284756 0
0.01875000018747418 -0.07749999902922118 0
0.0187500001874753 -0.07624999904559217 0
0.01875000018747641 -0.07499999906196667 0
0.01875000018747752 -0.07374999907833849 0
0.01875000018747863 -0.07249999909471122 0
0.01875000018747975 -0.07124999911108484 0
0.01875000018748087 -0.0699999991274558 0
0.01875000018748198 -0.06874999914383031 0
0.01875000018748309 -0.06749999916020215 0
0.01875000018748421 -0.0662499991765749 0
0.01875000018748532 -0.06499999919294852 0
0.01875000018748644 -0.06374999920931998 0
0.01875000018748755 -0.06249999922569498 0
0.01875000018748867 -0.06124999924206684 0
0.01875000018748978 -0.05999999925843957 0
0.0187500001874909 -0.05874999927481626 0
0.01875000018749202 -0.05749999929118854 0
0.01875000018749313 -0.05624999930756196 0
0.01875000018749425 -0.05499999932393622 0
0.01875000018749536 -0.05374999934030895 0
0.01875000018749647 -0.05249999935668168 0
0.01875000018749759 -0.05124999937305443 0
0.0187500001874987 -0.04999999938942714 0
0.01875000018749982 -0.04874999940580019 0
0.01875000018750093 -0.0474999994221733 0
0.01875000018750204 -0.04624999943854648 0
0.01875000018750316 -0.04499999945492045 0
0.01875000018750427 -0.04374999947129815 0
0.01875000018750539 -0.04249999948767672 0
0.01875000018750651 -0.04124999950405526 0
0.01875000018750762 -0.03999999952043337 0
0.01875000018750873 -0.0387499995368102 0
0.01875000018750985 -0.03749999955318697 0
0.01875000018751096 -0.03624999956956376 0
0.01875000018751208 -0.03499999958594054 0
0.01875000018751319 -0.03374999960231772 0
0.01875000018751431 -0.03249999961869466 0
0.01875000018751542 -0.03124999963507136 0
0.01875000018751653 -0.02999999965144908 0
0.01875000018751765 -0.02874999966782588 0
0.01875000018751877 -0.02749999968420246 0
0.01875000018751988 -0.02624999970058021 0
0.01875000018752099 -0.02499999971695714 0
0.01875000018752211 -0.02374999973333415 0
0.01875000018752322 -0.02249999974971095 0
0.01875000018752434 -0.02124999976608754 0
0.01875000018752546 -0.01999999978246475 0
0.01875000018752657 -0.01874999979884114 0
0.01875000018752768 -0.01749999981521813 0
0.01875000018752879 -0.01624999983159492 0
0.01875000018752991 -0.01499999984797151 0
0.01875000018753103 -0.01374999986434871 0
0.01875000018753214 -0.0124999998807251 0
0.01875000018753326 -0.01124999989710286 0
0.01875000018753437 -0.009999999913481411 0
0.01875000018753548 -0.008749999929858775 0
0.0187500001875366 -0.007499999946236482 0
0.01875000018753771 -0.006249999962613207 0
0.01875000018753883 -0.004999999978988924 0
0.01875000018753995 -0.003749999995365244 0
0.01875000018754105 -0.002500000011740851 0
0.01875000018754218 -0.001250000028117004 0
0.01875000018754329 -4.449376067236499e-11 0
0.0187500001875444 0.001249999939129686 0
0.01875000018754551 0.00249999992275265 0
0.01875000018754663 0.00374999990637659 0
0.02000000019995598 -0.09374999881637291 0
0.02000000019995723 -0.09249999883274367 0
0.02000000019995847 -0.09124999884911822 0
0.02000000019995972 -0.08999999886548973 0
0.02000000019996095 -0.08874999888186297 0
0.02000000019996219 -0.08749999889823593 0
0.02000000019996344 -0.08624999891460666 0
0.02000000019996469 -0.08499999893098122 0
0.02000000019996593 -0.08374999894735273 0
0.02000000019996717 -0.08249999896372594 0
0.02000000019996841 -0.08124999898010267 0
0.02000000019996965 -0.07999999899647529 0
0.02000000019997089 -0.0787499990128485 0
0.02000000019997214 -0.07749999902922219 0
0.02000000019997338 -0.07624999904559326 0
0.02000000019997462 -0.07499999906196782 0
0.02000000019997587 -0.07374999907833976 0
0.0200000001999771 -0.07249999909471259 0
0.02000000019997835 -0.07124999911108626 0
0.0200000001999796 -0.06999999912745736 0
0.02000000019998084 -0.06874999914383188 0
0.02000000019998208 -0.06749999916020381 0
0.02000000019998333 -0.06624999917657665 0
0.02000000019998457 -0.06499999919295033 0
0.02000000019998581 -0.06374999920932196 0
0.02000000019998706 -0.06249999922569702 0
0.0200000001999883 -0.06124999924206899 0
0.02000000019998954 -0.05999999925844179 0
0.02000000019999078 -0.05874999927481851 0
0.02000000019999203 -0.05749999929119089 0
0.02000000019999327 -0.05624999930756436 0
0.02000000019999451 -0.05499999932393866 0
0.02000000019999575 -0.05374999934031149 0
0.020000000199997 -0.05249999935668431 0
0.02000000019999824 -0.05124999937305712 0
0.02000000019999948 -0.04999999938942994 0
0.02000000020000073 -0.04874999940580309 0
0.02000000020000197 -0.04749999942217631 0
0.02000000020000321 -0.04624999943854957 0
0.02000000020000445 -0.04499999945492363 0
0.0200000002000057 -0.04374999947130126 0
0.02000000020000694 -0.04249999948767971 0
0.02000000020000818 -0.04124999950405814 0
0.02000000020000943 -0.03999999952043617 0
0.02000000020001067 -0.0387499995368129 0
0.02000000020001191 -0.0374999995531896 0
0.02000000020001316 -0.03624999956956632 0
0.0200000002000144 -0.03499999958594301 0
0.02000000020001564 -0.03374999960232013 0
0.02000000020001688 -0.032499999618697 0
0.02000000020001813 -0.03124999963507361 0
0.02000000020001936 -0.02999999965145131 0
0.02000000020002062 -0.02874999966782802 0
0.02000000020002185 -0.02749999968420452 0
0.0200000002000231 -0.0262499997005822 0
0.02000000020002434 -0.02499999971695902 0
0.02000000020002558 -0.02374999973333596 0
0.02000000020002682 -0.02249999974971267 0
0.02000000020002807 -0.02124999976608917 0
0.02000000020002932 -0.01999999978246631 0
0.02000000020003055 -0.0187499997988426 0
0.0200000002000318 -0.01749999981521952 0
0.02000000020003304 -0.01624999983159624 0
0.02000000020003428 -0.01499999984797273 0
0.02000000020003553 -0.01374999986434988 0
0.02000000020003677 -0.01249999988072615 0
0.02000000020003802 -0.01124999989710383 0
0.02000000020003925 -0.009999999913482287 0
0.0200000002000405 -0.00874999992985954 0
0.02000000020004174 -0.007499999946237224 0
0.02000000020004299 -0.006249999962613878 0
0.02000000020004423 -0.004999999978989507 0
0.02000000020004547 -0.003749999995365786 0
0.02000000020004671 -0.002500000011741307 0
0.02000000020004795 -0.001250000028117394 0
0.0200000002000492 -4.449407899412283e-11 0
0.02000000020005045 0.00124999993912947 0
0.02000000020005169 0.002499999922752485 0
0.02000000020005293 0.003749999906376521 0
0.02125000021245241 -0.09374999881637297 0
0.02125000021245377 -0.09249999883274376 0
0.02125000021245513 -0.09124999884911839 0
0.02125000021245649 -0.08999999886549 0
0.02125000021245787 -0.08874999888186332 0
0.02125000021245923 -0.0874999988982363 0
0.02125000021246059 -0.08624999891460712 0
0.02125000021246195 -0.0849999989309817 0
0.02125000021246332 -0.08374999894735333 0
0.02125000021246468 -0.08249999896372662 0
0.02125000021246604 -0.08124999898010341 0
0.0212500002124674 -0.0799999989964761 0
0.02125000021246876 -0.07874999901284944 0
0.02125000021247013 -0.07749999902922319 0
0.02125000021247149 -0.07624999904559437 0
0.02125000021247285 -0.074999999061969 0
0.02125000021247422 -0.07374999907834102 0
0.02125000021247557 -0.07249999909471393 0
0.02125000021247694 -0.07124999911108769 0
0.0212500002124783 -0.06999999912745886 0
0.02125000021247967 -0.06874999914383347 0
0.02125000021248103 -0.06749999916020551 0
0.02125000021248239 -0.06624999917657839 0
0.02125000021248375 -0.06499999919295216 0
0.02125000021248512 -0.06374999920932392 0
0.02125000021248648 -0.06249999922569911 0
0.02125000021248784 -0.06124999924207114 0
0.0212500002124892 -0.05999999925844403 0
0.02125000021249057 -0.05874999927482075 0
0.02125000021249193 -0.05749999929119322 0
0.02125000021249329 -0.05624999930756675 0
0.02125000021249466 -0.05499999932394113 0
0.02125000021249602 -0.05374999934031405 0
0.02125000021249738 -0.05249999935668695 0
0.02125000021249874 -0.05124999937305984 0
0.02125000021250011 -0.04999999938943273 0
0.02125000021250147 -0.04874999940580598 0
0.02125000021250283 -0.04749999942217931 0
0.02125000021250419 -0.04624999943855268 0
0.02125000021250555 -0.04499999945492681 0
0.02125000021250693 -0.04374999947130437 0
0.02125000021250829 -0.04249999948768271 0
0.02125000021250965 -0.04124999950406105 0
0.02125000021251101 -0.03999999952043896 0
0.02125000021251237 -0.0387499995368156 0
0.02125000021251373 -0.03749999955319222 0
0.0212500002125151 -0.03624999956956886 0
0.02125000021251646 -0.03499999958594549 0
0.02125000021251782 -0.03374999960232253 0
0.02125000021251919 -0.03249999961869934 0
0.02125000021252055 -0.03124999963507585 0
0.02125000021252191 -0.02999999965145354 0
0.02125000021252327 -0.02874999966783016 0
0.02125000021252463 -0.02749999968420656 0
0.021250000212526 -0.02624999970058419 0
0.02125000021252736 -0.02499999971696089 0
0.02125000021252873 -0.02374999973333776 0
0.02125000021253009 -0.02249999974971439 0
0.02125000021253145 -0.02124999976609079 0
0.02125000021253281 -0.0199999997824679 0
0.02125000021253418 -0.01874999979884406 0
0.02125000021253554 -0.01749999981522092 0
0.02125000021253691 -0.01624999983159756 0
0.02125000021253826 -0.01499999984797395 0
0.02125000021253963 -0.01374999986435105 0
0.021250000212541 -0.01249999988072721 0
0.02125000021254236 -0.01124999989710481 0
0.02125000021254372 -0.009999999913483163 0
0.02125000021254508 -0.008749999929860305 0
0.02125000021254644 -0.007499999946237967 0
0.0212500002125478 -0.006249999962614555 0
0.02125000021254917 -0.004999999978990091 0
0.02125000021255053 -0.00374999999536633 0
0.02125000021255189 -0.00250000001174176 0
0.02125000021255326 -0.001250000028117786 0
0.02125000021255462 -4.449439948428502e-11 0
0.02125000021255598 0.001249999939129254 0
0.02125000021255734 0.00249999992275232 0
0.0212500002125587 0.00374999990637645 0
0.02250000022494903 -0.09374999881637303 0
0.02250000022495043 -0.09249999883274387 0
0.02250000022495183 -0.09124999884911852 0
0.02250000022495324 -0.08999999886549025 0
0.02250000022495464 -0.08874999888186365 0
0.02250000022495605 -0.08749999889823669 0
0.02250000022495745 -0.08624999891460755 0
0.02250000022495886 -0.08499999893098223 0
0.02250000022496026 -0.08374999894735391 0
0.02250000022496167 -0.0824999989637273 0
0.02250000022496307 -0.08124999898010404 0
0.02250000022496447 -0.07999999899647692 0
0.02250000022496588 -0.07874999901285039 0
0.02250000022496729 -0.07749999902922418 0
0.02250000022496868 -0.07624999904559548 0
0.02250000022497009 -0.07499999906197015 0
0.0225000002249715 -0.07374999907834229 0
0.0225000002249729 -0.07249999909471526 0
0.0225000002249743 -0.07124999911108909 0
0.02250000022497571 -0.06999999912746038 0
0.02250000022497712 -0.06874999914383505 0
0.02250000022497852 -0.0674999991602072 0
0.02250000022497993 -0.06624999917658018 0
0.02250000022498133 -0.06499999919295397 0
0.02250000022498273 -0.06374999920932588 0
0.02250000022498413 -0.06249999922570115 0
0.02250000022498554 -0.06124999924207327 0
0.02250000022498695 -0.05999999925844625 0
0.02250000022498835 -0.058749999274823 0
0.02250000022498976 -0.05749999929119556 0
0.02250000022499116 -0.05624999930756917 0
0.02250000022499257 -0.05499999932394359 0
0.02250000022499397 -0.05374999934031658 0
0.02250000022499538 -0.05249999935668956 0
0.02250000022499678 -0.05124999937306253 0
0.02250000022499819 -0.04999999938943552 0
0.02250000022499959 -0.04874999940580887 0
0.022500000225001 -0.04749999942218231 0
0.0225000002250024 -0.04624999943855579 0
0.0225000002250038 -0.04499999945493 0
0.02250000022500521 -0.04374999947130747 0
0.02250000022500662 -0.0424999994876857 0
0.02250000022500802 -0.04124999950406394 0
0.02250000022500943 -0.03999999952044176 0
0.02250000022501083 -0.03874999953681831 0
0.02250000022501223 -0.03749999955319484 0
0.02250000022501364 -0.03624999956957139 0
0.02250000022501504 -0.03499999958594796 0
0.02250000022501645 -0.03374999960232493 0
0.02250000022501785 -0.03249999961870168 0
0.02250000022501926 -0.03124999963507812 0
0.02250000022502066 -0.02999999965145575 0
0.02250000022502206 -0.0287499996678323 0
0.02250000022502347 -0.02749999968420861 0
0.02250000022502488 -0.02624999970058618 0
0.02250000022502628 -0.02499999971696277 0
0.02250000022502769 -0.02374999973333956 0
0.02250000022502908 -0.02249999974971612 0
0.02250000022503049 -0.02124999976609242 0
0.02250000022503191 -0.01999999978246947 0
0.02250000022503331 -0.01874999979884552 0
0.02250000022503471 -0.01749999981522232 0
0.02250000022503611 -0.01624999983159887 0
0.02250000022503752 -0.01499999984797517 0
0.02250000022503892 -0.01374999986435221 0
0.02250000022504033 -0.01249999988072827 0
0.02250000022504173 -0.0112499998971058 0
0.02250000022504314 -0.009999999913484029 0
0.02250000022504454 -0.008749999929861065 0
0.02250000022504595 -0.007499999946238716 0
0.02250000022504735 -0.006249999962615226 0
0.02250000022504875 -0.004999999978990673 0
0.02250000022505016 -0.003749999995366873 0
0.02250000022505157 -0.002500000011742215 0
0.02250000022505297 -0.001250000028118178 0
0.02250000022505437 -4.449471823972373e-11 0
0.02250000022505578 0.001249999939129037 0
0.02250000022505718 0.002499999922752155 0
0.02250000022505859 0.003749999906376381 0
0.02375000023744541 -0.09374999881637308 0
0.02375000023744689 -0.09249999883274398 0
0.02375000023744837 -0.0912499988491187 0
0.02375000023744986 -0.08999999886549052 0
0.02375000023745134 -0.08874999888186398 0
0.02375000023745283 -0.08749999889823709 0
0.02375000023745432 -0.08624999891460801 0
0.02375000023745579 -0.08499999893098269 0
0.02375000023745728 -0.08374999894735452 0
0.02375000023745876 -0.08249999896372798 0
0.02375000023746024 -0.08124999898010478 0
0.02375000023746173 -0.07999999899647778 0
0.02375000023746322 -0.07874999901285133 0
0.02375000023746469 -0.07749999902922519 0
0.02375000023746618 -0.07624999904559659 0
0.02375000023746767 -0.07499999906197133 0
0.02375000023746915 -0.07374999907834356 0
0.02375000023747064 -0.07249999909471662 0
0.02375000023747212 -0.07124999911109051 0
0.0237500002374736 -0.06999999912746191 0
0.02375000023747509 -0.06874999914383662 0
0.02375000023747657 -0.06749999916020885 0
0.02375000023747805 -0.06624999917658191 0
0.02375000023747953 -0.06499999919295582 0
0.02375000023748102 -0.06374999920932785 0
0.02375000023748251 -0.0624999992257032 0
0.02375000023748399 -0.06124999924207542 0
0.02375000023748548 -0.05999999925844848 0
0.02375000023748696 -0.05874999927482526 0
0.02375000023748844 -0.0574999992911979 0
0.02375000023748992 -0.05624999930757159 0
0.02375000023749141 -0.05499999932394607 0
0.02375000023749289 -0.05374999934031912 0
0.02375000023749438 -0.05249999935669221 0
0.02375000023749586 -0.05124999937306526 0
0.02375000023749734 -0.04999999938943829 0
0.02375000023749883 -0.04874999940581175 0
0.02375000023750031 -0.04749999942218531 0
0.0237500002375018 -0.04624999943855889 0
0.02375000023750328 -0.04499999945493319 0
0.02375000023750477 -0.04374999947131059 0
0.02375000023750625 -0.04249999948768871 0
0.02375000023750774 -0.04124999950406683 0
0.02375000023750922 -0.03999999952044454 0
0.0237500002375107 -0.03874999953682102 0
0.02375000023751219 -0.03749999955319749 0
0.02375000023751367 -0.03624999956957395 0
0.02375000023751516 -0.03499999958595042 0
0.02375000023751665 -0.03374999960232735 0
0.02375000023751812 -0.03249999961870402 0
0.0237500002375196 -0.03124999963508035 0
0.02375000023752109 -0.02999999965145798 0
0.02375000023752258 -0.02874999966783446 0
0.02375000023752406 -0.02749999968421067 0
0.02375000023752554 -0.02624999970058816 0
0.02375000023752703 -0.02499999971696464 0
0.02375000023752851 -0.02374999973334137 0
0.02375000023752999 -0.02249999974971784 0
0.02375000023753148 -0.02124999976609404 0
0.02375000023753296 -0.01999999978247104 0
0.02375000023753445 -0.01874999979884699 0
0.02375000023753593 -0.01749999981522372 0
0.02375000023753741 -0.01624999983160019 0
0.0237500002375389 -0.01499999984797639 0
0.02375000023754038 -0.01374999986435338 0
0.02375000023754186 -0.01249999988072933 0
0.02375000023754335 -0.01124999989710678 0
0.02375000023754483 -0.009999999913484903 0
0.02375000023754632 -0.008749999929861831 0
0.0237500002375478 -0.00749999994623946 0
0.02375000023754929 -0.006249999962615899 0
0.02375000023755077 -0.004999999978991258 0
0.02375000023755226 -0.003749999995367413 0
0.02375000023755374 -0.002500000011742671 0
0.02375000023755523 -0.00125000002811857 0
0.0237500002375567 -4.449503742884331e-11 0
0.02375000023755819 0.001249999939128821 0
0.02375000023755968 0.00249999992275199 0
0.02375000023756116 0.003749999906376311 0
0.0250000002499417 -0.09374999881637315 0
0.0250000002499433 -0.0924999988327441 0
0.02500000024994492 -0.09124999884911889 0
0.02500000024994654 -0.08999999886549079 0
0.02500000024994815 -0.08874999888186434 0
0.02500000024994976 -0.08749999889823745 0
0.02500000024995138 -0.08624999891460844 0
0.02500000024995298 -0.0849999989309832 0
0.0250000002499546 -0.08374999894735513 0
0.02500000024995621 -0.08249999896372866 0
0.02500000024995782 -0.08124999898010545 0
0.02500000024995944 -0.07999999899647861 0
0.02500000024996105 -0.07874999901285228 0
0.02500000024996266 -0.07749999902922623 0
0.02500000024996427 -0.07624999904559771 0
0.02500000024996588 -0.07499999906197248 0
0.0250000002499675 -0.07374999907834484 0
0.02500000024996911 -0.07249999909471798 0
0.02500000024997072 -0.07124999911109192 0
0.02500000024997234 -0.06999999912746341 0
0.02500000024997394 -0.06874999914383818 0
0.02500000024997556 -0.06749999916021053 0
0.02500000024997718 -0.06624999917658367 0
0.02500000024997879 -0.06499999919295765 0
0.0250000002499804 -0.06374999920932981 0
0.02500000024998201 -0.06249999922570525 0
0.02500000024998363 -0.06124999924207757 0
0.02500000024998524 -0.0599999992584507 0
0.02500000024998685 -0.0587499992748275 0
0.02500000024998846 -0.05749999929120023 0
0.02500000024999008 -0.05624999930757397 0
0.02500000024999168 -0.05499999932394852 0
0.0250000002499933 -0.05374999934032167 0
0.02500000024999491 -0.05249999935669482 0
0.02500000024999652 -0.05124999937306795 0
0.02500000024999813 -0.04999999938944109 0
0.02500000024999974 -0.04874999940581465 0
0.02500000025000137 -0.04749999942218832 0
0.02500000025000297 -0.04624999943856201 0
0.02500000025000458 -0.04499999945493637 0
0.02500000025000619 -0.0437499994713137 0
0.02500000025000781 -0.04249999948769171 0
0.02500000025000943 -0.04124999950406973 0
0.02500000025001103 -0.03999999952044734 0
0.02500000025001265 -0.03874999953682373 0
0.02500000025001426 -0.0374999995532001 0
0.02500000025001588 -0.0362499995695765 0
0.02500000025001749 -0.03499999958595287 0
0.0250000002500191 -0.03374999960232974 0
0.02500000025002071 -0.03249999961870636 0
0.02500000025002232 -0.0312499996350826 0
0.02500000025002394 -0.02999999965146021 0
0.02500000025002555 -0.0287499996678366 0
0.02500000025002716 -0.02749999968421272 0
0.02500000025002877 -0.02624999970059015 0
0.02500000025003039 -0.02499999971696651 0
0.02500000025003201 -0.02374999973334318 0
0.02500000025003361 -0.02249999974971956 0
0.02500000025003523 -0.02124999976609567 0
0.02500000025003684 -0.01999999978247262 0
0.02500000025003845 -0.01874999979884846 0
0.02500000025004006 -0.01749999981522511 0
0.02500000025004167 -0.0162499998316015 0
0.02500000025004329 -0.01499999984797762 0
0.0250000002500449 -0.01374999986435455 0
0.02500000025004651 -0.01249999988073039 0
0.02500000025004812 -0.01124999989710776 0
0.02500000025004974 -0.009999999913485772 0
0.02500000025005134 -0.008749999929862595 0
0.02500000025005296 -0.007499999946240202 0
0.02500000025005457 -0.006249999962616572 0
0.02500000025005618 -0.00499999997899184 0
0.02500000025005779 -0.003749999995367956 0
0.02500000025005941 -0.002500000011743125 0
0.02500000025006102 -0.00125000002811896 0
0.02500000025006264 -4.449535618428202e-11 0
0.02500000025006425 0.001249999939128604 0
0.02500000025006586 0.002499999922751825 0
0.02500000025006747 0.003749999906376241 0
0.02625000026243799 -0.09374999881637321 0
0.02625000026243974 -0.09249999883274421 0
0.02625000026244147 -0.09124999884911902 0
0.02625000026244322 -0.08999999886549107 0
0.02625000026244495 -0.08874999888186466 0
0.02625000026244669 -0.08749999889823787 0
0.02625000026244844 -0.08624999891460888 0
0.02625000026245018 -0.08499999893098374 0
0.02625000026245191 -0.08374999894735574 0
0.02625000026245366 -0.08249999896372932 0
0.02625000026245539 -0.08124999898010617 0
0.02625000026245713 -0.07999999899647942 0
0.02625000026245888 -0.07874999901285322 0
0.02625000026246062 -0.07749999902922726 0
0.02625000026246236 -0.07624999904559886 0
0.02625000026246411 -0.07499999906197369 0
0.02625000026246584 -0.0737499990783461 0
0.02625000026246758 -0.0724999990947193 0
0.02625000026246933 -0.07124999911109334 0
0.02625000026247106 -0.06999999912746496 0
0.0262500002624728 -0.06874999914383979 0
0.02625000026247454 -0.06749999916021221 0
0.02625000026247628 -0.06624999917658543 0
0.02625000026247803 -0.06499999919295944 0
0.02625000026247977 -0.06374999920933178 0
0.02625000026248151 -0.06249999922570731 0
0.02625000026248325 -0.06124999924207971 0
0.02625000026248499 -0.05999999925845293 0
0.02625000026248673 -0.05874999927482974 0
0.02625000026248847 -0.05749999929120257 0
0.02625000026249022 -0.05624999930757638 0
0.02625000026249196 -0.05499999932395098 0
0.0262500002624937 -0.05374999934032422 0
0.02625000026249543 -0.05249999935669744 0
0.02625000026249718 -0.05124999937307068 0
0.02625000026249892 -0.04999999938944388 0
0.02625000026250066 -0.04874999940581753 0
0.0262500002625024 -0.04749999942219131 0
0.02625000026250414 -0.04624999943856511 0
0.02625000026250588 -0.04499999945493955 0
0.02625000026250762 -0.0437499994713168 0
0.02625000026250936 -0.04249999948769469 0
0.02625000026251111 -0.04124999950407261 0
0.02625000026251284 -0.03999999952045012 0
0.02625000026251459 -0.03874999953682643 0
0.02625000026251632 -0.03749999955320274 0
0.02625000026251807 -0.03624999956957903 0
0.02625000026251981 -0.03499999958595534 0
0.02625000026252155 -0.03374999960233215 0
0.02625000026252328 -0.03249999961870868 0
0.02625000026252503 -0.03124999963508484 0
0.02625000026252677 -0.02999999965146244 0
0.02625000026252852 -0.02874999966783875 0
0.02625000026253025 -0.02749999968421477 0
0.026250000262532 -0.02624999970059215 0
0.02625000026253374 -0.02499999971696838 0
0.02625000026253547 -0.02374999973334498 0
0.02625000026253722 -0.02249999974972128 0
0.02625000026253895 -0.02124999976609731 0
0.02625000026254069 -0.01999999978247418 0
0.02625000026254243 -0.01874999979884993 0
0.02625000026254417 -0.01749999981522651 0
0.02625000026254592 -0.01624999983160282 0
0.02625000026254766 -0.01499999984797884 0
0.0262500002625494 -0.01374999986435571 0
0.02625000026255114 -0.01249999988073144 0
0.02625000026255289 -0.01124999989710874 0
0.02625000026255462 -0.009999999913486646 0
0.02625000026255636 -0.008749999929863361 0
0.02625000026255811 -0.007499999946240948 0
0.02625000026255985 -0.006249999962617245 0
0.02625000026256159 -0.004999999978992421 0
0.02625000026256332 -0.0037499999953685 0
0.02625000026256507 -0.00250000001174358 0
0.0262500002625668 -0.001250000028119353 0
0.02625000026256855 -4.449567407235899e-11 0
0.02625000026257029 0.001249999939128389 0
0.02625000026257203 0.00249999992275166 0
0.02625000026257377 0.003749999906376171 0
0.02750000027493437 -0.09374999881637325 0
0.02750000027493619 -0.09249999883274432 0
0.02750000027493802 -0.09124999884911922 0
0.02750000027493983 -0.08999999886549132 0
0.02750000027494166 -0.08874999888186502 0
0.02750000027494347 -0.08749999889823826 0
0.0275000002749453 -0.08624999891460934 0
0.02750000027494711 -0.0849999989309842 0
0.02750000027494893 -0.08374999894735635 0
0.02750000027495075 -0.08249999896373 0
0.02750000027495258 -0.08124999898010683 0
0.0275000002749544 -0.07999999899648025 0
0.02750000027495621 -0.07874999901285416 0
0.02750000027495804 -0.07749999902922824 0
0.02750000027495986 -0.07624999904559997 0
0.02750000027496168 -0.07499999906197485 0
0.02750000027496349 -0.07374999907834735 0
0.02750000027496531 -0.07249999909472063 0
0.02750000027496713 -0.07124999911109473 0
0.02750000027496895 -0.06999999912746646 0
0.02750000027497077 -0.06874999914384136 0
0.0275000002749726 -0.06749999916021387 0
0.02750000027497442 -0.06624999917658717 0
0.02750000027497624 -0.06499999919296125 0
0.02750000027497805 -0.06374999920933375 0
0.02750000027497988 -0.06249999922570933 0
0.02750000027498169 -0.06124999924208186 0
0.0275000002749835 -0.05999999925845515 0
0.02750000027498533 -0.05874999927483199 0
0.02750000027498715 -0.05749999929120489 0
0.02750000027498897 -0.0562499993075788 0
0.02750000027499079 -0.05499999932395347 0
0.02750000027499262 -0.05374999934032676 0
0.02750000027499443 -0.05249999935670009 0
0.02750000027499626 -0.05124999937307338 0
0.02750000027499807 -0.04999999938944667 0
0.02750000027499989 -0.04874999940582044 0
0.02750000027500171 -0.04749999942219431 0
0.02750000027500353 -0.04624999943856822 0
0.02750000027500535 -0.04499999945494271 0
0.02750000027500717 -0.04374999947131992 0
0.02750000027500899 -0.0424999994876977 0
0.02750000027501081 -0.0412499995040755 0
0.02750000027501263 -0.03999999952045293 0
0.02750000027501445 -0.03874999953682914 0
0.02750000027501628 -0.03749999955320537 0
0.02750000027501809 -0.03624999956958158 0
0.02750000027501991 -0.03499999958595782 0
0.02750000027502173 -0.03374999960233457 0
0.02750000027502354 -0.03249999961871101 0
0.02750000027502537 -0.03124999963508709 0
0.02750000027502719 -0.02999999965146466 0
0.02750000027502901 -0.02874999966784089 0
0.02750000027503083 -0.02749999968421682 0
0.02750000027503265 -0.02624999970059413 0
0.02750000027503447 -0.02499999971697025 0
0.02750000027503629 -0.02374999973334679 0
0.02750000027503811 -0.022499999749723 0
0.02750000027503993 -0.02124999976609894 0
0.02750000027504175 -0.01999999978247576 0
0.02750000027504357 -0.01874999979885139 0
0.02750000027504539 -0.01749999981522791 0
0.02750000027504721 -0.01624999983160413 0
0.02750000027504903 -0.01499999984798006 0
0.02750000027505085 -0.01374999986435688 0
0.02750000027505267 -0.01249999988073251 0
0.02750000027505449 -0.01124999989710971 0
0.02750000027505631 -0.009999999913487512 0
0.02750000027505813 -0.008749999929864126 0
0.02750000027505995 -0.007499999946241694 0
0.02750000027506177 -0.006249999962617919 0
0.0275000002750636 -0.004999999978993006 0
0.02750000027506541 -0.003749999995369038 0
0.02750000027506723 -0.002500000011744033 0
0.02750000027506905 -0.001250000028119743 0
0.02750000027507087 -4.449599326147857e-11 0
0.02750000027507268 0.001249999939128171 0
0.02750000027507451 0.002499999922751495 0
0.02750000027507634 0.003749999906376102 0
0.02875000028743099 -0.0937499988163733 0
0.02875000028743285 -0.09249999883274442 0
0.02875000028743471 -0.09124999884911938 0
0.02875000028743657 -0.08999999886549157 0
0.02875000028743844 -0.08874999888186537 0
0.02875000028744031 -0.08749999889823866 0
0.02875000028744215 -0.08624999891460977 0
0.02875000028744402 -0.0849999989309847 0
0.02875000028744589 -0.08374999894735695 0
0.02875000028744775 -0.08249999896373066 0
0.02875000028744961 -0.08124999898010757 0
0.02875000028745146 -0.07999999899648108 0
0.02875000028745333 -0.07874999901285511 0
0.0287500002874552 -0.07749999902922926 0
0.02875000028745705 -0.07624999904560112 0
0.02875000028745892 -0.07499999906197602 0
0.02875000028746079 -0.0737499990783486 0
0.02875000028746264 -0.072499999094722 0
0.02875000028746451 -0.07124999911109617 0
0.02875000028746637 -0.06999999912746803 0
0.02875000028746823 -0.06874999914384294 0
0.02875000028747009 -0.06749999916021551 0
0.02875000028747195 -0.06624999917658893 0
0.02875000028747381 -0.06499999919296308 0
0.02875000028747567 -0.06374999920933569 0
0.02875000028747754 -0.06249999922571142 0
0.02875000028747941 -0.061249999242084 0
0.02875000028748126 -0.05999999925845738 0
0.02875000028748313 -0.05874999927483424 0
0.02875000028748499 -0.05749999929120723 0
0.02875000028748684 -0.05624999930758121 0
0.0287500002874887 -0.05499999932395593 0
0.02875000028749056 -0.05374999934032931 0
0.02875000028749244 -0.0524999993567027 0
0.0287500002874943 -0.05124999937307609 0
0.02875000028749616 -0.04999999938944946 0
0.02875000028749802 -0.04874999940582331 0
0.02875000028749988 -0.04749999942219731 0
0.02875000028750175 -0.04624999943857133 0
0.02875000028750362 -0.0449999994549459 0
0.02875000028750548 -0.04374999947132302 0
0.02875000028750733 -0.0424999994877007 0
0.02875000028750919 -0.04124999950407838 0
0.02875000028751105 -0.03999999952045569 0
0.02875000028751291 -0.03874999953683184 0
0.02875000028751479 -0.03749999955320798 0
0.02875000028751664 -0.03624999956958413 0
0.0287500002875185 -0.03499999958596027 0
0.02875000028752036 -0.03374999960233695 0
0.02875000028752222 -0.03249999961871335 0
0.02875000028752408 -0.03124999963508934 0
0.02875000028752596 -0.02999999965146689 0
0.02875000028752781 -0.02874999966784304 0
0.02875000028752968 -0.02749999968421888 0
0.02875000028753154 -0.02624999970059612 0
0.0287500002875334 -0.02499999971697212 0
0.02875000028753525 -0.02374999973334858 0
0.02875000028753711 -0.02249999974972472 0
0.02875000028753898 -0.02124999976610056 0
0.02875000028754085 -0.01999999978247733 0
0.02875000028754271 -0.01874999979885286 0
0.02875000028754457 -0.0174999998152293 0
0.02875000028754643 -0.01624999983160545 0
0.0287500002875483 -0.01499999984798129 0
0.02875000028755016 -0.01374999986435805 0
0.02875000028755202 -0.01249999988073357 0
0.02875000028755388 -0.01124999989711069 0
0.02875000028755573 -0.009999999913488386 0
0.0287500002875576 -0.00874999992986489 0
0.02875000028755946 -0.007499999946242435 0
0.02875000028756133 -0.006249999962618593 0
0.02875000028756319 -0.004999999978993587 0
0.02875000028756505 -0.003749999995369584 0
0.02875000028756691 -0.002500000011744489 0
0.02875000028756878 -0.001250000028120136 0
0.02875000028757065 -4.449631245059815e-11 0
0.0287500002875725 0.001249999939127956 0
0.02875000028757436 0.00249999992275133 0
0.02875000028757622 0.003749999906376032 0
0.03000000029992741 -0.09374999881637336 0
0.0300000002999294 -0.09249999883274453 0
0.03000000029993137 -0.09124999884911954 0
0.03000000029993335 -0.08999999886549184 0
0.03000000029993534 -0.08874999888186569 0
0.03000000029993732 -0.08749999889823905 0
0.03000000029993931 -0.08624999891461024 0
0.03000000029994128 -0.08499999893098523 0
0.03000000029994327 -0.08374999894735753 0
0.03000000029994525 -0.08249999896373138 0
0.03000000029994723 -0.08124999898010828 0
0.03000000029994921 -0.07999999899648191 0
0.0300000002999512 -0.07874999901285605 0
0.03000000029995317 -0.07749999902923023 0
0.03000000029995516 -0.07624999904560219 0
0.03000000029995714 -0.0749999990619772 0
0.03000000029995912 -0.07374999907834986 0
0.0300000002999611 -0.07249999909472335 0
0.03000000029996308 -0.07124999911109758 0
0.03000000029996506 -0.06999999912746951 0
0.03000000029996705 -0.0687499991438445 0
0.03000000029996903 -0.06749999916021719 0
0.03000000029997101 -0.06624999917659066 0
0.03000000029997299 -0.06499999919296491 0
0.03000000029997498 -0.06374999920933767 0
0.03000000029997696 -0.06249999922571347 0
0.03000000029997894 -0.06124999924208615 0
0.03000000029998092 -0.05999999925845961 0
0.03000000029998291 -0.05874999927483649 0
0.03000000029998489 -0.05749999929120957 0
0.03000000029998686 -0.05624999930758359 0
0.03000000029998885 -0.05499999932395839 0
0.03000000029999083 -0.05374999934033187 0
0.03000000029999282 -0.05249999935670533 0
0.03000000029999479 -0.05124999937307879 0
0.03000000029999677 -0.04999999938945225 0
0.03000000029999876 -0.04874999940582622 0
0.03000000030000074 -0.0474999994222003 0
0.03000000030000272 -0.04624999943857444 0
0.03000000030000471 -0.04499999945494909 0
0.03000000030000669 -0.04374999947132613 0
0.03000000030000867 -0.04249999948770369 0
0.03000000030001065 -0.04124999950408129 0
0.03000000030001263 -0.03999999952045849 0
0.03000000030001462 -0.03874999953683456 0
0.03000000030001659 -0.03749999955321062 0
0.03000000030001858 -0.03624999956958669 0
0.03000000030002056 -0.03499999958596273 0
0.03000000030002254 -0.03374999960233936 0
0.03000000030002452 -0.03249999961871569 0
0.03000000030002651 -0.03124999963509159 0
0.03000000030002848 -0.02999999965146912 0
0.03000000030003047 -0.02874999966784518 0
0.03000000030003246 -0.02749999968422093 0
0.03000000030003443 -0.02624999970059811 0
0.03000000030003642 -0.02499999971697399 0
0.03000000030003839 -0.0237499997333504 0
0.03000000030004037 -0.02249999974972646 0
0.03000000030004237 -0.02124999976610219 0
0.03000000030004434 -0.01999999978247891 0
0.03000000030004633 -0.01874999979885432 0
0.03000000030004831 -0.0174999998152307 0
0.03000000030005028 -0.01624999983160677 0
0.03000000030005227 -0.01499999984798251 0
0.03000000030005425 -0.01374999986435922 0
0.03000000030005624 -0.01249999988073463 0
0.03000000030005822 -0.01124999989711168 0
0.0300000003000602 -0.009999999913489261 0
0.03000000030006218 -0.008749999929865655 0
0.03000000030006416 -0.007499999946243181 0
0.03000000030006615 -0.006249999962619263 0
0.03000000030006813 -0.00499999997899417 0
0.03000000030007012 -0.003749999995370125 0
0.03000000030007209 -0.002500000011744942 0
0.03000000030007407 -0.001250000028120527 0
0.03000000030007606 -4.44966320733986e-11 0
0.03000000030007804 0.001249999939127739 0
0.03000000030008002 0.002499999922751165 0
0.030000000300082 0.003749999906375961 0
0.03125000031242304 -0.09374999881637341 0
0.03125000031242516 -0.09249999883274465 0
0.03125000031242728 -0.09124999884911972 0
0.03125000031242939 -0.08999999886549211 0
0.03125000031243152 -0.08874999888186604 0
0.03125000031243364 -0.08749999889823945 0
0.03125000031243575 -0.08624999891461067 0
0.03125000031243787 -0.08499999893098571 0
0.03125000031244 -0.08374999894735813 0
0.03125000031244211 -0.08249999896373204 0
0.03125000031244423 -0.08124999898010896 0
0.03125000031244634 -0.07999999899648273 0
0.03125000031244846 -0.07874999901285698 0
0.03125000031245059 -0.07749999902923124 0
0.03125000031245269 -0.07624999904560331 0
0.03125000031245482 -0.07499999906197836 0
0.03125000031245694 -0.07374999907835116 0
0.03125000031245907 -0.0724999990947247 0
0.03125000031246117 -0.071249999111099 0
0.0312500003124633 -0.06999999912747104 0
0.03125000031246542 -0.06874999914384607 0
0.03125000031246753 -0.06749999916021886 0
0.03125000031246965 -0.06624999917659243 0
0.03125000031247176 -0.06499999919296676 0
0.03125000031247389 -0.06374999920933963 0
0.03125000031247601 -0.0624999992257155 0
0.03125000031247812 -0.0612499992420883 0
0.03125000031248024 -0.05999999925846183 0
0.03125000031248237 -0.05874999927483873 0
0.03125000031248448 -0.0574999992912119 0
0.03125000031248661 -0.05624999930758601 0
0.03125000031248872 -0.05499999932396084 0
0.03125000031249083 -0.0537499993403344 0
0.03125000031249296 -0.05249999935670797 0
0.03125000031249508 -0.05124999937308149 0
0.0312500003124972 -0.04999999938945505 0
0.03125000031249931 -0.04874999940582911 0
0.03125000031250143 -0.04749999942220331 0
0.03125000031250356 -0.04624999943857754 0
0.03125000031250567 -0.04499999945495226 0
0.03125000031250779 -0.04374999947132924 0
0.0312500003125099 -0.04249999948770669 0
0.03125000031251202 -0.04124999950408418 0
0.03125000031251413 -0.03999999952046127 0
0.03125000031251626 -0.03874999953683726 0
0.03125000031251838 -0.03749999955321323 0
0.0312500003125205 -0.03624999956958923 0
0.03125000031252263 -0.0349999995859652 0
0.03125000031252474 -0.03374999960234178 0
0.03125000031252684 -0.03249999961871802 0
0.03125000031252897 -0.03124999963509384 0
0.03125000031253109 -0.02999999965147135 0
0.03125000031253322 -0.02874999966784733 0
0.03125000031253532 -0.02749999968422297 0
0.03125000031253745 -0.0262499997006001 0
0.03125000031253957 -0.02499999971697587 0
0.03125000031254168 -0.0237499997333522 0
0.0312500003125438 -0.02249999974972818 0
0.03125000031254593 -0.02124999976610382 0
0.03125000031254804 -0.01999999978248049 0
0.03125000031255016 -0.01874999979885578 0
0.03125000031255228 -0.01749999981523211 0
0.03125000031255439 -0.01624999983160809 0
0.03125000031255652 -0.01499999984798374 0
0.03125000031255862 -0.01374999986436039 0
0.03125000031256075 -0.01249999988073569 0
0.03125000031256288 -0.01124999989711266 0
0.03125000031256498 -0.009999999913490128 0
0.03125000031256712 -0.00874999992986642 0
0.03125000031256923 -0.007499999946243925 0
0.03125000031257134 -0.006249999962619933 0
0.03125000031257347 -0.004999999978994754 0
0.03125000031257558 -0.00374999999537067 0
0.03125000031257771 -0.002500000011745395 0
0.03125000031257983 -0.001250000028120919 0
0.03125000031258194 -4.449695169619905e-11 0
0.03125000031258405 0.001249999939127523 0
0.03125000031258617 0.002499999922751 0
0.0312500003125883 0.003749999906375891 0
0.03250000032492006 -0.09374999881637348 0
0.03250000032492224 -0.09249999883274476 0
0.03250000032492439 -0.09124999884911984 0
0.03250000032492655 -0.08999999886549236 0
0.03250000032492872 -0.08874999888186637 0
0.03250000032493087 -0.08749999889823983 0
0.03250000032493304 -0.08624999891461112 0
0.03250000032493521 -0.08499999893098623 0
0.03250000032493738 -0.08374999894735874 0
0.03250000032493952 -0.08249999896373272 0
0.03250000032494169 -0.08124999898010964 0
0.03250000032494385 -0.07999999899648358 0
0.03250000032494602 -0.07874999901285791 0
0.03250000032494819 -0.07749999902923227 0
0.03250000032495033 -0.07624999904560442 0
0.0325000003249525 -0.07499999906197954 0
0.03250000032495466 -0.07374999907835245 0
0.03250000032495683 -0.07249999909472603 0
0.03250000032495898 -0.0712499991111004 0
0.03250000032496114 -0.06999999912747258 0
0.03250000032496332 -0.06874999914384765 0
0.03250000032496548 -0.06749999916022055 0
0.03250000032496764 -0.06624999917659416 0
0.03250000032496979 -0.06499999919296856 0
0.03250000032497197 -0.06374999920934157 0
0.03250000032497413 -0.06249999922571756 0
0.0325000003249763 -0.06124999924209045 0
0.03250000032497845 -0.05999999925846407 0
0.03250000032498061 -0.05874999927484099 0
0.03250000032498278 -0.05749999929121426 0
0.03250000032498493 -0.05624999930758844 0
0.03250000032498709 -0.05499999932396332 0
0.03250000032498926 -0.05374999934033694 0
0.03250000032499142 -0.05249999935671058 0
0.03250000032499359 -0.05124999937308421 0
0.03250000032499575 -0.04999999938945784 0
0.03250000032499792 -0.048749999405832 0
0.03250000032500007 -0.04749999942220631 0
0.03250000032500223 -0.04624999943858066 0
0.0325000003250044 -0.04499999945495545 0
0.03250000032500655 -0.04374999947133235 0
0.03250000032500872 -0.04249999948770969 0
0.03250000032501088 -0.04124999950408707 0
0.03250000032501305 -0.03999999952046406 0
0.03250000032501521 -0.03874999953683998 0
0.03250000032501738 -0.03749999955321588 0
0.03250000032501953 -0.03624999956959177 0
0.03250000032502169 -0.03499999958596768 0
0.03250000032502386 -0.0337499996023442 0
0.03250000032502603 -0.03249999961872035 0
0.03250000032502819 -0.03124999963509607 0
0.03250000032503034 -0.02999999965147357 0
0.0325000003250325 -0.02874999966784948 0
0.03250000032503467 -0.02749999968422502 0
0.03250000032503683 -0.02624999970060209 0
0.032500000325039 -0.02499999971697774 0
0.03250000032504116 -0.023749999733354 0
0.03250000032504331 -0.02249999974972991 0
0.03250000032504548 -0.02124999976610544 0
0.03250000032504765 -0.01999999978248205 0
0.03250000032504981 -0.01874999979885725 0
0.03250000032505197 -0.0174999998152335 0
0.03250000032505413 -0.0162499998316094 0
0.03250000032505629 -0.01499999984798494 0
0.03250000032505846 -0.01374999986436155 0
0.03250000032506062 -0.01249999988073675 0
0.03250000032506278 -0.01124999989711364 0
0.03250000032506493 -0.009999999913491004 0
0.0325000003250671 -0.008749999929867185 0
0.03250000032506926 -0.007499999946244671 0
0.03250000032507142 -0.006249999962620607 0
0.03250000032507359 -0.004999999978995338 0
0.03250000032507575 -0.003749999995371211 0
0.03250000032507791 -0.00250000001174585 0
0.03250000032508008 -0.00125000002812131 0
0.03250000032508224 -4.449727088531863e-11 0
0.03250000032508441 0.001249999939127306 0
0.03250000032508656 0.002499999922750835 0
0.03250000032508874 0.003749999906375822 0
0.03375000033741617 -0.09374999881637353 0
0.0337500003374184 -0.09249999883274487 0
0.03375000033742063 -0.09124999884912001 0
0.03375000033742286 -0.08999999886549262 0
0.03375000033742508 -0.0887499988818667 0
0.03375000033742732 -0.08749999889824024 0
0.03375000033742955 -0.08624999891461158 0
0.03375000033743179 -0.08499999893098674 0
0.03375000033743401 -0.08374999894735935 0
0.03375000033743625 -0.08249999896373338 0
0.03375000033743848 -0.08124999898011034 0
0.03375000033744071 -0.07999999899648443 0
0.03375000033744294 -0.07874999901285885 0
0.03375000033744519 -0.0774999990292333 0
0.0337500003374474 -0.07624999904560553 0
0.03375000033744963 -0.0749999990619807 0
0.03375000033745187 -0.07374999907835372 0
0.0337500003374541 -0.07249999909472737 0
0.03375000033745633 -0.07124999911110183 0
0.03375000033745856 -0.06999999912747409 0
0.03375000033746079 -0.06874999914384922 0
0.03375000033746303 -0.06749999916022224 0
0.03375000033746526 -0.06624999917659594 0
0.03375000033746748 -0.06499999919297038 0
0.03375000033746971 -0.06374999920934354 0
0.03375000033747195 -0.0624999992257196 0
0.03375000033747418 -0.06124999924209257 0
0.0337500003374764 -0.0599999992584663 0
0.03375000033747864 -0.05874999927484323 0
0.03375000033748087 -0.05749999929121657 0
0.03375000033748311 -0.05624999930759082 0
0.03375000033748533 -0.05499999932396578 0
0.03375000033748756 -0.05374999934033949 0
0.03375000033748981 -0.05249999935671321 0
0.03375000033749203 -0.05124999937308691 0
0.03375000033749426 -0.04999999938946062 0
0.0337500003374965 -0.04874999940583487 0
0.03375000033749872 -0.0474999994222093 0
0.03375000033750095 -0.04624999943858377 0
0.03375000033750319 -0.04499999945495863 0
0.03375000033750541 -0.04374999947133546 0
0.03375000033750766 -0.0424999994877127 0
0.03375000033750988 -0.04124999950408996 0
0.03375000033751211 -0.03999999952046684 0
0.03375000033751435 -0.03874999953684268 0
0.03375000033751658 -0.0374999995532185 0
0.0337500003375188 -0.03624999956959433 0
0.03375000033752103 -0.03499999958597014 0
0.03375000033752327 -0.03374999960234658 0
0.0337500003375255 -0.0324999996187227 0
0.03375000033752774 -0.03124999963509834 0
0.03375000033752996 -0.02999999965147579 0
0.03375000033753219 -0.02874999966785162 0
0.03375000033753443 -0.02749999968422707 0
0.03375000033753666 -0.02624999970060408 0
0.03375000033753888 -0.02499999971697962 0
0.03375000033754114 -0.02374999973335581 0
0.03375000033754335 -0.02249999974973162 0
0.03375000033754558 -0.02124999976610707 0
0.03375000033754781 -0.01999999978248362 0
0.03375000033755004 -0.01874999979885872 0
0.03375000033755229 -0.01749999981523489 0
0.03375000033755451 -0.01624999983161071 0
0.03375000033755674 -0.01499999984798617 0
0.03375000033755898 -0.01374999986436272 0
0.0337500003375612 -0.0124999998807378 0
0.03375000033756343 -0.01124999989711461 0
0.03375000033756567 -0.00999999991349187 0
0.0337500003375679 -0.008749999929867948 0
0.03375000033757013 -0.007499999946245411 0
0.03375000033757235 -0.00624999996262128 0
0.03375000033757459 -0.004999999978995919 0
0.03375000033757682 -0.003749999995371754 0
0.03375000033757906 -0.002500000011746306 0
0.03375000033758129 -0.001250000028121701 0
0.03375000033758351 -4.449758920707647e-11 0
0.03375000033758574 0.00124999993912709 0
0.03375000033758798 0.00249999992275067 0
0.0337500003375902 0.003749999906375753 0
0.03500000034991287 -0.09374999881637358 0
0.03500000034991521 -0.09249999883274498 0
0.03500000034991756 -0.09124999884912015 0
0.03500000034991993 -0.0899999988654929 0
0.03500000034992229 -0.08874999888186703 0
0.03500000034992463 -0.08749999889824064 0
0.03500000034992699 -0.08624999891461203 0
0.03500000034992935 -0.08499999893098723 0
0.03500000034993171 -0.08374999894735996 0
0.03500000034993406 -0.0824999989637341 0
0.03500000034993642 -0.08124999898011107 0
0.03500000034993876 -0.07999999899648526 0
0.03500000034994111 -0.0787499990128598 0
0.03500000034994348 -0.0774999990292343 0
0.03500000034994583 -0.07624999904560667 0
0.03500000034994818 -0.07499999906198186 0
0.03500000034995053 -0.07374999907835493 0
0.03500000034995289 -0.07249999909472873 0
0.03500000034995524 -0.07124999911110322 0
0.03500000034995759 -0.06999999912747562 0
0.03500000034995995 -0.0687499991438508 0
0.03500000034996231 -0.06749999916022391 0
0.03500000034996466 -0.0662499991765977 0
0.03500000034996702 -0.0649999991929722 0
0.03500000034996936 -0.06374999920934551 0
0.03500000034997173 -0.06249999922572166 0
0.03500000034997408 -0.06124999924209474 0
0.03500000034997644 -0.05999999925846852 0
0.03500000034997879 -0.05874999927484548 0
0.03500000034998114 -0.05749999929121891 0
0.0350000003499835 -0.05624999930759324 0
0.03500000034998585 -0.05499999932396824 0
0.03500000034998821 -0.05374999934034203 0
0.03500000034999055 -0.05249999935671583 0
0.03500000034999291 -0.05124999937308962 0
0.03500000034999527 -0.04999999938946341 0
0.03500000034999763 -0.04874999940583778 0
0.03500000034999998 -0.04749999942221229 0
0.03500000035000234 -0.04624999943858686 0
0.03500000035000468 -0.0449999994549618 0
0.03500000035000704 -0.04374999947133857 0
0.0350000003500094 -0.04249999948771569 0
0.03500000035001176 -0.04124999950409284 0
0.03500000035001412 -0.03999999952046965 0
0.03500000035001646 -0.03874999953684539 0
0.03500000035001881 -0.03749999955322111 0
0.03500000035002117 -0.03624999956959685 0
0.03500000035002353 -0.0349999995859726 0
0.03500000035002587 -0.033749999602349 0
0.03500000035002823 -0.03249999961872503 0
0.03500000035003059 -0.03124999963510058 0
0.03500000035003294 -0.02999999965147803 0
0.0350000003500353 -0.02874999966785376 0
0.03500000035003765 -0.02749999968422913 0
0.03500000035004001 -0.02624999970060607 0
0.03500000035004236 -0.02499999971698148 0
0.03500000035004473 -0.02374999973335761 0
0.03500000035004706 -0.02249999974973334 0
0.03500000035004942 -0.0212499997661087 0
0.03500000035005178 -0.01999999978248521 0
0.03500000035005414 -0.01874999979886018 0
0.03500000035005649 -0.0174999998152363 0
0.03500000035005885 -0.01624999983161203 0
0.03500000035006119 -0.01499999984798739 0
0.03500000035006355 -0.01374999986436388 0
0.03500000035006592 -0.01249999988073886 0
0.03500000035006826 -0.01124999989711559 0
0.03500000035007062 -0.009999999913492746 0
0.03500000035007297 -0.008749999929868711 0
0.03500000035007533 -0.007499999946246158 0
0.03500000035007768 -0.006249999962621954 0
0.03500000035008004 -0.004999999978996503 0
0.03500000035008239 -0.003749999995372295 0
0.03500000035008474 -0.002500000011746759 0
0.03500000035008709 -0.001250000028122092 0
0.03500000035008945 -4.449790882987692e-11 0
0.03500000035009181 0.001249999939126874 0
0.03500000035009417 0.002499999922750505 0
0.03500000035009651 0.003749999906375682 0
0.03625000036240875 -0.09374999881637361 0
0.03625000036241122 -0.09249999883274508 0
0.03625000036241369 -0.09124999884912033 0
0.03625000036241617 -0.08999999886549313 0
0.03625000036241865 -0.08874999888186735 0
0.03625000036242112 -0.08749999889824103 0
0.03625000036242359 -0.08624999891461248 0
0.03625000036242607 -0.08499999893098774 0
0.03625000036242854 -0.08374999894736056 0
0.03625000036243101 -0.08249999896373476 0
0.0362500003624335 -0.08124999898011173 0
0.03625000036243596 -0.07999999899648608 0
0.03625000036243843 -0.07874999901286071 0
0.03625000036244092 -0.07749999902923529 0
0.03625000036244339 -0.07624999904560775 0
0.03625000036244587 -0.07499999906198304 0
0.03625000036244834 -0.07374999907835622 0
0.03625000036245081 -0.07249999909473008 0
0.03625000036245329 -0.07124999911110465 0
0.03625000036245576 -0.06999999912747712 0
0.03625000036245825 -0.06874999914385239 0
0.0362500003624607 -0.06749999916022557 0
0.03625000036246318 -0.06624999917659943 0
0.03625000036246566 -0.06499999919297403 0
0.03625000036246813 -0.06374999920934746 0
0.03625000036247061 -0.06249999922572369 0
0.03625000036247308 -0.06124999924209688 0
0.03625000036247555 -0.05999999925847074 0
0.03625000036247802 -0.05874999927484773 0
0.03625000036248051 -0.05749999929122125 0
0.03625000036248299 -0.05624999930759565 0
0.03625000036248546 -0.0549999993239707 0
0.03625000036248794 -0.05374999934034459 0
0.03625000036249041 -0.05249999935671847 0
0.03625000036249287 -0.05124999937309233 0
0.03625000036249536 -0.0499999993894662 0
0.03625000036249783 -0.04874999940584065 0
0.0362500003625003 -0.04749999942221531 0
0.03625000036250277 -0.04624999943858997 0
0.03625000036250525 -0.044999999454965 0
0.03625000036250772 -0.04374999947134168 0
0.03625000036251021 -0.04249999948771871 0
0.03625000036251268 -0.04124999950409573 0
0.03625000036251515 -0.03999999952047243 0
0.03625000036251763 -0.03874999953684809 0
0.03625000036252009 -0.03749999955322375 0
0.03625000036252257 -0.0362499995695994 0
0.03625000036252504 -0.03499999958597505 0
0.03625000036252752 -0.03374999960235141 0
0.03625000036253 -0.03249999961872736 0
0.03625000036253247 -0.03124999963510281 0
0.03625000036253494 -0.02999999965148026 0
0.03625000036253743 -0.02874999966785591 0
0.03625000036253989 -0.02749999968423118 0
0.03625000036254236 -0.02624999970060805 0
0.03625000036254485 -0.02499999971698335 0
0.03625000036254732 -0.02374999973335942 0
0.03625000036254979 -0.02249999974973507 0
0.03625000036255226 -0.02124999976611033 0
0.03625000036255473 -0.01999999978248677 0
0.03625000036255722 -0.01874999979886165 0
0.0362500003625597 -0.0174999998152377 0
0.03625000036256217 -0.01624999983161335 0
0.03625000036256464 -0.01499999984798861 0
0.03625000036256711 -0.01374999986436505 0
0.03625000036256959 -0.01249999988073992 0
0.03625000036257206 -0.01124999989711657 0
0.03625000036257454 -0.009999999913493617 0
0.03625000036257701 -0.008749999929869478 0
0.03625000036257948 -0.007499999946246904 0
0.03625000036258196 -0.006249999962622625 0
0.03625000036258443 -0.004999999978997086 0
0.03625000036258691 -0.003749999995372838 0
0.03625000036258939 -0.002500000011747213 0
0.03625000036259187 -0.001250000028122485 0
0.03625000036259433 -4.449822845267737e-11 0
0.03625000036259681 0.001249999939126657 0
0.03625000036259927 0.002499999922750341 0
0.03625000036260174 0.003749999906375612 0
0.03750000037490564 -0.09374999881637369 0
0.03750000037490817 -0.09249999883274518 0
0.03750000037491071 -0.09124999884912049 0
0.03750000037491321 -0.08999999886549341 0
0.03750000037491574 -0.08874999888186771 0
0.03750000037491827 -0.08749999889824141 0
0.03750000037492079 -0.08624999891461291 0
0.03750000037492331 -0.08499999893098827 0
0.03750000037492583 -0.08374999894736115 0
0.03750000037492835 -0.08249999896373544 0
0.03750000037493088 -0.08124999898011244 0
0.03750000037493342 -0.07999999899648692 0
0.03750000037493594 -0.07874999901286166 0
0.03750000037493846 -0.07749999902923629 0
0.03750000037494097 -0.07624999904560889 0
0.03750000037494349 -0.07499999906198419 0
0.03750000037494602 -0.07374999907835748 0
0.03750000037494854 -0.07249999909473143 0
0.03750000037495106 -0.07124999911110605 0
0.03750000037495358 -0.06999999912747867 0
0.03750000037495612 -0.06874999914385393 0
0.03750000037495864 -0.06749999916022723 0
0.03750000037496114 -0.06624999917660118 0
0.03750000037496368 -0.06499999919297585 0
0.03750000037496621 -0.06374999920934944 0
0.03750000037496873 -0.06249999922572574 0
0.03750000037497125 -0.06124999924209903 0
0.03750000037497377 -0.05999999925847297 0
0.03750000037497629 -0.05874999927484997 0
0.03750000037497882 -0.05749999929122359 0
0.03750000037498134 -0.05624999930759806 0
0.03750000037498387 -0.05499999932397318 0
0.03750000037498639 -0.05374999934034713 0
0.03750000037498891 -0.05249999935672109 0
0.03750000037499145 -0.05124999937309505 0
0.03750000037499397 -0.04999999938946901 0
0.03750000037499648 -0.04874999940584356 0
0.03750000037499901 -0.0474999994222183 0
0.03750000037500154 -0.04624999943859308 0
0.03750000037500406 -0.04499999945496817 0
0.03750000037500658 -0.04374999947134479 0
0.03750000037500911 -0.04249999948772171 0
0.03750000037501162 -0.04124999950409862 0
0.03750000037501415 -0.03999999952047524 0
0.03750000037501666 -0.0387499995368508 0
0.0375000003750192 -0.03749999955322639 0
0.03750000037502171 -0.03624999956960196 0
0.03750000037502423 -0.03499999958597753 0
0.03750000037502677 -0.0337499996023538 0
0.03750000037502928 -0.03249999961872969 0
0.03750000037503182 -0.03124999963510506 0
0.03750000037503433 -0.02999999965148248 0
0.03750000037503685 -0.02874999966785806 0
0.03750000037503938 -0.02749999968423323 0
0.03750000037504191 -0.02624999970061005 0
0.03750000037504442 -0.02499999971698522 0
0.03750000037504694 -0.02374999973336122 0
0.03750000037504948 -0.02249999974973679 0
0.037500000375052 -0.02124999976611195 0
0.03750000037505451 -0.01999999978248836 0
0.03750000037505704 -0.01874999979886311 0
0.03750000037505957 -0.01749999981523909 0
0.0375000003750621 -0.01624999983161467 0
0.03750000037506462 -0.01499999984798984 0
0.03750000037506713 -0.01374999986436622 0
0.03750000037506965 -0.01249999988074098 0
0.03750000037507217 -0.01124999989711756 0
0.03750000037507469 -0.009999999913494486 0
0.03750000037507723 -0.008749999929870245 0
0.03750000037507975 -0.007499999946247646 0
0.03750000037508228 -0.006249999962623298 0
0.0375000003750848 -0.004999999978997667 0
0.03750000037508733 -0.003749999995373379 0
0.03750000037508985 -0.002500000011747668 0
0.03750000037509236 -0.001250000028122876 0
0.03750000037509491 -4.449854677443521e-11 0
0.03750000037509741 0.00124999993912644 0
0.03750000037509994 0.002499999922750176 0
0.03750000037510245 0.003749999906375543 0
0.03875000038740255 -0.09374999881637375 0
0.03875000038740515 -0.09249999883274528 0
0.03875000038740774 -0.09124999884912063 0
0.03875000038741032 -0.0899999988654937 0
0.0387500003874129 -0.08874999888186806 0
0.03875000038741548 -0.0874999988982418 0
0.03875000038741808 -0.08624999891461337 0
0.03875000038742067 -0.08499999893098875 0
0.03875000038742327 -0.08374999894736174 0
0.03875000038742585 -0.0824999989637361 0
0.03875000038742845 -0.08124999898011312 0
0.03875000038743104 -0.07999999899648776 0
0.03875000038743363 -0.0787499990128626 0
0.03875000038743621 -0.07749999902923732 0
0.0387500003874388 -0.07624999904561003 0
0.03875000038744139 -0.07499999906198537 0
0.03875000038744399 -0.07374999907835873 0
0.03875000038744655 -0.07249999909473279 0
0.03875000038744914 -0.07124999911110749 0
0.03875000038745174 -0.06999999912748017 0
0.03875000038745433 -0.06874999914385556 0
0.03875000038745692 -0.06749999916022889 0
0.03875000038745951 -0.06624999917660294 0
0.0387500003874621 -0.06499999919297765 0
0.03875000038746469 -0.06374999920935139 0
0.03875000038746726 -0.06249999922572778 0
0.03875000038746987 -0.06124999924210116 0
0.03875000038747245 -0.05999999925847521 0
0.03875000038747503 -0.05874999927485221 0
0.03875000038747764 -0.05749999929122593 0
0.03875000038748023 -0.05624999930760045 0
0.03875000038748282 -0.05499999932397563 0
0.0387500003874854 -0.05374999934034969 0
0.03875000038748798 -0.05249999935672373 0
0.03875000038749057 -0.05124999937309775 0
0.03875000038749317 -0.04999999938947178 0
0.03875000038749576 -0.04874999940584645 0
0.03875000038749835 -0.0474999994222213 0
0.03875000038750093 -0.04624999943859619 0
0.03875000038750352 -0.04499999945497135 0
0.03875000038750612 -0.04374999947134789 0
0.0387500003875087 -0.0424999994877247 0
0.03875000038751128 -0.04124999950410152 0
0.03875000038751387 -0.03999999952047801 0
0.03875000038751647 -0.03874999953685352 0
0.03875000038751905 -0.03749999955322899 0
0.03875000038752163 -0.03624999956960449 0
0.03875000038752423 -0.03499999958597999 0
0.03875000038752682 -0.03374999960235622 0
0.0387500003875294 -0.03249999961873203 0
0.038750000387532 -0.03124999963510732 0
0.03875000038753459 -0.02999999965148471 0
0.03875000038753718 -0.0287499996678602 0
0.03875000038753976 -0.02749999968423528 0
0.03875000038754236 -0.02624999970061204 0
0.03875000038754495 -0.0249999997169871 0
0.03875000038754753 -0.02374999973336302 0
0.03875000038755013 -0.02249999974973851 0
0.03875000038755273 -0.02124999976611358 0
0.0387500003875553 -0.01999999978248992 0
0.03875000038755788 -0.01874999979886458 0
0.03875000038756048 -0.01749999981524049 0
0.03875000038756306 -0.01624999983161599 0
0.03875000038756565 -0.01499999984799106 0
0.03875000038756823 -0.01374999986436739 0
0.03875000038757084 -0.01249999988074204 0
0.03875000038757342 -0.01124999989711853 0
0.03875000038757601 -0.009999999913495362 0
0.0387500003875786 -0.008749999929871008 0
0.0387500003875812 -0.007499999946248392 0
0.03875000038758378 -0.006249999962623973 0
0.03875000038758636 -0.00499999997899825 0
0.03875000038758896 -0.003749999995373922 0
0.03875000038759155 -0.002500000011748124 0
0.03875000038759414 -0.001250000028123267 0
0.03875000038759671 -4.449886683091653e-11 0
0.03875000038759932 0.001249999939126225 0
0.0387500003876019 0.002499999922750011 0
0.03875000038760449 0.003749999906375473 0
0.04000000039989841 -0.09374999881637378 0
0.04000000039990109 -0.0924999988327454 0
0.04000000039990379 -0.09124999884912081 0
0.04000000039990646 -0.08999999886549395 0
0.04000000039990917 -0.08874999888186839 0
0.04000000039991185 -0.08749999889824218 0
0.04000000039991454 -0.08624999891461381 0
0.04000000039991722 -0.08499999893098927 0
0.04000000039991992 -0.08374999894736235 0
0.0400000003999226 -0.08249999896373676 0
0.04000000039992529 -0.08124999898011384 0
0.04000000039992799 -0.07999999899648857 0
0.04000000039993068 -0.07874999901286354 0
0.04000000039993337 -0.07749999902923833 0
0.04000000039993605 -0.07624999904561114 0
0.04000000039993873 -0.07499999906198657 0
0.04000000039994143 -0.07374999907836 0
0.04000000039994411 -0.07249999909473412 0
0.04000000039994681 -0.07124999911110888 0
0.0400000003999495 -0.0699999991274817 0
0.04000000039995218 -0.06874999914385713 0
0.04000000039995485 -0.06749999916023057 0
0.04000000039995756 -0.06624999917660471 0
0.04000000039996026 -0.06499999919297947 0
0.04000000039996292 -0.06374999920935336 0
0.04000000039996563 -0.06249999922572985 0
0.0400000003999683 -0.06124999924210333 0
0.04000000039997099 -0.05999999925847743 0
0.04000000039997369 -0.05874999927485448 0
0.04000000039997636 -0.05749999929122825 0
0.04000000039997906 -0.05624999930760287 0
0.04000000039998175 -0.05499999932397811 0
0.04000000039998444 -0.05374999934035222 0
0.04000000039998712 -0.05249999935672635 0
0.04000000039998981 -0.05124999937310044 0
0.04000000039999251 -0.04999999938947457 0
0.0400000003999952 -0.04874999940584934 0
0.04000000039999788 -0.0474999994222243 0
0.04000000040000057 -0.0462499994385993 0
0.04000000040000325 -0.04499999945497456 0
0.04000000040000594 -0.04374999947135098 0
0.04000000040000863 -0.04249999948772771 0
0.04000000040001132 -0.04124999950410442 0
0.04000000040001402 -0.03999999952048081 0
0.04000000040001669 -0.03874999953685622 0
0.04000000040001939 -0.03749999955323163 0
0.04000000040002208 -0.03624999956960704 0
0.04000000040002476 -0.03499999958598246 0
0.04000000040002745 -0.03374999960235863 0
0.04000000040003014 -0.03249999961873437 0
0.04000000040003284 -0.03124999963510956 0
0.04000000040003551 -0.02999999965148694 0
0.0400000004000382 -0.02874999966786235 0
0.0400000004000409 -0.02749999968423733 0
0.04000000040004359 -0.02624999970061402 0
0.04000000040004627 -0.02499999971698897 0
0.04000000040004896 -0.02374999973336482 0
0.04000000040005165 -0.02249999974974024 0
0.04000000040005433 -0.02124999976611521 0
0.04000000040005704 -0.0199999997824915 0
0.04000000040005972 -0.01874999979886604 0
0.04000000040006239 -0.01749999981524188 0
0.04000000040006509 -0.0162499998316173 0
0.04000000040006778 -0.01499999984799228 0
0.04000000040007047 -0.01374999986436855 0
0.04000000040007316 -0.01249999988074309 0
0.04000000040007584 -0.01124999989711951 0
0.04000000040007853 -0.009999999913496229 0
0.04000000040008121 -0.008749999929871771 0
0.0400000004000839 -0.007499999946249138 0
0.0400000004000866 -0.006249999962624643 0
0.04000000040008929 -0.004999999978998833 0
0.04000000040009196 -0.003749999995374465 0
0.04000000040009467 -0.002500000011748577 0
0.04000000040009735 -0.001250000028123659 0
0.04000000040010003 -4.449918602003611e-11 0
0.04000000040010273 0.001249999939126008 0
0.04000000040010541 0.002499999922749845 0
0.04000000040010811 0.003749999906375403 0
0.04125000041239506 -0.09374999881637386 0
0.04125000041239784 -0.0924999988327455 0
0.04125000041240059 -0.09124999884912098 0
0.04125000041240338 -0.08999999886549422 0
0.04125000041240614 -0.08874999888186874 0
0.04125000041240892 -0.08749999889824257 0
0.04125000041241169 -0.08624999891461424 0
0.04125000041241447 -0.08499999893098975 0
0.04125000041241724 -0.08374999894736296 0
0.04125000041242 -0.08249999896373747 0
0.04125000041242277 -0.08124999898011455 0
0.04125000041242555 -0.07999999899648942 0
0.04125000041242831 -0.07874999901286449 0
0.04125000041243108 -0.07749999902923936 0
0.04125000041243385 -0.07624999904561225 0
0.04125000041243662 -0.07499999906198773 0
0.0412500004124394 -0.07374999907836127 0
0.04125000041244218 -0.07249999909473546 0
0.04125000041244494 -0.07124999911111032 0
0.04125000041244772 -0.06999999912748323 0
0.04125000041245049 -0.06874999914385872 0
0.04125000041245326 -0.06749999916023224 0
0.04125000041245603 -0.06624999917660646 0
0.04125000041245881 -0.06499999919298129 0
0.04125000041246156 -0.06374999920935533 0
0.04125000041246434 -0.06249999922573188 0
0.0412500004124671 -0.06124999924210545 0
0.04125000041246987 -0.05999999925847965 0
0.04125000041247265 -0.05874999927485671 0
0.04125000041247543 -0.05749999929123059 0
0.04125000041247819 -0.05624999930760527 0
0.04125000041248096 -0.05499999932398057 0
0.04125000041248372 -0.05374999934035477 0
0.0412500004124865 -0.05249999935672897 0
0.04125000041248927 -0.05124999937310317 0
0.04125000041249205 -0.04999999938947734 0
0.04125000041249482 -0.04874999940585222 0
0.04125000041249759 -0.0474999994222273 0
0.04125000041250036 -0.0462499994386024 0
0.04125000041250312 -0.04499999945497772 0
0.0412500004125059 -0.04374999947135411 0
0.04125000041250867 -0.0424999994877307 0
0.04125000041251144 -0.04124999950410731 0
0.04125000041251421 -0.03999999952048359 0
0.04125000041251697 -0.03874999953685893 0
0.04125000041251975 -0.03749999955323426 0
0.04125000041252253 -0.03624999956960959 0
0.0412500004125253 -0.03499999958598492 0
0.04125000041252807 -0.03374999960236104 0
0.04125000041253084 -0.03249999961873672 0
0.0412500004125336 -0.0312499996351118 0
0.04125000041253638 -0.02999999965148916 0
0.04125000041253915 -0.0287499996678645 0
0.04125000041254193 -0.02749999968423938 0
0.04125000041254469 -0.02624999970061601 0
0.04125000041254747 -0.02499999971699084 0
0.04125000041255025 -0.02374999973336663 0
0.041250000412553 -0.02249999974974196 0
0.04125000041255578 -0.02124999976611684 0
0.04125000041255855 -0.01999999978249307 0
0.04125000041256133 -0.01874999979886751 0
0.0412500004125641 -0.01749999981524328 0
0.04125000041256687 -0.01624999983161862 0
0.04125000041256963 -0.0149999998479935 0
0.04125000041257241 -0.01374999986436973 0
0.04125000041257518 -0.01249999988074415 0
0.04125000041257796 -0.01124999989712049 0
0.04125000041258072 -0.009999999913497103 0
0.0412500004125835 -0.008749999929872538 0
0.04125000041258625 -0.007499999946249882 0
0.04125000041258903 -0.006249999962625315 0
0.0412500004125918 -0.004999999978999416 0
0.04125000041259458 -0.003749999995375008 0
0.04125000041259735 -0.00250000001174903 0
0.0412500004126001 -0.001250000028124051 0
0.04125000041260288 -4.449950520915569e-11 0
0.04125000041260565 0.001249999939125791 0
0.04125000041260843 0.002499999922749681 0
0.04125000041261121 0.003749999906375333 0
0.04250000042489119 -0.09374999881637391 0
0.04250000042489406 -0.09249999883274561 0
0.04250000042489693 -0.09124999884912113 0
0.04250000042489981 -0.08999999886549448 0
0.04250000042490268 -0.08874999888186909 0
0.04250000042490555 -0.08749999889824296 0
0.04250000042490841 -0.08624999891461467 0
0.04250000042491128 -0.08499999893099025 0
0.04250000042491416 -0.08374999894736355 0
0.04250000042491704 -0.08249999896373812 0
0.04250000042491989 -0.08124999898011523 0
0.04250000042492277 -0.07999999899649025 0
0.04250000042492563 -0.07874999901286543 0
0.04250000042492851 -0.07749999902924033 0
0.04250000042493138 -0.07624999904561336 0
0.04250000042493425 -0.07499999906198888 0
0.04250000042493714 -0.07374999907836252 0
0.04250000042494 -0.07249999909473681 0
0.04250000042494286 -0.07124999911111171 0
0.04250000042494575 -0.06999999912748475 0
0.04250000042494861 -0.06874999914386026 0
0.04250000042495147 -0.06749999916023391 0
0.04250000042495435 -0.0662499991766082 0
0.04250000042495723 -0.06499999919298312 0
0.04250000042496009 -0.06374999920935727 0
0.04250000042496295 -0.06249999922573393 0
0.04250000042496584 -0.0612499992421076 0
0.0425000004249687 -0.05999999925848189 0
0.04250000042497157 -0.05874999927485897 0
0.04250000042497444 -0.05749999929123292 0
0.04250000042497731 -0.05624999930760767 0
0.04250000042498019 -0.05499999932398304 0
0.04250000042498304 -0.05374999934035732 0
0.04250000042498593 -0.05249999935673161 0
0.04250000042498879 -0.05124999937310586 0
0.04250000042499168 -0.04999999938948015 0
0.04250000042499454 -0.04874999940585512 0
0.04250000042499742 -0.04749999942223031 0
0.04250000042500028 -0.04624999943860551 0
0.04250000042500314 -0.04499999945498091 0
0.04250000042500603 -0.0437499994713572 0
0.0425000004250089 -0.04249999948773369 0
0.04250000042501176 -0.04124999950411019 0
0.04250000042501463 -0.03999999952048639 0
0.0425000004250175 -0.03874999953686163 0
0.04250000042502038 -0.03749999955323687 0
0.04250000042502325 -0.03624999956961214 0
0.04250000042502612 -0.03499999958598737 0
0.042500000425029 -0.03374999960236343 0
0.04250000042503187 -0.03249999961873904 0
0.04250000042503473 -0.03124999963511406 0
0.0425000004250376 -0.02999999965149138 0
0.04250000042504048 -0.02874999966786664 0
0.04250000042504333 -0.02749999968424143 0
0.04250000042504622 -0.026249999700618 0
0.04250000042504908 -0.02499999971699271 0
0.04250000042505196 -0.02374999973336843 0
0.04250000042505483 -0.02249999974974368 0
0.04250000042505769 -0.02124999976611847 0
0.04250000042506057 -0.01999999978249464 0
0.04250000042506344 -0.01874999979886897 0
0.04250000042506631 -0.01749999981524468 0
0.04250000042506918 -0.01624999983161993 0
0.04250000042507206 -0.01499999984799472 0
0.04250000042507492 -0.01374999986437089 0
0.0425000004250778 -0.01249999988074521 0
0.04250000042508066 -0.01124999989712147 0
0.04250000042508353 -0.009999999913497976 0
0.04250000042508641 -0.008749999929873301 0
0.04250000042508927 -0.007499999946250628 0
0.04250000042509215 -0.006249999962625988 0
0.04250000042509502 -0.004999999978999999 0
0.04250000042509788 -0.00374999999537555 0
0.04250000042510076 -0.002500000011749484 0
0.04250000042510362 -0.00125000002812444 0
0.0425000004251065 -4.449982309723266e-11 0
0.04250000042510936 0.001249999939125575 0
0.04250000042511225 0.002499999922749515 0
0.04250000042511511 0.003749999906375263 0
0.04375000043738758 -0.09374999881637394 0
0.04375000043739054 -0.09249999883274571 0
0.04375000043739349 -0.09124999884912133 0
0.04375000043739644 -0.08999999886549472 0
0.04375000043739941 -0.08874999888186942 0
0.04375000043740235 -0.08749999889824336 0
0.0437500004374053 -0.08624999891461514 0
0.04375000043740826 -0.08499999893099075 0
0.0437500004374112 -0.08374999894736417 0
0.04375000043741417 -0.0824999989637388 0
0.04375000043741712 -0.08124999898011592 0
0.04375000043742008 -0.07999999899649106 0
0.04375000043742304 -0.07874999901286638 0
0.04375000043742598 -0.07749999902924136 0
0.04375000043742893 -0.07624999904561448 0
0.04375000043743189 -0.07499999906199006 0
0.04375000043743484 -0.07374999907836381 0
0.04375000043743781 -0.0724999990947382 0
0.04375000043744074 -0.07124999911111313 0
0.04375000043744371 -0.06999999912748628 0
0.04375000043744665 -0.06874999914386183 0
0.04375000043744961 -0.06749999916023558 0
0.04375000043745256 -0.06624999917660997 0
0.04375000043745551 -0.06499999919298496 0
0.04375000043745846 -0.06374999920935925 0
0.04375000043746141 -0.06249999922573601 0
0.04375000043746436 -0.06124999924210976 0
0.04375000043746732 -0.05999999925848411 0
0.04375000043747029 -0.05874999927486121 0
0.04375000043747323 -0.05749999929123526 0
0.04375000043747619 -0.05624999930761008 0
0.04375000043747912 -0.05499999932398549 0
0.04375000043748209 -0.05374999934035985 0
0.04375000043748504 -0.05249999935673423 0
0.04375000043748799 -0.05124999937310859 0
0.04375000043749094 -0.04999999938948294 0
0.0437500004374939 -0.04874999940585802 0
0.04375000043749685 -0.04749999942223331 0
0.0437500004374998 -0.04624999943860861 0
0.04375000043750277 -0.04499999945498408 0
0.04375000043750572 -0.0437499994713603 0
0.04375000043750868 -0.0424999994877367 0
0.04375000043751164 -0.04124999950411308 0
0.04375000043751458 -0.03999999952048916 0
0.04375000043751752 -0.03874999953686434 0
0.04375000043752048 -0.03749999955323952 0
0.04375000043752342 -0.03624999956961467 0
0.04375000043752637 -0.03499999958598986 0
0.04375000043752934 -0.03374999960236585 0
0.0437500004375323 -0.03249999961874138 0
0.04375000043753524 -0.0312499996351163 0
0.0437500004375382 -0.02999999965149361 0
0.04375000043754115 -0.02874999966786879 0
0.04375000043754411 -0.02749999968424348 0
0.04375000043754706 -0.02624999970061999 0
0.04375000043755 -0.02499999971699459 0
0.04375000043755296 -0.02374999973337023 0
0.04375000043755591 -0.02249999974974541 0
0.04375000043755887 -0.0212499997661201 0
0.04375000043756182 -0.01999999978249621 0
0.04375000043756477 -0.01874999979887044 0
0.04375000043756772 -0.01749999981524608 0
0.04375000043757069 -0.01624999983162125 0
0.04375000043757363 -0.01499999984799594 0
0.04375000043757659 -0.01374999986437206 0
0.04375000043757953 -0.01249999988074627 0
0.04375000043758249 -0.01124999989712245 0
0.04375000043758544 -0.009999999913498845 0
0.0437500004375884 -0.00874999992987407 0
0.04375000043759136 -0.007499999946251373 0
0.0437500004375943 -0.006249999962626663 0
0.04375000043759725 -0.004999999979000583 0
0.04375000043760021 -0.003749999995376092 0
0.04375000043760316 -0.00250000001174994 0
0.04375000043760613 -0.001250000028124833 0
0.04375000043760906 -4.450014315371398e-11 0
0.04375000043761202 0.001249999939125359 0
0.04375000043761498 0.00249999992274935 0
0.04375000043761793 0.003749999906375192 0
0.04500000044988396 -0.09374999881637402 0
0.04500000044988702 -0.09249999883274583 0
0.04500000044989004 -0.09124999884912147 0
0.04500000044989307 -0.08999999886549499 0
0.0450000004498961 -0.08874999888186974 0
0.04500000044989916 -0.08749999889824377 0
0.0450000004499022 -0.08624999891461559 0
0.04500000044990522 -0.08499999893099125 0
0.04500000044990826 -0.08374999894736478 0
0.04500000044991129 -0.0824999989637395 0
0.04500000044991433 -0.08124999898011659 0
0.04500000044991737 -0.07999999899649189 0
0.0450000004499204 -0.07874999901286732 0
0.04500000044992345 -0.07749999902924234 0
0.04500000044992648 -0.07624999904561558 0
0.04500000044992951 -0.07499999906199126 0
0.04500000044993254 -0.07374999907836507 0
0.04500000044993557 -0.0724999990947395 0
0.04500000044993861 -0.07124999911111454 0
0.04500000044994165 -0.06999999912748778 0
0.04500000044994469 -0.06874999914386344 0
0.04500000044994772 -0.06749999916023727 0
0.04500000044995076 -0.0662499991766117 0
0.04500000044995379 -0.06499999919298674 0
0.04500000044995683 -0.06374999920936121 0
0.04500000044995987 -0.06249999922573805 0
0.04500000044996289 -0.06124999924211189 0
0.04500000044996595 -0.05999999925848633 0
0.04500000044996898 -0.05874999927486346 0
0.04500000044997202 -0.05749999929123761 0
0.04500000044997504 -0.05624999930761248 0
0.04500000044997808 -0.05499999932398796 0
0.04500000044998112 -0.05374999934036241 0
0.04500000044998415 -0.05249999935673685 0
0.0450000004499872 -0.05124999937311128 0
0.04500000044999022 -0.04999999938948573 0
0.04500000044999325 -0.04874999940586091 0
0.04500000044999629 -0.0474999994222363 0
0.04500000044999933 -0.04624999943861173 0
0.04500000045000237 -0.04499999945498726 0
0.04500000045000541 -0.04374999947136341 0
0.04500000045000843 -0.0424999994877397 0
0.04500000045001147 -0.04124999950411597 0
0.04500000045001451 -0.03999999952049196 0
0.04500000045001755 -0.03874999953686705 0
0.04500000045002057 -0.03749999955324213 0
0.04500000045002363 -0.03624999956961721 0
0.04500000045002665 -0.03499999958599231 0
0.04500000045002969 -0.03374999960236826 0
0.04500000045003272 -0.0324999996187437 0
0.04500000045003576 -0.03124999963511855 0
0.0450000004500388 -0.02999999965149584 0
0.04500000045004182 -0.02874999966787093 0
0.04500000045004487 -0.02749999968424553 0
0.0450000004500479 -0.02624999970062197 0
0.04500000045005095 -0.02499999971699645 0
0.04500000045005398 -0.02374999973337204 0
0.045000000450057 -0.02249999974974712 0
0.04500000045006006 -0.02124999976612172 0
0.04500000045006309 -0.01999999978249779 0
0.04500000045006612 -0.01874999979887191 0
0.04500000045006916 -0.01749999981524748 0
0.04500000045007219 -0.01624999983162256 0
0.04500000045007523 -0.01499999984799716 0
0.04500000045007827 -0.01374999986437323 0
0.04500000045008129 -0.01249999988074733 0
0.04500000045008433 -0.01124999989712343 0
0.04500000045008737 -0.009999999913499718 0
0.04500000045009039 -0.008749999929874831 0
0.04500000045009345 -0.007499999946252115 0
0.04500000045009647 -0.006249999962627335 0
0.04500000045009951 -0.004999999979001165 0
0.04500000045010255 -0.003749999995376634 0
0.04500000045010558 -0.002500000011750394 0
0.04500000045010862 -0.001250000028125223 0
0.04500000045011165 -4.450046234283356e-11 0
0.04500000045011468 0.001249999939125142 0
0.04500000045011774 0.002499999922749185 0
0.04500000045012076 0.003749999906375122 0
0.04625000046238009 -0.09374999881637405 0
0.04625000046238322 -0.09249999883274593 0
0.04625000046238639 -0.09124999884912165 0
0.04625000046238952 -0.08999999886549528 0
0.04625000046239264 -0.08874999888187009 0
0.04625000046239577 -0.08749999889824416 0
0.04625000046239889 -0.08624999891461603 0
0.04625000046240205 -0.08499999893099175 0
0.04625000046240518 -0.08374999894736537 0
0.04625000046240832 -0.08249999896374015 0
0.04625000046241146 -0.08124999898011734 0
0.04625000046241459 -0.07999999899649275 0
0.04625000046241773 -0.07874999901286826 0
0.04625000046242085 -0.07749999902924339 0
0.046250000462424 -0.0762499990456167 0
0.04625000046242712 -0.07499999906199241 0
0.04625000046243027 -0.07374999907836634 0
0.0462500004624334 -0.07249999909474084 0
0.04625000046243653 -0.07124999911111596 0
0.04625000046243967 -0.06999999912748933 0
0.0462500004624428 -0.06874999914386498 0
0.04625000046244593 -0.06749999916023894 0
0.04625000046244908 -0.06624999917661349 0
0.0462500004624522 -0.06499999919298859 0
0.04625000046245535 -0.06374999920936315 0
0.04625000046245847 -0.0624999992257401 0
0.04625000046246162 -0.06124999924211406 0
0.04625000046246476 -0.05999999925848858 0
0.04625000046246788 -0.0587499992748657 0
0.04625000046247102 -0.05749999929123994 0
0.04625000046247416 -0.05624999930761488 0
0.04625000046247731 -0.05499999932399042 0
0.04625000046248044 -0.05374999934036494 0
0.04625000046248356 -0.05249999935673948 0
0.0462500004624867 -0.05124999937311399 0
0.04625000046248985 -0.04999999938948851 0
0.04625000046249297 -0.0487499994058638 0
0.04625000046249611 -0.04749999942223929 0
0.04625000046249925 -0.04624999943861484 0
0.04625000046250238 -0.04499999945499045 0
0.04625000046250552 -0.04374999947136652 0
0.04625000046250864 -0.04249999948774269 0
0.04625000046251179 -0.04124999950411887 0
0.04625000046251491 -0.03999999952049474 0
0.04625000046251806 -0.03874999953686976 0
0.04625000046252119 -0.03749999955324475 0
0.04625000046252432 -0.03624999956961979 0
0.04625000046252746 -0.03499999958599479 0
0.0462500004625306 -0.03374999960237064 0
0.04625000046253373 -0.03249999961874604 0
0.04625000046253687 -0.0312499996351208 0
0.04625000046254001 -0.02999999965149807 0
0.04625000046254314 -0.02874999966787308 0
0.04625000046254628 -0.02749999968424759 0
0.04625000046254941 -0.02624999970062396 0
0.04625000046255255 -0.02499999971699833 0
0.04625000046255569 -0.02374999973337385 0
0.04625000046255882 -0.02249999974974885 0
0.04625000046256196 -0.02124999976612335 0
0.0462500004625651 -0.01999999978249936 0
0.04625000046256823 -0.01874999979887337 0
0.04625000046257137 -0.01749999981524887 0
0.04625000046257451 -0.01624999983162388 0
0.04625000046257764 -0.01499999984799838 0
0.04625000046258078 -0.0137499998643744 0
0.04625000046258392 -0.01249999988074839 0
0.04625000046258705 -0.01124999989712441 0
0.04625000046259019 -0.009999999913500585 0
0.04625000046259332 -0.008749999929875595 0
0.04625000046259645 -0.007499999946252861 0
0.04625000046259958 -0.006249999962628008 0
0.04625000046260272 -0.004999999979001747 0
0.04625000046260586 -0.003749999995377178 0
0.04625000046260899 -0.002500000011750848 0
0.04625000046261211 -0.001250000028125615 0
0.04625000046261525 -4.45007806645914e-11 0
0.04625000046261839 0.001249999939124925 0
0.04625000046262154 0.00249999992274902 0
0.04625000046262468 0.003749999906375054 0
0.04750000047487674 -0.09374999881637411 0
0.04750000047487998 -0.09249999883274604 0
0.0475000004748832 -0.09124999884912181 0
0.04750000047488642 -0.08999999886549553 0
0.04750000047488963 -0.08874999888187042 0
0.04750000047489285 -0.08749999889824454 0
0.04750000047489607 -0.08624999891461649 0
0.04750000047489927 -0.08499999893099225 0
0.04750000047490249 -0.08374999894736596 0
0.04750000047490572 -0.08249999896374081 0
0.04750000047490894 -0.081249998980118 0
0.04750000047491216 -0.07999999899649357 0
0.04750000047491536 -0.07874999901286921 0
0.04750000047491859 -0.07749999902924437 0
0.04750000047492182 -0.07624999904561786 0
0.04750000047492504 -0.07499999906199359 0
0.04750000047492824 -0.07374999907836757 0
0.04750000047493146 -0.07249999909474221 0
0.04750000047493468 -0.07124999911111737 0
0.0475000004749379 -0.06999999912749083 0
0.04750000047494113 -0.06874999914386656 0
0.04750000047494433 -0.06749999916024062 0
0.04750000047494756 -0.06624999917661521 0
0.04750000047495077 -0.06499999919299039 0
0.04750000047495399 -0.06374999920936517 0
0.0475000004749572 -0.06249999922574217 0
0.04750000047496042 -0.06124999924211618 0
0.04750000047496363 -0.0599999992584908 0
0.04750000047496685 -0.05874999927486796 0
0.04750000047497008 -0.05749999929124227 0
0.0475000004749733 -0.0562499993076173 0
0.04750000047497652 -0.0549999993239929 0
0.04750000047497974 -0.05374999934036748 0
0.04750000047498296 -0.0524999993567421 0
0.04750000047498616 -0.0512499993731167 0
0.04750000047498937 -0.04999999938949132 0
0.0475000004749926 -0.04874999940586668 0
0.04750000047499582 -0.0474999994222423 0
0.04750000047499903 -0.04624999943861793 0
0.04750000047500226 -0.04499999945499365 0
0.04750000047500547 -0.04374999947136962 0
0.0475000004750087 -0.04249999948774569 0
0.04750000047501192 -0.04124999950412177 0
0.04750000047501513 -0.03999999952049754 0
0.04750000047501835 -0.03874999953687248 0
0.04750000047502156 -0.0374999995532474 0
0.04750000047502479 -0.0362499995696223 0
0.047500000475028 -0.03499999958599723 0
0.04750000047503122 -0.03374999960237306 0
0.04750000047503443 -0.03249999961874839 0
0.04750000047503764 -0.03124999963512304 0
0.04750000047504087 -0.0299999996515003 0
0.04750000047504409 -0.02874999966787523 0
0.0475000004750473 -0.02749999968424964 0
0.04750000047505052 -0.02624999970062596 0
0.04750000047505375 -0.02499999971700019 0
0.04750000047505696 -0.02374999973337564 0
0.04750000047506018 -0.02249999974975057 0
0.0475000004750634 -0.02124999976612498 0
0.04750000047506662 -0.01999999978250094 0
0.04750000047506984 -0.01874999979887484 0
0.04750000047507305 -0.01749999981525027 0
0.04750000047507627 -0.0162499998316252 0
0.04750000047507948 -0.01499999984799961 0
0.0475000004750827 -0.01374999986437556 0
0.04750000047508593 -0.01249999988074945 0
0.04750000047508914 -0.01124999989712539 0
0.04750000047509235 -0.009999999913501458 0
0.04750000047509557 -0.008749999929876361 0
0.04750000047509879 -0.007499999946253607 0
0.04750000047510201 -0.006249999962628681 0
0.04750000047510523 -0.00499999997900233 0
0.04750000047510845 -0.003749999995377718 0
0.04750000047511167 -0.002500000011751304 0
0.04750000047511489 -0.001250000028126007 0
0.04750000047511811 -4.450109942003011e-11 0
0.04750000047512133 0.001249999939124709 0
0.04750000047512453 0.002499999922748856 0
0.04750000047512775 0.003749999906374984 0
0.04875000048737262 -0.09374999881637416 0
0.04875000048737592 -0.09249999883274615 0
0.04875000048737925 -0.09124999884912197 0
0.04875000048738257 -0.08999999886549577 0
0.04875000048738589 -0.08874999888187077 0
0.0487500004873892 -0.08749999889824493 0
0.04875000048739252 -0.08624999891461695 0
0.04875000048739583 -0.08499999893099275 0
0.04875000048739916 -0.08374999894736657 0
0.04875000048740247 -0.08249999896374151 0
0.0487500004874058 -0.08124999898011871 0
0.04875000048740911 -0.07999999899649442 0
0.04875000048741244 -0.07874999901287015 0
0.04875000048741573 -0.07749999902924538 0
0.04875000048741907 -0.07624999904561895 0
0.04875000048742238 -0.07499999906199475 0
0.0487500004874257 -0.07374999907836884 0
0.04875000048742902 -0.07249999909474356 0
0.04875000048743232 -0.07124999911111879 0
0.04875000048743564 -0.06999999912749236 0
0.04875000048743897 -0.06874999914386815 0
0.04875000048744229 -0.06749999916024228 0
0.0487500004874456 -0.06624999917661697 0
0.04875000048744892 -0.06499999919299222 0
0.04875000048745223 -0.06374999920936711 0
0.04875000048745556 -0.06249999922574422 0
0.04875000048745888 -0.06124999924211835 0
0.0487500004874622 -0.05999999925849301 0
0.04875000048746551 -0.0587499992748702 0
0.04875000048746882 -0.05749999929124461 0
0.04875000048747213 -0.0562499993076197 0
0.04875000048747546 -0.05499999932399537 0
0.04875000048747878 -0.05374999934037004 0
0.04875000048748208 -0.05249999935674474 0
0.04875000048748541 -0.0512499993731194 0
0.04875000048748872 -0.04999999938949408 0
0.04875000048749205 -0.04874999940586956 0
0.04875000048749537 -0.0474999994222453 0
0.04875000048749868 -0.04624999943862106 0
0.04875000048750201 -0.0449999994549968 0
0.04875000048750532 -0.04374999947137273 0
0.04875000048750863 -0.04249999948774869 0
0.04875000048751195 -0.04124999950412465 0
0.04875000048751527 -0.03999999952050032 0
0.04875000048751858 -0.03874999953687518 0
0.04875000048752191 -0.03749999955325001 0
0.04875000048752522 -0.03624999956962485 0
0.04875000048752855 -0.03499999958599969 0
0.04875000048753185 -0.03374999960237547 0
0.04875000048753518 -0.03249999961875073 0
0.04875000048753848 -0.0312499996351253 0
0.04875000048754181 -0.02999999965150252 0
0.04875000048754512 -0.02874999966787737 0
0.04875000048754845 -0.02749999968425169 0
0.04875000048755176 -0.02624999970062794 0
0.04875000048755509 -0.02499999971700207 0
0.04875000048755838 -0.02374999973337745 0
0.04875000048756171 -0.02249999974975229 0
0.04875000048756503 -0.02124999976612661 0
0.04875000048756835 -0.01999999978250251 0
0.04875000048757167 -0.0187499997988763 0
0.04875000048757498 -0.01749999981525167 0
0.0487500004875783 -0.01624999983162651 0
0.04875000048758162 -0.01499999984800083 0
0.04875000048758495 -0.01374999986437673 0
0.04875000048758826 -0.01249999988075051 0
0.04875000048759158 -0.01124999989712636 0
0.04875000048759488 -0.009999999913502334 0
0.04875000048759821 -0.008749999929877125 0
0.04875000048760152 -0.007499999946254349 0
0.04875000048760485 -0.006249999962629354 0
0.04875000048760817 -0.004999999979002913 0
0.04875000048761148 -0.003749999995378261 0
0.04875000048761478 -0.002500000011751758 0
0.04875000048761812 -0.001250000028126399 0
0.04875000048762142 -4.450141947651143e-11 0
0.04875000048762475 0.001249999939124493 0
0.04875000048762807 0.002499999922748691 0
0.04875000048763138 0.003749999906374914 0
0.05000000049987087 -0.09374999881637422 0
0.05000000049987426 -0.09249999883274626 0
0.0500000004998776 -0.09124999884912212 0
0.05000000049988097 -0.08999999886549605 0
0.05000000049988433 -0.08874999888187111 0
0.05000000049988772 -0.08749999889824532 0
0.05000000049989108 -0.08624999891461739 0
0.05000000049989443 -0.08499999893099326 0
0.05000000049989781 -0.08374999894736718 0
0.05000000049990118 -0.08249999896374219 0
0.05000000049990454 -0.08124999898011938 0
0.0500000004999079 -0.07999999899649522 0
0.05000000049991128 -0.07874999901287109 0
0.05000000049991464 -0.07749999902924638 0
0.05000000049991801 -0.07624999904562008 0
0.05000000049992137 -0.07499999906199591 0
0.05000000049992473 -0.07374999907837014 0
0.0500000004999281 -0.07249999909474489 0
0.05000000049993147 -0.0712499991111202 0
0.05000000049993483 -0.06999999912749388 0
0.0500000004999382 -0.06874999914386971 0
0.05000000049994156 -0.06749999916024395 0
0.05000000049994494 -0.06624999917661874 0
0.05000000049994831 -0.06499999919299405 0
0.05000000049995168 -0.06374999920936905 0
0.05000000049995501 -0.06249999922574627 0
0.05000000049995841 -0.06124999924212047 0
0.05000000049996177 -0.05999999925849524 0
0.05000000049996513 -0.05874999927487246 0
0.05000000049996849 -0.05749999929124694 0
0.05000000049997186 -0.05624999930762213 0
0.05000000049997523 -0.0549999993239978 0
0.05000000049997859 -0.05374999934037258 0
0.05000000049998196 -0.05249999935674735 0
0.05000000049998533 -0.05124999937312213 0
0.05000000049998869 -0.04999999938949689 0
0.05000000049999205 -0.04874999940587247 0
0.05000000049999542 -0.04749999942224829 0
0.05000000049999878 -0.04624999943862415 0
0.05000000050000215 -0.04499999945499999 0
0.05000000050000553 -0.04374999947137584 0
0.0500000005000089 -0.04249999948775168 0
0.05000000050001226 -0.04124999950412754 0
0.05000000050001563 -0.03999999952050313 0
0.05000000050001899 -0.03874999953687789 0
0.05000000050002235 -0.03749999955325263 0
0.05000000050002573 -0.03624999956962741 0
0.05000000050002909 -0.03499999958600217 0
0.05000000050003245 -0.03374999960237789 0
0.05000000050003582 -0.03249999961875306 0
0.05000000050003918 -0.03124999963512754 0
0.05000000050004255 -0.02999999965150476 0
0.05000000050004591 -0.02874999966787952 0
0.05000000050004927 -0.02749999968425374 0
0.05000000050005265 -0.02624999970062993 0
0.05000000050005601 -0.02499999971700394 0
0.05000000050005939 -0.02374999973337925 0
0.05000000050006274 -0.02249999974975402 0
0.05000000050006612 -0.02124999976612824 0
0.05000000050006947 -0.01999999978250409 0
0.05000000050007285 -0.01874999979887777 0
0.05000000050007622 -0.01749999981525306 0
0.05000000050007958 -0.01624999983162783 0
0.05000000050008295 -0.01499999984800205 0
0.05000000050008631 -0.0137499998643779 0
0.05000000050008968 -0.01249999988075157 0
0.05000000050009304 -0.01124999989712734 0
0.05000000050009642 -0.009999999913503199 0
0.05000000050009978 -0.008749999929877891 0
0.05000000050010314 -0.007499999946255092 0
0.0500000005001065 -0.006249999962630026 0
0.05000000050010987 -0.004999999979003496 0
0.05000000050011325 -0.003749999995378805 0
0.0500000005001166 -0.002500000011752213 0
0.05000000050011998 -0.001250000028126789 0
0.05000000050012335 -4.450173823195014e-11 0
0.05000000050012671 0.001249999939124277 0
0.05000000050013007 0.002499999922748526 0
0.05000000050013344 0.003749999906374844 0
0.05125000051237281 -0.09374999881637427 0
0.05125000051237613 -0.09249999883274637 0
0.05125000051237945 -0.0912499988491223 0
0.05125000051238277 -0.08999999886549634 0
0.05125000051238608 -0.08874999888187143 0
0.0512500005123894 -0.08749999889824571 0
0.05125000051239273 -0.08624999891461783 0
0.05125000051239605 -0.08499999893099376 0
0.05125000051239938 -0.08374999894736779 0
0.05125000051240271 -0.08249999896374287 0
0.05125000051240602 -0.08124999898012011 0
0.05125000051240934 -0.07999999899649606 0
0.05125000051241264 -0.07874999901287204 0
0.05125000051241597 -0.07749999902924738 0
0.05125000051241929 -0.0762499990456212 0
0.05125000051242262 -0.07499999906199709 0
0.05125000051242595 -0.07374999907837142 0
0.05125000051242927 -0.07249999909474623 0
0.05125000051243259 -0.07124999911112162 0
0.0512500005124359 -0.06999999912749541 0
0.05125000051243922 -0.06874999914387131 0
0.05125000051244254 -0.06749999916024563 0
0.05125000051244585 -0.06624999917662049 0
0.05125000051244917 -0.06499999919299586 0
0.05125000051245251 -0.06374999920937105 0
0.05125000051245582 -0.06249999922574831 0
0.05125000051245914 -0.06124999924212262 0
0.05125000051246247 -0.05999999925849747 0
0.05125000051246579 -0.0587499992748747 0
0.0512500005124691 -0.05749999929124927 0
0.05125000051247242 -0.05624999930762451 0
0.05125000051247575 -0.05499999932400028 0
0.05125000051247906 -0.05374999934037513 0
0.05125000051248238 -0.05249999935674999 0
0.0512500005124857 -0.05124999937312482 0
0.05125000051248901 -0.04999999938949966 0
0.05125000051249234 -0.04874999940587536 0
0.05125000051249566 -0.04749999942225128 0
0.05125000051249899 -0.04624999943862726 0
0.05125000051250229 -0.04499999945500318 0
0.05125000051250563 -0.04374999947137895 0
0.05125000051250894 -0.04249999948775467 0
0.05125000051251226 -0.04124999950413043 0
0.05125000051251559 -0.0399999995205059 0
0.05125000051251891 -0.0387499995368806 0
0.05125000051252224 -0.03749999955325527 0
0.05125000051252554 -0.03624999956962995 0
0.05125000051252886 -0.03499999958600464 0
0.05125000051253217 -0.03374999960238028 0
0.0512500005125355 -0.0324999996187554 0
0.05125000051253883 -0.03124999963512979 0
0.05125000051254215 -0.02999999965150698 0
0.05125000051254547 -0.02874999966788166 0
0.05125000051254877 -0.02749999968425579 0
0.0512500005125521 -0.02624999970063192 0
0.05125000051255543 -0.02499999971700581 0
0.05125000051255875 -0.02374999973338105 0
0.05125000051256207 -0.02249999974975574 0
0.05125000051256538 -0.02124999976612986 0
0.0512500005125687 -0.01999999978250566 0
0.05125000051257203 -0.01874999979887923 0
0.05125000051257534 -0.01749999981525446 0
0.05125000051257866 -0.01624999983162915 0
0.05125000051258199 -0.01499999984800327 0
0.05125000051258531 -0.01374999986437907 0
0.05125000051258863 -0.01249999988075262 0
0.05125000051259196 -0.01124999989712832 0
0.05125000051259526 -0.009999999913504073 0
0.0512500005125986 -0.008749999929878655 0
0.05125000051260191 -0.007499999946255838 0
0.05125000051260523 -0.006249999962630698 0
0.05125000051260856 -0.004999999979004079 0
0.05125000051261186 -0.003749999995379347 0
0.0512500005126152 -0.002500000011752667 0
0.05125000051261852 -0.001250000028127182 0
0.05125000051262182 -4.450205698738885e-11 0
0.05125000051262515 0.001249999939124061 0
0.05125000051262847 0.00249999992274836 0
0.05125000051263179 0.003749999906374774 0
0.05250000052487634 -0.09374999881637434 0
0.05250000052487957 -0.09249999883274648 0
0.05250000052488279 -0.09124999884912245 0
0.05250000052488601 -0.08999999886549659 0
0.05250000052488925 -0.08874999888187178 0
0.05250000052489245 -0.08749999889824613 0
0.05250000052489567 -0.08624999891461828 0
0.05250000052489891 -0.08499999893099426 0
0.05250000052490213 -0.0837499989473684 0
0.05250000052490535 -0.08249999896374353 0
0.05250000052490858 -0.08124999898012082 0
0.0525000005249118 -0.07999999899649689 0
0.05250000052491502 -0.07874999901287295 0
0.05250000052491825 -0.0774999990292484 0
0.05250000052492147 -0.07624999904562232 0
0.05250000052492469 -0.07499999906199827 0
0.05250000052492793 -0.07374999907837269 0
0.05250000052493114 -0.07249999909474759 0
0.05250000052493435 -0.07124999911112304 0
0.05250000052493758 -0.06999999912749694 0
0.0525000005249408 -0.06874999914387288 0
0.05250000052494402 -0.06749999916024726 0
0.05250000052494726 -0.06624999917662223 0
0.05250000052495048 -0.06499999919299766 0
0.05250000052495371 -0.06374999920937299 0
0.05250000052495693 -0.06249999922575036 0
0.05250000052496015 -0.06124999924212477 0
0.05250000052496338 -0.05999999925849971 0
0.05250000052496659 -0.05874999927487695 0
0.05250000052496982 -0.05749999929125162 0
0.05250000052497303 -0.05624999930762693 0
0.05250000052497628 -0.05499999932400274 0
0.05250000052497949 -0.05374999934037768 0
0.05250000052498272 -0.05249999935675261 0
0.05250000052498595 -0.05124999937312754 0
0.05250000052498915 -0.04999999938950248 0
0.05250000052499239 -0.04874999940587826 0
0.05250000052499559 -0.04749999942225428 0
0.05250000052499883 -0.04624999943863037 0
0.05250000052500206 -0.04499999945500635 0
0.05250000052500528 -0.04374999947138206 0
0.0525000005250085 -0.04249999948775768 0
0.05250000052501173 -0.04124999950413332 0
0.05250000052501495 -0.03999999952050871 0
0.05250000052501816 -0.0387499995368833 0
0.05250000052502139 -0.03749999955325789 0
0.05250000052502463 -0.03624999956963249 0
0.05250000052502783 -0.03499999958600711 0
0.05250000052503107 -0.0337499996023827 0
0.05250000052503428 -0.03249999961875773 0
0.0525000005250375 -0.03124999963513204 0
0.05250000052504074 -0.02999999965150921 0
0.05250000052504398 -0.02874999966788382 0
0.05250000052504719 -0.02749999968425784 0
0.05250000052505041 -0.02624999970063391 0
0.05250000052505363 -0.02499999971700768 0
0.05250000052505685 -0.02374999973338286 0
0.05250000052506007 -0.02249999974975746 0
0.05250000052506329 -0.02124999976613149 0
0.05250000052506652 -0.01999999978250723 0
0.05250000052506974 -0.0187499997988807 0
0.05250000052507298 -0.01749999981525587 0
0.0525000005250762 -0.01624999983163046 0
0.05250000052507942 -0.01499999984800449 0
0.05250000052508264 -0.01374999986438023 0
0.05250000052508586 -0.01249999988075369 0
0.05250000052508909 -0.01124999989712931 0
0.05250000052509231 -0.009999999913504941 0
0.05250000052509554 -0.008749999929879418 0
0.05250000052509877 -0.007499999946256584 0
0.05250000052510198 -0.006249999962631371 0
0.0525000005251052 -0.004999999979004664 0
0.05250000052510843 -0.003749999995379888 0
0.05250000052511165 -0.002500000011753122 0
0.05250000052511488 -0.001250000028127573 0
0.05250000052511811 -4.450237704387017e-11 0
0.05250000052512133 0.001249999939123844 0
0.05250000052512455 0.002499999922748196 0
0.05250000052512777 0.003749999906374705 0
0.05375000053737936 -0.09374999881637439 0
0.05375000053738248 -0.09249999883274659 0
0.05375000053738564 -0.09124999884912259 0
0.05375000053738877 -0.08999999886549685 0
0.05375000053739191 -0.08874999888187211 0
0.05375000053739505 -0.08749999889824651 0
0.05375000053739819 -0.08624999891461871 0
0.05375000053740134 -0.08499999893099475 0
0.0537500005374045 -0.08374999894736898 0
0.05375000053740762 -0.0824999989637442 0
0.05375000053741077 -0.08124999898012149 0
0.05375000053741393 -0.07999999899649772 0
0.05375000053741706 -0.0787499990128739 0
0.05375000053742019 -0.07749999902924938 0
0.05375000053742335 -0.07624999904562341 0
0.05375000053742649 -0.07499999906199943 0
0.05375000053742963 -0.07374999907837392 0
0.05375000053743278 -0.07249999909474895 0
0.0537500005374359 -0.07124999911112445 0
0.05375000053743906 -0.06999999912749846 0
0.05375000053744221 -0.06874999914387447 0
0.05375000053744536 -0.06749999916024897 0
0.05375000053744849 -0.06624999917662397 0
0.05375000053745164 -0.06499999919299948 0
0.05375000053745477 -0.06374999920937496 0
0.05375000053745793 -0.06249999922575243 0
0.05375000053746107 -0.06124999924212691 0
0.05375000053746422 -0.05999999925850193 0
0.05375000053746737 -0.0587499992748792 0
0.0537500005374705 -0.05749999929125395 0
0.05375000053747366 -0.05624999930762934 0
0.05375000053747678 -0.05499999932400521 0
0.05375000053747992 -0.05374999934038022 0
0.05375000053748309 -0.05249999935675523 0
0.0537500005374862 -0.05124999937313023 0
0.05375000053748936 -0.04999999938950525 0
0.05375000053749251 -0.04874999940588114 0
0.05375000053749565 -0.04749999942225728 0
0.05375000053749878 -0.04624999943863348 0
0.05375000053750194 -0.04499999945500954 0
0.05375000053750507 -0.04374999947138516 0
0.05375000053750822 -0.04249999948776068 0
0.05375000053751137 -0.04124999950413622 0
0.0537500005375145 -0.03999999952051148 0
0.05375000053751766 -0.03874999953688601 0
0.05375000053752081 -0.03749999955326053 0
0.05375000053752393 -0.03624999956963504 0
0.05375000053752707 -0.03499999958600955 0
0.05375000053753021 -0.03374999960238511 0
0.05375000053753336 -0.03249999961876006 0
0.05375000053753652 -0.03124999963513429 0
0.05375000053753966 -0.02999999965151143 0
0.05375000053754279 -0.02874999966788596 0
0.05375000053754594 -0.02749999968425989 0
0.05375000053754909 -0.02624999970063589 0
0.05375000053755222 -0.02499999971700955 0
0.05375000053755537 -0.02374999973338466 0
0.05375000053755852 -0.02249999974975918 0
0.05375000053756167 -0.02124999976613312 0
0.0537500005375648 -0.01999999978250882 0
0.05375000053756795 -0.01874999979888217 0
0.05375000053757108 -0.01749999981525726 0
0.05375000053757423 -0.01624999983163178 0
0.05375000053757738 -0.01499999984800571 0
0.05375000053758051 -0.0137499998643814 0
0.05375000053758367 -0.01249999988075475 0
0.05375000053758681 -0.01124999989713029 0
0.05375000053758994 -0.009999999913505817 0
0.05375000053759308 -0.008749999929880185 0
0.05375000053759624 -0.007499999946257326 0
0.05375000053759938 -0.006249999962632043 0
0.05375000053760252 -0.004999999979005245 0
0.05375000053760565 -0.003749999995380433 0
0.0537500005376088 -0.002500000011753576 0
0.05375000053761195 -0.001250000028127964 0
0.0537500005376151 -4.450269623298975e-11 0
0.05375000053761823 0.001249999939123627 0
0.05375000053762138 0.002499999922748031 0
0.05375000053762453 0.003749999906374635 0
0.05500000054988312 -0.09374999881637444 0
0.05500000054988618 -0.0924999988327467 0
0.05500000054988922 -0.09124999884912276 0
0.05500000054989226 -0.0899999988654971 0
0.05500000054989531 -0.08874999888187246 0
0.05500000054989836 -0.0874999988982469 0
0.05500000054990142 -0.08624999891461915 0
0.05500000054990446 -0.08499999893099526 0
0.05500000054990749 -0.08374999894736956 0
0.05500000054991055 -0.08249999896374491 0
0.05500000054991358 -0.08124999898012221 0
0.05500000054991663 -0.07999999899649855 0
0.05500000054991967 -0.07874999901287484 0
0.05500000054992272 -0.07749999902925045 0
0.05500000054992577 -0.07624999904562453 0
0.05500000054992882 -0.07499999906200061 0
0.05500000054993187 -0.07374999907837519 0
0.05500000054993491 -0.07249999909475029 0
0.05500000054993795 -0.07124999911112587 0
0.05500000054994101 -0.06999999912749999 0
0.05500000054994406 -0.06874999914387604 0
0.0550000005499471 -0.06749999916025068 0
0.05500000054995013 -0.06624999917662572 0
0.05500000054995319 -0.06499999919300133 0
0.05500000054995624 -0.06374999920937692 0
0.05500000054995928 -0.06249999922575446 0
0.05500000054996232 -0.06124999924212907 0
0.05500000054996539 -0.05999999925850416 0
0.05500000054996843 -0.05874999927488143 0
0.05500000054997148 -0.05749999929125628 0
0.05500000054997452 -0.05624999930763173 0
0.05500000054997756 -0.05499999932400767 0
0.05500000054998062 -0.05374999934038277 0
0.05500000054998366 -0.05249999935675787 0
0.0550000005499867 -0.05124999937313295 0
0.05500000054998974 -0.04999999938950805 0
0.05500000054999279 -0.04874999940588403 0
0.05500000054999585 -0.04749999942226028 0
0.05500000054999889 -0.04624999943863659 0
0.05500000055000193 -0.04499999945501271 0
0.05500000055000498 -0.04374999947138828 0
0.05500000055000803 -0.04249999948776368 0
0.05500000055001107 -0.04124999950413911 0
0.05500000055001412 -0.03999999952051428 0
0.05500000055001716 -0.03874999953688871 0
0.05500000055002022 -0.03749999955326315 0
0.05500000055002327 -0.0362499995696376 0
0.05500000055002631 -0.03499999958601203 0
0.05500000055002935 -0.0337499996023875 0
0.0550000005500324 -0.0324999996187624 0
0.05500000055003545 -0.03124999963513654 0
0.05500000055003848 -0.02999999965151367 0
0.05500000055004153 -0.0287499996678881 0
0.05500000055004459 -0.02749999968426194 0
0.05500000055004763 -0.02624999970063788 0
0.0550000005500507 -0.02499999971701143 0
0.05500000055005373 -0.02374999973338647 0
0.05500000055005677 -0.0224999997497609 0
0.05500000055005982 -0.02124999976613474 0
0.05500000055006286 -0.01999999978251038 0
0.05500000055006591 -0.01874999979888363 0
0.05500000055006896 -0.01749999981525865 0
0.05500000055007201 -0.01624999983163309 0
0.05500000055007506 -0.01499999984800693 0
0.05500000055007809 -0.01374999986438257 0
0.05500000055008115 -0.0124999998807558 0
0.05500000055008419 -0.01124999989713126 0
0.05500000055008725 -0.009999999913506686 0
0.05500000055009028 -0.008749999929880948 0
0.05500000055009333 -0.007499999946258072 0
0.05500000055009639 -0.006249999962632714 0
0.05500000055009942 -0.004999999979005828 0
0.05500000055010248 -0.003749999995380972 0
0.05500000055010551 -0.002500000011754031 0
0.05500000055010857 -0.001250000028128355 0
0.05500000055011162 -4.450301455474759e-11 0
0.05500000055011466 0.001249999939123412 0
0.05500000055011769 0.002499999922747866 0
0.05500000055012075 0.003749999906374564 0
0.05625000056238585 -0.09374999881637451 0
0.05625000056238882 -0.09249999883274682 0
0.05625000056239179 -0.09124999884912294 0
0.05625000056239476 -0.08999999886549739 0
0.05625000056239773 -0.08874999888187281 0
0.05625000056240068 -0.08749999889824729 0
0.05625000056240365 -0.08624999891461961 0
0.05625000056240661 -0.08499999893099575 0
0.0562500005624096 -0.08374999894737017 0
0.05625000056241256 -0.08249999896374556 0
0.05625000056241553 -0.08124999898012289 0
0.05625000056241849 -0.07999999899649939 0
0.05625000056242145 -0.07874999901287578 0
0.05625000056242442 -0.07749999902925143 0
0.05625000056242738 -0.07624999904562563 0
0.05625000056243036 -0.07499999906200176 0
0.05625000056243331 -0.07374999907837647 0
0.05625000056243627 -0.07249999909475162 0
0.05625000056243926 -0.07124999911112728 0
0.05625000056244221 -0.06999999912750149 0
0.0562500005624452 -0.0687499991438776 0
0.05625000056244815 -0.06749999916025234 0
0.05625000056245112 -0.06624999917662748 0
0.05625000056245409 -0.06499999919300314 0
0.05625000056245706 -0.06374999920937888 0
0.05625000056246003 -0.06249999922575652 0
0.05625000056246299 -0.06124999924213121 0
0.05625000056246595 -0.05999999925850637 0
0.05625000056246893 -0.05874999927488368 0
0.0562500005624719 -0.05749999929125861 0
0.05625000056247485 -0.05624999930763414 0
0.05625000056247781 -0.05499999932401013 0
0.05625000056248079 -0.05374999934038531 0
0.05625000056248376 -0.05249999935676049 0
0.05625000056248673 -0.05124999937313567 0
0.05625000056248969 -0.04999999938951083 0
0.05625000056249266 -0.04874999940588692 0
0.05625000056249563 -0.04749999942226328 0
0.0562500005624986 -0.04624999943863969 0
0.05625000056250155 -0.0449999994550159 0
0.05625000056250452 -0.04374999947139139 0
0.05625000056250749 -0.04249999948776669 0
0.05625000056251046 -0.04124999950414199 0
0.05625000056251343 -0.03999999952051705 0
0.05625000056251639 -0.03874999953689142 0
0.05625000056251937 -0.03749999955326577 0
0.05625000056252233 -0.03624999956964012 0
0.0562500005625253 -0.03499999958601449 0
0.05625000056252825 -0.03374999960238991 0
0.05625000056253122 -0.03249999961876474 0
0.05625000056253419 -0.03124999963513878 0
0.05625000056253716 -0.02999999965151588 0
0.05625000056254011 -0.02874999966789024 0
0.0562500005625431 -0.02749999968426399 0
0.05625000056254605 -0.02624999970063987 0
0.05625000056254903 -0.02499999971701329 0
0.05625000056255199 -0.02374999973338826 0
0.05625000056255495 -0.02249999974976262 0
0.05625000056255793 -0.02124999976613637 0
0.0562500005625609 -0.01999999978251196 0
0.05625000056256386 -0.01874999979888509 0
0.05625000056256683 -0.01749999981526005 0
0.05625000056256977 -0.01624999983163442 0
0.05625000056257276 -0.01499999984800815 0
0.05625000056257572 -0.01374999986438374 0
0.05625000056257869 -0.01249999988075686 0
0.05625000056258165 -0.01124999989713224 0
0.05625000056258463 -0.00999999991350756 0
0.0562500005625876 -0.008749999929881716 0
0.05625000056259057 -0.007499999946258818 0
0.05625000056259353 -0.006249999962633389 0
0.05625000056259648 -0.00499999997900641 0
0.05625000056259944 -0.003749999995381515 0
0.05625000056260241 -0.002500000011754485 0
0.05625000056260539 -0.001250000028128747 0
0.05625000056260836 -4.450333504490978e-11 0
0.05625000056261132 0.001249999939123194 0
0.0562500005626143 0.002499999922747701 0
0.05625000056261725 0.003749999906374495 0
0.05750000057488857 -0.09374999881637452 0
0.05750000057489146 -0.09249999883274693 0
0.05750000057489432 -0.0912499988491231 0
0.05750000057489722 -0.08999999886549763 0
0.05750000057490009 -0.08874999888187314 0
0.05750000057490299 -0.08749999889824768 0
0.05750000057490588 -0.08624999891462008 0
0.05750000057490878 -0.08499999893099625 0
0.05750000057491166 -0.08374999894737079 0
0.05750000057491453 -0.08249999896374625 0
0.05750000057491744 -0.08124999898012361 0
0.05750000057492033 -0.07999999899650022 0
0.0575000005749232 -0.07874999901287673 0
0.05750000057492609 -0.07749999902925243 0
0.05750000057492899 -0.07624999904562675 0
0.05750000057493188 -0.07499999906200293 0
0.05750000057493476 -0.07374999907837773 0
0.05750000057493764 -0.07249999909475296 0
0.05750000057494053 -0.0712499991111287 0
0.05750000057494342 -0.06999999912750302 0
0.05750000057494631 -0.06874999914387919 0
0.05750000057494919 -0.06749999916025401 0
0.05750000057495208 -0.06624999917662926 0
0.05750000057495497 -0.06499999919300498 0
0.05750000057495784 -0.06374999920938083 0
0.05750000057496074 -0.06249999922575857 0
0.05750000057496363 -0.06124999924213335 0
0.05750000057496651 -0.05999999925850862 0
0.0575000005749694 -0.05874999927488594 0
0.05750000057497229 -0.05749999929126096 0
0.05750000057497516 -0.05624999930763656 0
0.05750000057497806 -0.0549999993240126 0
0.05750000057498093 -0.05374999934038786 0
0.05750000057498383 -0.05249999935676312 0
0.05750000057498671 -0.05124999937313836 0
0.0575000005749896 -0.04999999938951363 0
0.05750000057499249 -0.0487499994058898 0
0.05750000057499538 -0.04749999942226628 0
0.05750000057499827 -0.0462499994386428 0
0.05750000057500115 -0.04499999945501909 0
0.05750000057500404 -0.0437499994713945 0
0.05750000057500693 -0.0424999994877697 0
0.05750000057500983 -0.04124999950414489 0
0.0575000005750127 -0.03999999952051987 0
0.05750000057501559 -0.03874999953689414 0
0.05750000057501847 -0.0374999995532684 0
0.05750000057502136 -0.03624999956964267 0
0.05750000057502425 -0.03499999958601697 0
0.05750000057502713 -0.03374999960239233 0
0.05750000057503002 -0.03249999961876707 0
0.05750000057503291 -0.03124999963514104 0
0.05750000057503579 -0.02999999965151812 0
0.05750000057503869 -0.02874999966789239 0
0.05750000057504157 -0.02749999968426604 0
0.05750000057504445 -0.02624999970064186 0
0.05750000057504734 -0.02499999971701517 0
0.05750000057505023 -0.02374999973339006 0
0.05750000057505311 -0.02249999974976434 0
0.05750000057505601 -0.021249999766138 0
0.0575000005750589 -0.01999999978251353 0
0.05750000057506177 -0.01874999979888656 0
0.05750000057506466 -0.01749999981526146 0
0.05750000057506755 -0.01624999983163573 0
0.05750000057507045 -0.01499999984800937 0
0.05750000057507332 -0.0137499998643849 0
0.0575000005750762 -0.01249999988075792 0
0.05750000057507909 -0.01124999989713322 0
0.05750000057508198 -0.009999999913508433 0
0.05750000057508488 -0.008749999929882478 0
0.05750000057508775 -0.007499999946259561 0
0.05750000057509064 -0.006249999962634062 0
0.05750000057509354 -0.004999999979006993 0
0.05750000057509641 -0.003749999995382058 0
0.0575000005750993 -0.002500000011754941 0
0.0575000005751022 -0.001250000028129139 0
0.05750000057510507 -4.450365423402936e-11 0
0.05750000057510796 0.001249999939122978 0
0.05750000057511086 0.002499999922747535 0
0.05750000057511374 0.003749999906374425 0
0.05875000058739235 -0.09374999881637461 0
0.05875000058739515 -0.09249999883274702 0
0.05875000058739795 -0.09124999884912327 0
0.05875000058740072 -0.08999999886549788 0
0.05875000058740353 -0.08874999888187346 0
0.05875000058740631 -0.08749999889824807 0
0.0587500005874091 -0.08624999891462053 0
0.05875000058741189 -0.08499999893099676 0
0.05875000058741468 -0.08374999894737138 0
0.05875000058741747 -0.08249999896374692 0
0.05875000058742026 -0.08124999898012429 0
0.05875000058742307 -0.07999999899650104 0
0.05875000058742584 -0.07874999901287767 0
0.05875000058742862 -0.07749999902925343 0
0.05875000058743143 -0.07624999904562785 0
0.0587500005874342 -0.07499999906200414 0
0.05875000058743699 -0.07374999907837902 0
0.05875000058743978 -0.07249999909475434 0
0.05875000058744258 -0.07124999911113011 0
0.05875000058744537 -0.06999999912750454 0
0.05875000058744815 -0.06874999914388075 0
0.05875000058745095 -0.06749999916025565 0
0.05875000058745374 -0.06624999917663101 0
0.05875000058745652 -0.06499999919300679 0
0.05875000058745931 -0.06374999920938282 0
0.0587500005874621 -0.06249999922576063 0
0.05875000058746491 -0.06124999924213551 0
0.05875000058746768 -0.05999999925851083 0
0.05875000058747047 -0.05874999927488818 0
0.05875000058747328 -0.05749999929126329 0
0.05875000058747605 -0.05624999930763896 0
0.05875000058747885 -0.05499999932401507 0
0.05875000058748162 -0.0537499993403904 0
0.05875000058748443 -0.05249999935676575 0
0.05875000058748724 -0.05124999937314108 0
0.05875000058749 -0.0499999993895164 0
0.05875000058749279 -0.0487499994058927 0
0.05875000058749559 -0.04749999942226927 0
0.05875000058749838 -0.04624999943864591 0
0.05875000058750117 -0.04499999945502226 0
0.05875000058750396 -0.0437499994713976 0
0.05875000058750675 -0.04249999948777269 0
0.05875000058750952 -0.04124999950414777 0
0.05875000058751233 -0.03999999952052263 0
0.05875000058751513 -0.03874999953689684 0
0.05875000058751791 -0.03749999955327103 0
0.0587500005875207 -0.03624999956964523 0
0.0587500005875235 -0.03499999958601942 0
0.05875000058752627 -0.03374999960239474 0
0.05875000058752906 -0.03249999961876941 0
0.05875000058753187 -0.03124999963514328 0
0.05875000058753465 -0.02999999965152033 0
0.05875000058753743 -0.02874999966789454 0
0.05875000058754021 -0.0274999996842681 0
0.05875000058754301 -0.02624999970064385 0
0.05875000058754581 -0.02499999971701704 0
0.0587500005875486 -0.02374999973339188 0
0.05875000058755139 -0.02249999974976607 0
0.05875000058755418 -0.02124999976613963 0
0.05875000058755697 -0.0199999997825151 0
0.05875000058755976 -0.01874999979888802 0
0.05875000058756254 -0.01749999981526285 0
0.05875000058756534 -0.01624999983163705 0
0.05875000058756812 -0.0149999998480106 0
0.05875000058757092 -0.01374999986438608 0
0.05875000058757369 -0.01249999988075898 0
0.0587500005875765 -0.01124999989713421 0
0.0587500005875793 -0.0099999999135093 0
0.05875000058758208 -0.008749999929883243 0
0.05875000058758485 -0.007499999946260306 0
0.05875000058758766 -0.006249999962634735 0
0.05875000058759045 -0.004999999979007578 0
0.05875000058759324 -0.003749999995382599 0
0.05875000058759602 -0.002500000011755394 0
0.05875000058759881 -0.00125000002812953 0
0.0587500005876016 -4.45039725557872e-11 0
0.05875000058760439 0.001249999939122762 0
0.05875000058760717 0.002499999922747371 0
0.05875000058760996 0.003749999906374354 0
0.06000000059989536 -0.09374999881637465 0
0.06000000059989805 -0.09249999883274715 0
0.06000000059990077 -0.09124999884912345 0
0.06000000059990349 -0.08999999886549817 0
0.06000000059990619 -0.08874999888187381 0
0.06000000059990891 -0.08749999889824847 0
0.06000000059991161 -0.08624999891462096 0
0.06000000059991432 -0.08499999893099724 0
0.06000000059991702 -0.08374999894737199 0
0.06000000059991974 -0.08249999896374759 0
0.06000000059992244 -0.08124999898012497 0
0.06000000059992516 -0.07999999899650188 0
0.06000000059992787 -0.07874999901287862 0
0.06000000059993058 -0.07749999902925443 0
0.0600000005999333 -0.07624999904562899 0
0.06000000059993601 -0.07499999906200529 0
0.0600000005999387 -0.07374999907838024 0
0.06000000059994142 -0.07249999909475567 0
0.06000000059994414 -0.07124999911113153 0
0.06000000059994684 -0.06999999912750607 0
0.06000000059994956 -0.06874999914388237 0
0.06000000059995226 -0.06749999916025731 0
0.06000000059995497 -0.06624999917663275 0
0.06000000059995769 -0.0649999991930086 0
0.06000000059996041 -0.06374999920938475 0
0.06000000059996311 -0.06249999922576268 0
0.06000000059996581 -0.06124999924213766 0
0.06000000059996853 -0.05999999925851306 0
0.06000000059997124 -0.05874999927489043 0
0.06000000059997394 -0.05749999929126562 0
0.06000000059997665 -0.05624999930764136 0
0.06000000059997937 -0.05499999932401753 0
0.06000000059998208 -0.05374999934039294 0
0.06000000059998478 -0.05249999935676836 0
0.0600000005999875 -0.05124999937314378 0
0.06000000059999021 -0.0499999993895192 0
0.06000000059999291 -0.04874999940589558 0
0.06000000059999562 -0.04749999942227228 0
0.06000000059999834 -0.04624999943864901 0
0.06000000060000105 -0.04499999945502545 0
0.06000000060000375 -0.04374999947140071 0
0.06000000060000647 -0.04249999948777569 0
0.06000000060000918 -0.04124999950415066 0
0.06000000060001189 -0.03999999952052544 0
0.06000000060001459 -0.03874999953689955 0
0.06000000060001731 -0.03749999955327365 0
0.06000000060002001 -0.03624999956964776 0
0.06000000060002272 -0.03499999958602187 0
0.06000000060002544 -0.03374999960239713 0
0.06000000060002815 -0.03249999961877175 0
0.06000000060003086 -0.03124999963514553 0
0.06000000060003358 -0.02999999965152255 0
0.06000000060003627 -0.02874999966789668 0
0.060000000600039 -0.02749999968427015 0
0.06000000060004169 -0.02624999970064584 0
0.0600000006000444 -0.02499999971701892 0
0.06000000060004712 -0.02374999973339368 0
0.06000000060004983 -0.02249999974976781 0
0.06000000060005253 -0.02124999976614126 0
0.06000000060005525 -0.01999999978251668 0
0.06000000060005795 -0.01874999979888949 0
0.06000000060006067 -0.01749999981526424 0
0.06000000060006336 -0.01624999983163836 0
0.06000000060006608 -0.01499999984801182 0
0.0600000006000688 -0.01374999986438724 0
0.0600000006000715 -0.01249999988076004 0
0.06000000060007422 -0.01124999989713519 0
0.06000000060007694 -0.009999999913510174 0
0.06000000060007964 -0.008749999929884008 0
0.06000000060008234 -0.007499999946261052 0
0.06000000060008506 -0.006249999962635409 0
0.06000000060008775 -0.004999999979008159 0
0.06000000060009048 -0.003749999995383142 0
0.0600000006000932 -0.002500000011755848 0
0.0600000006000959 -0.001250000028129922 0
0.06000000060009861 -4.450429087754504e-11 0
0.06000000060010131 0.001249999939122545 0
0.06000000060010402 0.002499999922747206 0
0.06000000060010674 0.003749999906374285 0
0.06125000061239889 -0.09374999881637469 0
0.0612500006124015 -0.09249999883274723 0
0.06125000061240411 -0.0912499988491236 0
0.06125000061240671 -0.08999999886549846 0
0.06125000061240934 -0.08874999888187414 0
0.06125000061241195 -0.08749999889824885 0
0.06125000061241456 -0.08624999891462141 0
0.06125000061241716 -0.08499999893099774 0
0.06125000061241979 -0.0837499989473726 0
0.0612500006124224 -0.08249999896374828 0
0.06125000061242502 -0.08124999898012567 0
0.06125000061242764 -0.07999999899650272 0
0.06125000061243024 -0.07874999901287953 0
0.06125000061243284 -0.07749999902925543 0
0.06125000061243548 -0.07624999904563014 0
0.06125000061243809 -0.07499999906200645 0
0.06125000061244068 -0.07374999907838152 0
0.06125000061244331 -0.072499999094757 0
0.06125000061244591 -0.07124999911113294 0
0.06125000061244853 -0.0699999991275076 0
0.06125000061245113 -0.06874999914388391 0
0.06125000061245374 -0.06749999916025898 0
0.06125000061245636 -0.06624999917663449 0
0.06125000061245899 -0.06499999919301043 0
0.0612500006124616 -0.06374999920938676 0
0.06125000061246421 -0.0624999992257647 0
0.06125000061246681 -0.06124999924213979 0
0.06125000061246945 -0.05999999925851529 0
0.06125000061247203 -0.05874999927489268 0
0.06125000061247466 -0.05749999929126796 0
0.06125000061247728 -0.05624999930764377 0
0.06125000061247989 -0.05499999932401999 0
0.0612500006124825 -0.05374999934039549 0
0.06125000061248512 -0.052499999356771 0
0.06125000061248774 -0.0512499993731465 0
0.06125000061249035 -0.04999999938952199 0
0.06125000061249294 -0.04874999940589849 0
0.06125000061249557 -0.04749999942227529 0
0.06125000061249819 -0.04624999943865213 0
0.06125000061250079 -0.04499999945502865 0
0.0612500006125034 -0.04374999947140382 0
0.061250000612506 -0.04249999948777868 0
0.06125000061250863 -0.04124999950415356 0
0.06125000061251126 -0.03999999952052822 0
0.06125000061251386 -0.03874999953690226 0
0.06125000061251647 -0.03749999955327629 0
0.06125000061251908 -0.03624999956965031 0
0.0612500006125217 -0.03499999958602435 0
0.06125000061252431 -0.03374999960239954 0
0.06125000061252694 -0.03249999961877408 0
0.06125000061252953 -0.03124999963514778 0
0.06125000061253215 -0.0299999996515248 0
0.06125000061253476 -0.02874999966789882 0
0.06125000061253737 -0.0274999996842722 0
0.06125000061253998 -0.02624999970064783 0
0.0612500006125426 -0.02499999971702078 0
0.06125000061254521 -0.02374999973339548 0
0.06125000061254783 -0.02249999974976952 0
0.06125000061255044 -0.02124999976614288 0
0.06125000061255306 -0.01999999978251825 0
0.06125000061255566 -0.01874999979889095 0
0.06125000061255829 -0.01749999981526565 0
0.0612500006125609 -0.01624999983163967 0
0.06125000061256351 -0.01499999984801304 0
0.06125000061256612 -0.01374999986438841 0
0.06125000061256874 -0.0124999998807611 0
0.06125000061257135 -0.01124999989713616 0
0.06125000061257396 -0.00999999991351104 0
0.06125000061257658 -0.008749999929884771 0
0.06125000061257919 -0.007499999946261794 0
0.0612500006125818 -0.006249999962636076 0
0.06125000061258441 -0.004999999979008742 0
0.06125000061258702 -0.003749999995383685 0
0.06125000061258964 -0.002500000011756303 0
0.06125000061259225 -0.001250000028130312 0
0.06125000061259487 -4.450461006666462e-11 0
0.06125000061259748 0.001249999939122329 0
0.0612500006126001 0.002499999922747041 0
0.06125000061260271 0.003749999906374216 0
0.06250000062490081 -0.09374999881637475 0
0.06250000062490338 -0.09249999883274737 0
0.06250000062490593 -0.09124999884912377 0
0.06250000062490846 -0.08999999886549868 0
0.06250000062491101 -0.08874999888187449 0
0.06250000062491355 -0.08749999889824923 0
0.06250000062491612 -0.08624999891462186 0
0.06250000062491866 -0.08499999893099824 0
0.06250000062492121 -0.08374999894737319 0
0.06250000062492378 -0.08249999896374896 0
0.06250000062492633 -0.08124999898012637 0
0.06250000062492887 -0.07999999899650355 0
0.0625000006249314 -0.07874999901288048 0
0.06250000062493397 -0.07749999902925647 0
0.06250000062493653 -0.07624999904563123 0
0.06250000062493906 -0.07499999906200762 0
0.06250000062494161 -0.07374999907838278 0
0.06250000062494418 -0.07249999909475839 0
0.06250000062494673 -0.07124999911113436 0
0.06250000062494925 -0.06999999912750909 0
0.06250000062495183 -0.06874999914388551 0
0.06250000062495437 -0.06749999916026066 0
0.06250000062495692 -0.06624999917663625 0
0.06250000062495947 -0.06499999919301225 0
0.06250000062496201 -0.06374999920938869 0
0.06250000062496458 -0.06249999922576675 0
0.06250000062496712 -0.06124999924214194 0
0.06250000062496969 -0.05999999925851753 0
0.06250000062497224 -0.05874999927489492 0
0.06250000062497477 -0.0574999992912703 0
0.06250000062497731 -0.05624999930764619 0
0.06250000062497987 -0.05499999932402246 0
0.06250000062498243 -0.05374999934039804 0
0.06250000062498497 -0.05249999935677362 0
0.06250000062498752 -0.05124999937314919 0
0.06250000062499005 -0.0499999993895248 0
0.06250000062499264 -0.04874999940590138 0
0.06250000062499519 -0.0474999994222783 0
0.06250000062499772 -0.04624999943865524 0
0.06250000062500027 -0.0449999994550318 0
0.06250000062500281 -0.04374999947140693 0
0.06250000062500538 -0.04249999948778169 0
0.06250000062500793 -0.04124999950415646 0
0.06250000062501049 -0.03999999952053103 0
0.06250000062501304 -0.03874999953690497 0
0.06250000062501559 -0.03749999955327891 0
0.06250000062501815 -0.03624999956965286 0
0.0625000006250207 -0.03499999958602682 0
0.06250000062502323 -0.03374999960240196 0
0.06250000062502578 -0.03249999961877641 0
0.06250000062502833 -0.03124999963515002 0
0.06250000062503089 -0.02999999965152703 0
0.06250000062503344 -0.02874999966790098 0
0.06250000062503597 -0.02749999968427425 0
0.06250000062503851 -0.02624999970064981 0
0.06250000062504107 -0.02499999971702265 0
0.06250000062504363 -0.02374999973339729 0
0.06250000062504617 -0.02249999974977124 0
0.06250000062504873 -0.02124999976614451 0
0.06250000062505127 -0.01999999978251982 0
0.06250000062505384 -0.01874999979889242 0
0.06250000062505638 -0.01749999981526705 0
0.06250000062505895 -0.01624999983164099 0
0.0625000006250615 -0.01499999984801426 0
0.06250000062506401 -0.01374999986438957 0
0.06250000062506657 -0.01249999988076216 0
0.06250000062506912 -0.01124999989713714 0
0.06250000062507169 -0.009999999913511914 0
0.06250000062507421 -0.008749999929885538 0
0.06250000062507677 -0.00749999994626254 0
0.06250000062507931 -0.006249999962636749 0
0.06250000062508188 -0.004999999979009326 0
0.06250000062508441 -0.003749999995384229 0
0.06250000062508697 -0.002500000011756758 0
0.06250000062508952 -0.001250000028130705 0
0.06250000062509209 -4.450492882210333e-11 0
0.06250000062509463 0.001249999939122113 0
0.0625000006250972 0.002499999922746876 0
0.06250000062509975 0.003749999906374146 0
0.06375000063740138 -0.0937499988163748 0
0.06375000063740387 -0.09249999883274745 0
0.06375000063740636 -0.09124999884912394 0
0.06375000063740886 -0.08999999886549895 0
0.06375000063741136 -0.08874999888187482 0
0.06375000063741385 -0.08749999889824965 0
0.06375000063741632 -0.0862499989146223 0
0.06375000063741883 -0.08499999893099874 0
0.06375000063742133 -0.08374999894737378 0
0.06375000063742382 -0.08249999896374965 0
0.06375000063742632 -0.08124999898012708 0
0.06375000063742882 -0.0799999989965044 0
0.06375000063743132 -0.07874999901288142 0
0.06375000063743377 -0.07749999902925749 0
0.06375000063743627 -0.07624999904563234 0
0.06375000063743878 -0.0749999990620088 0
0.06375000063744128 -0.07374999907838407 0
0.06375000063744378 -0.07249999909475972 0
0.06375000063744628 -0.07124999911113575 0
0.06375000063744878 -0.06999999912751065 0
0.06375000063745126 -0.06874999914388709 0
0.06375000063745374 -0.06749999916026231 0
0.06375000063745626 -0.06624999917663801 0
0.06375000063745874 -0.06499999919301407 0
0.06375000063746122 -0.06374999920939063 0
0.06375000063746371 -0.06249999922576881 0
0.06375000063746622 -0.06124999924214408 0
0.06375000063746869 -0.05999999925851974 0
0.06375000063747119 -0.05874999927489717 0
0.06375000063747369 -0.05749999929127263 0
0.06375000063747621 -0.05624999930764858 0
0.06375000063747868 -0.05499999932402492 0
0.06375000063748119 -0.05374999934040059 0
0.06375000063748369 -0.05249999935677624 0
0.06375000063748618 -0.05124999937315192 0
0.06375000063748865 -0.04999999938952757 0
0.06375000063749114 -0.04874999940590426 0
0.06375000063749364 -0.04749999942228129 0
0.06375000063749615 -0.04624999943865835 0
0.06375000063749862 -0.044999999455035 0
0.06375000063750115 -0.04374999947141003 0
0.06375000063750365 -0.04249999948778468 0
0.06375000063750612 -0.04124999950415935 0
0.06375000063750862 -0.03999999952053379 0
0.06375000063751111 -0.03874999953690767 0
0.0637500006375136 -0.03749999955328154 0
0.06375000063751611 -0.03624999956965542 0
0.06375000063751861 -0.03499999958602928 0
0.06375000063752109 -0.03374999960240434 0
0.0637500006375236 -0.03249999961877875 0
0.06375000063752606 -0.03124999963515228 0
0.06375000063752856 -0.02999999965152924 0
0.06375000063753103 -0.02874999966790312 0
0.06375000063753357 -0.0274999996842763 0
0.06375000063753603 -0.0262499997006518 0
0.06375000063753854 -0.02499999971702453 0
0.06375000063754103 -0.02374999973339909 0
0.06375000063754353 -0.02249999974977296 0
0.06375000063754603 -0.02124999976614615 0
0.06375000063754852 -0.0199999997825214 0
0.06375000063755103 -0.01874999979889388 0
0.06375000063755352 -0.01749999981526843 0
0.06375000063755602 -0.01624999983164231 0
0.06375000063755852 -0.01499999984801548 0
0.06375000063756099 -0.01374999986439074 0
0.06375000063756348 -0.01249999988076322 0
0.06375000063756599 -0.01124999989713812 0
0.06375000063756849 -0.009999999913512792 0
0.06375000063757096 -0.008749999929886301 0
0.06375000063757348 -0.007499999946263288 0
0.06375000063757595 -0.006249999962637423 0
0.06375000063757844 -0.004999999979009908 0
0.06375000063758095 -0.003749999995384772 0
0.06375000063758343 -0.002500000011757213 0
0.06375000063758594 -0.001250000028131097 0
0.06375000063758843 -4.450524952910595e-11 0
0.06375000063759094 0.001249999939121896 0
0.0637500006375934 0.002499999922746712 0
0.06375000063759592 0.003749999906374075 0
0.06500000064990651 -0.09374999881637486 0
0.06500000064990889 -0.09249999883274757 0
0.06500000064991131 -0.09124999884912409 0
0.06500000064991367 -0.08999999886549923 0
0.06500000064991608 -0.08874999888187517 0
0.06500000064991847 -0.08749999889825004 0
0.06500000064992086 -0.08624999891462273 0
0.06500000064992321 -0.08499999893099926 0
0.0650000006499256 -0.08374999894737438 0
0.06500000064992799 -0.08249999896375032 0
0.06500000064993039 -0.08124999898012779 0
0.06500000064993279 -0.07999999899650521 0
0.06500000064993516 -0.07874999901288236 0
0.06500000064993756 -0.07749999902925848 0
0.06500000064993995 -0.07624999904563348 0
0.06500000064994232 -0.07499999906200996 0
0.06500000064994473 -0.07374999907838536 0
0.06500000064994711 -0.07249999909476106 0
0.06500000064994947 -0.0712499991111372 0
0.06500000064995187 -0.06999999912751215 0
0.06500000064995427 -0.06874999914388864 0
0.06500000064995665 -0.067499999160264 0
0.06500000064995905 -0.06624999917663973 0
0.06500000064996141 -0.06499999919301588 0
0.06500000064996382 -0.06374999920939263 0
0.06500000064996618 -0.06249999922577086 0
0.0650000006499686 -0.06124999924214624 0
0.06500000064997094 -0.05999999925852198 0
0.06500000064997337 -0.05874999927489942 0
0.06500000064997576 -0.05749999929127497 0
0.06500000064997814 -0.056249999307651 0
0.06500000064998052 -0.0549999993240274 0
0.06500000064998292 -0.05374999934040313 0
0.0650000006499853 -0.05249999935677889 0
0.06500000064998769 -0.05124999937315461 0
0.06500000064999006 -0.04999999938953037 0
0.06500000064999245 -0.04874999940590716 0
0.06500000064999482 -0.04749999942228429 0
0.06500000064999724 -0.04624999943866145 0
0.0650000006499996 -0.04499999945503817 0
0.06500000065000197 -0.04374999947141314 0
0.06500000065000437 -0.04249999948778767 0
0.06500000065000679 -0.04124999950416223 0
0.06500000065000917 -0.03999999952053658 0
0.06500000065001156 -0.03874999953691038 0
0.06500000065001395 -0.03749999955328417 0
0.06500000065001631 -0.03624999956965794 0
0.06500000065001869 -0.03499999958603175 0
0.06500000065002111 -0.03374999960240676 0
0.06500000065002347 -0.03249999961878109 0
0.06500000065002585 -0.03124999963515453 0
0.06500000065002827 -0.02999999965153147 0
0.06500000065003063 -0.02874999966790526 0
0.06500000065003302 -0.02749999968427835 0
0.06500000065003542 -0.02624999970065379 0
0.06500000065003779 -0.0249999997170264 0
0.06500000065004018 -0.02374999973340089 0
0.06500000065004256 -0.02249999974977468 0
0.06500000065004498 -0.02124999976614777 0
0.06500000065004734 -0.01999999978252297 0
0.06500000065004972 -0.01874999979889535 0
0.06500000065005211 -0.01749999981526984 0
0.0650000006500545 -0.01624999983164363 0
0.06500000065005689 -0.0149999998480167 0
0.0650000006500593 -0.01374999986439191 0
0.06500000065006167 -0.01249999988076428 0
0.06500000065006403 -0.0112499998971391 0
0.06500000065006643 -0.009999999913513658 0
0.06500000065006885 -0.008749999929887065 0
0.06500000065007124 -0.00749999994626403 0
0.06500000065007359 -0.006249999962638096 0
0.06500000065007601 -0.00499999997901049 0
0.06500000065007837 -0.003749999995385312 0
0.06500000065008078 -0.002500000011757667 0
0.06500000065008317 -0.001250000028131487 0
0.06500000065008553 -4.450556741718292e-11 0
0.06500000065008792 0.001249999939121679 0
0.0650000006500903 0.002499999922746546 0
0.06500000065009269 0.003749999906374006 0
0.0662500006624127 -0.09374999881637491 0
0.06625000066241496 -0.09249999883274768 0
0.06625000066241721 -0.09124999884912423 0
0.06625000066241946 -0.08999999886549949 0
0.0662500006624217 -0.08874999888187549 0
0.06625000066242397 -0.08749999889825041 0
0.06625000066242623 -0.08624999891462318 0
0.0662500006624285 -0.08499999893099976 0
0.06625000066243074 -0.08374999894737499 0
0.066250000662433 -0.08249999896375099 0
0.06625000066243525 -0.0812499989801285 0
0.0662500006624375 -0.07999999899650606 0
0.06625000066243975 -0.07874999901288332 0
0.06625000066244199 -0.0774999990292595 0
0.06625000066244424 -0.07624999904563456 0
0.06625000066244652 -0.07499999906201116 0
0.06625000066244875 -0.07374999907838657 0
0.06625000066245101 -0.0724999990947624 0
0.06625000066245326 -0.07124999911113858 0
0.06625000066245551 -0.06999999912751367 0
0.06625000066245779 -0.06874999914389025 0
0.06625000066246001 -0.06749999916026571 0
0.06625000066246228 -0.06624999917664151 0
0.06625000066246453 -0.0649999991930177 0
0.06625000066246678 -0.06374999920939457 0
0.06625000066246903 -0.06249999922577291 0
0.06625000066247128 -0.06124999924214839 0
0.06625000066247355 -0.05999999925852421 0
0.0662500006624758 -0.05874999927490166 0
0.06625000066247803 -0.05749999929127731 0
0.06625000066248027 -0.05624999930765341 0
0.06625000066248257 -0.05499999932402983 0
0.06625000066248479 -0.05374999934040568 0
0.06625000066248704 -0.0524999993567815 0
0.06625000066248932 -0.05124999937315733 0
0.06625000066249156 -0.04999999938953314 0
0.06625000066249381 -0.04874999940591005 0
0.06625000066249606 -0.04749999942228729 0
0.06625000066249831 -0.04624999943866456 0
0.06625000066250056 -0.04499999945504135 0
0.06625000066250283 -0.04374999947141626 0
0.06625000066250508 -0.04249999948779068 0
0.06625000066250733 -0.04124999950416512 0
0.06625000066250958 -0.03999999952053937 0
0.06625000066251185 -0.03874999953691309 0
0.06625000066251407 -0.03749999955328678 0
0.06625000066251635 -0.03624999956966049 0
0.0662500006625186 -0.0349999995860342 0
0.06625000066252085 -0.03374999960240917 0
0.0662500006625231 -0.03249999961878343 0
0.06625000066252534 -0.03124999963515677 0
0.06625000066252762 -0.0299999996515337 0
0.06625000066252987 -0.02874999966790742 0
0.06625000066253212 -0.02749999968428041 0
0.06625000066253436 -0.02624999970065578 0
0.06625000066253661 -0.02499999971702827 0
0.06625000066253886 -0.0237499997334027 0
0.06625000066254111 -0.0224999997497764 0
0.06625000066254337 -0.0212499997661494 0
0.06625000066254562 -0.01999999978252454 0
0.06625000066254788 -0.01874999979889682 0
0.06625000066255013 -0.01749999981527125 0
0.06625000066255238 -0.01624999983164495 0
0.06625000066255463 -0.01499999984801792 0
0.06625000066255686 -0.01374999986439308 0
0.06625000066255914 -0.01249999988076534 0
0.0662500006625614 -0.01124999989714008 0
0.06625000066256365 -0.009999999913514532 0
0.06625000066256589 -0.008749999929887831 0
0.06625000066256814 -0.007499999946264772 0
0.06625000066257042 -0.006249999962638769 0
0.06625000066257264 -0.004999999979011073 0
0.06625000066257491 -0.003749999995385854 0
0.06625000066257716 -0.002500000011758121 0
0.06625000066257941 -0.00125000002813188 0
0.06625000066258167 -4.450588790734511e-11 0
0.06625000066258389 0.001249999939121463 0
0.06625000066258617 0.002499999922746381 0
0.06625000066258843 0.003749999906373937 0
0.06750000067491409 -0.09374999881637498 0
0.06750000067491631 -0.09249999883274779 0
0.0675000006749185 -0.09124999884912439 0
0.06750000067492069 -0.08999999886549974 0
0.06750000067492293 -0.08874999888187586 0
0.06750000067492511 -0.08749999889825084 0
0.0675000006749273 -0.08624999891462364 0
0.06750000067492953 -0.08499999893100026 0
0.06750000067493173 -0.08374999894737561 0
0.06750000067493392 -0.08249999896375164 0
0.06750000067493614 -0.08124999898012916 0
0.06750000067493832 -0.07999999899650688 0
0.06750000067494051 -0.07874999901288425 0
0.06750000067494272 -0.0774999990292605 0
0.0675000006749449 -0.07624999904563567 0
0.06750000067494712 -0.07499999906201232 0
0.06750000067494931 -0.07374999907838785 0
0.0675000006749515 -0.07249999909476378 0
0.06750000067495374 -0.07124999911114002 0
0.06750000067495593 -0.0699999991275152 0
0.06750000067495811 -0.06874999914389181 0
0.06750000067496031 -0.06749999916026739 0
0.06750000067496251 -0.06624999917664327 0
0.06750000067496473 -0.06499999919301955 0
0.06750000067496692 -0.06374999920939656 0
0.06750000067496911 -0.06249999922577497 0
0.06750000067497132 -0.06124999924215053 0
0.06750000067497353 -0.05999999925852643 0
0.0675000006749757 -0.0587499992749039 0
0.06750000067497793 -0.05749999929127964 0
0.06750000067498009 -0.05624999930765581 0
0.06750000067498231 -0.0549999993240323 0
0.06750000067498452 -0.05374999934040822 0
0.06750000067498672 -0.05249999935678413 0
0.06750000067498893 -0.05124999937316004 0
0.06750000067499111 -0.04999999938953594 0
0.0675000006749933 -0.04874999940591294 0
0.06750000067499551 -0.04749999942229028 0
0.06750000067499773 -0.04624999943866767 0
0.06750000067499992 -0.04499999945504454 0
0.06750000067500214 -0.04374999947141937 0
0.06750000067500431 -0.04249999948779368 0
0.06750000067500651 -0.041249999504168 0
0.06750000067500871 -0.03999999952054216 0
0.0675000006750109 -0.0387499995369158 0
0.06750000067501313 -0.03749999955328942 0
0.0675000006750153 -0.03624999956966304 0
0.06750000067501752 -0.03499999958603668 0
0.0675000006750197 -0.03374999960241156 0
0.0675000006750219 -0.03249999961878576 0
0.06750000067502411 -0.03124999963515902 0
0.06750000067502632 -0.02999999965153593 0
0.06750000067502851 -0.02874999966790956 0
0.06750000067503073 -0.02749999968428245 0
0.06750000067503292 -0.02624999970065777 0
0.06750000067503512 -0.02499999971703014 0
0.06750000067503731 -0.0237499997334045 0
0.06750000067503951 -0.02249999974977813 0
0.06750000067504172 -0.02124999976615103 0
0.0675000006750439 -0.01999999978252611 0
0.06750000067504609 -0.01874999979889828 0
0.06750000067504833 -0.01749999981527263 0
0.06750000067505051 -0.01624999983164626 0
0.06750000067505271 -0.01499999984801915 0
0.06750000067505491 -0.01374999986439424 0
0.06750000067505713 -0.0124999998807664 0
0.0675000006750593 -0.01124999989714106 0
0.06750000067506154 -0.009999999913515398 0
0.06750000067506372 -0.008749999929888595 0
0.06750000067506591 -0.00749999994626552 0
0.0675000006750681 -0.006249999962639442 0
0.0675000006750703 -0.004999999979011656 0
0.06750000067507253 -0.003749999995386396 0
0.06750000067507472 -0.002500000011758575 0
0.06750000067507692 -0.001250000028132269 0
0.06750000067507912 -4.450620709646469e-11 0
0.0675000006750813 0.001249999939121247 0
0.06750000067508351 0.002499999922746216 0
0.06750000067508573 0.003749999906373867 0
0.06875000068741448 -0.09374999881637502 0
0.06875000068741663 -0.0924999988327479 0
0.06875000068741877 -0.09124999884912453 0
0.06875000068742096 -0.08999999886550004 0
0.06875000068742312 -0.08874999888187619 0
0.06875000068742529 -0.08749999889825123 0
0.06875000068742745 -0.08624999891462405 0
0.06875000068742962 -0.08499999893100074 0
0.06875000068743178 -0.08374999894737623 0
0.06875000068743398 -0.08249999896375235 0
0.06875000068743611 -0.08124999898012987 0
0.06875000068743828 -0.07999999899650773 0
0.06875000068744047 -0.07874999901288519 0
0.06875000068744262 -0.07749999902926148 0
0.0687500006874448 -0.0762499990456368 0
0.06875000068744697 -0.07499999906201349 0
0.06875000068744913 -0.07374999907838911 0
0.0687500006874513 -0.07249999909476509 0
0.06875000068745346 -0.07124999911114141 0
0.06875000068745563 -0.06999999912751673 0
0.06875000068745782 -0.06874999914389339 0
0.06875000068746 -0.06749999916026905 0
0.06875000068746215 -0.06624999917664502 0
0.06875000068746429 -0.06499999919302137 0
0.06875000068746648 -0.06374999920939851 0
0.06875000068746864 -0.06249999922577702 0
0.06875000068747081 -0.06124999924215268 0
0.06875000068747297 -0.05999999925852865 0
0.06875000068747514 -0.05874999927490616 0
0.06875000068747733 -0.05749999929128199 0
0.06875000068747948 -0.05624999930765821 0
0.06875000068748166 -0.05499999932403479 0
0.06875000068748383 -0.05374999934041077 0
0.06875000068748596 -0.05249999935678677 0
0.06875000068748816 -0.05124999937316274 0
0.06875000068749032 -0.04999999938953872 0
0.06875000068749249 -0.04874999940591583 0
0.06875000068749465 -0.04749999942229328 0
0.06875000068749682 -0.04624999943867077 0
0.06875000068749898 -0.04499999945504772 0
0.06875000068750117 -0.04374999947142246 0
0.06875000068750334 -0.04249999948779668 0
0.0687500006875055 -0.0412499995041709 0
0.06875000068750767 -0.03999999952054495 0
0.06875000068750983 -0.03874999953691852 0
0.068750000687512 -0.03749999955329204 0
0.06875000068751416 -0.03624999956966558 0
0.06875000068751633 -0.03499999958603915 0
0.06875000068751849 -0.03374999960241398 0
0.06875000068752066 -0.03249999961878809 0
0.06875000068752282 -0.03124999963516125 0
0.06875000068752499 -0.02999999965153816 0
0.06875000068752715 -0.02874999966791171 0
0.06875000068752932 -0.0274999996842845 0
0.06875000068753148 -0.02624999970065976 0
0.06875000068753367 -0.02499999971703202 0
0.06875000068753581 -0.0237499997334063 0
0.068750000687538 -0.02249999974977986 0
0.06875000068754017 -0.02124999976615265 0
0.06875000068754233 -0.01999999978252769 0
0.06875000068754453 -0.01874999979889975 0
0.06875000068754668 -0.01749999981527403 0
0.06875000068754883 -0.01624999983164758 0
0.06875000068755104 -0.01499999984802037 0
0.06875000068755319 -0.01374999986439542 0
0.06875000068755535 -0.01249999988076745 0
0.06875000068755752 -0.01124999989714204 0
0.06875000068755968 -0.009999999913516274 0
0.06875000068756185 -0.008749999929889363 0
0.06875000068756401 -0.007499999946266264 0
0.06875000068756618 -0.006249999962640117 0
0.06875000068756834 -0.004999999979012241 0
0.06875000068757052 -0.00374999999538694 0
0.06875000068757267 -0.00250000001175903 0
0.06875000068757484 -0.001250000028132661 0
0.06875000068757703 -4.450652628558427e-11 0
0.06875000068757918 0.001249999939121031 0
0.06875000068758136 0.002499999922746052 0
0.06875000068758352 0.003749999906373796 0
0.07000000069992064 -0.09374999881637508 0
0.0700000006999226 -0.09249999883274801 0
0.07000000069992462 -0.0912499988491247 0
0.07000000069992666 -0.08999999886550027 0
0.07000000069992865 -0.08874999888187651 0
0.07000000069993065 -0.08749999889825164 0
0.07000000069993265 -0.08624999891462451 0
0.07000000069993466 -0.08499999893100126 0
0.07000000069993664 -0.08374999894737681 0
0.07000000069993867 -0.082499998963753 0
0.07000000069994068 -0.08124999898013056 0
0.07000000069994271 -0.07999999899650855 0
0.07000000069994469 -0.07874999901288614 0
0.0700000006999467 -0.07749999902926252 0
0.07000000069994869 -0.07624999904563794 0
0.07000000069995072 -0.07499999906201464 0
0.07000000069995271 -0.0737499990783904 0
0.07000000069995471 -0.07249999909476643 0
0.07000000069995671 -0.07124999911114283 0
0.07000000069995874 -0.06999999912751825 0
0.07000000069996073 -0.06874999914389496 0
0.07000000069996273 -0.06749999916027069 0
0.07000000069996477 -0.06624999917664677 0
0.07000000069996673 -0.06499999919302318 0
0.07000000069996876 -0.06374999920940047 0
0.07000000069997077 -0.06249999922577907 0
0.07000000069997278 -0.06124999924215483 0
0.07000000069997478 -0.05999999925853087 0
0.07000000069997681 -0.0587499992749084 0
0.0700000006999788 -0.05749999929128431 0
0.07000000069998079 -0.05624999930766062 0
0.0700000006999828 -0.05499999932403725 0
0.07000000069998483 -0.05374999934041332 0
0.07000000069998683 -0.05249999935678938 0
0.07000000069998885 -0.05124999937316545 0
0.07000000069999085 -0.04999999938954153 0
0.07000000069999285 -0.04874999940591872 0
0.07000000069999485 -0.04749999942229628 0
0.07000000069999684 -0.04624999943867387 0
0.07000000069999884 -0.0449999994550509 0
0.07000000070000087 -0.04374999947142557 0
0.07000000070000287 -0.04249999948779967 0
0.07000000070000487 -0.0412499995041738 0
0.07000000070000689 -0.03999999952054774 0
0.07000000070000889 -0.03874999953692122 0
0.07000000070001089 -0.03749999955329467 0
0.07000000070001292 -0.03624999956966812 0
0.07000000070001491 -0.03499999958604161 0
0.07000000070001691 -0.03374999960241639 0
0.07000000070001891 -0.03249999961879043 0
0.07000000070002094 -0.03124999963516352 0
0.07000000070002294 -0.02999999965154038 0
0.07000000070002493 -0.02874999966791385 0
0.07000000070002696 -0.02749999968428655 0
0.07000000070002896 -0.02624999970066175 0
0.07000000070003096 -0.02499999971703388 0
0.07000000070003295 -0.02374999973340811 0
0.07000000070003498 -0.02249999974978158 0
0.07000000070003699 -0.02124999976615427 0
0.07000000070003898 -0.01999999978252927 0
0.070000000700041 -0.01874999979890121 0
0.070000000700043 -0.01749999981527543 0
0.070000000700045 -0.0162499998316489 0
0.070000000700047 -0.01499999984802159 0
0.07000000070004904 -0.01374999986439658 0
0.07000000070005102 -0.01249999988076852 0
0.07000000070005302 -0.01124999989714302 0
0.07000000070005505 -0.009999999913517148 0
0.07000000070005706 -0.008749999929890125 0
0.07000000070005905 -0.007499999946267007 0
0.07000000070006104 -0.006249999962640789 0
0.07000000070006304 -0.004999999979012822 0
0.07000000070006507 -0.003749999995387482 0
0.07000000070006709 -0.002500000011759484 0
0.07000000070006909 -0.001250000028133054 0
0.07000000070007109 -4.450684504102298e-11 0
0.0700000007000731 0.001249999939120814 0
0.0700000007000751 0.002499999922745886 0
0.0700000007000771 0.003749999906373726 0
0.07125000071242625 -0.09374999881637515 0
0.07125000071242819 -0.09249999883274812 0
0.07125000071243005 -0.09124999884912485 0
0.07125000071243197 -0.08999999886550054 0
0.07125000071243386 -0.08874999888187686 0
0.07125000071243577 -0.087499998898252 0
0.07125000071243766 -0.08624999891462495 0
0.07125000071243955 -0.08499999893100176 0
0.07125000071244143 -0.08374999894737742 0
0.07125000071244331 -0.08249999896375372 0
0.07125000071244521 -0.08124999898013127 0
0.0712500007124471 -0.07999999899650939 0
0.071250000712449 -0.07874999901288708 0
0.0712500007124509 -0.07749999902926355 0
0.07125000071245277 -0.07624999904563906 0
0.07125000071245467 -0.07499999906201582 0
0.07125000071245656 -0.07374999907839165 0
0.07125000071245845 -0.0724999990947678 0
0.07125000071246038 -0.07124999911114425 0
0.07125000071246225 -0.06999999912751978 0
0.07125000071246414 -0.06874999914389651 0
0.07125000071246604 -0.06749999916027237 0
0.07125000071246793 -0.06624999917664852 0
0.07125000071246981 -0.06499999919302502 0
0.07125000071247169 -0.06374999920940247 0
0.07125000071247362 -0.06249999922578114 0
0.07125000071247549 -0.06124999924215695 0
0.07125000071247738 -0.05999999925853312 0
0.07125000071247926 -0.05874999927491065 0
0.07125000071248118 -0.05749999929128664 0
0.07125000071248307 -0.05624999930766304 0
0.07125000071248494 -0.05499999932403971 0
0.07125000071248684 -0.05374999934041585 0
0.07125000071248877 -0.052499999356792 0
0.07125000071249064 -0.05124999937316815 0
0.07125000071249254 -0.0499999993895443 0
0.07125000071249442 -0.0487499994059216 0
0.07125000071249631 -0.04749999942229928 0
0.07125000071249819 -0.04624999943867698 0
0.07125000071250008 -0.0449999994550541 0
0.07125000071250201 -0.04374999947142869 0
0.0712500007125039 -0.04249999948780267 0
0.07125000071250577 -0.04124999950417668 0
0.07125000071250766 -0.03999999952055053 0
0.07125000071250957 -0.03874999953692392 0
0.07125000071251146 -0.0374999995532973 0
0.07125000071251335 -0.03624999956967068 0
0.07125000071251524 -0.03499999958604407 0
0.07125000071251712 -0.03374999960241881 0
0.07125000071251901 -0.03249999961879275 0
0.0712500007125209 -0.03124999963516575 0
0.07125000071252281 -0.02999999965154261 0
0.0712500007125247 -0.028749999667916 0
0.07125000071252659 -0.02749999968428861 0
0.07125000071252847 -0.02624999970066374 0
0.07125000071253039 -0.02499999971703577 0
0.07125000071253228 -0.02374999973340992 0
0.07125000071253416 -0.0224999997497833 0
0.07125000071253605 -0.02124999976615591 0
0.07125000071253794 -0.01999999978253084 0
0.07125000071253983 -0.01874999979890268 0
0.07125000071254176 -0.01749999981527683 0
0.07125000071254363 -0.01624999983165021 0
0.07125000071254552 -0.01499999984802281 0
0.0712500007125474 -0.01374999986439775 0
0.07125000071254933 -0.01249999988076957 0
0.07125000071255121 -0.011249999897144 0
0.07125000071255309 -0.009999999913518015 0
0.07125000071255498 -0.008749999929890888 0
0.07125000071255688 -0.007499999946267752 0
0.07125000071255876 -0.006249999962641461 0
0.07125000071256064 -0.004999999979013405 0
0.07125000071256254 -0.003749999995388026 0
0.07125000071256445 -0.002500000011759939 0
0.07125000071256635 -0.001250000028133445 0
0.07125000071256822 -4.450716466382343e-11 0
0.07125000071257014 0.001249999939120597 0
0.07125000071257202 0.002499999922745721 0
0.07125000071257392 0.003749999906373657 0
0.07250000072492609 -0.09374999881637519 0
0.07250000072492795 -0.0924999988327482 0
0.07250000072492981 -0.09124999884912502 0
0.07250000072493169 -0.08999999886550081 0
0.07250000072493355 -0.08874999888187719 0
0.07250000072493541 -0.08749999889825241 0
0.07250000072493726 -0.08624999891462541 0
0.07250000072493916 -0.08499999893100225 0
0.07250000072494099 -0.083749998947378 0
0.07250000072494291 -0.08249999896375437 0
0.07250000072494474 -0.08124999898013194 0
0.07250000072494661 -0.07999999899651021 0
0.07250000072494849 -0.07874999901288803 0
0.07250000072495034 -0.07749999902926455 0
0.07250000072495223 -0.07624999904564017 0
0.07250000072495406 -0.07499999906201701 0
0.07250000072495595 -0.0737499990783929 0
0.0725000007249578 -0.07249999909476915 0
0.07250000072495967 -0.07124999911114566 0
0.07250000072496154 -0.06999999912752131 0
0.07250000072496343 -0.06874999914389815 0
0.07250000072496528 -0.06749999916027404 0
0.07250000072496716 -0.0662499991766503 0
0.07250000072496902 -0.06499999919302681 0
0.07250000072497088 -0.06374999920940441 0
0.07250000072497276 -0.0624999992257832 0
0.0725000007249746 -0.06124999924215913 0
0.07250000072497648 -0.05999999925853534 0
0.07250000072497835 -0.0587499992749129 0
0.0725000007249802 -0.05749999929128898 0
0.07250000072498207 -0.05624999930766544 0
0.07250000072498392 -0.05499999932404218 0
0.07250000072498582 -0.05374999934041839 0
0.07250000072498768 -0.05249999935679464 0
0.07250000072498952 -0.05124999937317087 0
0.07250000072499141 -0.04999999938954709 0
0.07250000072499327 -0.0487499994059245 0
0.07250000072499514 -0.04749999942230228 0
0.07250000072499702 -0.04624999943868011 0
0.07250000072499889 -0.04499999945505726 0
0.07250000072500075 -0.04374999947143179 0
0.07250000072500261 -0.04249999948780567 0
0.07250000072500447 -0.04124999950417958 0
0.07250000072500634 -0.03999999952055333 0
0.07250000072500822 -0.03874999953692663 0
0.07250000072501007 -0.03749999955329992 0
0.07250000072501196 -0.03624999956967323 0
0.07250000072501381 -0.03499999958604652 0
0.07250000072501568 -0.03374999960242119 0
0.07250000072501754 -0.03249999961879511 0
0.0725000007250194 -0.031249999635168 0
0.07250000072502129 -0.02999999965154485 0
0.07250000072502315 -0.02874999966791814 0
0.07250000072502501 -0.02749999968429065 0
0.07250000072502689 -0.02624999970066573 0
0.07250000072502874 -0.02499999971703763 0
0.07250000072503061 -0.02374999973341172 0
0.0725000007250325 -0.02249999974978503 0
0.07250000072503436 -0.02124999976615754 0
0.07250000072503622 -0.01999999978253242 0
0.07250000072503808 -0.01874999979890414 0
0.07250000072503994 -0.01749999981527822 0
0.07250000072504183 -0.01624999983165153 0
0.07250000072504369 -0.01499999984802403 0
0.07250000072504555 -0.01374999986439891 0
0.07250000072504743 -0.01249999988077064 0
0.07250000072504925 -0.01124999989714498 0
0.07250000072505115 -0.00999999991351889 0
0.07250000072505303 -0.008749999929891655 0
0.07250000072505487 -0.007499999946268499 0
0.07250000072505676 -0.006249999962642134 0
0.07250000072505862 -0.004999999979013987 0
0.07250000072506047 -0.003749999995388567 0
0.07250000072506237 -0.002500000011760394 0
0.07250000072506418 -0.001250000028133836 0
0.07250000072506609 -4.45074825519004e-11 0
0.07250000072506797 0.001249999939120381 0
0.0725000007250698 0.002499999922745557 0
0.07250000072507169 0.003749999906373588 0
0.07375000073742859 -0.09374999881637526 0
0.07375000073743035 -0.09249999883274831 0
0.07375000073743218 -0.0912499988491252 0
0.07375000073743398 -0.0899999988655011 0
0.07375000073743576 -0.08874999888187753 0
0.07375000073743761 -0.08749999889825279 0
0.0737500007374394 -0.08624999891462586 0
0.0737500007374412 -0.08499999893100274 0
0.07375000073744298 -0.0837499989473786 0
0.07375000073744478 -0.08249999896375504 0
0.07375000073744663 -0.08124999898013266 0
0.07375000073744842 -0.07999999899651104 0
0.07375000073745025 -0.07874999901288897 0
0.07375000073745205 -0.07749999902926556 0
0.07375000073745386 -0.07624999904564128 0
0.07375000073745566 -0.07499999906201818 0
0.07375000073745747 -0.07374999907839416 0
0.0737500007374593 -0.07249999909477048 0
0.07375000073746105 -0.07124999911114707 0
0.07375000073746291 -0.06999999912752281 0
0.07375000073746471 -0.06874999914389969 0
0.07375000073746653 -0.06749999916027571 0
0.07375000073746832 -0.06624999917665204 0
0.07375000073747012 -0.06499999919302865 0
0.07375000073747193 -0.06374999920940634 0
0.07375000073747374 -0.06249999922578525 0
0.07375000073747554 -0.06124999924216126 0
0.07375000073747737 -0.05999999925853756 0
0.07375000073747914 -0.05874999927491514 0
0.07375000073748098 -0.05749999929129132 0
0.07375000073748277 -0.05624999930766784 0
0.07375000073748458 -0.05499999932404463 0
0.07375000073748639 -0.05374999934042095 0
0.07375000073748816 -0.05249999935679727 0
0.07375000073749 -0.05124999937317356 0
0.0737500007374918 -0.04999999938954987 0
0.0737500007374936 -0.04874999940592738 0
0.07375000073749541 -0.04749999942230527 0
0.07375000073749721 -0.04624999943868319 0
0.07375000073749902 -0.04499999945506045 0
0.07375000073750085 -0.0437499994714349 0
0.07375000073750265 -0.04249999948780868 0
0.07375000073750446 -0.04124999950418246 0
0.07375000073750626 -0.03999999952055611 0
0.07375000073750806 -0.03874999953692933 0
0.07375000073750987 -0.03749999955330255 0
0.07375000073751167 -0.03624999956967576 0
0.07375000073751348 -0.034999999586049 0
0.07375000073751531 -0.03374999960242361 0
0.07375000073751709 -0.03249999961879743 0
0.07375000073751892 -0.03124999963517024 0
0.07375000073752072 -0.02999999965154706 0
0.07375000073752253 -0.02874999966792029 0
0.07375000073752433 -0.02749999968429271 0
0.07375000073752613 -0.02624999970066771 0
0.07375000073752794 -0.0249999997170395 0
0.07375000073752974 -0.02374999973341352 0
0.07375000073753157 -0.02249999974978674 0
0.07375000073753335 -0.02124999976615916 0
0.07375000073753518 -0.01999999978253398 0
0.07375000073753699 -0.0187499997989056 0
0.07375000073753879 -0.01749999981527962 0
0.07375000073754059 -0.01624999983165284 0
0.0737500007375424 -0.01499999984802526 0
0.07375000073754423 -0.01374999986440008 0
0.07375000073754601 -0.01249999988077169 0
0.07375000073754784 -0.01124999989714596 0
0.07375000073754963 -0.009999999913519759 0
0.07375000073755146 -0.00874999992989242 0
0.07375000073755326 -0.00749999994626924 0
0.07375000073755504 -0.006249999962642808 0
0.07375000073755686 -0.004999999979014569 0
0.07375000073755868 -0.003749999995389108 0
0.07375000073756049 -0.002500000011760848 0
0.07375000073756227 -0.001250000028134227 0
0.07375000073756412 -4.450780174101998e-11 0
0.07375000073756588 0.001249999939120165 0
0.07375000073756771 0.002499999922745392 0
0.07375000073756952 0.003749999906373517 0
0.07500000074993476 -0.09374999881637532 0
0.0750000007499364 -0.09249999883274843 0
0.07500000074993809 -0.09124999884912537 0
0.07500000074993977 -0.08999999886550133 0
0.0750000007499414 -0.08874999888187789 0
0.07500000074994306 -0.08749999889825316 0
0.07500000074994474 -0.08624999891462633 0
0.07500000074994642 -0.08499999893100325 0
0.07500000074994809 -0.08374999894737922 0
0.07500000074994975 -0.08249999896375572 0
0.07500000074995143 -0.08124999898013331 0
0.07500000074995311 -0.07999999899651186 0
0.07500000074995475 -0.07874999901288988 0
0.07500000074995641 -0.07749999902926655 0
0.07500000074995808 -0.07624999904564239 0
0.07500000074995974 -0.07499999906201933 0
0.07500000074996141 -0.07374999907839545 0
0.07500000074996307 -0.07249999909477182 0
0.07500000074996474 -0.0712499991111485 0
0.07500000074996641 -0.06999999912752436 0
0.0750000007499681 -0.0687499991439013 0
0.07500000074996974 -0.06749999916027741 0
0.0750000007499714 -0.06624999917665379 0
0.07500000074997311 -0.06499999919303047 0
0.07500000074997473 -0.06374999920940835 0
0.0750000007499764 -0.06249999922578729 0
0.07500000074997806 -0.06124999924216339 0
0.07500000074997973 -0.05999999925853979 0
0.07500000074998139 -0.0587499992749174 0
0.07500000074998309 -0.05749999929129366 0
0.07500000074998475 -0.05624999930767025 0
0.07500000074998642 -0.0549999993240471 0
0.07500000074998808 -0.0537499993404235 0
0.07500000074998975 -0.05249999935679989 0
0.07500000074999141 -0.05124999937317628 0
0.07500000074999308 -0.04999999938955267 0
0.07500000074999474 -0.04874999940593028 0
0.07500000074999641 -0.04749999942230828 0
0.07500000074999807 -0.04624999943868631 0
0.07500000074999974 -0.04499999945506364 0
0.07500000075000141 -0.043749999471438 0
0.07500000075000307 -0.04249999948781168 0
0.07500000075000474 -0.04124999950418536 0
0.0750000007500064 -0.0399999995205589 0
0.07500000075000807 -0.03874999953693204 0
0.07500000075000973 -0.03749999955330518 0
0.0750000007500114 -0.03624999956967831 0
0.07500000075001306 -0.03499999958605147 0
0.07500000075001473 -0.03374999960242602 0
0.07500000075001639 -0.03249999961879978 0
0.07500000075001806 -0.0312499996351725 0
0.07500000075001972 -0.02999999965154929 0
0.07500000075002139 -0.02874999966792243 0
0.07500000075002305 -0.02749999968429476 0
0.07500000075002472 -0.0262499997006697 0
0.0750000007500264 -0.02499999971704137 0
0.07500000075002805 -0.02374999973341533 0
0.07500000075002972 -0.02249999974978846 0
0.07500000075003138 -0.02124999976616079 0
0.07500000075003305 -0.01999999978253555 0
0.07500000075003471 -0.01874999979890708 0
0.07500000075003641 -0.01749999981528102 0
0.07500000075003807 -0.01624999983165416 0
0.07500000075003971 -0.01499999984802648 0
0.07500000075004137 -0.01374999986440125 0
0.07500000075004304 -0.01249999988077275 0
0.07500000075004473 -0.01124999989714694 0
0.07500000075004638 -0.009999999913520631 0
0.07500000075004803 -0.008749999929893185 0
0.0750000007500497 -0.007499999946269985 0
0.07500000075005138 -0.006249999962643482 0
0.07500000075005303 -0.004999999979015152 0
0.0750000007500547 -0.003749999995389655 0
0.07500000075005639 -0.002500000011761303 0
0.07500000075005805 -0.001250000028134619 0
0.07500000075005972 -4.450812006277782e-11 0
0.07500000075006139 0.001249999939119949 0
0.07500000075006305 0.002499999922745227 0
0.07500000075006473 0.003749999906373448 0
0.07625000076244096 -0.09374999881637536 0
0.07625000076244245 -0.09249999883274854 0
0.076250000762444 -0.09124999884912553 0
0.07625000076244551 -0.0899999988655016 0
0.07625000076244701 -0.08874999888187821 0
0.07625000076244856 -0.08749999889825358 0
0.07625000076245009 -0.08624999891462674 0
0.07625000076245161 -0.08499999893100375 0
0.07625000076245315 -0.08374999894737983 0
0.07625000076245464 -0.08249999896375641 0
0.07625000076245619 -0.08124999898013405 0
0.07625000076245772 -0.07999999899651271 0
0.07625000076245925 -0.07874999901289083 0
0.07625000076246076 -0.07749999902926753 0
0.07625000076246227 -0.07624999904564352 0
0.07625000076246383 -0.0749999990620205 0
0.07625000076246535 -0.07374999907839673 0
0.07625000076246685 -0.07249999909477318 0
0.07625000076246838 -0.0712499991111499 0
0.0762500007624699 -0.06999999912752587 0
0.07625000076247143 -0.06874999914390285 0
0.07625000076247296 -0.06749999916027909 0
0.07625000076247451 -0.06624999917665553 0
0.07625000076247601 -0.06499999919303227 0
0.07625000076247751 -0.0637499992094103 0
0.07625000076247904 -0.06249999922578935 0
0.07625000076248059 -0.06124999924216556 0
0.07625000076248212 -0.05999999925854201 0
0.07625000076248364 -0.05874999927491964 0
0.07625000076248517 -0.05749999929129599 0
0.07625000076248667 -0.05624999930767265 0
0.07625000076248822 -0.05499999932404957 0
0.07625000076248972 -0.05374999934042603 0
0.07625000076249128 -0.05249999935680252 0
0.07625000076249278 -0.05124999937317899 0
0.07625000076249433 -0.04999999938955545 0
0.07625000076249583 -0.04874999940593319 0
0.07625000076249738 -0.04749999942231127 0
0.07625000076249891 -0.04624999943868941 0
0.07625000076250041 -0.04499999945506682 0
0.07625000076250193 -0.04374999947144109 0
0.07625000076250349 -0.04249999948781467 0
0.07625000076250499 -0.04124999950418825 0
0.07625000076250651 -0.03999999952056169 0
0.07625000076250804 -0.03874999953693476 0
0.07625000076250957 -0.03749999955330779 0
0.07625000076251109 -0.03624999956968087 0
0.07625000076251262 -0.03499999958605392 0
0.07625000076251415 -0.03374999960242841 0
0.07625000076251567 -0.03249999961880211 0
0.0762500007625172 -0.03124999963517474 0
0.07625000076251873 -0.02999999965155152 0
0.07625000076252025 -0.02874999966792459 0
0.07625000076252178 -0.02749999968429681 0
0.07625000076252331 -0.02624999970067169 0
0.07625000076252483 -0.02499999971704325 0
0.07625000076252636 -0.02374999973341713 0
0.07625000076252789 -0.02249999974979019 0
0.07625000076252941 -0.02124999976616242 0
0.07625000076253091 -0.01999999978253714 0
0.07625000076253247 -0.01874999979890854 0
0.07625000076253399 -0.01749999981528241 0
0.07625000076253552 -0.01624999983165547 0
0.07625000076253705 -0.0149999998480277 0
0.07625000076253857 -0.01374999986440242 0
0.07625000076254007 -0.01249999988077381 0
0.07625000076254164 -0.01124999989714792 0
0.07625000076254312 -0.009999999913521507 0
0.07625000076254468 -0.008749999929893946 0
0.07625000076254618 -0.00749999994627073 0
0.07625000076254772 -0.00624999996264415 0
0.07625000076254923 -0.004999999979015736 0
0.07625000076255078 -0.003749999995390194 0
0.07625000076255228 -0.002500000011761758 0
0.07625000076255381 -0.001250000028135011 0
0.07625000076255534 -4.450844055294001e-11 0
0.07625000076255688 0.001249999939119732 0
0.0762500007625584 0.002499999922745062 0
0.07625000076255992 0.003749999906373378 0
0.07750000077494343 -0.09374999881637543 0
0.07750000077494487 -0.09249999883274865 0
0.07750000077494633 -0.0912499988491257 0
0.07750000077494783 -0.08999999886550185 0
0.07750000077494928 -0.08874999888187855 0
0.07750000077495076 -0.08749999889825397 0
0.07750000077495224 -0.08624999891462719 0
0.07750000077495367 -0.08499999893100424 0
0.07750000077495514 -0.08374999894738044 0
0.07750000077495663 -0.08249999896375711 0
0.07750000077495807 -0.08124999898013473 0
0.07750000077495951 -0.07999999899651355 0
0.07750000077496101 -0.07874999901289177 0
0.07750000077496244 -0.07749999902926856 0
0.07750000077496394 -0.07624999904564463 0
0.07750000077496538 -0.07499999906202168 0
0.07750000077496685 -0.07374999907839798 0
0.07750000077496833 -0.07249999909477453 0
0.07750000077496977 -0.07124999911115132 0
0.07750000077497124 -0.06999999912752738 0
0.07750000077497271 -0.06874999914390444 0
0.0775000007749742 -0.06749999916028075 0
0.07750000077497565 -0.06624999917665729 0
0.0775000007749771 -0.06499999919303408 0
0.07750000077497859 -0.06374999920941227 0
0.07750000077498004 -0.06249999922579138 0
0.07750000077498154 -0.0612499992421677 0
0.07750000077498298 -0.05999999925854425 0
0.07750000077498445 -0.05874999927492189 0
0.07750000077498592 -0.05749999929129833 0
0.07750000077498737 -0.05624999930767505 0
0.07750000077498886 -0.05499999932405204 0
0.07750000077499031 -0.05374999934042857 0
0.07750000077499178 -0.05249999935680513 0
0.07750000077499325 -0.0512499993731817 0
0.07750000077499469 -0.04999999938955824 0
0.07750000077499616 -0.04874999940593606 0
0.07750000077499763 -0.04749999942231426 0
0.07750000077499911 -0.04624999943869253 0
0.07750000077500058 -0.04499999945507 0
0.07750000077500202 -0.0437499994714442 0
0.07750000077500352 -0.04249999948781769 0
0.07750000077500496 -0.04124999950419113 0
0.07750000077500643 -0.0399999995205645 0
0.0775000007750079 -0.03874999953693746 0
0.07750000077500938 -0.03749999955331042 0
0.07750000077501082 -0.0362499995696834 0
0.07750000077501229 -0.03499999958605637 0
0.07750000077501376 -0.03374999960243082 0
0.07750000077501523 -0.03249999961880443 0
0.0775000007750167 -0.03124999963517699 0
0.07750000077501815 -0.02999999965155375 0
0.07750000077501963 -0.02874999966792672 0
0.07750000077502109 -0.02749999968429886 0
0.07750000077502256 -0.02624999970067368 0
0.077500000775024 -0.02499999971704512 0
0.07750000077502552 -0.02374999973341893 0
0.07750000077502694 -0.02249999974979191 0
0.07750000077502842 -0.02124999976616404 0
0.07750000077502989 -0.0199999997825387 0
0.07750000077503134 -0.01874999979891 0
0.07750000077503283 -0.01749999981528381 0
0.07750000077503427 -0.0162499998316568 0
0.07750000077503574 -0.01499999984802892 0
0.07750000077503721 -0.01374999986440358 0
0.07750000077503866 -0.01249999988077488 0
0.07750000077504016 -0.0112499998971489 0
0.0775000007750416 -0.009999999913522373 0
0.07750000077504307 -0.008749999929894716 0
0.07750000077504454 -0.007499999946271475 0
0.07750000077504599 -0.006249999962644823 0
0.0775000007750475 -0.004999999979016317 0
0.07750000077504894 -0.003749999995390737 0
0.0775000007750504 -0.002500000011762212 0
0.07750000077505188 -0.001250000028135401 0
0.07750000077505335 -4.450875865785742e-11 0
0.07750000077505483 0.001249999939119515 0
0.07750000077505625 0.002499999922744897 0
0.07750000077505775 0.003749999906373308 0
0.07875000078744321 -0.09374999881637548 0
0.07875000078744465 -0.09249999883274876 0
0.07875000078744609 -0.09124999884912587 0
0.07875000078744752 -0.08999999886550211 0
0.07875000078744898 -0.08874999888187891 0
0.07875000078745044 -0.08749999889825438 0
0.07875000078745183 -0.08624999891462765 0
0.0787500007874533 -0.08499999893100474 0
0.07875000078745473 -0.08374999894738103 0
0.07875000078745616 -0.08249999896375776 0
0.07875000078745759 -0.08124999898013543 0
0.07875000078745904 -0.07999999899651437 0
0.0787500007874605 -0.07874999901289272 0
0.0787500007874619 -0.07749999902926959 0
0.07875000078746339 -0.07624999904564575 0
0.07875000078746482 -0.07499999906202284 0
0.07875000078746623 -0.07374999907839923 0
0.0787500007874677 -0.07249999909477588 0
0.07875000078746912 -0.07124999911115273 0
0.07875000078747055 -0.06999999912752891 0
0.07875000078747202 -0.06874999914390602 0
0.07875000078747346 -0.06749999916028242 0
0.07875000078747486 -0.06624999917665905 0
0.07875000078747631 -0.06499999919303591 0
0.07875000078747775 -0.06374999920941422 0
0.07875000078747921 -0.06249999922579343 0
0.07875000078748064 -0.06124999924216985 0
0.07875000078748208 -0.05999999925854647 0
0.07875000078748352 -0.05874999927492414 0
0.07875000078748497 -0.05749999929130065 0
0.07875000078748641 -0.05624999930767747 0
0.07875000078748783 -0.05499999932405449 0
0.07875000078748931 -0.05374999934043113 0
0.07875000078749075 -0.05249999935680777 0
0.07875000078749218 -0.05124999937318441 0
0.07875000078749361 -0.04999999938956104 0
0.07875000078749504 -0.04874999940593896 0
0.0787500007874965 -0.04749999942231728 0
0.07875000078749791 -0.04624999943869564 0
0.07875000078749936 -0.04499999945507319 0
0.07875000078750079 -0.04374999947144731 0
0.07875000078750226 -0.04249999948782069 0
0.07875000078750372 -0.04124999950419404 0
0.07875000078750513 -0.03999999952056726 0
0.07875000078750656 -0.03874999953694017 0
0.078750000787508 -0.03749999955331307 0
0.07875000078750945 -0.03624999956968594 0
0.07875000078751089 -0.03499999958605886 0
0.07875000078751233 -0.03374999960243324 0
0.07875000078751378 -0.03249999961880677 0
0.07875000078751519 -0.03124999963517924 0
0.07875000078751668 -0.02999999965155598 0
0.07875000078751809 -0.02874999966792887 0
0.07875000078751954 -0.02749999968430091 0
0.07875000078752098 -0.02624999970067567 0
0.07875000078752241 -0.02499999971704699 0
0.07875000078752387 -0.02374999973342074 0
0.07875000078752528 -0.02249999974979364 0
0.07875000078752672 -0.02124999976616568 0
0.07875000078752817 -0.01999999978254029 0
0.0787500007875296 -0.01874999979891147 0
0.07875000078753105 -0.01749999981528522 0
0.07875000078753248 -0.01624999983165811 0
0.07875000078753393 -0.01499999984803014 0
0.07875000078753537 -0.01374999986440475 0
0.07875000078753681 -0.01249999988077593 0
0.07875000078753827 -0.01124999989714988 0
0.07875000078753971 -0.009999999913523249 0
0.07875000078754114 -0.00874999992989548 0
0.07875000078754257 -0.007499999946272217 0
0.078750000787544 -0.006249999962645499 0
0.07875000078754546 -0.004999999979016902 0
0.07875000078754686 -0.003749999995391281 0
0.07875000078754832 -0.002500000011762666 0
0.07875000078754976 -0.001250000028135793 0
0.07875000078755119 -4.45090784974983e-11 0
0.07875000078755265 0.0012499999391193 0
0.07875000078755409 0.002499999922744731 0
0.07875000078755554 0.003749999906373238 0
0.08000000079994889 -0.09374999881637552 0
0.0800000007999502 -0.09249999883274886 0
0.08000000079995152 -0.09124999884912605 0
0.08000000079995287 -0.08999999886550239 0
0.08000000079995419 -0.08874999888187923 0
0.08000000079995551 -0.08749999889825474 0
0.08000000079995684 -0.08624999891462809 0
0.08000000079995814 -0.08499999893100524 0
0.08000000079995948 -0.08374999894738161 0
0.08000000079996081 -0.08249999896375841 0
0.08000000079996214 -0.08124999898013616 0
0.08000000079996344 -0.07999999899651522 0
0.0800000007999648 -0.07874999901289366 0
0.08000000079996612 -0.07749999902927059 0
0.08000000079996743 -0.07624999904564686 0
0.08000000079996877 -0.07499999906202401 0
0.08000000079997011 -0.07374999907840049 0
0.08000000079997144 -0.07249999909477721 0
0.08000000079997274 -0.07124999911115415 0
0.08000000079997407 -0.06999999912753044 0
0.08000000079997539 -0.06874999914390757 0
0.08000000079997674 -0.06749999916028407 0
0.08000000079997804 -0.06624999917666079 0
0.08000000079997935 -0.06499999919303776 0
0.08000000079998071 -0.06374999920941618 0
0.08000000079998201 -0.06249999922579549 0
0.08000000079998335 -0.06124999924217198 0
0.08000000079998468 -0.05999999925854869 0
0.08000000079998601 -0.05874999927492638 0
0.08000000079998734 -0.05749999929130299 0
0.08000000079998865 -0.05624999930767988 0
0.08000000079999001 -0.05499999932405696 0
0.08000000079999131 -0.05374999934043367 0
0.08000000079999264 -0.05249999935681041 0
0.08000000079999398 -0.05124999937318711 0
0.08000000079999531 -0.04999999938956382 0
0.08000000079999661 -0.04874999940594184 0
0.08000000079999794 -0.04749999942232028 0
0.08000000079999925 -0.04624999943869874 0
0.08000000080000058 -0.04499999945507636 0
0.08000000080000191 -0.04374999947145043 0
0.08000000080000325 -0.04249999948782368 0
0.08000000080000458 -0.04124999950419692 0
0.08000000080000588 -0.03999999952057007 0
0.08000000080000721 -0.03874999953694288 0
0.08000000080000855 -0.03749999955331568 0
0.08000000080000988 -0.0362499995696885 0
0.08000000080001121 -0.03499999958606131 0
0.08000000080001254 -0.03374999960243565 0
0.08000000080001388 -0.03249999961880911 0
0.08000000080001518 -0.03124999963518148 0
0.08000000080001651 -0.02999999965155819 0
0.08000000080001785 -0.02874999966793101 0
0.08000000080001915 -0.02749999968430297 0
0.08000000080002048 -0.02624999970067765 0
0.08000000080002181 -0.02499999971704886 0
0.08000000080002315 -0.02374999973342255 0
0.08000000080002448 -0.02249999974979536 0
0.08000000080002581 -0.02124999976616731 0
0.08000000080002716 -0.01999999978254186 0
0.08000000080002845 -0.01874999979891293 0
0.08000000080002978 -0.0174999998152866 0
0.08000000080003108 -0.01624999983165943 0
0.08000000080003242 -0.01499999984803137 0
0.08000000080003376 -0.01374999986440592 0
0.08000000080003508 -0.01249999988077699 0
0.08000000080003641 -0.01124999989715086 0
0.08000000080003776 -0.009999999913524116 0
0.08000000080003905 -0.008749999929896245 0
0.08000000080004041 -0.007499999946272964 0
0.08000000080004172 -0.006249999962646169 0
0.08000000080004302 -0.004999999979017484 0
0.08000000080004437 -0.003749999995391823 0
0.08000000080004568 -0.002500000011763121 0
0.08000000080004702 -0.001250000028136184 0
0.08000000080004835 -4.450939692767636e-11 0
0.08000000080004968 0.001249999939119082 0
0.08000000080005099 0.002499999922744567 0
0.08000000080005232 0.003749999906373168 0
0.08125000081245502 -0.09374999881637558 0
0.0812500008124562 -0.09249999883274898 0
0.08125000081245737 -0.09124999884912621 0
0.08125000081245853 -0.08999999886550265 0
0.0812500008124597 -0.08874999888187958 0
0.08125000081246085 -0.08749999889825515 0
0.08125000081246203 -0.08624999891462853 0
0.0812500008124632 -0.08499999893100572 0
0.08125000081246436 -0.08374999894738222 0
0.08125000081246556 -0.08249999896375912 0
0.08125000081246669 -0.08124999898013681 0
0.08125000081246785 -0.07999999899651607 0
0.08125000081246904 -0.07874999901289458 0
0.08125000081247018 -0.0774999990292716 0
0.08125000081247137 -0.07624999904564797 0
0.08125000081247252 -0.07499999906202519 0
0.08125000081247369 -0.07374999907840177 0
0.08125000081247483 -0.0724999990947786 0
0.08125000081247602 -0.07124999911115557 0
0.08125000081247717 -0.06999999912753196 0
0.08125000081247834 -0.06874999914390917 0
0.08125000081247952 -0.06749999916028575 0
0.08125000081248068 -0.06624999917666256 0
0.08125000081248185 -0.06499999919303956 0
0.08125000081248301 -0.06374999920941814 0
0.08125000081248414 -0.06249999922579753 0
0.08125000081248535 -0.06124999924217413 0
0.0812500008124865 -0.05999999925855092 0
0.08125000081248765 -0.05874999927492863 0
0.08125000081248879 -0.05749999929130534 0
0.08125000081248998 -0.05624999930768229 0
0.08125000081249117 -0.05499999932405943 0
0.08125000081249231 -0.05374999934043621 0
0.08125000081249346 -0.05249999935681302 0
0.08125000081249466 -0.05124999937318982 0
0.08125000081249582 -0.04999999938956661 0
0.08125000081249699 -0.04874999940594473 0
0.08125000081249814 -0.04749999942232328 0
0.08125000081249933 -0.04624999943870186 0
0.08125000081250047 -0.04499999945507956 0
0.08125000081250162 -0.04374999947145353 0
0.0812500008125028 -0.04249999948782668 0
0.081250000812504 -0.04124999950419982 0
0.08125000081250514 -0.03999999952057285 0
0.0812500008125063 -0.03874999953694559 0
0.08125000081250745 -0.0374999995533183 0
0.08125000081250863 -0.03624999956969105 0
0.08125000081250978 -0.03499999958606378 0
0.08125000081251095 -0.03374999960243804 0
0.08125000081251212 -0.03249999961881145 0
0.0812500008125133 -0.03124999963518374 0
0.08125000081251445 -0.02999999965156043 0
0.08125000081251563 -0.02874999966793316 0
0.08125000081251678 -0.02749999968430502 0
0.08125000081251796 -0.02624999970067964 0
0.08125000081251911 -0.02499999971705073 0
0.08125000081252028 -0.02374999973342435 0
0.08125000081252146 -0.02249999974979709 0
0.08125000081252261 -0.02124999976616893 0
0.08125000081252377 -0.01999999978254342 0
0.08125000081252495 -0.0187499997989144 0
0.0812500008125261 -0.01749999981528801 0
0.08125000081252727 -0.01624999983166074 0
0.08125000081252845 -0.01499999984803259 0
0.0812500008125296 -0.01374999986440708 0
0.08125000081253077 -0.01249999988077805 0
0.08125000081253193 -0.01124999989715184 0
0.08125000081253311 -0.009999999913524989 0
0.08125000081253428 -0.008749999929897008 0
0.08125000081253544 -0.00749999994627371 0
0.0812500008125366 -0.006249999962646839 0
0.08125000081253776 -0.004999999979018069 0
0.08125000081253894 -0.003749999995392364 0
0.08125000081254009 -0.002500000011763576 0
0.08125000081254126 -0.001250000028136577 0
0.08125000081254244 -4.450971687573746e-11 0
0.08125000081254359 0.001249999939118867 0
0.08125000081254477 0.002499999922744401 0
0.08125000081254592 0.003749999906373098 0
0.08250000082495537 -0.09374999881637563 0
0.08250000082495648 -0.09249999883274908 0
0.08250000082495763 -0.09124999884912634 0
0.08250000082495876 -0.08999999886550294 0
0.0825000008249599 -0.0887499988818799 0
0.08250000082496103 -0.08749999889825555 0
0.08250000082496217 -0.08624999891462902 0
0.08250000082496331 -0.08499999893100624 0
0.08250000082496446 -0.08374999894738283 0
0.0825000008249656 -0.08249999896375979 0
0.0825000008249667 -0.08124999898013754 0
0.08250000082496782 -0.07999999899651687 0
0.08250000082496894 -0.07874999901289552 0
0.08250000082497008 -0.0774999990292726 0
0.08250000082497122 -0.07624999904564912 0
0.08250000082497236 -0.07499999906202637 0
0.08250000082497347 -0.07374999907840306 0
0.08250000082497461 -0.07249999909477993 0
0.08250000082497574 -0.07124999911115698 0
0.08250000082497688 -0.06999999912753346 0
0.08250000082497802 -0.06874999914391074 0
0.08250000082497913 -0.06749999916028741 0
0.08250000082498027 -0.06624999917666431 0
0.08250000082498141 -0.06499999919304138 0
0.08250000082498257 -0.06374999920942012 0
0.0825000008249837 -0.06249999922579959 0
0.08250000082498482 -0.06124999924217627 0
0.08250000082498596 -0.05999999925855316 0
0.0825000008249871 -0.05874999927493087 0
0.08250000082498823 -0.05749999929130768 0
0.08250000082498934 -0.05624999930768469 0
0.08250000082499051 -0.0549999993240619 0
0.08250000082499162 -0.05374999934043877 0
0.08250000082499276 -0.05249999935681566 0
0.0825000008249939 -0.05124999937319252 0
0.08250000082499501 -0.04999999938956941 0
0.08250000082499614 -0.04874999940594763 0
0.08250000082499728 -0.04749999942232629 0
0.08250000082499842 -0.04624999943870495 0
0.08250000082499956 -0.04499999945508272 0
0.08250000082500067 -0.04374999947145664 0
0.08250000082500181 -0.04249999948782968 0
0.08250000082500294 -0.0412499995042027 0
0.08250000082500408 -0.03999999952057563 0
0.08250000082500522 -0.0387499995369483 0
0.08250000082500633 -0.03749999955332095 0
0.08250000082500747 -0.03624999956969358 0
0.08250000082500861 -0.03499999958606625 0
0.08250000082500972 -0.03374999960244045 0
0.08250000082501086 -0.03249999961881378 0
0.08250000082501199 -0.03124999963518598 0
0.08250000082501313 -0.02999999965156266 0
0.08250000082501427 -0.02874999966793531 0
0.08250000082501538 -0.02749999968430706 0
0.08250000082501652 -0.02624999970068163 0
0.08250000082501767 -0.02499999971705261 0
0.08250000082501879 -0.02374999973342615 0
0.08250000082501993 -0.0224999997497988 0
0.08250000082502104 -0.02124999976617056 0
0.08250000082502218 -0.01999999978254501 0
0.08250000082502332 -0.01874999979891586 0
0.08250000082502446 -0.01749999981528941 0
0.08250000082502559 -0.01624999983166206 0
0.08250000082502673 -0.01499999984803381 0
0.08250000082502787 -0.01374999986440825 0
0.08250000082502898 -0.01249999988077911 0
0.08250000082503012 -0.01124999989715282 0
0.08250000082503126 -0.009999999913525865 0
0.08250000082503239 -0.008749999929897771 0
0.08250000082503353 -0.007499999946274454 0
0.08250000082503464 -0.006249999962647514 0
0.08250000082503578 -0.004999999979018652 0
0.08250000082503693 -0.003749999995392909 0
0.08250000082503806 -0.002500000011764029 0
0.08250000082503919 -0.001250000028136969 0
0.0825000008250403 -4.451003573959639e-11 0
0.08250000082504144 0.00124999993911865 0
0.08250000082504259 0.002499999922744237 0
0.08250000082504372 0.003749999906373027 0
0.08375000083745678 -0.09374999881637569 0
0.08375000083745786 -0.0924999988327492 0
0.08375000083745891 -0.0912499988491265 0
0.08375000083745998 -0.08999999886550319 0
0.08375000083746108 -0.08874999888188023 0
0.08375000083746219 -0.08749999889825594 0
0.08375000083746326 -0.08624999891462942 0
0.08375000083746433 -0.08499999893100675 0
0.08375000083746538 -0.08374999894738344 0
0.08375000083746652 -0.08249999896376047 0
0.08375000083746757 -0.08124999898013821 0
0.08375000083746863 -0.07999999899651772 0
0.08375000083746972 -0.07874999901289646 0
0.08375000083747081 -0.07749999902927363 0
0.08375000083747189 -0.07624999904565023 0
0.08375000083747297 -0.07499999906202753 0
0.08375000083747405 -0.07374999907840429 0
0.08375000083747514 -0.07249999909478125 0
0.08375000083747622 -0.07124999911115841 0
0.08375000083747727 -0.06999999912753502 0
0.08375000083747836 -0.06874999914391232 0
0.08375000083747942 -0.06749999916028908 0
0.08375000083748052 -0.06624999917666606 0
0.08375000083748159 -0.0649999991930432 0
0.08375000083748267 -0.06374999920942206 0
0.08375000083748375 -0.06249999922580165 0
0.08375000083748484 -0.06124999924217844 0
0.08375000083748593 -0.05999999925855538 0
0.08375000083748699 -0.05874999927493312 0
0.08375000083748807 -0.05749999929131001 0
0.08375000083748915 -0.0562499993076871 0
0.08375000083749023 -0.05499999932406435 0
0.08375000083749132 -0.05374999934044131 0
0.08375000083749239 -0.05249999935681827 0
0.08375000083749345 -0.05124999937319524 0
0.08375000083749456 -0.0499999993895722 0
0.08375000083749565 -0.04874999940595053 0
0.08375000083749673 -0.04749999942232927 0
0.0837500008374978 -0.04624999943870806 0
0.08375000083749887 -0.04499999945508591 0
0.08375000083749995 -0.04374999947145975 0
0.08375000083750105 -0.04249999948783268 0
0.08375000083750213 -0.04124999950420558 0
0.08375000083750318 -0.03999999952057842 0
0.08375000083750428 -0.03874999953695099 0
0.08375000083750533 -0.03749999955332355 0
0.08375000083750642 -0.03624999956969614 0
0.0837500008375075 -0.0349999995860687 0
0.08375000083750858 -0.03374999960244287 0
0.08375000083750966 -0.03249999961881612 0
0.08375000083751075 -0.03124999963518822 0
0.08375000083751183 -0.02999999965156488 0
0.0837500008375129 -0.02874999966793746 0
0.08375000083751401 -0.02749999968430913 0
0.08375000083751505 -0.02624999970068362 0
0.08375000083751614 -0.02499999971705447 0
0.08375000083751721 -0.02374999973342796 0
0.08375000083751834 -0.02249999974980052 0
0.08375000083751939 -0.02124999976617219 0
0.08375000083752046 -0.01999999978254657 0
0.08375000083752157 -0.01874999979891733 0
0.08375000083752264 -0.0174999998152908 0
0.08375000083752371 -0.01624999983166338 0
0.0837500008375248 -0.01499999984803503 0
0.08375000083752589 -0.01374999986440943 0
0.08375000083752693 -0.01249999988078017 0
0.08375000083752804 -0.01124999989715379 0
0.08375000083752909 -0.009999999913526731 0
0.0837500008375302 -0.008749999929898535 0
0.08375000083753126 -0.007499999946275197 0
0.08375000083753231 -0.006249999962648187 0
0.08375000083753342 -0.004999999979019232 0
0.08375000083753452 -0.00374999999539345 0
0.0837500008375356 -0.002500000011764484 0
0.08375000083753666 -0.001250000028137359 0
0.08375000083753777 -4.451035416977445e-11 0
0.08375000083753882 0.001249999939118434 0
0.0837500008375399 0.002499999922744072 0
0.08375000083754099 0.003749999906372958 0
0.08500000084996294 -0.09374999881637575 0
0.08500000084996387 -0.09249999883274933 0
0.0850000008499648 -0.09124999884912667 0
0.08500000084996567 -0.08999999886550344 0
0.08500000084996659 -0.08874999888188058 0
0.08500000084996751 -0.08749999889825631 0
0.08500000084996845 -0.08624999891462991 0
0.08500000084996936 -0.08499999893100724 0
0.08500000084997028 -0.08374999894738405 0
0.0850000008499712 -0.08249999896376115 0
0.08500000084997211 -0.08124999898013892 0
0.08500000084997306 -0.07999999899651855 0
0.08500000084997397 -0.07874999901289741 0
0.08500000084997483 -0.07749999902927462 0
0.0850000008499758 -0.07624999904565133 0
0.08500000084997669 -0.07499999906202871 0
0.08500000084997762 -0.07374999907840554 0
0.08500000084997851 -0.07249999909478259 0
0.08500000084997947 -0.07124999911115983 0
0.08500000084998038 -0.06999999912753652 0
0.08500000084998133 -0.06874999914391391 0
0.08500000084998222 -0.06749999916029077 0
0.08500000084998313 -0.06624999917666781 0
0.08500000084998405 -0.06499999919304501 0
0.08500000084998496 -0.06374999920942404 0
0.08500000084998589 -0.0624999992258037 0
0.08500000084998681 -0.06124999924218056 0
0.08500000084998773 -0.0599999992585576 0
0.08500000084998866 -0.05874999927493538 0
0.08500000084998957 -0.05749999929131233 0
0.08500000084999049 -0.05624999930768949 0
0.08500000084999138 -0.05499999932406682 0
0.08500000084999232 -0.05374999934044385 0
0.08500000084999323 -0.0524999993568209 0
0.08500000084999415 -0.05124999937319794 0
0.08500000084999509 -0.04999999938957499 0
0.08500000084999598 -0.04874999940595341 0
0.08500000084999693 -0.04749999942233228 0
0.08500000084999781 -0.04624999943871116 0
0.08500000084999876 -0.0449999994550891 0
0.08500000084999965 -0.04374999947146285 0
0.08500000085000059 -0.04249999948783567 0
0.08500000085000151 -0.0412499995042085 0
0.08500000085000242 -0.03999999952058123 0
0.08500000085000337 -0.0387499995369537 0
0.08500000085000425 -0.0374999995533262 0
0.0850000008500052 -0.03624999956969869 0
0.08500000085000609 -0.03499999958607117 0
0.08500000085000703 -0.03374999960244526 0
0.08500000085000792 -0.03249999961881846 0
0.08500000085000886 -0.03124999963519048 0
0.08500000085000978 -0.0299999996515671 0
0.08500000085001069 -0.0287499996679396 0
0.08500000085001161 -0.02749999968431116 0
0.08500000085001252 -0.02624999970068561 0
0.08500000085001344 -0.02499999971705634 0
0.08500000085001436 -0.02374999973342976 0
0.0850000008500153 -0.02249999974980225 0
0.08500000085001622 -0.02124999976617381 0
0.08500000085001713 -0.01999999978254815 0
0.08500000085001803 -0.0187499997989188 0
0.08500000085001896 -0.01749999981529219 0
0.08500000085001988 -0.01624999983166469 0
0.0850000008500208 -0.01499999984803625 0
0.08500000085002171 -0.01374999986441059 0
0.08500000085002263 -0.01249999988078123 0
0.08500000085002357 -0.01124999989715478 0
0.08500000085002445 -0.009999999913527605 0
0.08500000085002539 -0.008749999929899303 0
0.08500000085002629 -0.007499999946275943 0
0.08500000085002722 -0.006249999962648859 0
0.08500000085002815 -0.004999999979019815 0
0.08500000085002907 -0.003749999995393993 0
0.08500000085002998 -0.002500000011764938 0
0.0850000008500309 -0.00125000002813775 0
0.08500000085003184 -4.451067455151642e-11 0
0.08500000085003274 0.001249999939118217 0
0.08500000085003367 0.002499999922743906 0
0.08500000085003456 0.003749999906372888 0
0.08625000086246809 -0.0937499988163758 0
0.08625000086246887 -0.09249999883274942 0
0.08625000086246973 -0.09124999884912682 0
0.08625000086247052 -0.08999999886550372 0
0.08625000086247135 -0.0887499988818809 0
0.08625000086247216 -0.08749999889825673 0
0.08625000086247298 -0.08624999891463034 0
0.08625000086247381 -0.08499999893100776 0
0.08625000086247461 -0.08374999894738464 0
0.08625000086247543 -0.0824999989637618 0
0.08625000086247625 -0.08124999898013958 0
0.08625000086247708 -0.07999999899651938 0
0.08625000086247792 -0.07874999901289834 0
0.08625000086247872 -0.07749999902927567 0
0.08625000086247951 -0.07624999904565244 0
0.08625000086248032 -0.07499999906202989 0
0.08625000086248116 -0.07374999907840682 0
0.086250000862482 -0.07249999909478398 0
0.0862500008624828 -0.07124999911116124 0
0.08625000086248362 -0.06999999912753804 0
0.08625000086248445 -0.06874999914391547 0
0.08625000086248527 -0.06749999916029244 0
0.08625000086248608 -0.06624999917666954 0
0.08625000086248688 -0.06499999919304686 0
0.08625000086248771 -0.06374999920942599 0
0.08625000086248852 -0.06249999922580573 0
0.08625000086248935 -0.0612499992421827 0
0.08625000086249017 -0.05999999925855984 0
0.08625000086249097 -0.05874999927493762 0
0.08625000086249179 -0.05749999929131468 0
0.08625000086249263 -0.05624999930769189 0
0.08625000086249343 -0.05499999932406929 0
0.08625000086249426 -0.0537499993404464 0
0.0862500008624951 -0.05249999935682353 0
0.08625000086249592 -0.05124999937320065 0
0.08625000086249672 -0.04999999938957777 0
0.08625000086249754 -0.04874999940595631 0
0.08625000086249834 -0.04749999942233528 0
0.08625000086249918 -0.04624999943871427 0
0.08625000086249998 -0.04499999945509225 0
0.08625000086250081 -0.04374999947146597 0
0.08625000086250162 -0.04249999948783867 0
0.08625000086250245 -0.04124999950421138 0
0.08625000086250326 -0.03999999952058401 0
0.08625000086250409 -0.0387499995369564 0
0.08625000086250492 -0.03749999955332881 0
0.08625000086250573 -0.03624999956970122 0
0.08625000086250653 -0.03499999958607363 0
0.08625000086250734 -0.03374999960244767 0
0.08625000086250817 -0.03249999961882079 0
0.08625000086250899 -0.03124999963519272 0
0.08625000086250981 -0.02999999965156934 0
0.08625000086251061 -0.02874999966794174 0
0.08625000086251144 -0.02749999968431321 0
0.08625000086251226 -0.02624999970068759 0
0.08625000086251308 -0.02499999971705822 0
0.08625000086251391 -0.02374999973343156 0
0.08625000086251471 -0.02249999974980397 0
0.08625000086251552 -0.02124999976617544 0
0.08625000086251636 -0.01999999978254972 0
0.08625000086251719 -0.01874999979892026 0
0.08625000086251795 -0.0174999998152936 0
0.08625000086251879 -0.01624999983166601 0
0.08625000086251963 -0.01499999984803747 0
0.08625000086252047 -0.01374999986441176 0
0.08625000086252124 -0.01249999988078229 0
0.08625000086252207 -0.01124999989715575 0
0.08625000086252291 -0.009999999913528472 0
0.08625000086252371 -0.008749999929900068 0
0.08625000086252452 -0.007499999946276687 0
0.08625000086252534 -0.006249999962649531 0
0.08625000086252618 -0.004999999979020401 0
0.08625000086252699 -0.003749999995394535 0
0.08625000086252779 -0.002500000011765392 0
0.08625000086252861 -0.00125000002813814 0
0.08625000086252946 -4.451099309011469e-11 0
0.08625000086253026 0.001249999939118001 0
0.08625000086253105 0.002499999922743742 0
0.0862500008625319 0.003749999906372818 0
0.08750000087496733 -0.09374999881637586 0
0.08750000087496812 -0.09249999883274954 0
0.08750000087496894 -0.09124999884912699 0
0.08750000087496972 -0.08999999886550399 0
0.08750000087497055 -0.08874999888188125 0
0.08750000087497134 -0.08749999889825713 0
0.08750000087497213 -0.0862499989146308 0
0.08750000087497292 -0.08499999893100826 0
0.0875000008749737 -0.08374999894738523 0
0.0875000008749745 -0.08249999896376249 0
0.08750000087497532 -0.08124999898014033 0
0.08750000087497613 -0.07999999899652022 0
0.08750000087497693 -0.07874999901289931 0
0.08750000087497775 -0.07749999902927665 0
0.08750000087497853 -0.07624999904565355 0
0.08750000087497933 -0.07499999906203106 0
0.08750000087498011 -0.0737499990784081 0
0.08750000087498093 -0.07249999909478531 0
0.08750000087498172 -0.07124999911116266 0
0.08750000087498253 -0.06999999912753957 0
0.08750000087498333 -0.06874999914391706 0
0.08750000087498409 -0.06749999916029412 0
0.08750000087498491 -0.06624999917667133 0
0.0875000008749857 -0.06499999919304868 0
0.08750000087498654 -0.06374999920942795 0
0.08750000087498731 -0.0624999992258078 0
0.0875000008749881 -0.06124999924218488 0
0.08750000087498891 -0.05999999925856207 0
0.08750000087498969 -0.05874999927493987 0
0.08750000087499052 -0.05749999929131702 0
0.08750000087499131 -0.05624999930769431 0
0.08750000087499213 -0.05499999932407176 0
0.08750000087499292 -0.05374999934044896 0
0.08750000087499371 -0.05249999935682614 0
0.08750000087499452 -0.05124999937320336 0
0.08750000087499529 -0.04999999938958056 0
0.0875000008749961 -0.0487499994059592 0
0.0875000008749969 -0.04749999942233828 0
0.08750000087499771 -0.04624999943871738 0
0.08750000087499851 -0.04499999945509545 0
0.08750000087499932 -0.04374999947146907 0
0.08750000087500009 -0.04249999948784166 0
0.0875000008750009 -0.04124999950421427 0
0.08750000087500168 -0.0399999995205868 0
0.08750000087500251 -0.03874999953695913 0
0.0875000008750033 -0.03749999955333144 0
0.08750000087500411 -0.03624999956970376 0
0.0875000008750049 -0.0349999995860761 0
0.08750000087500567 -0.03374999960245009 0
0.08750000087500648 -0.03249999961882312 0
0.08750000087500728 -0.03124999963519498 0
0.0875000008750081 -0.02999999965157156 0
0.08750000087500891 -0.02874999966794389 0
0.0875000008750097 -0.02749999968431527 0
0.0875000008750105 -0.02624999970068959 0
0.08750000087501129 -0.02499999971706009 0
0.08750000087501209 -0.02374999973343337 0
0.08750000087501289 -0.0224999997498057 0
0.08750000087501367 -0.02124999976617707 0
0.0875000008750145 -0.0199999997825513 0
0.08750000087501529 -0.01874999979892172 0
0.0875000008750161 -0.017499999815295 0
0.08750000087501689 -0.01624999983166733 0
0.08750000087501766 -0.01499999984803869 0
0.0875000008750185 -0.01374999986441292 0
0.08750000087501929 -0.01249999988078335 0
0.08750000087502008 -0.01124999989715674 0
0.08750000087502088 -0.009999999913529348 0
0.08750000087502167 -0.008749999929900833 0
0.08750000087502249 -0.007499999946277433 0
0.08750000087502327 -0.006249999962650205 0
0.08750000087502409 -0.004999999979020981 0
0.08750000087502489 -0.003749999995395077 0
0.08750000087502567 -0.002500000011765848 0
0.08750000087502649 -0.001250000028138534 0
0.08750000087502727 -4.451131271291514e-11 0
0.0875000008750281 0.001249999939117784 0
0.08750000087502888 0.002499999922743577 0
0.08750000087502965 0.003749999906372748 0
0.0887500008874666 -0.09374999881637591 0
0.08875000088746736 -0.09249999883274963 0
0.08875000088746816 -0.09124999884912714 0
0.08875000088746895 -0.08999999886550425 0
0.08875000088746972 -0.08874999888188159 0
0.08875000088747052 -0.08749999889825749 0
0.08875000088747129 -0.08624999891463123 0
0.08875000088747208 -0.08499999893100876 0
0.08875000088747287 -0.08374999894738583 0
0.0887500008874736 -0.08249999896376316 0
0.08875000088747442 -0.08124999898014103 0
0.08875000088747519 -0.07999999899652104 0
0.08875000088747594 -0.07874999901290024 0
0.08875000088747674 -0.07749999902927764 0
0.08875000088747755 -0.07624999904565467 0
0.08875000088747834 -0.07499999906203221 0
0.0887500008874791 -0.07374999907840937 0
0.08875000088747988 -0.07249999909478663 0
0.08875000088748064 -0.07124999911116406 0
0.08875000088748142 -0.06999999912754108 0
0.08875000088748221 -0.06874999914391862 0
0.08875000088748299 -0.0674999991602958 0
0.08875000088748378 -0.06624999917667304 0
0.08875000088748454 -0.06499999919305048 0
0.08875000088748532 -0.06374999920942995 0
0.08875000088748614 -0.06249999922580983 0
0.08875000088748691 -0.06124999924218701 0
0.08875000088748768 -0.05999999925856429 0
0.08875000088748847 -0.05874999927494212 0
0.08875000088748924 -0.05749999929131936 0
0.08875000088749002 -0.05624999930769672 0
0.08875000088749078 -0.05499999932407422 0
0.0887500008874916 -0.0537499993404515 0
0.08875000088749234 -0.05249999935682878 0
0.08875000088749312 -0.05124999937320606 0
0.08875000088749389 -0.04999999938958335 0
0.0887500008874947 -0.04874999940596209 0
0.08875000088749546 -0.04749999942234127 0
0.08875000088749624 -0.0462499994387205 0
0.08875000088749704 -0.04499999945509865 0
0.08875000088749781 -0.04374999947147218 0
0.0887500008874986 -0.04249999948784466 0
0.0887500008874994 -0.04124999950421716 0
0.08875000088750014 -0.03999999952058959 0
0.08875000088750093 -0.03874999953696184 0
0.08875000088750172 -0.03749999955333407 0
0.08875000088750251 -0.03624999956970631 0
0.08875000088750329 -0.03499999958607855 0
0.08875000088750407 -0.0337499996024525 0
0.08875000088750484 -0.03249999961882546 0
0.08875000088750562 -0.03124999963519721 0
0.08875000088750638 -0.02999999965157379 0
0.08875000088750717 -0.02874999966794603 0
0.08875000088750794 -0.02749999968431732 0
0.08875000088750871 -0.02624999970069157 0
0.08875000088750952 -0.02499999971706197 0
0.0887500008875103 -0.02374999973343517 0
0.08875000088751107 -0.02249999974980743 0
0.08875000088751188 -0.0212499997661787 0
0.08875000088751263 -0.01999999978255287 0
0.08875000088751343 -0.01874999979892319 0
0.08875000088751421 -0.01749999981529639 0
0.088750000887515 -0.01624999983166864 0
0.08875000088751576 -0.01499999984803991 0
0.08875000088751654 -0.0137499998644141 0
0.08875000088751733 -0.0124999998807844 0
0.0887500008875181 -0.01124999989715772 0
0.08875000088751887 -0.009999999913530212 0
0.08875000088751965 -0.008749999929901596 0
0.08875000088752043 -0.007499999946278178 0
0.0887500008875212 -0.00624999996265088 0
0.08875000088752198 -0.004999999979021565 0
0.0887500008875228 -0.00374999999539562 0
0.08875000088752356 -0.002500000011766302 0
0.08875000088752434 -0.001250000028138926 0
0.08875000088752516 -4.451163070941233e-11 0
0.08875000088752591 0.001249999939117568 0
0.08875000088752667 0.002499999922743412 0
0.08875000088752749 0.003749999906372679 0
0.0900000008999717 -0.09374999881637598 0
0.09000000089997234 -0.09249999883274976 0
0.09000000089997301 -0.09124999884912731 0
0.09000000089997365 -0.0899999988655045 0
0.09000000089997431 -0.08874999888188194 0
0.09000000089997494 -0.08749999889825788 0
0.09000000089997559 -0.08624999891463168 0
0.09000000089997623 -0.08499999893100924 0
0.09000000089997687 -0.08374999894738644 0
0.09000000089997752 -0.08249999896376387 0
0.09000000089997817 -0.08124999898014172 0
0.09000000089997881 -0.07999999899652187 0
0.09000000089997948 -0.07874999901290117 0
0.09000000089998009 -0.07749999902927864 0
0.09000000089998075 -0.07624999904565583 0
0.09000000089998139 -0.07499999906203339 0
0.09000000089998206 -0.07374999907841062 0
0.0900000008999827 -0.07249999909478799 0
0.09000000089998331 -0.07124999911116549 0
0.09000000089998397 -0.06999999912754264 0
0.09000000089998463 -0.0687499991439202 0
0.09000000089998528 -0.06749999916029746 0
0.09000000089998592 -0.06624999917667482 0
0.0900000008999866 -0.0649999991930523 0
0.09000000089998723 -0.06374999920943188 0
0.09000000089998786 -0.06249999922581188 0
0.0900000008999885 -0.06124999924218914 0
0.09000000089998919 -0.05999999925856651 0
0.09000000089998983 -0.05874999927494437 0
0.09000000089999047 -0.05749999929132169 0
0.09000000089999111 -0.05624999930769912 0
0.09000000089999173 -0.05499999932407668 0
0.09000000089999238 -0.05374999934045403 0
0.09000000089999302 -0.05249999935683142 0
0.09000000089999369 -0.05124999937320879 0
0.09000000089999433 -0.04999999938958614 0
0.09000000089999499 -0.04874999940596499 0
0.0900000008999956 -0.04749999942234428 0
0.09000000089999627 -0.0462499994387236 0
0.09000000089999691 -0.04499999945510182 0
0.09000000089999757 -0.04374999947147529 0
0.09000000089999818 -0.04249999948784766 0
0.09000000089999885 -0.04124999950422003 0
0.09000000089999949 -0.03999999952059237 0
0.09000000090000013 -0.03874999953696454 0
0.09000000090000079 -0.0374999995533367 0
0.09000000090000146 -0.03624999956970886 0
0.09000000090000207 -0.03499999958608102 0
0.09000000090000274 -0.03374999960245489 0
0.09000000090000337 -0.0324999996188278 0
0.09000000090000401 -0.03124999963519946 0
0.09000000090000468 -0.02999999965157601 0
0.09000000090000532 -0.02874999966794819 0
0.09000000090000594 -0.02749999968431938 0
0.09000000090000659 -0.02624999970069357 0
0.09000000090000723 -0.02499999971706384 0
0.0900000009000079 -0.02374999973343698 0
0.09000000090000856 -0.02249999974980915 0
0.09000000090000917 -0.02124999976618033 0
0.09000000090000984 -0.01999999978255444 0
0.09000000090001048 -0.01874999979892466 0
0.09000000090001112 -0.01749999981529779 0
0.09000000090001178 -0.01624999983166996 0
0.09000000090001242 -0.01499999984804113 0
0.09000000090001306 -0.01374999986441526 0
0.09000000090001373 -0.01249999988078546 0
0.09000000090001435 -0.01124999989715869 0
0.090000000900015 -0.00999999991353109 0
0.09000000090001567 -0.00874999992990236 0
0.09000000090001628 -0.007499999946278919 0
0.09000000090001695 -0.006249999962651552 0
0.09000000090001761 -0.004999999979022146 0
0.09000000090001824 -0.003749999995396161 0
0.09000000090001889 -0.002500000011766756 0
0.09000000090001956 -0.001250000028139316 0
0.09000000090002015 -4.451195054905321e-11 0
0.09000000090002082 0.001249999939117351 0
0.09000000090002147 0.002499999922743247 0
0.09000000090002211 0.00374999990637261 0
0.09125000091247788 -0.09374999881637602 0
0.09125000091247842 -0.09249999883274983 0
0.0912500009124789 -0.09124999884912749 0
0.09125000091247944 -0.08999999886550478 0
0.09125000091247991 -0.08874999888188224 0
0.09125000091248045 -0.0874999988982583 0
0.09125000091248094 -0.08624999891463213 0
0.09125000091248148 -0.08499999893100975 0
0.09125000091248198 -0.08374999894738705 0
0.09125000091248252 -0.08249999896376452 0
0.091250000912483 -0.0812499989801424 0
0.09125000091248356 -0.0799999989965227 0
0.09125000091248402 -0.07874999901290212 0
0.09125000091248456 -0.07749999902927968 0
0.09125000091248504 -0.07624999904565692 0
0.09125000091248557 -0.07499999906203456 0
0.09125000091248607 -0.07374999907841188 0
0.0912500009124866 -0.07249999909478937 0
0.09125000091248708 -0.07124999911116689 0
0.09125000091248761 -0.06999999912754412 0
0.09125000091248815 -0.06874999914392178 0
0.09125000091248864 -0.06749999916029914 0
0.09125000091248915 -0.06624999917667657 0
0.09125000091248966 -0.06499999919305412 0
0.09125000091249019 -0.06374999920943386 0
0.09125000091249069 -0.06249999922581394 0
0.09125000091249121 -0.06124999924219129 0
0.0912500009124917 -0.05999999925856874 0
0.09125000091249225 -0.05874999927494662 0
0.09125000091249275 -0.05749999929132402 0
0.09125000091249325 -0.05624999930770153 0
0.0912500009124938 -0.05499999932407913 0
0.09125000091249429 -0.05374999934045658 0
0.09125000091249479 -0.05249999935683403 0
0.09125000091249531 -0.05124999937321147 0
0.09125000091249584 -0.04999999938958893 0
0.09125000091249635 -0.04874999940596788 0
0.09125000091249685 -0.04749999942234728 0
0.09125000091249738 -0.0462499994387267 0
0.09125000091249788 -0.04499999945510501 0
0.09125000091249841 -0.04374999947147839 0
0.09125000091249891 -0.04249999948785066 0
0.09125000091249941 -0.04124999950422294 0
0.09125000091249991 -0.03999999952059517 0
0.09125000091250046 -0.03874999953696726 0
0.09125000091250095 -0.03749999955333932 0
0.09125000091250146 -0.0362499995697114 0
0.09125000091250199 -0.0349999995860835 0
0.09125000091250249 -0.0337499996024573 0
0.09125000091250299 -0.03249999961883015 0
0.09125000091250351 -0.0312499996352017 0
0.09125000091250401 -0.02999999965157825 0
0.09125000091250451 -0.02874999966795033 0
0.09125000091250504 -0.02749999968432143 0
0.09125000091250557 -0.02624999970069555 0
0.09125000091250605 -0.0249999997170657 0
0.09125000091250657 -0.02374999973343878 0
0.09125000091250708 -0.02249999974981087 0
0.09125000091250762 -0.02124999976618195 0
0.09125000091250811 -0.01999999978255601 0
0.09125000091250861 -0.01874999979892611 0
0.09125000091250912 -0.01749999981529919 0
0.09125000091250966 -0.01624999983167127 0
0.09125000091251016 -0.01499999984804236 0
0.09125000091251068 -0.01374999986441643 0
0.09125000091251119 -0.01249999988078652 0
0.0912500009125117 -0.01124999989715967 0
0.09125000091251222 -0.009999999913531963 0
0.09125000091251273 -0.008749999929903125 0
0.09125000091251323 -0.007499999946279666 0
0.09125000091251376 -0.006249999962652224 0
0.09125000091251424 -0.004999999979022731 0
0.09125000091251477 -0.003749999995396705 0
0.09125000091251527 -0.00250000001176721 0
0.09125000091251581 -0.001250000028139708 0
0.09125000091251631 -4.451226919607171e-11 0
0.09125000091251682 0.001249999939117136 0
0.09125000091251734 0.002499999922743082 0
0.09125000091251784 0.00374999990637254 0
0.09250000092497929 -0.09374999881637608 0
0.0925000009249798 -0.09249999883274998 0
0.09250000092498027 -0.09124999884912766 0
0.09250000092498069 -0.08999999886550504 0
0.09250000092498119 -0.08874999888188263 0
0.09250000092498165 -0.08749999889825867 0
0.09250000092498209 -0.08624999891463257 0
0.09250000092498256 -0.08499999893101028 0
0.09250000092498303 -0.08374999894738766 0
0.09250000092498351 -0.0824999989637652 0
0.09250000092498395 -0.08124999898014308 0
0.09250000092498441 -0.07999999899652355 0
0.09250000092498489 -0.07874999901290308 0
0.09250000092498536 -0.07749999902928066 0
0.09250000092498584 -0.07624999904565805 0
0.09250000092498631 -0.07499999906203571 0
0.09250000092498674 -0.07374999907841316 0
0.09250000092498724 -0.0724999990947907 0
0.0925000009249877 -0.07124999911116831 0
0.09250000092498814 -0.06999999912754568 0
0.09250000092498861 -0.06874999914392334 0
0.09250000092498908 -0.06749999916030081 0
0.09250000092498958 -0.06624999917667831 0
0.09250000092499003 -0.06499999919305596 0
0.0925000009249905 -0.06374999920943582 0
0.09250000092499096 -0.06249999922581599 0
0.09250000092499142 -0.06124999924219344 0
0.09250000092499192 -0.05999999925857097 0
0.09250000092499233 -0.05874999927494887 0
0.09250000092499283 -0.05749999929132635 0
0.09250000092499328 -0.05624999930770395 0
0.09250000092499375 -0.0549999993240816 0
0.09250000092499422 -0.05374999934045914 0
0.09250000092499466 -0.05249999935683668 0
0.09250000092499513 -0.0512499993732142 0
0.09250000092499563 -0.04999999938959174 0
0.09250000092499608 -0.04874999940597077 0
0.09250000092499655 -0.04749999942235026 0
0.09250000092499702 -0.04624999943872982 0
0.09250000092499749 -0.04499999945510817 0
0.09250000092499794 -0.0437499994714815 0
0.09250000092499841 -0.04249999948785366 0
0.09250000092499888 -0.04124999950422584 0
0.09250000092499935 -0.03999999952059795 0
0.0925000009249998 -0.03874999953696995 0
0.09250000092500027 -0.03749999955334196 0
0.09250000092500074 -0.03624999956971395 0
0.09250000092500119 -0.03499999958608596 0
0.09250000092500166 -0.03374999960245972 0
0.09250000092500213 -0.03249999961883248 0
0.09250000092500263 -0.03124999963520396 0
0.09250000092500307 -0.02999999965158047 0
0.09250000092500354 -0.02874999966795247 0
0.09250000092500402 -0.02749999968432347 0
0.09250000092500446 -0.02624999970069753 0
0.09250000092500492 -0.02499999971706758 0
0.0925000009250054 -0.02374999973344058 0
0.09250000092500585 -0.02249999974981259 0
0.09250000092500635 -0.02124999976618358 0
0.09250000092500679 -0.01999999978255759 0
0.09250000092500726 -0.01874999979892759 0
0.09250000092500774 -0.01749999981530058 0
0.09250000092500818 -0.01624999983167259 0
0.09250000092500868 -0.01499999984804358 0
0.09250000092500912 -0.01374999986441759 0
0.0925000009250096 -0.01249999988078758 0
0.09250000092501007 -0.01124999989716065 0
0.09250000092501051 -0.009999999913532832 0
0.092500000925011 -0.008749999929903893 0
0.09250000092501146 -0.007499999946280409 0
0.09250000092501193 -0.006249999962652898 0
0.0925000009250124 -0.004999999979023314 0
0.09250000092501284 -0.003749999995397248 0
0.09250000092501336 -0.002500000011767665 0
0.09250000092501379 -0.001250000028140098 0
0.09250000092501426 -4.451258746361944e-11 0
0.09250000092501473 0.001249999939116918 0
0.09250000092501517 0.002499999922742917 0
0.09250000092501565 0.00374999990637247 0
0.09375000093747964 -0.09374999881637612 0
0.09375000093748008 -0.09249999883275006 0
0.09375000093748052 -0.09124999884912784 0
0.09375000093748094 -0.08999999886550529 0
0.09375000093748137 -0.08874999888188297 0
0.09375000093748181 -0.08749999889825906 0
0.09375000093748226 -0.086249998914633 0
0.09375000093748267 -0.08499999893101075 0
0.09375000093748313 -0.08374999894738826 0
0.09375000093748358 -0.08249999896376586 0
0.09375000093748397 -0.0812499989801438 0
0.09375000093748442 -0.07999999899652437 0
0.09375000093748481 -0.07874999901290401 0
0.0937500009374853 -0.0774999990292817 0
0.0937500009374857 -0.07624999904565917 0
0.09375000093748614 -0.07499999906203687 0
0.09375000093748656 -0.07374999907841442 0
0.093750000937487 -0.07249999909479203 0
0.09375000093748746 -0.07124999911116973 0
0.09375000093748791 -0.06999999912754717 0
0.09375000093748831 -0.06874999914392496 0
0.09375000093748874 -0.06749999916030246 0
0.0937500009374892 -0.06624999917668008 0
0.09375000093748963 -0.06499999919305779 0
0.09375000093749006 -0.06374999920943776 0
0.09375000093749049 -0.06249999922581805 0
0.09375000093749092 -0.06124999924219558 0
0.09375000093749133 -0.05999999925857321 0
0.09375000093749178 -0.05874999927495111 0
0.09375000093749222 -0.05749999929132868 0
0.09375000093749267 -0.05624999930770636 0
0.09375000093749308 -0.05499999932408407 0
0.09375000093749351 -0.05374999934046168 0
0.09375000093749394 -0.05249999935683929 0
0.09375000093749439 -0.0512499993732169 0
0.0937500009374948 -0.04999999938959451 0
0.09375000093749525 -0.04874999940597366 0
0.09375000093749566 -0.04749999942235326 0
0.09375000093749611 -0.04624999943873292 0
0.09375000093749655 -0.04499999945511136 0
0.09375000093749697 -0.04374999947148461 0
0.09375000093749741 -0.04249999948785666 0
0.09375000093749787 -0.04124999950422874 0
0.09375000093749827 -0.03999999952060074 0
0.09375000093749872 -0.03874999953697266 0
0.09375000093749913 -0.03749999955334458 0
0.09375000093749958 -0.0362499995697165 0
0.09375000093750002 -0.03499999958608842 0
0.09375000093750048 -0.0337499996024621 0
0.09375000093750085 -0.0324999996188348 0
0.09375000093750133 -0.03124999963520621 0
0.09375000093750174 -0.0299999996515827 0
0.09375000093750219 -0.02874999966795462 0
0.09375000093750263 -0.02749999968432552 0
0.09375000093750305 -0.02624999970069953 0
0.09375000093750346 -0.02499999971706944 0
0.09375000093750392 -0.02374999973344239 0
0.09375000093750435 -0.02249999974981431 0
0.09375000093750481 -0.02124999976618521 0
0.09375000093750523 -0.01999999978255917 0
0.09375000093750563 -0.01874999979892906 0
0.09375000093750607 -0.01749999981530198 0
0.09375000093750653 -0.01624999983167391 0
0.09375000093750696 -0.0149999998480448 0
0.09375000093750741 -0.01374999986441877 0
0.09375000093750784 -0.01249999988078864 0
0.09375000093750824 -0.01124999989716163 0
0.09375000093750868 -0.009999999913533706 0
0.09375000093750913 -0.008749999929904656 0
0.09375000093750957 -0.007499999946281154 0
0.09375000093751 -0.00624999996265357 0
0.0937500009375104 -0.004999999979023895 0
0.09375000093751086 -0.003749999995397789 0
0.0937500009375113 -0.00250000001176812 0
0.09375000093751171 -0.00125000002814049 0
0.09375000093751217 -4.451290703220978e-11 0
0.09375000093751258 0.001249999939116702 0
0.09375000093751303 0.002499999922742752 0
0.09375000093751346 0.0037499999063724 0
0.09500000094998588 -0.09374999881637616 0
0.0950000009499862 -0.09249999883275015 0
0.09500000094998652 -0.09124999884912798 0
0.0950000009499868 -0.08999999886550554 0
0.09500000094998715 -0.08874999888188331 0
0.09500000094998751 -0.08749999889825945 0
0.09500000094998781 -0.08624999891463346 0
0.09500000094998812 -0.08499999893101128 0
0.09500000094998849 -0.08374999894738884 0
0.09500000094998878 -0.08249999896376656 0
0.09500000094998916 -0.0812499989801445 0
0.09500000094998948 -0.0799999989965252 0
0.09500000094998978 -0.07874999901290496 0
0.0950000009499901 -0.0774999990292827 0
0.09500000094999045 -0.07624999904566027 0
0.09500000094999075 -0.07499999906203805 0
0.09500000094999109 -0.07374999907841572 0
0.09500000094999139 -0.07249999909479339 0
0.09500000094999175 -0.07124999911117115 0
0.09500000094999209 -0.0699999991275487 0
0.09500000094999242 -0.06874999914392649 0
0.0950000009499927 -0.06749999916030414 0
0.09500000094999303 -0.06624999917668183 0
0.09500000094999339 -0.0649999991930596 0
0.0950000009499937 -0.06374999920943973 0
0.09500000094999403 -0.0624999992258201 0
0.09500000094999436 -0.06124999924219773 0
0.09500000094999467 -0.05999999925857542 0
0.09500000094999503 -0.05874999927495336 0
0.09500000094999532 -0.05749999929133102 0
0.09500000094999564 -0.05624999930770874 0
0.095000000949996 -0.05499999932408652 0
0.0950000009499963 -0.05374999934046421 0
0.09500000094999664 -0.05249999935684192 0
0.09500000094999694 -0.05124999937321961 0
0.0950000009499973 -0.0499999993895973 0
0.09500000094999764 -0.04874999940597654 0
0.09500000094999797 -0.04749999942235626 0
0.09500000094999828 -0.04624999943873603 0
0.09500000094999858 -0.04499999945511454 0
0.09500000094999891 -0.04374999947148773 0
0.09500000094999925 -0.04249999948785965 0
0.09500000094999958 -0.04124999950423162 0
0.09500000094999991 -0.03999999952060353 0
0.09500000095000022 -0.03874999953697537 0
0.09500000095000055 -0.0374999995533472 0
0.09500000095000088 -0.03624999956971903 0
0.09500000095000122 -0.03499999958609089 0
0.09500000095000155 -0.03374999960246452 0
0.09500000095000186 -0.03249999961883714 0
0.09500000095000219 -0.03124999963520845 0
0.09500000095000249 -0.02999999965158492 0
0.09500000095000286 -0.02874999966795676 0
0.09500000095000317 -0.02749999968432757 0
0.09500000095000349 -0.02624999970070152 0
0.0950000009500038 -0.02499999971707131 0
0.09500000095000413 -0.02374999973344419 0
0.09500000095000447 -0.02249999974981602 0
0.0950000009500048 -0.02124999976618683 0
0.09500000095000513 -0.01999999978256073 0
0.09500000095000546 -0.01874999979893052 0
0.0950000009500058 -0.01749999981530338 0
0.0950000009500061 -0.01624999983167523 0
0.09500000095000644 -0.01499999984804603 0
0.09500000095000674 -0.01374999986441993 0
0.09500000095000709 -0.0124999998807897 0
0.09500000095000741 -0.01124999989716262 0
0.09500000095000774 -0.00999999991353458 0
0.09500000095000807 -0.008749999929905418 0
0.09500000095000842 -0.007499999946281897 0
0.09500000095000875 -0.006249999962654242 0
0.09500000095000903 -0.004999999979024478 0
0.09500000095000935 -0.003749999995398331 0
0.09500000095000968 -0.002500000011768574 0
0.09500000095001002 -0.001250000028140883 0
0.09500000095001035 -4.451322670922034e-11 0
0.0950000009500107 0.001249999939116487 0
0.09500000095001103 0.002499999922742586 0
0.09500000095001136 0.00374999990637233 0
0.09625000096249155 -0.09374999881637623 0
0.0962500009624918 -0.09249999883275029 0
0.09625000096249198 -0.09124999884912814 0
0.09625000096249225 -0.08999999886550582 0
0.09625000096249246 -0.08874999888188365 0
0.09625000096249267 -0.08749999889825985 0
0.09625000096249292 -0.08624999891463389 0
0.09625000096249312 -0.08499999893101177 0
0.09625000096249335 -0.08374999894738946 0
0.09625000096249359 -0.08249999896376724 0
0.0962500009624938 -0.0812499989801452 0
0.09625000096249402 -0.07999999899652603 0
0.09625000096249425 -0.0787499990129059 0
0.09625000096249448 -0.0774999990292837 0
0.0962500009624947 -0.07624999904566138 0
0.09625000096249495 -0.07499999906203923 0
0.09625000096249516 -0.07374999907841699 0
0.09625000096249539 -0.07249999909479472 0
0.09625000096249559 -0.07124999911117255 0
0.09625000096249584 -0.06999999912755023 0
0.09625000096249609 -0.0687499991439281 0
0.09625000096249631 -0.06749999916030583 0
0.09625000096249653 -0.0662499991766836 0
0.09625000096249675 -0.06499999919306142 0
0.09625000096249697 -0.0637499992094417 0
0.0962500009624972 -0.06249999922582215 0
0.09625000096249745 -0.06124999924219989 0
0.09625000096249767 -0.05999999925857764 0
0.09625000096249786 -0.05874999927495561 0
0.09625000096249808 -0.05749999929133338 0
0.09625000096249833 -0.05624999930771117 0
0.09625000096249858 -0.05499999932408901 0
0.09625000096249878 -0.05374999934046677 0
0.096250000962499 -0.05249999935684454 0
0.09625000096249925 -0.05124999937322231 0
0.09625000096249947 -0.04999999938960009 0
0.09625000096249969 -0.04874999940597943 0
0.09625000096249992 -0.04749999942235928 0
0.09625000096250014 -0.04624999943873914 0
0.09625000096250036 -0.04499999945511775 0
0.09625000096250061 -0.04374999947149083 0
0.09625000096250083 -0.04249999948786268 0
0.09625000096250103 -0.0412499995042345 0
0.09625000096250128 -0.03999999952060632 0
0.0962500009625015 -0.03874999953697809 0
0.09625000096250172 -0.03749999955334984 0
0.09625000096250196 -0.03624999956972159 0
0.09625000096250219 -0.03499999958609335 0
0.09625000096250241 -0.03374999960246693 0
0.09625000096250264 -0.03249999961883947 0
0.09625000096250286 -0.0312499996352107 0
0.09625000096250308 -0.02999999965158716 0
0.0962500009625033 -0.02874999966795891 0
0.09625000096250352 -0.02749999968432962 0
0.09625000096250377 -0.02624999970070351 0
0.096250000962504 -0.02499999971707319 0
0.09625000096250422 -0.023749999733446 0
0.09625000096250447 -0.02249999974981775 0
0.09625000096250469 -0.02124999976618847 0
0.0962500009625049 -0.01999999978256231 0
0.09625000096250513 -0.01874999979893199 0
0.09625000096250536 -0.01749999981530478 0
0.09625000096250558 -0.01624999983167653 0
0.0962500009625058 -0.01499999984804725 0
0.09625000096250602 -0.0137499998644211 0
0.09625000096250624 -0.01249999988079076 0
0.09625000096250647 -0.0112499998971636 0
0.09625000096250669 -0.009999999913535444 0
0.0962500009625069 -0.008749999929906181 0
0.09625000096250716 -0.007499999946282644 0
0.09625000096250741 -0.006249999962654914 0
0.0962500009625076 -0.00499999997902506 0
0.09625000096250785 -0.003749999995398875 0
0.09625000096250808 -0.002500000011769028 0
0.0962500009625083 -0.001250000028141273 0
0.09625000096250852 -4.451354573570959e-11 0
0.09625000096250873 0.001249999939116269 0
0.09625000096250896 0.002499999922742422 0
0.09625000096250919 0.00374999990637226 0
0.09750000097499133 -0.09374999881637629 0
0.09750000097499152 -0.0924999988327504 0
0.09750000097499174 -0.09124999884912831 0
0.0975000009749919 -0.08999999886550611 0
0.09750000097499213 -0.08874999888188397 0
0.09750000097499234 -0.08749999889826024 0
0.09750000097499253 -0.08624999891463435 0
0.09750000097499274 -0.08499999893101227 0
0.09750000097499291 -0.08374999894739008 0
0.09750000097499315 -0.08249999896376792 0
0.09750000097499335 -0.08124999898014588 0
0.09750000097499358 -0.07999999899652688 0
0.09750000097499374 -0.07874999901290683 0
0.09750000097499395 -0.0774999990292847 0
0.09750000097499412 -0.07624999904566249 0
0.09750000097499434 -0.0749999990620404 0
0.09750000097499456 -0.07374999907841823 0
0.09750000097499475 -0.07249999909479608 0
0.09750000097499494 -0.07124999911117395 0
0.09750000097499514 -0.06999999912755175 0
0.09750000097499534 -0.06874999914392965 0
0.09750000097499552 -0.06749999916030749 0
0.09750000097499575 -0.06624999917668531 0
0.09750000097499593 -0.06499999919306322 0
0.09750000097499611 -0.06374999920944366 0
0.09750000097499636 -0.0624999992258242 0
0.09750000097499656 -0.06124999924220201 0
0.09750000097499673 -0.05999999925857988 0
0.09750000097499695 -0.05874999927495785 0
0.09750000097499714 -0.05749999929133569 0
0.09750000097499736 -0.05624999930771356 0
0.09750000097499753 -0.05499999932409146 0
0.09750000097499777 -0.05374999934046933 0
0.09750000097499796 -0.05249999935684717 0
0.09750000097499818 -0.05124999937322502 0
0.09750000097499834 -0.0499999993896029 0
0.09750000097499856 -0.04874999940598233 0
0.09750000097499874 -0.04749999942236228 0
0.09750000097499895 -0.04624999943874225 0
0.09750000097499914 -0.04499999945512091 0
0.09750000097499936 -0.04374999947149394 0
0.09750000097499957 -0.04249999948786567 0
0.09750000097499975 -0.04124999950423739 0
0.09750000097499996 -0.03999999952060911 0
0.09750000097500015 -0.03874999953698077 0
0.09750000097500038 -0.03749999955335245 0
0.09750000097500057 -0.03624999956972413 0
0.09750000097500076 -0.03499999958609581 0
0.09750000097500096 -0.03374999960246932 0
0.09750000097500115 -0.03249999961884182 0
0.09750000097500133 -0.03124999963521295 0
0.09750000097500157 -0.02999999965158938 0
0.09750000097500178 -0.02874999966796106 0
0.09750000097500196 -0.02749999968433168 0
0.09750000097500218 -0.0262499997007055 0
0.09750000097500239 -0.02499999971707506 0
0.09750000097500257 -0.0237499997334478 0
0.09750000097500279 -0.02249999974981948 0
0.09750000097500296 -0.02124999976619009 0
0.09750000097500318 -0.01999999978256388 0
0.09750000097500336 -0.01874999979893344 0
0.09750000097500357 -0.01749999981530618 0
0.09750000097500378 -0.01624999983167785 0
0.09750000097500397 -0.01499999984804846 0
0.09750000097500418 -0.01374999986442227 0
0.09750000097500439 -0.01249999988079182 0
0.09750000097500457 -0.01124999989716457 0
0.09750000097500479 -0.009999999913536322 0
0.09750000097500498 -0.008749999929906951 0
0.09750000097500518 -0.007499999946283389 0
0.0975000009750054 -0.006249999962655587 0
0.09750000097500557 -0.004999999979025643 0
0.09750000097500579 -0.003749999995399415 0
0.09750000097500597 -0.002500000011769484 0
0.09750000097500616 -0.001250000028141665 0
0.0975000009750064 -4.451386432851798e-11 0
0.09750000097500656 0.001249999939116053 0
0.09750000097500679 0.002499999922742257 0
0.09750000097500698 0.00374999990637219 0
0.09875000098749381 -0.09374999881637633 0
0.09875000098749395 -0.09249999883275049 0
0.09875000098749406 -0.09124999884912847 0
0.09875000098749422 -0.08999999886550636 0
0.0987500009874944 -0.0887499988818843 0
0.09875000098749452 -0.08749999889826064 0
0.09875000098749465 -0.08624999891463478 0
0.09875000098749481 -0.08499999893101276 0
0.09875000098749494 -0.08374999894739066 0
0.09875000098749508 -0.08249999896376857 0
0.09875000098749523 -0.08124999898014659 0
0.09875000098749534 -0.07999999899652768 0
0.09875000098749551 -0.07874999901290776 0
0.09875000098749566 -0.07749999902928571 0
0.09875000098749576 -0.0762499990456636 0
0.09875000098749592 -0.07499999906204159 0
0.09875000098749608 -0.07374999907841949 0
0.09875000098749619 -0.0724999990947974 0
0.09875000098749634 -0.07124999911117538 0
0.09875000098749648 -0.06999999912755328 0
0.09875000098749664 -0.06874999914393121 0
0.09875000098749678 -0.06749999916030913 0
0.09875000098749688 -0.06624999917668709 0
0.09875000098749706 -0.06499999919306505 0
0.0987500009874972 -0.06374999920944564 0
0.09875000098749734 -0.06249999922582627 0
0.09875000098749748 -0.06124999924220417 0
0.09875000098749762 -0.05999999925858211 0
0.09875000098749778 -0.05874999927496011 0
0.09875000098749789 -0.05749999929133804 0
0.09875000098749803 -0.05624999930771597 0
0.0987500009874982 -0.05499999932409393 0
0.09875000098749831 -0.05374999934047185 0
0.09875000098749848 -0.0524999993568498 0
0.09875000098749862 -0.05124999937322774 0
0.09875000098749875 -0.04999999938960567 0
0.09875000098749889 -0.04874999940598522 0
0.09875000098749903 -0.04749999942236527 0
0.09875000098749917 -0.04624999943874537 0
0.09875000098749931 -0.0449999994551241 0
0.09875000098749945 -0.04374999947149705 0
0.09875000098749959 -0.04249999948786866 0
0.09875000098749973 -0.04124999950424029 0
0.09875000098749986 -0.0399999995206119 0
0.0987500009875 -0.0387499995369835 0
0.09875000098750014 -0.03749999955335509 0
0.09875000098750031 -0.03624999956972668 0
0.09875000098750045 -0.03499999958609828 0
0.09875000098750059 -0.03374999960247173 0
0.09875000098750072 -0.03249999961884414 0
0.09875000098750086 -0.0312499996352152 0
0.098750000987501 -0.02999999965159162 0
0.09875000098750114 -0.02874999966796321 0
0.09875000098750128 -0.02749999968433373 0
0.09875000098750142 -0.02624999970070748 0
0.09875000098750158 -0.02499999971707694 0
0.0987500009875017 -0.0237499997334496 0
0.09875000098750183 -0.0224999997498212 0
0.09875000098750197 -0.02124999976619172 0
0.09875000098750214 -0.01999999978256546 0
0.09875000098750225 -0.01874999979893492 0
0.0987500009875024 -0.01749999981530757 0
0.09875000098750256 -0.01624999983167917 0
0.0987500009875027 -0.01499999984804969 0
0.09875000098750283 -0.01374999986442344 0
0.09875000098750297 -0.01249999988079287 0
0.09875000098750311 -0.01124999989716555 0
0.09875000098750325 -0.009999999913537186 0
0.09875000098750339 -0.008749999929907716 0
0.09875000098750354 -0.007499999946284131 0
0.09875000098750369 -0.006249999962656259 0
0.09875000098750382 -0.004999999979026227 0
0.09875000098750397 -0.003749999995399959 0
0.09875000098750408 -0.002500000011769939 0
0.09875000098750425 -0.001250000028142056 0
0.09875000098750436 -4.451418367349162e-11 0
0.09875000098750453 0.001249999939115837 0
0.09875000098750464 0.002499999922742092 0
0.0987500009875048 0.003749999906372121 0
$EndNodes
$Elements
9 6724 1 6724
0 1 15 1
1 1 
0 2 15 1
2 2 
0 3 15 1
3 3 
0 4 15 1
4 4 
1 1 1 80
5 1 5 
6 5 6 
7 6 7 
8 7 8 
9 8 9 
10 9 10 
11 10 11 
12 11 12 
13 12 13 
14 13 14 
15 14 15 
16 15 16 
17 16 17 
18 17 18 
19 18 19 
20 19 20 
21 20 21 
22 21 22 
23 22 23 
24 23 24 
25 24 25 
26 25 26 
27 26 27 
28 27 28 
29 28 29 
30 29 30 
31 30 31 
32 31 32 
33 32 33 
34 33 34 
35 34 35 
36 35 36 
37 36 37 
38 37 38 
39 38 39 
40 39 40 
41 40 41 
42 41 42 
43 42 43 
44 43 44 
45 44 45 
46 45 46 
47 46 47 
48 47 48 
49 48 49 
50 49 50 
51 50 51 
52 51 52 
53 52 53 
54 53 54 
55 54 55 
56 55 56 
57 56 57 
58 57 58 
59 58 59 
60 59 60 
61 60 61 
62 61 62 
63 62 63 
64 63 64 
65 64 65 
66 65 66 
67 66 67 
68 67 68 
69 68 69 
70 69 70 
71 70 71 
72 71 72 
73 72 73 
74 73 74 
75 74 75 
76 75 76 
77 76 77 
78 77 78 
79 78 79 
80 79 80 
81 80 81 
82 81 82 
83 82 83 
84 83 2 
1 2 1 80
85 2 84 
86 84 85 
87 85 86 
88 86 87 
89 87 88 
90 88 89 
91 89 90 
92 90 91 
93 91 92 
94 92 93 
95 93 94 
96 94 95 
97 95 96 
98 96 97 
99 97 98 
100 98 99 
101 99 100 
102 100 101 
103 101 102 
104 102 103 
105 103 104 
106 104 105 
107 105 106 
108 106 107 
109 107 108 
110 108 109 
111 109 110 
112 110 111 
113 111 112 
114 112 113 
115 113 114 
116 114 115 
117 115 116 
118 116 117 
119 117 118 
120 118 119 
121 119 120 
122 120 121 
123 121 122 
124 122 123 
125 123 124 
126 124 125 
127 125 126 
128 126 127 
129 127 128 
130 128 129 
131 129 130 
132 130 131 
133 131 132 
134 132 133 
135 133 134 
136 134 135 
137 135 136 
138 136 137 
139 137 138 
140 138 139 
141 139 140 
142 140 141 
143 141 142 
144 142 143 
145 143 144 
146 144 145 
147 145 146 
148 146 147 
149 147 148 
150 148 149 
151 149 150 
152 150 151 
153 151 152 
154 152 153 
155 153 154 
156 154 155 
157 155 156 
158 156 157 
159 157 158 
160 158 159 
161 159 160 
162 160 161 
163 161 162 
164 162 3 
1 3 1 80
165 3 163 
166 163 164 
167 164 165 
168 165 166 
169 166 167 
170 167 168 
171 168 169 
172 169 170 
173 170 171 
174 171 172 
175 172 173 
176 173 174 
177 174 175 
178 175 176 
179 176 177 
180 177 178 
181 178 179 
182 179 180 
183 180 181 
184 181 182 
185 182 183 
186 183 184 
187 184 185 
188 185 186 
189 186 187 
190 187 188 
191 188 189 
192 189 190 
193 190 191 
194 191 192 
195 192 193 
196 193 194 
197 194 195 
198 195 196 
199 196 197 
200 197 198 
201 198 199 
202 199 200 
203 200 201 
204 201 202 
205 202 203 
206 203 204 
207 204 205 
208 205 206 
209 206 207 
210 207 208 
211 208 209 
212 209 210 
213 210 211 
214 211 212 
215 212 213 
216 213 214 
217 214 215 
218 215 216 
219 216 217 
220 217 218 
221 218 219 
222 219 220 
223 220 221 
224 221 222 
225 222 223 
226 223 224 
227 224 225 
228 225 226 
229 226 227 
230 227 228 
231 228 229 
232 229 230 
233 230 231 
234 231 232 
235 232 233 
236 233 234 
237 234 235 
238 235 236 
239 236 237 
240 237 238 
241 238 239 
242 239 240 
243 240 241 
244 241 4 
1 4 1 80
245 4 242 
246 242 243 
247 243 244 
248 244 245 
249 245 246 
250 246 247 
251 247 248 
252 248 249 
253 249 250 
254 250 251 
255 251 252 
256 252 253 
257 253 254 
258 254 255 
259 255 256 
260 256 257 
261 257 258 
262 258 259 
263 259 260 
264 260 261 
265 261 262 
266 262 263 
267 263 264 
268 264 265 
269 265 266 
270 266 267 
271 267 268 
272 268 269 
273 269 270 
274 270 271 
275 271 272 
276 272 273 
277 273 274 
278 274 275 
279 275 276 
280 276 277 
281 277 278 
282 278 279 
283 279 280 
284 280 281 
285 281 282 
286 282 283 
287 283 284 
288 284 285 
289 285 286 
290 286 287 
291 287 288 
292 288 289 
293 289 290 
294 290 291 
295 291 292 
296 292 293 
297 293 294 
298 294 295 
299 295 296 
300 296 297 
301 297 298 
302 298 299 
303 299 300 
304 300 301 
305 301 302 
306 302 303 
307 303 304 
308 304 305 
309 305 306 
310 306 307 
311 307 308 
312 308 309 
313 309 310 
314 310 311 
315 311 312 
316 312 313 
317 313 314 
318 314 315 
319 315 316 
320 316 317 
321 317 318 
322 318 319 
323 319 320 
324 320 1 
2 1 3 6400
325 1 5 321 320 
326 320 321 322 319 
327 319 322 323 318 
328 318 323 324 317 
329 317 324 325 316 
330 316 325 326 315 
331 315 326 327 314 
332 314 327 328 313 
333 313 328 329 312 
334 312 329 330 311 
335 311 330 331 310 
336 310 331 332 309 
337 309 332 333 308 
338 308 333 334 307 
339 307 334 335 306 
340 306 335 336 305 
341 305 336 337 304 
342 304 337 338 303 
343 303 338 339 302 
344 302 339 340 301 
345 301 340 341 300 
346 300 341 342 299 
347 299 342 343 298 
348 298 343 344 297 
349 297 344 345 296 
350 296 345 346 295 
351 295 346 347 294 
352 294 347 348 293 
353 293 348 349 292 
354 292 349 350 291 
355 291 350 351 290 
356 290 351 352 289 
357 289 352 353 288 
358 288 353 354 287 
359 287 354 355 286 
360 286 355 356 285 
361 285 356 357 284 
362 284 357 358 283 
363 283 358 359 282 
364 282 359 360 281 
365 281 360 361 280 
366 280 361 362 279 
367 279 362 363 278 
368 278 363 364 277 
369 277 364 365 276 
370 276 365 366 275 
371 275 366 367 274 
372 274 367 368 273 
373 273 368 369 272 
374 272 369 370 271 
375 271 370 371 270 
376 270 371 372 269 
377 269 372 373 268 
378 268 373 374 267 
379 267 374 375 266 
380 266 375 376 265 
381 265 376 377 264 
382 264 377 378 263 
383 263 378 379 262 
384 262 379 380 261 
385 261 380 381 260 
386 260 381 382 259 
387 259 382 383 258 
388 258 383 384 257 
389 257 384 385 256 
390 256 385 386 255 
391 255 386 387 254 
392 254 387 388 253 
393 253 388 389 252 
394 252 389 390 251 
395 251 390 391 250 
396 250 391 392 249 
397 249 392 393 248 
398 248 393 394 247 
399 247 394 395 246 
400 246 395 396 245 
401 245 396 397 244 
402 244 397 398 243 
403 243 398 399 242 
404 242 399 241 4 
405 5 6 400 321 
406 321 400 401 322 
407 322 401 402 323 
408 323 402 403 324 
409 324 403 404 325 
410 325 404 405 326 
411 326 405 406 327 
412 327 406 407 328 
413 328 407 408 329 
414 329 408 409 330 
415 330 409 410 331 
416 331 410 411 332 
417 332 411 412 333 
418 333 412 413 334 
419 334 413 414 335 
420 335 414 415 336 
421 336 415 416 337 
422 337 416 417 338 
423 338 417 418 339 
424 339 418 419 340 
425 340 419 420 341 
426 341 420 421 342 
427 342 421 422 343 
428 343 422 423 344 
429 344 423 424 345 
430 345 424 425 346 
431 346 425 426 347 
432 347 426 427 348 
433 348 427 428 349 
434 349 428 429 350 
435 350 429 430 351 
436 351 430 431 352 
437 352 431 432 353 
438 353 432 433 354 
439 354 433 434 355 
440 355 434 435 356 
441 356 435 436 357 
442 357 436 437 358 
443 358 437 438 359 
444 359 438 439 360 
445 360 439 440 361 
446 361 440 441 362 
447 362 441 442 363 
448 363 442 443 364 
449 364 443 444 365 
450 365 444 445 366 
451 366 445 446 367 
452 367 446 447 368 
453 368 447 448 369 
454 369 448 449 370 
455 370 449 450 371 
456 371 450 451 372 
457 372 451 452 373 
458 373 452 453 374 
459 374 453 454 375 
460 375 454 455 376 
461 376 455 456 377 
462 377 456 457 378 
463 378 457 458 379 
464 379 458 459 380 
465 380 459 460 381 
466 381 460 461 382 
467 382 461 462 383 
468 383 462 463 384 
469 384 463 464 385 
470 385 464 465 386 
471 386 465 466 387 
472 387 466 467 388 
473 388 467 468 389 
474 389 468 469 390 
475 390 469 470 391 
476 391 470 471 392 
477 392 471 472 393 
478 393 472 473 394 
479 394 473 474 395 
480 395 474 475 396 
481 396 475 476 397 
482 397 476 477 398 
483 398 477 478 399 
484 399 478 240 241 
485 6 7 479 400 
486 400 479 480 401 
487 401 480 481 402 
488 402 481 482 403 
489 403 482 483 404 
490 404 483 484 405 
491 405 484 485 406 
492 406 485 486 407 
493 407 486 487 408 
494 408 487 488 409 
495 409 488 489 410 
496 410 489 490 411 
497 411 490 491 412 
498 412 491 492 413 
499 413 492 493 414 
500 414 493 494 415 
501 415 494 495 416 
502 416 495 496 417 
503 417 496 497 418 
504 418 497 498 419 
505 419 498 499 420 
506 420 499 500 421 
507 421 500 501 422 
508 422 501 502 423 
509 423 502 503 424 
510 424 503 504 425 
511 425 504 505 426 
512 426 505 506 427 
513 427 506 507 428 
514 428 507 508 429 
515 429 508 509 430 
516 430 509 510 431 
517 431 510 511 432 
518 432 511 512 433 
519 433 512 513 434 
520 434 513 514 435 
521 435 514 515 436 
522 436 515 516 437 
523 437 516 517 438 
524 438 517 518 439 
525 439 518 519 440 
526 440 519 520 441 
527 441 520 521 442 
528 442 521 522 443 
529 443 522 523 444 
530 444 523 524 445 
531 445 524 525 446 
532 446 525 526 447 
533 447 526 527 448 
534 448 527 528 449 
535 449 528 529 450 
536 450 529 530 451 
537 451 530 531 452 
538 452 531 532 453 
539 453 532 533 454 
540 454 533 534 455 
541 455 534 535 456 
542 456 535 536 457 
543 457 536 537 458 
544 458 537 538 459 
545 459 538 539 460 
546 460 539 540 461 
547 461 540 541 462 
548 462 541 542 463 
549 463 542 543 464 
550 464 543 544 465 
551 465 544 545 466 
552 466 545 546 467 
553 467 546 547 468 
554 468 547 548 469 
555 469 548 549 470 
556 470 549 550 471 
557 471 550 551 472 
558 472 551 552 473 
559 473 552 553 474 
560 474 553 554 475 
561 475 554 555 476 
562 476 555 556 477 
563 477 556 557 478 
564 478 557 239 240 
565 7 8 558 479 
566 479 558 559 480 
567 480 559 560 481 
568 481 560 561 482 
569 482 561 562 483 
570 483 562 563 484 
571 484 563 564 485 
572 485 564 565 486 
573 486 565 566 487 
574 487 566 567 488 
575 488 567 568 489 
576 489 568 569 490 
577 490 569 570 491 
578 491 570 571 492 
579 492 571 572 493 
580 493 572 573 494 
581 494 573 574 495 
582 495 574 575 496 
583 496 575 576 497 
584 497 576 577 498 
585 498 577 578 499 
586 499 578 579 500 
587 500 579 580 501 
588 501 580 581 502 
589 502 581 582 503 
590 503 582 583 504 
591 504 583 584 505 
592 505 584 585 506 
593 506 585 586 507 
594 507 586 587 508 
595 508 587 588 509 
596 509 588 589 510 
597 510 589 590 511 
598 511 590 591 512 
599 512 591 592 513 
600 513 592 593 514 
601 514 593 594 515 
602 515 594 595 516 
603 516 595 596 517 
604 517 596 597 518 
605 518 597 598 519 
606 519 598 599 520 
607 520 599 600 521 
608 521 600 601 522 
609 522 601 602 523 
610 523 602 603 524 
611 524 603 604 525 
612 525 604 605 526 
613 526 605 606 527 
614 527 606 607 528 
615 528 607 608 529 
616 529 608 609 530 
617 530 609 610 531 
618 531 610 611 532 
619 532 611 612 533 
620 533 612 613 534 
621 534 613 614 535 
622 535 614 615 536 
623 536 615 616 537 
624 537 616 617 538 
625 538 617 618 539 
626 539 618 619 540 
627 540 619 620 541 
628 541 620 621 542 
629 542 621 622 543 
630 543 622 623 544 
631 544 623 624 545 
632 545 624 625 546 
633 546 625 626 547 
634 547 626 627 548 
635 548 627 628 549 
636 549 628 629 550 
637 550 629 630 551 
638 551 630 631 552 
639 552 631 632 553 
640 553 632 633 554 
641 554 633 634 555 
642 555 634 635 556 
643 556 635 636 557 
644 557 636 238 239 
645 8 9 637 558 
646 558 637 638 559 
647 559 638 639 560 
648 560 639 640 561 
649 561 640 641 562 
650 562 641 642 563 
651 563 642 643 564 
652 564 643 644 565 
653 565 644 645 566 
654 566 645 646 567 
655 567 646 647 568 
656 568 647 648 569 
657 569 648 649 570 
658 570 649 650 571 
659 571 650 651 572 
660 572 651 652 573 
661 573 652 653 574 
662 574 653 654 575 
663 575 654 655 576 
664 576 655 656 577 
665 577 656 657 578 
666 578 657 658 579 
667 579 658 659 580 
668 580 659 660 581 
669 581 660 661 582 
670 582 661 662 583 
671 583 662 663 584 
672 584 663 664 585 
673 585 664 665 586 
674 586 665 666 587 
675 587 666 667 588 
676 588 667 668 589 
677 589 668 669 590 
678 590 669 670 591 
679 591 670 671 592 
680 592 671 672 593 
681 593 672 673 594 
682 594 673 674 595 
683 595 674 675 596 
684 596 675 676 597 
685 597 676 677 598 
686 598 677 678 599 
687 599 678 679 600 
688 600 679 680 601 
689 601 680 681 602 
690 602 681 682 603 
691 603 682 683 604 
692 604 683 684 605 
693 605 684 685 606 
694 606 685 686 607 
695 607 686 687 608 
696 608 687 688 609 
697 609 688 689 610 
698 610 689 690 611 
699 611 690 691 612 
700 612 691 692 613 
701 613 692 693 614 
702 614 693 694 615 
703 615 694 695 616 
704 616 695 696 617 
705 617 696 697 618 
706 618 697 698 619 
707 619 698 699 620 
708 620 699 700 621 
709 621 700 701 622 
710 622 701 702 623 
711 623 702 703 624 
712 624 703 704 625 
713 625 704 705 626 
714 626 705 706 627 
715 627 706 707 628 
716 628 707 708 629 
717 629 708 709 630 
718 630 709 710 631 
719 631 710 711 632 
720 632 711 712 633 
721 633 712 713 634 
722 634 713 714 635 
723 635 714 715 636 
724 636 715 237 238 
725 9 10 716 637 
726 637 716 717 638 
727 638 717 718 639 
728 639 718 719 640 
729 640 719 720 641 
730 641 720 721 642 
731 642 721 722 643 
732 643 722 723 644 
733 644 723 724 645 
734 645 724 725 646 
735 646 725 726 647 
736 647 726 727 648 
737 648 727 728 649 
738 649 728 729 650 
739 650 729 730 651 
740 651 730 731 652 
741 652 731 732 653 
742 653 732 733 654 
743 654 733 734 655 
744 655 734 735 656 
745 656 735 736 657 
746 657 736 737 658 
747 658 737 738 659 
748 659 738 739 660 
749 660 739 740 661 
750 661 740 741 662 
751 662 741 742 663 
752 663 742 743 664 
753 664 743 744 665 
754 665 744 745 666 
755 666 745 746 667 
756 667 746 747 668 
757 668 747 748 669 
758 669 748 749 670 
759 670 749 750 671 
760 671 750 751 672 
761 672 751 752 673 
762 673 752 753 674 
763 674 753 754 675 
764 675 754 755 676 
765 676 755 756 677 
766 677 756 757 678 
767 678 757 758 679 
768 679 758 759 680 
769 680 759 760 681 
770 681 760 761 682 
771 682 761 762 683 
772 683 762 763 684 
773 684 763 764 685 
774 685 764 765 686 
775 686 765 766 687 
776 687 766 767 688 
777 688 767 768 689 
778 689 768 769 690 
779 690 769 770 691 
780 691 770 771 692 
781 692 771 772 693 
782 693 772 773 694 
783 694 773 774 695 
784 695 774 775 696 
785 696 775 776 697 
786 697 776 777 698 
787 698 777 778 699 
788 699 778 779 700 
789 700 779 780 701 
790 701 780 781 702 
791 702 781 782 703 
792 703 782 783 704 
793 704 783 784 705 
794 705 784 785 706 
795 706 785 786 707 
796 707 786 787 708 
797 708 787 788 709 
798 709 788 789 710 
799 710 789 790 711 
800 711 790 791 712 
801 712 791 792 713 
802 713 792 793 714 
803 714 793 794 715 
804 715 794 236 237 
805 10 11 795 716 
806 716 795 796 717 
807 717 796 797 718 
808 718 797 798 719 
809 719 798 799 720 
810 720 799 800 721 
811 721 800 801 722 
812 722 801 802 723 
813 723 802 803 724 
814 724 803 804 725 
815 725 804 805 726 
816 726 805 806 727 
817 727 806 807 728 
818 728 807 808 729 
819 729 808 809 730 
820 730 809 810 731 
821 731 810 811 732 
822 732 811 812 733 
823 733 812 813 734 
824 734 813 814 735 
825 735 814 815 736 
826 736 815 816 737 
827 737 816 817 738 
828 738 817 818 739 
829 739 818 819 740 
830 740 819 820 741 
831 741 820 821 742 
832 742 821 822 743 
833 743 822 823 744 
834 744 823 824 745 
835 745 824 825 746 
836 746 825 826 747 
837 747 826 827 748 
838 748 827 828 749 
839 749 828 829 750 
840 750 829 830 751 
841 751 830 831 752 
842 752 831 832 753 
843 753 832 833 754 
844 754 833 834 755 
845 755 834 835 756 
846 756 835 836 757 
847 757 836 837 758 
848 758 837 838 759 
849 759 838 839 760 
850 760 839 840 761 
851 761 840 841 762 
852 762 841 842 763 
853 763 842 843 764 
854 764 843 844 765 
855 765 844 845 766 
856 766 845 846 767 
857 767 846 847 768 
858 768 847 848 769 
859 769 848 849 770 
860 770 849 850 771 
861 771 850 851 772 
862 772 851 852 773 
863 773 852 853 774 
864 774 853 854 775 
865 775 854 855 776 
866 776 855 856 777 
867 777 856 857 778 
868 778 857 858 779 
869 779 858 859 780 
870 780 859 860 781 
871 781 860 861 782 
872 782 861 862 783 
873 783 862 863 784 
874 784 863 864 785 
875 785 864 865 786 
876 786 865 866 787 
877 787 866 867 788 
878 788 867 868 789 
879 789 868 869 790 
880 790 869 870 791 
881 791 870 871 792 
882 792 871 872 793 
883 793 872 873 794 
884 794 873 235 236 
885 11 12 874 795 
886 795 874 875 796 
887 796 875 876 797 
888 797 876 877 798 
889 798 877 878 799 
890 799 878 879 800 
891 800 879 880 801 
892 801 880 881 802 
893 802 881 882 803 
894 803 882 883 804 
895 804 883 884 805 
896 805 884 885 806 
897 806 885 886 807 
898 807 886 887 808 
899 808 887 888 809 
900 809 888 889 810 
901 810 889 890 811 
902 811 890 891 812 
903 812 891 892 813 
904 813 892 893 814 
905 814 893 894 815 
906 815 894 895 816 
907 816 895 896 817 
908 817 896 897 818 
909 818 897 898 819 
910 819 898 899 820 
911 820 899 900 821 
912 821 900 901 822 
913 822 901 902 823 
914 823 902 903 824 
915 824 903 904 825 
916 825 904 905 826 
917 826 905 906 827 
918 827 906 907 828 
919 828 907 908 829 
920 829 908 909 830 
921 830 909 910 831 
922 831 910 911 832 
923 832 911 912 833 
924 833 912 913 834 
925 834 913 914 835 
926 835 914 915 836 
927 836 915 916 837 
928 837 916 917 838 
929 838 917 918 839 
930 839 918 919 840 
931 840 919 920 841 
932 841 920 921 842 
933 842 921 922 843 
934 843 922 923 844 
935 844 923 924 845 
936 845 924 925 846 
937 846 925 926 847 
938 847 926 927 848 
939 848 927 928 849 
940 849 928 929 850 
941 850 929 930 851 
942 851 930 931 852 
943 852 931 932 853 
944 853 932 933 854 
945 854 933 934 855 
946 855 934 935 856 
947 856 935 936 857 
948 857 936 937 858 
949 858 937 938 859 
950 859 938 939 860 
951 860 939 940 861 
952 861 940 941 862 
953 862 941 942 863 
954 863 942 943 864 
955 864 943 944 865 
956 865 944 945 866 
957 866 945 946 867 
958 867 946 947 868 
959 868 947 948 869 
960 869 948 949 870 
961 870 949 950 871 
962 871 950 951 872 
963 872 951 952 873 
964 873 952 234 235 
965 12 13 953 874 
966 874 953 954 875 
967 875 954 955 876 
968 876 955 956 877 
969 877 956 957 878 
970 878 957 958 879 
971 879 958 959 880 
972 880 959 960 881 
973 881 960 961 882 
974 882 961 962 883 
975 883 962 963 884 
976 884 963 964 885 
977 885 964 965 886 
978 886 965 966 887 
979 887 966 967 888 
980 888 967 968 889 
981 889 968 969 890 
982 890 969 970 891 
983 891 970 971 892 
984 892 971 972 893 
985 893 972 973 894 
986 894 973 974 895 
987 895 974 975 896 
988 896 975 976 897 
989 897 976 977 898 
990 898 977 978 899 
991 899 978 979 900 
992 900 979 980 901 
993 901 980 981 902 
994 902 981 982 903 
995 903 982 983 904 
996 904 983 984 905 
997 905 984 985 906 
998 906 985 986 907 
999 907 986 987 908 
1000 908 987 988 909 
1001 909 988 989 910 
1002 910 989 990 911 
1003 911 990 991 912 
1004 912 991 992 913 
1005 913 992 993 914 
1006 914 993 994 915 
1007 915 994 995 916 
1008 916 995 996 917 
1009 917 996 997 918 
1010 918 997 998 919 
1011 919 998 999 920 
1012 920 999 1000 921 
1013 921 1000 1001 922 
1014 922 1001 1002 923 
1015 923 1002 1003 924 
1016 924 1003 1004 925 
1017 925 1004 1005 926 
1018 926 1005 1006 927 
1019 927 1006 1007 928 
1020 928 1007 1008 929 
1021 929 1008 1009 930 
1022 930 1009 1010 931 
1023 931 1010 1011 932 
1024 932 1011 1012 933 
1025 933 1012 1013 934 
1026 934 1013 1014 935 
1027 935 1014 1015 936 
1028 936 1015 1016 937 
1029 937 1016 1017 938 
1030 938 1017 1018 939 
1031 939 1018 1019 940 
1032 940 1019 1020 941 
1033 941 1020 1021 942 
1034 942 1021 1022 943 
1035 943 1022 1023 944 
1036 944 1023 1024 945 
1037 945 1024 1025 946 
1038 946 1025 1026 947 
1039 947 1026 1027 948 
1040 948 1027 1028 949 
1041 949 1028 1029 950 
1042 950 1029 1030 951 
1043 951 1030 1031 952 
1044 952 1031 233 234 
1045 13 14 1032 953 
1046 953 1032 1033 954 
1047 954 1033 1034 955 
1048 955 1034 1035 956 
1049 956 1035 1036 957 
1050 957 1036 1037 958 
1051 958 1037 1038 959 
1052 959 1038 1039 960 
1053 960 1039 1040 961 
1054 961 1040 1041 962 
1055 962 1041 1042 963 
1056 963 1042 1043 964 
1057 964 1043 1044 965 
1058 965 1044 1045 966 
1059 966 1045 1046 967 
1060 967 1046 1047 968 
1061 968 1047 1048 969 
1062 969 1048 1049 970 
1063 970 1049 1050 971 
1064 971 1050 1051 972 
1065 972 1051 1052 973 
1066 973 1052 1053 974 
1067 974 1053 1054 975 
1068 975 1054 1055 976 
1069 976 1055 1056 977 
1070 977 1056 1057 978 
1071 978 1057 1058 979 
1072 979 1058 1059 980 
1073 980 1059 1060 981 
1074 981 1060 1061 982 
1075 982 1061 1062 983 
1076 983 1062 1063 984 
1077 984 1063 1064 985 
1078 985 1064 1065 986 
1079 986 1065 1066 987 
1080 987 1066 1067 988 
1081 988 1067 1068 989 
1082 989 1068 1069 990 
1083 990 1069 1070 991 
1084 991 1070 1071 992 
1085 992 1071 1072 993 
1086 993 1072 1073 994 
1087 994 1073 1074 995 
1088 995 1074 1075 996 
1089 996 1075 1076 997 
1090 997 1076 1077 998 
1091 998 1077 1078 999 
1092 999 1078 1079 1000 
1093 1000 1079 1080 1001 
1094 1001 1080 1081 1002 
1095 1002 1081 1082 1003 
1096 1003 1082 1083 1004 
1097 1004 1083 1084 1005 
1098 1005 1084 1085 1006 
1099 1006 1085 1086 1007 
1100 1007 1086 1087 1008 
1101 1008 1087 1088 1009 
1102 1009 1088 1089 1010 
1103 1010 1089 1090 1011 
1104 1011 1090 1091 1012 
1105 1012 1091 1092 1013 
1106 1013 1092 1093 1014 
1107 1014 1093 1094 1015 
1108 1015 1094 1095 1016 
1109 1016 1095 1096 1017 
1110 1017 1096 1097 1018 
1111 1018 1097 1098 1019 
1112 1019 1098 1099 1020 
1113 1020 1099 1100 1021 
1114 1021 1100 1101 1022 
1115 1022 1101 1102 1023 
1116 1023 1102 1103 1024 
1117 1024 1103 1104 1025 
1118 1025 1104 1105 1026 
1119 1026 1105 1106 1027 
1120 1027 1106 1107 1028 
1121 1028 1107 1108 1029 
1122 1029 1108 1109 1030 
1123 1030 1109 1110 1031 
1124 1031 1110 232 233 
1125 14 15 1111 1032 
1126 1032 1111 1112 1033 
1127 1033 1112 1113 1034 
1128 1034 1113 1114 1035 
1129 1035 1114 1115 1036 
1130 1036 1115 1116 1037 
1131 1037 1116 1117 1038 
1132 1038 1117 1118 1039 
1133 1039 1118 1119 1040 
1134 1040 1119 1120 1041 
1135 1041 1120 1121 1042 
1136 1042 1121 1122 1043 
1137 1043 1122 1123 1044 
1138 1044 1123 1124 1045 
1139 1045 1124 1125 1046 
1140 1046 1125 1126 1047 
1141 1047 1126 1127 1048 
1142 1048 1127 1128 1049 
1143 1049 1128 1129 1050 
1144 1050 1129 1130 1051 
1145 1051 1130 1131 1052 
1146 1052 1131 1132 1053 
1147 1053 1132 1133 1054 
1148 1054 1133 1134 1055 
1149 1055 1134 1135 1056 
1150 1056 1135 1136 1057 
1151 1057 1136 1137 1058 
1152 1058 1137 1138 1059 
1153 1059 1138 1139 1060 
1154 1060 1139 1140 1061 
1155 1061 1140 1141 1062 
1156 1062 1141 1142 1063 
1157 1063 1142 1143 1064 
1158 1064 1143 1144 1065 
1159 1065 1144 1145 1066 
1160 1066 1145 1146 1067 
1161 1067 1146 1147 1068 
1162 1068 1147 1148 1069 
1163 1069 1148 1149 1070 
1164 1070 1149 1150 1071 
1165 1071 1150 1151 1072 
1166 1072 1151 1152 1073 
1167 1073 1152 1153 1074 
1168 1074 1153 1154 1075 
1169 1075 1154 1155 1076 
1170 1076 1155 1156 1077 
1171 1077 1156 1157 1078 
1172 1078 1157 1158 1079 
1173 1079 1158 1159 1080 
1174 1080 1159 1160 1081 
1175 1081 1160 1161 1082 
1176 1082 1161 1162 1083 
1177 1083 1162 1163 1084 
1178 1084 1163 1164 1085 
1179 1085 1164 1165 1086 
1180 1086 1165 1166 1087 
1181 1087 1166 1167 1088 
1182 1088 1167 1168 1089 
1183 1089 1168 1169 1090 
1184 1090 1169 1170 1091 
1185 1091 1170 1171 1092 
1186 1092 1171 1172 1093 
1187 1093 1172 1173 1094 
1188 1094 1173 1174 1095 
1189 1095 1174 1175 1096 
1190 1096 1175 1176 1097 
1191 1097 1176 1177 1098 
1192 1098 1177 1178 1099 
1193 1099 1178 1179 1100 
1194 1100 1179 1180 1101 
1195 1101 1180 1181 1102 
1196 1102 1181 1182 1103 
1197 1103 1182 1183 1104 
1198 1104 1183 1184 1105 
1199 1105 1184 1185 1106 
1200 1106 1185 1186 1107 
1201 1107 1186 1187 1108 
1202 1108 1187 1188 1109 
1203 1109 1188 1189 1110 
1204 1110 1189 231 232 
1205 15 16 1190 1111 
1206 1111 1190 1191 1112 
1207 1112 1191 1192 1113 
1208 1113 1192 1193 1114 
1209 1114 1193 1194 1115 
1210 1115 1194 1195 1116 
1211 1116 1195 1196 1117 
1212 1117 1196 1197 1118 
1213 1118 1197 1198 1119 
1214 1119 1198 1199 1120 
1215 1120 1199 1200 1121 
1216 1121 1200 1201 1122 
1217 1122 1201 1202 1123 
1218 1123 1202 1203 1124 
1219 1124 1203 1204 1125 
1220 1125 1204 1205 1126 
1221 1126 1205 1206 1127 
1222 1127 1206 1207 1128 
1223 1128 1207 1208 1129 
1224 1129 1208 1209 1130 
1225 1130 1209 1210 1131 
1226 1131 1210 1211 1132 
1227 1132 1211 1212 1133 
1228 1133 1212 1213 1134 
1229 1134 1213 1214 1135 
1230 1135 1214 1215 1136 
1231 1136 1215 1216 1137 
1232 1137 1216 1217 1138 
1233 1138 1217 1218 1139 
1234 1139 1218 1219 1140 
1235 1140 1219 1220 1141 
1236 1141 1220 1221 1142 
1237 1142 1221 1222 1143 
1238 1143 1222 1223 1144 
1239 1144 1223 1224 1145 
1240 1145 1224 1225 1146 
1241 1146 1225 1226 1147 
1242 1147 1226 1227 1148 
1243 1148 1227 1228 1149 
1244 1149 1228 1229 1150 
1245 1150 1229 1230 1151 
1246 1151 1230 1231 1152 
1247 1152 1231 1232 1153 
1248 1153 1232 1233 1154 
1249 1154 1233 1234 1155 
1250 1155 1234 1235 1156 
1251 1156 1235 1236 1157 
1252 1157 1236 1237 1158 
1253 1158 1237 1238 1159 
1254 1159 1238 1239 1160 
1255 1160 1239 1240 1161 
1256 1161 1240 1241 1162 
1257 1162 1241 1242 1163 
1258 1163 1242 1243 1164 
1259 1164 1243 1244 1165 
1260 1165 1244 1245 1166 
1261 1166 1245 1246 1167 
1262 1167 1246 1247 1168 
1263 1168 1247 1248 1169 
1264 1169 1248 1249 1170 
1265 1170 1249 1250 1171 
1266 1171 1250 1251 1172 
1267 1172 1251 1252 1173 
1268 1173 1252 1253 1174 
1269 1174 1253 1254 1175 
1270 1175 1254 1255 1176 
1271 1176 1255 1256 1177 
1272 1177 1256 1257 1178 
1273 1178 1257 1258 1179 
1274 1179 1258 1259 1180 
1275 1180 1259 1260 1181 
1276 1181 1260 1261 1182 
1277 1182 1261 1262 1183 
1278 1183 1262 1263 1184 
1279 1184 1263 1264 1185 
1280 1185 1264 1265 1186 
1281 1186 1265 1266 1187 
1282 1187 1266 1267 1188 
1283 1188 1267 1268 1189 
1284 1189 1268 230 231 
1285 16 17 1269 1190 
1286 1190 1269 1270 1191 
1287 1191 1270 1271 1192 
1288 1192 1271 1272 1193 
1289 1193 1272 1273 1194 
1290 1194 1273 1274 1195 
1291 1195 1274 1275 1196 
1292 1196 1275 1276 1197 
1293 1197 1276 1277 1198 
1294 1198 1277 1278 1199 
1295 1199 1278 1279 1200 
1296 1200 1279 1280 1201 
1297 1201 1280 1281 1202 
1298 1202 1281 1282 1203 
1299 1203 1282 1283 1204 
1300 1204 1283 1284 1205 
1301 1205 1284 1285 1206 
1302 1206 1285 1286 1207 
1303 1207 1286 1287 1208 
1304 1208 1287 1288 1209 
1305 1209 1288 1289 1210 
1306 1210 1289 1290 1211 
1307 1211 1290 1291 1212 
1308 1212 1291 1292 1213 
1309 1213 1292 1293 1214 
1310 1214 1293 1294 1215 
1311 1215 1294 1295 1216 
1312 1216 1295 1296 1217 
1313 1217 1296 1297 1218 
1314 1218 1297 1298 1219 
1315 1219 1298 1299 1220 
1316 1220 1299 1300 1221 
1317 1221 1300 1301 1222 
1318 1222 1301 1302 1223 
1319 1223 1302 1303 1224 
1320 1224 1303 1304 1225 
1321 1225 1304 1305 1226 
1322 1226 1305 1306 1227 
1323 1227 1306 1307 1228 
1324 1228 1307 1308 1229 
1325 1229 1308 1309 1230 
1326 1230 1309 1310 1231 
1327 1231 1310 1311 1232 
1328 1232 1311 1312 1233 
1329 1233 1312 1313 1234 
1330 1234 1313 1314 1235 
1331 1235 1314 1315 1236 
1332 1236 1315 1316 1237 
1333 1237 1316 1317 1238 
1334 1238 1317 1318 1239 
1335 1239 1318 1319 1240 
1336 1240 1319 1320 1241 
1337 1241 1320 1321 1242 
1338 1242 1321 1322 1243 
1339 1243 1322 1323 1244 
1340 1244 1323 1324 1245 
1341 1245 1324 1325 1246 
1342 1246 1325 1326 1247 
1343 1247 1326 1327 1248 
1344 1248 1327 1328 1249 
1345 1249 1328 1329 1250 
1346 1250 1329 1330 1251 
1347 1251 1330 1331 1252 
1348 1252 1331 1332 1253 
1349 1253 1332 1333 1254 
1350 1254 1333 1334 1255 
1351 1255 1334 1335 1256 
1352 1256 1335 1336 1257 
1353 1257 1336 1337 1258 
1354 1258 1337 1338 1259 
1355 1259 1338 1339 1260 
1356 1260 1339 1340 1261 
1357 1261 1340 1341 1262 
1358 1262 1341 1342 1263 
1359 1263 1342 1343 1264 
1360 1264 1343 1344 1265 
1361 1265 1344 1345 1266 
1362 1266 1345 1346 1267 
1363 1267 1346 1347 1268 
1364 1268 1347 229 230 
1365 17 18 1348 1269 
1366 1269 1348 1349 1270 
1367 1270 1349 1350 1271 
1368 1271 1350 1351 1272 
1369 1272 1351 1352 1273 
1370 1273 1352 1353 1274 
1371 1274 1353 1354 1275 
1372 1275 1354 1355 1276 
1373 1276 1355 1356 1277 
1374 1277 1356 1357 1278 
1375 1278 1357 1358 1279 
1376 1279 1358 1359 1280 
1377 1280 1359 1360 1281 
1378 1281 1360 1361 1282 
1379 1282 1361 1362 1283 
1380 1283 1362 1363 1284 
1381 1284 1363 1364 1285 
1382 1285 1364 1365 1286 
1383 1286 1365 1366 1287 
1384 1287 1366 1367 1288 
1385 1288 1367 1368 1289 
1386 1289 1368 1369 1290 
1387 1290 1369 1370 1291 
1388 1291 1370 1371 1292 
1389 1292 1371 1372 1293 
1390 1293 1372 1373 1294 
1391 1294 1373 1374 1295 
1392 1295 1374 1375 1296 
1393 1296 1375 1376 1297 
1394 1297 1376 1377 1298 
1395 1298 1377 1378 1299 
1396 1299 1378 1379 1300 
1397 1300 1379 1380 1301 
1398 1301 1380 1381 1302 
1399 1302 1381 1382 1303 
1400 1303 1382 1383 1304 
1401 1304 1383 1384 1305 
1402 1305 1384 1385 1306 
1403 1306 1385 1386 1307 
1404 1307 1386 1387 1308 
1405 1308 1387 1388 1309 
1406 1309 1388 1389 1310 
1407 1310 1389 1390 1311 
1408 1311 1390 1391 1312 
1409 1312 1391 1392 1313 
1410 1313 1392 1393 1314 
1411 1314 1393 1394 1315 
1412 1315 1394 1395 1316 
1413 1316 1395 1396 1317 
1414 1317 1396 1397 1318 
1415 1318 1397 1398 1319 
1416 1319 1398 1399 1320 
1417 1320 1399 1400 1321 
1418 1321 1400 1401 1322 
1419 1322 1401 1402 1323 
1420 1323 1402 1403 1324 
1421 1324 1403 1404 1325 
1422 1325 1404 1405 1326 
1423 1326 1405 1406 1327 
1424 1327 1406 1407 1328 
1425 1328 1407 1408 1329 
1426 1329 1408 1409 1330 
1427 1330 1409 1410 1331 
1428 1331 1410 1411 1332 
1429 1332 1411 1412 1333 
1430 1333 1412 1413 1334 
1431 1334 1413 1414 1335 
1432 1335 1414 1415 1336 
1433 1336 1415 1416 1337 
1434 1337 1416 1417 1338 
1435 1338 1417 1418 1339 
1436 1339 1418 1419 1340 
1437 1340 1419 1420 1341 
1438 1341 1420 1421 1342 
1439 1342 1421 1422 1343 
1440 1343 1422 1423 1344 
1441 1344 1423 1424 1345 
1442 1345 1424 1425 1346 
1443 1346 1425 1426 1347 
1444 1347 1426 228 229 
1445 18 19 1427 1348 
1446 1348 1427 1428 1349 
1447 1349 1428 1429 1350 
1448 1350 1429 1430 1351 
1449 1351 1430 1431 1352 
1450 1352 1431 1432 1353 
1451 1353 1432 1433 1354 
1452 1354 1433 1434 1355 
1453 1355 1434 1435 1356 
1454 1356 1435 1436 1357 
1455 1357 1436 1437 1358 
1456 1358 1437 1438 1359 
1457 1359 1438 1439 1360 
1458 1360 1439 1440 1361 
1459 1361 1440 1441 1362 
1460 1362 1441 1442 1363 
1461 1363 1442 1443 1364 
1462 1364 1443 1444 1365 
1463 1365 1444 1445 1366 
1464 1366 1445 1446 1367 
1465 1367 1446 1447 1368 
1466 1368 1447 1448 1369 
1467 1369 1448 1449 1370 
1468 1370 1449 1450 1371 
1469 1371 1450 1451 1372 
1470 1372 1451 1452 1373 
1471 1373 1452 1453 1374 
1472 1374 1453 1454 1375 
1473 1375 1454 1455 1376 
1474 1376 1455 1456 1377 
1475 1377 1456 1457 1378 
1476 1378 1457 1458 1379 
1477 1379 1458 1459 1380 
1478 1380 1459 1460 1381 
1479 1381 1460 1461 1382 
1480 1382 1461 1462 1383 
1481 1383 1462 1463 1384 
1482 1384 1463 1464 1385 
1483 1385 1464 1465 1386 
1484 1386 1465 1466 1387 
1485 1387 1466 1467 1388 
1486 1388 1467 1468 1389 
1487 1389 1468 1469 1390 
1488 1390 1469 1470 1391 
1489 1391 1470 1471 1392 
1490 1392 1471 1472 1393 
1491 1393 1472 1473 1394 
1492 1394 1473 1474 1395 
1493 1395 1474 1475 1396 
1494 1396 1475 1476 1397 
1495 1397 1476 1477 1398 
1496 1398 1477 1478 1399 
1497 1399 1478 1479 1400 
1498 1400 1479 1480 1401 
1499 1401 1480 1481 1402 
1500 1402 1481 1482 1403 
1501 1403 1482 1483 1404 
1502 1404 1483 1484 1405 
1503 1405 1484 1485 1406 
1504 1406 1485 1486 1407 
1505 1407 1486 1487 1408 
1506 1408 1487 1488 1409 
1507 1409 1488 1489 1410 
1508 1410 1489 1490 1411 
1509 1411 1490 1491 1412 
1510 1412 1491 1492 1413 
1511 1413 1492 1493 1414 
1512 1414 1493 1494 1415 
1513 1415 1494 1495 1416 
1514 1416 1495 1496 1417 
1515 1417 1496 1497 1418 
1516 1418 1497 1498 1419 
1517 1419 1498 1499 1420 
1518 1420 1499 1500 1421 
1519 1421 1500 1501 1422 
1520 1422 1501 1502 1423 
1521 1423 1502 1503 1424 
1522 1424 1503 1504 1425 
1523 1425 1504 1505 1426 
1524 1426 1505 227 228 
1525 19 20 1506 1427 
1526 1427 1506 1507 1428 
1527 1428 1507 1508 1429 
1528 1429 1508 1509 1430 
1529 1430 1509 1510 1431 
1530 1431 1510 1511 1432 
1531 1432 1511 1512 1433 
1532 1433 1512 1513 1434 
1533 1434 1513 1514 1435 
1534 1435 1514 1515 1436 
1535 1436 1515 1516 1437 
1536 1437 1516 1517 1438 
1537 1438 1517 1518 1439 
1538 1439 1518 1519 1440 
1539 1440 1519 1520 1441 
1540 1441 1520 1521 1442 
1541 1442 1521 1522 1443 
1542 1443 1522 1523 1444 
1543 1444 1523 1524 1445 
1544 1445 1524 1525 1446 
1545 1446 1525 1526 1447 
1546 1447 1526 1527 1448 
1547 1448 1527 1528 1449 
1548 1449 1528 1529 1450 
1549 1450 1529 1530 1451 
1550 1451 1530 1531 1452 
1551 1452 1531 1532 1453 
1552 1453 1532 1533 1454 
1553 1454 1533 1534 1455 
1554 1455 1534 1535 1456 
1555 1456 1535 1536 1457 
1556 1457 1536 1537 1458 
1557 1458 1537 1538 1459 
1558 1459 1538 1539 1460 
1559 1460 1539 1540 1461 
1560 1461 1540 1541 1462 
1561 1462 1541 1542 1463 
1562 1463 1542 1543 1464 
1563 1464 1543 1544 1465 
1564 1465 1544 1545 1466 
1565 1466 1545 1546 1467 
1566 1467 1546 1547 1468 
1567 1468 1547 1548 1469 
1568 1469 1548 1549 1470 
1569 1470 1549 1550 1471 
1570 1471 1550 1551 1472 
1571 1472 1551 1552 1473 
1572 1473 1552 1553 1474 
1573 1474 1553 1554 1475 
1574 1475 1554 1555 1476 
1575 1476 1555 1556 1477 
1576 1477 1556 1557 1478 
1577 1478 1557 1558 1479 
1578 1479 1558 1559 1480 
1579 1480 1559 1560 1481 
1580 1481 1560 1561 1482 
1581 1482 1561 1562 1483 
1582 1483 1562 1563 1484 
1583 1484 1563 1564 1485 
1584 1485 1564 1565 1486 
1585 1486 1565 1566 1487 
1586 1487 1566 1567 1488 
1587 1488 1567 1568 1489 
1588 1489 1568 1569 1490 
1589 1490 1569 1570 1491 
1590 1491 1570 1571 1492 
1591 1492 1571 1572 1493 
1592 1493 1572 1573 1494 
1593 1494 1573 1574 1495 
1594 1495 1574 1575 1496 
1595 1496 1575 1576 1497 
1596 1497 1576 1577 1498 
1597 1498 1577 1578 1499 
1598 1499 1578 1579 1500 
1599 1500 1579 1580 1501 
1600 1501 1580 1581 1502 
1601 1502 1581 1582 1503 
1602 1503 1582 1583 1504 
1603 1504 1583 1584 1505 
1604 1505 1584 226 227 
1605 20 21 1585 1506 
1606 1506 1585 1586 1507 
1607 1507 1586 1587 1508 
1608 1508 1587 1588 1509 
1609 1509 1588 1589 1510 
1610 1510 1589 1590 1511 
1611 1511 1590 1591 1512 
1612 1512 1591 1592 1513 
1613 1513 1592 1593 1514 
1614 1514 1593 1594 1515 
1615 1515 1594 1595 1516 
1616 1516 1595 1596 1517 
1617 1517 1596 1597 1518 
1618 1518 1597 1598 1519 
1619 1519 1598 1599 1520 
1620 1520 1599 1600 1521 
1621 1521 1600 1601 1522 
1622 1522 1601 1602 1523 
1623 1523 1602 1603 1524 
1624 1524 1603 1604 1525 
1625 1525 1604 1605 1526 
1626 1526 1605 1606 1527 
1627 1527 1606 1607 1528 
1628 1528 1607 1608 1529 
1629 1529 1608 1609 1530 
1630 1530 1609 1610 1531 
1631 1531 1610 1611 1532 
1632 1532 1611 1612 1533 
1633 1533 1612 1613 1534 
1634 1534 1613 1614 1535 
1635 1535 1614 1615 1536 
1636 1536 1615 1616 1537 
1637 1537 1616 1617 1538 
1638 1538 1617 1618 1539 
1639 1539 1618 1619 1540 
1640 1540 1619 1620 1541 
1641 1541 1620 1621 1542 
1642 1542 1621 1622 1543 
1643 1543 1622 1623 1544 
1644 1544 1623 1624 1545 
1645 1545 1624 1625 1546 
1646 1546 1625 1626 1547 
1647 1547 1626 1627 1548 
1648 1548 1627 1628 1549 
1649 1549 1628 1629 1550 
1650 1550 1629 1630 1551 
1651 1551 1630 1631 1552 
1652 1552 1631 1632 1553 
1653 1553 1632 1633 1554 
1654 1554 1633 1634 1555 
1655 1555 1634 1635 1556 
1656 1556 1635 1636 1557 
1657 1557 1636 1637 1558 
1658 1558 1637 1638 1559 
1659 1559 1638 1639 1560 
1660 1560 1639 1640 1561 
1661 1561 1640 1641 1562 
1662 1562 1641 1642 1563 
1663 1563 1642 1643 1564 
1664 1564 1643 1644 1565 
1665 1565 1644 1645 1566 
1666 1566 1645 1646 1567 
1667 1567 1646 1647 1568 
1668 1568 1647 1648 1569 
1669 1569 1648 1649 1570 
1670 1570 1649 1650 1571 
1671 1571 1650 1651 1572 
1672 1572 1651 1652 1573 
1673 1573 1652 1653 1574 
1674 1574 1653 1654 1575 
1675 1575 1654 1655 1576 
1676 1576 1655 1656 1577 
1677 1577 1656 1657 1578 
1678 1578 1657 1658 1579 
1679 1579 1658 1659 1580 
1680 1580 1659 1660 1581 
1681 1581 1660 1661 1582 
1682 1582 1661 1662 1583 
1683 1583 1662 1663 1584 
1684 1584 1663 225 226 
1685 21 22 1664 1585 
1686 1585 1664 1665 1586 
1687 1586 1665 1666 1587 
1688 1587 1666 1667 1588 
1689 1588 1667 1668 1589 
1690 1589 1668 1669 1590 
1691 1590 1669 1670 1591 
1692 1591 1670 1671 1592 
1693 1592 1671 1672 1593 
1694 1593 1672 1673 1594 
1695 1594 1673 1674 1595 
1696 1595 1674 1675 1596 
1697 1596 1675 1676 1597 
1698 1597 1676 1677 1598 
1699 1598 1677 1678 1599 
1700 1599 1678 1679 1600 
1701 1600 1679 1680 1601 
1702 1601 1680 1681 1602 
1703 1602 1681 1682 1603 
1704 1603 1682 1683 1604 
1705 1604 1683 1684 1605 
1706 1605 1684 1685 1606 
1707 1606 1685 1686 1607 
1708 1607 1686 1687 1608 
1709 1608 1687 1688 1609 
1710 1609 1688 1689 1610 
1711 1610 1689 1690 1611 
1712 1611 1690 1691 1612 
1713 1612 1691 1692 1613 
1714 1613 1692 1693 1614 
1715 1614 1693 1694 1615 
1716 1615 1694 1695 1616 
1717 1616 1695 1696 1617 
1718 1617 1696 1697 1618 
1719 1618 1697 1698 1619 
1720 1619 1698 1699 1620 
1721 1620 1699 1700 1621 
1722 1621 1700 1701 1622 
1723 1622 1701 1702 1623 
1724 1623 1702 1703 1624 
1725 1624 1703 1704 1625 
1726 1625 1704 1705 1626 
1727 1626 1705 1706 1627 
1728 1627 1706 1707 1628 
1729 1628 1707 1708 1629 
1730 1629 1708 1709 1630 
1731 1630 1709 1710 1631 
1732 1631 1710 1711 1632 
1733 1632 1711 1712 1633 
1734 1633 1712 1713 1634 
1735 1634 1713 1714 1635 
1736 1635 1714 1715 1636 
1737 1636 1715 1716 1637 
1738 1637 1716 1717 1638 
1739 1638 1717 1718 1639 
1740 1639 1718 1719 1640 
1741 1640 1719 1720 1641 
1742 1641 1720 1721 1642 
1743 1642 1721 1722 1643 
1744 1643 1722 1723 1644 
1745 1644 1723 1724 1645 
1746 1645 1724 1725 1646 
1747 1646 1725 1726 1647 
1748 1647 1726 1727 1648 
1749 1648 1727 1728 1649 
1750 1649 1728 1729 1650 
1751 1650 1729 1730 1651 
1752 1651 1730 1731 1652 
1753 1652 1731 1732 1653 
1754 1653 1732 1733 1654 
1755 1654 1733 1734 1655 
1756 1655 1734 1735 1656 
1757 1656 1735 1736 1657 
1758 1657 1736 1737 1658 
1759 1658 1737 1738 1659 
1760 1659 1738 1739 1660 
1761 1660 1739 1740 1661 
1762 1661 1740 1741 1662 
1763 1662 1741 1742 1663 
1764 1663 1742 224 225 
1765 22 23 1743 1664 
1766 1664 1743 1744 1665 
1767 1665 1744 1745 1666 
1768 1666 1745 1746 1667 
1769 1667 1746 1747 1668 
1770 1668 1747 1748 1669 
1771 1669 1748 1749 1670 
1772 1670 1749 1750 1671 
1773 1671 1750 1751 1672 
1774 1672 1751 1752 1673 
1775 1673 1752 1753 1674 
1776 1674 1753 1754 1675 
1777 1675 1754 1755 1676 
1778 1676 1755 1756 1677 
1779 1677 1756 1757 1678 
1780 1678 1757 1758 1679 
1781 1679 1758 1759 1680 
1782 1680 1759 1760 1681 
1783 1681 1760 1761 1682 
1784 1682 1761 1762 1683 
1785 1683 1762 1763 1684 
1786 1684 1763 1764 1685 
1787 1685 1764 1765 1686 
1788 1686 1765 1766 1687 
1789 1687 1766 1767 1688 
1790 1688 1767 1768 1689 
1791 1689 1768 1769 1690 
1792 1690 1769 1770 1691 
1793 1691 1770 1771 1692 
1794 1692 1771 1772 1693 
1795 1693 1772 1773 1694 
1796 1694 1773 1774 1695 
1797 1695 1774 1775 1696 
1798 1696 1775 1776 1697 
1799 1697 1776 1777 1698 
1800 1698 1777 1778 1699 
1801 1699 1778 1779 1700 
1802 1700 1779 1780 1701 
1803 1701 1780 1781 1702 
1804 1702 1781 1782 1703 
1805 1703 1782 1783 1704 
1806 1704 1783 1784 1705 
1807 1705 1784 1785 1706 
1808 1706 1785 1786 1707 
1809 1707 1786 1787 1708 
1810 1708 1787 1788 1709 
1811 1709 1788 1789 1710 
1812 1710 1789 1790 1711 
1813 1711 1790 1791 1712 
1814 1712 1791 1792 1713 
1815 1713 1792 1793 1714 
1816 1714 1793 1794 1715 
1817 1715 1794 1795 1716 
1818 1716 1795 1796 1717 
1819 1717 1796 1797 1718 
1820 1718 1797 1798 1719 
1821 1719 1798 1799 1720 
1822 1720 1799 1800 1721 
1823 1721 1800 1801 1722 
1824 1722 1801 1802 1723 
1825 1723 1802 1803 1724 
1826 1724 1803 1804 1725 
1827 1725 1804 1805 1726 
1828 1726 1805 1806 1727 
1829 1727 1806 1807 1728 
1830 1728 1807 1808 1729 
1831 1729 1808 1809 1730 
1832 1730 1809 1810 1731 
1833 1731 1810 1811 1732 
1834 1732 1811 1812 1733 
1835 1733 1812 1813 1734 
1836 1734 1813 1814 1735 
1837 1735 1814 1815 1736 
1838 1736 1815 1816 1737 
1839 1737 1816 1817 1738 
1840 1738 1817 1818 1739 
1841 1739 1818 1819 1740 
1842 1740 1819 1820 1741 
1843 1741 1820 1821 1742 
1844 1742 1821 223 224 
1845 23 24 1822 1743 
1846 1743 1822 1823 1744 
1847 1744 1823 1824 1745 
1848 1745 1824 1825 1746 
1849 1746 1825 1826 1747 
1850 1747 1826 1827 1748 
1851 1748 1827 1828 1749 
1852 1749 1828 1829 1750 
1853 1750 1829 1830 1751 
1854 1751 1830 1831 1752 
1855 1752 1831 1832 1753 
1856 1753 1832 1833 1754 
1857 1754 1833 1834 1755 
1858 1755 1834 1835 1756 
1859 1756 1835 1836 1757 
1860 1757 1836 1837 1758 
1861 1758 1837 1838 1759 
1862 1759 1838 1839 1760 
1863 1760 1839 1840 1761 
1864 1761 1840 1841 1762 
1865 1762 1841 1842 1763 
1866 1763 1842 1843 1764 
1867 1764 1843 1844 1765 
1868 1765 1844 1845 1766 
1869 1766 1845 1846 1767 
1870 1767 1846 1847 1768 
1871 1768 1847 1848 1769 
1872 1769 1848 1849 1770 
1873 1770 1849 1850 1771 
1874 1771 1850 1851 1772 
1875 1772 1851 1852 1773 
1876 1773 1852 1853 1774 
1877 1774 1853 1854 1775 
1878 1775 1854 1855 1776 
1879 1776 1855 1856 1777 
1880 1777 1856 1857 1778 
1881 1778 1857 1858 1779 
1882 1779 1858 1859 1780 
1883 1780 1859 1860 1781 
1884 1781 1860 1861 1782 
1885 1782 1861 1862 1783 
1886 1783 1862 1863 1784 
1887 1784 1863 1864 1785 
1888 1785 1864 1865 1786 
1889 1786 1865 1866 1787 
1890 1787 1866 1867 1788 
1891 1788 1867 1868 1789 
1892 1789 1868 1869 1790 
1893 1790 1869 1870 1791 
1894 1791 1870 1871 1792 
1895 1792 1871 1872 1793 
1896 1793 1872 1873 1794 
1897 1794 1873 1874 1795 
1898 1795 1874 1875 1796 
1899 1796 1875 1876 1797 
1900 1797 1876 1877 1798 
1901 1798 1877 1878 1799 
1902 1799 1878 1879 1800 
1903 1800 1879 1880 1801 
1904 1801 1880 1881 1802 
1905 1802 1881 1882 1803 
1906 1803 1882 1883 1804 
1907 1804 1883 1884 1805 
1908 1805 1884 1885 1806 
1909 1806 1885 1886 1807 
1910 1807 1886 1887 1808 
1911 1808 1887 1888 1809 
1912 1809 1888 1889 1810 
1913 1810 1889 1890 1811 
1914 1811 1890 1891 1812 
1915 1812 1891 1892 1813 
1916 1813 1892 1893 1814 
1917 1814 1893 1894 1815 
1918 1815 1894 1895 1816 
1919 1816 1895 1896 1817 
1920 1817 1896 1897 1818 
1921 1818 1897 1898 1819 
1922 1819 1898 1899 1820 
1923 1820 1899 1900 1821 
1924 1821 1900 222 223 
1925 24 25 1901 1822 
1926 1822 1901 1902 1823 
1927 1823 1902 1903 1824 
1928 1824 1903 1904 1825 
1929 1825 1904 1905 1826 
1930 1826 1905 1906 1827 
1931 1827 1906 1907 1828 
1932 1828 1907 1908 1829 
1933 1829 1908 1909 1830 
1934 1830 1909 1910 1831 
1935 1831 1910 1911 1832 
1936 1832 1911 1912 1833 
1937 1833 1912 1913 1834 
1938 1834 1913 1914 1835 
1939 1835 1914 1915 1836 
1940 1836 1915 1916 1837 
1941 1837 1916 1917 1838 
1942 1838 1917 1918 1839 
1943 1839 1918 1919 1840 
1944 1840 1919 1920 1841 
1945 1841 1920 1921 1842 
1946 1842 1921 1922 1843 
1947 1843 1922 1923 1844 
1948 1844 1923 1924 1845 
1949 1845 1924 1925 1846 
1950 1846 1925 1926 1847 
1951 1847 1926 1927 1848 
1952 1848 1927 1928 1849 
1953 1849 1928 1929 1850 
1954 1850 1929 1930 1851 
1955 1851 1930 1931 1852 
1956 1852 1931 1932 1853 
1957 1853 1932 1933 1854 
1958 1854 1933 1934 1855 
1959 1855 1934 1935 1856 
1960 1856 1935 1936 1857 
1961 1857 1936 1937 1858 
1962 1858 1937 1938 1859 
1963 1859 1938 1939 1860 
1964 1860 1939 1940 1861 
1965 1861 1940 1941 1862 
1966 1862 1941 1942 1863 
1967 1863 1942 1943 1864 
1968 1864 1943 1944 1865 
1969 1865 1944 1945 1866 
1970 1866 1945 1946 1867 
1971 1867 1946 1947 1868 
1972 1868 1947 1948 1869 
1973 1869 1948 1949 1870 
1974 1870 1949 1950 1871 
1975 1871 1950 1951 1872 
1976 1872 1951 1952 1873 
1977 1873 1952 1953 1874 
1978 1874 1953 1954 1875 
1979 1875 1954 1955 1876 
1980 1876 1955 1956 1877 
1981 1877 1956 1957 1878 
1982 1878 1957 1958 1879 
1983 1879 1958 1959 1880 
1984 1880 1959 1960 1881 
1985 1881 1960 1961 1882 
1986 1882 1961 1962 1883 
1987 1883 1962 1963 1884 
1988 1884 1963 1964 1885 
1989 1885 1964 1965 1886 
1990 1886 1965 1966 1887 
1991 1887 1966 1967 1888 
1992 1888 1967 1968 1889 
1993 1889 1968 1969 1890 
1994 1890 1969 1970 1891 
1995 1891 1970 1971 1892 
1996 1892 1971 1972 1893 
1997 1893 1972 1973 1894 
1998 1894 1973 1974 1895 
1999 1895 1974 1975 1896 
2000 1896 1975 1976 1897 
2001 1897 1976 1977 1898 
2002 1898 1977 1978 1899 
2003 1899 1978 1979 1900 
2004 1900 1979 221 222 
2005 25 26 1980 1901 
2006 1901 1980 1981 1902 
2007 1902 1981 1982 1903 
2008 1903 1982 1983 1904 
2009 1904 1983 1984 1905 
2010 1905 1984 1985 1906 
2011 1906 1985 1986 1907 
2012 1907 1986 1987 1908 
2013 1908 1987 1988 1909 
2014 1909 1988 1989 1910 
2015 1910 1989 1990 1911 
2016 1911 1990 1991 1912 
2017 1912 1991 1992 1913 
2018 1913 1992 1993 1914 
2019 1914 1993 1994 1915 
2020 1915 1994 1995 1916 
2021 1916 1995 1996 1917 
2022 1917 1996 1997 1918 
2023 1918 1997 1998 1919 
2024 1919 1998 1999 1920 
2025 1920 1999 2000 1921 
2026 1921 2000 2001 1922 
2027 1922 2001 2002 1923 
2028 1923 2002 2003 1924 
2029 1924 2003 2004 1925 
2030 1925 2004 2005 1926 
2031 1926 2005 2006 1927 
2032 1927 2006 2007 1928 
2033 1928 2007 2008 1929 
2034 1929 2008 2009 1930 
2035 1930 2009 2010 1931 
2036 1931 2010 2011 1932 
2037 1932 2011 2012 1933 
2038 1933 2012 2013 1934 
2039 1934 2013 2014 1935 
2040 1935 2014 2015 1936 
2041 1936 2015 2016 1937 
2042 1937 2016 2017 1938 
2043 1938 2017 2018 1939 
2044 1939 2018 2019 1940 
2045 1940 2019 2020 1941 
2046 1941 2020 2021 1942 
2047 1942 2021 2022 1943 
2048 1943 2022 2023 1944 
2049 1944 2023 2024 1945 
2050 1945 2024 2025 1946 
2051 1946 2025 2026 1947 
2052 1947 2026 2027 1948 
2053 1948 2027 2028 1949 
2054 1949 2028 2029 1950 
2055 1950 2029 2030 1951 
2056 1951 2030 2031 1952 
2057 1952 2031 2032 1953 
2058 1953 2032 2033 1954 
2059 1954 2033 2034 1955 
2060 1955 2034 2035 1956 
2061 1956 2035 2036 1957 
2062 1957 2036 2037 1958 
2063 1958 2037 2038 1959 
2064 1959 2038 2039 1960 
2065 1960 2039 2040 1961 
2066 1961 2040 2041 1962 
2067 1962 2041 2042 1963 
2068 1963 2042 2043 1964 
2069 1964 2043 2044 1965 
2070 1965 2044 2045 1966 
2071 1966 2045 2046 1967 
2072 1967 2046 2047 1968 
2073 1968 2047 2048 1969 
2074 1969 2048 2049 1970 
2075 1970 2049 2050 1971 
2076 1971 2050 2051 1972 
2077 1972 2051 2052 1973 
2078 1973 2052 2053 1974 
2079 1974 2053 2054 1975 
2080 1975 2054 2055 1976 
2081 1976 2055 2056 1977 
2082 1977 2056 2057 1978 
2083 1978 2057 2058 1979 
2084 1979 2058 220 221 
2085 26 27 2059 1980 
2086 1980 2059 2060 1981 
2087 1981 2060 2061 1982 
2088 1982 2061 2062 1983 
2089 1983 2062 2063 1984 
2090 1984 2063 2064 1985 
2091 1985 2064 2065 1986 
2092 1986 2065 2066 1987 
2093 1987 2066 2067 1988 
2094 1988 2067 2068 1989 
2095 1989 2068 2069 1990 
2096 1990 2069 2070 1991 
2097 1991 2070 2071 1992 
2098 1992 2071 2072 1993 
2099 1993 2072 2073 1994 
2100 1994 2073 2074 1995 
2101 1995 2074 2075 1996 
2102 1996 2075 2076 1997 
2103 1997 2076 2077 1998 
2104 1998 2077 2078 1999 
2105 1999 2078 2079 2000 
2106 2000 2079 2080 2001 
2107 2001 2080 2081 2002 
2108 2002 2081 2082 2003 
2109 2003 2082 2083 2004 
2110 2004 2083 2084 2005 
2111 2005 2084 2085 2006 
2112 2006 2085 2086 2007 
2113 2007 2086 2087 2008 
2114 2008 2087 2088 2009 
2115 2009 2088 2089 2010 
2116 2010 2089 2090 2011 
2117 2011 2090 2091 2012 
2118 2012 2091 2092 2013 
2119 2013 2092 2093 2014 
2120 2014 2093 2094 2015 
2121 2015 2094 2095 2016 
2122 2016 2095 2096 2017 
2123 2017 2096 2097 2018 
2124 2018 2097 2098 2019 
2125 2019 2098 2099 2020 
2126 2020 2099 2100 2021 
2127 2021 2100 2101 2022 
2128 2022 2101 2102 2023 
2129 2023 2102 2103 2024 
2130 2024 2103 2104 2025 
2131 2025 2104 2105 2026 
2132 2026 2105 2106 2027 
2133 2027 2106 2107 2028 
2134 2028 2107 2108 2029 
2135 2029 2108 2109 2030 
2136 2030 2109 2110 2031 
2137 2031 2110 2111 2032 
2138 2032 2111 2112 2033 
2139 2033 2112 2113 2034 
2140 2034 2113 2114 2035 
2141 2035 2114 2115 2036 
2142 2036 2115 2116 2037 
2143 2037 2116 2117 2038 
2144 2038 2117 2118 2039 
2145 2039 2118 2119 2040 
2146 2040 2119 2120 2041 
2147 2041 2120 2121 2042 
2148 2042 2121 2122 2043 
2149 2043 2122 2123 2044 
2150 2044 2123 2124 2045 
2151 2045 2124 2125 2046 
2152 2046 2125 2126 2047 
2153 2047 2126 2127 2048 
2154 2048 2127 2128 2049 
2155 2049 2128 2129 2050 
2156 2050 2129 2130 2051 
2157 2051 2130 2131 2052 
2158 2052 2131 2132 2053 
2159 2053 2132 2133 2054 
2160 2054 2133 2134 2055 
2161 2055 2134 2135 2056 
2162 2056 2135 2136 2057 
2163 2057 2136 2137 2058 
2164 2058 2137 219 220 
2165 27 28 2138 2059 
2166 2059 2138 2139 2060 
2167 2060 2139 2140 2061 
2168 2061 2140 2141 2062 
2169 2062 2141 2142 2063 
2170 2063 2142 2143 2064 
2171 2064 2143 2144 2065 
2172 2065 2144 2145 2066 
2173 2066 2145 2146 2067 
2174 2067 2146 2147 2068 
2175 2068 2147 2148 2069 
2176 2069 2148 2149 2070 
2177 2070 2149 2150 2071 
2178 2071 2150 2151 2072 
2179 2072 2151 2152 2073 
2180 2073 2152 2153 2074 
2181 2074 2153 2154 2075 
2182 2075 2154 2155 2076 
2183 2076 2155 2156 2077 
2184 2077 2156 2157 2078 
2185 2078 2157 2158 2079 
2186 2079 2158 2159 2080 
2187 2080 2159 2160 2081 
2188 2081 2160 2161 2082 
2189 2082 2161 2162 2083 
2190 2083 2162 2163 2084 
2191 2084 2163 2164 2085 
2192 2085 2164 2165 2086 
2193 2086 2165 2166 2087 
2194 2087 2166 2167 2088 
2195 2088 2167 2168 2089 
2196 2089 2168 2169 2090 
2197 2090 2169 2170 2091 
2198 2091 2170 2171 2092 
2199 2092 2171 2172 2093 
2200 2093 2172 2173 2094 
2201 2094 2173 2174 2095 
2202 2095 2174 2175 2096 
2203 2096 2175 2176 2097 
2204 2097 2176 2177 2098 
2205 2098 2177 2178 2099 
2206 2099 2178 2179 2100 
2207 2100 2179 2180 2101 
2208 2101 2180 2181 2102 
2209 2102 2181 2182 2103 
2210 2103 2182 2183 2104 
2211 2104 2183 2184 2105 
2212 2105 2184 2185 2106 
2213 2106 2185 2186 2107 
2214 2107 2186 2187 2108 
2215 2108 2187 2188 2109 
2216 2109 2188 2189 2110 
2217 2110 2189 2190 2111 
2218 2111 2190 2191 2112 
2219 2112 2191 2192 2113 
2220 2113 2192 2193 2114 
2221 2114 2193 2194 2115 
2222 2115 2194 2195 2116 
2223 2116 2195 2196 2117 
2224 2117 2196 2197 2118 
2225 2118 2197 2198 2119 
2226 2119 2198 2199 2120 
2227 2120 2199 2200 2121 
2228 2121 2200 2201 2122 
2229 2122 2201 2202 2123 
2230 2123 2202 2203 2124 
2231 2124 2203 2204 2125 
2232 2125 2204 2205 2126 
2233 2126 2205 2206 2127 
2234 2127 2206 2207 2128 
2235 2128 2207 2208 2129 
2236 2129 2208 2209 2130 
2237 2130 2209 2210 2131 
2238 2131 2210 2211 2132 
2239 2132 2211 2212 2133 
2240 2133 2212 2213 2134 
2241 2134 2213 2214 2135 
2242 2135 2214 2215 2136 
2243 2136 2215 2216 2137 
2244 2137 2216 218 219 
2245 28 29 2217 2138 
2246 2138 2217 2218 2139 
2247 2139 2218 2219 2140 
2248 2140 2219 2220 2141 
2249 2141 2220 2221 2142 
2250 2142 2221 2222 2143 
2251 2143 2222 2223 2144 
2252 2144 2223 2224 2145 
2253 2145 2224 2225 2146 
2254 2146 2225 2226 2147 
2255 2147 2226 2227 2148 
2256 2148 2227 2228 2149 
2257 2149 2228 2229 2150 
2258 2150 2229 2230 2151 
2259 2151 2230 2231 2152 
2260 2152 2231 2232 2153 
2261 2153 2232 2233 2154 
2262 2154 2233 2234 2155 
2263 2155 2234 2235 2156 
2264 2156 2235 2236 2157 
2265 2157 2236 2237 2158 
2266 2158 2237 2238 2159 
2267 2159 2238 2239 2160 
2268 2160 2239 2240 2161 
2269 2161 2240 2241 2162 
2270 2162 2241 2242 2163 
2271 2163 2242 2243 2164 
2272 2164 2243 2244 2165 
2273 2165 2244 2245 2166 
2274 2166 2245 2246 2167 
2275 2167 2246 2247 2168 
2276 2168 2247 2248 2169 
2277 2169 2248 2249 2170 
2278 2170 2249 2250 2171 
2279 2171 2250 2251 2172 
2280 2172 2251 2252 2173 
2281 2173 2252 2253 2174 
2282 2174 2253 2254 2175 
2283 2175 2254 2255 2176 
2284 2176 2255 2256 2177 
2285 2177 2256 2257 2178 
2286 2178 2257 2258 2179 
2287 2179 2258 2259 2180 
2288 2180 2259 2260 2181 
2289 2181 2260 2261 2182 
2290 2182 2261 2262 2183 
2291 2183 2262 2263 2184 
2292 2184 2263 2264 2185 
2293 2185 2264 2265 2186 
2294 2186 2265 2266 2187 
2295 2187 2266 2267 2188 
2296 2188 2267 2268 2189 
2297 2189 2268 2269 2190 
2298 2190 2269 2270 2191 
2299 2191 2270 2271 2192 
2300 2192 2271 2272 2193 
2301 2193 2272 2273 2194 
2302 2194 2273 2274 2195 
2303 2195 2274 2275 2196 
2304 2196 2275 2276 2197 
2305 2197 2276 2277 2198 
2306 2198 2277 2278 2199 
2307 2199 2278 2279 2200 
2308 2200 2279 2280 2201 
2309 2201 2280 2281 2202 
2310 2202 2281 2282 2203 
2311 2203 2282 2283 2204 
2312 2204 2283 2284 2205 
2313 2205 2284 2285 2206 
2314 2206 2285 2286 2207 
2315 2207 2286 2287 2208 
2316 2208 2287 2288 2209 
2317 2209 2288 2289 2210 
2318 2210 2289 2290 2211 
2319 2211 2290 2291 2212 
2320 2212 2291 2292 2213 
2321 2213 2292 2293 2214 
2322 2214 2293 2294 2215 
2323 2215 2294 2295 2216 
2324 2216 2295 217 218 
2325 29 30 2296 2217 
2326 2217 2296 2297 2218 
2327 2218 2297 2298 2219 
2328 2219 2298 2299 2220 
2329 2220 2299 2300 2221 
2330 2221 2300 2301 2222 
2331 2222 2301 2302 2223 
2332 2223 2302 2303 2224 
2333 2224 2303 2304 2225 
2334 2225 2304 2305 2226 
2335 2226 2305 2306 2227 
2336 2227 2306 2307 2228 
2337 2228 2307 2308 2229 
2338 2229 2308 2309 2230 
2339 2230 2309 2310 2231 
2340 2231 2310 2311 2232 
2341 2232 2311 2312 2233 
2342 2233 2312 2313 2234 
2343 2234 2313 2314 2235 
2344 2235 2314 2315 2236 
2345 2236 2315 2316 2237 
2346 2237 2316 2317 2238 
2347 2238 2317 2318 2239 
2348 2239 2318 2319 2240 
2349 2240 2319 2320 2241 
2350 2241 2320 2321 2242 
2351 2242 2321 2322 2243 
2352 2243 2322 2323 2244 
2353 2244 2323 2324 2245 
2354 2245 2324 2325 2246 
2355 2246 2325 2326 2247 
2356 2247 2326 2327 2248 
2357 2248 2327 2328 2249 
2358 2249 2328 2329 2250 
2359 2250 2329 2330 2251 
2360 2251 2330 2331 2252 
2361 2252 2331 2332 2253 
2362 2253 2332 2333 2254 
2363 2254 2333 2334 2255 
2364 2255 2334 2335 2256 
2365 2256 2335 2336 2257 
2366 2257 2336 2337 2258 
2367 2258 2337 2338 2259 
2368 2259 2338 2339 2260 
2369 2260 2339 2340 2261 
2370 2261 2340 2341 2262 
2371 2262 2341 2342 2263 
2372 2263 2342 2343 2264 
2373 2264 2343 2344 2265 
2374 2265 2344 2345 2266 
2375 2266 2345 2346 2267 
2376 2267 2346 2347 2268 
2377 2268 2347 2348 2269 
2378 2269 2348 2349 2270 
2379 2270 2349 2350 2271 
2380 2271 2350 2351 2272 
2381 2272 2351 2352 2273 
2382 2273 2352 2353 2274 
2383 2274 2353 2354 2275 
2384 2275 2354 2355 2276 
2385 2276 2355 2356 2277 
2386 2277 2356 2357 2278 
2387 2278 2357 2358 2279 
2388 2279 2358 2359 2280 
2389 2280 2359 2360 2281 
2390 2281 2360 2361 2282 
2391 2282 2361 2362 2283 
2392 2283 2362 2363 2284 
2393 2284 2363 2364 2285 
2394 2285 2364 2365 2286 
2395 2286 2365 2366 2287 
2396 2287 2366 2367 2288 
2397 2288 2367 2368 2289 
2398 2289 2368 2369 2290 
2399 2290 2369 2370 2291 
2400 2291 2370 2371 2292 
2401 2292 2371 2372 2293 
2402 2293 2372 2373 2294 
2403 2294 2373 2374 2295 
2404 2295 2374 216 217 
2405 30 31 2375 2296 
2406 2296 2375 2376 2297 
2407 2297 2376 2377 2298 
2408 2298 2377 2378 2299 
2409 2299 2378 2379 2300 
2410 2300 2379 2380 2301 
2411 2301 2380 2381 2302 
2412 2302 2381 2382 2303 
2413 2303 2382 2383 2304 
2414 2304 2383 2384 2305 
2415 2305 2384 2385 2306 
2416 2306 2385 2386 2307 
2417 2307 2386 2387 2308 
2418 2308 2387 2388 2309 
2419 2309 2388 2389 2310 
2420 2310 2389 2390 2311 
2421 2311 2390 2391 2312 
2422 2312 2391 2392 2313 
2423 2313 2392 2393 2314 
2424 2314 2393 2394 2315 
2425 2315 2394 2395 2316 
2426 2316 2395 2396 2317 
2427 2317 2396 2397 2318 
2428 2318 2397 2398 2319 
2429 2319 2398 2399 2320 
2430 2320 2399 2400 2321 
2431 2321 2400 2401 2322 
2432 2322 2401 2402 2323 
2433 2323 2402 2403 2324 
2434 2324 2403 2404 2325 
2435 2325 2404 2405 2326 
2436 2326 2405 2406 2327 
2437 2327 2406 2407 2328 
2438 2328 2407 2408 2329 
2439 2329 2408 2409 2330 
2440 2330 2409 2410 2331 
2441 2331 2410 2411 2332 
2442 2332 2411 2412 2333 
2443 2333 2412 2413 2334 
2444 2334 2413 2414 2335 
2445 2335 2414 2415 2336 
2446 2336 2415 2416 2337 
2447 2337 2416 2417 2338 
2448 2338 2417 2418 2339 
2449 2339 2418 2419 2340 
2450 2340 2419 2420 2341 
2451 2341 2420 2421 2342 
2452 2342 2421 2422 2343 
2453 2343 2422 2423 2344 
2454 2344 2423 2424 2345 
2455 2345 2424 2425 2346 
2456 2346 2425 2426 2347 
2457 2347 2426 2427 2348 
2458 2348 2427 2428 2349 
2459 2349 2428 2429 2350 
2460 2350 2429 2430 2351 
2461 2351 2430 2431 2352 
2462 2352 2431 2432 2353 
2463 2353 2432 2433 2354 
2464 2354 2433 2434 2355 
2465 2355 2434 2435 2356 
2466 2356 2435 2436 2357 
2467 2357 2436 2437 2358 
2468 2358 2437 2438 2359 
2469 2359 2438 2439 2360 
2470 2360 2439 2440 2361 
2471 2361 2440 2441 2362 
2472 2362 2441 2442 2363 
2473 2363 2442 2443 2364 
2474 2364 2443 2444 2365 
2475 2365 2444 2445 2366 
2476 2366 2445 2446 2367 
2477 2367 2446 2447 2368 
2478 2368 2447 2448 2369 
2479 2369 2448 2449 2370 
2480 2370 2449 2450 2371 
2481 2371 2450 2451 2372 
2482 2372 2451 2452 2373 
2483 2373 2452 2453 2374 
2484 2374 2453 215 216 
2485 31 32 2454 2375 
2486 2375 2454 2455 2376 
2487 2376 2455 2456 2377 
2488 2377 2456 2457 2378 
2489 2378 2457 2458 2379 
2490 2379 2458 2459 2380 
2491 2380 2459 2460 2381 
2492 2381 2460 2461 2382 
2493 2382 2461 2462 2383 
2494 2383 2462 2463 2384 
2495 2384 2463 2464 2385 
2496 2385 2464 2465 2386 
2497 2386 2465 2466 2387 
2498 2387 2466 2467 2388 
2499 2388 2467 2468 2389 
2500 2389 2468 2469 2390 
2501 2390 2469 2470 2391 
2502 2391 2470 2471 2392 
2503 2392 2471 2472 2393 
2504 2393 2472 2473 2394 
2505 2394 2473 2474 2395 
2506 2395 2474 2475 2396 
2507 2396 2475 2476 2397 
2508 2397 2476 2477 2398 
2509 2398 2477 2478 2399 
2510 2399 2478 2479 2400 
2511 2400 2479 2480 2401 
2512 2401 2480 2481 2402 
2513 2402 2481 2482 2403 
2514 2403 2482 2483 2404 
2515 2404 2483 2484 2405 
2516 2405 2484 2485 2406 
2517 2406 2485 2486 2407 
2518 2407 2486 2487 2408 
2519 2408 2487 2488 2409 
2520 2409 2488 2489 2410 
2521 2410 2489 2490 2411 
2522 2411 2490 2491 2412 
2523 2412 2491 2492 2413 
2524 2413 2492 2493 2414 
2525 2414 2493 2494 2415 
2526 2415 2494 2495 2416 
2527 2416 2495 2496 2417 
2528 2417 2496 2497 2418 
2529 2418 2497 2498 2419 
2530 2419 2498 2499 2420 
2531 2420 2499 2500 2421 
2532 2421 2500 2501 2422 
2533 2422 2501 2502 2423 
2534 2423 2502 2503 2424 
2535 2424 2503 2504 2425 
2536 2425 2504 2505 2426 
2537 2426 2505 2506 2427 
2538 2427 2506 2507 2428 
2539 2428 2507 2508 2429 
2540 2429 2508 2509 2430 
2541 2430 2509 2510 2431 
2542 2431 2510 2511 2432 
2543 2432 2511 2512 2433 
2544 2433 2512 2513 2434 
2545 2434 2513 2514 2435 
2546 2435 2514 2515 2436 
2547 2436 2515 2516 2437 
2548 2437 2516 2517 2438 
2549 2438 2517 2518 2439 
2550 2439 2518 2519 2440 
2551 2440 2519 2520 2441 
2552 2441 2520 2521 2442 
2553 2442 2521 2522 2443 
2554 2443 2522 2523 2444 
2555 2444 2523 2524 2445 
2556 2445 2524 2525 2446 
2557 2446 2525 2526 2447 
2558 2447 2526 2527 2448 
2559 2448 2527 2528 2449 
2560 2449 2528 2529 2450 
2561 2450 2529 2530 2451 
2562 2451 2530 2531 2452 
2563 2452 2531 2532 2453 
2564 2453 2532 214 215 
2565 32 33 2533 2454 
2566 2454 2533 2534 2455 
2567 2455 2534 2535 2456 
2568 2456 2535 2536 2457 
2569 2457 2536 2537 2458 
2570 2458 2537 2538 2459 
2571 2459 2538 2539 2460 
2572 2460 2539 2540 2461 
2573 2461 2540 2541 2462 
2574 2462 2541 2542 2463 
2575 2463 2542 2543 2464 
2576 2464 2543 2544 2465 
2577 2465 2544 2545 2466 
2578 2466 2545 2546 2467 
2579 2467 2546 2547 2468 
2580 2468 2547 2548 2469 
2581 2469 2548 2549 2470 
2582 2470 2549 2550 2471 
2583 2471 2550 2551 2472 
2584 2472 2551 2552 2473 
2585 2473 2552 2553 2474 
2586 2474 2553 2554 2475 
2587 2475 2554 2555 2476 
2588 2476 2555 2556 2477 
2589 2477 2556 2557 2478 
2590 2478 2557 2558 2479 
2591 2479 2558 2559 2480 
2592 2480 2559 2560 2481 
2593 2481 2560 2561 2482 
2594 2482 2561 2562 2483 
2595 2483 2562 2563 2484 
2596 2484 2563 2564 2485 
2597 2485 2564 2565 2486 
2598 2486 2565 2566 2487 
2599 2487 2566 2567 2488 
2600 2488 2567 2568 2489 
2601 2489 2568 2569 2490 
2602 2490 2569 2570 2491 
2603 2491 2570 2571 2492 
2604 2492 2571 2572 2493 
2605 2493 2572 2573 2494 
2606 2494 2573 2574 2495 
2607 2495 2574 2575 2496 
2608 2496 2575 2576 2497 
2609 2497 2576 2577 2498 
2610 2498 2577 2578 2499 
2611 2499 2578 2579 2500 
2612 2500 2579 2580 2501 
2613 2501 2580 2581 2502 
2614 2502 2581 2582 2503 
2615 2503 2582 2583 2504 
2616 2504 2583 2584 2505 
2617 2505 2584 2585 2506 
2618 2506 2585 2586 2507 
2619 2507 2586 2587 2508 
2620 2508 2587 2588 2509 
2621 2509 2588 2589 2510 
2622 2510 2589 2590 2511 
2623 2511 2590 2591 2512 
2624 2512 2591 2592 2513 
2625 2513 2592 2593 2514 
2626 2514 2593 2594 2515 
2627 2515 2594 2595 2516 
2628 2516 2595 2596 2517 
2629 2517 2596 2597 2518 
2630 2518 2597 2598 2519 
2631 2519 2598 2599 2520 
2632 2520 2599 2600 2521 
2633 2521 2600 2601 2522 
2634 2522 2601 2602 2523 
2635 2523 2602 2603 2524 
2636 2524 2603 2604 2525 
2637 2525 2604 2605 2526 
2638 2526 2605 2606 2527 
2639 2527 2606 2607 2528 
2640 2528 2607 2608 2529 
2641 2529 2608 2609 2530 
2642 2530 2609 2610 2531 
2643 2531 2610 2611 2532 
2644 2532 2611 213 214 
2645 33 34 2612 2533 
2646 2533 2612 2613 2534 
2647 2534 2613 2614 2535 
2648 2535 2614 2615 2536 
2649 2536 2615 2616 2537 
2650 2537 2616 2617 2538 
2651 2538 2617 2618 2539 
2652 2539 2618 2619 2540 
2653 2540 2619 2620 2541 
2654 2541 2620 2621 2542 
2655 2542 2621 2622 2543 
2656 2543 2622 2623 2544 
2657 2544 2623 2624 2545 
2658 2545 2624 2625 2546 
2659 2546 2625 2626 2547 
2660 2547 2626 2627 2548 
2661 2548 2627 2628 2549 
2662 2549 2628 2629 2550 
2663 2550 2629 2630 2551 
2664 2551 2630 2631 2552 
2665 2552 2631 2632 2553 
2666 2553 2632 2633 2554 
2667 2554 2633 2634 2555 
2668 2555 2634 2635 2556 
2669 2556 2635 2636 2557 
2670 2557 2636 2637 2558 
2671 2558 2637 2638 2559 
2672 2559 2638 2639 2560 
2673 2560 2639 2640 2561 
2674 2561 2640 2641 2562 
2675 2562 2641 2642 2563 
2676 2563 2642 2643 2564 
2677 2564 2643 2644 2565 
2678 2565 2644 2645 2566 
2679 2566 2645 2646 2567 
2680 2567 2646 2647 2568 
2681 2568 2647 2648 2569 
2682 2569 2648 2649 2570 
2683 2570 2649 2650 2571 
2684 2571 2650 2651 2572 
2685 2572 2651 2652 2573 
2686 2573 2652 2653 2574 
2687 2574 2653 2654 2575 
2688 2575 2654 2655 2576 
2689 2576 2655 2656 2577 
2690 2577 2656 2657 2578 
2691 2578 2657 2658 2579 
2692 2579 2658 2659 2580 
2693 2580 2659 2660 2581 
2694 2581 2660 2661 2582 
2695 2582 2661 2662 2583 
2696 2583 2662 2663 2584 
2697 2584 2663 2664 2585 
2698 2585 2664 2665 2586 
2699 2586 2665 2666 2587 
2700 2587 2666 2667 2588 
2701 2588 2667 2668 2589 
2702 2589 2668 2669 2590 
2703 2590 2669 2670 2591 
2704 2591 2670 2671 2592 
2705 2592 2671 2672 2593 
2706 2593 2672 2673 2594 
2707 2594 2673 2674 2595 
2708 2595 2674 2675 2596 
2709 2596 2675 2676 2597 
2710 2597 2676 2677 2598 
2711 2598 2677 2678 2599 
2712 2599 2678 2679 2600 
2713 2600 2679 2680 2601 
2714 2601 2680 2681 2602 
2715 2602 2681 2682 2603 
2716 2603 2682 2683 2604 
2717 2604 2683 2684 2605 
2718 2605 2684 2685 2606 
2719 2606 2685 2686 2607 
2720 2607 2686 2687 2608 
2721 2608 2687 2688 2609 
2722 2609 2688 2689 2610 
2723 2610 2689 2690 2611 
2724 2611 2690 212 213 
2725 34 35 2691 2612 
2726 2612 2691 2692 2613 
2727 2613 2692 2693 2614 
2728 2614 2693 2694 2615 
2729 2615 2694 2695 2616 
2730 2616 2695 2696 2617 
2731 2617 2696 2697 2618 
2732 2618 2697 2698 2619 
2733 2619 2698 2699 2620 
2734 2620 2699 2700 2621 
2735 2621 2700 2701 2622 
2736 2622 2701 2702 2623 
2737 2623 2702 2703 2624 
2738 2624 2703 2704 2625 
2739 2625 2704 2705 2626 
2740 2626 2705 2706 2627 
2741 2627 2706 2707 2628 
2742 2628 2707 2708 2629 
2743 2629 2708 2709 2630 
2744 2630 2709 2710 2631 
2745 2631 2710 2711 2632 
2746 2632 2711 2712 2633 
2747 2633 2712 2713 2634 
2748 2634 2713 2714 2635 
2749 2635 2714 2715 2636 
2750 2636 2715 2716 2637 
2751 2637 2716 2717 2638 
2752 2638 2717 2718 2639 
2753 2639 2718 2719 2640 
2754 2640 2719 2720 2641 
2755 2641 2720 2721 2642 
2756 2642 2721 2722 2643 
2757 2643 2722 2723 2644 
2758 2644 2723 2724 2645 
2759 2645 2724 2725 2646 
2760 2646 2725 2726 2647 
2761 2647 2726 2727 2648 
2762 2648 2727 2728 2649 
2763 2649 2728 2729 2650 
2764 2650 2729 2730 2651 
2765 2651 2730 2731 2652 
2766 2652 2731 2732 2653 
2767 2653 2732 2733 2654 
2768 2654 2733 2734 2655 
2769 2655 2734 2735 2656 
2770 2656 2735 2736 2657 
2771 2657 2736 2737 2658 
2772 2658 2737 2738 2659 
2773 2659 2738 2739 2660 
2774 2660 2739 2740 2661 
2775 2661 2740 2741 2662 
2776 2662 2741 2742 2663 
2777 2663 2742 2743 2664 
2778 2664 2743 2744 2665 
2779 2665 2744 2745 2666 
2780 2666 2745 2746 2667 
2781 2667 2746 2747 2668 
2782 2668 2747 2748 2669 
2783 2669 2748 2749 2670 
2784 2670 2749 2750 2671 
2785 2671 2750 2751 2672 
2786 2672 2751 2752 2673 
2787 2673 2752 2753 2674 
2788 2674 2753 2754 2675 
2789 2675 2754 2755 2676 
2790 2676 2755 2756 2677 
2791 2677 2756 2757 2678 
2792 2678 2757 2758 2679 
2793 2679 2758 2759 2680 
2794 2680 2759 2760 2681 
2795 2681 2760 2761 2682 
2796 2682 2761 2762 2683 
2797 2683 2762 2763 2684 
2798 2684 2763 2764 2685 
2799 2685 2764 2765 2686 
2800 2686 2765 2766 2687 
2801 2687 2766 2767 2688 
2802 2688 2767 2768 2689 
2803 2689 2768 2769 2690 
2804 2690 2769 211 212 
2805 35 36 2770 2691 
2806 2691 2770 2771 2692 
2807 2692 2771 2772 2693 
2808 2693 2772 2773 2694 
2809 2694 2773 2774 2695 
2810 2695 2774 2775 2696 
2811 2696 2775 2776 2697 
2812 2697 2776 2777 2698 
2813 2698 2777 2778 2699 
2814 2699 2778 2779 2700 
2815 2700 2779 2780 2701 
2816 2701 2780 2781 2702 
2817 2702 2781 2782 2703 
2818 2703 2782 2783 2704 
2819 2704 2783 2784 2705 
2820 2705 2784 2785 2706 
2821 2706 2785 2786 2707 
2822 2707 2786 2787 2708 
2823 2708 2787 2788 2709 
2824 2709 2788 2789 2710 
2825 2710 2789 2790 2711 
2826 2711 2790 2791 2712 
2827 2712 2791 2792 2713 
2828 2713 2792 2793 2714 
2829 2714 2793 2794 2715 
2830 2715 2794 2795 2716 
2831 2716 2795 2796 2717 
2832 2717 2796 2797 2718 
2833 2718 2797 2798 2719 
2834 2719 2798 2799 2720 
2835 2720 2799 2800 2721 
2836 2721 2800 2801 2722 
2837 2722 2801 2802 2723 
2838 2723 2802 2803 2724 
2839 2724 2803 2804 2725 
2840 2725 2804 2805 2726 
2841 2726 2805 2806 2727 
2842 2727 2806 2807 2728 
2843 2728 2807 2808 2729 
2844 2729 2808 2809 2730 
2845 2730 2809 2810 2731 
2846 2731 2810 2811 2732 
2847 2732 2811 2812 2733 
2848 2733 2812 2813 2734 
2849 2734 2813 2814 2735 
2850 2735 2814 2815 2736 
2851 2736 2815 2816 2737 
2852 2737 2816 2817 2738 
2853 2738 2817 2818 2739 
2854 2739 2818 2819 2740 
2855 2740 2819 2820 2741 
2856 2741 2820 2821 2742 
2857 2742 2821 2822 2743 
2858 2743 2822 2823 2744 
2859 2744 2823 2824 2745 
2860 2745 2824 2825 2746 
2861 2746 2825 2826 2747 
2862 2747 2826 2827 2748 
2863 2748 2827 2828 2749 
2864 2749 2828 2829 2750 
2865 2750 2829 2830 2751 
2866 2751 2830 2831 2752 
2867 2752 2831 2832 2753 
2868 2753 2832 2833 2754 
2869 2754 2833 2834 2755 
2870 2755 2834 2835 2756 
2871 2756 2835 2836 2757 
2872 2757 2836 2837 2758 
2873 2758 2837 2838 2759 
2874 2759 2838 2839 2760 
2875 2760 2839 2840 2761 
2876 2761 2840 2841 2762 
2877 2762 2841 2842 2763 
2878 2763 2842 2843 2764 
2879 2764 2843 2844 2765 
2880 2765 2844 2845 2766 
2881 2766 2845 2846 2767 
2882 2767 2846 2847 2768 
2883 2768 2847 2848 2769 
2884 2769 2848 210 211 
2885 36 37 2849 2770 
2886 2770 2849 2850 2771 
2887 2771 2850 2851 2772 
2888 2772 2851 2852 2773 
2889 2773 2852 2853 2774 
2890 2774 2853 2854 2775 
2891 2775 2854 2855 2776 
2892 2776 2855 2856 2777 
2893 2777 2856 2857 2778 
2894 2778 2857 2858 2779 
2895 2779 2858 2859 2780 
2896 2780 2859 2860 2781 
2897 2781 2860 2861 2782 
2898 2782 2861 2862 2783 
2899 2783 2862 2863 2784 
2900 2784 2863 2864 2785 
2901 2785 2864 2865 2786 
2902 2786 2865 2866 2787 
2903 2787 2866 2867 2788 
2904 2788 2867 2868 2789 
2905 2789 2868 2869 2790 
2906 2790 2869 2870 2791 
2907 2791 2870 2871 2792 
2908 2792 2871 2872 2793 
2909 2793 2872 2873 2794 
2910 2794 2873 2874 2795 
2911 2795 2874 2875 2796 
2912 2796 2875 2876 2797 
2913 2797 2876 2877 2798 
2914 2798 2877 2878 2799 
2915 2799 2878 2879 2800 
2916 2800 2879 2880 2801 
2917 2801 2880 2881 2802 
2918 2802 2881 2882 2803 
2919 2803 2882 2883 2804 
2920 2804 2883 2884 2805 
2921 2805 2884 2885 2806 
2922 2806 2885 2886 2807 
2923 2807 2886 2887 2808 
2924 2808 2887 2888 2809 
2925 2809 2888 2889 2810 
2926 2810 2889 2890 2811 
2927 2811 2890 2891 2812 
2928 2812 2891 2892 2813 
2929 2813 2892 2893 2814 
2930 2814 2893 2894 2815 
2931 2815 2894 2895 2816 
2932 2816 2895 2896 2817 
2933 2817 2896 2897 2818 
2934 2818 2897 2898 2819 
2935 2819 2898 2899 2820 
2936 2820 2899 2900 2821 
2937 2821 2900 2901 2822 
2938 2822 2901 2902 2823 
2939 2823 2902 2903 2824 
2940 2824 2903 2904 2825 
2941 2825 2904 2905 2826 
2942 2826 2905 2906 2827 
2943 2827 2906 2907 2828 
2944 2828 2907 2908 2829 
2945 2829 2908 2909 2830 
2946 2830 2909 2910 2831 
2947 2831 2910 2911 2832 
2948 2832 2911 2912 2833 
2949 2833 2912 2913 2834 
2950 2834 2913 2914 2835 
2951 2835 2914 2915 2836 
2952 2836 2915 2916 2837 
2953 2837 2916 2917 2838 
2954 2838 2917 2918 2839 
2955 2839 2918 2919 2840 
2956 2840 2919 2920 2841 
2957 2841 2920 2921 2842 
2958 2842 2921 2922 2843 
2959 2843 2922 2923 2844 
2960 2844 2923 2924 2845 
2961 2845 2924 2925 2846 
2962 2846 2925 2926 2847 
2963 2847 2926 2927 2848 
2964 2848 2927 209 210 
2965 37 38 2928 2849 
2966 2849 2928 2929 2850 
2967 2850 2929 2930 2851 
2968 2851 2930 2931 2852 
2969 2852 2931 2932 2853 
2970 2853 2932 2933 2854 
2971 2854 2933 2934 2855 
2972 2855 2934 2935 2856 
2973 2856 2935 2936 2857 
2974 2857 2936 2937 2858 
2975 2858 2937 2938 2859 
2976 2859 2938 2939 2860 
2977 2860 2939 2940 2861 
2978 2861 2940 2941 2862 
2979 2862 2941 2942 2863 
2980 2863 2942 2943 2864 
2981 2864 2943 2944 2865 
2982 2865 2944 2945 2866 
2983 2866 2945 2946 2867 
2984 2867 2946 2947 2868 
2985 2868 2947 2948 2869 
2986 2869 2948 2949 2870 
2987 2870 2949 2950 2871 
2988 2871 2950 2951 2872 
2989 2872 2951 2952 2873 
2990 2873 2952 2953 2874 
2991 2874 2953 2954 2875 
2992 2875 2954 2955 2876 
2993 2876 2955 2956 2877 
2994 2877 2956 2957 2878 
2995 2878 2957 2958 2879 
2996 2879 2958 2959 2880 
2997 2880 2959 2960 2881 
2998 2881 2960 2961 2882 
2999 2882 2961 2962 2883 
3000 2883 2962 2963 2884 
3001 2884 2963 2964 2885 
3002 2885 2964 2965 2886 
3003 2886 2965 2966 2887 
3004 2887 2966 2967 2888 
3005 2888 2967 2968 2889 
3006 2889 2968 2969 2890 
3007 2890 2969 2970 2891 
3008 2891 2970 2971 2892 
3009 2892 2971 2972 2893 
3010 2893 2972 2973 2894 
3011 2894 2973 2974 2895 
3012 2895 2974 2975 2896 
3013 2896 2975 2976 2897 
3014 2897 2976 2977 2898 
3015 2898 2977 2978 2899 
3016 2899 2978 2979 2900 
3017 2900 2979 2980 2901 
3018 2901 2980 2981 2902 
3019 2902 2981 2982 2903 
3020 2903 2982 2983 2904 
3021 2904 2983 2984 2905 
3022 2905 2984 2985 2906 
3023 2906 2985 2986 2907 
3024 2907 2986 2987 2908 
3025 2908 2987 2988 2909 
3026 2909 2988 2989 2910 
3027 2910 2989 2990 2911 
3028 2911 2990 2991 2912 
3029 2912 2991 2992 2913 
3030 2913 2992 2993 2914 
3031 2914 2993 2994 2915 
3032 2915 2994 2995 2916 
3033 2916 2995 2996 2917 
3034 2917 2996 2997 2918 
3035 2918 2997 2998 2919 
3036 2919 2998 2999 2920 
3037 2920 2999 3000 2921 
3038 2921 3000 3001 2922 
3039 2922 3001 3002 2923 
3040 2923 3002 3003 2924 
3041 2924 3003 3004 2925 
3042 2925 3004 3005 2926 
3043 2926 3005 3006 2927 
3044 2927 3006 208 209 
3045 38 39 3007 2928 
3046 2928 3007 3008 2929 
3047 2929 3008 3009 2930 
3048 2930 3009 3010 2931 
3049 2931 3010 3011 2932 
3050 2932 3011 3012 2933 
3051 2933 3012 3013 2934 
3052 2934 3013 3014 2935 
3053 2935 3014 3015 2936 
3054 2936 3015 3016 2937 
3055 2937 3016 3017 2938 
3056 2938 3017 3018 2939 
3057 2939 3018 3019 2940 
3058 2940 3019 3020 2941 
3059 2941 3020 3021 2942 
3060 2942 3021 3022 2943 
3061 2943 3022 3023 2944 
3062 2944 3023 3024 2945 
3063 2945 3024 3025 2946 
3064 2946 3025 3026 2947 
3065 2947 3026 3027 2948 
3066 2948 3027 3028 2949 
3067 2949 3028 3029 2950 
3068 2950 3029 3030 2951 
3069 2951 3030 3031 2952 
3070 2952 3031 3032 2953 
3071 2953 3032 3033 2954 
3072 2954 3033 3034 2955 
3073 2955 3034 3035 2956 
3074 2956 3035 3036 2957 
3075 2957 3036 3037 2958 
3076 2958 3037 3038 2959 
3077 2959 3038 3039 2960 
3078 2960 3039 3040 2961 
3079 2961 3040 3041 2962 
3080 2962 3041 3042 2963 
3081 2963 3042 3043 2964 
3082 2964 3043 3044 2965 
3083 2965 3044 3045 2966 
3084 2966 3045 3046 2967 
3085 2967 3046 3047 2968 
3086 2968 3047 3048 2969 
3087 2969 3048 3049 2970 
3088 2970 3049 3050 2971 
3089 2971 3050 3051 2972 
3090 2972 3051 3052 2973 
3091 2973 3052 3053 2974 
3092 2974 3053 3054 2975 
3093 2975 3054 3055 2976 
3094 2976 3055 3056 2977 
3095 2977 3056 3057 2978 
3096 2978 3057 3058 2979 
3097 2979 3058 3059 2980 
3098 2980 3059 3060 2981 
3099 2981 3060 3061 2982 
3100 2982 3061 3062 2983 
3101 2983 3062 3063 2984 
3102 2984 3063 3064 2985 
3103 2985 3064 3065 2986 
3104 2986 3065 3066 2987 
3105 2987 3066 3067 2988 
3106 2988 3067 3068 2989 
3107 2989 3068 3069 2990 
3108 2990 3069 3070 2991 
3109 2991 3070 3071 2992 
3110 2992 3071 3072 2993 
3111 2993 3072 3073 2994 
3112 2994 3073 3074 2995 
3113 2995 3074 3075 2996 
3114 2996 3075 3076 2997 
3115 2997 3076 3077 2998 
3116 2998 3077 3078 2999 
3117 2999 3078 3079 3000 
3118 3000 3079 3080 3001 
3119 3001 3080 3081 3002 
3120 3002 3081 3082 3003 
3121 3003 3082 3083 3004 
3122 3004 3083 3084 3005 
3123 3005 3084 3085 3006 
3124 3006 3085 207 208 
3125 39 40 3086 3007 
3126 3007 3086 3087 3008 
3127 3008 3087 3088 3009 
3128 3009 3088 3089 3010 
3129 3010 3089 3090 3011 
3130 3011 3090 3091 3012 
3131 3012 3091 3092 3013 
3132 3013 3092 3093 3014 
3133 3014 3093 3094 3015 
3134 3015 3094 3095 3016 
3135 3016 3095 3096 3017 
3136 3017 3096 3097 3018 
3137 3018 3097 3098 3019 
3138 3019 3098 3099 3020 
3139 3020 3099 3100 3021 
3140 3021 3100 3101 3022 
3141 3022 3101 3102 3023 
3142 3023 3102 3103 3024 
3143 3024 3103 3104 3025 
3144 3025 3104 3105 3026 
3145 3026 3105 3106 3027 
3146 3027 3106 3107 3028 
3147 3028 3107 3108 3029 
3148 3029 3108 3109 3030 
3149 3030 3109 3110 3031 
3150 3031 3110 3111 3032 
3151 3032 3111 3112 3033 
3152 3033 3112 3113 3034 
3153 3034 3113 3114 3035 
3154 3035 3114 3115 3036 
3155 3036 3115 3116 3037 
3156 3037 3116 3117 3038 
3157 3038 3117 3118 3039 
3158 3039 3118 3119 3040 
3159 3040 3119 3120 3041 
3160 3041 3120 3121 3042 
3161 3042 3121 3122 3043 
3162 3043 3122 3123 3044 
3163 3044 3123 3124 3045 
3164 3045 3124 3125 3046 
3165 3046 3125 3126 3047 
3166 3047 3126 3127 3048 
3167 3048 3127 3128 3049 
3168 3049 3128 3129 3050 
3169 3050 3129 3130 3051 
3170 3051 3130 3131 3052 
3171 3052 3131 3132 3053 
3172 3053 3132 3133 3054 
3173 3054 3133 3134 3055 
3174 3055 3134 3135 3056 
3175 3056 3135 3136 3057 
3176 3057 3136 3137 3058 
3177 3058 3137 3138 3059 
3178 3059 3138 3139 3060 
3179 3060 3139 3140 3061 
3180 3061 3140 3141 3062 
3181 3062 3141 3142 3063 
3182 3063 3142 3143 3064 
3183 3064 3143 3144 3065 
3184 3065 3144 3145 3066 
3185 3066 3145 3146 3067 
3186 3067 3146 3147 3068 
3187 3068 3147 3148 3069 
3188 3069 3148 3149 3070 
3189 3070 3149 3150 3071 
3190 3071 3150 3151 3072 
3191 3072 3151 3152 3073 
3192 3073 3152 3153 3074 
3193 3074 3153 3154 3075 
3194 3075 3154 3155 3076 
3195 3076 3155 3156 3077 
3196 3077 3156 3157 3078 
3197 3078 3157 3158 3079 
3198 3079 3158 3159 3080 
3199 3080 3159 3160 3081 
3200 3081 3160 3161 3082 
3201 3082 3161 3162 3083 
3202 3083 3162 3163 3084 
3203 3084 3163 3164 3085 
3204 3085 3164 206 207 
3205 40 41 3165 3086 
3206 3086 3165 3166 3087 
3207 3087 3166 3167 3088 
3208 3088 3167 3168 3089 
3209 3089 3168 3169 3090 
3210 3090 3169 3170 3091 
3211 3091 3170 3171 3092 
3212 3092 3171 3172 3093 
3213 3093 3172 3173 3094 
3214 3094 3173 3174 3095 
3215 3095 3174 3175 3096 
3216 3096 3175 3176 3097 
3217 3097 3176 3177 3098 
3218 3098 3177 3178 3099 
3219 3099 3178 3179 3100 
3220 3100 3179 3180 3101 
3221 3101 3180 3181 3102 
3222 3102 3181 3182 3103 
3223 3103 3182 3183 3104 
3224 3104 3183 3184 3105 
3225 3105 3184 3185 3106 
3226 3106 3185 3186 3107 
3227 3107 3186 3187 3108 
3228 3108 3187 3188 3109 
3229 3109 3188 3189 3110 
3230 3110 3189 3190 3111 
3231 3111 3190 3191 3112 
3232 3112 3191 3192 3113 
3233 3113 3192 3193 3114 
3234 3114 3193 3194 3115 
3235 3115 3194 3195 3116 
3236 3116 3195 3196 3117 
3237 3117 3196 3197 3118 
3238 3118 3197 3198 3119 
3239 3119 3198 3199 3120 
3240 3120 3199 3200 3121 
3241 3121 3200 3201 3122 
3242 3122 3201 3202 3123 
3243 3123 3202 3203 3124 
3244 3124 3203 3204 3125 
3245 3125 3204 3205 3126 
3246 3126 3205 3206 3127 
3247 3127 3206 3207 3128 
3248 3128 3207 3208 3129 
3249 3129 3208 3209 3130 
3250 3130 3209 3210 3131 
3251 3131 3210 3211 3132 
3252 3132 3211 3212 3133 
3253 3133 3212 3213 3134 
3254 3134 3213 3214 3135 
3255 3135 3214 3215 3136 
3256 3136 3215 3216 3137 
3257 3137 3216 3217 3138 
3258 3138 3217 3218 3139 
3259 3139 3218 3219 3140 
3260 3140 3219 3220 3141 
3261 3141 3220 3221 3142 
3262 3142 3221 3222 3143 
3263 3143 3222 3223 3144 
3264 3144 3223 3224 3145 
3265 3145 3224 3225 3146 
3266 3146 3225 3226 3147 
3267 3147 3226 3227 3148 
3268 3148 3227 3228 3149 
3269 3149 3228 3229 3150 
3270 3150 3229 3230 3151 
3271 3151 3230 3231 3152 
3272 3152 3231 3232 3153 
3273 3153 3232 3233 3154 
3274 3154 3233 3234 3155 
3275 3155 3234 3235 3156 
3276 3156 3235 3236 3157 
3277 3157 3236 3237 3158 
3278 3158 3237 3238 3159 
3279 3159 3238 3239 3160 
3280 3160 3239 3240 3161 
3281 3161 3240 3241 3162 
3282 3162 3241 3242 3163 
3283 3163 3242 3243 3164 
3284 3164 3243 205 206 
3285 41 42 3244 3165 
3286 3165 3244 3245 3166 
3287 3166 3245 3246 3167 
3288 3167 3246 3247 3168 
3289 3168 3247 3248 3169 
3290 3169 3248 3249 3170 
3291 3170 3249 3250 3171 
3292 3171 3250 3251 3172 
3293 3172 3251 3252 3173 
3294 3173 3252 3253 3174 
3295 3174 3253 3254 3175 
3296 3175 3254 3255 3176 
3297 3176 3255 3256 3177 
3298 3177 3256 3257 3178 
3299 3178 3257 3258 3179 
3300 3179 3258 3259 3180 
3301 3180 3259 3260 3181 
3302 3181 3260 3261 3182 
3303 3182 3261 3262 3183 
3304 3183 3262 3263 3184 
3305 3184 3263 3264 3185 
3306 3185 3264 3265 3186 
3307 3186 3265 3266 3187 
3308 3187 3266 3267 3188 
3309 3188 3267 3268 3189 
3310 3189 3268 3269 3190 
3311 3190 3269 3270 3191 
3312 3191 3270 3271 3192 
3313 3192 3271 3272 3193 
3314 3193 3272 3273 3194 
3315 3194 3273 3274 3195 
3316 3195 3274 3275 3196 
3317 3196 3275 3276 3197 
3318 3197 3276 3277 3198 
3319 3198 3277 3278 3199 
3320 3199 3278 3279 3200 
3321 3200 3279 3280 3201 
3322 3201 3280 3281 3202 
3323 3202 3281 3282 3203 
3324 3203 3282 3283 3204 
3325 3204 3283 3284 3205 
3326 3205 3284 3285 3206 
3327 3206 3285 3286 3207 
3328 3207 3286 3287 3208 
3329 3208 3287 3288 3209 
3330 3209 3288 3289 3210 
3331 3210 3289 3290 3211 
3332 3211 3290 3291 3212 
3333 3212 3291 3292 3213 
3334 3213 3292 3293 3214 
3335 3214 3293 3294 3215 
3336 3215 3294 3295 3216 
3337 3216 3295 3296 3217 
3338 3217 3296 3297 3218 
3339 3218 3297 3298 3219 
3340 3219 3298 3299 3220 
3341 3220 3299 3300 3221 
3342 3221 3300 3301 3222 
3343 3222 3301 3302 3223 
3344 3223 3302 3303 3224 
3345 3224 3303 3304 3225 
3346 3225 3304 3305 3226 
3347 3226 3305 3306 3227 
3348 3227 3306 3307 3228 
3349 3228 3307 3308 3229 
3350 3229 3308 3309 3230 
3351 3230 3309 3310 3231 
3352 3231 3310 3311 3232 
3353 3232 3311 3312 3233 
3354 3233 3312 3313 3234 
3355 3234 3313 3314 3235 
3356 3235 3314 3315 3236 
3357 3236 3315 3316 3237 
3358 3237 3316 3317 3238 
3359 3238 3317 3318 3239 
3360 3239 3318 3319 3240 
3361 3240 3319 3320 3241 
3362 3241 3320 3321 3242 
3363 3242 3321 3322 3243 
3364 3243 3322 204 205 
3365 42 43 3323 3244 
3366 3244 3323 3324 3245 
3367 3245 3324 3325 3246 
3368 3246 3325 3326 3247 
3369 3247 3326 3327 3248 
3370 3248 3327 3328 3249 
3371 3249 3328 3329 3250 
3372 3250 3329 3330 3251 
3373 3251 3330 3331 3252 
3374 3252 3331 3332 3253 
3375 3253 3332 3333 3254 
3376 3254 3333 3334 3255 
3377 3255 3334 3335 3256 
3378 3256 3335 3336 3257 
3379 3257 3336 3337 3258 
3380 3258 3337 3338 3259 
3381 3259 3338 3339 3260 
3382 3260 3339 3340 3261 
3383 3261 3340 3341 3262 
3384 3262 3341 3342 3263 
3385 3263 3342 3343 3264 
3386 3264 3343 3344 3265 
3387 3265 3344 3345 3266 
3388 3266 3345 3346 3267 
3389 3267 3346 3347 3268 
3390 3268 3347 3348 3269 
3391 3269 3348 3349 3270 
3392 3270 3349 3350 3271 
3393 3271 3350 3351 3272 
3394 3272 3351 3352 3273 
3395 3273 3352 3353 3274 
3396 3274 3353 3354 3275 
3397 3275 3354 3355 3276 
3398 3276 3355 3356 3277 
3399 3277 3356 3357 3278 
3400 3278 3357 3358 3279 
3401 3279 3358 3359 3280 
3402 3280 3359 3360 3281 
3403 3281 3360 3361 3282 
3404 3282 3361 3362 3283 
3405 3283 3362 3363 3284 
3406 3284 3363 3364 3285 
3407 3285 3364 3365 3286 
3408 3286 3365 3366 3287 
3409 3287 3366 3367 3288 
3410 3288 3367 3368 3289 
3411 3289 3368 3369 3290 
3412 3290 3369 3370 3291 
3413 3291 3370 3371 3292 
3414 3292 3371 3372 3293 
3415 3293 3372 3373 3294 
3416 3294 3373 3374 3295 
3417 3295 3374 3375 3296 
3418 3296 3375 3376 3297 
3419 3297 3376 3377 3298 
3420 3298 3377 3378 3299 
3421 3299 3378 3379 3300 
3422 3300 3379 3380 3301 
3423 3301 3380 3381 3302 
3424 3302 3381 3382 3303 
3425 3303 3382 3383 3304 
3426 3304 3383 3384 3305 
3427 3305 3384 3385 3306 
3428 3306 3385 3386 3307 
3429 3307 3386 3387 3308 
3430 3308 3387 3388 3309 
3431 3309 3388 3389 3310 
3432 3310 3389 3390 3311 
3433 3311 3390 3391 3312 
3434 3312 3391 3392 3313 
3435 3313 3392 3393 3314 
3436 3314 3393 3394 3315 
3437 3315 3394 3395 3316 
3438 3316 3395 3396 3317 
3439 3317 3396 3397 3318 
3440 3318 3397 3398 3319 
3441 3319 3398 3399 3320 
3442 3320 3399 3400 3321 
3443 3321 3400 3401 3322 
3444 3322 3401 203 204 
3445 43 44 3402 3323 
3446 3323 3402 3403 3324 
3447 3324 3403 3404 3325 
3448 3325 3404 3405 3326 
3449 3326 3405 3406 3327 
3450 3327 3406 3407 3328 
3451 3328 3407 3408 3329 
3452 3329 3408 3409 3330 
3453 3330 3409 3410 3331 
3454 3331 3410 3411 3332 
3455 3332 3411 3412 3333 
3456 3333 3412 3413 3334 
3457 3334 3413 3414 3335 
3458 3335 3414 3415 3336 
3459 3336 3415 3416 3337 
3460 3337 3416 3417 3338 
3461 3338 3417 3418 3339 
3462 3339 3418 3419 3340 
3463 3340 3419 3420 3341 
3464 3341 3420 3421 3342 
3465 3342 3421 3422 3343 
3466 3343 3422 3423 3344 
3467 3344 3423 3424 3345 
3468 3345 3424 3425 3346 
3469 3346 3425 3426 3347 
3470 3347 3426 3427 3348 
3471 3348 3427 3428 3349 
3472 3349 3428 3429 3350 
3473 3350 3429 3430 3351 
3474 3351 3430 3431 3352 
3475 3352 3431 3432 3353 
3476 3353 3432 3433 3354 
3477 3354 3433 3434 3355 
3478 3355 3434 3435 3356 
3479 3356 3435 3436 3357 
3480 3357 3436 3437 3358 
3481 3358 3437 3438 3359 
3482 3359 3438 3439 3360 
3483 3360 3439 3440 3361 
3484 3361 3440 3441 3362 
3485 3362 3441 3442 3363 
3486 3363 3442 3443 3364 
3487 3364 3443 3444 3365 
3488 3365 3444 3445 3366 
3489 3366 3445 3446 3367 
3490 3367 3446 3447 3368 
3491 3368 3447 3448 3369 
3492 3369 3448 3449 3370 
3493 3370 3449 3450 3371 
3494 3371 3450 3451 3372 
3495 3372 3451 3452 3373 
3496 3373 3452 3453 3374 
3497 3374 3453 3454 3375 
3498 3375 3454 3455 3376 
3499 3376 3455 3456 3377 
3500 3377 3456 3457 3378 
3501 3378 3457 3458 3379 
3502 3379 3458 3459 3380 
3503 3380 3459 3460 3381 
3504 3381 3460 3461 3382 
3505 3382 3461 3462 3383 
3506 3383 3462 3463 3384 
3507 3384 3463 3464 3385 
3508 3385 3464 3465 3386 
3509 3386 3465 3466 3387 
3510 3387 3466 3467 3388 
3511 3388 3467 3468 3389 
3512 3389 3468 3469 3390 
3513 3390 3469 3470 3391 
3514 3391 3470 3471 3392 
3515 3392 3471 3472 3393 
3516 3393 3472 3473 3394 
3517 3394 3473 3474 3395 
3518 3395 3474 3475 3396 
3519 3396 3475 3476 3397 
3520 3397 3476 3477 3398 
3521 3398 3477 3478 3399 
3522 3399 3478 3479 3400 
3523 3400 3479 3480 3401 
3524 3401 3480 202 203 
3525 44 45 3481 3402 
3526 3402 3481 3482 3403 
3527 3403 3482 3483 3404 
3528 3404 3483 3484 3405 
3529 3405 3484 3485 3406 
3530 3406 3485 3486 3407 
3531 3407 3486 3487 3408 
3532 3408 3487 3488 3409 
3533 3409 3488 3489 3410 
3534 3410 3489 3490 3411 
3535 3411 3490 3491 3412 
3536 3412 3491 3492 3413 
3537 3413 3492 3493 3414 
3538 3414 3493 3494 3415 
3539 3415 3494 3495 3416 
3540 3416 3495 3496 3417 
3541 3417 3496 3497 3418 
3542 3418 3497 3498 3419 
3543 3419 3498 3499 3420 
3544 3420 3499 3500 3421 
3545 3421 3500 3501 3422 
3546 3422 3501 3502 3423 
3547 3423 3502 3503 3424 
3548 3424 3503 3504 3425 
3549 3425 3504 3505 3426 
3550 3426 3505 3506 3427 
3551 3427 3506 3507 3428 
3552 3428 3507 3508 3429 
3553 3429 3508 3509 3430 
3554 3430 3509 3510 3431 
3555 3431 3510 3511 3432 
3556 3432 3511 3512 3433 
3557 3433 3512 3513 3434 
3558 3434 3513 3514 3435 
3559 3435 3514 3515 3436 
3560 3436 3515 3516 3437 
3561 3437 3516 3517 3438 
3562 3438 3517 3518 3439 
3563 3439 3518 3519 3440 
3564 3440 3519 3520 3441 
3565 3441 3520 3521 3442 
3566 3442 3521 3522 3443 
3567 3443 3522 3523 3444 
3568 3444 3523 3524 3445 
3569 3445 3524 3525 3446 
3570 3446 3525 3526 3447 
3571 3447 3526 3527 3448 
3572 3448 3527 3528 3449 
3573 3449 3528 3529 3450 
3574 3450 3529 3530 3451 
3575 3451 3530 3531 3452 
3576 3452 3531 3532 3453 
3577 3453 3532 3533 3454 
3578 3454 3533 3534 3455 
3579 3455 3534 3535 3456 
3580 3456 3535 3536 3457 
3581 3457 3536 3537 3458 
3582 3458 3537 3538 3459 
3583 3459 3538 3539 3460 
3584 3460 3539 3540 3461 
3585 3461 3540 3541 3462 
3586 3462 3541 3542 3463 
3587 3463 3542 3543 3464 
3588 3464 3543 3544 3465 
3589 3465 3544 3545 3466 
3590 3466 3545 3546 3467 
3591 3467 3546 3547 3468 
3592 3468 3547 3548 3469 
3593 3469 3548 3549 3470 
3594 3470 3549 3550 3471 
3595 3471 3550 3551 3472 
3596 3472 3551 3552 3473 
3597 3473 3552 3553 3474 
3598 3474 3553 3554 3475 
3599 3475 3554 3555 3476 
3600 3476 3555 3556 3477 
3601 3477 3556 3557 3478 
3602 3478 3557 3558 3479 
3603 3479 3558 3559 3480 
3604 3480 3559 201 202 
3605 45 46 3560 3481 
3606 3481 3560 3561 3482 
3607 3482 3561 3562 3483 
3608 3483 3562 3563 3484 
3609 3484 3563 3564 3485 
3610 3485 3564 3565 3486 
3611 3486 3565 3566 3487 
3612 3487 3566 3567 3488 
3613 3488 3567 3568 3489 
3614 3489 3568 3569 3490 
3615 3490 3569 3570 3491 
3616 3491 3570 3571 3492 
3617 3492 3571 3572 3493 
3618 3493 3572 3573 3494 
3619 3494 3573 3574 3495 
3620 3495 3574 3575 3496 
3621 3496 3575 3576 3497 
3622 3497 3576 3577 3498 
3623 3498 3577 3578 3499 
3624 3499 3578 3579 3500 
3625 3500 3579 3580 3501 
3626 3501 3580 3581 3502 
3627 3502 3581 3582 3503 
3628 3503 3582 3583 3504 
3629 3504 3583 3584 3505 
3630 3505 3584 3585 3506 
3631 3506 3585 3586 3507 
3632 3507 3586 3587 3508 
3633 3508 3587 3588 3509 
3634 3509 3588 3589 3510 
3635 3510 3589 3590 3511 
3636 3511 3590 3591 3512 
3637 3512 3591 3592 3513 
3638 3513 3592 3593 3514 
3639 3514 3593 3594 3515 
3640 3515 3594 3595 3516 
3641 3516 3595 3596 3517 
3642 3517 3596 3597 3518 
3643 3518 3597 3598 3519 
3644 3519 3598 3599 3520 
3645 3520 3599 3600 3521 
3646 3521 3600 3601 3522 
3647 3522 3601 3602 3523 
3648 3523 3602 3603 3524 
3649 3524 3603 3604 3525 
3650 3525 3604 3605 3526 
3651 3526 3605 3606 3527 
3652 3527 3606 3607 3528 
3653 3528 3607 3608 3529 
3654 3529 3608 3609 3530 
3655 3530 3609 3610 3531 
3656 3531 3610 3611 3532 
3657 3532 3611 3612 3533 
3658 3533 3612 3613 3534 
3659 3534 3613 3614 3535 
3660 3535 3614 3615 3536 
3661 3536 3615 3616 3537 
3662 3537 3616 3617 3538 
3663 3538 3617 3618 3539 
3664 3539 3618 3619 3540 
3665 3540 3619 3620 3541 
3666 3541 3620 3621 3542 
3667 3542 3621 3622 3543 
3668 3543 3622 3623 3544 
3669 3544 3623 3624 3545 
3670 3545 3624 3625 3546 
3671 3546 3625 3626 3547 
3672 3547 3626 3627 3548 
3673 3548 3627 3628 3549 
3674 3549 3628 3629 3550 
3675 3550 3629 3630 3551 
3676 3551 3630 3631 3552 
3677 3552 3631 3632 3553 
3678 3553 3632 3633 3554 
3679 3554 3633 3634 3555 
3680 3555 3634 3635 3556 
3681 3556 3635 3636 3557 
3682 3557 3636 3637 3558 
3683 3558 3637 3638 3559 
3684 3559 3638 200 201 
3685 46 47 3639 3560 
3686 3560 3639 3640 3561 
3687 3561 3640 3641 3562 
3688 3562 3641 3642 3563 
3689 3563 3642 3643 3564 
3690 3564 3643 3644 3565 
3691 3565 3644 3645 3566 
3692 3566 3645 3646 3567 
3693 3567 3646 3647 3568 
3694 3568 3647 3648 3569 
3695 3569 3648 3649 3570 
3696 3570 3649 3650 3571 
3697 3571 3650 3651 3572 
3698 3572 3651 3652 3573 
3699 3573 3652 3653 3574 
3700 3574 3653 3654 3575 
3701 3575 3654 3655 3576 
3702 3576 3655 3656 3577 
3703 3577 3656 3657 3578 
3704 3578 3657 3658 3579 
3705 3579 3658 3659 3580 
3706 3580 3659 3660 3581 
3707 3581 3660 3661 3582 
3708 3582 3661 3662 3583 
3709 3583 3662 3663 3584 
3710 3584 3663 3664 3585 
3711 3585 3664 3665 3586 
3712 3586 3665 3666 3587 
3713 3587 3666 3667 3588 
3714 3588 3667 3668 3589 
3715 3589 3668 3669 3590 
3716 3590 3669 3670 3591 
3717 3591 3670 3671 3592 
3718 3592 3671 3672 3593 
3719 3593 3672 3673 3594 
3720 3594 3673 3674 3595 
3721 3595 3674 3675 3596 
3722 3596 3675 3676 3597 
3723 3597 3676 3677 3598 
3724 3598 3677 3678 3599 
3725 3599 3678 3679 3600 
3726 3600 3679 3680 3601 
3727 3601 3680 3681 3602 
3728 3602 3681 3682 3603 
3729 3603 3682 3683 3604 
3730 3604 3683 3684 3605 
3731 3605 3684 3685 3606 
3732 3606 3685 3686 3607 
3733 3607 3686 3687 3608 
3734 3608 3687 3688 3609 
3735 3609 3688 3689 3610 
3736 3610 3689 3690 3611 
3737 3611 3690 3691 3612 
3738 3612 3691 3692 3613 
3739 3613 3692 3693 3614 
3740 3614 3693 3694 3615 
3741 3615 3694 3695 3616 
3742 3616 3695 3696 3617 
3743 3617 3696 3697 3618 
3744 3618 3697 3698 3619 
3745 3619 3698 3699 3620 
3746 3620 3699 3700 3621 
3747 3621 3700 3701 3622 
3748 3622 3701 3702 3623 
3749 3623 3702 3703 3624 
3750 3624 3703 3704 3625 
3751 3625 3704 3705 3626 
3752 3626 3705 3706 3627 
3753 3627 3706 3707 3628 
3754 3628 3707 3708 3629 
3755 3629 3708 3709 3630 
3756 3630 3709 3710 3631 
3757 3631 3710 3711 3632 
3758 3632 3711 3712 3633 
3759 3633 3712 3713 3634 
3760 3634 3713 3714 3635 
3761 3635 3714 3715 3636 
3762 3636 3715 3716 3637 
3763 3637 3716 3717 3638 
3764 3638 3717 199 200 
3765 47 48 3718 3639 
3766 3639 3718 3719 3640 
3767 3640 3719 3720 3641 
3768 3641 3720 3721 3642 
3769 3642 3721 3722 3643 
3770 3643 3722 3723 3644 
3771 3644 3723 3724 3645 
3772 3645 3724 3725 3646 
3773 3646 3725 3726 3647 
3774 3647 3726 3727 3648 
3775 3648 3727 3728 3649 
3776 3649 3728 3729 3650 
3777 3650 3729 3730 3651 
3778 3651 3730 3731 3652 
3779 3652 3731 3732 3653 
3780 3653 3732 3733 3654 
3781 3654 3733 3734 3655 
3782 3655 3734 3735 3656 
3783 3656 3735 3736 3657 
3784 3657 3736 3737 3658 
3785 3658 3737 3738 3659 
3786 3659 3738 3739 3660 
3787 3660 3739 3740 3661 
3788 3661 3740 3741 3662 
3789 3662 3741 3742 3663 
3790 3663 3742 3743 3664 
3791 3664 3743 3744 3665 
3792 3665 3744 3745 3666 
3793 3666 3745 3746 3667 
3794 3667 3746 3747 3668 
3795 3668 3747 3748 3669 
3796 3669 3748 3749 3670 
3797 3670 3749 3750 3671 
3798 3671 3750 3751 3672 
3799 3672 3751 3752 3673 
3800 3673 3752 3753 3674 
3801 3674 3753 3754 3675 
3802 3675 3754 3755 3676 
3803 3676 3755 3756 3677 
3804 3677 3756 3757 3678 
3805 3678 3757 3758 3679 
3806 3679 3758 3759 3680 
3807 3680 3759 3760 3681 
3808 3681 3760 3761 3682 
3809 3682 3761 3762 3683 
3810 3683 3762 3763 3684 
3811 3684 3763 3764 3685 
3812 3685 3764 3765 3686 
3813 3686 3765 3766 3687 
3814 3687 3766 3767 3688 
3815 3688 3767 3768 3689 
3816 3689 3768 3769 3690 
3817 3690 3769 3770 3691 
3818 3691 3770 3771 3692 
3819 3692 3771 3772 3693 
3820 3693 3772 3773 3694 
3821 3694 3773 3774 3695 
3822 3695 3774 3775 3696 
3823 3696 3775 3776 3697 
3824 3697 3776 3777 3698 
3825 3698 3777 3778 3699 
3826 3699 3778 3779 3700 
3827 3700 3779 3780 3701 
3828 3701 3780 3781 3702 
3829 3702 3781 3782 3703 
3830 3703 3782 3783 3704 
3831 3704 3783 3784 3705 
3832 3705 3784 3785 3706 
3833 3706 3785 3786 3707 
3834 3707 3786 3787 3708 
3835 3708 3787 3788 3709 
3836 3709 3788 3789 3710 
3837 3710 3789 3790 3711 
3838 3711 3790 3791 3712 
3839 3712 3791 3792 3713 
3840 3713 3792 3793 3714 
3841 3714 3793 3794 3715 
3842 3715 3794 3795 3716 
3843 3716 3795 3796 3717 
3844 3717 3796 198 199 
3845 48 49 3797 3718 
3846 3718 3797 3798 3719 
3847 3719 3798 3799 3720 
3848 3720 3799 3800 3721 
3849 3721 3800 3801 3722 
3850 3722 3801 3802 3723 
3851 3723 3802 3803 3724 
3852 3724 3803 3804 3725 
3853 3725 3804 3805 3726 
3854 3726 3805 3806 3727 
3855 3727 3806 3807 3728 
3856 3728 3807 3808 3729 
3857 3729 3808 3809 3730 
3858 3730 3809 3810 3731 
3859 3731 3810 3811 3732 
3860 3732 3811 3812 3733 
3861 3733 3812 3813 3734 
3862 3734 3813 3814 3735 
3863 3735 3814 3815 3736 
3864 3736 3815 3816 3737 
3865 3737 3816 3817 3738 
3866 3738 3817 3818 3739 
3867 3739 3818 3819 3740 
3868 3740 3819 3820 3741 
3869 3741 3820 3821 3742 
3870 3742 3821 3822 3743 
3871 3743 3822 3823 3744 
3872 3744 3823 3824 3745 
3873 3745 3824 3825 3746 
3874 3746 3825 3826 3747 
3875 3747 3826 3827 3748 
3876 3748 3827 3828 3749 
3877 3749 3828 3829 3750 
3878 3750 3829 3830 3751 
3879 3751 3830 3831 3752 
3880 3752 3831 3832 3753 
3881 3753 3832 3833 3754 
3882 3754 3833 3834 3755 
3883 3755 3834 3835 3756 
3884 3756 3835 3836 3757 
3885 3757 3836 3837 3758 
3886 3758 3837 3838 3759 
3887 3759 3838 3839 3760 
3888 3760 3839 3840 3761 
3889 3761 3840 3841 3762 
3890 3762 3841 3842 3763 
3891 3763 3842 3843 3764 
3892 3764 3843 3844 3765 
3893 3765 3844 3845 3766 
3894 3766 3845 3846 3767 
3895 3767 3846 3847 3768 
3896 3768 3847 3848 3769 
3897 3769 3848 3849 3770 
3898 3770 3849 3850 3771 
3899 3771 3850 3851 3772 
3900 3772 3851 3852 3773 
3901 3773 3852 3853 3774 
3902 3774 3853 3854 3775 
3903 3775 3854 3855 3776 
3904 3776 3855 3856 3777 
3905 3777 3856 3857 3778 
3906 3778 3857 3858 3779 
3907 3779 3858 3859 3780 
3908 3780 3859 3860 3781 
3909 3781 3860 3861 3782 
3910 3782 3861 3862 3783 
3911 3783 3862 3863 3784 
3912 3784 3863 3864 3785 
3913 3785 3864 3865 3786 
3914 3786 3865 3866 3787 
3915 3787 3866 3867 3788 
3916 3788 3867 3868 3789 
3917 3789 3868 3869 3790 
3918 3790 3869 3870 3791 
3919 3791 3870 3871 3792 
3920 3792 3871 3872 3793 
3921 3793 3872 3873 3794 
3922 3794 3873 3874 3795 
3923 3795 3874 3875 3796 
3924 3796 3875 197 198 
3925 49 50 3876 3797 
3926 3797 3876 3877 3798 
3927 3798 3877 3878 3799 
3928 3799 3878 3879 3800 
3929 3800 3879 3880 3801 
3930 3801 3880 3881 3802 
3931 3802 3881 3882 3803 
3932 3803 3882 3883 3804 
3933 3804 3883 3884 3805 
3934 3805 3884 3885 3806 
3935 3806 3885 3886 3807 
3936 3807 3886 3887 3808 
3937 3808 3887 3888 3809 
3938 3809 3888 3889 3810 
3939 3810 3889 3890 3811 
3940 3811 3890 3891 3812 
3941 3812 3891 3892 3813 
3942 3813 3892 3893 3814 
3943 3814 3893 3894 3815 
3944 3815 3894 3895 3816 
3945 3816 3895 3896 3817 
3946 3817 3896 3897 3818 
3947 3818 3897 3898 3819 
3948 3819 3898 3899 3820 
3949 3820 3899 3900 3821 
3950 3821 3900 3901 3822 
3951 3822 3901 3902 3823 
3952 3823 3902 3903 3824 
3953 3824 3903 3904 3825 
3954 3825 3904 3905 3826 
3955 3826 3905 3906 3827 
3956 3827 3906 3907 3828 
3957 3828 3907 3908 3829 
3958 3829 3908 3909 3830 
3959 3830 3909 3910 3831 
3960 3831 3910 3911 3832 
3961 3832 3911 3912 3833 
3962 3833 3912 3913 3834 
3963 3834 3913 3914 3835 
3964 3835 3914 3915 3836 
3965 3836 3915 3916 3837 
3966 3837 3916 3917 3838 
3967 3838 3917 3918 3839 
3968 3839 3918 3919 3840 
3969 3840 3919 3920 3841 
3970 3841 3920 3921 3842 
3971 3842 3921 3922 3843 
3972 3843 3922 3923 3844 
3973 3844 3923 3924 3845 
3974 3845 3924 3925 3846 
3975 3846 3925 3926 3847 
3976 3847 3926 3927 3848 
3977 3848 3927 3928 3849 
3978 3849 3928 3929 3850 
3979 3850 3929 3930 3851 
3980 3851 3930 3931 3852 
3981 3852 3931 3932 3853 
3982 3853 3932 3933 3854 
3983 3854 3933 3934 3855 
3984 3855 3934 3935 3856 
3985 3856 3935 3936 3857 
3986 3857 3936 3937 3858 
3987 3858 3937 3938 3859 
3988 3859 3938 3939 3860 
3989 3860 3939 3940 3861 
3990 3861 3940 3941 3862 
3991 3862 3941 3942 3863 
3992 3863 3942 3943 3864 
3993 3864 3943 3944 3865 
3994 3865 3944 3945 3866 
3995 3866 3945 3946 3867 
3996 3867 3946 3947 3868 
3997 3868 3947 3948 3869 
3998 3869 3948 3949 3870 
3999 3870 3949 3950 3871 
4000 3871 3950 3951 3872 
4001 3872 3951 3952 3873 
4002 3873 3952 3953 3874 
4003 3874 3953 3954 3875 
4004 3875 3954 196 197 
4005 50 51 3955 3876 
4006 3876 3955 3956 3877 
4007 3877 3956 3957 3878 
4008 3878 3957 3958 3879 
4009 3879 3958 3959 3880 
4010 3880 3959 3960 3881 
4011 3881 3960 3961 3882 
4012 3882 3961 3962 3883 
4013 3883 3962 3963 3884 
4014 3884 3963 3964 3885 
4015 3885 3964 3965 3886 
4016 3886 3965 3966 3887 
4017 3887 3966 3967 3888 
4018 3888 3967 3968 3889 
4019 3889 3968 3969 3890 
4020 3890 3969 3970 3891 
4021 3891 3970 3971 3892 
4022 3892 3971 3972 3893 
4023 3893 3972 3973 3894 
4024 3894 3973 3974 3895 
4025 3895 3974 3975 3896 
4026 3896 3975 3976 3897 
4027 3897 3976 3977 3898 
4028 3898 3977 3978 3899 
4029 3899 3978 3979 3900 
4030 3900 3979 3980 3901 
4031 3901 3980 3981 3902 
4032 3902 3981 3982 3903 
4033 3903 3982 3983 3904 
4034 3904 3983 3984 3905 
4035 3905 3984 3985 3906 
4036 3906 3985 3986 3907 
4037 3907 3986 3987 3908 
4038 3908 3987 3988 3909 
4039 3909 3988 3989 3910 
4040 3910 3989 3990 3911 
4041 3911 3990 3991 3912 
4042 3912 3991 3992 3913 
4043 3913 3992 3993 3914 
4044 3914 3993 3994 3915 
4045 3915 3994 3995 3916 
4046 3916 3995 3996 3917 
4047 3917 3996 3997 3918 
4048 3918 3997 3998 3919 
4049 3919 3998 3999 3920 
4050 3920 3999 4000 3921 
4051 3921 4000 4001 3922 
4052 3922 4001 4002 3923 
4053 3923 4002 4003 3924 
4054 3924 4003 4004 3925 
4055 3925 4004 4005 3926 
4056 3926 4005 4006 3927 
4057 3927 4006 4007 3928 
4058 3928 4007 4008 3929 
4059 3929 4008 4009 3930 
4060 3930 4009 4010 3931 
4061 3931 4010 4011 3932 
4062 3932 4011 4012 3933 
4063 3933 4012 4013 3934 
4064 3934 4013 4014 3935 
4065 3935 4014 4015 3936 
4066 3936 4015 4016 3937 
4067 3937 4016 4017 3938 
4068 3938 4017 4018 3939 
4069 3939 4018 4019 3940 
4070 3940 4019 4020 3941 
4071 3941 4020 4021 3942 
4072 3942 4021 4022 3943 
4073 3943 4022 4023 3944 
4074 3944 4023 4024 3945 
4075 3945 4024 4025 3946 
4076 3946 4025 4026 3947 
4077 3947 4026 4027 3948 
4078 3948 4027 4028 3949 
4079 3949 4028 4029 3950 
4080 3950 4029 4030 3951 
4081 3951 4030 4031 3952 
4082 3952 4031 4032 3953 
4083 3953 4032 4033 3954 
4084 3954 4033 195 196 
4085 51 52 4034 3955 
4086 3955 4034 4035 3956 
4087 3956 4035 4036 3957 
4088 3957 4036 4037 3958 
4089 3958 4037 4038 3959 
4090 3959 4038 4039 3960 
4091 3960 4039 4040 3961 
4092 3961 4040 4041 3962 
4093 3962 4041 4042 3963 
4094 3963 4042 4043 3964 
4095 3964 4043 4044 3965 
4096 3965 4044 4045 3966 
4097 3966 4045 4046 3967 
4098 3967 4046 4047 3968 
4099 3968 4047 4048 3969 
4100 3969 4048 4049 3970 
4101 3970 4049 4050 3971 
4102 3971 4050 4051 3972 
4103 3972 4051 4052 3973 
4104 3973 4052 4053 3974 
4105 3974 4053 4054 3975 
4106 3975 4054 4055 3976 
4107 3976 4055 4056 3977 
4108 3977 4056 4057 3978 
4109 3978 4057 4058 3979 
4110 3979 4058 4059 3980 
4111 3980 4059 4060 3981 
4112 3981 4060 4061 3982 
4113 3982 4061 4062 3983 
4114 3983 4062 4063 3984 
4115 3984 4063 4064 3985 
4116 3985 4064 4065 3986 
4117 3986 4065 4066 3987 
4118 3987 4066 4067 3988 
4119 3988 4067 4068 3989 
4120 3989 4068 4069 3990 
4121 3990 4069 4070 3991 
4122 3991 4070 4071 3992 
4123 3992 4071 4072 3993 
4124 3993 4072 4073 3994 
4125 3994 4073 4074 3995 
4126 3995 4074 4075 3996 
4127 3996 4075 4076 3997 
4128 3997 4076 4077 3998 
4129 3998 4077 4078 3999 
4130 3999 4078 4079 4000 
4131 4000 4079 4080 4001 
4132 4001 4080 4081 4002 
4133 4002 4081 4082 4003 
4134 4003 4082 4083 4004 
4135 4004 4083 4084 4005 
4136 4005 4084 4085 4006 
4137 4006 4085 4086 4007 
4138 4007 4086 4087 4008 
4139 4008 4087 4088 4009 
4140 4009 4088 4089 4010 
4141 4010 4089 4090 4011 
4142 4011 4090 4091 4012 
4143 4012 4091 4092 4013 
4144 4013 4092 4093 4014 
4145 4014 4093 4094 4015 
4146 4015 4094 4095 4016 
4147 4016 4095 4096 4017 
4148 4017 4096 4097 4018 
4149 4018 4097 4098 4019 
4150 4019 4098 4099 4020 
4151 4020 4099 4100 4021 
4152 4021 4100 4101 4022 
4153 4022 4101 4102 4023 
4154 4023 4102 4103 4024 
4155 4024 4103 4104 4025 
4156 4025 4104 4105 4026 
4157 4026 4105 4106 4027 
4158 4027 4106 4107 4028 
4159 4028 4107 4108 4029 
4160 4029 4108 4109 4030 
4161 4030 4109 4110 4031 
4162 4031 4110 4111 4032 
4163 4032 4111 4112 4033 
4164 4033 4112 194 195 
4165 52 53 4113 4034 
4166 4034 4113 4114 4035 
4167 4035 4114 4115 4036 
4168 4036 4115 4116 4037 
4169 4037 4116 4117 4038 
4170 4038 4117 4118 4039 
4171 4039 4118 4119 4040 
4172 4040 4119 4120 4041 
4173 4041 4120 4121 4042 
4174 4042 4121 4122 4043 
4175 4043 4122 4123 4044 
4176 4044 4123 4124 4045 
4177 4045 4124 4125 4046 
4178 4046 4125 4126 4047 
4179 4047 4126 4127 4048 
4180 4048 4127 4128 4049 
4181 4049 4128 4129 4050 
4182 4050 4129 4130 4051 
4183 4051 4130 4131 4052 
4184 4052 4131 4132 4053 
4185 4053 4132 4133 4054 
4186 4054 4133 4134 4055 
4187 4055 4134 4135 4056 
4188 4056 4135 4136 4057 
4189 4057 4136 4137 4058 
4190 4058 4137 4138 4059 
4191 4059 4138 4139 4060 
4192 4060 4139 4140 4061 
4193 4061 4140 4141 4062 
4194 4062 4141 4142 4063 
4195 4063 4142 4143 4064 
4196 4064 4143 4144 4065 
4197 4065 4144 4145 4066 
4198 4066 4145 4146 4067 
4199 4067 4146 4147 4068 
4200 4068 4147 4148 4069 
4201 4069 4148 4149 4070 
4202 4070 4149 4150 4071 
4203 4071 4150 4151 4072 
4204 4072 4151 4152 4073 
4205 4073 4152 4153 4074 
4206 4074 4153 4154 4075 
4207 4075 4154 4155 4076 
4208 4076 4155 4156 4077 
4209 4077 4156 4157 4078 
4210 4078 4157 4158 4079 
4211 4079 4158 4159 4080 
4212 4080 4159 4160 4081 
4213 4081 4160 4161 4082 
4214 4082 4161 4162 4083 
4215 4083 4162 4163 4084 
4216 4084 4163 4164 4085 
4217 4085 4164 4165 4086 
4218 4086 4165 4166 4087 
4219 4087 4166 4167 4088 
4220 4088 4167 4168 4089 
4221 4089 4168 4169 4090 
4222 4090 4169 4170 4091 
4223 4091 4170 4171 4092 
4224 4092 4171 4172 4093 
4225 4093 4172 4173 4094 
4226 4094 4173 4174 4095 
4227 4095 4174 4175 4096 
4228 4096 4175 4176 4097 
4229 4097 4176 4177 4098 
4230 4098 4177 4178 4099 
4231 4099 4178 4179 4100 
4232 4100 4179 4180 4101 
4233 4101 4180 4181 4102 
4234 4102 4181 4182 4103 
4235 4103 4182 4183 4104 
4236 4104 4183 4184 4105 
4237 4105 4184 4185 4106 
4238 4106 4185 4186 4107 
4239 4107 4186 4187 4108 
4240 4108 4187 4188 4109 
4241 4109 4188 4189 4110 
4242 4110 4189 4190 4111 
4243 4111 4190 4191 4112 
4244 4112 4191 193 194 
4245 53 54 4192 4113 
4246 4113 4192 4193 4114 
4247 4114 4193 4194 4115 
4248 4115 4194 4195 4116 
4249 4116 4195 4196 4117 
4250 4117 4196 4197 4118 
4251 4118 4197 4198 4119 
4252 4119 4198 4199 4120 
4253 4120 4199 4200 4121 
4254 4121 4200 4201 4122 
4255 4122 4201 4202 4123 
4256 4123 4202 4203 4124 
4257 4124 4203 4204 4125 
4258 4125 4204 4205 4126 
4259 4126 4205 4206 4127 
4260 4127 4206 4207 4128 
4261 4128 4207 4208 4129 
4262 4129 4208 4209 4130 
4263 4130 4209 4210 4131 
4264 4131 4210 4211 4132 
4265 4132 4211 4212 4133 
4266 4133 4212 4213 4134 
4267 4134 4213 4214 4135 
4268 4135 4214 4215 4136 
4269 4136 4215 4216 4137 
4270 4137 4216 4217 4138 
4271 4138 4217 4218 4139 
4272 4139 4218 4219 4140 
4273 4140 4219 4220 4141 
4274 4141 4220 4221 4142 
4275 4142 4221 4222 4143 
4276 4143 4222 4223 4144 
4277 4144 4223 4224 4145 
4278 4145 4224 4225 4146 
4279 4146 4225 4226 4147 
4280 4147 4226 4227 4148 
4281 4148 4227 4228 4149 
4282 4149 4228 4229 4150 
4283 4150 4229 4230 4151 
4284 4151 4230 4231 4152 
4285 4152 4231 4232 4153 
4286 4153 4232 4233 4154 
4287 4154 4233 4234 4155 
4288 4155 4234 4235 4156 
4289 4156 4235 4236 4157 
4290 4157 4236 4237 4158 
4291 4158 4237 4238 4159 
4292 4159 4238 4239 4160 
4293 4160 4239 4240 4161 
4294 4161 4240 4241 4162 
4295 4162 4241 4242 4163 
4296 4163 4242 4243 4164 
4297 4164 4243 4244 4165 
4298 4165 4244 4245 4166 
4299 4166 4245 4246 4167 
4300 4167 4246 4247 4168 
4301 4168 4247 4248 4169 
4302 4169 4248 4249 4170 
4303 4170 4249 4250 4171 
4304 4171 4250 4251 4172 
4305 4172 4251 4252 4173 
4306 4173 4252 4253 4174 
4307 4174 4253 4254 4175 
4308 4175 4254 4255 4176 
4309 4176 4255 4256 4177 
4310 4177 4256 4257 4178 
4311 4178 4257 4258 4179 
4312 4179 4258 4259 4180 
4313 4180 4259 4260 4181 
4314 4181 4260 4261 4182 
4315 4182 4261 4262 4183 
4316 4183 4262 4263 4184 
4317 4184 4263 4264 4185 
4318 4185 4264 4265 4186 
4319 4186 4265 4266 4187 
4320 4187 4266 4267 4188 
4321 4188 4267 4268 4189 
4322 4189 4268 4269 4190 
4323 4190 4269 4270 4191 
4324 4191 4270 192 193 
4325 54 55 4271 4192 
4326 4192 4271 4272 4193 
4327 4193 4272 4273 4194 
4328 4194 4273 4274 4195 
4329 4195 4274 4275 4196 
4330 4196 4275 4276 4197 
4331 4197 4276 4277 4198 
4332 4198 4277 4278 4199 
4333 4199 4278 4279 4200 
4334 4200 4279 4280 4201 
4335 4201 4280 4281 4202 
4336 4202 4281 4282 4203 
4337 4203 4282 4283 4204 
4338 4204 4283 4284 4205 
4339 4205 4284 4285 4206 
4340 4206 4285 4286 4207 
4341 4207 4286 4287 4208 
4342 4208 4287 4288 4209 
4343 4209 4288 4289 4210 
4344 4210 4289 4290 4211 
4345 4211 4290 4291 4212 
4346 4212 4291 4292 4213 
4347 4213 4292 4293 4214 
4348 4214 4293 4294 4215 
4349 4215 4294 4295 4216 
4350 4216 4295 4296 4217 
4351 4217 4296 4297 4218 
4352 4218 4297 4298 4219 
4353 4219 4298 4299 4220 
4354 4220 4299 4300 4221 
4355 4221 4300 4301 4222 
4356 4222 4301 4302 4223 
4357 4223 4302 4303 4224 
4358 4224 4303 4304 4225 
4359 4225 4304 4305 4226 
4360 4226 4305 4306 4227 
4361 4227 4306 4307 4228 
4362 4228 4307 4308 4229 
4363 4229 4308 4309 4230 
4364 4230 4309 4310 4231 
4365 4231 4310 4311 4232 
4366 4232 4311 4312 4233 
4367 4233 4312 4313 4234 
4368 4234 4313 4314 4235 
4369 4235 4314 4315 4236 
4370 4236 4315 4316 4237 
4371 4237 4316 4317 4238 
4372 4238 4317 4318 4239 
4373 4239 4318 4319 4240 
4374 4240 4319 4320 4241 
4375 4241 4320 4321 4242 
4376 4242 4321 4322 4243 
4377 4243 4322 4323 4244 
4378 4244 4323 4324 4245 
4379 4245 4324 4325 4246 
4380 4246 4325 4326 4247 
4381 4247 4326 4327 4248 
4382 4248 4327 4328 4249 
4383 4249 4328 4329 4250 
4384 4250 4329 4330 4251 
4385 4251 4330 4331 4252 
4386 4252 4331 4332 4253 
4387 4253 4332 4333 4254 
4388 4254 4333 4334 4255 
4389 4255 4334 4335 4256 
4390 4256 4335 4336 4257 
4391 4257 4336 4337 4258 
4392 4258 4337 4338 4259 
4393 4259 4338 4339 4260 
4394 4260 4339 4340 4261 
4395 4261 4340 4341 4262 
4396 4262 4341 4342 4263 
4397 4263 4342 4343 4264 
4398 4264 4343 4344 4265 
4399 4265 4344 4345 4266 
4400 4266 4345 4346 4267 
4401 4267 4346 4347 4268 
4402 4268 4347 4348 4269 
4403 4269 4348 4349 4270 
4404 4270 4349 191 192 
4405 55 56 4350 4271 
4406 4271 4350 4351 4272 
4407 4272 4351 4352 4273 
4408 4273 4352 4353 4274 
4409 4274 4353 4354 4275 
4410 4275 4354 4355 4276 
4411 4276 4355 4356 4277 
4412 4277 4356 4357 4278 
4413 4278 4357 4358 4279 
4414 4279 4358 4359 4280 
4415 4280 4359 4360 4281 
4416 4281 4360 4361 4282 
4417 4282 4361 4362 4283 
4418 4283 4362 4363 4284 
4419 4284 4363 4364 4285 
4420 4285 4364 4365 4286 
4421 4286 4365 4366 4287 
4422 4287 4366 4367 4288 
4423 4288 4367 4368 4289 
4424 4289 4368 4369 4290 
4425 4290 4369 4370 4291 
4426 4291 4370 4371 4292 
4427 4292 4371 4372 4293 
4428 4293 4372 4373 4294 
4429 4294 4373 4374 4295 
4430 4295 4374 4375 4296 
4431 4296 4375 4376 4297 
4432 4297 4376 4377 4298 
4433 4298 4377 4378 4299 
4434 4299 4378 4379 4300 
4435 4300 4379 4380 4301 
4436 4301 4380 4381 4302 
4437 4302 4381 4382 4303 
4438 4303 4382 4383 4304 
4439 4304 4383 4384 4305 
4440 4305 4384 4385 4306 
4441 4306 4385 4386 4307 
4442 4307 4386 4387 4308 
4443 4308 4387 4388 4309 
4444 4309 4388 4389 4310 
4445 4310 4389 4390 4311 
4446 4311 4390 4391 4312 
4447 4312 4391 4392 4313 
4448 4313 4392 4393 4314 
4449 4314 4393 4394 4315 
4450 4315 4394 4395 4316 
4451 4316 4395 4396 4317 
4452 4317 4396 4397 4318 
4453 4318 4397 4398 4319 
4454 4319 4398 4399 4320 
4455 4320 4399 4400 4321 
4456 4321 4400 4401 4322 
4457 4322 4401 4402 4323 
4458 4323 4402 4403 4324 
4459 4324 4403 4404 4325 
4460 4325 4404 4405 4326 
4461 4326 4405 4406 4327 
4462 4327 4406 4407 4328 
4463 4328 4407 4408 4329 
4464 4329 4408 4409 4330 
4465 4330 4409 4410 4331 
4466 4331 4410 4411 4332 
4467 4332 4411 4412 4333 
4468 4333 4412 4413 4334 
4469 4334 4413 4414 4335 
4470 4335 4414 4415 4336 
4471 4336 4415 4416 4337 
4472 4337 4416 4417 4338 
4473 4338 4417 4418 4339 
4474 4339 4418 4419 4340 
4475 4340 4419 4420 4341 
4476 4341 4420 4421 4342 
4477 4342 4421 4422 4343 
4478 4343 4422 4423 4344 
4479 4344 4423 4424 4345 
4480 4345 4424 4425 4346 
4481 4346 4425 4426 4347 
4482 4347 4426 4427 4348 
4483 4348 4427 4428 4349 
4484 4349 4428 190 191 
4485 56 57 4429 4350 
4486 4350 4429 4430 4351 
4487 4351 4430 4431 4352 
4488 4352 4431 4432 4353 
4489 4353 4432 4433 4354 
4490 4354 4433 4434 4355 
4491 4355 4434 4435 4356 
4492 4356 4435 4436 4357 
4493 4357 4436 4437 4358 
4494 4358 4437 4438 4359 
4495 4359 4438 4439 4360 
4496 4360 4439 4440 4361 
4497 4361 4440 4441 4362 
4498 4362 4441 4442 4363 
4499 4363 4442 4443 4364 
4500 4364 4443 4444 4365 
4501 4365 4444 4445 4366 
4502 4366 4445 4446 4367 
4503 4367 4446 4447 4368 
4504 4368 4447 4448 4369 
4505 4369 4448 4449 4370 
4506 4370 4449 4450 4371 
4507 4371 4450 4451 4372 
4508 4372 4451 4452 4373 
4509 4373 4452 4453 4374 
4510 4374 4453 4454 4375 
4511 4375 4454 4455 4376 
4512 4376 4455 4456 4377 
4513 4377 4456 4457 4378 
4514 4378 4457 4458 4379 
4515 4379 4458 4459 4380 
4516 4380 4459 4460 4381 
4517 4381 4460 4461 4382 
4518 4382 4461 4462 4383 
4519 4383 4462 4463 4384 
4520 4384 4463 4464 4385 
4521 4385 4464 4465 4386 
4522 4386 4465 4466 4387 
4523 4387 4466 4467 4388 
4524 4388 4467 4468 4389 
4525 4389 4468 4469 4390 
4526 4390 4469 4470 4391 
4527 4391 4470 4471 4392 
4528 4392 4471 4472 4393 
4529 4393 4472 4473 4394 
4530 4394 4473 4474 4395 
4531 4395 4474 4475 4396 
4532 4396 4475 4476 4397 
4533 4397 4476 4477 4398 
4534 4398 4477 4478 4399 
4535 4399 4478 4479 4400 
4536 4400 4479 4480 4401 
4537 4401 4480 4481 4402 
4538 4402 4481 4482 4403 
4539 4403 4482 4483 4404 
4540 4404 4483 4484 4405 
4541 4405 4484 4485 4406 
4542 4406 4485 4486 4407 
4543 4407 4486 4487 4408 
4544 4408 4487 4488 4409 
4545 4409 4488 4489 4410 
4546 4410 4489 4490 4411 
4547 4411 4490 4491 4412 
4548 4412 4491 4492 4413 
4549 4413 4492 4493 4414 
4550 4414 4493 4494 4415 
4551 4415 4494 4495 4416 
4552 4416 4495 4496 4417 
4553 4417 4496 4497 4418 
4554 4418 4497 4498 4419 
4555 4419 4498 4499 4420 
4556 4420 4499 4500 4421 
4557 4421 4500 4501 4422 
4558 4422 4501 4502 4423 
4559 4423 4502 4503 4424 
4560 4424 4503 4504 4425 
4561 4425 4504 4505 4426 
4562 4426 4505 4506 4427 
4563 4427 4506 4507 4428 
4564 4428 4507 189 190 
4565 57 58 4508 4429 
4566 4429 4508 4509 4430 
4567 4430 4509 4510 4431 
4568 4431 4510 4511 4432 
4569 4432 4511 4512 4433 
4570 4433 4512 4513 4434 
4571 4434 4513 4514 4435 
4572 4435 4514 4515 4436 
4573 4436 4515 4516 4437 
4574 4437 4516 4517 4438 
4575 4438 4517 4518 4439 
4576 4439 4518 4519 4440 
4577 4440 4519 4520 4441 
4578 4441 4520 4521 4442 
4579 4442 4521 4522 4443 
4580 4443 4522 4523 4444 
4581 4444 4523 4524 4445 
4582 4445 4524 4525 4446 
4583 4446 4525 4526 4447 
4584 4447 4526 4527 4448 
4585 4448 4527 4528 4449 
4586 4449 4528 4529 4450 
4587 4450 4529 4530 4451 
4588 4451 4530 4531 4452 
4589 4452 4531 4532 4453 
4590 4453 4532 4533 4454 
4591 4454 4533 4534 4455 
4592 4455 4534 4535 4456 
4593 4456 4535 4536 4457 
4594 4457 4536 4537 4458 
4595 4458 4537 4538 4459 
4596 4459 4538 4539 4460 
4597 4460 4539 4540 4461 
4598 4461 4540 4541 4462 
4599 4462 4541 4542 4463 
4600 4463 4542 4543 4464 
4601 4464 4543 4544 4465 
4602 4465 4544 4545 4466 
4603 4466 4545 4546 4467 
4604 4467 4546 4547 4468 
4605 4468 4547 4548 4469 
4606 4469 4548 4549 4470 
4607 4470 4549 4550 4471 
4608 4471 4550 4551 4472 
4609 4472 4551 4552 4473 
4610 4473 4552 4553 4474 
4611 4474 4553 4554 4475 
4612 4475 4554 4555 4476 
4613 4476 4555 4556 4477 
4614 4477 4556 4557 4478 
4615 4478 4557 4558 4479 
4616 4479 4558 4559 4480 
4617 4480 4559 4560 4481 
4618 4481 4560 4561 4482 
4619 4482 4561 4562 4483 
4620 4483 4562 4563 4484 
4621 4484 4563 4564 4485 
4622 4485 4564 4565 4486 
4623 4486 4565 4566 4487 
4624 4487 4566 4567 4488 
4625 4488 4567 4568 4489 
4626 4489 4568 4569 4490 
4627 4490 4569 4570 4491 
4628 4491 4570 4571 4492 
4629 4492 4571 4572 4493 
4630 4493 4572 4573 4494 
4631 4494 4573 4574 4495 
4632 4495 4574 4575 4496 
4633 4496 4575 4576 4497 
4634 4497 4576 4577 4498 
4635 4498 4577 4578 4499 
4636 4499 4578 4579 4500 
4637 4500 4579 4580 4501 
4638 4501 4580 4581 4502 
4639 4502 4581 4582 4503 
4640 4503 4582 4583 4504 
4641 4504 4583 4584 4505 
4642 4505 4584 4585 4506 
4643 4506 4585 4586 4507 
4644 4507 4586 188 189 
4645 58 59 4587 4508 
4646 4508 4587 4588 4509 
4647 4509 4588 4589 4510 
4648 4510 4589 4590 4511 
4649 4511 4590 4591 4512 
4650 4512 4591 4592 4513 
4651 4513 4592 4593 4514 
4652 4514 4593 4594 4515 
4653 4515 4594 4595 4516 
4654 4516 4595 4596 4517 
4655 4517 4596 4597 4518 
4656 4518 4597 4598 4519 
4657 4519 4598 4599 4520 
4658 4520 4599 4600 4521 
4659 4521 4600 4601 4522 
4660 4522 4601 4602 4523 
4661 4523 4602 4603 4524 
4662 4524 4603 4604 4525 
4663 4525 4604 4605 4526 
4664 4526 4605 4606 4527 
4665 4527 4606 4607 4528 
4666 4528 4607 4608 4529 
4667 4529 4608 4609 4530 
4668 4530 4609 4610 4531 
4669 4531 4610 4611 4532 
4670 4532 4611 4612 4533 
4671 4533 4612 4613 4534 
4672 4534 4613 4614 4535 
4673 4535 4614 4615 4536 
4674 4536 4615 4616 4537 
4675 4537 4616 4617 4538 
4676 4538 4617 4618 4539 
4677 4539 4618 4619 4540 
4678 4540 4619 4620 4541 
4679 4541 4620 4621 4542 
4680 4542 4621 4622 4543 
4681 4543 4622 4623 4544 
4682 4544 4623 4624 4545 
4683 4545 4624 4625 4546 
4684 4546 4625 4626 4547 
4685 4547 4626 4627 4548 
4686 4548 4627 4628 4549 
4687 4549 4628 4629 4550 
4688 4550 4629 4630 4551 
4689 4551 4630 4631 4552 
4690 4552 4631 4632 4553 
4691 4553 4632 4633 4554 
4692 4554 4633 4634 4555 
4693 4555 4634 4635 4556 
4694 4556 4635 4636 4557 
4695 4557 4636 4637 4558 
4696 4558 4637 4638 4559 
4697 4559 4638 4639 4560 
4698 4560 4639 4640 4561 
4699 4561 4640 4641 4562 
4700 4562 4641 4642 4563 
4701 4563 4642 4643 4564 
4702 4564 4643 4644 4565 
4703 4565 4644 4645 4566 
4704 4566 4645 4646 4567 
4705 4567 4646 4647 4568 
4706 4568 4647 4648 4569 
4707 4569 4648 4649 4570 
4708 4570 4649 4650 4571 
4709 4571 4650 4651 4572 
4710 4572 4651 4652 4573 
4711 4573 4652 4653 4574 
4712 4574 4653 4654 4575 
4713 4575 4654 4655 4576 
4714 4576 4655 4656 4577 
4715 4577 4656 4657 4578 
4716 4578 4657 4658 4579 
4717 4579 4658 4659 4580 
4718 4580 4659 4660 4581 
4719 4581 4660 4661 4582 
4720 4582 4661 4662 4583 
4721 4583 4662 4663 4584 
4722 4584 4663 4664 4585 
4723 4585 4664 4665 4586 
4724 4586 4665 187 188 
4725 59 60 4666 4587 
4726 4587 4666 4667 4588 
4727 4588 4667 4668 4589 
4728 4589 4668 4669 4590 
4729 4590 4669 4670 4591 
4730 4591 4670 4671 4592 
4731 4592 4671 4672 4593 
4732 4593 4672 4673 4594 
4733 4594 4673 4674 4595 
4734 4595 4674 4675 4596 
4735 4596 4675 4676 4597 
4736 4597 4676 4677 4598 
4737 4598 4677 4678 4599 
4738 4599 4678 4679 4600 
4739 4600 4679 4680 4601 
4740 4601 4680 4681 4602 
4741 4602 4681 4682 4603 
4742 4603 4682 4683 4604 
4743 4604 4683 4684 4605 
4744 4605 4684 4685 4606 
4745 4606 4685 4686 4607 
4746 4607 4686 4687 4608 
4747 4608 4687 4688 4609 
4748 4609 4688 4689 4610 
4749 4610 4689 4690 4611 
4750 4611 4690 4691 4612 
4751 4612 4691 4692 4613 
4752 4613 4692 4693 4614 
4753 4614 4693 4694 4615 
4754 4615 4694 4695 4616 
4755 4616 4695 4696 4617 
4756 4617 4696 4697 4618 
4757 4618 4697 4698 4619 
4758 4619 4698 4699 4620 
4759 4620 4699 4700 4621 
4760 4621 4700 4701 4622 
4761 4622 4701 4702 4623 
4762 4623 4702 4703 4624 
4763 4624 4703 4704 4625 
4764 4625 4704 4705 4626 
4765 4626 4705 4706 4627 
4766 4627 4706 4707 4628 
4767 4628 4707 4708 4629 
4768 4629 4708 4709 4630 
4769 4630 4709 4710 4631 
4770 4631 4710 4711 4632 
4771 4632 4711 4712 4633 
4772 4633 4712 4713 4634 
4773 4634 4713 4714 4635 
4774 4635 4714 4715 4636 
4775 4636 4715 4716 4637 
4776 4637 4716 4717 4638 
4777 4638 4717 4718 4639 
4778 4639 4718 4719 4640 
4779 4640 4719 4720 4641 
4780 4641 4720 4721 4642 
4781 4642 4721 4722 4643 
4782 4643 4722 4723 4644 
4783 4644 4723 4724 4645 
4784 4645 4724 4725 4646 
4785 4646 4725 4726 4647 
4786 4647 4726 4727 4648 
4787 4648 4727 4728 4649 
4788 4649 4728 4729 4650 
4789 4650 4729 4730 4651 
4790 4651 4730 4731 4652 
4791 4652 4731 4732 4653 
4792 4653 4732 4733 4654 
4793 4654 4733 4734 4655 
4794 4655 4734 4735 4656 
4795 4656 4735 4736 4657 
4796 4657 4736 4737 4658 
4797 4658 4737 4738 4659 
4798 4659 4738 4739 4660 
4799 4660 4739 4740 4661 
4800 4661 4740 4741 4662 
4801 4662 4741 4742 4663 
4802 4663 4742 4743 4664 
4803 4664 4743 4744 4665 
4804 4665 4744 186 187 
4805 60 61 4745 4666 
4806 4666 4745 4746 4667 
4807 4667 4746 4747 4668 
4808 4668 4747 4748 4669 
4809 4669 4748 4749 4670 
4810 4670 4749 4750 4671 
4811 4671 4750 4751 4672 
4812 4672 4751 4752 4673 
4813 4673 4752 4753 4674 
4814 4674 4753 4754 4675 
4815 4675 4754 4755 4676 
4816 4676 4755 4756 4677 
4817 4677 4756 4757 4678 
4818 4678 4757 4758 4679 
4819 4679 4758 4759 4680 
4820 4680 4759 4760 4681 
4821 4681 4760 4761 4682 
4822 4682 4761 4762 4683 
4823 4683 4762 4763 4684 
4824 4684 4763 4764 4685 
4825 4685 4764 4765 4686 
4826 4686 4765 4766 4687 
4827 4687 4766 4767 4688 
4828 4688 4767 4768 4689 
4829 4689 4768 4769 4690 
4830 4690 4769 4770 4691 
4831 4691 4770 4771 4692 
4832 4692 4771 4772 4693 
4833 4693 4772 4773 4694 
4834 4694 4773 4774 4695 
4835 4695 4774 4775 4696 
4836 4696 4775 4776 4697 
4837 4697 4776 4777 4698 
4838 4698 4777 4778 4699 
4839 4699 4778 4779 4700 
4840 4700 4779 4780 4701 
4841 4701 4780 4781 4702 
4842 4702 4781 4782 4703 
4843 4703 4782 4783 4704 
4844 4704 4783 4784 4705 
4845 4705 4784 4785 4706 
4846 4706 4785 4786 4707 
4847 4707 4786 4787 4708 
4848 4708 4787 4788 4709 
4849 4709 4788 4789 4710 
4850 4710 4789 4790 4711 
4851 4711 4790 4791 4712 
4852 4712 4791 4792 4713 
4853 4713 4792 4793 4714 
4854 4714 4793 4794 4715 
4855 4715 4794 4795 4716 
4856 4716 4795 4796 4717 
4857 4717 4796 4797 4718 
4858 4718 4797 4798 4719 
4859 4719 4798 4799 4720 
4860 4720 4799 4800 4721 
4861 4721 4800 4801 4722 
4862 4722 4801 4802 4723 
4863 4723 4802 4803 4724 
4864 4724 4803 4804 4725 
4865 4725 4804 4805 4726 
4866 4726 4805 4806 4727 
4867 4727 4806 4807 4728 
4868 4728 4807 4808 4729 
4869 4729 4808 4809 4730 
4870 4730 4809 4810 4731 
4871 4731 4810 4811 4732 
4872 4732 4811 4812 4733 
4873 4733 4812 4813 4734 
4874 4734 4813 4814 4735 
4875 4735 4814 4815 4736 
4876 4736 4815 4816 4737 
4877 4737 4816 4817 4738 
4878 4738 4817 4818 4739 
4879 4739 4818 4819 4740 
4880 4740 4819 4820 4741 
4881 4741 4820 4821 4742 
4882 4742 4821 4822 4743 
4883 4743 4822 4823 4744 
4884 4744 4823 185 186 
4885 61 62 4824 4745 
4886 4745 4824 4825 4746 
4887 4746 4825 4826 4747 
4888 4747 4826 4827 4748 
4889 4748 4827 4828 4749 
4890 4749 4828 4829 4750 
4891 4750 4829 4830 4751 
4892 4751 4830 4831 4752 
4893 4752 4831 4832 4753 
4894 4753 4832 4833 4754 
4895 4754 4833 4834 4755 
4896 4755 4834 4835 4756 
4897 4756 4835 4836 4757 
4898 4757 4836 4837 4758 
4899 4758 4837 4838 4759 
4900 4759 4838 4839 4760 
4901 4760 4839 4840 4761 
4902 4761 4840 4841 4762 
4903 4762 4841 4842 4763 
4904 4763 4842 4843 4764 
4905 4764 4843 4844 4765 
4906 4765 4844 4845 4766 
4907 4766 4845 4846 4767 
4908 4767 4846 4847 4768 
4909 4768 4847 4848 4769 
4910 4769 4848 4849 4770 
4911 4770 4849 4850 4771 
4912 4771 4850 4851 4772 
4913 4772 4851 4852 4773 
4914 4773 4852 4853 4774 
4915 4774 4853 4854 4775 
4916 4775 4854 4855 4776 
4917 4776 4855 4856 4777 
4918 4777 4856 4857 4778 
4919 4778 4857 4858 4779 
4920 4779 4858 4859 4780 
4921 4780 4859 4860 4781 
4922 4781 4860 4861 4782 
4923 4782 4861 4862 4783 
4924 4783 4862 4863 4784 
4925 4784 4863 4864 4785 
4926 4785 4864 4865 4786 
4927 4786 4865 4866 4787 
4928 4787 4866 4867 4788 
4929 4788 4867 4868 4789 
4930 4789 4868 4869 4790 
4931 4790 4869 4870 4791 
4932 4791 4870 4871 4792 
4933 4792 4871 4872 4793 
4934 4793 4872 4873 4794 
4935 4794 4873 4874 4795 
4936 4795 4874 4875 4796 
4937 4796 4875 4876 4797 
4938 4797 4876 4877 4798 
4939 4798 4877 4878 4799 
4940 4799 4878 4879 4800 
4941 4800 4879 4880 4801 
4942 4801 4880 4881 4802 
4943 4802 4881 4882 4803 
4944 4803 4882 4883 4804 
4945 4804 4883 4884 4805 
4946 4805 4884 4885 4806 
4947 4806 4885 4886 4807 
4948 4807 4886 4887 4808 
4949 4808 4887 4888 4809 
4950 4809 4888 4889 4810 
4951 4810 4889 4890 4811 
4952 4811 4890 4891 4812 
4953 4812 4891 4892 4813 
4954 4813 4892 4893 4814 
4955 4814 4893 4894 4815 
4956 4815 4894 4895 4816 
4957 4816 4895 4896 4817 
4958 4817 4896 4897 4818 
4959 4818 4897 4898 4819 
4960 4819 4898 4899 4820 
4961 4820 4899 4900 4821 
4962 4821 4900 4901 4822 
4963 4822 4901 4902 4823 
4964 4823 4902 184 185 
4965 62 63 4903 4824 
4966 4824 4903 4904 4825 
4967 4825 4904 4905 4826 
4968 4826 4905 4906 4827 
4969 4827 4906 4907 4828 
4970 4828 4907 4908 4829 
4971 4829 4908 4909 4830 
4972 4830 4909 4910 4831 
4973 4831 4910 4911 4832 
4974 4832 4911 4912 4833 
4975 4833 4912 4913 4834 
4976 4834 4913 4914 4835 
4977 4835 4914 4915 4836 
4978 4836 4915 4916 4837 
4979 4837 4916 4917 4838 
4980 4838 4917 4918 4839 
4981 4839 4918 4919 4840 
4982 4840 4919 4920 4841 
4983 4841 4920 4921 4842 
4984 4842 4921 4922 4843 
4985 4843 4922 4923 4844 
4986 4844 4923 4924 4845 
4987 4845 4924 4925 4846 
4988 4846 4925 4926 4847 
4989 4847 4926 4927 4848 
4990 4848 4927 4928 4849 
4991 4849 4928 4929 4850 
4992 4850 4929 4930 4851 
4993 4851 4930 4931 4852 
4994 4852 4931 4932 4853 
4995 4853 4932 4933 4854 
4996 4854 4933 4934 4855 
4997 4855 4934 4935 4856 
4998 4856 4935 4936 4857 
4999 4857 4936 4937 4858 
5000 4858 4937 4938 4859 
5001 4859 4938 4939 4860 
5002 4860 4939 4940 4861 
5003 4861 4940 4941 4862 
5004 4862 4941 4942 4863 
5005 4863 4942 4943 4864 
5006 4864 4943 4944 4865 
5007 4865 4944 4945 4866 
5008 4866 4945 4946 4867 
5009 4867 4946 4947 4868 
5010 4868 4947 4948 4869 
5011 4869 4948 4949 4870 
5012 4870 4949 4950 4871 
5013 4871 4950 4951 4872 
5014 4872 4951 4952 4873 
5015 4873 4952 4953 4874 
5016 4874 4953 4954 4875 
5017 4875 4954 4955 4876 
5018 4876 4955 4956 4877 
5019 4877 4956 4957 4878 
5020 4878 4957 4958 4879 
5021 4879 4958 4959 4880 
5022 4880 4959 4960 4881 
5023 4881 4960 4961 4882 
5024 4882 4961 4962 4883 
5025 4883 4962 4963 4884 
5026 4884 4963 4964 4885 
5027 4885 4964 4965 4886 
5028 4886 4965 4966 4887 
5029 4887 4966 4967 4888 
5030 4888 4967 4968 4889 
5031 4889 4968 4969 4890 
5032 4890 4969 4970 4891 
5033 4891 4970 4971 4892 
5034 4892 4971 4972 4893 
5035 4893 4972 4973 4894 
5036 4894 4973 4974 4895 
5037 4895 4974 4975 4896 
5038 4896 4975 4976 4897 
5039 4897 4976 4977 4898 
5040 4898 4977 4978 4899 
5041 4899 4978 4979 4900 
5042 4900 4979 4980 4901 
5043 4901 4980 4981 4902 
5044 4902 4981 183 184 
5045 63 64 4982 4903 
5046 4903 4982 4983 4904 
5047 4904 4983 4984 4905 
5048 4905 4984 4985 4906 
5049 4906 4985 4986 4907 
5050 4907 4986 4987 4908 
5051 4908 4987 4988 4909 
5052 4909 4988 4989 4910 
5053 4910 4989 4990 4911 
5054 4911 4990 4991 4912 
5055 4912 4991 4992 4913 
5056 4913 4992 4993 4914 
5057 4914 4993 4994 4915 
5058 4915 4994 4995 4916 
5059 4916 4995 4996 4917 
5060 4917 4996 4997 4918 
5061 4918 4997 4998 4919 
5062 4919 4998 4999 4920 
5063 4920 4999 5000 4921 
5064 4921 5000 5001 4922 
5065 4922 5001 5002 4923 
5066 4923 5002 5003 4924 
5067 4924 5003 5004 4925 
5068 4925 5004 5005 4926 
5069 4926 5005 5006 4927 
5070 4927 5006 5007 4928 
5071 4928 5007 5008 4929 
5072 4929 5008 5009 4930 
5073 4930 5009 5010 4931 
5074 4931 5010 5011 4932 
5075 4932 5011 5012 4933 
5076 4933 5012 5013 4934 
5077 4934 5013 5014 4935 
5078 4935 5014 5015 4936 
5079 4936 5015 5016 4937 
5080 4937 5016 5017 4938 
5081 4938 5017 5018 4939 
5082 4939 5018 5019 4940 
5083 4940 5019 5020 4941 
5084 4941 5020 5021 4942 
5085 4942 5021 5022 4943 
5086 4943 5022 5023 4944 
5087 4944 5023 5024 4945 
5088 4945 5024 5025 4946 
5089 4946 5025 5026 4947 
5090 4947 5026 5027 4948 
5091 4948 5027 5028 4949 
5092 4949 5028 5029 4950 
5093 4950 5029 5030 4951 
5094 4951 5030 5031 4952 
5095 4952 5031 5032 4953 
5096 4953 5032 5033 4954 
5097 4954 5033 5034 4955 
5098 4955 5034 5035 4956 
5099 4956 5035 5036 4957 
5100 4957 5036 5037 4958 
5101 4958 5037 5038 4959 
5102 4959 5038 5039 4960 
5103 4960 5039 5040 4961 
5104 4961 5040 5041 4962 
5105 4962 5041 5042 4963 
5106 4963 5042 5043 4964 
5107 4964 5043 5044 4965 
5108 4965 5044 5045 4966 
5109 4966 5045 5046 4967 
5110 4967 5046 5047 4968 
5111 4968 5047 5048 4969 
5112 4969 5048 5049 4970 
5113 4970 5049 5050 4971 
5114 4971 5050 5051 4972 
5115 4972 5051 5052 4973 
5116 4973 5052 5053 4974 
5117 4974 5053 5054 4975 
5118 4975 5054 5055 4976 
5119 4976 5055 5056 4977 
5120 4977 5056 5057 4978 
5121 4978 5057 5058 4979 
5122 4979 5058 5059 4980 
5123 4980 5059 5060 4981 
5124 4981 5060 182 183 
5125 64 65 5061 4982 
5126 4982 5061 5062 4983 
5127 4983 5062 5063 4984 
5128 4984 5063 5064 4985 
5129 4985 5064 5065 4986 
5130 4986 5065 5066 4987 
5131 4987 5066 5067 4988 
5132 4988 5067 5068 4989 
5133 4989 5068 5069 4990 
5134 4990 5069 5070 4991 
5135 4991 5070 5071 4992 
5136 4992 5071 5072 4993 
5137 4993 5072 5073 4994 
5138 4994 5073 5074 4995 
5139 4995 5074 5075 4996 
5140 4996 5075 5076 4997 
5141 4997 5076 5077 4998 
5142 4998 5077 5078 4999 
5143 4999 5078 5079 5000 
5144 5000 5079 5080 5001 
5145 5001 5080 5081 5002 
5146 5002 5081 5082 5003 
5147 5003 5082 5083 5004 
5148 5004 5083 5084 5005 
5149 5005 5084 5085 5006 
5150 5006 5085 5086 5007 
5151 5007 5086 5087 5008 
5152 5008 5087 5088 5009 
5153 5009 5088 5089 5010 
5154 5010 5089 5090 5011 
5155 5011 5090 5091 5012 
5156 5012 5091 5092 5013 
5157 5013 5092 5093 5014 
5158 5014 5093 5094 5015 
5159 5015 5094 5095 5016 
5160 5016 5095 5096 5017 
5161 5017 5096 5097 5018 
5162 5018 5097 5098 5019 
5163 5019 5098 5099 5020 
5164 5020 5099 5100 5021 
5165 5021 5100 5101 5022 
5166 5022 5101 5102 5023 
5167 5023 5102 5103 5024 
5168 5024 5103 5104 5025 
5169 5025 5104 5105 5026 
5170 5026 5105 5106 5027 
5171 5027 5106 5107 5028 
5172 5028 5107 5108 5029 
5173 5029 5108 5109 5030 
5174 5030 5109 5110 5031 
5175 5031 5110 5111 5032 
5176 5032 5111 5112 5033 
5177 5033 5112 5113 5034 
5178 5034 5113 5114 5035 
5179 5035 5114 5115 5036 
5180 5036 5115 5116 5037 
5181 5037 5116 5117 5038 
5182 5038 5117 5118 5039 
5183 5039 5118 5119 5040 
5184 5040 5119 5120 5041 
5185 5041 5120 5121 5042 
5186 5042 5121 5122 5043 
5187 5043 5122 5123 5044 
5188 5044 5123 5124 5045 
5189 5045 5124 5125 5046 
5190 5046 5125 5126 5047 
5191 5047 5126 5127 5048 
5192 5048 5127 5128 5049 
5193 5049 5128 5129 5050 
5194 5050 5129 5130 5051 
5195 5051 5130 5131 5052 
5196 5052 5131 5132 5053 
5197 5053 5132 5133 5054 
5198 5054 5133 5134 5055 
5199 5055 5134 5135 5056 
5200 5056 5135 5136 5057 
5201 5057 5136 5137 5058 
5202 5058 5137 5138 5059 
5203 5059 5138 5139 5060 
5204 5060 5139 181 182 
5205 65 66 5140 5061 
5206 5061 5140 5141 5062 
5207 5062 5141 5142 5063 
5208 5063 5142 5143 5064 
5209 5064 5143 5144 5065 
5210 5065 5144 5145 5066 
5211 5066 5145 5146 5067 
5212 5067 5146 5147 5068 
5213 5068 5147 5148 5069 
5214 5069 5148 5149 5070 
5215 5070 5149 5150 5071 
5216 5071 5150 5151 5072 
5217 5072 5151 5152 5073 
5218 5073 5152 5153 5074 
5219 5074 5153 5154 5075 
5220 5075 5154 5155 5076 
5221 5076 5155 5156 5077 
5222 5077 5156 5157 5078 
5223 5078 5157 5158 5079 
5224 5079 5158 5159 5080 
5225 5080 5159 5160 5081 
5226 5081 5160 5161 5082 
5227 5082 5161 5162 5083 
5228 5083 5162 5163 5084 
5229 5084 5163 5164 5085 
5230 5085 5164 5165 5086 
5231 5086 5165 5166 5087 
5232 5087 5166 5167 5088 
5233 5088 5167 5168 5089 
5234 5089 5168 5169 5090 
5235 5090 5169 5170 5091 
5236 5091 5170 5171 5092 
5237 5092 5171 5172 5093 
5238 5093 5172 5173 5094 
5239 5094 5173 5174 5095 
5240 5095 5174 5175 5096 
5241 5096 5175 5176 5097 
5242 5097 5176 5177 5098 
5243 5098 5177 5178 5099 
5244 5099 5178 5179 5100 
5245 5100 5179 5180 5101 
5246 5101 5180 5181 5102 
5247 5102 5181 5182 5103 
5248 5103 5182 5183 5104 
5249 5104 5183 5184 5105 
5250 5105 5184 5185 5106 
5251 5106 5185 5186 5107 
5252 5107 5186 5187 5108 
5253 5108 5187 5188 5109 
5254 5109 5188 5189 5110 
5255 5110 5189 5190 5111 
5256 5111 5190 5191 5112 
5257 5112 5191 5192 5113 
5258 5113 5192 5193 5114 
5259 5114 5193 5194 5115 
5260 5115 5194 5195 5116 
5261 5116 5195 5196 5117 
5262 5117 5196 5197 5118 
5263 5118 5197 5198 5119 
5264 5119 5198 5199 5120 
5265 5120 5199 5200 5121 
5266 5121 5200 5201 5122 
5267 5122 5201 5202 5123 
5268 5123 5202 5203 5124 
5269 5124 5203 5204 5125 
5270 5125 5204 5205 5126 
5271 5126 5205 5206 5127 
5272 5127 5206 5207 5128 
5273 5128 5207 5208 5129 
5274 5129 5208 5209 5130 
5275 5130 5209 5210 5131 
5276 5131 5210 5211 5132 
5277 5132 5211 5212 5133 
5278 5133 5212 5213 5134 
5279 5134 5213 5214 5135 
5280 5135 5214 5215 5136 
5281 5136 5215 5216 5137 
5282 5137 5216 5217 5138 
5283 5138 5217 5218 5139 
5284 5139 5218 180 181 
5285 66 67 5219 5140 
5286 5140 5219 5220 5141 
5287 5141 5220 5221 5142 
5288 5142 5221 5222 5143 
5289 5143 5222 5223 5144 
5290 5144 5223 5224 5145 
5291 5145 5224 5225 5146 
5292 5146 5225 5226 5147 
5293 5147 5226 5227 5148 
5294 5148 5227 5228 5149 
5295 5149 5228 5229 5150 
5296 5150 5229 5230 5151 
5297 5151 5230 5231 5152 
5298 5152 5231 5232 5153 
5299 5153 5232 5233 5154 
5300 5154 5233 5234 5155 
5301 5155 5234 5235 5156 
5302 5156 5235 5236 5157 
5303 5157 5236 5237 5158 
5304 5158 5237 5238 5159 
5305 5159 5238 5239 5160 
5306 5160 5239 5240 5161 
5307 5161 5240 5241 5162 
5308 5162 5241 5242 5163 
5309 5163 5242 5243 5164 
5310 5164 5243 5244 5165 
5311 5165 5244 5245 5166 
5312 5166 5245 5246 5167 
5313 5167 5246 5247 5168 
5314 5168 5247 5248 5169 
5315 5169 5248 5249 5170 
5316 5170 5249 5250 5171 
5317 5171 5250 5251 5172 
5318 5172 5251 5252 5173 
5319 5173 5252 5253 5174 
5320 5174 5253 5254 5175 
5321 5175 5254 5255 5176 
5322 5176 5255 5256 5177 
5323 5177 5256 5257 5178 
5324 5178 5257 5258 5179 
5325 5179 5258 5259 5180 
5326 5180 5259 5260 5181 
5327 5181 5260 5261 5182 
5328 5182 5261 5262 5183 
5329 5183 5262 5263 5184 
5330 5184 5263 5264 5185 
5331 5185 5264 5265 5186 
5332 5186 5265 5266 5187 
5333 5187 5266 5267 5188 
5334 5188 5267 5268 5189 
5335 5189 5268 5269 5190 
5336 5190 5269 5270 5191 
5337 5191 5270 5271 5192 
5338 5192 5271 5272 5193 
5339 5193 5272 5273 5194 
5340 5194 5273 5274 5195 
5341 5195 5274 5275 5196 
5342 5196 5275 5276 5197 
5343 5197 5276 5277 5198 
5344 5198 5277 5278 5199 
5345 5199 5278 5279 5200 
5346 5200 5279 5280 5201 
5347 5201 5280 5281 5202 
5348 5202 5281 5282 5203 
5349 5203 5282 5283 5204 
5350 5204 5283 5284 5205 
5351 5205 5284 5285 5206 
5352 5206 5285 5286 5207 
5353 5207 5286 5287 5208 
5354 5208 5287 5288 5209 
5355 5209 5288 5289 5210 
5356 5210 5289 5290 5211 
5357 5211 5290 5291 5212 
5358 5212 5291 5292 5213 
5359 5213 5292 5293 5214 
5360 5214 5293 5294 5215 
5361 5215 5294 5295 5216 
5362 5216 5295 5296 5217 
5363 5217 5296 5297 5218 
5364 5218 5297 179 180 
5365 67 68 5298 5219 
5366 5219 5298 5299 5220 
5367 5220 5299 5300 5221 
5368 5221 5300 5301 5222 
5369 5222 5301 5302 5223 
5370 5223 5302 5303 5224 
5371 5224 5303 5304 5225 
5372 5225 5304 5305 5226 
5373 5226 5305 5306 5227 
5374 5227 5306 5307 5228 
5375 5228 5307 5308 5229 
5376 5229 5308 5309 5230 
5377 5230 5309 5310 5231 
5378 5231 5310 5311 5232 
5379 5232 5311 5312 5233 
5380 5233 5312 5313 5234 
5381 5234 5313 5314 5235 
5382 5235 5314 5315 5236 
5383 5236 5315 5316 5237 
5384 5237 5316 5317 5238 
5385 5238 5317 5318 5239 
5386 5239 5318 5319 5240 
5387 5240 5319 5320 5241 
5388 5241 5320 5321 5242 
5389 5242 5321 5322 5243 
5390 5243 5322 5323 5244 
5391 5244 5323 5324 5245 
5392 5245 5324 5325 5246 
5393 5246 5325 5326 5247 
5394 5247 5326 5327 5248 
5395 5248 5327 5328 5249 
5396 5249 5328 5329 5250 
5397 5250 5329 5330 5251 
5398 5251 5330 5331 5252 
5399 5252 5331 5332 5253 
5400 5253 5332 5333 5254 
5401 5254 5333 5334 5255 
5402 5255 5334 5335 5256 
5403 5256 5335 5336 5257 
5404 5257 5336 5337 5258 
5405 5258 5337 5338 5259 
5406 5259 5338 5339 5260 
5407 5260 5339 5340 5261 
5408 5261 5340 5341 5262 
5409 5262 5341 5342 5263 
5410 5263 5342 5343 5264 
5411 5264 5343 5344 5265 
5412 5265 5344 5345 5266 
5413 5266 5345 5346 5267 
5414 5267 5346 5347 5268 
5415 5268 5347 5348 5269 
5416 5269 5348 5349 5270 
5417 5270 5349 5350 5271 
5418 5271 5350 5351 5272 
5419 5272 5351 5352 5273 
5420 5273 5352 5353 5274 
5421 5274 5353 5354 5275 
5422 5275 5354 5355 5276 
5423 5276 5355 5356 5277 
5424 5277 5356 5357 5278 
5425 5278 5357 5358 5279 
5426 5279 5358 5359 5280 
5427 5280 5359 5360 5281 
5428 5281 5360 5361 5282 
5429 5282 5361 5362 5283 
5430 5283 5362 5363 5284 
5431 5284 5363 5364 5285 
5432 5285 5364 5365 5286 
5433 5286 5365 5366 5287 
5434 5287 5366 5367 5288 
5435 5288 5367 5368 5289 
5436 5289 5368 5369 5290 
5437 5290 5369 5370 5291 
5438 5291 5370 5371 5292 
5439 5292 5371 5372 5293 
5440 5293 5372 5373 5294 
5441 5294 5373 5374 5295 
5442 5295 5374 5375 5296 
5443 5296 5375 5376 5297 
5444 5297 5376 178 179 
5445 68 69 5377 5298 
5446 5298 5377 5378 5299 
5447 5299 5378 5379 5300 
5448 5300 5379 5380 5301 
5449 5301 5380 5381 5302 
5450 5302 5381 5382 5303 
5451 5303 5382 5383 5304 
5452 5304 5383 5384 5305 
5453 5305 5384 5385 5306 
5454 5306 5385 5386 5307 
5455 5307 5386 5387 5308 
5456 5308 5387 5388 5309 
5457 5309 5388 5389 5310 
5458 5310 5389 5390 5311 
5459 5311 5390 5391 5312 
5460 5312 5391 5392 5313 
5461 5313 5392 5393 5314 
5462 5314 5393 5394 5315 
5463 5315 5394 5395 5316 
5464 5316 5395 5396 5317 
5465 5317 5396 5397 5318 
5466 5318 5397 5398 5319 
5467 5319 5398 5399 5320 
5468 5320 5399 5400 5321 
5469 5321 5400 5401 5322 
5470 5322 5401 5402 5323 
5471 5323 5402 5403 5324 
5472 5324 5403 5404 5325 
5473 5325 5404 5405 5326 
5474 5326 5405 5406 5327 
5475 5327 5406 5407 5328 
5476 5328 5407 5408 5329 
5477 5329 5408 5409 5330 
5478 5330 5409 5410 5331 
5479 5331 5410 5411 5332 
5480 5332 5411 5412 5333 
5481 5333 5412 5413 5334 
5482 5334 5413 5414 5335 
5483 5335 5414 5415 5336 
5484 5336 5415 5416 5337 
5485 5337 5416 5417 5338 
5486 5338 5417 5418 5339 
5487 5339 5418 5419 5340 
5488 5340 5419 5420 5341 
5489 5341 5420 5421 5342 
5490 5342 5421 5422 5343 
5491 5343 5422 5423 5344 
5492 5344 5423 5424 5345 
5493 5345 5424 5425 5346 
5494 5346 5425 5426 5347 
5495 5347 5426 5427 5348 
5496 5348 5427 5428 5349 
5497 5349 5428 5429 5350 
5498 5350 5429 5430 5351 
5499 5351 5430 5431 5352 
5500 5352 5431 5432 5353 
5501 5353 5432 5433 5354 
5502 5354 5433 5434 5355 
5503 5355 5434 5435 5356 
5504 5356 5435 5436 5357 
5505 5357 5436 5437 5358 
5506 5358 5437 5438 5359 
5507 5359 5438 5439 5360 
5508 5360 5439 5440 5361 
5509 5361 5440 5441 5362 
5510 5362 5441 5442 5363 
5511 5363 5442 5443 5364 
5512 5364 5443 5444 5365 
5513 5365 5444 5445 5366 
5514 5366 5445 5446 5367 
5515 5367 5446 5447 5368 
5516 5368 5447 5448 5369 
5517 5369 5448 5449 5370 
5518 5370 5449 5450 5371 
5519 5371 5450 5451 5372 
5520 5372 5451 5452 5373 
5521 5373 5452 5453 5374 
5522 5374 5453 5454 5375 
5523 5375 5454 5455 5376 
5524 5376 5455 177 178 
5525 69 70 5456 5377 
5526 5377 5456 5457 5378 
5527 5378 5457 5458 5379 
5528 5379 5458 5459 5380 
5529 5380 5459 5460 5381 
5530 5381 5460 5461 5382 
5531 5382 5461 5462 5383 
5532 5383 5462 5463 5384 
5533 5384 5463 5464 5385 
5534 5385 5464 5465 5386 
5535 5386 5465 5466 5387 
5536 5387 5466 5467 5388 
5537 5388 5467 5468 5389 
5538 5389 5468 5469 5390 
5539 5390 5469 5470 5391 
5540 5391 5470 5471 5392 
5541 5392 5471 5472 5393 
5542 5393 5472 5473 5394 
5543 5394 5473 5474 5395 
5544 5395 5474 5475 5396 
5545 5396 5475 5476 5397 
5546 5397 5476 5477 5398 
5547 5398 5477 5478 5399 
5548 5399 5478 5479 5400 
5549 5400 5479 5480 5401 
5550 5401 5480 5481 5402 
5551 5402 5481 5482 5403 
5552 5403 5482 5483 5404 
5553 5404 5483 5484 5405 
5554 5405 5484 5485 5406 
5555 5406 5485 5486 5407 
5556 5407 5486 5487 5408 
5557 5408 5487 5488 5409 
5558 5409 5488 5489 5410 
5559 5410 5489 5490 5411 
5560 5411 5490 5491 5412 
5561 5412 5491 5492 5413 
5562 5413 5492 5493 5414 
5563 5414 5493 5494 5415 
5564 5415 5494 5495 5416 
5565 5416 5495 5496 5417 
5566 5417 5496 5497 5418 
5567 5418 5497 5498 5419 
5568 5419 5498 5499 5420 
5569 5420 5499 5500 5421 
5570 5421 5500 5501 5422 
5571 5422 5501 5502 5423 
5572 5423 5502 5503 5424 
5573 5424 5503 5504 5425 
5574 5425 5504 5505 5426 
5575 5426 5505 5506 5427 
5576 5427 5506 5507 5428 
5577 5428 5507 5508 5429 
5578 5429 5508 5509 5430 
5579 5430 5509 5510 5431 
5580 5431 5510 5511 5432 
5581 5432 5511 5512 5433 
5582 5433 5512 5513 5434 
5583 5434 5513 5514 5435 
5584 5435 5514 5515 5436 
5585 5436 5515 5516 5437 
5586 5437 5516 5517 5438 
5587 5438 5517 5518 5439 
5588 5439 5518 5519 5440 
5589 5440 5519 5520 5441 
5590 5441 5520 5521 5442 
5591 5442 5521 5522 5443 
5592 5443 5522 5523 5444 
5593 5444 5523 5524 5445 
5594 5445 5524 5525 5446 
5595 5446 5525 5526 5447 
5596 5447 5526 5527 5448 
5597 5448 5527 5528 5449 
5598 5449 5528 5529 5450 
5599 5450 5529 5530 5451 
5600 5451 5530 5531 5452 
5601 5452 5531 5532 5453 
5602 5453 5532 5533 5454 
5603 5454 5533 5534 5455 
5604 5455 5534 176 177 
5605 70 71 5535 5456 
5606 5456 5535 5536 5457 
5607 5457 5536 5537 5458 
5608 5458 5537 5538 5459 
5609 5459 5538 5539 5460 
5610 5460 5539 5540 5461 
5611 5461 5540 5541 5462 
5612 5462 5541 5542 5463 
5613 5463 5542 5543 5464 
5614 5464 5543 5544 5465 
5615 5465 5544 5545 5466 
5616 5466 5545 5546 5467 
5617 5467 5546 5547 5468 
5618 5468 5547 5548 5469 
5619 5469 5548 5549 5470 
5620 5470 5549 5550 5471 
5621 5471 5550 5551 5472 
5622 5472 5551 5552 5473 
5623 5473 5552 5553 5474 
5624 5474 5553 5554 5475 
5625 5475 5554 5555 5476 
5626 5476 5555 5556 5477 
5627 5477 5556 5557 5478 
5628 5478 5557 5558 5479 
5629 5479 5558 5559 5480 
5630 5480 5559 5560 5481 
5631 5481 5560 5561 5482 
5632 5482 5561 5562 5483 
5633 5483 5562 5563 5484 
5634 5484 5563 5564 5485 
5635 5485 5564 5565 5486 
5636 5486 5565 5566 5487 
5637 5487 5566 5567 5488 
5638 5488 5567 5568 5489 
5639 5489 5568 5569 5490 
5640 5490 5569 5570 5491 
5641 5491 5570 5571 5492 
5642 5492 5571 5572 5493 
5643 5493 5572 5573 5494 
5644 5494 5573 5574 5495 
5645 5495 5574 5575 5496 
5646 5496 5575 5576 5497 
5647 5497 5576 5577 5498 
5648 5498 5577 5578 5499 
5649 5499 5578 5579 5500 
5650 5500 5579 5580 5501 
5651 5501 5580 5581 5502 
5652 5502 5581 5582 5503 
5653 5503 5582 5583 5504 
5654 5504 5583 5584 5505 
5655 5505 5584 5585 5506 
5656 5506 5585 5586 5507 
5657 5507 5586 5587 5508 
5658 5508 5587 5588 5509 
5659 5509 5588 5589 5510 
5660 5510 5589 5590 5511 
5661 5511 5590 5591 5512 
5662 5512 5591 5592 5513 
5663 5513 5592 5593 5514 
5664 5514 5593 5594 5515 
5665 5515 5594 5595 5516 
5666 5516 5595 5596 5517 
5667 5517 5596 5597 5518 
5668 5518 5597 5598 5519 
5669 5519 5598 5599 5520 
5670 5520 5599 5600 5521 
5671 5521 5600 5601 5522 
5672 5522 5601 5602 5523 
5673 5523 5602 5603 5524 
5674 5524 5603 5604 5525 
5675 5525 5604 5605 5526 
5676 5526 5605 5606 5527 
5677 5527 5606 5607 5528 
5678 5528 5607 5608 5529 
5679 5529 5608 5609 5530 
5680 5530 5609 5610 5531 
5681 5531 5610 5611 5532 
5682 5532 5611 5612 5533 
5683 5533 5612 5613 5534 
5684 5534 5613 175 176 
5685 71 72 5614 5535 
5686 5535 5614 5615 5536 
5687 5536 5615 5616 5537 
5688 5537 5616 5617 5538 
5689 5538 5617 5618 5539 
5690 5539 5618 5619 5540 
5691 5540 5619 5620 5541 
5692 5541 5620 5621 5542 
5693 5542 5621 5622 5543 
5694 5543 5622 5623 5544 
5695 5544 5623 5624 5545 
5696 5545 5624 5625 5546 
5697 5546 5625 5626 5547 
5698 5547 5626 5627 5548 
5699 5548 5627 5628 5549 
5700 5549 5628 5629 5550 
5701 5550 5629 5630 5551 
5702 5551 5630 5631 5552 
5703 5552 5631 5632 5553 
5704 5553 5632 5633 5554 
5705 5554 5633 5634 5555 
5706 5555 5634 5635 5556 
5707 5556 5635 5636 5557 
5708 5557 5636 5637 5558 
5709 5558 5637 5638 5559 
5710 5559 5638 5639 5560 
5711 5560 5639 5640 5561 
5712 5561 5640 5641 5562 
5713 5562 5641 5642 5563 
5714 5563 5642 5643 5564 
5715 5564 5643 5644 5565 
5716 5565 5644 5645 5566 
5717 5566 5645 5646 5567 
5718 5567 5646 5647 5568 
5719 5568 5647 5648 5569 
5720 5569 5648 5649 5570 
5721 5570 5649 5650 5571 
5722 5571 5650 5651 5572 
5723 5572 5651 5652 5573 
5724 5573 5652 5653 5574 
5725 5574 5653 5654 5575 
5726 5575 5654 5655 5576 
5727 5576 5655 5656 5577 
5728 5577 5656 5657 5578 
5729 5578 5657 5658 5579 
5730 5579 5658 5659 5580 
5731 5580 5659 5660 5581 
5732 5581 5660 5661 5582 
5733 5582 5661 5662 5583 
5734 5583 5662 5663 5584 
5735 5584 5663 5664 5585 
5736 5585 5664 5665 5586 
5737 5586 5665 5666 5587 
5738 5587 5666 5667 5588 
5739 5588 5667 5668 5589 
5740 5589 5668 5669 5590 
5741 5590 5669 5670 5591 
5742 5591 5670 5671 5592 
5743 5592 5671 5672 5593 
5744 5593 5672 5673 5594 
5745 5594 5673 5674 5595 
5746 5595 5674 5675 5596 
5747 5596 5675 5676 5597 
5748 5597 5676 5677 5598 
5749 5598 5677 5678 5599 
5750 5599 5678 5679 5600 
5751 5600 5679 5680 5601 
5752 5601 5680 5681 5602 
5753 5602 5681 5682 5603 
5754 5603 5682 5683 5604 
5755 5604 5683 5684 5605 
5756 5605 5684 5685 5606 
5757 5606 5685 5686 5607 
5758 5607 5686 5687 5608 
5759 5608 5687 5688 5609 
5760 5609 5688 5689 5610 
5761 5610 5689 5690 5611 
5762 5611 5690 5691 5612 
5763 5612 5691 5692 5613 
5764 5613 5692 174 175 
5765 72 73 5693 5614 
5766 5614 5693 5694 5615 
5767 5615 5694 5695 5616 
5768 5616 5695 5696 5617 
5769 5617 5696 5697 5618 
5770 5618 5697 5698 5619 
5771 5619 5698 5699 5620 
5772 5620 5699 5700 5621 
5773 5621 5700 5701 5622 
5774 5622 5701 5702 5623 
5775 5623 5702 5703 5624 
5776 5624 5703 5704 5625 
5777 5625 5704 5705 5626 
5778 5626 5705 5706 5627 
5779 5627 5706 5707 5628 
5780 5628 5707 5708 5629 
5781 5629 5708 5709 5630 
5782 5630 5709 5710 5631 
5783 5631 5710 5711 5632 
5784 5632 5711 5712 5633 
5785 5633 5712 5713 5634 
5786 5634 5713 5714 5635 
5787 5635 5714 5715 5636 
5788 5636 5715 5716 5637 
5789 5637 5716 5717 5638 
5790 5638 5717 5718 5639 
5791 5639 5718 5719 5640 
5792 5640 5719 5720 5641 
5793 5641 5720 5721 5642 
5794 5642 5721 5722 5643 
5795 5643 5722 5723 5644 
5796 5644 5723 5724 5645 
5797 5645 5724 5725 5646 
5798 5646 5725 5726 5647 
5799 5647 5726 5727 5648 
5800 5648 5727 5728 5649 
5801 5649 5728 5729 5650 
5802 5650 5729 5730 5651 
5803 5651 5730 5731 5652 
5804 5652 5731 5732 5653 
5805 5653 5732 5733 5654 
5806 5654 5733 5734 5655 
5807 5655 5734 5735 5656 
5808 5656 5735 5736 5657 
5809 5657 5736 5737 5658 
5810 5658 5737 5738 5659 
5811 5659 5738 5739 5660 
5812 5660 5739 5740 5661 
5813 5661 5740 5741 5662 
5814 5662 5741 5742 5663 
5815 5663 5742 5743 5664 
5816 5664 5743 5744 5665 
5817 5665 5744 5745 5666 
5818 5666 5745 5746 5667 
5819 5667 5746 5747 5668 
5820 5668 5747 5748 5669 
5821 5669 5748 5749 5670 
5822 5670 5749 5750 5671 
5823 5671 5750 5751 5672 
5824 5672 5751 5752 5673 
5825 5673 5752 5753 5674 
5826 5674 5753 5754 5675 
5827 5675 5754 5755 5676 
5828 5676 5755 5756 5677 
5829 5677 5756 5757 5678 
5830 5678 5757 5758 5679 
5831 5679 5758 5759 5680 
5832 5680 5759 5760 5681 
5833 5681 5760 5761 5682 
5834 5682 5761 5762 5683 
5835 5683 5762 5763 5684 
5836 5684 5763 5764 5685 
5837 5685 5764 5765 5686 
5838 5686 5765 5766 5687 
5839 5687 5766 5767 5688 
5840 5688 5767 5768 5689 
5841 5689 5768 5769 5690 
5842 5690 5769 5770 5691 
5843 5691 5770 5771 5692 
5844 5692 5771 173 174 
5845 73 74 5772 5693 
5846 5693 5772 5773 5694 
5847 5694 5773 5774 5695 
5848 5695 5774 5775 5696 
5849 5696 5775 5776 5697 
5850 5697 5776 5777 5698 
5851 5698 5777 5778 5699 
5852 5699 5778 5779 5700 
5853 5700 5779 5780 5701 
5854 5701 5780 5781 5702 
5855 5702 5781 5782 5703 
5856 5703 5782 5783 5704 
5857 5704 5783 5784 5705 
5858 5705 5784 5785 5706 
5859 5706 5785 5786 5707 
5860 5707 5786 5787 5708 
5861 5708 5787 5788 5709 
5862 5709 5788 5789 5710 
5863 5710 5789 5790 5711 
5864 5711 5790 5791 5712 
5865 5712 5791 5792 5713 
5866 5713 5792 5793 5714 
5867 5714 5793 5794 5715 
5868 5715 5794 5795 5716 
5869 5716 5795 5796 5717 
5870 5717 5796 5797 5718 
5871 5718 5797 5798 5719 
5872 5719 5798 5799 5720 
5873 5720 5799 5800 5721 
5874 5721 5800 5801 5722 
5875 5722 5801 5802 5723 
5876 5723 5802 5803 5724 
5877 5724 5803 5804 5725 
5878 5725 5804 5805 5726 
5879 5726 5805 5806 5727 
5880 5727 5806 5807 5728 
5881 5728 5807 5808 5729 
5882 5729 5808 5809 5730 
5883 5730 5809 5810 5731 
5884 5731 5810 5811 5732 
5885 5732 5811 5812 5733 
5886 5733 5812 5813 5734 
5887 5734 5813 5814 5735 
5888 5735 5814 5815 5736 
5889 5736 5815 5816 5737 
5890 5737 5816 5817 5738 
5891 5738 5817 5818 5739 
5892 5739 5818 5819 5740 
5893 5740 5819 5820 5741 
5894 5741 5820 5821 5742 
5895 5742 5821 5822 5743 
5896 5743 5822 5823 5744 
5897 5744 5823 5824 5745 
5898 5745 5824 5825 5746 
5899 5746 5825 5826 5747 
5900 5747 5826 5827 5748 
5901 5748 5827 5828 5749 
5902 5749 5828 5829 5750 
5903 5750 5829 5830 5751 
5904 5751 5830 5831 5752 
5905 5752 5831 5832 5753 
5906 5753 5832 5833 5754 
5907 5754 5833 5834 5755 
5908 5755 5834 5835 5756 
5909 5756 5835 5836 5757 
5910 5757 5836 5837 5758 
5911 5758 5837 5838 5759 
5912 5759 5838 5839 5760 
5913 5760 5839 5840 5761 
5914 5761 5840 5841 5762 
5915 5762 5841 5842 5763 
5916 5763 5842 5843 5764 
5917 5764 5843 5844 5765 
5918 5765 5844 5845 5766 
5919 5766 5845 5846 5767 
5920 5767 5846 5847 5768 
5921 5768 5847 5848 5769 
5922 5769 5848 5849 5770 
5923 5770 5849 5850 5771 
5924 5771 5850 172 173 
5925 74 75 5851 5772 
5926 5772 5851 5852 5773 
5927 5773 5852 5853 5774 
5928 5774 5853 5854 5775 
5929 5775 5854 5855 5776 
5930 5776 5855 5856 5777 
5931 5777 5856 5857 5778 
5932 5778 5857 5858 5779 
5933 5779 5858 5859 5780 
5934 5780 5859 5860 5781 
5935 5781 5860 5861 5782 
5936 5782 5861 5862 5783 
5937 5783 5862 5863 5784 
5938 5784 5863 5864 5785 
5939 5785 5864 5865 5786 
5940 5786 5865 5866 5787 
5941 5787 5866 5867 5788 
5942 5788 5867 5868 5789 
5943 5789 5868 5869 5790 
5944 5790 5869 5870 5791 
5945 5791 5870 5871 5792 
5946 5792 5871 5872 5793 
5947 5793 5872 5873 5794 
5948 5794 5873 5874 5795 
5949 5795 5874 5875 5796 
5950 5796 5875 5876 5797 
5951 5797 5876 5877 5798 
5952 5798 5877 5878 5799 
5953 5799 5878 5879 5800 
5954 5800 5879 5880 5801 
5955 5801 5880 5881 5802 
5956 5802 5881 5882 5803 
5957 5803 5882 5883 5804 
5958 5804 5883 5884 5805 
5959 5805 5884 5885 5806 
5960 5806 5885 5886 5807 
5961 5807 5886 5887 5808 
5962 5808 5887 5888 5809 
5963 5809 5888 5889 5810 
5964 5810 5889 5890 5811 
5965 5811 5890 5891 5812 
5966 5812 5891 5892 5813 
5967 5813 5892 5893 5814 
5968 5814 5893 5894 5815 
5969 5815 5894 5895 5816 
5970 5816 5895 5896 5817 
5971 5817 5896 5897 5818 
5972 5818 5897 5898 5819 
5973 5819 5898 5899 5820 
5974 5820 5899 5900 5821 
5975 5821 5900 5901 5822 
5976 5822 5901 5902 5823 
5977 5823 5902 5903 5824 
5978 5824 5903 5904 5825 
5979 5825 5904 5905 5826 
5980 5826 5905 5906 5827 
5981 5827 5906 5907 5828 
5982 5828 5907 5908 5829 
5983 5829 5908 5909 5830 
5984 5830 5909 5910 5831 
5985 5831 5910 5911 5832 
5986 5832 5911 5912 5833 
5987 5833 5912 5913 5834 
5988 5834 5913 5914 5835 
5989 5835 5914 5915 5836 
5990 5836 5915 5916 5837 
5991 5837 5916 5917 5838 
5992 5838 5917 5918 5839 
5993 5839 5918 5919 5840 
5994 5840 5919 5920 5841 
5995 5841 5920 5921 5842 
5996 5842 5921 5922 5843 
5997 5843 5922 5923 5844 
5998 5844 5923 5924 5845 
5999 5845 5924 5925 5846 
6000 5846 5925 5926 5847 
6001 5847 5926 5927 5848 
6002 5848 5927 5928 5849 
6003 5849 5928 5929 5850 
6004 5850 5929 171 172 
6005 75 76 5930 5851 
6006 5851 5930 5931 5852 
6007 5852 5931 5932 5853 
6008 5853 5932 5933 5854 
6009 5854 5933 5934 5855 
6010 5855 5934 5935 5856 
6011 5856 5935 5936 5857 
6012 5857 5936 5937 5858 
6013 5858 5937 5938 5859 
6014 5859 5938 5939 5860 
6015 5860 5939 5940 5861 
6016 5861 5940 5941 5862 
6017 5862 5941 5942 5863 
6018 5863 5942 5943 5864 
6019 5864 5943 5944 5865 
6020 5865 5944 5945 5866 
6021 5866 5945 5946 5867 
6022 5867 5946 5947 5868 
6023 5868 5947 5948 5869 
6024 5869 5948 5949 5870 
6025 5870 5949 5950 5871 
6026 5871 5950 5951 5872 
6027 5872 5951 5952 5873 
6028 5873 5952 5953 5874 
6029 5874 5953 5954 5875 
6030 5875 5954 5955 5876 
6031 5876 5955 5956 5877 
6032 5877 5956 5957 5878 
6033 5878 5957 5958 5879 
6034 5879 5958 5959 5880 
6035 5880 5959 5960 5881 
6036 5881 5960 5961 5882 
6037 5882 5961 5962 5883 
6038 5883 5962 5963 5884 
6039 5884 5963 5964 5885 
6040 5885 5964 5965 5886 
6041 5886 5965 5966 5887 
6042 5887 5966 5967 5888 
6043 5888 5967 5968 5889 
6044 5889 5968 5969 5890 
6045 5890 5969 5970 5891 
6046 5891 5970 5971 5892 
6047 5892 5971 5972 5893 
6048 5893 5972 5973 5894 
6049 5894 5973 5974 5895 
6050 5895 5974 5975 5896 
6051 5896 5975 5976 5897 
6052 5897 5976 5977 5898 
6053 5898 5977 5978 5899 
6054 5899 5978 5979 5900 
6055 5900 5979 5980 5901 
6056 5901 5980 5981 5902 
6057 5902 5981 5982 5903 
6058 5903 5982 5983 5904 
6059 5904 5983 5984 5905 
6060 5905 5984 5985 5906 
6061 5906 5985 5986 5907 
6062 5907 5986 5987 5908 
6063 5908 5987 5988 5909 
6064 5909 5988 5989 5910 
6065 5910 5989 5990 5911 
6066 5911 5990 5991 5912 
6067 5912 5991 5992 5913 
6068 5913 5992 5993 5914 
6069 5914 5993 5994 5915 
6070 5915 5994 5995 5916 
6071 5916 5995 5996 5917 
6072 5917 5996 5997 5918 
6073 5918 5997 5998 5919 
6074 5919 5998 5999 5920 
6075 5920 5999 6000 5921 
6076 5921 6000 6001 5922 
6077 5922 6001 6002 5923 
6078 5923 6002 6003 5924 
6079 5924 6003 6004 5925 
6080 5925 6004 6005 5926 
6081 5926 6005 6006 5927 
6082 5927 6006 6007 5928 
6083 5928 6007 6008 5929 
6084 5929 6008 170 171 
6085 76 77 6009 5930 
6086 5930 6009 6010 5931 
6087 5931 6010 6011 5932 
6088 5932 6011 6012 5933 
6089 5933 6012 6013 5934 
6090 5934 6013 6014 5935 
6091 5935 6014 6015 5936 
6092 5936 6015 6016 5937 
6093 5937 6016 6017 5938 
6094 5938 6017 6018 5939 
6095 5939 6018 6019 5940 
6096 5940 6019 6020 5941 
6097 5941 6020 6021 5942 
6098 5942 6021 6022 5943 
6099 5943 6022 6023 5944 
6100 5944 6023 6024 5945 
6101 5945 6024 6025 5946 
6102 5946 6025 6026 5947 
6103 5947 6026 6027 5948 
6104 5948 6027 6028 5949 
6105 5949 6028 6029 5950 
6106 5950 6029 6030 5951 
6107 5951 6030 6031 5952 
6108 5952 6031 6032 5953 
6109 5953 6032 6033 5954 
6110 5954 6033 6034 5955 
6111 5955 6034 6035 5956 
6112 5956 6035 6036 5957 
6113 5957 6036 6037 5958 
6114 5958 6037 6038 5959 
6115 5959 6038 6039 5960 
6116 5960 6039 6040 5961 
6117 5961 6040 6041 5962 
6118 5962 6041 6042 5963 
6119 5963 6042 6043 5964 
6120 5964 6043 6044 5965 
6121 5965 6044 6045 5966 
6122 5966 6045 6046 5967 
6123 5967 6046 6047 5968 
6124 5968 6047 6048 5969 
6125 5969 6048 6049 5970 
6126 5970 6049 6050 5971 
6127 5971 6050 6051 5972 
6128 5972 6051 6052 5973 
6129 5973 6052 6053 5974 
6130 5974 6053 6054 5975 
6131 5975 6054 6055 5976 
6132 5976 6055 6056 5977 
6133 5977 6056 6057 5978 
6134 5978 6057 6058 5979 
6135 5979 6058 6059 5980 
6136 5980 6059 6060 5981 
6137 5981 6060 6061 5982 
6138 5982 6061 6062 5983 
6139 5983 6062 6063 5984 
6140 5984 6063 6064 5985 
6141 5985 6064 6065 5986 
6142 5986 6065 6066 5987 
6143 5987 6066 6067 5988 
6144 5988 6067 6068 5989 
6145 5989 6068 6069 5990 
6146 5990 6069 6070 5991 
6147 5991 6070 6071 5992 
6148 5992 6071 6072 5993 
6149 5993 6072 6073 5994 
6150 5994 6073 6074 5995 
6151 5995 6074 6075 5996 
6152 5996 6075 6076 5997 
6153 5997 6076 6077 5998 
6154 5998 6077 6078 5999 
6155 5999 6078 6079 6000 
6156 6000 6079 6080 6001 
6157 6001 6080 6081 6002 
6158 6002 6081 6082 6003 
6159 6003 6082 6083 6004 
6160 6004 6083 6084 6005 
6161 6005 6084 6085 6006 
6162 6006 6085 6086 6007 
6163 6007 6086 6087 6008 
6164 6008 6087 169 170 
6165 77 78 6088 6009 
6166 6009 6088 6089 6010 
6167 6010 6089 6090 6011 
6168 6011 6090 6091 6012 
6169 6012 6091 6092 6013 
6170 6013 6092 6093 6014 
6171 6014 6093 6094 6015 
6172 6015 6094 6095 6016 
6173 6016 6095 6096 6017 
6174 6017 6096 6097 6018 
6175 6018 6097 6098 6019 
6176 6019 6098 6099 6020 
6177 6020 6099 6100 6021 
6178 6021 6100 6101 6022 
6179 6022 6101 6102 6023 
6180 6023 6102 6103 6024 
6181 6024 6103 6104 6025 
6182 6025 6104 6105 6026 
6183 6026 6105 6106 6027 
6184 6027 6106 6107 6028 
6185 6028 6107 6108 6029 
6186 6029 6108 6109 6030 
6187 6030 6109 6110 6031 
6188 6031 6110 6111 6032 
6189 6032 6111 6112 6033 
6190 6033 6112 6113 6034 
6191 6034 6113 6114 6035 
6192 6035 6114 6115 6036 
6193 6036 6115 6116 6037 
6194 6037 6116 6117 6038 
6195 6038 6117 6118 6039 
6196 6039 6118 6119 6040 
6197 6040 6119 6120 6041 
6198 6041 6120 6121 6042 
6199 6042 6121 6122 6043 
6200 6043 6122 6123 6044 
6201 6044 6123 6124 6045 
6202 6045 6124 6125 6046 
6203 6046 6125 6126 6047 
6204 6047 6126 6127 6048 
6205 6048 6127 6128 6049 
6206 6049 6128 6129 6050 
6207 6050 6129 6130 6051 
6208 6051 6130 6131 6052 
6209 6052 6131 6132 6053 
6210 6053 6132 6133 6054 
6211 6054 6133 6134 6055 
6212 6055 6134 6135 6056 
6213 6056 6135 6136 6057 
6214 6057 6136 6137 6058 
6215 6058 6137 6138 6059 
6216 6059 6138 6139 6060 
6217 6060 6139 6140 6061 
6218 6061 6140 6141 6062 
6219 6062 6141 6142 6063 
6220 6063 6142 6143 6064 
6221 6064 6143 6144 6065 
6222 6065 6144 6145 6066 
6223 6066 6145 6146 6067 
6224 6067 6146 6147 6068 
6225 6068 6147 6148 6069 
6226 6069 6148 6149 6070 
6227 6070 6149 6150 6071 
6228 6071 6150 6151 6072 
6229 6072 6151 6152 6073 
6230 6073 6152 6153 6074 
6231 6074 6153 6154 6075 
6232 6075 6154 6155 6076 
6233 6076 6155 6156 6077 
6234 6077 6156 6157 6078 
6235 6078 6157 6158 6079 
6236 6079 6158 6159 6080 
6237 6080 6159 6160 6081 
6238 6081 6160 6161 6082 
6239 6082 6161 6162 6083 
6240 6083 6162 6163 6084 
6241 6084 6163 6164 6085 
6242 6085 6164 6165 6086 
6243 6086 6165 6166 6087 
6244 6087 6166 168 169 
6245 78 79 6167 6088 
6246 6088 6167 6168 6089 
6247 6089 6168 6169 6090 
6248 6090 6169 6170 6091 
6249 6091 6170 6171 6092 
6250 6092 6171 6172 6093 
6251 6093 6172 6173 6094 
6252 6094 6173 6174 6095 
6253 6095 6174 6175 6096 
6254 6096 6175 6176 6097 
6255 6097 6176 6177 6098 
6256 6098 6177 6178 6099 
6257 6099 6178 6179 6100 
6258 6100 6179 6180 6101 
6259 6101 6180 6181 6102 
6260 6102 6181 6182 6103 
6261 6103 6182 6183 6104 
6262 6104 6183 6184 6105 
6263 6105 6184 6185 6106 
6264 6106 6185 6186 6107 
6265 6107 6186 6187 6108 
6266 6108 6187 6188 6109 
6267 6109 6188 6189 6110 
6268 6110 6189 6190 6111 
6269 6111 6190 6191 6112 
6270 6112 6191 6192 6113 
6271 6113 6192 6193 6114 
6272 6114 6193 6194 6115 
6273 6115 6194 6195 6116 
6274 6116 6195 6196 6117 
6275 6117 6196 6197 6118 
6276 6118 6197 6198 6119 
6277 6119 6198 6199 6120 
6278 6120 6199 6200 6121 
6279 6121 6200 6201 6122 
6280 6122 6201 6202 6123 
6281 6123 6202 6203 6124 
6282 6124 6203 6204 6125 
6283 6125 6204 6205 6126 
6284 6126 6205 6206 6127 
6285 6127 6206 6207 6128 
6286 6128 6207 6208 6129 
6287 6129 6208 6209 6130 
6288 6130 6209 6210 6131 
6289 6131 6210 6211 6132 
6290 6132 6211 6212 6133 
6291 6133 6212 6213 6134 
6292 6134 6213 6214 6135 
6293 6135 6214 6215 6136 
6294 6136 6215 6216 6137 
6295 6137 6216 6217 6138 
6296 6138 6217 6218 6139 
6297 6139 6218 6219 6140 
6298 6140 6219 6220 6141 
6299 6141 6220 6221 6142 
6300 6142 6221 6222 6143 
6301 6143 6222 6223 6144 
6302 6144 6223 6224 6145 
6303 6145 6224 6225 6146 
6304 6146 6225 6226 6147 
6305 6147 6226 6227 6148 
6306 6148 6227 6228 6149 
6307 6149 6228 6229 6150 
6308 6150 6229 6230 6151 
6309 6151 6230 6231 6152 
6310 6152 6231 6232 6153 
6311 6153 6232 6233 6154 
6312 6154 6233 6234 6155 
6313 6155 6234 6235 6156 
6314 6156 6235 6236 6157 
6315 6157 6236 6237 6158 
6316 6158 6237 6238 6159 
6317 6159 6238 6239 6160 
6318 6160 6239 6240 6161 
6319 6161 6240 6241 6162 
6320 6162 6241 6242 6163 
6321 6163 6242 6243 6164 
6322 6164 6243 6244 6165 
6323 6165 6244 6245 6166 
6324 6166 6245 167 168 
6325 79 80 6246 6167 
6326 6167 6246 6247 6168 
6327 6168 6247 6248 6169 
6328 6169 6248 6249 6170 
6329 6170 6249 6250 6171 
6330 6171 6250 6251 6172 
6331 6172 6251 6252 6173 
6332 6173 6252 6253 6174 
6333 6174 6253 6254 6175 
6334 6175 6254 6255 6176 
6335 6176 6255 6256 6177 
6336 6177 6256 6257 6178 
6337 6178 6257 6258 6179 
6338 6179 6258 6259 6180 
6339 6180 6259 6260 6181 
6340 6181 6260 6261 6182 
6341 6182 6261 6262 6183 
6342 6183 6262 6263 6184 
6343 6184 6263 6264 6185 
6344 6185 6264 6265 6186 
6345 6186 6265 6266 6187 
6346 6187 6266 6267 6188 
6347 6188 6267 6268 6189 
6348 6189 6268 6269 6190 
6349 6190 6269 6270 6191 
6350 6191 6270 6271 6192 
6351 6192 6271 6272 6193 
6352 6193 6272 6273 6194 
6353 6194 6273 6274 6195 
6354 6195 6274 6275 6196 
6355 6196 6275 6276 6197 
6356 6197 6276 6277 6198 
6357 6198 6277 6278 6199 
6358 6199 6278 6279 6200 
6359 6200 6279 6280 6201 
6360 6201 6280 6281 6202 
6361 6202 6281 6282 6203 
6362 6203 6282 6283 6204 
6363 6204 6283 6284 6205 
6364 6205 6284 6285 6206 
6365 6206 6285 6286 6207 
6366 6207 6286 6287 6208 
6367 6208 6287 6288 6209 
6368 6209 6288 6289 6210 
6369 6210 6289 6290 6211 
6370 6211 6290 6291 6212 
6371 6212 6291 6292 6213 
6372 6213 6292 6293 6214 
6373 6214 6293 6294 6215 
6374 6215 6294 6295 6216 
6375 6216 6295 6296 6217 
6376 6217 6296 6297 6218 
6377 6218 6297 6298 6219 
6378 6219 6298 6299 6220 
6379 6220 6299 6300 6221 
6380 6221 6300 6301 6222 
6381 6222 6301 6302 6223 
6382 6223 6302 6303 6224 
6383 6224 6303 6304 6225 
6384 6225 6304 6305 6226 
6385 6226 6305 6306 6227 
6386 6227 6306 6307 6228 
6387 6228 6307 6308 6229 
6388 6229 6308 6309 6230 
6389 6230 6309 6310 6231 
6390 6231 6310 6311 6232 
6391 6232 6311 6312 6233 
6392 6233 6312 6313 6234 
6393 6234 6313 6314 6235 
6394 6235 6314 6315 6236 
6395 6236 6315 6316 6237 
6396 6237 6316 6317 6238 
6397 6238 6317 6318 6239 
6398 6239 6318 6319 6240 
6399 6240 6319 6320 6241 
6400 6241 6320 6321 6242 
6401 6242 6321 6322 6243 
6402 6243 6322 6323 6244 
6403 6244 6323 6324 6245 
6404 6245 6324 166 167 
6405 80 81 6325 6246 
6406 6246 6325 6326 6247 
6407 6247 6326 6327 6248 
6408 6248 6327 6328 6249 
6409 6249 6328 6329 6250 
6410 6250 6329 6330 6251 
6411 6251 6330 6331 6252 
6412 6252 6331 6332 6253 
6413 6253 6332 6333 6254 
6414 6254 6333 6334 6255 
6415 6255 6334 6335 6256 
6416 6256 6335 6336 6257 
6417 6257 6336 6337 6258 
6418 6258 6337 6338 6259 
6419 6259 6338 6339 6260 
6420 6260 6339 6340 6261 
6421 6261 6340 6341 6262 
6422 6262 6341 6342 6263 
6423 6263 6342 6343 6264 
6424 6264 6343 6344 6265 
6425 6265 6344 6345 6266 
6426 6266 6345 6346 6267 
6427 6267 6346 6347 6268 
6428 6268 6347 6348 6269 
6429 6269 6348 6349 6270 
6430 6270 6349 6350 6271 
6431 6271 6350 6351 6272 
6432 6272 6351 6352 6273 
6433 6273 6352 6353 6274 
6434 6274 6353 6354 6275 
6435 6275 6354 6355 6276 
6436 6276 6355 6356 6277 
6437 6277 6356 6357 6278 
6438 6278 6357 6358 6279 
6439 6279 6358 6359 6280 
6440 6280 6359 6360 6281 
6441 6281 6360 6361 6282 
6442 6282 6361 6362 6283 
6443 6283 6362 6363 6284 
6444 6284 6363 6364 6285 
6445 6285 6364 6365 6286 
6446 6286 6365 6366 6287 
6447 6287 6366 6367 6288 
6448 6288 6367 6368 6289 
6449 6289 6368 6369 6290 
6450 6290 6369 6370 6291 
6451 6291 6370 6371 6292 
6452 6292 6371 6372 6293 
6453 6293 6372 6373 6294 
6454 6294 6373 6374 6295 
6455 6295 6374 6375 6296 
6456 6296 6375 6376 6297 
6457 6297 6376 6377 6298 
6458 6298 6377 6378 6299 
6459 6299 6378 6379 6300 
6460 6300 6379 6380 6301 
6461 6301 6380 6381 6302 
6462 6302 6381 6382 6303 
6463 6303 6382 6383 6304 
6464 6304 6383 6384 6305 
6465 6305 6384 6385 6306 
6466 6306 6385 6386 6307 
6467 6307 6386 6387 6308 
6468 6308 6387 6388 6309 
6469 6309 6388 6389 6310 
6470 6310 6389 6390 6311 
6471 6311 6390 6391 6312 
6472 6312 6391 6392 6313 
6473 6313 6392 6393 6314 
6474 6314 6393 6394 6315 
6475 6315 6394 6395 6316 
6476 6316 6395 6396 6317 
6477 6317 6396 6397 6318 
6478 6318 6397 6398 6319 
6479 6319 6398 6399 6320 
6480 6320 6399 6400 6321 
6481 6321 6400 6401 6322 
6482 6322 6401 6402 6323 
6483 6323 6402 6403 6324 
6484 6324 6403 165 166 
6485 81 82 6404 6325 
6486 6325 6404 6405 6326 
6487 6326 6405 6406 6327 
6488 6327 6406 6407 6328 
6489 6328 6407 6408 6329 
6490 6329 6408 6409 6330 
6491 6330 6409 6410 6331 
6492 6331 6410 6411 6332 
6493 6332 6411 6412 6333 
6494 6333 6412 6413 6334 
6495 6334 6413 6414 6335 
6496 6335 6414 6415 6336 
6497 6336 6415 6416 6337 
6498 6337 6416 6417 6338 
6499 6338 6417 6418 6339 
6500 6339 6418 6419 6340 
6501 6340 6419 6420 6341 
6502 6341 6420 6421 6342 
6503 6342 6421 6422 6343 
6504 6343 6422 6423 6344 
6505 6344 6423 6424 6345 
6506 6345 6424 6425 6346 
6507 6346 6425 6426 6347 
6508 6347 6426 6427 6348 
6509 6348 6427 6428 6349 
6510 6349 6428 6429 6350 
6511 6350 6429 6430 6351 
6512 6351 6430 6431 6352 
6513 6352 6431 6432 6353 
6514 6353 6432 6433 6354 
6515 6354 6433 6434 6355 
6516 6355 6434 6435 6356 
6517 6356 6435 6436 6357 
6518 6357 6436 6437 6358 
6519 6358 6437 6438 6359 
6520 6359 6438 6439 6360 
6521 6360 6439 6440 6361 
6522 6361 6440 6441 6362 
6523 6362 6441 6442 6363 
6524 6363 6442 6443 6364 
6525 6364 6443 6444 6365 
6526 6365 6444 6445 6366 
6527 6366 6445 6446 6367 
6528 6367 6446 6447 6368 
6529 6368 6447 6448 6369 
6530 6369 6448 6449 6370 
6531 6370 6449 6450 6371 
6532 6371 6450 6451 6372 
6533 6372 6451 6452 6373 
6534 6373 6452 6453 6374 
6535 6374 6453 6454 6375 
6536 6375 6454 6455 6376 
6537 6376 6455 6456 6377 
6538 6377 6456 6457 6378 
6539 6378 6457 6458 6379 
6540 6379 6458 6459 6380 
6541 6380 6459 6460 6381 
6542 6381 6460 6461 6382 
6543 6382 6461 6462 6383 
6544 6383 6462 6463 6384 
6545 6384 6463 6464 6385 
6546 6385 6464 6465 6386 
6547 6386 6465 6466 6387 
6548 6387 6466 6467 6388 
6549 6388 6467 6468 6389 
6550 6389 6468 6469 6390 
6551 6390 6469 6470 6391 
6552 6391 6470 6471 6392 
6553 6392 6471 6472 6393 
6554 6393 6472 6473 6394 
6555 6394 6473 6474 6395 
6556 6395 6474 6475 6396 
6557 6396 6475 6476 6397 
6558 6397 6476 6477 6398 
6559 6398 6477 6478 6399 
6560 6399 6478 6479 6400 
6561 6400 6479 6480 6401 
6562 6401 6480 6481 6402 
6563 6402 6481 6482 6403 
6564 6403 6482 164 165 
6565 82 83 6483 6404 
6566 6404 6483 6484 6405 
6567 6405 6484 6485 6406 
6568 6406 6485 6486 6407 
6569 6407 6486 6487 6408 
6570 6408 6487 6488 6409 
6571 6409 6488 6489 6410 
6572 6410 6489 6490 6411 
6573 6411 6490 6491 6412 
6574 6412 6491 6492 6413 
6575 6413 6492 6493 6414 
6576 6414 6493 6494 6415 
6577 6415 6494 6495 6416 
6578 6416 6495 6496 6417 
6579 6417 6496 6497 6418 
6580 6418 6497 6498 6419 
6581 6419 6498 6499 6420 
6582 6420 6499 6500 6421 
6583 6421 6500 6501 6422 
6584 6422 6501 6502 6423 
6585 6423 6502 6503 6424 
6586 6424 6503 6504 6425 
6587 6425 6504 6505 6426 
6588 6426 6505 6506 6427 
6589 6427 6506 6507 6428 
6590 6428 6507 6508 6429 
6591 6429 6508 6509 6430 
6592 6430 6509 6510 6431 
6593 6431 6510 6511 6432 
6594 6432 6511 6512 6433 
6595 6433 6512 6513 6434 
6596 6434 6513 6514 6435 
6597 6435 6514 6515 6436 
6598 6436 6515 6516 6437 
6599 6437 6516 6517 6438 
6600 6438 6517 6518 6439 
6601 6439 6518 6519 6440 
6602 6440 6519 6520 6441 
6603 6441 6520 6521 6442 
6604 6442 6521 6522 6443 
6605 6443 6522 6523 6444 
6606 6444 6523 6524 6445 
6607 6445 6524 6525 6446 
6608 6446 6525 6526 6447 
6609 6447 6526 6527 6448 
6610 6448 6527 6528 6449 
6611 6449 6528 6529 6450 
6612 6450 6529 6530 6451 
6613 6451 6530 6531 6452 
6614 6452 6531 6532 6453 
6615 6453 6532 6533 6454 
6616 6454 6533 6534 6455 
6617 6455 6534 6535 6456 
6618 6456 6535 6536 6457 
6619 6457 6536 6537 6458 
6620 6458 6537 6538 6459 
6621 6459 6538 6539 6460 
6622 6460 6539 6540 6461 
6623 6461 6540 6541 6462 
6624 6462 6541 6542 6463 
6625 6463 6542 6543 6464 
6626 6464 6543 6544 6465 
6627 6465 6544 6545 6466 
6628 6466 6545 6546 6467 
6629 6467 6546 6547 6468 
6630 6468 6547 6548 6469 
6631 6469 6548 6549 6470 
6632 6470 6549 6550 6471 
6633 6471 6550 6551 6472 
6634 6472 6551 6552 6473 
6635 6473 6552 6553 6474 
6636 6474 6553 6554 6475 
6637 6475 6554 6555 6476 
6638 6476 6555 6556 6477 
6639 6477 6556 6557 6478 
6640 6478 6557 6558 6479 
6641 6479 6558 6559 6480 
6642 6480 6559 6560 6481 
6643 6481 6560 6561 6482 
6644 6482 6561 163 164 
6645 83 2 84 6483 
6646 6483 84 85 6484 
6647 6484 85 86 6485 
6648 6485 86 87 6486 
6649 6486 87 88 6487 
6650 6487 88 89 6488 
6651 6488 89 90 6489 
6652 6489 90 91 6490 
6653 6490 91 92 6491 
6654 6491 92 93 6492 
6655 6492 93 94 6493 
6656 6493 94 95 6494 
6657 6494 95 96 6495 
6658 6495 96 97 6496 
6659 6496 97 98 6497 
6660 6497 98 99 6498 
6661 6498 99 100 6499 
6662 6499 100 101 6500 
6663 6500 101 102 6501 
6664 6501 102 103 6502 
6665 6502 103 104 6503 
6666 6503 104 105 6504 
6667 6504 105 106 6505 
6668 6505 106 107 6506 
6669 6506 107 108 6507 
6670 6507 108 109 6508 
6671 6508 109 110 6509 
6672 6509 110 111 6510 
6673 6510 111 112 6511 
6674 6511 112 113 6512 
6675 6512 113 114 6513 
6676 6513 114 115 6514 
6677 6514 115 116 6515 
6678 6515 116 117 6516 
6679 6516 117 118 6517 
6680 6517 118 119 6518 
6681 6518 119 120 6519 
6682 6519 120 121 6520 
6683 6520 121 122 6521 
6684 6521 122 123 6522 
6685 6522 123 124 6523 
6686 6523 124 125 6524 
6687 6524 125 126 6525 
6688 6525 126 127 6526 
6689 6526 127 128 6527 
6690 6527 128 129 6528 
6691 6528 129 130 6529 
6692 6529 130 131 6530 
6693 6530 131 132 6531 
6694 6531 132 133 6532 
6695 6532 133 134 6533 
6696 6533 134 135 6534 
6697 6534 135 136 6535 
6698 6535 136 137 6536 
6699 6536 137 138 6537 
6700 6537 138 139 6538 
6701 6538 139 140 6539 
6702 6539 140 141 6540 
6703 6540 141 142 6541 
6704 6541 142 143 6542 
6705 6542 143 144 6543 
6706 6543 144 145 6544 
6707 6544 145 146 6545 
6708 6545 146 147 6546 
6709 6546 147 148 6547 
6710 6547 148 149 6548 
6711 6548 149 150 6549 
6712 6549 150 151 6550 
6713 6550 151 152 6551 
6714 6551 152 153 6552 
6715 6552 153 154 6553 
6716 6553 154 155 6554 
6717 6554 155 156 6555 
6718 6555 156 157 6556 
6719 6556 157 158 6557 
6720 6557 158 159 6558 
6721 6558 159 160 6559 
6722 6559 160 161 6560 
6723 6560 161 162 6561 
6724 6561 162 3 163 
$EndElements
